ÎÑÖ;Àðõèâ;Èíäåêñ îïåðàöèè;Íàçâàíèå îïåðàöèè;Òèï ØÊ;ÊÁÏ;âèä/ ïëîùàäêà îïåðàöèè;Åäèíèöà èçìåðåíèÿ;Íîðìàòèâ â ñåêóíäàõ;Òèï îïåðàöèè
ÎÑÖ Âîðîíåæ;Âíå ïîäðàçäåëåíèé;BF 101 000 00 01;Äîêóìåíò ïðèñóòñòâîâàë âíóòðè êîðîáà ïðè ïðîâåäåíèè êîíòðîëÿ ïîëíîòû êîðîáà;;00;Ëîãèñòèêà;Äîêóìåíò;2;RUCH
ÎÑÖ Âîðîíåæ;Àðõèâ ¹1 Âîðîíåæ;BF 101 000 00 01;Äîêóìåíò ïðèñóòñòâîâàë âíóòðè êîðîáà ïðè ïðîâåäåíèè êîíòðîëÿ ïîëíîòû êîðîáà;;00;Ëîãèñòèêà;Äîêóìåíò;2;RUCH
ÎÑÖ Âîðîíåæ;Àðõèâ ¹3 Êàëèíèíãðàä;BF 101 000 00 01;Äîêóìåíò ïðèñóòñòâîâàë âíóòðè êîðîáà ïðè ïðîâåäåíèè êîíòðîëÿ ïîëíîòû êîðîáà;;00;Ëîãèñòèêà;Äîêóìåíò;0;RUCH
ÎÑÖ Âîðîíåæ;Àðõèâ ¹4 Ñàíêò-Ïåòåðáóðã;BF 101 000 00 01;Äîêóìåíò ïðèñóòñòâîâàë âíóòðè êîðîáà ïðè ïðîâåäåíèè êîíòðîëÿ ïîëíîòû êîðîáà;;00;Ëîãèñòèêà;Äîêóìåíò;0;RUCH
ÎÑÖ Ìîñêâà;Âíå ïîäðàçäåëåíèé;BF 101 000 00 01;Äîêóìåíò ïðèñóòñòâîâàë âíóòðè êîðîáà ïðè ïðîâåäåíèè êîíòðîëÿ ïîëíîòû êîðîáà;;00;Ëîãèñòèêà;Äîêóìåíò;2;RUCH
ÎÑÖ Ìîñêâà;Àðõèâ ¹1 Òîìèëèíî;BF 101 000 00 01;Äîêóìåíò ïðèñóòñòâîâàë âíóòðè êîðîáà ïðè ïðîâåäåíèè êîíòðîëÿ ïîëíîòû êîðîáà;;00;Ëîãèñòèêà;Äîêóìåíò;0;RUCH
ÎÑÖ Íèæíèé Íîâãîðîä;Âíå ïîäðàçäåëåíèé;BF 101 000 00 01;Äîêóìåíò ïðèñóòñòâîâàë âíóòðè êîðîáà ïðè ïðîâåäåíèè êîíòðîëÿ ïîëíîòû êîðîáà;;00;Ëîãèñòèêà;Äîêóìåíò;2;RUCH
ÎÑÖ Íèæíèé Íîâãîðîä;Àðõèâ ¹1 Íèæíèé Íîâãîðîä;BF 101 000 00 01;Äîêóìåíò ïðèñóòñòâîâàë âíóòðè êîðîáà ïðè ïðîâåäåíèè êîíòðîëÿ ïîëíîòû êîðîáà;;00;Ëîãèñòèêà;Äîêóìåíò;0;RUCH
ÎÑÖ Íîâîñèáèðñê;Âíå ïîäðàçäåëåíèé;BF 101 000 00 01;Äîêóìåíò ïðèñóòñòâîâàë âíóòðè êîðîáà ïðè ïðîâåäåíèè êîíòðîëÿ ïîëíîòû êîðîáà;;00;Ëîãèñòèêà;Äîêóìåíò;2;RUCH
ÎÑÖ Íîâîñèáèðñê;Àðõèâ ¹1 Íîâîñèáèðñê;BF 101 000 00 01;Äîêóìåíò ïðèñóòñòâîâàë âíóòðè êîðîáà ïðè ïðîâåäåíèè êîíòðîëÿ ïîëíîòû êîðîáà;;00;Ëîãèñòèêà;Äîêóìåíò;0;RUCH
ÎÑÖ Ñàìàðà;Âíå ïîäðàçäåëåíèé;BF 101 000 00 01;Äîêóìåíò ïðèñóòñòâîâàë âíóòðè êîðîáà ïðè ïðîâåäåíèè êîíòðîëÿ ïîëíîòû êîðîáà;;00;Ëîãèñòèêà;Äîêóìåíò;2;RUCH
ÎÑÖ Íîâîñèáèðñê;Àðõèâ ¹3 Åêàòåðèíáóðã;BF 101 000 00 01;Äîêóìåíò ïðèñóòñòâîâàë âíóòðè êîðîáà ïðè ïðîâåäåíèè êîíòðîëÿ ïîëíîòû êîðîáà;;00;Ëîãèñòèêà;Äîêóìåíò;2;RUCH
ÎÑÖ Ñàìàðà;Àðõèâ ¹1 Ñàìàðà;BF 101 000 00 01;Äîêóìåíò ïðèñóòñòâîâàë âíóòðè êîðîáà ïðè ïðîâåäåíèè êîíòðîëÿ ïîëíîòû êîðîáà;;00;Ëîãèñòèêà;Äîêóìåíò;2;RUCH
ÎÑÖ Âîðîíåæ;Âíå ïîäðàçäåëåíèé;BF 101 000 00 05;Ñøèâ ïðèñóòñòâîâàë âíóòðè êîðîáà ïðè ïðîâåäåíèè êîíòðîëÿ ïîëíîòû êîðîáà;;00;Ëîãèñòèêà;Äîêóìåíò;4,8;RUCH
ÎÑÖ Âîðîíåæ;Àðõèâ ¹1 Âîðîíåæ;BF 101 000 00 05;Ñøèâ ïðèñóòñòâîâàë âíóòðè êîðîáà ïðè ïðîâåäåíèè êîíòðîëÿ ïîëíîòû êîðîáà;;00;Ëîãèñòèêà;Äîêóìåíò;4,8;RUCH
ÎÑÖ Âîðîíåæ;Àðõèâ ¹3 Êàëèíèíãðàä;BF 101 000 00 05;Ñøèâ ïðèñóòñòâîâàë âíóòðè êîðîáà ïðè ïðîâåäåíèè êîíòðîëÿ ïîëíîòû êîðîáà;;00;Ëîãèñòèêà;Äîêóìåíò;0;RUCH
ÎÑÖ Âîðîíåæ;Àðõèâ ¹4 Ñàíêò-Ïåòåðáóðã;BF 101 000 00 05;Ñøèâ ïðèñóòñòâîâàë âíóòðè êîðîáà ïðè ïðîâåäåíèè êîíòðîëÿ ïîëíîòû êîðîáà;;00;Ëîãèñòèêà;Äîêóìåíò;0;RUCH
ÎÑÖ Ìîñêâà;Âíå ïîäðàçäåëåíèé;BF 101 000 00 05;Ñøèâ ïðèñóòñòâîâàë âíóòðè êîðîáà ïðè ïðîâåäåíèè êîíòðîëÿ ïîëíîòû êîðîáà;;00;Ëîãèñòèêà;Äîêóìåíò;4,8;RUCH
ÎÑÖ Ìîñêâà;Àðõèâ ¹1 Òîìèëèíî;BF 101 000 00 05;Ñøèâ ïðèñóòñòâîâàë âíóòðè êîðîáà ïðè ïðîâåäåíèè êîíòðîëÿ ïîëíîòû êîðîáà;;00;Ëîãèñòèêà;Äîêóìåíò;0;RUCH
ÎÑÖ Íèæíèé Íîâãîðîä;Âíå ïîäðàçäåëåíèé;BF 101 000 00 05;Ñøèâ ïðèñóòñòâîâàë âíóòðè êîðîáà ïðè ïðîâåäåíèè êîíòðîëÿ ïîëíîòû êîðîáà;;00;Ëîãèñòèêà;Äîêóìåíò;4,8;RUCH
ÎÑÖ Íèæíèé Íîâãîðîä;Àðõèâ ¹1 Íèæíèé Íîâãîðîä;BF 101 000 00 05;Ñøèâ ïðèñóòñòâîâàë âíóòðè êîðîáà ïðè ïðîâåäåíèè êîíòðîëÿ ïîëíîòû êîðîáà;;00;Ëîãèñòèêà;Äîêóìåíò;0;RUCH
ÎÑÖ Íîâîñèáèðñê;Âíå ïîäðàçäåëåíèé;BF 101 000 00 05;Ñøèâ ïðèñóòñòâîâàë âíóòðè êîðîáà ïðè ïðîâåäåíèè êîíòðîëÿ ïîëíîòû êîðîáà;;00;Ëîãèñòèêà;Äîêóìåíò;4,8;RUCH
ÎÑÖ Íîâîñèáèðñê;Àðõèâ ¹1 Íîâîñèáèðñê;BF 101 000 00 05;Ñøèâ ïðèñóòñòâîâàë âíóòðè êîðîáà ïðè ïðîâåäåíèè êîíòðîëÿ ïîëíîòû êîðîáà;;00;Ëîãèñòèêà;Äîêóìåíò;0;RUCH
ÎÑÖ Ñàìàðà;Âíå ïîäðàçäåëåíèé;BF 101 000 00 05;Ñøèâ ïðèñóòñòâîâàë âíóòðè êîðîáà ïðè ïðîâåäåíèè êîíòðîëÿ ïîëíîòû êîðîáà;;00;Ëîãèñòèêà;Äîêóìåíò;4,8;RUCH
ÎÑÖ Íîâîñèáèðñê;Àðõèâ ¹3 Åêàòåðèíáóðã;BF 101 000 00 05;Ñøèâ ïðèñóòñòâîâàë âíóòðè êîðîáà ïðè ïðîâåäåíèè êîíòðîëÿ ïîëíîòû êîðîáà;;00;Ëîãèñòèêà;Äîêóìåíò;4;RUCH
ÎÑÖ Ñàìàðà;Àðõèâ ¹1 Ñàìàðà;BF 101 000 00 05;Ñøèâ ïðèñóòñòâîâàë âíóòðè êîðîáà ïðè ïðîâåäåíèè êîíòðîëÿ ïîëíîòû êîðîáà;;00;Ëîãèñòèêà;Äîêóìåíò;3,8;RUCH
ÎÑÖ Âîðîíåæ;Âíå ïîäðàçäåëåíèé;NO 001 006 00 00;Ïîäãîòîâêà/ó÷àñòèå â ïîäãîòîâêå äîãîâîðà âíåñåíèå èçìåíåíèÿ â äîãîâîð êîíòðîëü çà âûïîëíåíèåì óñëîâèé äîãîâîðà ïðåòåíçèîííàÿ ðàáîòà ñ êîíòðàãåíòîì;-;00;Íåïðîèçâîäñòâåííûå;ìèíóòà;60;RUCH
ÎÑÖ Âîðîíåæ;Àðõèâ ¹1 Âîðîíåæ;NO 001 006 00 00;Ïîäãîòîâêà/ó÷àñòèå â ïîäãîòîâêå äîãîâîðà âíåñåíèå èçìåíåíèÿ â äîãîâîð êîíòðîëü çà âûïîëíåíèåì óñëîâèé äîãîâîðà ïðåòåíçèîííàÿ ðàáîòà ñ êîíòðàãåíòîì;-;00;Íåïðîèçâîäñòâåííûå;ìèíóòà;60;RUCH
ÎÑÖ Âîðîíåæ;Àðõèâ ¹2 Ñòàâðîïîëü;NO 001 006 00 00;Ïîäãîòîâêà/ó÷àñòèå â ïîäãîòîâêå äîãîâîðà âíåñåíèå èçìåíåíèÿ â äîãîâîð êîíòðîëü çà âûïîëíåíèåì óñëîâèé äîãîâîðà ïðåòåíçèîííàÿ ðàáîòà ñ êîíòðàãåíòîì;-;00;Íåïðîèçâîäñòâåííûå;ìèíóòà;60;RUCH
ÎÑÖ Âîðîíåæ;Àðõèâ ¹3 Êàëèíèíãðàä;NO 001 006 00 00;Ïîäãîòîâêà/ó÷àñòèå â ïîäãîòîâêå äîãîâîðà âíåñåíèå èçìåíåíèÿ â äîãîâîð êîíòðîëü çà âûïîëíåíèåì óñëîâèé äîãîâîðà ïðåòåíçèîííàÿ ðàáîòà ñ êîíòðàãåíòîì;-;00;Íåïðîèçâîäñòâåííûå;ìèíóòà;60;RUCH
ÎÑÖ Âîðîíåæ;Àðõèâ ¹4 Ñàíêò-Ïåòåðáóðã;NO 001 006 00 00;Ïîäãîòîâêà/ó÷àñòèå â ïîäãîòîâêå äîãîâîðà âíåñåíèå èçìåíåíèÿ â äîãîâîð êîíòðîëü çà âûïîëíåíèåì óñëîâèé äîãîâîðà ïðåòåíçèîííàÿ ðàáîòà ñ êîíòðàãåíòîì;-;00;Íåïðîèçâîäñòâåííûå;ìèíóòà;60;RUCH
ÎÑÖ Ìîñêâà;Âíå ïîäðàçäåëåíèé;NO 001 006 00 00;Ïîäãîòîâêà/ó÷àñòèå â ïîäãîòîâêå äîãîâîðà âíåñåíèå èçìåíåíèÿ â äîãîâîð êîíòðîëü çà âûïîëíåíèåì óñëîâèé äîãîâîðà ïðåòåíçèîííàÿ ðàáîòà ñ êîíòðàãåíòîì;-;00;Íåïðîèçâîäñòâåííûå;ìèíóòà;60;RUCH
ÎÑÖ Ìîñêâà;Àðõèâ ¹1 Òîìèëèíî;NO 001 006 00 00;Ïîäãîòîâêà/ó÷àñòèå â ïîäãîòîâêå äîãîâîðà âíåñåíèå èçìåíåíèÿ â äîãîâîð êîíòðîëü çà âûïîëíåíèåì óñëîâèé äîãîâîðà ïðåòåíçèîííàÿ ðàáîòà ñ êîíòðàãåíòîì;-;00;Íåïðîèçâîäñòâåííûå;ìèíóòà;60;RUCH
ÎÑÖ Íèæíèé Íîâãîðîä;Âíå ïîäðàçäåëåíèé;NO 001 006 00 00;Ïîäãîòîâêà/ó÷àñòèå â ïîäãîòîâêå äîãîâîðà âíåñåíèå èçìåíåíèÿ â äîãîâîð êîíòðîëü çà âûïîëíåíèåì óñëîâèé äîãîâîðà ïðåòåíçèîííàÿ ðàáîòà ñ êîíòðàãåíòîì;-;00;Íåïðîèçâîäñòâåííûå;ìèíóòà;60;RUCH
ÎÑÖ Íèæíèé Íîâãîðîä;Àðõèâ ¹1 Íèæíèé Íîâãîðîä;NO 001 006 00 00;Ïîäãîòîâêà/ó÷àñòèå â ïîäãîòîâêå äîãîâîðà âíåñåíèå èçìåíåíèÿ â äîãîâîð êîíòðîëü çà âûïîëíåíèåì óñëîâèé äîãîâîðà ïðåòåíçèîííàÿ ðàáîòà ñ êîíòðàãåíòîì;-;00;Íåïðîèçâîäñòâåííûå;ìèíóòà;60;RUCH
ÎÑÖ Íîâîñèáèðñê;Âíå ïîäðàçäåëåíèé;NO 001 006 00 00;Ïîäãîòîâêà/ó÷àñòèå â ïîäãîòîâêå äîãîâîðà âíåñåíèå èçìåíåíèÿ â äîãîâîð êîíòðîëü çà âûïîëíåíèåì óñëîâèé äîãîâîðà ïðåòåíçèîííàÿ ðàáîòà ñ êîíòðàãåíòîì;-;00;Íåïðîèçâîäñòâåííûå;ìèíóòà;60;RUCH
ÎÑÖ Íîâîñèáèðñê;Àðõèâ ¹1 Íîâîñèáèðñê;NO 001 006 00 00;Ïîäãîòîâêà/ó÷àñòèå â ïîäãîòîâêå äîãîâîðà âíåñåíèå èçìåíåíèÿ â äîãîâîð êîíòðîëü çà âûïîëíåíèåì óñëîâèé äîãîâîðà ïðåòåíçèîííàÿ ðàáîòà ñ êîíòðàãåíòîì;-;00;Íåïðîèçâîäñòâåííûå;ìèíóòà;60;RUCH
ÎÑÖ Ñàìàðà;Âíå ïîäðàçäåëåíèé;NO 001 006 00 00;Ïîäãîòîâêà/ó÷àñòèå â ïîäãîòîâêå äîãîâîðà âíåñåíèå èçìåíåíèÿ â äîãîâîð êîíòðîëü çà âûïîëíåíèåì óñëîâèé äîãîâîðà ïðåòåíçèîííàÿ ðàáîòà ñ êîíòðàãåíòîì;-;00;Íåïðîèçâîäñòâåííûå;ìèíóòà;60;RUCH
ÎÑÖ Íîâîñèáèðñê;Àðõèâ ¹3 Åêàòåðèíáóðã;NO 001 006 00 00;Ïîäãîòîâêà/ó÷àñòèå â ïîäãîòîâêå äîãîâîðà âíåñåíèå èçìåíåíèÿ â äîãîâîð êîíòðîëü çà âûïîëíåíèåì óñëîâèé äîãîâîðà ïðåòåíçèîííàÿ ðàáîòà ñ êîíòðàãåíòîì;-;00;Íåïðîèçâîäñòâåííûå;ìèíóòà;60;RUCH
ÎÑÖ Ñàìàðà;Àðõèâ ¹1 Ñàìàðà;NO 001 006 00 00;Ïîäãîòîâêà/ó÷àñòèå â ïîäãîòîâêå äîãîâîðà âíåñåíèå èçìåíåíèÿ â äîãîâîð êîíòðîëü çà âûïîëíåíèåì óñëîâèé äîãîâîðà ïðåòåíçèîííàÿ ðàáîòà ñ êîíòðàãåíòîì;-;00;Íåïðîèçâîäñòâåííûå;ìèíóòà;60;RUCH
ÎÑÖ Âîðîíåæ;Âíå ïîäðàçäåëåíèé;NO 003 001 00 00;Ðàçðàáîòêà/àêòóàëèçàöèÿ ÎÐÄ ÑÎÏ ÑÇ;-;00;Íåïðîèçâîäñòâåííûå;ìèíóòà;60;RUCH
ÎÑÖ Âîðîíåæ;Àðõèâ ¹1 Âîðîíåæ;NO 003 001 00 00;Ðàçðàáîòêà/àêòóàëèçàöèÿ ÎÐÄ ÑÎÏ ÑÇ;-;00;Íåïðîèçâîäñòâåííûå;ìèíóòà;60;RUCH
ÎÑÖ Âîðîíåæ;Àðõèâ ¹2 Ñòàâðîïîëü;NO 003 001 00 00;Ðàçðàáîòêà/àêòóàëèçàöèÿ ÎÐÄ ÑÎÏ ÑÇ;-;00;Íåïðîèçâîäñòâåííûå;ìèíóòà;60;RUCH
ÎÑÖ Âîðîíåæ;Àðõèâ ¹3 Êàëèíèíãðàä;NO 003 001 00 00;Ðàçðàáîòêà/àêòóàëèçàöèÿ ÎÐÄ ÑÎÏ ÑÇ;-;00;Íåïðîèçâîäñòâåííûå;ìèíóòà;60;RUCH
ÎÑÖ Âîðîíåæ;Àðõèâ ¹4 Ñàíêò-Ïåòåðáóðã;NO 003 001 00 00;Ðàçðàáîòêà/àêòóàëèçàöèÿ ÎÐÄ ÑÎÏ ÑÇ;-;00;Íåïðîèçâîäñòâåííûå;ìèíóòà;60;RUCH
ÎÑÖ Ìîñêâà;Âíå ïîäðàçäåëåíèé;NO 003 001 00 00;Ðàçðàáîòêà/àêòóàëèçàöèÿ ÎÐÄ ÑÎÏ ÑÇ;-;00;Íåïðîèçâîäñòâåííûå;ìèíóòà;60;RUCH
ÎÑÖ Ìîñêâà;Àðõèâ ¹1 Òîìèëèíî;NO 003 001 00 00;Ðàçðàáîòêà/àêòóàëèçàöèÿ ÎÐÄ ÑÎÏ ÑÇ;-;00;Íåïðîèçâîäñòâåííûå;ìèíóòà;60;RUCH
ÎÑÖ Íèæíèé Íîâãîðîä;Âíå ïîäðàçäåëåíèé;NO 003 001 00 00;Ðàçðàáîòêà/àêòóàëèçàöèÿ ÎÐÄ ÑÎÏ ÑÇ;-;00;Íåïðîèçâîäñòâåííûå;ìèíóòà;60;RUCH
ÎÑÖ Íèæíèé Íîâãîðîä;Àðõèâ ¹1 Íèæíèé Íîâãîðîä;NO 003 001 00 00;Ðàçðàáîòêà/àêòóàëèçàöèÿ ÎÐÄ ÑÎÏ ÑÇ;-;00;Íåïðîèçâîäñòâåííûå;ìèíóòà;60;RUCH
ÎÑÖ Íîâîñèáèðñê;Âíå ïîäðàçäåëåíèé;NO 003 001 00 00;Ðàçðàáîòêà/àêòóàëèçàöèÿ ÎÐÄ ÑÎÏ ÑÇ;-;00;Íåïðîèçâîäñòâåííûå;ìèíóòà;60;RUCH
ÎÑÖ Íîâîñèáèðñê;Àðõèâ ¹1 Íîâîñèáèðñê;NO 003 001 00 00;Ðàçðàáîòêà/àêòóàëèçàöèÿ ÎÐÄ ÑÎÏ ÑÇ;-;00;Íåïðîèçâîäñòâåííûå;ìèíóòà;60;RUCH
ÎÑÖ Ñàìàðà;Âíå ïîäðàçäåëåíèé;NO 003 001 00 00;Ðàçðàáîòêà/àêòóàëèçàöèÿ ÎÐÄ ÑÎÏ ÑÇ;-;00;Íåïðîèçâîäñòâåííûå;ìèíóòà;60;RUCH
ÎÑÖ Íîâîñèáèðñê;Àðõèâ ¹3 Åêàòåðèíáóðã;NO 003 001 00 00;Ðàçðàáîòêà/àêòóàëèçàöèÿ ÎÐÄ ÑÎÏ ÑÇ;-;00;Íåïðîèçâîäñòâåííûå;ìèíóòà;60;RUCH
ÎÑÖ Ñàìàðà;Àðõèâ ¹1 Ñàìàðà;NO 003 001 00 00;Ðàçðàáîòêà/àêòóàëèçàöèÿ ÎÐÄ ÑÎÏ ÑÇ;-;00;Íåïðîèçâîäñòâåííûå;ìèíóòà;60;RUCH
ÎÑÖ Âîðîíåæ;Âíå ïîäðàçäåëåíèé;NO 003 002 00 00;Ðàáîòà â ÑÝÎÄÎ;-;00;Íåïðîèçâîäñòâåííûå;ìèíóòà;60;RUCH
ÎÑÖ Âîðîíåæ;Àðõèâ ¹1 Âîðîíåæ;NO 003 002 00 00;Ðàáîòà â ÑÝÎÄÎ;-;00;Íåïðîèçâîäñòâåííûå;ìèíóòà;60;RUCH
ÎÑÖ Âîðîíåæ;Àðõèâ ¹2 Ñòàâðîïîëü;NO 003 002 00 00;Ðàáîòà â ÑÝÎÄÎ;-;00;Íåïðîèçâîäñòâåííûå;ìèíóòà;60;RUCH
ÎÑÖ Âîðîíåæ;Àðõèâ ¹3 Êàëèíèíãðàä;NO 003 002 00 00;Ðàáîòà â ÑÝÎÄÎ;-;00;Íåïðîèçâîäñòâåííûå;ìèíóòà;60;RUCH
ÎÑÖ Âîðîíåæ;Àðõèâ ¹4 Ñàíêò-Ïåòåðáóðã;NO 003 002 00 00;Ðàáîòà â ÑÝÎÄÎ;-;00;Íåïðîèçâîäñòâåííûå;ìèíóòà;60;RUCH
ÎÑÖ Ìîñêâà;Âíå ïîäðàçäåëåíèé;NO 003 002 00 00;Ðàáîòà â ÑÝÎÄÎ;-;00;Íåïðîèçâîäñòâåííûå;ìèíóòà;60;RUCH
ÎÑÖ Ìîñêâà;Àðõèâ ¹1 Òîìèëèíî;NO 003 002 00 00;Ðàáîòà â ÑÝÎÄÎ;-;00;Íåïðîèçâîäñòâåííûå;ìèíóòà;60;RUCH
ÎÑÖ Íèæíèé Íîâãîðîä;Âíå ïîäðàçäåëåíèé;NO 003 002 00 00;Ðàáîòà â ÑÝÎÄÎ;-;00;Íåïðîèçâîäñòâåííûå;ìèíóòà;60;RUCH
ÎÑÖ Íèæíèé Íîâãîðîä;Àðõèâ ¹1 Íèæíèé Íîâãîðîä;NO 003 002 00 00;Ðàáîòà â ÑÝÎÄÎ;-;00;Íåïðîèçâîäñòâåííûå;ìèíóòà;60;RUCH
ÎÑÖ Íîâîñèáèðñê;Âíå ïîäðàçäåëåíèé;NO 003 002 00 00;Ðàáîòà â ÑÝÎÄÎ;-;00;Íåïðîèçâîäñòâåííûå;ìèíóòà;60;RUCH
ÎÑÖ Íîâîñèáèðñê;Àðõèâ ¹1 Íîâîñèáèðñê;NO 003 002 00 00;Ðàáîòà â ÑÝÎÄÎ;-;00;Íåïðîèçâîäñòâåííûå;ìèíóòà;60;RUCH
ÎÑÖ Ñàìàðà;Âíå ïîäðàçäåëåíèé;NO 003 002 00 00;Ðàáîòà â ÑÝÎÄÎ;-;00;Íåïðîèçâîäñòâåííûå;ìèíóòà;60;RUCH
ÎÑÖ Íîâîñèáèðñê;Àðõèâ ¹3 Åêàòåðèíáóðã;NO 003 002 00 00;Ðàáîòà â ÑÝÎÄÎ;-;00;Íåïðîèçâîäñòâåííûå;ìèíóòà;60;RUCH
ÎÑÖ Ñàìàðà;Àðõèâ ¹1 Ñàìàðà;NO 003 002 00 00;Ðàáîòà â ÑÝÎÄÎ;-;00;Íåïðîèçâîäñòâåííûå;ìèíóòà;60;RUCH
ÎÑÖ Âîðîíåæ;Âíå ïîäðàçäåëåíèé;NO 003 004 00 00;Ðàáîòà â MS OUTLOOK;-;00;Íåïðîèçâîäñòâåííûå;ìèíóòà;60;RUCH
ÎÑÖ Âîðîíåæ;Àðõèâ ¹1 Âîðîíåæ;NO 003 004 00 00;Ðàáîòà â MS OUTLOOK;-;00;Íåïðîèçâîäñòâåííûå;ìèíóòà;60;RUCH
ÎÑÖ Âîðîíåæ;Àðõèâ ¹2 Ñòàâðîïîëü;NO 003 004 00 00;Ðàáîòà â MS OUTLOOK;-;00;Íåïðîèçâîäñòâåííûå;ìèíóòà;60;RUCH
ÎÑÖ Âîðîíåæ;Àðõèâ ¹3 Êàëèíèíãðàä;NO 003 004 00 00;Ðàáîòà â MS OUTLOOK;-;00;Íåïðîèçâîäñòâåííûå;ìèíóòà;60;RUCH
ÎÑÖ Âîðîíåæ;Àðõèâ ¹4 Ñàíêò-Ïåòåðáóðã;NO 003 004 00 00;Ðàáîòà â MS OUTLOOK;-;00;Íåïðîèçâîäñòâåííûå;ìèíóòà;60;RUCH
ÎÑÖ Ìîñêâà;Âíå ïîäðàçäåëåíèé;NO 003 004 00 00;Ðàáîòà â MS OUTLOOK;-;00;Íåïðîèçâîäñòâåííûå;ìèíóòà;60;RUCH
ÎÑÖ Ìîñêâà;Àðõèâ ¹1 Òîìèëèíî;NO 003 004 00 00;Ðàáîòà â MS OUTLOOK;-;00;Íåïðîèçâîäñòâåííûå;ìèíóòà;60;RUCH
ÎÑÖ Íèæíèé Íîâãîðîä;Âíå ïîäðàçäåëåíèé;NO 003 004 00 00;Ðàáîòà â MS OUTLOOK;-;00;Íåïðîèçâîäñòâåííûå;ìèíóòà;60;RUCH
ÎÑÖ Íèæíèé Íîâãîðîä;Àðõèâ ¹1 Íèæíèé Íîâãîðîä;NO 003 004 00 00;Ðàáîòà â MS OUTLOOK;-;00;Íåïðîèçâîäñòâåííûå;ìèíóòà;60;RUCH
ÎÑÖ Íîâîñèáèðñê;Âíå ïîäðàçäåëåíèé;NO 003 004 00 00;Ðàáîòà â MS OUTLOOK;-;00;Íåïðîèçâîäñòâåííûå;ìèíóòà;60;RUCH
ÎÑÖ Íîâîñèáèðñê;Àðõèâ ¹1 Íîâîñèáèðñê;NO 003 004 00 00;Ðàáîòà â MS OUTLOOK;-;00;Íåïðîèçâîäñòâåííûå;ìèíóòà;60;RUCH
ÎÑÖ Ñàìàðà;Âíå ïîäðàçäåëåíèé;NO 003 004 00 00;Ðàáîòà â MS OUTLOOK;-;00;Íåïðîèçâîäñòâåííûå;ìèíóòà;60;RUCH
ÎÑÖ Íîâîñèáèðñê;Àðõèâ ¹3 Åêàòåðèíáóðã;NO 003 004 00 00;Ðàáîòà â MS OUTLOOK;-;00;Íåïðîèçâîäñòâåííûå;ìèíóòà;60;RUCH
ÎÑÖ Ñàìàðà;Àðõèâ ¹1 Ñàìàðà;NO 003 004 00 00;Ðàáîòà â MS OUTLOOK;-;00;Íåïðîèçâîäñòâåííûå;ìèíóòà;60;RUCH
ÎÑÖ Âîðîíåæ;Âíå ïîäðàçäåëåíèé;NO 003 005 00 00;Èçó÷åíèå íîðìàòèâíîé áàçû îáó÷åíèå è êîíòðîëü çíàíèé ñîòðóäíèêîâ.;-;00;Íåïðîèçâîäñòâåííûå;ìèíóòà;60;RUCH
ÎÑÖ Âîðîíåæ;Àðõèâ ¹1 Âîðîíåæ;NO 003 005 00 00;Èçó÷åíèå íîðìàòèâíîé áàçû îáó÷åíèå è êîíòðîëü çíàíèé ñîòðóäíèêîâ.;-;00;Íåïðîèçâîäñòâåííûå;ìèíóòà;60;RUCH
ÎÑÖ Âîðîíåæ;Àðõèâ ¹2 Ñòàâðîïîëü;NO 003 005 00 00;Èçó÷åíèå íîðìàòèâíîé áàçû îáó÷åíèå è êîíòðîëü çíàíèé ñîòðóäíèêîâ.;-;00;Íåïðîèçâîäñòâåííûå;ìèíóòà;60;RUCH
ÎÑÖ Âîðîíåæ;Àðõèâ ¹3 Êàëèíèíãðàä;NO 003 005 00 00;Èçó÷åíèå íîðìàòèâíîé áàçû îáó÷åíèå è êîíòðîëü çíàíèé ñîòðóäíèêîâ.;-;00;Íåïðîèçâîäñòâåííûå;ìèíóòà;60;RUCH
ÎÑÖ Âîðîíåæ;Àðõèâ ¹4 Ñàíêò-Ïåòåðáóðã;NO 003 005 00 00;Èçó÷åíèå íîðìàòèâíîé áàçû îáó÷åíèå è êîíòðîëü çíàíèé ñîòðóäíèêîâ.;-;00;Íåïðîèçâîäñòâåííûå;ìèíóòà;60;RUCH
ÎÑÖ Ìîñêâà;Âíå ïîäðàçäåëåíèé;NO 003 005 00 00;Èçó÷åíèå íîðìàòèâíîé áàçû îáó÷åíèå è êîíòðîëü çíàíèé ñîòðóäíèêîâ.;-;00;Íåïðîèçâîäñòâåííûå;ìèíóòà;60;RUCH
ÎÑÖ Ìîñêâà;Àðõèâ ¹1 Òîìèëèíî;NO 003 005 00 00;Èçó÷åíèå íîðìàòèâíîé áàçû îáó÷åíèå è êîíòðîëü çíàíèé ñîòðóäíèêîâ.;-;00;Íåïðîèçâîäñòâåííûå;ìèíóòà;60;RUCH
ÎÑÖ Íèæíèé Íîâãîðîä;Âíå ïîäðàçäåëåíèé;NO 003 005 00 00;Èçó÷åíèå íîðìàòèâíîé áàçû îáó÷åíèå è êîíòðîëü çíàíèé ñîòðóäíèêîâ.;-;00;Íåïðîèçâîäñòâåííûå;ìèíóòà;60;RUCH
ÎÑÖ Íèæíèé Íîâãîðîä;Àðõèâ ¹1 Íèæíèé Íîâãîðîä;NO 003 005 00 00;Èçó÷åíèå íîðìàòèâíîé áàçû îáó÷åíèå è êîíòðîëü çíàíèé ñîòðóäíèêîâ.;-;00;Íåïðîèçâîäñòâåííûå;ìèíóòà;60;RUCH
ÎÑÖ Íîâîñèáèðñê;Âíå ïîäðàçäåëåíèé;NO 003 005 00 00;Èçó÷åíèå íîðìàòèâíîé áàçû îáó÷åíèå è êîíòðîëü çíàíèé ñîòðóäíèêîâ.;-;00;Íåïðîèçâîäñòâåííûå;ìèíóòà;60;RUCH
ÎÑÖ Íîâîñèáèðñê;Àðõèâ ¹1 Íîâîñèáèðñê;NO 003 005 00 00;Èçó÷åíèå íîðìàòèâíîé áàçû îáó÷åíèå è êîíòðîëü çíàíèé ñîòðóäíèêîâ.;-;00;Íåïðîèçâîäñòâåííûå;ìèíóòà;60;RUCH
ÎÑÖ Ñàìàðà;Âíå ïîäðàçäåëåíèé;NO 003 005 00 00;Èçó÷åíèå íîðìàòèâíîé áàçû îáó÷åíèå è êîíòðîëü çíàíèé ñîòðóäíèêîâ.;-;00;Íåïðîèçâîäñòâåííûå;ìèíóòà;60;RUCH
ÎÑÖ Íîâîñèáèðñê;Àðõèâ ¹3 Åêàòåðèíáóðã;NO 003 005 00 00;Èçó÷åíèå íîðìàòèâíîé áàçû îáó÷åíèå è êîíòðîëü çíàíèé ñîòðóäíèêîâ.;-;00;Íåïðîèçâîäñòâåííûå;ìèíóòà;60;RUCH
ÎÑÖ Ñàìàðà;Àðõèâ ¹1 Ñàìàðà;NO 003 005 00 00;Èçó÷åíèå íîðìàòèâíîé áàçû îáó÷åíèå è êîíòðîëü çíàíèé ñîòðóäíèêîâ.;-;00;Íåïðîèçâîäñòâåííûå;ìèíóòà;60;RUCH
ÎÑÖ Âîðîíåæ;Âíå ïîäðàçäåëåíèé;NO 005 003 00 00;Ðàáîòà ñ êàíàëàìè êîììóíèêàöèè (Ñáåð×àò| Ñîîáùåñòâà ÑáåðÄðóã| Èíôîðìàöèîííûå ýêðàíû è ò.ä.) (êîíòåíò ðåäàêòîð);-;00;Íåïðîèçâîäñòâåííûå;ìèíóòà;60;RUCH
ÎÑÖ Âîðîíåæ;Àðõèâ ¹1 Âîðîíåæ;NO 005 003 00 00;Ðàáîòà ñ êàíàëàìè êîììóíèêàöèè (Ñáåð×àò| Ñîîáùåñòâà ÑáåðÄðóã| Èíôîðìàöèîííûå ýêðàíû è ò.ä.) (êîíòåíò ðåäàêòîð);-;00;Íåïðîèçâîäñòâåííûå;ìèíóòà;60;RUCH
ÎÑÖ Âîðîíåæ;Àðõèâ ¹2 Ñòàâðîïîëü;NO 005 003 00 00;Ðàáîòà ñ êàíàëàìè êîììóíèêàöèè (Ñáåð×àò| Ñîîáùåñòâà ÑáåðÄðóã| Èíôîðìàöèîííûå ýêðàíû è ò.ä.) (êîíòåíò ðåäàêòîð);-;00;Íåïðîèçâîäñòâåííûå;ìèíóòà;60;RUCH
ÎÑÖ Âîðîíåæ;Àðõèâ ¹3 Êàëèíèíãðàä;NO 005 003 00 00;Ðàáîòà ñ êàíàëàìè êîììóíèêàöèè (Ñáåð×àò| Ñîîáùåñòâà ÑáåðÄðóã| Èíôîðìàöèîííûå ýêðàíû è ò.ä.) (êîíòåíò ðåäàêòîð);-;00;Íåïðîèçâîäñòâåííûå;ìèíóòà;60;RUCH
ÎÑÖ Âîðîíåæ;Àðõèâ ¹4 Ñàíêò-Ïåòåðáóðã;NO 005 003 00 00;Ðàáîòà ñ êàíàëàìè êîììóíèêàöèè (Ñáåð×àò| Ñîîáùåñòâà ÑáåðÄðóã| Èíôîðìàöèîííûå ýêðàíû è ò.ä.) (êîíòåíò ðåäàêòîð);-;00;Íåïðîèçâîäñòâåííûå;ìèíóòà;60;RUCH
ÎÑÖ Ìîñêâà;Âíå ïîäðàçäåëåíèé;NO 005 003 00 00;Ðàáîòà ñ êàíàëàìè êîììóíèêàöèè (Ñáåð×àò| Ñîîáùåñòâà ÑáåðÄðóã| Èíôîðìàöèîííûå ýêðàíû è ò.ä.) (êîíòåíò ðåäàêòîð);-;00;Íåïðîèçâîäñòâåííûå;ìèíóòà;60;RUCH
ÎÑÖ Ìîñêâà;Àðõèâ ¹1 Òîìèëèíî;NO 005 003 00 00;Ðàáîòà ñ êàíàëàìè êîììóíèêàöèè (Ñáåð×àò| Ñîîáùåñòâà ÑáåðÄðóã| Èíôîðìàöèîííûå ýêðàíû è ò.ä.) (êîíòåíò ðåäàêòîð);-;00;Íåïðîèçâîäñòâåííûå;ìèíóòà;60;RUCH
ÎÑÖ Íèæíèé Íîâãîðîä;Âíå ïîäðàçäåëåíèé;NO 005 003 00 00;Ðàáîòà ñ êàíàëàìè êîììóíèêàöèè (Ñáåð×àò| Ñîîáùåñòâà ÑáåðÄðóã| Èíôîðìàöèîííûå ýêðàíû è ò.ä.) (êîíòåíò ðåäàêòîð);-;00;Íåïðîèçâîäñòâåííûå;ìèíóòà;60;RUCH
ÎÑÖ Íèæíèé Íîâãîðîä;Àðõèâ ¹1 Íèæíèé Íîâãîðîä;NO 005 003 00 00;Ðàáîòà ñ êàíàëàìè êîììóíèêàöèè (Ñáåð×àò| Ñîîáùåñòâà ÑáåðÄðóã| Èíôîðìàöèîííûå ýêðàíû è ò.ä.) (êîíòåíò ðåäàêòîð);-;00;Íåïðîèçâîäñòâåííûå;ìèíóòà;60;RUCH
ÎÑÖ Íîâîñèáèðñê;Âíå ïîäðàçäåëåíèé;NO 005 003 00 00;Ðàáîòà ñ êàíàëàìè êîììóíèêàöèè (Ñáåð×àò| Ñîîáùåñòâà ÑáåðÄðóã| Èíôîðìàöèîííûå ýêðàíû è ò.ä.) (êîíòåíò ðåäàêòîð);-;00;Íåïðîèçâîäñòâåííûå;ìèíóòà;60;RUCH
ÎÑÖ Íîâîñèáèðñê;Àðõèâ ¹1 Íîâîñèáèðñê;NO 005 003 00 00;Ðàáîòà ñ êàíàëàìè êîììóíèêàöèè (Ñáåð×àò| Ñîîáùåñòâà ÑáåðÄðóã| Èíôîðìàöèîííûå ýêðàíû è ò.ä.) (êîíòåíò ðåäàêòîð);-;00;Íåïðîèçâîäñòâåííûå;ìèíóòà;60;RUCH
ÎÑÖ Ñàìàðà;Âíå ïîäðàçäåëåíèé;NO 005 003 00 00;Ðàáîòà ñ êàíàëàìè êîììóíèêàöèè (Ñáåð×àò| Ñîîáùåñòâà ÑáåðÄðóã| Èíôîðìàöèîííûå ýêðàíû è ò.ä.) (êîíòåíò ðåäàêòîð);-;00;Íåïðîèçâîäñòâåííûå;ìèíóòà;60;RUCH
ÎÑÖ Íîâîñèáèðñê;Àðõèâ ¹3 Åêàòåðèíáóðã;NO 005 003 00 00;Ðàáîòà ñ êàíàëàìè êîììóíèêàöèè (Ñáåð×àò| Ñîîáùåñòâà ÑáåðÄðóã| Èíôîðìàöèîííûå ýêðàíû è ò.ä.) (êîíòåíò ðåäàêòîð);-;00;Íåïðîèçâîäñòâåííûå;ìèíóòà;60;RUCH
ÎÑÖ Ñàìàðà;Àðõèâ ¹1 Ñàìàðà;NO 005 003 00 00;Ðàáîòà ñ êàíàëàìè êîììóíèêàöèè (Ñáåð×àò| Ñîîáùåñòâà ÑáåðÄðóã| Èíôîðìàöèîííûå ýêðàíû è ò.ä.) (êîíòåíò ðåäàêòîð);-;00;Íåïðîèçâîäñòâåííûå;ìèíóòà;60;RUCH
ÎÑÖ Âîðîíåæ;Âíå ïîäðàçäåëåíèé;NO 006 005 00 00;Îöåíêà ïî ñèñòåìå 5+;-;00;Íåïðîèçâîäñòâåííûå;ìèíóòà;60;RUCH
ÎÑÖ Âîðîíåæ;Àðõèâ ¹1 Âîðîíåæ;NO 006 005 00 00;Îöåíêà ïî ñèñòåìå 5+;-;00;Íåïðîèçâîäñòâåííûå;ìèíóòà;60;RUCH
ÎÑÖ Âîðîíåæ;Àðõèâ ¹2 Ñòàâðîïîëü;NO 006 005 00 00;Îöåíêà ïî ñèñòåìå 5+;-;00;Íåïðîèçâîäñòâåííûå;ìèíóòà;60;RUCH
ÎÑÖ Âîðîíåæ;Àðõèâ ¹3 Êàëèíèíãðàä;NO 006 005 00 00;Îöåíêà ïî ñèñòåìå 5+;-;00;Íåïðîèçâîäñòâåííûå;ìèíóòà;60;RUCH
ÎÑÖ Âîðîíåæ;Àðõèâ ¹4 Ñàíêò-Ïåòåðáóðã;NO 006 005 00 00;Îöåíêà ïî ñèñòåìå 5+;-;00;Íåïðîèçâîäñòâåííûå;ìèíóòà;60;RUCH
ÎÑÖ Ìîñêâà;Âíå ïîäðàçäåëåíèé;NO 006 005 00 00;Îöåíêà ïî ñèñòåìå 5+;-;00;Íåïðîèçâîäñòâåííûå;ìèíóòà;60;RUCH
ÎÑÖ Ìîñêâà;Àðõèâ ¹1 Òîìèëèíî;NO 006 005 00 00;Îöåíêà ïî ñèñòåìå 5+;-;00;Íåïðîèçâîäñòâåííûå;ìèíóòà;60;RUCH
ÎÑÖ Íèæíèé Íîâãîðîä;Âíå ïîäðàçäåëåíèé;NO 006 005 00 00;Îöåíêà ïî ñèñòåìå 5+;-;00;Íåïðîèçâîäñòâåííûå;ìèíóòà;60;RUCH
ÎÑÖ Íèæíèé Íîâãîðîä;Àðõèâ ¹1 Íèæíèé Íîâãîðîä;NO 006 005 00 00;Îöåíêà ïî ñèñòåìå 5+;-;00;Íåïðîèçâîäñòâåííûå;ìèíóòà;60;RUCH
ÎÑÖ Íîâîñèáèðñê;Âíå ïîäðàçäåëåíèé;NO 006 005 00 00;Îöåíêà ïî ñèñòåìå 5+;-;00;Íåïðîèçâîäñòâåííûå;ìèíóòà;60;RUCH
ÎÑÖ Íîâîñèáèðñê;Àðõèâ ¹1 Íîâîñèáèðñê;NO 006 005 00 00;Îöåíêà ïî ñèñòåìå 5+;-;00;Íåïðîèçâîäñòâåííûå;ìèíóòà;60;RUCH
ÎÑÖ Ñàìàðà;Âíå ïîäðàçäåëåíèé;NO 006 005 00 00;Îöåíêà ïî ñèñòåìå 5+;-;00;Íåïðîèçâîäñòâåííûå;ìèíóòà;60;RUCH
ÎÑÖ Íîâîñèáèðñê;Àðõèâ ¹3 Åêàòåðèíáóðã;NO 006 005 00 00;Îöåíêà ïî ñèñòåìå 5+;-;00;Íåïðîèçâîäñòâåííûå;ìèíóòà;60;RUCH
ÎÑÖ Ñàìàðà;Àðõèâ ¹1 Ñàìàðà;NO 006 005 00 00;Îöåíêà ïî ñèñòåìå 5+;-;00;Íåïðîèçâîäñòâåííûå;ìèíóòà;60;RUCH
ÎÑÖ Âîðîíåæ;Âíå ïîäðàçäåëåíèé;SZ 028 000 00 00;Èçâëå÷åíèå è ïðîñìîòð äîêóìåíòîâ ñ äèñêà;-;00;Çàïðîñû;îïåðàöèÿ;1200;RUCH
ÎÑÖ Âîðîíåæ;Àðõèâ ¹1 Âîðîíåæ;SZ 028 000 00 00;Èçâëå÷åíèå è ïðîñìîòð äîêóìåíòîâ ñ äèñêà;-;00;Çàïðîñû;îïåðàöèÿ;1190,829;RUCH
ÎÑÖ Âîðîíåæ;Àðõèâ ¹3 Êàëèíèíãðàä;SZ 028 000 00 00;Èçâëå÷åíèå è ïðîñìîòð äîêóìåíòîâ ñ äèñêà;-;00;Çàïðîñû;îïåðàöèÿ;0;RUCH
ÎÑÖ Âîðîíåæ;Àðõèâ ¹4 Ñàíêò-Ïåòåðáóðã;SZ 028 000 00 00;Èçâëå÷åíèå è ïðîñìîòð äîêóìåíòîâ ñ äèñêà;-;00;Çàïðîñû;îïåðàöèÿ;446,033;RUCH
ÎÑÖ Ìîñêâà;Âíå ïîäðàçäåëåíèé;SZ 028 000 00 00;Èçâëå÷åíèå è ïðîñìîòð äîêóìåíòîâ ñ äèñêà;-;00;Çàïðîñû;îïåðàöèÿ;1200;RUCH
ÎÑÖ Ìîñêâà;Àðõèâ ¹1 Òîìèëèíî;SZ 028 000 00 00;Èçâëå÷åíèå è ïðîñìîòð äîêóìåíòîâ ñ äèñêà;-;00;Çàïðîñû;îïåðàöèÿ;1200,059;RUCH
ÎÑÖ Íèæíèé Íîâãîðîä;Âíå ïîäðàçäåëåíèé;SZ 028 000 00 00;Èçâëå÷åíèå è ïðîñìîòð äîêóìåíòîâ ñ äèñêà;-;00;Çàïðîñû;îïåðàöèÿ;1200;RUCH
ÎÑÖ Íèæíèé Íîâãîðîä;Àðõèâ ¹1 Íèæíèé Íîâãîðîä;SZ 028 000 00 00;Èçâëå÷åíèå è ïðîñìîòð äîêóìåíòîâ ñ äèñêà;-;00;Çàïðîñû;îïåðàöèÿ;0;RUCH
ÎÑÖ Íîâîñèáèðñê;Âíå ïîäðàçäåëåíèé;SZ 028 000 00 00;Èçâëå÷åíèå è ïðîñìîòð äîêóìåíòîâ ñ äèñêà;-;00;Çàïðîñû;îïåðàöèÿ;1200;RUCH
ÎÑÖ Íîâîñèáèðñê;Àðõèâ ¹1 Íîâîñèáèðñê;SZ 028 000 00 00;Èçâëå÷åíèå è ïðîñìîòð äîêóìåíòîâ ñ äèñêà;-;00;Çàïðîñû;îïåðàöèÿ;0;RUCH
ÎÑÖ Ñàìàðà;Âíå ïîäðàçäåëåíèé;SZ 028 000 00 00;Èçâëå÷åíèå è ïðîñìîòð äîêóìåíòîâ ñ äèñêà;-;00;Çàïðîñû;îïåðàöèÿ;1200;RUCH
ÎÑÖ Íîâîñèáèðñê;Àðõèâ ¹3 Åêàòåðèíáóðã;SZ 028 000 00 00;Èçâëå÷åíèå è ïðîñìîòð äîêóìåíòîâ ñ äèñêà;-;00;Çàïðîñû;îïåðàöèÿ;0;RUCH
ÎÑÖ Ñàìàðà;Àðõèâ ¹1 Ñàìàðà;SZ 028 000 00 00;Èçâëå÷åíèå è ïðîñìîòð äîêóìåíòîâ ñ äèñêà;-;00;Çàïðîñû;îïåðàöèÿ;0;RUCH
ÎÑÖ Âîðîíåæ;Âíå ïîäðàçäåëåíèé;SZ 031 000 00 00;Îáðàáîòêà çàïðîñîâ â ÅÑÎ (âûåìêà îðèãèíàëîâ äîêóìåíòîâ ÓÁ| ïåðåðåãèñòðàöèÿ äîñüå/äîñûë| 2-ÿ ëèíèÿ ÑÏÀÑ);-;00;Çàïðîñû;îáðàùåíèå;433;RUCH
ÎÑÖ Âîðîíåæ;Àðõèâ ¹1 Âîðîíåæ;SZ 031 000 00 00;Îáðàáîòêà çàïðîñîâ â ÅÑÎ (âûåìêà îðèãèíàëîâ äîêóìåíòîâ ÓÁ| ïåðåðåãèñòðàöèÿ äîñüå/äîñûë| 2-ÿ ëèíèÿ ÑÏÀÑ);-;00;Çàïðîñû;îáðàùåíèå;433;RUCH
ÎÑÖ Âîðîíåæ;Àðõèâ ¹3 Êàëèíèíãðàä;SZ 031 000 00 00;Îáðàáîòêà çàïðîñîâ â ÅÑÎ (âûåìêà îðèãèíàëîâ äîêóìåíòîâ ÓÁ| ïåðåðåãèñòðàöèÿ äîñüå/äîñûë| 2-ÿ ëèíèÿ ÑÏÀÑ);-;00;Çàïðîñû;îáðàùåíèå;433;RUCH
ÎÑÖ Âîðîíåæ;Àðõèâ ¹4 Ñàíêò-Ïåòåðáóðã;SZ 031 000 00 00;Îáðàáîòêà çàïðîñîâ â ÅÑÎ (âûåìêà îðèãèíàëîâ äîêóìåíòîâ ÓÁ| ïåðåðåãèñòðàöèÿ äîñüå/äîñûë| 2-ÿ ëèíèÿ ÑÏÀÑ);-;00;Çàïðîñû;îáðàùåíèå;433;RUCH
ÎÑÖ Ìîñêâà;Âíå ïîäðàçäåëåíèé;SZ 031 000 00 00;Îáðàáîòêà çàïðîñîâ â ÅÑÎ (âûåìêà îðèãèíàëîâ äîêóìåíòîâ ÓÁ| ïåðåðåãèñòðàöèÿ äîñüå/äîñûë| 2-ÿ ëèíèÿ ÑÏÀÑ);-;00;Çàïðîñû;îáðàùåíèå;433;RUCH
ÎÑÖ Ìîñêâà;Àðõèâ ¹1 Òîìèëèíî;SZ 031 000 00 00;Îáðàáîòêà çàïðîñîâ â ÅÑÎ (âûåìêà îðèãèíàëîâ äîêóìåíòîâ ÓÁ| ïåðåðåãèñòðàöèÿ äîñüå/äîñûë| 2-ÿ ëèíèÿ ÑÏÀÑ);-;00;Çàïðîñû;îáðàùåíèå;433;RUCH
ÎÑÖ Íèæíèé Íîâãîðîä;Âíå ïîäðàçäåëåíèé;SZ 031 000 00 00;Îáðàáîòêà çàïðîñîâ â ÅÑÎ (âûåìêà îðèãèíàëîâ äîêóìåíòîâ ÓÁ| ïåðåðåãèñòðàöèÿ äîñüå/äîñûë| 2-ÿ ëèíèÿ ÑÏÀÑ);-;00;Çàïðîñû;îáðàùåíèå;433;RUCH
ÎÑÖ Íèæíèé Íîâãîðîä;Àðõèâ ¹1 Íèæíèé Íîâãîðîä;SZ 031 000 00 00;Îáðàáîòêà çàïðîñîâ â ÅÑÎ (âûåìêà îðèãèíàëîâ äîêóìåíòîâ ÓÁ| ïåðåðåãèñòðàöèÿ äîñüå/äîñûë| 2-ÿ ëèíèÿ ÑÏÀÑ);-;00;Çàïðîñû;îáðàùåíèå;433;RUCH
ÎÑÖ Íîâîñèáèðñê;Âíå ïîäðàçäåëåíèé;SZ 031 000 00 00;Îáðàáîòêà çàïðîñîâ â ÅÑÎ (âûåìêà îðèãèíàëîâ äîêóìåíòîâ ÓÁ| ïåðåðåãèñòðàöèÿ äîñüå/äîñûë| 2-ÿ ëèíèÿ ÑÏÀÑ);-;00;Çàïðîñû;îáðàùåíèå;433;RUCH
ÎÑÖ Íîâîñèáèðñê;Àðõèâ ¹1 Íîâîñèáèðñê;SZ 031 000 00 00;Îáðàáîòêà çàïðîñîâ â ÅÑÎ (âûåìêà îðèãèíàëîâ äîêóìåíòîâ ÓÁ| ïåðåðåãèñòðàöèÿ äîñüå/äîñûë| 2-ÿ ëèíèÿ ÑÏÀÑ);-;00;Çàïðîñû;îáðàùåíèå;433;RUCH
ÎÑÖ Ñàìàðà;Âíå ïîäðàçäåëåíèé;SZ 031 000 00 00;Îáðàáîòêà çàïðîñîâ â ÅÑÎ (âûåìêà îðèãèíàëîâ äîêóìåíòîâ ÓÁ| ïåðåðåãèñòðàöèÿ äîñüå/äîñûë| 2-ÿ ëèíèÿ ÑÏÀÑ);-;00;Çàïðîñû;îáðàùåíèå;433;RUCH
ÎÑÖ Íîâîñèáèðñê;Àðõèâ ¹3 Åêàòåðèíáóðã;SZ 031 000 00 00;Îáðàáîòêà çàïðîñîâ â ÅÑÎ (âûåìêà îðèãèíàëîâ äîêóìåíòîâ ÓÁ| ïåðåðåãèñòðàöèÿ äîñüå/äîñûë| 2-ÿ ëèíèÿ ÑÏÀÑ);-;00;Çàïðîñû;îáðàùåíèå;433;RUCH
ÎÑÖ Ñàìàðà;Àðõèâ ¹1 Ñàìàðà;SZ 031 000 00 00;Îáðàáîòêà çàïðîñîâ â ÅÑÎ (âûåìêà îðèãèíàëîâ äîêóìåíòîâ ÓÁ| ïåðåðåãèñòðàöèÿ äîñüå/äîñûë| 2-ÿ ëèíèÿ ÑÏÀÑ);-;00;Çàïðîñû;îáðàùåíèå;433;RUCH
ÎÑÖ Âîðîíåæ;Âíå ïîäðàçäåëåíèé;SZ 039 000 00 00;Ïîäãîòîâêà ÒÅ äëÿ îòïðàâêè çàêàç÷èêó (îôîðìëåíèå ñîïðîâîäèòåëüíûõ äîêóìåíòîâ| óïàêîâêà â êîíâåðò)| â òîì ÷èñëå âûçîâ êóðüåðà;-;00;Çàïðîñû;åäèíèöà îòïðàâêè;160;RUCH
ÎÑÖ Âîðîíåæ;Àðõèâ ¹1 Âîðîíåæ;SZ 039 000 00 00;Ïîäãîòîâêà ÒÅ äëÿ îòïðàâêè çàêàç÷èêó (îôîðìëåíèå ñîïðîâîäèòåëüíûõ äîêóìåíòîâ| óïàêîâêà â êîíâåðò)| â òîì ÷èñëå âûçîâ êóðüåðà;-;00;Çàïðîñû;åäèíèöà îòïðàâêè;119,633;RUCH
ÎÑÖ Âîðîíåæ;Àðõèâ ¹3 Êàëèíèíãðàä;SZ 039 000 00 00;Ïîäãîòîâêà ÒÅ äëÿ îòïðàâêè çàêàç÷èêó (îôîðìëåíèå ñîïðîâîäèòåëüíûõ äîêóìåíòîâ| óïàêîâêà â êîíâåðò)| â òîì ÷èñëå âûçîâ êóðüåðà;-;00;Çàïðîñû;åäèíèöà îòïðàâêè;148,967;RUCH
ÎÑÖ Âîðîíåæ;Àðõèâ ¹4 Ñàíêò-Ïåòåðáóðã;SZ 039 000 00 00;Ïîäãîòîâêà ÒÅ äëÿ îòïðàâêè çàêàç÷èêó (îôîðìëåíèå ñîïðîâîäèòåëüíûõ äîêóìåíòîâ| óïàêîâêà â êîíâåðò)| â òîì ÷èñëå âûçîâ êóðüåðà;-;00;Çàïðîñû;åäèíèöà îòïðàâêè;0;RUCH
ÎÑÖ Ìîñêâà;Âíå ïîäðàçäåëåíèé;SZ 039 000 00 00;Ïîäãîòîâêà ÒÅ äëÿ îòïðàâêè çàêàç÷èêó (îôîðìëåíèå ñîïðîâîäèòåëüíûõ äîêóìåíòîâ| óïàêîâêà â êîíâåðò)| â òîì ÷èñëå âûçîâ êóðüåðà;-;00;Çàïðîñû;åäèíèöà îòïðàâêè;160;RUCH
ÎÑÖ Ìîñêâà;Àðõèâ ¹1 Òîìèëèíî;SZ 039 000 00 00;Ïîäãîòîâêà ÒÅ äëÿ îòïðàâêè çàêàç÷èêó (îôîðìëåíèå ñîïðîâîäèòåëüíûõ äîêóìåíòîâ| óïàêîâêà â êîíâåðò)| â òîì ÷èñëå âûçîâ êóðüåðà;-;00;Çàïðîñû;åäèíèöà îòïðàâêè;118,433;RUCH
ÎÑÖ Íèæíèé Íîâãîðîä;Âíå ïîäðàçäåëåíèé;SZ 039 000 00 00;Ïîäãîòîâêà ÒÅ äëÿ îòïðàâêè çàêàç÷èêó (îôîðìëåíèå ñîïðîâîäèòåëüíûõ äîêóìåíòîâ| óïàêîâêà â êîíâåðò)| â òîì ÷èñëå âûçîâ êóðüåðà;-;00;Çàïðîñû;åäèíèöà îòïðàâêè;160;RUCH
ÎÑÖ Íèæíèé Íîâãîðîä;Àðõèâ ¹1 Íèæíèé Íîâãîðîä;SZ 039 000 00 00;Ïîäãîòîâêà ÒÅ äëÿ îòïðàâêè çàêàç÷èêó (îôîðìëåíèå ñîïðîâîäèòåëüíûõ äîêóìåíòîâ| óïàêîâêà â êîíâåðò)| â òîì ÷èñëå âûçîâ êóðüåðà;-;00;Çàïðîñû;åäèíèöà îòïðàâêè;115,359;RUCH
ÎÑÖ Íîâîñèáèðñê;Âíå ïîäðàçäåëåíèé;SZ 039 000 00 00;Ïîäãîòîâêà ÒÅ äëÿ îòïðàâêè çàêàç÷èêó (îôîðìëåíèå ñîïðîâîäèòåëüíûõ äîêóìåíòîâ| óïàêîâêà â êîíâåðò)| â òîì ÷èñëå âûçîâ êóðüåðà;-;00;Çàïðîñû;åäèíèöà îòïðàâêè;160;RUCH
ÎÑÖ Íîâîñèáèðñê;Àðõèâ ¹1 Íîâîñèáèðñê;SZ 039 000 00 00;Ïîäãîòîâêà ÒÅ äëÿ îòïðàâêè çàêàç÷èêó (îôîðìëåíèå ñîïðîâîäèòåëüíûõ äîêóìåíòîâ| óïàêîâêà â êîíâåðò)| â òîì ÷èñëå âûçîâ êóðüåðà;-;00;Çàïðîñû;åäèíèöà îòïðàâêè;120,367;RUCH
ÎÑÖ Ñàìàðà;Âíå ïîäðàçäåëåíèé;SZ 039 000 00 00;Ïîäãîòîâêà ÒÅ äëÿ îòïðàâêè çàêàç÷èêó (îôîðìëåíèå ñîïðîâîäèòåëüíûõ äîêóìåíòîâ| óïàêîâêà â êîíâåðò)| â òîì ÷èñëå âûçîâ êóðüåðà;-;00;Çàïðîñû;åäèíèöà îòïðàâêè;160;RUCH
ÎÑÖ Íîâîñèáèðñê;Àðõèâ ¹3 Åêàòåðèíáóðã;SZ 039 000 00 00;Ïîäãîòîâêà ÒÅ äëÿ îòïðàâêè çàêàç÷èêó (îôîðìëåíèå ñîïðîâîäèòåëüíûõ äîêóìåíòîâ| óïàêîâêà â êîíâåðò)| â òîì ÷èñëå âûçîâ êóðüåðà;-;00;Çàïðîñû;åäèíèöà îòïðàâêè;121,767;RUCH
ÎÑÖ Ñàìàðà;Àðõèâ ¹1 Ñàìàðà;SZ 039 000 00 00;Ïîäãîòîâêà ÒÅ äëÿ îòïðàâêè çàêàç÷èêó (îôîðìëåíèå ñîïðîâîäèòåëüíûõ äîêóìåíòîâ| óïàêîâêà â êîíâåðò)| â òîì ÷èñëå âûçîâ êóðüåðà;-;00;Çàïðîñû;åäèíèöà îòïðàâêè;120;RUCH
ÎÑÖ Âîðîíåæ;Âíå ïîäðàçäåëåíèé;SZ 044 000 00 00;Îïåðàöèè ïðèåìà/ïåðåäà÷è äîêóìåíòîâ|  ðàíåå âûäàííûõ âî âðåìåííîå ïîëüçîâàíèå.;-;00;Çàïðîñû;äîêóìåíò;180;RUCH
ÎÑÖ Âîðîíåæ;Àðõèâ ¹1 Âîðîíåæ;SZ 044 000 00 00;Îïåðàöèè ïðèåìà/ïåðåäà÷è äîêóìåíòîâ|  ðàíåå âûäàííûõ âî âðåìåííîå ïîëüçîâàíèå.;-;00;Çàïðîñû;äîêóìåíò;180;RUCH
ÎÑÖ Âîðîíåæ;Àðõèâ ¹3 Êàëèíèíãðàä;SZ 044 000 00 00;Îïåðàöèè ïðèåìà/ïåðåäà÷è äîêóìåíòîâ|  ðàíåå âûäàííûõ âî âðåìåííîå ïîëüçîâàíèå.;-;00;Çàïðîñû;äîêóìåíò;180;RUCH
ÎÑÖ Âîðîíåæ;Àðõèâ ¹4 Ñàíêò-Ïåòåðáóðã;SZ 044 000 00 00;Îïåðàöèè ïðèåìà/ïåðåäà÷è äîêóìåíòîâ|  ðàíåå âûäàííûõ âî âðåìåííîå ïîëüçîâàíèå.;-;00;Çàïðîñû;äîêóìåíò;180;RUCH
ÎÑÖ Ìîñêâà;Âíå ïîäðàçäåëåíèé;SZ 044 000 00 00;Îïåðàöèè ïðèåìà/ïåðåäà÷è äîêóìåíòîâ|  ðàíåå âûäàííûõ âî âðåìåííîå ïîëüçîâàíèå.;-;00;Çàïðîñû;äîêóìåíò;180;RUCH
ÎÑÖ Ìîñêâà;Àðõèâ ¹1 Òîìèëèíî;SZ 044 000 00 00;Îïåðàöèè ïðèåìà/ïåðåäà÷è äîêóìåíòîâ|  ðàíåå âûäàííûõ âî âðåìåííîå ïîëüçîâàíèå.;-;00;Çàïðîñû;äîêóìåíò;180;RUCH
ÎÑÖ Íèæíèé Íîâãîðîä;Âíå ïîäðàçäåëåíèé;SZ 044 000 00 00;Îïåðàöèè ïðèåìà/ïåðåäà÷è äîêóìåíòîâ|  ðàíåå âûäàííûõ âî âðåìåííîå ïîëüçîâàíèå.;-;00;Çàïðîñû;äîêóìåíò;180;RUCH
ÎÑÖ Íèæíèé Íîâãîðîä;Àðõèâ ¹1 Íèæíèé Íîâãîðîä;SZ 044 000 00 00;Îïåðàöèè ïðèåìà/ïåðåäà÷è äîêóìåíòîâ|  ðàíåå âûäàííûõ âî âðåìåííîå ïîëüçîâàíèå.;-;00;Çàïðîñû;äîêóìåíò;180;RUCH
ÎÑÖ Íîâîñèáèðñê;Âíå ïîäðàçäåëåíèé;SZ 044 000 00 00;Îïåðàöèè ïðèåìà/ïåðåäà÷è äîêóìåíòîâ|  ðàíåå âûäàííûõ âî âðåìåííîå ïîëüçîâàíèå.;-;00;Çàïðîñû;äîêóìåíò;180;RUCH
ÎÑÖ Íîâîñèáèðñê;Àðõèâ ¹1 Íîâîñèáèðñê;SZ 044 000 00 00;Îïåðàöèè ïðèåìà/ïåðåäà÷è äîêóìåíòîâ|  ðàíåå âûäàííûõ âî âðåìåííîå ïîëüçîâàíèå.;-;00;Çàïðîñû;äîêóìåíò;180;RUCH
ÎÑÖ Ñàìàðà;Âíå ïîäðàçäåëåíèé;SZ 044 000 00 00;Îïåðàöèè ïðèåìà/ïåðåäà÷è äîêóìåíòîâ|  ðàíåå âûäàííûõ âî âðåìåííîå ïîëüçîâàíèå.;-;00;Çàïðîñû;äîêóìåíò;180;RUCH
ÎÑÖ Íîâîñèáèðñê;Àðõèâ ¹3 Åêàòåðèíáóðã;SZ 044 000 00 00;Îïåðàöèè ïðèåìà/ïåðåäà÷è äîêóìåíòîâ|  ðàíåå âûäàííûõ âî âðåìåííîå ïîëüçîâàíèå.;-;00;Çàïðîñû;äîêóìåíò;180;RUCH
ÎÑÖ Ñàìàðà;Àðõèâ ¹1 Ñàìàðà;SZ 044 000 00 00;Îïåðàöèè ïðèåìà/ïåðåäà÷è äîêóìåíòîâ|  ðàíåå âûäàííûõ âî âðåìåííîå ïîëüçîâàíèå.;-;00;Çàïðîñû;äîêóìåíò;180;RUCH
ÎÑÖ Âîðîíåæ;Âíå ïîäðàçäåëåíèé;SZ 200 000 00 00;Îòïðàâêà ñêàíîâ äîêóìåíòîâ ïî çàÿâêàì â ÀÑ ÖÀÐÑ ïðè çàïðîñå äîêóìåíòà ñ îòêðûòîé êîíòðîëüíîé èíôîðìàöèåé çàêàç÷èêó ïî ýëåêòðîííîé ïî÷òå;-;00;Çàïðîñû;ñîîáùåíèå;0;RUCH
ÎÑÖ Âîðîíåæ;Àðõèâ ¹1 Âîðîíåæ;SZ 200 000 00 00;Îòïðàâêà ñêàíîâ äîêóìåíòîâ ïî çàÿâêàì â ÀÑ ÖÀÐÑ ïðè çàïðîñå äîêóìåíòà ñ îòêðûòîé êîíòðîëüíîé èíôîðìàöèåé çàêàç÷èêó ïî ýëåêòðîííîé ïî÷òå;-;00;Çàïðîñû;ñîîáùåíèå;180,733;RUCH
ÎÑÖ Âîðîíåæ;Àðõèâ ¹3 Êàëèíèíãðàä;SZ 200 000 00 00;Îòïðàâêà ñêàíîâ äîêóìåíòîâ ïî çàÿâêàì â ÀÑ ÖÀÐÑ ïðè çàïðîñå äîêóìåíòà ñ îòêðûòîé êîíòðîëüíîé èíôîðìàöèåé çàêàç÷èêó ïî ýëåêòðîííîé ïî÷òå;-;00;Çàïðîñû;ñîîáùåíèå;184,833;RUCH
ÎÑÖ Âîðîíåæ;Àðõèâ ¹4 Ñàíêò-Ïåòåðáóðã;SZ 200 000 00 00;Îòïðàâêà ñêàíîâ äîêóìåíòîâ ïî çàÿâêàì â ÀÑ ÖÀÐÑ ïðè çàïðîñå äîêóìåíòà ñ îòêðûòîé êîíòðîëüíîé èíôîðìàöèåé çàêàç÷èêó ïî ýëåêòðîííîé ïî÷òå;-;00;Çàïðîñû;ñîîáùåíèå;171;RUCH
ÎÑÖ Ìîñêâà;Âíå ïîäðàçäåëåíèé;SZ 200 000 00 00;Îòïðàâêà ñêàíîâ äîêóìåíòîâ ïî çàÿâêàì â ÀÑ ÖÀÐÑ ïðè çàïðîñå äîêóìåíòà ñ îòêðûòîé êîíòðîëüíîé èíôîðìàöèåé çàêàç÷èêó ïî ýëåêòðîííîé ïî÷òå;-;00;Çàïðîñû;ñîîáùåíèå;0;RUCH
ÎÑÖ Ìîñêâà;Àðõèâ ¹1 Òîìèëèíî;SZ 200 000 00 00;Îòïðàâêà ñêàíîâ äîêóìåíòîâ ïî çàÿâêàì â ÀÑ ÖÀÐÑ ïðè çàïðîñå äîêóìåíòà ñ îòêðûòîé êîíòðîëüíîé èíôîðìàöèåé çàêàç÷èêó ïî ýëåêòðîííîé ïî÷òå;-;00;Çàïðîñû;ñîîáùåíèå;180,067;RUCH
ÎÑÖ Íèæíèé Íîâãîðîä;Âíå ïîäðàçäåëåíèé;SZ 200 000 00 00;Îòïðàâêà ñêàíîâ äîêóìåíòîâ ïî çàÿâêàì â ÀÑ ÖÀÐÑ ïðè çàïðîñå äîêóìåíòà ñ îòêðûòîé êîíòðîëüíîé èíôîðìàöèåé çàêàç÷èêó ïî ýëåêòðîííîé ïî÷òå;-;00;Çàïðîñû;ñîîáùåíèå;0;RUCH
ÎÑÖ Íèæíèé Íîâãîðîä;Àðõèâ ¹1 Íèæíèé Íîâãîðîä;SZ 200 000 00 00;Îòïðàâêà ñêàíîâ äîêóìåíòîâ ïî çàÿâêàì â ÀÑ ÖÀÐÑ ïðè çàïðîñå äîêóìåíòà ñ îòêðûòîé êîíòðîëüíîé èíôîðìàöèåé çàêàç÷èêó ïî ýëåêòðîííîé ïî÷òå;-;00;Çàïðîñû;ñîîáùåíèå;152,9;RUCH
ÎÑÖ Íîâîñèáèðñê;Âíå ïîäðàçäåëåíèé;SZ 200 000 00 00;Îòïðàâêà ñêàíîâ äîêóìåíòîâ ïî çàÿâêàì â ÀÑ ÖÀÐÑ ïðè çàïðîñå äîêóìåíòà ñ îòêðûòîé êîíòðîëüíîé èíôîðìàöèåé çàêàç÷èêó ïî ýëåêòðîííîé ïî÷òå;-;00;Çàïðîñû;ñîîáùåíèå;0;RUCH
ÎÑÖ Íîâîñèáèðñê;Àðõèâ ¹1 Íîâîñèáèðñê;SZ 200 000 00 00;Îòïðàâêà ñêàíîâ äîêóìåíòîâ ïî çàÿâêàì â ÀÑ ÖÀÐÑ ïðè çàïðîñå äîêóìåíòà ñ îòêðûòîé êîíòðîëüíîé èíôîðìàöèåé çàêàç÷èêó ïî ýëåêòðîííîé ïî÷òå;-;00;Çàïðîñû;ñîîáùåíèå;180,033;RUCH
ÎÑÖ Ñàìàðà;Âíå ïîäðàçäåëåíèé;SZ 200 000 00 00;Îòïðàâêà ñêàíîâ äîêóìåíòîâ ïî çàÿâêàì â ÀÑ ÖÀÐÑ ïðè çàïðîñå äîêóìåíòà ñ îòêðûòîé êîíòðîëüíîé èíôîðìàöèåé çàêàç÷èêó ïî ýëåêòðîííîé ïî÷òå;-;00;Çàïðîñû;ñîîáùåíèå;0;RUCH
ÎÑÖ Íîâîñèáèðñê;Àðõèâ ¹3 Åêàòåðèíáóðã;SZ 200 000 00 00;Îòïðàâêà ñêàíîâ äîêóìåíòîâ ïî çàÿâêàì â ÀÑ ÖÀÐÑ ïðè çàïðîñå äîêóìåíòà ñ îòêðûòîé êîíòðîëüíîé èíôîðìàöèåé çàêàç÷èêó ïî ýëåêòðîííîé ïî÷òå;-;00;Çàïðîñû;ñîîáùåíèå;180,067;RUCH
ÎÑÖ Ñàìàðà;Àðõèâ ¹1 Ñàìàðà;SZ 200 000 00 00;Îòïðàâêà ñêàíîâ äîêóìåíòîâ ïî çàÿâêàì â ÀÑ ÖÀÐÑ ïðè çàïðîñå äîêóìåíòà ñ îòêðûòîé êîíòðîëüíîé èíôîðìàöèåé çàêàç÷èêó ïî ýëåêòðîííîé ïî÷òå;-;00;Çàïðîñû;ñîîáùåíèå;141,767;RUCH
ÎÑÖ Âîðîíåæ;Âíå ïîäðàçäåëåíèé;SZ 150 000 00 00;Ïîèñê îòäåëüíîãî äîêóìåíòà â ñîñòàâå äîñüå ÊÎÄ ÞË/ÐÊÎ;-;00;Çàïðîñû;äîêóìåíò;120;RUCH
ÎÑÖ Âîðîíåæ;Àðõèâ ¹1 Âîðîíåæ;SZ 150 000 00 00;Ïîèñê îòäåëüíîãî äîêóìåíòà â ñîñòàâå äîñüå ÊÎÄ ÞË/ÐÊÎ;-;00;Çàïðîñû;äîêóìåíò;120;RUCH
ÎÑÖ Âîðîíåæ;Àðõèâ ¹3 Êàëèíèíãðàä;SZ 150 000 00 00;Ïîèñê îòäåëüíîãî äîêóìåíòà â ñîñòàâå äîñüå ÊÎÄ ÞË/ÐÊÎ;-;00;Çàïðîñû;äîêóìåíò;120;RUCH
ÎÑÖ Âîðîíåæ;Àðõèâ ¹4 Ñàíêò-Ïåòåðáóðã;SZ 150 000 00 00;Ïîèñê îòäåëüíîãî äîêóìåíòà â ñîñòàâå äîñüå ÊÎÄ ÞË/ÐÊÎ;-;00;Çàïðîñû;äîêóìåíò;120;RUCH
ÎÑÖ Ìîñêâà;Âíå ïîäðàçäåëåíèé;SZ 150 000 00 00;Ïîèñê îòäåëüíîãî äîêóìåíòà â ñîñòàâå äîñüå ÊÎÄ ÞË/ÐÊÎ;-;00;Çàïðîñû;äîêóìåíò;120;RUCH
ÎÑÖ Ìîñêâà;Àðõèâ ¹1 Òîìèëèíî;SZ 150 000 00 00;Ïîèñê îòäåëüíîãî äîêóìåíòà â ñîñòàâå äîñüå ÊÎÄ ÞË/ÐÊÎ;-;00;Çàïðîñû;äîêóìåíò;120;RUCH
ÎÑÖ Íèæíèé Íîâãîðîä;Âíå ïîäðàçäåëåíèé;SZ 150 000 00 00;Ïîèñê îòäåëüíîãî äîêóìåíòà â ñîñòàâå äîñüå ÊÎÄ ÞË/ÐÊÎ;-;00;Çàïðîñû;äîêóìåíò;120;RUCH
ÎÑÖ Íèæíèé Íîâãîðîä;Àðõèâ ¹1 Íèæíèé Íîâãîðîä;SZ 150 000 00 00;Ïîèñê îòäåëüíîãî äîêóìåíòà â ñîñòàâå äîñüå ÊÎÄ ÞË/ÐÊÎ;-;00;Çàïðîñû;äîêóìåíò;120;RUCH
ÎÑÖ Íîâîñèáèðñê;Âíå ïîäðàçäåëåíèé;SZ 150 000 00 00;Ïîèñê îòäåëüíîãî äîêóìåíòà â ñîñòàâå äîñüå ÊÎÄ ÞË/ÐÊÎ;-;00;Çàïðîñû;äîêóìåíò;120;RUCH
ÎÑÖ Íîâîñèáèðñê;Àðõèâ ¹1 Íîâîñèáèðñê;SZ 150 000 00 00;Ïîèñê îòäåëüíîãî äîêóìåíòà â ñîñòàâå äîñüå ÊÎÄ ÞË/ÐÊÎ;-;00;Çàïðîñû;äîêóìåíò;120;RUCH
ÎÑÖ Ñàìàðà;Âíå ïîäðàçäåëåíèé;SZ 150 000 00 00;Ïîèñê îòäåëüíîãî äîêóìåíòà â ñîñòàâå äîñüå ÊÎÄ ÞË/ÐÊÎ;-;00;Çàïðîñû;äîêóìåíò;120;RUCH
ÎÑÖ Íîâîñèáèðñê;Àðõèâ ¹3 Åêàòåðèíáóðã;SZ 150 000 00 00;Ïîèñê îòäåëüíîãî äîêóìåíòà â ñîñòàâå äîñüå ÊÎÄ ÞË/ÐÊÎ;-;00;Çàïðîñû;äîêóìåíò;120;RUCH
ÎÑÖ Ñàìàðà;Àðõèâ ¹1 Ñàìàðà;SZ 150 000 00 00;Ïîèñê îòäåëüíîãî äîêóìåíòà â ñîñòàâå äîñüå ÊÎÄ ÞË/ÐÊÎ;-;00;Çàïðîñû;äîêóìåíò;120;RUCH
ÎÑÖ Âîðîíåæ;Âíå ïîäðàçäåëåíèé;SZ 153 000 00 00;Ïîèñê è èçúÿòèå çàëîãîâûõ äîêóìåíòîâ èç ñîñòàâà äîñüå;-;00;Çàïðîñû;äîêóìåíò;360;RUCH
ÎÑÖ Âîðîíåæ;Àðõèâ ¹1 Âîðîíåæ;SZ 153 000 00 00;Ïîèñê è èçúÿòèå çàëîãîâûõ äîêóìåíòîâ èç ñîñòàâà äîñüå;-;00;Çàïðîñû;äîêóìåíò;300;RUCH
ÎÑÖ Âîðîíåæ;Àðõèâ ¹3 Êàëèíèíãðàä;SZ 153 000 00 00;Ïîèñê è èçúÿòèå çàëîãîâûõ äîêóìåíòîâ èç ñîñòàâà äîñüå;-;00;Çàïðîñû;äîêóìåíò;300;RUCH
ÎÑÖ Âîðîíåæ;Àðõèâ ¹4 Ñàíêò-Ïåòåðáóðã;SZ 153 000 00 00;Ïîèñê è èçúÿòèå çàëîãîâûõ äîêóìåíòîâ èç ñîñòàâà äîñüå;-;00;Çàïðîñû;äîêóìåíò;300;RUCH
ÎÑÖ Ìîñêâà;Âíå ïîäðàçäåëåíèé;SZ 153 000 00 00;Ïîèñê è èçúÿòèå çàëîãîâûõ äîêóìåíòîâ èç ñîñòàâà äîñüå;-;00;Çàïðîñû;äîêóìåíò;360;RUCH
ÎÑÖ Ìîñêâà;Àðõèâ ¹1 Òîìèëèíî;SZ 153 000 00 00;Ïîèñê è èçúÿòèå çàëîãîâûõ äîêóìåíòîâ èç ñîñòàâà äîñüå;-;00;Çàïðîñû;äîêóìåíò;300;RUCH
ÎÑÖ Íèæíèé Íîâãîðîä;Âíå ïîäðàçäåëåíèé;SZ 153 000 00 00;Ïîèñê è èçúÿòèå çàëîãîâûõ äîêóìåíòîâ èç ñîñòàâà äîñüå;-;00;Çàïðîñû;äîêóìåíò;360;RUCH
ÎÑÖ Íèæíèé Íîâãîðîä;Àðõèâ ¹1 Íèæíèé Íîâãîðîä;SZ 153 000 00 00;Ïîèñê è èçúÿòèå çàëîãîâûõ äîêóìåíòîâ èç ñîñòàâà äîñüå;-;00;Çàïðîñû;äîêóìåíò;300;RUCH
ÎÑÖ Íîâîñèáèðñê;Âíå ïîäðàçäåëåíèé;SZ 153 000 00 00;Ïîèñê è èçúÿòèå çàëîãîâûõ äîêóìåíòîâ èç ñîñòàâà äîñüå;-;00;Çàïðîñû;äîêóìåíò;360;RUCH
ÎÑÖ Íîâîñèáèðñê;Àðõèâ ¹1 Íîâîñèáèðñê;SZ 153 000 00 00;Ïîèñê è èçúÿòèå çàëîãîâûõ äîêóìåíòîâ èç ñîñòàâà äîñüå;-;00;Çàïðîñû;äîêóìåíò;360;RUCH
ÎÑÖ Ñàìàðà;Âíå ïîäðàçäåëåíèé;SZ 153 000 00 00;Ïîèñê è èçúÿòèå çàëîãîâûõ äîêóìåíòîâ èç ñîñòàâà äîñüå;-;00;Çàïðîñû;äîêóìåíò;360;RUCH
ÎÑÖ Íîâîñèáèðñê;Àðõèâ ¹3 Åêàòåðèíáóðã;SZ 153 000 00 00;Ïîèñê è èçúÿòèå çàëîãîâûõ äîêóìåíòîâ èç ñîñòàâà äîñüå;-;00;Çàïðîñû;äîêóìåíò;360;RUCH
ÎÑÖ Ñàìàðà;Àðõèâ ¹1 Ñàìàðà;SZ 153 000 00 00;Ïîèñê è èçúÿòèå çàëîãîâûõ äîêóìåíòîâ èç ñîñòàâà äîñüå;-;00;Çàïðîñû;äîêóìåíò;90;RUCH
ÎÑÖ Âîðîíåæ;Âíå ïîäðàçäåëåíèé;SZ 202 000 00 00;Îáðàáîòêà ôàéëîâ ÓÀÊ| íåðàçìåùåííûõ àâòîìàòè÷åñêè â ÀÑ ÖÀÐÑ;-;00;Çàïðîñû;äîêóìåíò/ ôàéë;0;RUCH
ÎÑÖ Âîðîíåæ;Àðõèâ ¹1 Âîðîíåæ;SZ 202 000 00 00;Îáðàáîòêà ôàéëîâ ÓÀÊ| íåðàçìåùåííûõ àâòîìàòè÷åñêè â ÀÑ ÖÀÐÑ;-;00;Çàïðîñû;äîêóìåíò/ ôàéë;0;RUCH
ÎÑÖ Âîðîíåæ;Àðõèâ ¹3 Êàëèíèíãðàä;SZ 202 000 00 00;Îáðàáîòêà ôàéëîâ ÓÀÊ| íåðàçìåùåííûõ àâòîìàòè÷åñêè â ÀÑ ÖÀÐÑ;-;00;Çàïðîñû;äîêóìåíò/ ôàéë;0;RUCH
ÎÑÖ Âîðîíåæ;Àðõèâ ¹4 Ñàíêò-Ïåòåðáóðã;SZ 202 000 00 00;Îáðàáîòêà ôàéëîâ ÓÀÊ| íåðàçìåùåííûõ àâòîìàòè÷åñêè â ÀÑ ÖÀÐÑ;-;00;Çàïðîñû;äîêóìåíò/ ôàéë;0;RUCH
ÎÑÖ Âîðîíåæ;Âíå ïîäðàçäåëåíèé;NO 006 009 00 00;Âåäåíèå è ïîäãîòîâêà òàáåëÿ. Êîíñóëüòèðîâàíèå ñîòðóäíèêîâ ïî ðàáîòå â ÀÑ ÏÓËÜÑ;-;00;Íåïðîèçâîäñòâåííûå;ìèíóòà;60;RUCH
ÎÑÖ Âîðîíåæ;Àðõèâ ¹1 Âîðîíåæ;NO 006 009 00 00;Âåäåíèå è ïîäãîòîâêà òàáåëÿ. Êîíñóëüòèðîâàíèå ñîòðóäíèêîâ ïî ðàáîòå â ÀÑ ÏÓËÜÑ;-;00;Íåïðîèçâîäñòâåííûå;ìèíóòà;60;RUCH
ÎÑÖ Âîðîíåæ;Àðõèâ ¹2 Ñòàâðîïîëü;NO 006 009 00 00;Âåäåíèå è ïîäãîòîâêà òàáåëÿ. Êîíñóëüòèðîâàíèå ñîòðóäíèêîâ ïî ðàáîòå â ÀÑ ÏÓËÜÑ;-;00;Íåïðîèçâîäñòâåííûå;ìèíóòà;60;RUCH
ÎÑÖ Âîðîíåæ;Àðõèâ ¹3 Êàëèíèíãðàä;NO 006 009 00 00;Âåäåíèå è ïîäãîòîâêà òàáåëÿ. Êîíñóëüòèðîâàíèå ñîòðóäíèêîâ ïî ðàáîòå â ÀÑ ÏÓËÜÑ;-;00;Íåïðîèçâîäñòâåííûå;ìèíóòà;60;RUCH
ÎÑÖ Âîðîíåæ;Àðõèâ ¹4 Ñàíêò-Ïåòåðáóðã;NO 006 009 00 00;Âåäåíèå è ïîäãîòîâêà òàáåëÿ. Êîíñóëüòèðîâàíèå ñîòðóäíèêîâ ïî ðàáîòå â ÀÑ ÏÓËÜÑ;-;00;Íåïðîèçâîäñòâåííûå;ìèíóòà;60;RUCH
ÎÑÖ Ìîñêâà;Âíå ïîäðàçäåëåíèé;NO 006 009 00 00;Âåäåíèå è ïîäãîòîâêà òàáåëÿ. Êîíñóëüòèðîâàíèå ñîòðóäíèêîâ ïî ðàáîòå â ÀÑ ÏÓËÜÑ;-;00;Íåïðîèçâîäñòâåííûå;ìèíóòà;60;RUCH
ÎÑÖ Ìîñêâà;Àðõèâ ¹1 Òîìèëèíî;NO 006 009 00 00;Âåäåíèå è ïîäãîòîâêà òàáåëÿ. Êîíñóëüòèðîâàíèå ñîòðóäíèêîâ ïî ðàáîòå â ÀÑ ÏÓËÜÑ;-;00;Íåïðîèçâîäñòâåííûå;ìèíóòà;60;RUCH
ÎÑÖ Íèæíèé Íîâãîðîä;Âíå ïîäðàçäåëåíèé;NO 006 009 00 00;Âåäåíèå è ïîäãîòîâêà òàáåëÿ. Êîíñóëüòèðîâàíèå ñîòðóäíèêîâ ïî ðàáîòå â ÀÑ ÏÓËÜÑ;-;00;Íåïðîèçâîäñòâåííûå;ìèíóòà;60;RUCH
ÎÑÖ Íèæíèé Íîâãîðîä;Àðõèâ ¹1 Íèæíèé Íîâãîðîä;NO 006 009 00 00;Âåäåíèå è ïîäãîòîâêà òàáåëÿ. Êîíñóëüòèðîâàíèå ñîòðóäíèêîâ ïî ðàáîòå â ÀÑ ÏÓËÜÑ;-;00;Íåïðîèçâîäñòâåííûå;ìèíóòà;60;RUCH
ÎÑÖ Íîâîñèáèðñê;Âíå ïîäðàçäåëåíèé;NO 006 009 00 00;Âåäåíèå è ïîäãîòîâêà òàáåëÿ. Êîíñóëüòèðîâàíèå ñîòðóäíèêîâ ïî ðàáîòå â ÀÑ ÏÓËÜÑ;-;00;Íåïðîèçâîäñòâåííûå;ìèíóòà;60;RUCH
ÎÑÖ Íîâîñèáèðñê;Àðõèâ ¹1 Íîâîñèáèðñê;NO 006 009 00 00;Âåäåíèå è ïîäãîòîâêà òàáåëÿ. Êîíñóëüòèðîâàíèå ñîòðóäíèêîâ ïî ðàáîòå â ÀÑ ÏÓËÜÑ;-;00;Íåïðîèçâîäñòâåííûå;ìèíóòà;60;RUCH
ÎÑÖ Ñàìàðà;Âíå ïîäðàçäåëåíèé;NO 006 009 00 00;Âåäåíèå è ïîäãîòîâêà òàáåëÿ. Êîíñóëüòèðîâàíèå ñîòðóäíèêîâ ïî ðàáîòå â ÀÑ ÏÓËÜÑ;-;00;Íåïðîèçâîäñòâåííûå;ìèíóòà;60;RUCH
ÎÑÖ Íîâîñèáèðñê;Àðõèâ ¹3 Åêàòåðèíáóðã;NO 006 009 00 00;Âåäåíèå è ïîäãîòîâêà òàáåëÿ. Êîíñóëüòèðîâàíèå ñîòðóäíèêîâ ïî ðàáîòå â ÀÑ ÏÓËÜÑ;-;00;Íåïðîèçâîäñòâåííûå;ìèíóòà;60;RUCH
ÎÑÖ Ñàìàðà;Àðõèâ ¹1 Ñàìàðà;NO 006 009 00 00;Âåäåíèå è ïîäãîòîâêà òàáåëÿ. Êîíñóëüòèðîâàíèå ñîòðóäíèêîâ ïî ðàáîòå â ÀÑ ÏÓËÜÑ;-;00;Íåïðîèçâîäñòâåííûå;ìèíóòà;60;RUCH
ÎÑÖ Âîðîíåæ;Âíå ïîäðàçäåëåíèé;NO 008 004 00 00;Åæåäíåâíîå ðàñïðåäåëåíèå  ðåñóðñîâ ïî ïðîöåññàì èñõîäÿ èç âõîäÿùåãî ïîòîêà;-;00;Íåïðîèçâîäñòâåííûå;ìèíóòà;60;RUCH
ÎÑÖ Âîðîíåæ;Àðõèâ ¹1 Âîðîíåæ;NO 008 004 00 00;Åæåäíåâíîå ðàñïðåäåëåíèå  ðåñóðñîâ ïî ïðîöåññàì èñõîäÿ èç âõîäÿùåãî ïîòîêà;-;00;Íåïðîèçâîäñòâåííûå;ìèíóòà;60;RUCH
ÎÑÖ Âîðîíåæ;Àðõèâ ¹2 Ñòàâðîïîëü;NO 008 004 00 00;Åæåäíåâíîå ðàñïðåäåëåíèå  ðåñóðñîâ ïî ïðîöåññàì èñõîäÿ èç âõîäÿùåãî ïîòîêà;-;00;Íåïðîèçâîäñòâåííûå;ìèíóòà;60;RUCH
ÎÑÖ Âîðîíåæ;Àðõèâ ¹3 Êàëèíèíãðàä;NO 008 004 00 00;Åæåäíåâíîå ðàñïðåäåëåíèå  ðåñóðñîâ ïî ïðîöåññàì èñõîäÿ èç âõîäÿùåãî ïîòîêà;-;00;Íåïðîèçâîäñòâåííûå;ìèíóòà;60;RUCH
ÎÑÖ Âîðîíåæ;Àðõèâ ¹4 Ñàíêò-Ïåòåðáóðã;NO 008 004 00 00;Åæåäíåâíîå ðàñïðåäåëåíèå  ðåñóðñîâ ïî ïðîöåññàì èñõîäÿ èç âõîäÿùåãî ïîòîêà;-;00;Íåïðîèçâîäñòâåííûå;ìèíóòà;60;RUCH
ÎÑÖ Ìîñêâà;Âíå ïîäðàçäåëåíèé;NO 008 004 00 00;Åæåäíåâíîå ðàñïðåäåëåíèå  ðåñóðñîâ ïî ïðîöåññàì èñõîäÿ èç âõîäÿùåãî ïîòîêà;-;00;Íåïðîèçâîäñòâåííûå;ìèíóòà;60;RUCH
ÎÑÖ Ìîñêâà;Àðõèâ ¹1 Òîìèëèíî;NO 008 004 00 00;Åæåäíåâíîå ðàñïðåäåëåíèå  ðåñóðñîâ ïî ïðîöåññàì èñõîäÿ èç âõîäÿùåãî ïîòîêà;-;00;Íåïðîèçâîäñòâåííûå;ìèíóòà;60;RUCH
ÎÑÖ Íèæíèé Íîâãîðîä;Âíå ïîäðàçäåëåíèé;NO 008 004 00 00;Åæåäíåâíîå ðàñïðåäåëåíèå  ðåñóðñîâ ïî ïðîöåññàì èñõîäÿ èç âõîäÿùåãî ïîòîêà;-;00;Íåïðîèçâîäñòâåííûå;ìèíóòà;60;RUCH
ÎÑÖ Íèæíèé Íîâãîðîä;Àðõèâ ¹1 Íèæíèé Íîâãîðîä;NO 008 004 00 00;Åæåäíåâíîå ðàñïðåäåëåíèå  ðåñóðñîâ ïî ïðîöåññàì èñõîäÿ èç âõîäÿùåãî ïîòîêà;-;00;Íåïðîèçâîäñòâåííûå;ìèíóòà;60;RUCH
ÎÑÖ Íîâîñèáèðñê;Âíå ïîäðàçäåëåíèé;NO 008 004 00 00;Åæåäíåâíîå ðàñïðåäåëåíèå  ðåñóðñîâ ïî ïðîöåññàì èñõîäÿ èç âõîäÿùåãî ïîòîêà;-;00;Íåïðîèçâîäñòâåííûå;ìèíóòà;60;RUCH
ÎÑÖ Íîâîñèáèðñê;Àðõèâ ¹1 Íîâîñèáèðñê;NO 008 004 00 00;Åæåäíåâíîå ðàñïðåäåëåíèå  ðåñóðñîâ ïî ïðîöåññàì èñõîäÿ èç âõîäÿùåãî ïîòîêà;-;00;Íåïðîèçâîäñòâåííûå;ìèíóòà;60;RUCH
ÎÑÖ Ñàìàðà;Âíå ïîäðàçäåëåíèé;NO 008 004 00 00;Åæåäíåâíîå ðàñïðåäåëåíèå  ðåñóðñîâ ïî ïðîöåññàì èñõîäÿ èç âõîäÿùåãî ïîòîêà;-;00;Íåïðîèçâîäñòâåííûå;ìèíóòà;60;RUCH
ÎÑÖ Íîâîñèáèðñê;Àðõèâ ¹3 Åêàòåðèíáóðã;NO 008 004 00 00;Åæåäíåâíîå ðàñïðåäåëåíèå  ðåñóðñîâ ïî ïðîöåññàì èñõîäÿ èç âõîäÿùåãî ïîòîêà;-;00;Íåïðîèçâîäñòâåííûå;ìèíóòà;60;RUCH
ÎÑÖ Ñàìàðà;Àðõèâ ¹1 Ñàìàðà;NO 008 004 00 00;Åæåäíåâíîå ðàñïðåäåëåíèå  ðåñóðñîâ ïî ïðîöåññàì èñõîäÿ èç âõîäÿùåãî ïîòîêà;-;00;Íåïðîèçâîäñòâåííûå;ìèíóòà;60;RUCH
ÎÑÖ Âîðîíåæ;Âíå ïîäðàçäåëåíèé;NO 009 002 00 00;Ðèñê-êîîðäèíàòîð;-;00;Íåïðîèçâîäñòâåííûå;ìèíóòà;60;RUCH
ÎÑÖ Âîðîíåæ;Àðõèâ ¹1 Âîðîíåæ;NO 009 002 00 00;Ðèñê-êîîðäèíàòîð;-;00;Íåïðîèçâîäñòâåííûå;ìèíóòà;60;RUCH
ÎÑÖ Âîðîíåæ;Àðõèâ ¹2 Ñòàâðîïîëü;NO 009 002 00 00;Ðèñê-êîîðäèíàòîð;-;00;Íåïðîèçâîäñòâåííûå;ìèíóòà;60;RUCH
ÎÑÖ Âîðîíåæ;Àðõèâ ¹3 Êàëèíèíãðàä;NO 009 002 00 00;Ðèñê-êîîðäèíàòîð;-;00;Íåïðîèçâîäñòâåííûå;ìèíóòà;60;RUCH
ÎÑÖ Âîðîíåæ;Àðõèâ ¹4 Ñàíêò-Ïåòåðáóðã;NO 009 002 00 00;Ðèñê-êîîðäèíàòîð;-;00;Íåïðîèçâîäñòâåííûå;ìèíóòà;60;RUCH
ÎÑÖ Ìîñêâà;Âíå ïîäðàçäåëåíèé;NO 009 002 00 00;Ðèñê-êîîðäèíàòîð;-;00;Íåïðîèçâîäñòâåííûå;ìèíóòà;60;RUCH
ÎÑÖ Ìîñêâà;Àðõèâ ¹1 Òîìèëèíî;NO 009 002 00 00;Ðèñê-êîîðäèíàòîð;-;00;Íåïðîèçâîäñòâåííûå;ìèíóòà;60;RUCH
ÎÑÖ Íèæíèé Íîâãîðîä;Âíå ïîäðàçäåëåíèé;NO 009 002 00 00;Ðèñê-êîîðäèíàòîð;-;00;Íåïðîèçâîäñòâåííûå;ìèíóòà;60;RUCH
ÎÑÖ Íèæíèé Íîâãîðîä;Àðõèâ ¹1 Íèæíèé Íîâãîðîä;NO 009 002 00 00;Ðèñê-êîîðäèíàòîð;-;00;Íåïðîèçâîäñòâåííûå;ìèíóòà;60;RUCH
ÎÑÖ Íîâîñèáèðñê;Âíå ïîäðàçäåëåíèé;NO 009 002 00 00;Ðèñê-êîîðäèíàòîð;-;00;Íåïðîèçâîäñòâåííûå;ìèíóòà;60;RUCH
ÎÑÖ Íîâîñèáèðñê;Àðõèâ ¹1 Íîâîñèáèðñê;NO 009 002 00 00;Ðèñê-êîîðäèíàòîð;-;00;Íåïðîèçâîäñòâåííûå;ìèíóòà;60;RUCH
ÎÑÖ Ñàìàðà;Âíå ïîäðàçäåëåíèé;NO 009 002 00 00;Ðèñê-êîîðäèíàòîð;-;00;Íåïðîèçâîäñòâåííûå;ìèíóòà;60;RUCH
ÎÑÖ Íîâîñèáèðñê;Àðõèâ ¹3 Åêàòåðèíáóðã;NO 009 002 00 00;Ðèñê-êîîðäèíàòîð;-;00;Íåïðîèçâîäñòâåííûå;ìèíóòà;60;RUCH
ÎÑÖ Ñàìàðà;Àðõèâ ¹1 Ñàìàðà;NO 009 002 00 00;Ðèñê-êîîðäèíàòîð;-;00;Íåïðîèçâîäñòâåííûå;ìèíóòà;60;RUCH
ÎÑÖ Âîðîíåæ;Âíå ïîäðàçäåëåíèé;NO 009 007 00 00;Âîïðîñû êèáåðáåçîïàñíîñòè| â ò.÷. ôóíêöèè ÀÈÁ;-;00;Íåïðîèçâîäñòâåííûå;ìèíóòà;60;RUCH
ÎÑÖ Âîðîíåæ;Àðõèâ ¹1 Âîðîíåæ;NO 009 007 00 00;Âîïðîñû êèáåðáåçîïàñíîñòè| â ò.÷. ôóíêöèè ÀÈÁ;-;00;Íåïðîèçâîäñòâåííûå;ìèíóòà;60;RUCH
ÎÑÖ Âîðîíåæ;Àðõèâ ¹2 Ñòàâðîïîëü;NO 009 007 00 00;Âîïðîñû êèáåðáåçîïàñíîñòè| â ò.÷. ôóíêöèè ÀÈÁ;-;00;Íåïðîèçâîäñòâåííûå;ìèíóòà;60;RUCH
ÎÑÖ Âîðîíåæ;Àðõèâ ¹3 Êàëèíèíãðàä;NO 009 007 00 00;Âîïðîñû êèáåðáåçîïàñíîñòè| â ò.÷. ôóíêöèè ÀÈÁ;-;00;Íåïðîèçâîäñòâåííûå;ìèíóòà;60;RUCH
ÎÑÖ Âîðîíåæ;Àðõèâ ¹4 Ñàíêò-Ïåòåðáóðã;NO 009 007 00 00;Âîïðîñû êèáåðáåçîïàñíîñòè| â ò.÷. ôóíêöèè ÀÈÁ;-;00;Íåïðîèçâîäñòâåííûå;ìèíóòà;60;RUCH
ÎÑÖ Ìîñêâà;Âíå ïîäðàçäåëåíèé;NO 009 007 00 00;Âîïðîñû êèáåðáåçîïàñíîñòè| â ò.÷. ôóíêöèè ÀÈÁ;-;00;Íåïðîèçâîäñòâåííûå;ìèíóòà;60;RUCH
ÎÑÖ Ìîñêâà;Àðõèâ ¹1 Òîìèëèíî;NO 009 007 00 00;Âîïðîñû êèáåðáåçîïàñíîñòè| â ò.÷. ôóíêöèè ÀÈÁ;-;00;Íåïðîèçâîäñòâåííûå;ìèíóòà;60;RUCH
ÎÑÖ Íèæíèé Íîâãîðîä;Âíå ïîäðàçäåëåíèé;NO 009 007 00 00;Âîïðîñû êèáåðáåçîïàñíîñòè| â ò.÷. ôóíêöèè ÀÈÁ;-;00;Íåïðîèçâîäñòâåííûå;ìèíóòà;60;RUCH
ÎÑÖ Íèæíèé Íîâãîðîä;Àðõèâ ¹1 Íèæíèé Íîâãîðîä;NO 009 007 00 00;Âîïðîñû êèáåðáåçîïàñíîñòè| â ò.÷. ôóíêöèè ÀÈÁ;-;00;Íåïðîèçâîäñòâåííûå;ìèíóòà;60;RUCH
ÎÑÖ Íîâîñèáèðñê;Âíå ïîäðàçäåëåíèé;NO 009 007 00 00;Âîïðîñû êèáåðáåçîïàñíîñòè| â ò.÷. ôóíêöèè ÀÈÁ;-;00;Íåïðîèçâîäñòâåííûå;ìèíóòà;60;RUCH
ÎÑÖ Âîðîíåæ;Âíå ïîäðàçäåëåíèé;SZ 055 000 00 00;Ïåðåäà÷à êîðîáîâ â ëîãèñòèêó ïî îòðàáîòàííûì çàÿâêàì;-;00;Çàïðîñû;ÀÊ;60;RUCH
ÎÑÖ Âîðîíåæ;Àðõèâ ¹1 Âîðîíåæ;SZ 055 000 00 00;Ïåðåäà÷à êîðîáîâ â ëîãèñòèêó ïî îòðàáîòàííûì çàÿâêàì;-;00;Çàïðîñû;ÀÊ;43,227;RUCH
ÎÑÖ Âîðîíåæ;Àðõèâ ¹3 Êàëèíèíãðàä;SZ 055 000 00 00;Ïåðåäà÷à êîðîáîâ â ëîãèñòèêó ïî îòðàáîòàííûì çàÿâêàì;-;00;Çàïðîñû;ÀÊ;0;RUCH
ÎÑÖ Âîðîíåæ;Àðõèâ ¹4 Ñàíêò-Ïåòåðáóðã;SZ 055 000 00 00;Ïåðåäà÷à êîðîáîâ â ëîãèñòèêó ïî îòðàáîòàííûì çàÿâêàì;-;00;Çàïðîñû;ÀÊ;34,233;RUCH
ÎÑÖ Ìîñêâà;Âíå ïîäðàçäåëåíèé;SZ 055 000 00 00;Ïåðåäà÷à êîðîáîâ â ëîãèñòèêó ïî îòðàáîòàííûì çàÿâêàì;-;00;Çàïðîñû;ÀÊ;60;RUCH
ÎÑÖ Ìîñêâà;Àðõèâ ¹1 Òîìèëèíî;SZ 055 000 00 00;Ïåðåäà÷à êîðîáîâ â ëîãèñòèêó ïî îòðàáîòàííûì çàÿâêàì;-;00;Çàïðîñû;ÀÊ;25,5;RUCH
ÎÑÖ Íèæíèé Íîâãîðîä;Âíå ïîäðàçäåëåíèé;SZ 055 000 00 00;Ïåðåäà÷à êîðîáîâ â ëîãèñòèêó ïî îòðàáîòàííûì çàÿâêàì;-;00;Çàïðîñû;ÀÊ;60;RUCH
ÎÑÖ Íèæíèé Íîâãîðîä;Àðõèâ ¹1 Íèæíèé Íîâãîðîä;SZ 055 000 00 00;Ïåðåäà÷à êîðîáîâ â ëîãèñòèêó ïî îòðàáîòàííûì çàÿâêàì;-;00;Çàïðîñû;ÀÊ;43,897;RUCH
ÎÑÖ Íîâîñèáèðñê;Âíå ïîäðàçäåëåíèé;SZ 055 000 00 00;Ïåðåäà÷à êîðîáîâ â ëîãèñòèêó ïî îòðàáîòàííûì çàÿâêàì;-;00;Çàïðîñû;ÀÊ;60;RUCH
ÎÑÖ Íîâîñèáèðñê;Àðõèâ ¹1 Íîâîñèáèðñê;SZ 055 000 00 00;Ïåðåäà÷à êîðîáîâ â ëîãèñòèêó ïî îòðàáîòàííûì çàÿâêàì;-;00;Çàïðîñû;ÀÊ;27,909;RUCH
ÎÑÖ Ñàìàðà;Âíå ïîäðàçäåëåíèé;SZ 055 000 00 00;Ïåðåäà÷à êîðîáîâ â ëîãèñòèêó ïî îòðàáîòàííûì çàÿâêàì;-;00;Çàïðîñû;ÀÊ;60;RUCH
ÎÑÖ Íîâîñèáèðñê;Àðõèâ ¹3 Åêàòåðèíáóðã;SZ 055 000 00 00;Ïåðåäà÷à êîðîáîâ â ëîãèñòèêó ïî îòðàáîòàííûì çàÿâêàì;-;00;Çàïðîñû;ÀÊ;28,127;RUCH
ÎÑÖ Ñàìàðà;Àðõèâ ¹1 Ñàìàðà;SZ 055 000 00 00;Ïåðåäà÷à êîðîáîâ â ëîãèñòèêó ïî îòðàáîòàííûì çàÿâêàì;-;00;Çàïðîñû;ÀÊ;0;RUCH
ÎÑÖ Âîðîíåæ;Âíå ïîäðàçäåëåíèé;SZ 056 000 00 00;Ïåðåäà÷à äîêóìåíòîâ â ÎÎÄÁÍ ÎÖ/ êóðüåðñêîé ñëóæáå äëÿ ïåðåñûëêè çàêàç÷èêó;-;00;Çàïðîñû;îòïðàâêà;200;RUCH
ÎÑÖ Âîðîíåæ;Àðõèâ ¹1 Âîðîíåæ;SZ 056 000 00 00;Ïåðåäà÷à äîêóìåíòîâ â ÎÎÄÁÍ ÎÖ/ êóðüåðñêîé ñëóæáå äëÿ ïåðåñûëêè çàêàç÷èêó;-;00;Çàïðîñû;îòïðàâêà;200;RUCH
ÎÑÖ Âîðîíåæ;Àðõèâ ¹3 Êàëèíèíãðàä;SZ 056 000 00 00;Ïåðåäà÷à äîêóìåíòîâ â ÎÎÄÁÍ ÎÖ/ êóðüåðñêîé ñëóæáå äëÿ ïåðåñûëêè çàêàç÷èêó;-;00;Çàïðîñû;îòïðàâêà;200;RUCH
ÎÑÖ Âîðîíåæ;Àðõèâ ¹4 Ñàíêò-Ïåòåðáóðã;SZ 056 000 00 00;Ïåðåäà÷à äîêóìåíòîâ â ÎÎÄÁÍ ÎÖ/ êóðüåðñêîé ñëóæáå äëÿ ïåðåñûëêè çàêàç÷èêó;-;00;Çàïðîñû;îòïðàâêà;200;RUCH
ÎÑÖ Ìîñêâà;Âíå ïîäðàçäåëåíèé;SZ 056 000 00 00;Ïåðåäà÷à äîêóìåíòîâ â ÎÎÄÁÍ ÎÖ/ êóðüåðñêîé ñëóæáå äëÿ ïåðåñûëêè çàêàç÷èêó;-;00;Çàïðîñû;îòïðàâêà;200;RUCH
ÎÑÖ Ìîñêâà;Àðõèâ ¹1 Òîìèëèíî;SZ 056 000 00 00;Ïåðåäà÷à äîêóìåíòîâ â ÎÎÄÁÍ ÎÖ/ êóðüåðñêîé ñëóæáå äëÿ ïåðåñûëêè çàêàç÷èêó;-;00;Çàïðîñû;îòïðàâêà;200;RUCH
ÎÑÖ Íèæíèé Íîâãîðîä;Âíå ïîäðàçäåëåíèé;SZ 056 000 00 00;Ïåðåäà÷à äîêóìåíòîâ â ÎÎÄÁÍ ÎÖ/ êóðüåðñêîé ñëóæáå äëÿ ïåðåñûëêè çàêàç÷èêó;-;00;Çàïðîñû;îòïðàâêà;200;RUCH
ÎÑÖ Íèæíèé Íîâãîðîä;Àðõèâ ¹1 Íèæíèé Íîâãîðîä;SZ 056 000 00 00;Ïåðåäà÷à äîêóìåíòîâ â ÎÎÄÁÍ ÎÖ/ êóðüåðñêîé ñëóæáå äëÿ ïåðåñûëêè çàêàç÷èêó;-;00;Çàïðîñû;îòïðàâêà;200;RUCH
ÎÑÖ Íîâîñèáèðñê;Âíå ïîäðàçäåëåíèé;SZ 056 000 00 00;Ïåðåäà÷à äîêóìåíòîâ â ÎÎÄÁÍ ÎÖ/ êóðüåðñêîé ñëóæáå äëÿ ïåðåñûëêè çàêàç÷èêó;-;00;Çàïðîñû;îòïðàâêà;200;RUCH
ÎÑÖ Íîâîñèáèðñê;Àðõèâ ¹1 Íîâîñèáèðñê;SZ 056 000 00 00;Ïåðåäà÷à äîêóìåíòîâ â ÎÎÄÁÍ ÎÖ/ êóðüåðñêîé ñëóæáå äëÿ ïåðåñûëêè çàêàç÷èêó;-;00;Çàïðîñû;îòïðàâêà;200;RUCH
ÎÑÖ Ñàìàðà;Âíå ïîäðàçäåëåíèé;SZ 056 000 00 00;Ïåðåäà÷à äîêóìåíòîâ â ÎÎÄÁÍ ÎÖ/ êóðüåðñêîé ñëóæáå äëÿ ïåðåñûëêè çàêàç÷èêó;-;00;Çàïðîñû;îòïðàâêà;200;RUCH
ÎÑÖ Íîâîñèáèðñê;Àðõèâ ¹3 Åêàòåðèíáóðã;SZ 056 000 00 00;Ïåðåäà÷à äîêóìåíòîâ â ÎÎÄÁÍ ÎÖ/ êóðüåðñêîé ñëóæáå äëÿ ïåðåñûëêè çàêàç÷èêó;-;00;Çàïðîñû;îòïðàâêà;200;RUCH
ÎÑÖ Ñàìàðà;Àðõèâ ¹1 Ñàìàðà;SZ 056 000 00 00;Ïåðåäà÷à äîêóìåíòîâ â ÎÎÄÁÍ ÎÖ/ êóðüåðñêîé ñëóæáå äëÿ ïåðåñûëêè çàêàç÷èêó;-;00;Çàïðîñû;îòïðàâêà;200;RUCH
ÎÑÖ Âîðîíåæ;Àðõèâ ¹1 Âîðîíåæ;SZ 203 000 00 00;Ïåðåäà÷à Äîêóìåíòîâ íà ïåðåðåãèñòðàöèþ ïî ôàêòó ñîñòàâëåíèÿ Àêòà î âûÿâëåííûõ íàðóøåíèÿõ ïðè ðåãèñòðàöèè Êîìïëåêòîâ äîêóìåíòîâ ïî ôîðìå Ïðèëîæåíèÿ 23 - ÀÑ ÖÀÐÑ;-;00;Çàïðîñû;Àêò;120;RUCH
ÎÑÖ Âîðîíåæ;Àðõèâ ¹3 Êàëèíèíãðàä;SZ 203 000 00 00;Ïåðåäà÷à Äîêóìåíòîâ íà ïåðåðåãèñòðàöèþ ïî ôàêòó ñîñòàâëåíèÿ Àêòà î âûÿâëåííûõ íàðóøåíèÿõ ïðè ðåãèñòðàöèè Êîìïëåêòîâ äîêóìåíòîâ ïî ôîðìå Ïðèëîæåíèÿ 23 - ÀÑ ÖÀÐÑ;-;00;Çàïðîñû;Àêò;120;RUCH
ÎÑÖ Âîðîíåæ;Àðõèâ ¹4 Ñàíêò-Ïåòåðáóðã;SZ 203 000 00 00;Ïåðåäà÷à Äîêóìåíòîâ íà ïåðåðåãèñòðàöèþ ïî ôàêòó ñîñòàâëåíèÿ Àêòà î âûÿâëåííûõ íàðóøåíèÿõ ïðè ðåãèñòðàöèè Êîìïëåêòîâ äîêóìåíòîâ ïî ôîðìå Ïðèëîæåíèÿ 23 - ÀÑ ÖÀÐÑ;-;00;Çàïðîñû;Àêò;120;RUCH
ÎÑÖ Ìîñêâà;Àðõèâ ¹1 Òîìèëèíî;SZ 203 000 00 00;Ïåðåäà÷à Äîêóìåíòîâ íà ïåðåðåãèñòðàöèþ ïî ôàêòó ñîñòàâëåíèÿ Àêòà î âûÿâëåííûõ íàðóøåíèÿõ ïðè ðåãèñòðàöèè Êîìïëåêòîâ äîêóìåíòîâ ïî ôîðìå Ïðèëîæåíèÿ 23 - ÀÑ ÖÀÐÑ;-;00;Çàïðîñû;Àêò;120;RUCH
ÎÑÖ Íèæíèé Íîâãîðîä;Àðõèâ ¹1 Íèæíèé Íîâãîðîä;SZ 203 000 00 00;Ïåðåäà÷à Äîêóìåíòîâ íà ïåðåðåãèñòðàöèþ ïî ôàêòó ñîñòàâëåíèÿ Àêòà î âûÿâëåííûõ íàðóøåíèÿõ ïðè ðåãèñòðàöèè Êîìïëåêòîâ äîêóìåíòîâ ïî ôîðìå Ïðèëîæåíèÿ 23 - ÀÑ ÖÀÐÑ;-;00;Çàïðîñû;Àêò;120;RUCH
ÎÑÖ Íîâîñèáèðñê;Àðõèâ ¹1 Íîâîñèáèðñê;SZ 203 000 00 00;Ïåðåäà÷à Äîêóìåíòîâ íà ïåðåðåãèñòðàöèþ ïî ôàêòó ñîñòàâëåíèÿ Àêòà î âûÿâëåííûõ íàðóøåíèÿõ ïðè ðåãèñòðàöèè Êîìïëåêòîâ äîêóìåíòîâ ïî ôîðìå Ïðèëîæåíèÿ 23 - ÀÑ ÖÀÐÑ;-;00;Çàïðîñû;Àêò;120;RUCH
ÎÑÖ Íîâîñèáèðñê;Àðõèâ ¹3 Åêàòåðèíáóðã;SZ 203 000 00 00;Ïåðåäà÷à Äîêóìåíòîâ íà ïåðåðåãèñòðàöèþ ïî ôàêòó ñîñòàâëåíèÿ Àêòà î âûÿâëåííûõ íàðóøåíèÿõ ïðè ðåãèñòðàöèè Êîìïëåêòîâ äîêóìåíòîâ ïî ôîðìå Ïðèëîæåíèÿ 23 - ÀÑ ÖÀÐÑ;-;00;Çàïðîñû;Àêò;120;RUCH
ÎÑÖ Ñàìàðà;Àðõèâ ¹1 Ñàìàðà;SZ 203 000 00 00;Ïåðåäà÷à Äîêóìåíòîâ íà ïåðåðåãèñòðàöèþ ïî ôàêòó ñîñòàâëåíèÿ Àêòà î âûÿâëåííûõ íàðóøåíèÿõ ïðè ðåãèñòðàöèè Êîìïëåêòîâ äîêóìåíòîâ ïî ôîðìå Ïðèëîæåíèÿ 23 - ÀÑ ÖÀÐÑ;-;00;Çàïðîñû;Àêò;120;RUCH
ÎÑÖ Âîðîíåæ;Âíå ïîäðàçäåëåíèé;SZ 059 000 00 00;Ìîíèòîðèíã è ïåðåàäðåñàöèÿ âõîäÿùåé êîððåñïîíäåíöèè ñ ÒÏß;-;00;Çàïðîñû;äîêóìåíò;154;RUCH
ÎÑÖ Âîðîíåæ;Àðõèâ ¹1 Âîðîíåæ;SZ 059 000 00 00;Ìîíèòîðèíã è ïåðåàäðåñàöèÿ âõîäÿùåé êîððåñïîíäåíöèè ñ ÒÏß;-;00;Çàïðîñû;äîêóìåíò;0;RUCH
ÎÑÖ Âîðîíåæ;Àðõèâ ¹3 Êàëèíèíãðàä;SZ 059 000 00 00;Ìîíèòîðèíã è ïåðåàäðåñàöèÿ âõîäÿùåé êîððåñïîíäåíöèè ñ ÒÏß;-;00;Çàïðîñû;äîêóìåíò;0;RUCH
ÎÑÖ Âîðîíåæ;Àðõèâ ¹4 Ñàíêò-Ïåòåðáóðã;SZ 059 000 00 00;Ìîíèòîðèíã è ïåðåàäðåñàöèÿ âõîäÿùåé êîððåñïîíäåíöèè ñ ÒÏß;-;00;Çàïðîñû;äîêóìåíò;0;RUCH
ÎÑÖ Ìîñêâà;Âíå ïîäðàçäåëåíèé;SZ 059 000 00 00;Ìîíèòîðèíã è ïåðåàäðåñàöèÿ âõîäÿùåé êîððåñïîíäåíöèè ñ ÒÏß;-;00;Çàïðîñû;äîêóìåíò;154;RUCH
ÎÑÖ Ìîñêâà;Àðõèâ ¹1 Òîìèëèíî;SZ 059 000 00 00;Ìîíèòîðèíã è ïåðåàäðåñàöèÿ âõîäÿùåé êîððåñïîíäåíöèè ñ ÒÏß;-;00;Çàïðîñû;äîêóìåíò;117;RUCH
ÎÑÖ Íèæíèé Íîâãîðîä;Âíå ïîäðàçäåëåíèé;SZ 059 000 00 00;Ìîíèòîðèíã è ïåðåàäðåñàöèÿ âõîäÿùåé êîððåñïîíäåíöèè ñ ÒÏß;-;00;Çàïðîñû;äîêóìåíò;154;RUCH
ÎÑÖ Íèæíèé Íîâãîðîä;Àðõèâ ¹1 Íèæíèé Íîâãîðîä;SZ 059 000 00 00;Ìîíèòîðèíã è ïåðåàäðåñàöèÿ âõîäÿùåé êîððåñïîíäåíöèè ñ ÒÏß;-;00;Çàïðîñû;äîêóìåíò;0;RUCH
ÎÑÖ Íîâîñèáèðñê;Âíå ïîäðàçäåëåíèé;SZ 059 000 00 00;Ìîíèòîðèíã è ïåðåàäðåñàöèÿ âõîäÿùåé êîððåñïîíäåíöèè ñ ÒÏß;-;00;Çàïðîñû;äîêóìåíò;154;RUCH
ÎÑÖ Íîâîñèáèðñê;Àðõèâ ¹1 Íîâîñèáèðñê;SZ 059 000 00 00;Ìîíèòîðèíã è ïåðåàäðåñàöèÿ âõîäÿùåé êîððåñïîíäåíöèè ñ ÒÏß;-;00;Çàïðîñû;äîêóìåíò;0;RUCH
ÎÑÖ Ñàìàðà;Âíå ïîäðàçäåëåíèé;SZ 059 000 00 00;Ìîíèòîðèíã è ïåðåàäðåñàöèÿ âõîäÿùåé êîððåñïîíäåíöèè ñ ÒÏß;-;00;Çàïðîñû;äîêóìåíò;154;RUCH
ÎÑÖ Íîâîñèáèðñê;Àðõèâ ¹3 Åêàòåðèíáóðã;SZ 059 000 00 00;Ìîíèòîðèíã è ïåðåàäðåñàöèÿ âõîäÿùåé êîððåñïîíäåíöèè ñ ÒÏß;-;00;Çàïðîñû;äîêóìåíò;0;RUCH
ÎÑÖ Ñàìàðà;Àðõèâ ¹1 Ñàìàðà;SZ 059 000 00 00;Ìîíèòîðèíã è ïåðåàäðåñàöèÿ âõîäÿùåé êîððåñïîíäåíöèè ñ ÒÏß;-;00;Çàïðîñû;äîêóìåíò;0;RUCH
ÎÑÖ Âîðîíåæ;Âíå ïîäðàçäåëåíèé;NO 008 001 00 00;Àíàëèç è êîíòðîëü ïðîèçâîäñòâåííûõ ïîêàçàòåëåé ñåðâèñà èíñòðóìåíòàìè Êàäðèëü| Äàøáîðä| êîíòðîëüíûå ïàíåëè;-;00;Íåïðîèçâîäñòâåííûå;ìèíóòà;60;RUCH
ÎÑÖ Âîðîíåæ;Àðõèâ ¹1 Âîðîíåæ;NO 008 001 00 00;Àíàëèç è êîíòðîëü ïðîèçâîäñòâåííûõ ïîêàçàòåëåé ñåðâèñà èíñòðóìåíòàìè Êàäðèëü| Äàøáîðä| êîíòðîëüíûå ïàíåëè;-;00;Íåïðîèçâîäñòâåííûå;ìèíóòà;60;RUCH
ÎÑÖ Âîðîíåæ;Àðõèâ ¹2 Ñòàâðîïîëü;NO 008 001 00 00;Àíàëèç è êîíòðîëü ïðîèçâîäñòâåííûõ ïîêàçàòåëåé ñåðâèñà èíñòðóìåíòàìè Êàäðèëü| Äàøáîðä| êîíòðîëüíûå ïàíåëè;-;00;Íåïðîèçâîäñòâåííûå;ìèíóòà;60;RUCH
ÎÑÖ Âîðîíåæ;Àðõèâ ¹3 Êàëèíèíãðàä;NO 008 001 00 00;Àíàëèç è êîíòðîëü ïðîèçâîäñòâåííûõ ïîêàçàòåëåé ñåðâèñà èíñòðóìåíòàìè Êàäðèëü| Äàøáîðä| êîíòðîëüíûå ïàíåëè;-;00;Íåïðîèçâîäñòâåííûå;ìèíóòà;60;RUCH
ÎÑÖ Âîðîíåæ;Àðõèâ ¹4 Ñàíêò-Ïåòåðáóðã;NO 008 001 00 00;Àíàëèç è êîíòðîëü ïðîèçâîäñòâåííûõ ïîêàçàòåëåé ñåðâèñà èíñòðóìåíòàìè Êàäðèëü| Äàøáîðä| êîíòðîëüíûå ïàíåëè;-;00;Íåïðîèçâîäñòâåííûå;ìèíóòà;60;RUCH
ÎÑÖ Ìîñêâà;Âíå ïîäðàçäåëåíèé;NO 008 001 00 00;Àíàëèç è êîíòðîëü ïðîèçâîäñòâåííûõ ïîêàçàòåëåé ñåðâèñà èíñòðóìåíòàìè Êàäðèëü| Äàøáîðä| êîíòðîëüíûå ïàíåëè;-;00;Íåïðîèçâîäñòâåííûå;ìèíóòà;60;RUCH
ÎÑÖ Ìîñêâà;Àðõèâ ¹1 Òîìèëèíî;NO 008 001 00 00;Àíàëèç è êîíòðîëü ïðîèçâîäñòâåííûõ ïîêàçàòåëåé ñåðâèñà èíñòðóìåíòàìè Êàäðèëü| Äàøáîðä| êîíòðîëüíûå ïàíåëè;-;00;Íåïðîèçâîäñòâåííûå;ìèíóòà;60;RUCH
ÎÑÖ Íèæíèé Íîâãîðîä;Âíå ïîäðàçäåëåíèé;NO 008 001 00 00;Àíàëèç è êîíòðîëü ïðîèçâîäñòâåííûõ ïîêàçàòåëåé ñåðâèñà èíñòðóìåíòàìè Êàäðèëü| Äàøáîðä| êîíòðîëüíûå ïàíåëè;-;00;Íåïðîèçâîäñòâåííûå;ìèíóòà;60;RUCH
ÎÑÖ Íèæíèé Íîâãîðîä;Àðõèâ ¹1 Íèæíèé Íîâãîðîä;NO 008 001 00 00;Àíàëèç è êîíòðîëü ïðîèçâîäñòâåííûõ ïîêàçàòåëåé ñåðâèñà èíñòðóìåíòàìè Êàäðèëü| Äàøáîðä| êîíòðîëüíûå ïàíåëè;-;00;Íåïðîèçâîäñòâåííûå;ìèíóòà;60;RUCH
ÎÑÖ Íîâîñèáèðñê;Âíå ïîäðàçäåëåíèé;NO 008 001 00 00;Àíàëèç è êîíòðîëü ïðîèçâîäñòâåííûõ ïîêàçàòåëåé ñåðâèñà èíñòðóìåíòàìè Êàäðèëü| Äàøáîðä| êîíòðîëüíûå ïàíåëè;-;00;Íåïðîèçâîäñòâåííûå;ìèíóòà;60;RUCH
ÎÑÖ Íîâîñèáèðñê;Àðõèâ ¹1 Íîâîñèáèðñê;NO 008 001 00 00;Àíàëèç è êîíòðîëü ïðîèçâîäñòâåííûõ ïîêàçàòåëåé ñåðâèñà èíñòðóìåíòàìè Êàäðèëü| Äàøáîðä| êîíòðîëüíûå ïàíåëè;-;00;Íåïðîèçâîäñòâåííûå;ìèíóòà;60;RUCH
ÎÑÖ Ñàìàðà;Âíå ïîäðàçäåëåíèé;NO 008 001 00 00;Àíàëèç è êîíòðîëü ïðîèçâîäñòâåííûõ ïîêàçàòåëåé ñåðâèñà èíñòðóìåíòàìè Êàäðèëü| Äàøáîðä| êîíòðîëüíûå ïàíåëè;-;00;Íåïðîèçâîäñòâåííûå;ìèíóòà;60;RUCH
ÎÑÖ Íîâîñèáèðñê;Àðõèâ ¹3 Åêàòåðèíáóðã;NO 008 001 00 00;Àíàëèç è êîíòðîëü ïðîèçâîäñòâåííûõ ïîêàçàòåëåé ñåðâèñà èíñòðóìåíòàìè Êàäðèëü| Äàøáîðä| êîíòðîëüíûå ïàíåëè;-;00;Íåïðîèçâîäñòâåííûå;ìèíóòà;60;RUCH
ÎÑÖ Ñàìàðà;Àðõèâ ¹1 Ñàìàðà;NO 008 001 00 00;Àíàëèç è êîíòðîëü ïðîèçâîäñòâåííûõ ïîêàçàòåëåé ñåðâèñà èíñòðóìåíòàìè Êàäðèëü| Äàøáîðä| êîíòðîëüíûå ïàíåëè;-;00;Íåïðîèçâîäñòâåííûå;ìèíóòà;60;RUCH
ÎÑÖ Âîðîíåæ;Âíå ïîäðàçäåëåíèé;NO 008 002 00 00;Àíàëèç îïåðàöèé è ïðîèçâîäèòåëüíîñòè ñîòðóäíèêîâ â Êàäðèëè;-;00;Íåïðîèçâîäñòâåííûå;ìèíóòà;60;RUCH
ÎÑÖ Âîðîíåæ;Àðõèâ ¹1 Âîðîíåæ;NO 008 002 00 00;Àíàëèç îïåðàöèé è ïðîèçâîäèòåëüíîñòè ñîòðóäíèêîâ â Êàäðèëè;-;00;Íåïðîèçâîäñòâåííûå;ìèíóòà;60;RUCH
ÎÑÖ Âîðîíåæ;Àðõèâ ¹2 Ñòàâðîïîëü;NO 008 002 00 00;Àíàëèç îïåðàöèé è ïðîèçâîäèòåëüíîñòè ñîòðóäíèêîâ â Êàäðèëè;-;00;Íåïðîèçâîäñòâåííûå;ìèíóòà;60;RUCH
ÎÑÖ Âîðîíåæ;Àðõèâ ¹3 Êàëèíèíãðàä;NO 008 002 00 00;Àíàëèç îïåðàöèé è ïðîèçâîäèòåëüíîñòè ñîòðóäíèêîâ â Êàäðèëè;-;00;Íåïðîèçâîäñòâåííûå;ìèíóòà;60;RUCH
ÎÑÖ Âîðîíåæ;Àðõèâ ¹4 Ñàíêò-Ïåòåðáóðã;NO 008 002 00 00;Àíàëèç îïåðàöèé è ïðîèçâîäèòåëüíîñòè ñîòðóäíèêîâ â Êàäðèëè;-;00;Íåïðîèçâîäñòâåííûå;ìèíóòà;60;RUCH
ÎÑÖ Ìîñêâà;Âíå ïîäðàçäåëåíèé;NO 008 002 00 00;Àíàëèç îïåðàöèé è ïðîèçâîäèòåëüíîñòè ñîòðóäíèêîâ â Êàäðèëè;-;00;Íåïðîèçâîäñòâåííûå;ìèíóòà;60;RUCH
ÎÑÖ Ìîñêâà;Àðõèâ ¹1 Òîìèëèíî;NO 008 002 00 00;Àíàëèç îïåðàöèé è ïðîèçâîäèòåëüíîñòè ñîòðóäíèêîâ â Êàäðèëè;-;00;Íåïðîèçâîäñòâåííûå;ìèíóòà;60;RUCH
ÎÑÖ Íèæíèé Íîâãîðîä;Âíå ïîäðàçäåëåíèé;NO 008 002 00 00;Àíàëèç îïåðàöèé è ïðîèçâîäèòåëüíîñòè ñîòðóäíèêîâ â Êàäðèëè;-;00;Íåïðîèçâîäñòâåííûå;ìèíóòà;60;RUCH
ÎÑÖ Íèæíèé Íîâãîðîä;Àðõèâ ¹1 Íèæíèé Íîâãîðîä;NO 008 002 00 00;Àíàëèç îïåðàöèé è ïðîèçâîäèòåëüíîñòè ñîòðóäíèêîâ â Êàäðèëè;-;00;Íåïðîèçâîäñòâåííûå;ìèíóòà;60;RUCH
ÎÑÖ Íîâîñèáèðñê;Âíå ïîäðàçäåëåíèé;NO 008 002 00 00;Àíàëèç îïåðàöèé è ïðîèçâîäèòåëüíîñòè ñîòðóäíèêîâ â Êàäðèëè;-;00;Íåïðîèçâîäñòâåííûå;ìèíóòà;60;RUCH
ÎÑÖ Íîâîñèáèðñê;Àðõèâ ¹1 Íîâîñèáèðñê;NO 008 002 00 00;Àíàëèç îïåðàöèé è ïðîèçâîäèòåëüíîñòè ñîòðóäíèêîâ â Êàäðèëè;-;00;Íåïðîèçâîäñòâåííûå;ìèíóòà;60;RUCH
ÎÑÖ Ñàìàðà;Âíå ïîäðàçäåëåíèé;NO 008 002 00 00;Àíàëèç îïåðàöèé è ïðîèçâîäèòåëüíîñòè ñîòðóäíèêîâ â Êàäðèëè;-;00;Íåïðîèçâîäñòâåííûå;ìèíóòà;60;RUCH
ÎÑÖ Íîâîñèáèðñê;Àðõèâ ¹3 Åêàòåðèíáóðã;NO 008 002 00 00;Àíàëèç îïåðàöèé è ïðîèçâîäèòåëüíîñòè ñîòðóäíèêîâ â Êàäðèëè;-;00;Íåïðîèçâîäñòâåííûå;ìèíóòà;60;RUCH
ÎÑÖ Ñàìàðà;Àðõèâ ¹1 Ñàìàðà;NO 008 002 00 00;Àíàëèç îïåðàöèé è ïðîèçâîäèòåëüíîñòè ñîòðóäíèêîâ â Êàäðèëè;-;00;Íåïðîèçâîäñòâåííûå;ìèíóòà;60;RUCH
ÎÑÖ Âîðîíåæ;Âíå ïîäðàçäåëåíèé;NO 008 003 00 00;Ðàáîòà ñ îòêëîíåíèÿìè/äåôåêòàìè â ïðîöåññå (ðàçáîð êåéñîâ è ïðèíÿòèå ìåð);-;00;Íåïðîèçâîäñòâåííûå;ìèíóòà;60;RUCH
ÎÑÖ Âîðîíåæ;Àðõèâ ¹1 Âîðîíåæ;NO 008 003 00 00;Ðàáîòà ñ îòêëîíåíèÿìè/äåôåêòàìè â ïðîöåññå (ðàçáîð êåéñîâ è ïðèíÿòèå ìåð);-;00;Íåïðîèçâîäñòâåííûå;ìèíóòà;60;RUCH
ÎÑÖ Âîðîíåæ;Àðõèâ ¹2 Ñòàâðîïîëü;NO 008 003 00 00;Ðàáîòà ñ îòêëîíåíèÿìè/äåôåêòàìè â ïðîöåññå (ðàçáîð êåéñîâ è ïðèíÿòèå ìåð);-;00;Íåïðîèçâîäñòâåííûå;ìèíóòà;60;RUCH
ÎÑÖ Âîðîíåæ;Àðõèâ ¹3 Êàëèíèíãðàä;NO 008 003 00 00;Ðàáîòà ñ îòêëîíåíèÿìè/äåôåêòàìè â ïðîöåññå (ðàçáîð êåéñîâ è ïðèíÿòèå ìåð);-;00;Íåïðîèçâîäñòâåííûå;ìèíóòà;60;RUCH
ÎÑÖ Âîðîíåæ;Àðõèâ ¹4 Ñàíêò-Ïåòåðáóðã;NO 008 003 00 00;Ðàáîòà ñ îòêëîíåíèÿìè/äåôåêòàìè â ïðîöåññå (ðàçáîð êåéñîâ è ïðèíÿòèå ìåð);-;00;Íåïðîèçâîäñòâåííûå;ìèíóòà;60;RUCH
ÎÑÖ Ìîñêâà;Âíå ïîäðàçäåëåíèé;NO 008 003 00 00;Ðàáîòà ñ îòêëîíåíèÿìè/äåôåêòàìè â ïðîöåññå (ðàçáîð êåéñîâ è ïðèíÿòèå ìåð);-;00;Íåïðîèçâîäñòâåííûå;ìèíóòà;60;RUCH
ÎÑÖ Ìîñêâà;Àðõèâ ¹1 Òîìèëèíî;NO 008 003 00 00;Ðàáîòà ñ îòêëîíåíèÿìè/äåôåêòàìè â ïðîöåññå (ðàçáîð êåéñîâ è ïðèíÿòèå ìåð);-;00;Íåïðîèçâîäñòâåííûå;ìèíóòà;60;RUCH
ÎÑÖ Íèæíèé Íîâãîðîä;Âíå ïîäðàçäåëåíèé;NO 008 003 00 00;Ðàáîòà ñ îòêëîíåíèÿìè/äåôåêòàìè â ïðîöåññå (ðàçáîð êåéñîâ è ïðèíÿòèå ìåð);-;00;Íåïðîèçâîäñòâåííûå;ìèíóòà;60;RUCH
ÎÑÖ Íèæíèé Íîâãîðîä;Àðõèâ ¹1 Íèæíèé Íîâãîðîä;NO 008 003 00 00;Ðàáîòà ñ îòêëîíåíèÿìè/äåôåêòàìè â ïðîöåññå (ðàçáîð êåéñîâ è ïðèíÿòèå ìåð);-;00;Íåïðîèçâîäñòâåííûå;ìèíóòà;60;RUCH
ÎÑÖ Íîâîñèáèðñê;Âíå ïîäðàçäåëåíèé;NO 008 003 00 00;Ðàáîòà ñ îòêëîíåíèÿìè/äåôåêòàìè â ïðîöåññå (ðàçáîð êåéñîâ è ïðèíÿòèå ìåð);-;00;Íåïðîèçâîäñòâåííûå;ìèíóòà;60;RUCH
ÎÑÖ Íîâîñèáèðñê;Àðõèâ ¹1 Íîâîñèáèðñê;NO 008 003 00 00;Ðàáîòà ñ îòêëîíåíèÿìè/äåôåêòàìè â ïðîöåññå (ðàçáîð êåéñîâ è ïðèíÿòèå ìåð);-;00;Íåïðîèçâîäñòâåííûå;ìèíóòà;60;RUCH
ÎÑÖ Ñàìàðà;Âíå ïîäðàçäåëåíèé;NO 008 003 00 00;Ðàáîòà ñ îòêëîíåíèÿìè/äåôåêòàìè â ïðîöåññå (ðàçáîð êåéñîâ è ïðèíÿòèå ìåð);-;00;Íåïðîèçâîäñòâåííûå;ìèíóòà;60;RUCH
ÎÑÖ Íîâîñèáèðñê;Àðõèâ ¹3 Åêàòåðèíáóðã;NO 008 003 00 00;Ðàáîòà ñ îòêëîíåíèÿìè/äåôåêòàìè â ïðîöåññå (ðàçáîð êåéñîâ è ïðèíÿòèå ìåð);-;00;Íåïðîèçâîäñòâåííûå;ìèíóòà;60;RUCH
ÎÑÖ Ñàìàðà;Àðõèâ ¹1 Ñàìàðà;NO 008 003 00 00;Ðàáîòà ñ îòêëîíåíèÿìè/äåôåêòàìè â ïðîöåññå (ðàçáîð êåéñîâ è ïðèíÿòèå ìåð);-;00;Íåïðîèçâîäñòâåííûå;ìèíóòà;60;RUCH
ÎÑÖ Âîðîíåæ;Âíå ïîäðàçäåëåíèé;NO 033 001 00 00;Êàäðîâûå ìåðîïðèÿòèÿ. Ïðåäëîæåíèÿ ïî êàäðîâûì âîïðîñàì;-;00;Íåïðîèçâîäñòâåííûå;ìèíóòà;60;RUCH
ÎÑÖ Âîðîíåæ;Àðõèâ ¹1 Âîðîíåæ;NO 033 001 00 00;Êàäðîâûå ìåðîïðèÿòèÿ. Ïðåäëîæåíèÿ ïî êàäðîâûì âîïðîñàì;-;00;Íåïðîèçâîäñòâåííûå;ìèíóòà;60;RUCH
ÎÑÖ Âîðîíåæ;Àðõèâ ¹2 Ñòàâðîïîëü;NO 033 001 00 00;Êàäðîâûå ìåðîïðèÿòèÿ. Ïðåäëîæåíèÿ ïî êàäðîâûì âîïðîñàì;-;00;Íåïðîèçâîäñòâåííûå;ìèíóòà;60;RUCH
ÎÑÖ Âîðîíåæ;Àðõèâ ¹3 Êàëèíèíãðàä;NO 033 001 00 00;Êàäðîâûå ìåðîïðèÿòèÿ. Ïðåäëîæåíèÿ ïî êàäðîâûì âîïðîñàì;-;00;Íåïðîèçâîäñòâåííûå;ìèíóòà;60;RUCH
ÎÑÖ Âîðîíåæ;Àðõèâ ¹4 Ñàíêò-Ïåòåðáóðã;NO 033 001 00 00;Êàäðîâûå ìåðîïðèÿòèÿ. Ïðåäëîæåíèÿ ïî êàäðîâûì âîïðîñàì;-;00;Íåïðîèçâîäñòâåííûå;ìèíóòà;60;RUCH
ÎÑÖ Ìîñêâà;Âíå ïîäðàçäåëåíèé;NO 033 001 00 00;Êàäðîâûå ìåðîïðèÿòèÿ. Ïðåäëîæåíèÿ ïî êàäðîâûì âîïðîñàì;-;00;Íåïðîèçâîäñòâåííûå;ìèíóòà;60;RUCH
ÎÑÖ Ìîñêâà;Àðõèâ ¹1 Òîìèëèíî;NO 033 001 00 00;Êàäðîâûå ìåðîïðèÿòèÿ. Ïðåäëîæåíèÿ ïî êàäðîâûì âîïðîñàì;-;00;Íåïðîèçâîäñòâåííûå;ìèíóòà;60;RUCH
ÎÑÖ Íèæíèé Íîâãîðîä;Âíå ïîäðàçäåëåíèé;NO 033 001 00 00;Êàäðîâûå ìåðîïðèÿòèÿ. Ïðåäëîæåíèÿ ïî êàäðîâûì âîïðîñàì;-;00;Íåïðîèçâîäñòâåííûå;ìèíóòà;60;RUCH
ÎÑÖ Íèæíèé Íîâãîðîä;Àðõèâ ¹1 Íèæíèé Íîâãîðîä;NO 033 001 00 00;Êàäðîâûå ìåðîïðèÿòèÿ. Ïðåäëîæåíèÿ ïî êàäðîâûì âîïðîñàì;-;00;Íåïðîèçâîäñòâåííûå;ìèíóòà;60;RUCH
ÎÑÖ Íîâîñèáèðñê;Âíå ïîäðàçäåëåíèé;NO 033 001 00 00;Êàäðîâûå ìåðîïðèÿòèÿ. Ïðåäëîæåíèÿ ïî êàäðîâûì âîïðîñàì;-;00;Íåïðîèçâîäñòâåííûå;ìèíóòà;60;RUCH
ÎÑÖ Íîâîñèáèðñê;Àðõèâ ¹1 Íîâîñèáèðñê;NO 033 001 00 00;Êàäðîâûå ìåðîïðèÿòèÿ. Ïðåäëîæåíèÿ ïî êàäðîâûì âîïðîñàì;-;00;Íåïðîèçâîäñòâåííûå;ìèíóòà;60;RUCH
ÎÑÖ Ñàìàðà;Âíå ïîäðàçäåëåíèé;NO 033 001 00 00;Êàäðîâûå ìåðîïðèÿòèÿ. Ïðåäëîæåíèÿ ïî êàäðîâûì âîïðîñàì;-;00;Íåïðîèçâîäñòâåííûå;ìèíóòà;60;RUCH
ÎÑÖ Íîâîñèáèðñê;Àðõèâ ¹3 Åêàòåðèíáóðã;NO 033 001 00 00;Êàäðîâûå ìåðîïðèÿòèÿ. Ïðåäëîæåíèÿ ïî êàäðîâûì âîïðîñàì;-;00;Íåïðîèçâîäñòâåííûå;ìèíóòà;60;RUCH
ÎÑÖ Ñàìàðà;Àðõèâ ¹1 Ñàìàðà;NO 033 001 00 00;Êàäðîâûå ìåðîïðèÿòèÿ. Ïðåäëîæåíèÿ ïî êàäðîâûì âîïðîñàì;-;00;Íåïðîèçâîäñòâåííûå;ìèíóòà;60;RUCH
ÎÑÖ Âîðîíåæ;Âíå ïîäðàçäåëåíèé;NO 035 001 00 00;Âîâëå÷åííîñòü ñîòðóäíèêîâ| àíàëèç êëèìàòà â êîëëåêòèâå è îðãàíèçàöèÿ êîìàíäîîáðàçóþùèõ ìåðîïðèÿòèé;-;00;Íåïðîèçâîäñòâåííûå;ìèíóòà;60;RUCH
ÎÑÖ Âîðîíåæ;Àðõèâ ¹1 Âîðîíåæ;NO 035 001 00 00;Âîâëå÷åííîñòü ñîòðóäíèêîâ| àíàëèç êëèìàòà â êîëëåêòèâå è îðãàíèçàöèÿ êîìàíäîîáðàçóþùèõ ìåðîïðèÿòèé;-;00;Íåïðîèçâîäñòâåííûå;ìèíóòà;60;RUCH
ÎÑÖ Âîðîíåæ;Àðõèâ ¹2 Ñòàâðîïîëü;NO 035 001 00 00;Âîâëå÷åííîñòü ñîòðóäíèêîâ| àíàëèç êëèìàòà â êîëëåêòèâå è îðãàíèçàöèÿ êîìàíäîîáðàçóþùèõ ìåðîïðèÿòèé;-;00;Íåïðîèçâîäñòâåííûå;ìèíóòà;60;RUCH
ÎÑÖ Âîðîíåæ;Àðõèâ ¹3 Êàëèíèíãðàä;NO 035 001 00 00;Âîâëå÷åííîñòü ñîòðóäíèêîâ| àíàëèç êëèìàòà â êîëëåêòèâå è îðãàíèçàöèÿ êîìàíäîîáðàçóþùèõ ìåðîïðèÿòèé;-;00;Íåïðîèçâîäñòâåííûå;ìèíóòà;60;RUCH
ÎÑÖ Âîðîíåæ;Àðõèâ ¹4 Ñàíêò-Ïåòåðáóðã;NO 035 001 00 00;Âîâëå÷åííîñòü ñîòðóäíèêîâ| àíàëèç êëèìàòà â êîëëåêòèâå è îðãàíèçàöèÿ êîìàíäîîáðàçóþùèõ ìåðîïðèÿòèé;-;00;Íåïðîèçâîäñòâåííûå;ìèíóòà;60;RUCH
ÎÑÖ Ìîñêâà;Âíå ïîäðàçäåëåíèé;NO 035 001 00 00;Âîâëå÷åííîñòü ñîòðóäíèêîâ| àíàëèç êëèìàòà â êîëëåêòèâå è îðãàíèçàöèÿ êîìàíäîîáðàçóþùèõ ìåðîïðèÿòèé;-;00;Íåïðîèçâîäñòâåííûå;ìèíóòà;60;RUCH
ÎÑÖ Ìîñêâà;Àðõèâ ¹1 Òîìèëèíî;NO 035 001 00 00;Âîâëå÷åííîñòü ñîòðóäíèêîâ| àíàëèç êëèìàòà â êîëëåêòèâå è îðãàíèçàöèÿ êîìàíäîîáðàçóþùèõ ìåðîïðèÿòèé;-;00;Íåïðîèçâîäñòâåííûå;ìèíóòà;60;RUCH
ÎÑÖ Íèæíèé Íîâãîðîä;Âíå ïîäðàçäåëåíèé;NO 035 001 00 00;Âîâëå÷åííîñòü ñîòðóäíèêîâ| àíàëèç êëèìàòà â êîëëåêòèâå è îðãàíèçàöèÿ êîìàíäîîáðàçóþùèõ ìåðîïðèÿòèé;-;00;Íåïðîèçâîäñòâåííûå;ìèíóòà;60;RUCH
ÎÑÖ Íèæíèé Íîâãîðîä;Àðõèâ ¹1 Íèæíèé Íîâãîðîä;NO 035 001 00 00;Âîâëå÷åííîñòü ñîòðóäíèêîâ| àíàëèç êëèìàòà â êîëëåêòèâå è îðãàíèçàöèÿ êîìàíäîîáðàçóþùèõ ìåðîïðèÿòèé;-;00;Íåïðîèçâîäñòâåííûå;ìèíóòà;60;RUCH
ÎÑÖ Íîâîñèáèðñê;Âíå ïîäðàçäåëåíèé;NO 035 001 00 00;Âîâëå÷åííîñòü ñîòðóäíèêîâ| àíàëèç êëèìàòà â êîëëåêòèâå è îðãàíèçàöèÿ êîìàíäîîáðàçóþùèõ ìåðîïðèÿòèé;-;00;Íåïðîèçâîäñòâåííûå;ìèíóòà;60;RUCH
ÎÑÖ Íîâîñèáèðñê;Àðõèâ ¹1 Íîâîñèáèðñê;NO 035 001 00 00;Âîâëå÷åííîñòü ñîòðóäíèêîâ| àíàëèç êëèìàòà â êîëëåêòèâå è îðãàíèçàöèÿ êîìàíäîîáðàçóþùèõ ìåðîïðèÿòèé;-;00;Íåïðîèçâîäñòâåííûå;ìèíóòà;60;RUCH
ÎÑÖ Ñàìàðà;Âíå ïîäðàçäåëåíèé;NO 035 001 00 00;Âîâëå÷åííîñòü ñîòðóäíèêîâ| àíàëèç êëèìàòà â êîëëåêòèâå è îðãàíèçàöèÿ êîìàíäîîáðàçóþùèõ ìåðîïðèÿòèé;-;00;Íåïðîèçâîäñòâåííûå;ìèíóòà;60;RUCH
ÎÑÖ Íîâîñèáèðñê;Àðõèâ ¹3 Åêàòåðèíáóðã;NO 035 001 00 00;Âîâëå÷åííîñòü ñîòðóäíèêîâ| àíàëèç êëèìàòà â êîëëåêòèâå è îðãàíèçàöèÿ êîìàíäîîáðàçóþùèõ ìåðîïðèÿòèé;-;00;Íåïðîèçâîäñòâåííûå;ìèíóòà;60;RUCH
ÎÑÖ Ñàìàðà;Àðõèâ ¹1 Ñàìàðà;NO 035 001 00 00;Âîâëå÷åííîñòü ñîòðóäíèêîâ| àíàëèç êëèìàòà â êîëëåêòèâå è îðãàíèçàöèÿ êîìàíäîîáðàçóþùèõ ìåðîïðèÿòèé;-;00;Íåïðîèçâîäñòâåííûå;ìèíóòà;60;RUCH
ÎÑÖ Âîðîíåæ;Âíå ïîäðàçäåëåíèé;NO 037 001 00 00;Ðàáîòà ïî íàïðàâëåíèÿì ÏÁ|ÎÒ| ÝÁ è ÃÎ;-;00;Íåïðîèçâîäñòâåííûå;ìèíóòà;60;RUCH
ÎÑÖ Âîðîíåæ;Àðõèâ ¹1 Âîðîíåæ;NO 037 001 00 00;Ðàáîòà ïî íàïðàâëåíèÿì ÏÁ|ÎÒ| ÝÁ è ÃÎ;-;00;Íåïðîèçâîäñòâåííûå;ìèíóòà;60;RUCH
ÎÑÖ Âîðîíåæ;Àðõèâ ¹2 Ñòàâðîïîëü;NO 037 001 00 00;Ðàáîòà ïî íàïðàâëåíèÿì ÏÁ|ÎÒ| ÝÁ è ÃÎ;-;00;Íåïðîèçâîäñòâåííûå;ìèíóòà;60;RUCH
ÎÑÖ Âîðîíåæ;Àðõèâ ¹3 Êàëèíèíãðàä;NO 037 001 00 00;Ðàáîòà ïî íàïðàâëåíèÿì ÏÁ|ÎÒ| ÝÁ è ÃÎ;-;00;Íåïðîèçâîäñòâåííûå;ìèíóòà;60;RUCH
ÎÑÖ Âîðîíåæ;Àðõèâ ¹4 Ñàíêò-Ïåòåðáóðã;NO 037 001 00 00;Ðàáîòà ïî íàïðàâëåíèÿì ÏÁ|ÎÒ| ÝÁ è ÃÎ;-;00;Íåïðîèçâîäñòâåííûå;ìèíóòà;60;RUCH
ÎÑÖ Ìîñêâà;Âíå ïîäðàçäåëåíèé;NO 037 001 00 00;Ðàáîòà ïî íàïðàâëåíèÿì ÏÁ|ÎÒ| ÝÁ è ÃÎ;-;00;Íåïðîèçâîäñòâåííûå;ìèíóòà;60;RUCH
ÎÑÖ Ìîñêâà;Àðõèâ ¹1 Òîìèëèíî;NO 037 001 00 00;Ðàáîòà ïî íàïðàâëåíèÿì ÏÁ|ÎÒ| ÝÁ è ÃÎ;-;00;Íåïðîèçâîäñòâåííûå;ìèíóòà;60;RUCH
ÎÑÖ Íèæíèé Íîâãîðîä;Âíå ïîäðàçäåëåíèé;NO 037 001 00 00;Ðàáîòà ïî íàïðàâëåíèÿì ÏÁ|ÎÒ| ÝÁ è ÃÎ;-;00;Íåïðîèçâîäñòâåííûå;ìèíóòà;60;RUCH
ÎÑÖ Íèæíèé Íîâãîðîä;Àðõèâ ¹1 Íèæíèé Íîâãîðîä;NO 037 001 00 00;Ðàáîòà ïî íàïðàâëåíèÿì ÏÁ|ÎÒ| ÝÁ è ÃÎ;-;00;Íåïðîèçâîäñòâåííûå;ìèíóòà;60;RUCH
ÎÑÖ Íîâîñèáèðñê;Âíå ïîäðàçäåëåíèé;NO 037 001 00 00;Ðàáîòà ïî íàïðàâëåíèÿì ÏÁ|ÎÒ| ÝÁ è ÃÎ;-;00;Íåïðîèçâîäñòâåííûå;ìèíóòà;60;RUCH
ÎÑÖ Íîâîñèáèðñê;Àðõèâ ¹1 Íîâîñèáèðñê;NO 037 001 00 00;Ðàáîòà ïî íàïðàâëåíèÿì ÏÁ|ÎÒ| ÝÁ è ÃÎ;-;00;Íåïðîèçâîäñòâåííûå;ìèíóòà;60;RUCH
ÎÑÖ Ñàìàðà;Âíå ïîäðàçäåëåíèé;NO 037 001 00 00;Ðàáîòà ïî íàïðàâëåíèÿì ÏÁ|ÎÒ| ÝÁ è ÃÎ;-;00;Íåïðîèçâîäñòâåííûå;ìèíóòà;60;RUCH
ÎÑÖ Íîâîñèáèðñê;Àðõèâ ¹3 Åêàòåðèíáóðã;NO 037 001 00 00;Ðàáîòà ïî íàïðàâëåíèÿì ÏÁ|ÎÒ| ÝÁ è ÃÎ;-;00;Íåïðîèçâîäñòâåííûå;ìèíóòà;60;RUCH
ÎÑÖ Ñàìàðà;Àðõèâ ¹1 Ñàìàðà;NO 037 001 00 00;Ðàáîòà ïî íàïðàâëåíèÿì ÏÁ|ÎÒ| ÝÁ è ÃÎ;-;00;Íåïðîèçâîäñòâåííûå;ìèíóòà;60;RUCH
ÎÑÖ Âîðîíåæ;Âíå ïîäðàçäåëåíèé;NO 038 001 00 00;Âûïîëíåíèå ïîðó÷åíèé ÖÀÑ/ðóêîâîäñòâà ÑÖÀ. Êîíòðîëü èñïîëíåíèÿ  ïîðó÷åíèé;-;00;Íåïðîèçâîäñòâåííûå;ìèíóòà;60;RUCH
ÎÑÖ Âîðîíåæ;Àðõèâ ¹1 Âîðîíåæ;NO 038 001 00 00;Âûïîëíåíèå ïîðó÷åíèé ÖÀÑ/ðóêîâîäñòâà ÑÖÀ. Êîíòðîëü èñïîëíåíèÿ  ïîðó÷åíèé;-;00;Íåïðîèçâîäñòâåííûå;ìèíóòà;60;RUCH
ÎÑÖ Âîðîíåæ;Àðõèâ ¹2 Ñòàâðîïîëü;NO 038 001 00 00;Âûïîëíåíèå ïîðó÷åíèé ÖÀÑ/ðóêîâîäñòâà ÑÖÀ. Êîíòðîëü èñïîëíåíèÿ  ïîðó÷åíèé;-;00;Íåïðîèçâîäñòâåííûå;ìèíóòà;60;RUCH
ÎÑÖ Âîðîíåæ;Àðõèâ ¹3 Êàëèíèíãðàä;NO 038 001 00 00;Âûïîëíåíèå ïîðó÷åíèé ÖÀÑ/ðóêîâîäñòâà ÑÖÀ. Êîíòðîëü èñïîëíåíèÿ  ïîðó÷åíèé;-;00;Íåïðîèçâîäñòâåííûå;ìèíóòà;60;RUCH
ÎÑÖ Âîðîíåæ;Àðõèâ ¹4 Ñàíêò-Ïåòåðáóðã;NO 038 001 00 00;Âûïîëíåíèå ïîðó÷åíèé ÖÀÑ/ðóêîâîäñòâà ÑÖÀ. Êîíòðîëü èñïîëíåíèÿ  ïîðó÷åíèé;-;00;Íåïðîèçâîäñòâåííûå;ìèíóòà;60;RUCH
ÎÑÖ Ìîñêâà;Âíå ïîäðàçäåëåíèé;NO 038 001 00 00;Âûïîëíåíèå ïîðó÷åíèé ÖÀÑ/ðóêîâîäñòâà ÑÖÀ. Êîíòðîëü èñïîëíåíèÿ  ïîðó÷åíèé;-;00;Íåïðîèçâîäñòâåííûå;ìèíóòà;60;RUCH
ÎÑÖ Ìîñêâà;Àðõèâ ¹1 Òîìèëèíî;NO 038 001 00 00;Âûïîëíåíèå ïîðó÷åíèé ÖÀÑ/ðóêîâîäñòâà ÑÖÀ. Êîíòðîëü èñïîëíåíèÿ  ïîðó÷åíèé;-;00;Íåïðîèçâîäñòâåííûå;ìèíóòà;60;RUCH
ÎÑÖ Íèæíèé Íîâãîðîä;Âíå ïîäðàçäåëåíèé;NO 038 001 00 00;Âûïîëíåíèå ïîðó÷åíèé ÖÀÑ/ðóêîâîäñòâà ÑÖÀ. Êîíòðîëü èñïîëíåíèÿ  ïîðó÷åíèé;-;00;Íåïðîèçâîäñòâåííûå;ìèíóòà;60;RUCH
ÎÑÖ Íèæíèé Íîâãîðîä;Àðõèâ ¹1 Íèæíèé Íîâãîðîä;NO 038 001 00 00;Âûïîëíåíèå ïîðó÷åíèé ÖÀÑ/ðóêîâîäñòâà ÑÖÀ. Êîíòðîëü èñïîëíåíèÿ  ïîðó÷åíèé;-;00;Íåïðîèçâîäñòâåííûå;ìèíóòà;60;RUCH
ÎÑÖ Íîâîñèáèðñê;Âíå ïîäðàçäåëåíèé;NO 038 001 00 00;Âûïîëíåíèå ïîðó÷åíèé ÖÀÑ/ðóêîâîäñòâà ÑÖÀ. Êîíòðîëü èñïîëíåíèÿ  ïîðó÷åíèé;-;00;Íåïðîèçâîäñòâåííûå;ìèíóòà;60;RUCH
ÎÑÖ Íîâîñèáèðñê;Àðõèâ ¹1 Íîâîñèáèðñê;NO 038 001 00 00;Âûïîëíåíèå ïîðó÷åíèé ÖÀÑ/ðóêîâîäñòâà ÑÖÀ. Êîíòðîëü èñïîëíåíèÿ  ïîðó÷åíèé;-;00;Íåïðîèçâîäñòâåííûå;ìèíóòà;60;RUCH
ÎÑÖ Ñàìàðà;Âíå ïîäðàçäåëåíèé;NO 038 001 00 00;Âûïîëíåíèå ïîðó÷åíèé ÖÀÑ/ðóêîâîäñòâà ÑÖÀ. Êîíòðîëü èñïîëíåíèÿ  ïîðó÷åíèé;-;00;Íåïðîèçâîäñòâåííûå;ìèíóòà;60;RUCH
ÎÑÖ Íîâîñèáèðñê;Àðõèâ ¹3 Åêàòåðèíáóðã;NO 038 001 00 00;Âûïîëíåíèå ïîðó÷åíèé ÖÀÑ/ðóêîâîäñòâà ÑÖÀ. Êîíòðîëü èñïîëíåíèÿ  ïîðó÷åíèé;-;00;Íåïðîèçâîäñòâåííûå;ìèíóòà;60;RUCH
ÎÑÖ Ñàìàðà;Àðõèâ ¹1 Ñàìàðà;NO 038 001 00 00;Âûïîëíåíèå ïîðó÷åíèé ÖÀÑ/ðóêîâîäñòâà ÑÖÀ. Êîíòðîëü èñïîëíåíèÿ  ïîðó÷åíèé;-;00;Íåïðîèçâîäñòâåííûå;ìèíóòà;60;RUCH
ÎÑÖ Âîðîíåæ;Âíå ïîäðàçäåëåíèé;NO 041 001 00 00;Êîììóíèêàöèè è âçàèìîäåéñòâèå;-;00;Íåïðîèçâîäñòâåííûå;ìèíóòà;60;RUCH
ÎÑÖ Âîðîíåæ;Àðõèâ ¹1 Âîðîíåæ;NO 041 001 00 00;Êîììóíèêàöèè è âçàèìîäåéñòâèå;-;00;Íåïðîèçâîäñòâåííûå;ìèíóòà;60;RUCH
ÎÑÖ Âîðîíåæ;Àðõèâ ¹2 Ñòàâðîïîëü;NO 041 001 00 00;Êîììóíèêàöèè è âçàèìîäåéñòâèå;-;00;Íåïðîèçâîäñòâåííûå;ìèíóòà;60;RUCH
ÎÑÖ Âîðîíåæ;Àðõèâ ¹3 Êàëèíèíãðàä;NO 041 001 00 00;Êîììóíèêàöèè è âçàèìîäåéñòâèå;-;00;Íåïðîèçâîäñòâåííûå;ìèíóòà;60;RUCH
ÎÑÖ Âîðîíåæ;Àðõèâ ¹4 Ñàíêò-Ïåòåðáóðã;NO 041 001 00 00;Êîììóíèêàöèè è âçàèìîäåéñòâèå;-;00;Íåïðîèçâîäñòâåííûå;ìèíóòà;60;RUCH
ÎÑÖ Ìîñêâà;Âíå ïîäðàçäåëåíèé;NO 041 001 00 00;Êîììóíèêàöèè è âçàèìîäåéñòâèå;-;00;Íåïðîèçâîäñòâåííûå;ìèíóòà;60;RUCH
ÎÑÖ Ìîñêâà;Àðõèâ ¹1 Òîìèëèíî;NO 041 001 00 00;Êîììóíèêàöèè è âçàèìîäåéñòâèå;-;00;Íåïðîèçâîäñòâåííûå;ìèíóòà;60;RUCH
ÎÑÖ Íèæíèé Íîâãîðîä;Âíå ïîäðàçäåëåíèé;NO 041 001 00 00;Êîììóíèêàöèè è âçàèìîäåéñòâèå;-;00;Íåïðîèçâîäñòâåííûå;ìèíóòà;60;RUCH
ÎÑÖ Íèæíèé Íîâãîðîä;Àðõèâ ¹1 Íèæíèé Íîâãîðîä;NO 041 001 00 00;Êîììóíèêàöèè è âçàèìîäåéñòâèå;-;00;Íåïðîèçâîäñòâåííûå;ìèíóòà;60;RUCH
ÎÑÖ Íîâîñèáèðñê;Âíå ïîäðàçäåëåíèé;NO 041 001 00 00;Êîììóíèêàöèè è âçàèìîäåéñòâèå;-;00;Íåïðîèçâîäñòâåííûå;ìèíóòà;60;RUCH
ÎÑÖ Íîâîñèáèðñê;Àðõèâ ¹1 Íîâîñèáèðñê;NO 041 001 00 00;Êîììóíèêàöèè è âçàèìîäåéñòâèå;-;00;Íåïðîèçâîäñòâåííûå;ìèíóòà;60;RUCH
ÎÑÖ Ñàìàðà;Âíå ïîäðàçäåëåíèé;NO 041 001 00 00;Êîììóíèêàöèè è âçàèìîäåéñòâèå;-;00;Íåïðîèçâîäñòâåííûå;ìèíóòà;60;RUCH
ÎÑÖ Íîâîñèáèðñê;Àðõèâ ¹3 Åêàòåðèíáóðã;NO 041 001 00 00;Êîììóíèêàöèè è âçàèìîäåéñòâèå;-;00;Íåïðîèçâîäñòâåííûå;ìèíóòà;60;RUCH
ÎÑÖ Ñàìàðà;Àðõèâ ¹1 Ñàìàðà;NO 041 001 00 00;Êîììóíèêàöèè è âçàèìîäåéñòâèå;-;00;Íåïðîèçâîäñòâåííûå;ìèíóòà;60;RUCH
ÎÑÖ Ñàìàðà;Àðõèâ ¹1 Ñàìàðà;NO 011 001 00 00;Ôîðìèðîâàíèå\êîððåêòèðîâêà è êîíòðîëü èñïîëíåíèÿ ÏÏÐ äëÿ Íà÷àëüíèêà öåòðà| Íà÷àëüêîâ îòäåëà| Íà÷àëüíèêîâ ñåêòîðîâ è ñîòðóäíèêîâ âíå ïîäðàçäåëåíèé;-;00;Íåïðîèçâîäñòâåííûå;ìèíóòà;60;RUCH
ÎÑÖ Âîðîíåæ;Âíå ïîäðàçäåëåíèé;NO 013 001 00 00;Òåñòèðîâàíèå ôóíêöèîíàëà (ÀÑ ÎÀÄ| ÀÑ ÖÀÐÕ| ÀÑ ÖÀÐÑ);-;00;Ïðîåêòû;ìèíóòà;60;RUCH
ÎÑÖ Âîðîíåæ;Àðõèâ ¹1 Âîðîíåæ;NO 013 001 00 00;Òåñòèðîâàíèå ôóíêöèîíàëà (ÀÑ ÎÀÄ| ÀÑ ÖÀÐÕ| ÀÑ ÖÀÐÑ);-;00;Ïðîåêòû;ìèíóòà;60;RUCH
ÎÑÖ Âîðîíåæ;Àðõèâ ¹3 Êàëèíèíãðàä;NO 013 001 00 00;Òåñòèðîâàíèå ôóíêöèîíàëà (ÀÑ ÎÀÄ| ÀÑ ÖÀÐÕ| ÀÑ ÖÀÐÑ);-;00;Ïðîåêòû;ìèíóòà;60;RUCH
ÎÑÖ Âîðîíåæ;Àðõèâ ¹4 Ñàíêò-Ïåòåðáóðã;NO 013 001 00 00;Òåñòèðîâàíèå ôóíêöèîíàëà (ÀÑ ÎÀÄ| ÀÑ ÖÀÐÕ| ÀÑ ÖÀÐÑ);-;00;Ïðîåêòû;ìèíóòà;60;RUCH
ÎÑÖ Ìîñêâà;Âíå ïîäðàçäåëåíèé;NO 013 001 00 00;Òåñòèðîâàíèå ôóíêöèîíàëà (ÀÑ ÎÀÄ| ÀÑ ÖÀÐÕ| ÀÑ ÖÀÐÑ);-;00;Ïðîåêòû;ìèíóòà;60;RUCH
ÎÑÖ Ìîñêâà;Àðõèâ ¹1 Òîìèëèíî;NO 013 001 00 00;Òåñòèðîâàíèå ôóíêöèîíàëà (ÀÑ ÎÀÄ| ÀÑ ÖÀÐÕ| ÀÑ ÖÀÐÑ);-;00;Ïðîåêòû;ìèíóòà;60;RUCH
ÎÑÖ Íèæíèé Íîâãîðîä;Âíå ïîäðàçäåëåíèé;NO 013 001 00 00;Òåñòèðîâàíèå ôóíêöèîíàëà (ÀÑ ÎÀÄ| ÀÑ ÖÀÐÕ| ÀÑ ÖÀÐÑ);-;00;Ïðîåêòû;ìèíóòà;60;RUCH
ÎÑÖ Íèæíèé Íîâãîðîä;Àðõèâ ¹1 Íèæíèé Íîâãîðîä;NO 013 001 00 00;Òåñòèðîâàíèå ôóíêöèîíàëà (ÀÑ ÎÀÄ| ÀÑ ÖÀÐÕ| ÀÑ ÖÀÐÑ);-;00;Ïðîåêòû;ìèíóòà;60;RUCH
ÎÑÖ Íîâîñèáèðñê;Âíå ïîäðàçäåëåíèé;NO 013 001 00 00;Òåñòèðîâàíèå ôóíêöèîíàëà (ÀÑ ÎÀÄ| ÀÑ ÖÀÐÕ| ÀÑ ÖÀÐÑ);-;00;Ïðîåêòû;ìèíóòà;60;RUCH
ÎÑÖ Íîâîñèáèðñê;Àðõèâ ¹1 Íîâîñèáèðñê;NO 013 001 00 00;Òåñòèðîâàíèå ôóíêöèîíàëà (ÀÑ ÎÀÄ| ÀÑ ÖÀÐÕ| ÀÑ ÖÀÐÑ);-;00;Ïðîåêòû;ìèíóòà;60;RUCH
ÎÑÖ Ñàìàðà;Âíå ïîäðàçäåëåíèé;NO 013 001 00 00;Òåñòèðîâàíèå ôóíêöèîíàëà (ÀÑ ÎÀÄ| ÀÑ ÖÀÐÕ| ÀÑ ÖÀÐÑ);-;00;Ïðîåêòû;ìèíóòà;60;RUCH
ÎÑÖ Íîâîñèáèðñê;Àðõèâ ¹3 Åêàòåðèíáóðã;NO 013 001 00 00;Òåñòèðîâàíèå ôóíêöèîíàëà (ÀÑ ÎÀÄ| ÀÑ ÖÀÐÕ| ÀÑ ÖÀÐÑ);-;00;Ïðîåêòû;ìèíóòà;60;RUCH
ÎÑÖ Ñàìàðà;Àðõèâ ¹1 Ñàìàðà;NO 013 001 00 00;Òåñòèðîâàíèå ôóíêöèîíàëà (ÀÑ ÎÀÄ| ÀÑ ÖÀÐÕ| ÀÑ ÖÀÐÑ);-;00;Ïðîåêòû;ìèíóòà;60;RUCH
ÎÑÖ Âîðîíåæ;Âíå ïîäðàçäåëåíèé;NO 047 001 00 00;Ðàçðàáîòêà\ïîääåðæêà Äàøáîðäà è ÊÏ;-;00;Íåïðîèçâîäñòâåííûå;ìèíóòà;0;RUCH
ÎÑÖ Âîðîíåæ;Àðõèâ ¹1 Âîðîíåæ;NO 047 001 00 00;Ðàçðàáîòêà\ïîääåðæêà Äàøáîðäà è ÊÏ;-;00;Íåïðîèçâîäñòâåííûå;ìèíóòà;0;RUCH
ÎÑÖ Âîðîíåæ;Àðõèâ ¹2 Ñòàâðîïîëü;NO 047 001 00 00;Ðàçðàáîòêà\ïîääåðæêà Äàøáîðäà è ÊÏ;-;00;Íåïðîèçâîäñòâåííûå;ìèíóòà;0;RUCH
ÎÑÖ Âîðîíåæ;Àðõèâ ¹3 Êàëèíèíãðàä;NO 047 001 00 00;Ðàçðàáîòêà\ïîääåðæêà Äàøáîðäà è ÊÏ;-;00;Íåïðîèçâîäñòâåííûå;ìèíóòà;0;RUCH
ÎÑÖ Âîðîíåæ;Àðõèâ ¹4 Ñàíêò-Ïåòåðáóðã;NO 047 001 00 00;Ðàçðàáîòêà\ïîääåðæêà Äàøáîðäà è ÊÏ;-;00;Íåïðîèçâîäñòâåííûå;ìèíóòà;0;RUCH
ÎÑÖ Ìîñêâà;Âíå ïîäðàçäåëåíèé;NO 047 001 00 00;Ðàçðàáîòêà\ïîääåðæêà Äàøáîðäà è ÊÏ;-;00;Íåïðîèçâîäñòâåííûå;ìèíóòà;0;RUCH
ÎÑÖ Ìîñêâà;Àðõèâ ¹1 Òîìèëèíî;NO 047 001 00 00;Ðàçðàáîòêà\ïîääåðæêà Äàøáîðäà è ÊÏ;-;00;Íåïðîèçâîäñòâåííûå;ìèíóòà;0;RUCH
ÎÑÖ Íèæíèé Íîâãîðîä;Âíå ïîäðàçäåëåíèé;NO 047 001 00 00;Ðàçðàáîòêà\ïîääåðæêà Äàøáîðäà è ÊÏ;-;00;Íåïðîèçâîäñòâåííûå;ìèíóòà;60;RUCH
ÎÑÖ Íèæíèé Íîâãîðîä;Àðõèâ ¹1 Íèæíèé Íîâãîðîä;NO 047 001 00 00;Ðàçðàáîòêà\ïîääåðæêà Äàøáîðäà è ÊÏ;-;00;Íåïðîèçâîäñòâåííûå;ìèíóòà;60;RUCH
ÎÑÖ Íîâîñèáèðñê;Âíå ïîäðàçäåëåíèé;NO 047 001 00 00;Ðàçðàáîòêà\ïîääåðæêà Äàøáîðäà è ÊÏ;-;00;Íåïðîèçâîäñòâåííûå;ìèíóòà;0;RUCH
ÎÑÖ Íîâîñèáèðñê;Àðõèâ ¹1 Íîâîñèáèðñê;NO 047 001 00 00;Ðàçðàáîòêà\ïîääåðæêà Äàøáîðäà è ÊÏ;-;00;Íåïðîèçâîäñòâåííûå;ìèíóòà;0;RUCH
ÎÑÖ Ñàìàðà;Âíå ïîäðàçäåëåíèé;NO 047 001 00 00;Ðàçðàáîòêà\ïîääåðæêà Äàøáîðäà è ÊÏ;-;00;Íåïðîèçâîäñòâåííûå;ìèíóòà;0;RUCH
ÎÑÖ Íîâîñèáèðñê;Àðõèâ ¹3 Åêàòåðèíáóðã;NO 047 001 00 00;Ðàçðàáîòêà\ïîääåðæêà Äàøáîðäà è ÊÏ;-;00;Íåïðîèçâîäñòâåííûå;ìèíóòà;0;RUCH
ÎÑÖ Ñàìàðà;Àðõèâ ¹1 Ñàìàðà;NO 047 001 00 00;Ðàçðàáîòêà\ïîääåðæêà Äàøáîðäà è ÊÏ;-;00;Íåïðîèçâîäñòâåííûå;ìèíóòà;0;RUCH
ÎÑÖ Âîðîíåæ;Âíå ïîäðàçäåëåíèé;NO 015 005 00 00;Ðàçðàáîòêà è ïîääåðæêà ðîáîòîâ| ìàêðîñîâ è ñêðèïòîâ| ðàçðàáîòàííûõ äëÿ àâòîìàòèçàöèè ïðîöåññà;-;00;Íåïðîèçâîäñòâåííûå;ìèíóòà;60;RUCH
ÎÑÖ Âîðîíåæ;Àðõèâ ¹1 Âîðîíåæ;NO 015 005 00 00;Ðàçðàáîòêà è ïîääåðæêà ðîáîòîâ| ìàêðîñîâ è ñêðèïòîâ| ðàçðàáîòàííûõ äëÿ àâòîìàòèçàöèè ïðîöåññà;-;00;Íåïðîèçâîäñòâåííûå;ìèíóòà;60;RUCH
ÎÑÖ Âîðîíåæ;Àðõèâ ¹2 Ñòàâðîïîëü;NO 015 005 00 00;Ðàçðàáîòêà è ïîääåðæêà ðîáîòîâ| ìàêðîñîâ è ñêðèïòîâ| ðàçðàáîòàííûõ äëÿ àâòîìàòèçàöèè ïðîöåññà;-;00;Íåïðîèçâîäñòâåííûå;ìèíóòà;60;RUCH
ÎÑÖ Âîðîíåæ;Àðõèâ ¹3 Êàëèíèíãðàä;NO 015 005 00 00;Ðàçðàáîòêà è ïîääåðæêà ðîáîòîâ| ìàêðîñîâ è ñêðèïòîâ| ðàçðàáîòàííûõ äëÿ àâòîìàòèçàöèè ïðîöåññà;-;00;Íåïðîèçâîäñòâåííûå;ìèíóòà;60;RUCH
ÎÑÖ Âîðîíåæ;Àðõèâ ¹4 Ñàíêò-Ïåòåðáóðã;NO 015 005 00 00;Ðàçðàáîòêà è ïîääåðæêà ðîáîòîâ| ìàêðîñîâ è ñêðèïòîâ| ðàçðàáîòàííûõ äëÿ àâòîìàòèçàöèè ïðîöåññà;-;00;Íåïðîèçâîäñòâåííûå;ìèíóòà;60;RUCH
ÎÑÖ Ìîñêâà;Âíå ïîäðàçäåëåíèé;NO 015 005 00 00;Ðàçðàáîòêà è ïîääåðæêà ðîáîòîâ| ìàêðîñîâ è ñêðèïòîâ| ðàçðàáîòàííûõ äëÿ àâòîìàòèçàöèè ïðîöåññà;-;00;Íåïðîèçâîäñòâåííûå;ìèíóòà;60;RUCH
ÎÑÖ Ìîñêâà;Àðõèâ ¹1 Òîìèëèíî;NO 015 005 00 00;Ðàçðàáîòêà è ïîääåðæêà ðîáîòîâ| ìàêðîñîâ è ñêðèïòîâ| ðàçðàáîòàííûõ äëÿ àâòîìàòèçàöèè ïðîöåññà;-;00;Íåïðîèçâîäñòâåííûå;ìèíóòà;60;RUCH
ÎÑÖ Íèæíèé Íîâãîðîä;Âíå ïîäðàçäåëåíèé;NO 015 005 00 00;Ðàçðàáîòêà è ïîääåðæêà ðîáîòîâ| ìàêðîñîâ è ñêðèïòîâ| ðàçðàáîòàííûõ äëÿ àâòîìàòèçàöèè ïðîöåññà;-;00;Íåïðîèçâîäñòâåííûå;ìèíóòà;60;RUCH
ÎÑÖ Íèæíèé Íîâãîðîä;Àðõèâ ¹1 Íèæíèé Íîâãîðîä;NO 015 005 00 00;Ðàçðàáîòêà è ïîääåðæêà ðîáîòîâ| ìàêðîñîâ è ñêðèïòîâ| ðàçðàáîòàííûõ äëÿ àâòîìàòèçàöèè ïðîöåññà;-;00;Íåïðîèçâîäñòâåííûå;ìèíóòà;60;RUCH
ÎÑÖ Íîâîñèáèðñê;Âíå ïîäðàçäåëåíèé;NO 015 005 00 00;Ðàçðàáîòêà è ïîääåðæêà ðîáîòîâ| ìàêðîñîâ è ñêðèïòîâ| ðàçðàáîòàííûõ äëÿ àâòîìàòèçàöèè ïðîöåññà;-;00;Íåïðîèçâîäñòâåííûå;ìèíóòà;60;RUCH
ÎÑÖ Íîâîñèáèðñê;Àðõèâ ¹1 Íîâîñèáèðñê;NO 015 005 00 00;Ðàçðàáîòêà è ïîääåðæêà ðîáîòîâ| ìàêðîñîâ è ñêðèïòîâ| ðàçðàáîòàííûõ äëÿ àâòîìàòèçàöèè ïðîöåññà;-;00;Íåïðîèçâîäñòâåííûå;ìèíóòà;60;RUCH
ÎÑÖ Ñàìàðà;Âíå ïîäðàçäåëåíèé;NO 015 005 00 00;Ðàçðàáîòêà è ïîääåðæêà ðîáîòîâ| ìàêðîñîâ è ñêðèïòîâ| ðàçðàáîòàííûõ äëÿ àâòîìàòèçàöèè ïðîöåññà;-;00;Íåïðîèçâîäñòâåííûå;ìèíóòà;60;RUCH
ÎÑÖ Íîâîñèáèðñê;Àðõèâ ¹3 Åêàòåðèíáóðã;NO 015 005 00 00;Ðàçðàáîòêà è ïîääåðæêà ðîáîòîâ| ìàêðîñîâ è ñêðèïòîâ| ðàçðàáîòàííûõ äëÿ àâòîìàòèçàöèè ïðîöåññà;-;00;Íåïðîèçâîäñòâåííûå;ìèíóòà;60;RUCH
ÎÑÖ Ñàìàðà;Àðõèâ ¹1 Ñàìàðà;NO 015 005 00 00;Ðàçðàáîòêà è ïîääåðæêà ðîáîòîâ| ìàêðîñîâ è ñêðèïòîâ| ðàçðàáîòàííûõ äëÿ àâòîìàòèçàöèè ïðîöåññà;-;00;Íåïðîèçâîäñòâåííûå;ìèíóòà;60;RUCH
ÎÑÖ Âîðîíåæ;Âíå ïîäðàçäåëåíèé;SZ 142 000 00 00;Ïðîâåðêà ñîñòîÿíèÿ ÅÕ;-;00;Çàïðîñû;åäèíèöà õðàíåíèÿ;360;RUCH
ÎÑÖ Âîðîíåæ;Àðõèâ ¹1 Âîðîíåæ;SZ 142 000 00 00;Ïðîâåðêà ñîñòîÿíèÿ ÅÕ;-;00;Çàïðîñû;åäèíèöà õðàíåíèÿ;360;RUCH
ÎÑÖ Âîðîíåæ;Àðõèâ ¹3 Êàëèíèíãðàä;SZ 142 000 00 00;Ïðîâåðêà ñîñòîÿíèÿ ÅÕ;-;00;Çàïðîñû;åäèíèöà õðàíåíèÿ;360;RUCH
ÎÑÖ Âîðîíåæ;Àðõèâ ¹4 Ñàíêò-Ïåòåðáóðã;SZ 142 000 00 00;Ïðîâåðêà ñîñòîÿíèÿ ÅÕ;-;00;Çàïðîñû;åäèíèöà õðàíåíèÿ;360;RUCH
ÎÑÖ Ìîñêâà;Âíå ïîäðàçäåëåíèé;SZ 142 000 00 00;Ïðîâåðêà ñîñòîÿíèÿ ÅÕ;-;00;Çàïðîñû;åäèíèöà õðàíåíèÿ;360;RUCH
ÎÑÖ Ìîñêâà;Àðõèâ ¹1 Òîìèëèíî;SZ 142 000 00 00;Ïðîâåðêà ñîñòîÿíèÿ ÅÕ;-;00;Çàïðîñû;åäèíèöà õðàíåíèÿ;360;RUCH
ÎÑÖ Íèæíèé Íîâãîðîä;Âíå ïîäðàçäåëåíèé;SZ 142 000 00 00;Ïðîâåðêà ñîñòîÿíèÿ ÅÕ;-;00;Çàïðîñû;åäèíèöà õðàíåíèÿ;360;RUCH
ÎÑÖ Íèæíèé Íîâãîðîä;Àðõèâ ¹1 Íèæíèé Íîâãîðîä;SZ 142 000 00 00;Ïðîâåðêà ñîñòîÿíèÿ ÅÕ;-;00;Çàïðîñû;åäèíèöà õðàíåíèÿ;360;RUCH
ÎÑÖ Íîâîñèáèðñê;Âíå ïîäðàçäåëåíèé;SZ 142 000 00 00;Ïðîâåðêà ñîñòîÿíèÿ ÅÕ;-;00;Çàïðîñû;åäèíèöà õðàíåíèÿ;360;RUCH
ÎÑÖ Íîâîñèáèðñê;Àðõèâ ¹1 Íîâîñèáèðñê;SZ 142 000 00 00;Ïðîâåðêà ñîñòîÿíèÿ ÅÕ;-;00;Çàïðîñû;åäèíèöà õðàíåíèÿ;360;RUCH
ÎÑÖ Ñàìàðà;Âíå ïîäðàçäåëåíèé;SZ 142 000 00 00;Ïðîâåðêà ñîñòîÿíèÿ ÅÕ;-;00;Çàïðîñû;åäèíèöà õðàíåíèÿ;360;RUCH
ÎÑÖ Íîâîñèáèðñê;Àðõèâ ¹3 Åêàòåðèíáóðã;SZ 142 000 00 00;Ïðîâåðêà ñîñòîÿíèÿ ÅÕ;-;00;Çàïðîñû;åäèíèöà õðàíåíèÿ;360;RUCH
ÎÑÖ Ñàìàðà;Àðõèâ ¹1 Ñàìàðà;SZ 142 000 00 00;Ïðîâåðêà ñîñòîÿíèÿ ÅÕ;-;00;Çàïðîñû;åäèíèöà õðàíåíèÿ;360;RUCH
ÎÑÖ Íîâîñèáèðñê;Àðõèâ ¹1 Íîâîñèáèðñê;NO 009 007 00 00;Âîïðîñû êèáåðáåçîïàñíîñòè| â ò.÷. ôóíêöèè ÀÈÁ;-;00;Íåïðîèçâîäñòâåííûå;ìèíóòà;60;RUCH
ÎÑÖ Ñàìàðà;Âíå ïîäðàçäåëåíèé;NO 009 007 00 00;Âîïðîñû êèáåðáåçîïàñíîñòè| â ò.÷. ôóíêöèè ÀÈÁ;-;00;Íåïðîèçâîäñòâåííûå;ìèíóòà;60;RUCH
ÎÑÖ Íîâîñèáèðñê;Àðõèâ ¹3 Åêàòåðèíáóðã;NO 009 007 00 00;Âîïðîñû êèáåðáåçîïàñíîñòè| â ò.÷. ôóíêöèè ÀÈÁ;-;00;Íåïðîèçâîäñòâåííûå;ìèíóòà;60;RUCH
ÎÑÖ Ñàìàðà;Àðõèâ ¹1 Ñàìàðà;NO 009 007 00 00;Âîïðîñû êèáåðáåçîïàñíîñòè| â ò.÷. ôóíêöèè ÀÈÁ;-;00;Íåïðîèçâîäñòâåííûå;ìèíóòà;60;RUCH
ÎÑÖ Âîðîíåæ;Âíå ïîäðàçäåëåíèé;NO 009 009 00 00;Ó÷àñòèå â ïðîâåäåíèè ôóíêöèîíàëüíîãî àóäèòà;-;00;Íåïðîèçâîäñòâåííûå;ìèíóòà;60;RUCH
ÎÑÖ Âîðîíåæ;Àðõèâ ¹1 Âîðîíåæ;NO 009 009 00 00;Ó÷àñòèå â ïðîâåäåíèè ôóíêöèîíàëüíîãî àóäèòà;-;00;Íåïðîèçâîäñòâåííûå;ìèíóòà;60;RUCH
ÎÑÖ Âîðîíåæ;Àðõèâ ¹2 Ñòàâðîïîëü;NO 009 009 00 00;Ó÷àñòèå â ïðîâåäåíèè ôóíêöèîíàëüíîãî àóäèòà;-;00;Íåïðîèçâîäñòâåííûå;ìèíóòà;60;RUCH
ÎÑÖ Âîðîíåæ;Àðõèâ ¹3 Êàëèíèíãðàä;NO 009 009 00 00;Ó÷àñòèå â ïðîâåäåíèè ôóíêöèîíàëüíîãî àóäèòà;-;00;Íåïðîèçâîäñòâåííûå;ìèíóòà;60;RUCH
ÎÑÖ Âîðîíåæ;Àðõèâ ¹4 Ñàíêò-Ïåòåðáóðã;NO 009 009 00 00;Ó÷àñòèå â ïðîâåäåíèè ôóíêöèîíàëüíîãî àóäèòà;-;00;Íåïðîèçâîäñòâåííûå;ìèíóòà;60;RUCH
ÎÑÖ Ìîñêâà;Âíå ïîäðàçäåëåíèé;NO 009 009 00 00;Ó÷àñòèå â ïðîâåäåíèè ôóíêöèîíàëüíîãî àóäèòà;-;00;Íåïðîèçâîäñòâåííûå;ìèíóòà;60;RUCH
ÎÑÖ Ìîñêâà;Àðõèâ ¹1 Òîìèëèíî;NO 009 009 00 00;Ó÷àñòèå â ïðîâåäåíèè ôóíêöèîíàëüíîãî àóäèòà;-;00;Íåïðîèçâîäñòâåííûå;ìèíóòà;60;RUCH
ÎÑÖ Íèæíèé Íîâãîðîä;Âíå ïîäðàçäåëåíèé;NO 009 009 00 00;Ó÷àñòèå â ïðîâåäåíèè ôóíêöèîíàëüíîãî àóäèòà;-;00;Íåïðîèçâîäñòâåííûå;ìèíóòà;60;RUCH
ÎÑÖ Íèæíèé Íîâãîðîä;Àðõèâ ¹1 Íèæíèé Íîâãîðîä;NO 009 009 00 00;Ó÷àñòèå â ïðîâåäåíèè ôóíêöèîíàëüíîãî àóäèòà;-;00;Íåïðîèçâîäñòâåííûå;ìèíóòà;60;RUCH
ÎÑÖ Íîâîñèáèðñê;Âíå ïîäðàçäåëåíèé;NO 009 009 00 00;Ó÷àñòèå â ïðîâåäåíèè ôóíêöèîíàëüíîãî àóäèòà;-;00;Íåïðîèçâîäñòâåííûå;ìèíóòà;60;RUCH
ÎÑÖ Íîâîñèáèðñê;Àðõèâ ¹1 Íîâîñèáèðñê;NO 009 009 00 00;Ó÷àñòèå â ïðîâåäåíèè ôóíêöèîíàëüíîãî àóäèòà;-;00;Íåïðîèçâîäñòâåííûå;ìèíóòà;60;RUCH
ÎÑÖ Ñàìàðà;Âíå ïîäðàçäåëåíèé;NO 009 009 00 00;Ó÷àñòèå â ïðîâåäåíèè ôóíêöèîíàëüíîãî àóäèòà;-;00;Íåïðîèçâîäñòâåííûå;ìèíóòà;60;RUCH
ÎÑÖ Íîâîñèáèðñê;Àðõèâ ¹3 Åêàòåðèíáóðã;NO 009 009 00 00;Ó÷àñòèå â ïðîâåäåíèè ôóíêöèîíàëüíîãî àóäèòà;-;00;Íåïðîèçâîäñòâåííûå;ìèíóòà;60;RUCH
ÎÑÖ Ñàìàðà;Àðõèâ ¹1 Ñàìàðà;NO 009 009 00 00;Ó÷àñòèå â ïðîâåäåíèè ôóíêöèîíàëüíîãî àóäèòà;-;00;Íåïðîèçâîäñòâåííûå;ìèíóòà;60;RUCH
ÎÑÖ Âîðîíåæ;Âíå ïîäðàçäåëåíèé;NO 010 002 00 00;Çàïîëíåíèå è âåðèôèêàöèÿ îò÷åòîâ;-;00;Íåïðîèçâîäñòâåííûå;ìèíóòà;60;RUCH
ÎÑÖ Âîðîíåæ;Àðõèâ ¹1 Âîðîíåæ;NO 010 002 00 00;Çàïîëíåíèå è âåðèôèêàöèÿ îò÷åòîâ;-;00;Íåïðîèçâîäñòâåííûå;ìèíóòà;60;RUCH
ÎÑÖ Âîðîíåæ;Àðõèâ ¹2 Ñòàâðîïîëü;NO 010 002 00 00;Çàïîëíåíèå è âåðèôèêàöèÿ îò÷åòîâ;-;00;Íåïðîèçâîäñòâåííûå;ìèíóòà;60;RUCH
ÎÑÖ Âîðîíåæ;Àðõèâ ¹3 Êàëèíèíãðàä;NO 010 002 00 00;Çàïîëíåíèå è âåðèôèêàöèÿ îò÷åòîâ;-;00;Íåïðîèçâîäñòâåííûå;ìèíóòà;60;RUCH
ÎÑÖ Âîðîíåæ;Àðõèâ ¹4 Ñàíêò-Ïåòåðáóðã;NO 010 002 00 00;Çàïîëíåíèå è âåðèôèêàöèÿ îò÷åòîâ;-;00;Íåïðîèçâîäñòâåííûå;ìèíóòà;60;RUCH
ÎÑÖ Ìîñêâà;Âíå ïîäðàçäåëåíèé;NO 010 002 00 00;Çàïîëíåíèå è âåðèôèêàöèÿ îò÷åòîâ;-;00;Íåïðîèçâîäñòâåííûå;ìèíóòà;60;RUCH
ÎÑÖ Ìîñêâà;Àðõèâ ¹1 Òîìèëèíî;NO 010 002 00 00;Çàïîëíåíèå è âåðèôèêàöèÿ îò÷åòîâ;-;00;Íåïðîèçâîäñòâåííûå;ìèíóòà;60;RUCH
ÎÑÖ Íèæíèé Íîâãîðîä;Âíå ïîäðàçäåëåíèé;NO 010 002 00 00;Çàïîëíåíèå è âåðèôèêàöèÿ îò÷åòîâ;-;00;Íåïðîèçâîäñòâåííûå;ìèíóòà;60;RUCH
ÎÑÖ Íèæíèé Íîâãîðîä;Àðõèâ ¹1 Íèæíèé Íîâãîðîä;NO 010 002 00 00;Çàïîëíåíèå è âåðèôèêàöèÿ îò÷åòîâ;-;00;Íåïðîèçâîäñòâåííûå;ìèíóòà;60;RUCH
ÎÑÖ Íîâîñèáèðñê;Âíå ïîäðàçäåëåíèé;NO 010 002 00 00;Çàïîëíåíèå è âåðèôèêàöèÿ îò÷åòîâ;-;00;Íåïðîèçâîäñòâåííûå;ìèíóòà;60;RUCH
ÎÑÖ Íîâîñèáèðñê;Àðõèâ ¹1 Íîâîñèáèðñê;NO 010 002 00 00;Çàïîëíåíèå è âåðèôèêàöèÿ îò÷åòîâ;-;00;Íåïðîèçâîäñòâåííûå;ìèíóòà;60;RUCH
ÎÑÖ Ñàìàðà;Âíå ïîäðàçäåëåíèé;NO 010 002 00 00;Çàïîëíåíèå è âåðèôèêàöèÿ îò÷åòîâ;-;00;Íåïðîèçâîäñòâåííûå;ìèíóòà;60;RUCH
ÎÑÖ Íîâîñèáèðñê;Àðõèâ ¹3 Åêàòåðèíáóðã;NO 010 002 00 00;Çàïîëíåíèå è âåðèôèêàöèÿ îò÷åòîâ;-;00;Íåïðîèçâîäñòâåííûå;ìèíóòà;60;RUCH
ÎÑÖ Ñàìàðà;Àðõèâ ¹1 Ñàìàðà;NO 010 002 00 00;Çàïîëíåíèå è âåðèôèêàöèÿ îò÷åòîâ;-;00;Íåïðîèçâîäñòâåííûå;ìèíóòà;60;RUCH
ÎÑÖ Âîðîíåæ;Âíå ïîäðàçäåëåíèé;NO 011 001 00 00;Ôîðìèðîâàíèå\êîððåêòèðîâêà è êîíòðîëü èñïîëíåíèÿ ÏÏÐ äëÿ Íà÷àëüíèêà öåòðà| Íà÷àëüêîâ îòäåëà| Íà÷àëüíèêîâ ñåêòîðîâ è ñîòðóäíèêîâ âíå ïîäðàçäåëåíèé;-;00;Íåïðîèçâîäñòâåííûå;ìèíóòà;60;RUCH
ÎÑÖ Âîðîíåæ;Àðõèâ ¹1 Âîðîíåæ;NO 011 001 00 00;Ôîðìèðîâàíèå\êîððåêòèðîâêà è êîíòðîëü èñïîëíåíèÿ ÏÏÐ äëÿ Íà÷àëüíèêà öåòðà| Íà÷àëüêîâ îòäåëà| Íà÷àëüíèêîâ ñåêòîðîâ è ñîòðóäíèêîâ âíå ïîäðàçäåëåíèé;-;00;Íåïðîèçâîäñòâåííûå;ìèíóòà;60;RUCH
ÎÑÖ Âîðîíåæ;Àðõèâ ¹2 Ñòàâðîïîëü;NO 011 001 00 00;Ôîðìèðîâàíèå\êîððåêòèðîâêà è êîíòðîëü èñïîëíåíèÿ ÏÏÐ äëÿ Íà÷àëüíèêà öåòðà| Íà÷àëüêîâ îòäåëà| Íà÷àëüíèêîâ ñåêòîðîâ è ñîòðóäíèêîâ âíå ïîäðàçäåëåíèé;-;00;Íåïðîèçâîäñòâåííûå;ìèíóòà;60;RUCH
ÎÑÖ Âîðîíåæ;Àðõèâ ¹3 Êàëèíèíãðàä;NO 011 001 00 00;Ôîðìèðîâàíèå\êîððåêòèðîâêà è êîíòðîëü èñïîëíåíèÿ ÏÏÐ äëÿ Íà÷àëüíèêà öåòðà| Íà÷àëüêîâ îòäåëà| Íà÷àëüíèêîâ ñåêòîðîâ è ñîòðóäíèêîâ âíå ïîäðàçäåëåíèé;-;00;Íåïðîèçâîäñòâåííûå;ìèíóòà;60;RUCH
ÎÑÖ Âîðîíåæ;Àðõèâ ¹4 Ñàíêò-Ïåòåðáóðã;NO 011 001 00 00;Ôîðìèðîâàíèå\êîððåêòèðîâêà è êîíòðîëü èñïîëíåíèÿ ÏÏÐ äëÿ Íà÷àëüíèêà öåòðà| Íà÷àëüêîâ îòäåëà| Íà÷àëüíèêîâ ñåêòîðîâ è ñîòðóäíèêîâ âíå ïîäðàçäåëåíèé;-;00;Íåïðîèçâîäñòâåííûå;ìèíóòà;60;RUCH
ÎÑÖ Ìîñêâà;Âíå ïîäðàçäåëåíèé;NO 011 001 00 00;Ôîðìèðîâàíèå\êîððåêòèðîâêà è êîíòðîëü èñïîëíåíèÿ ÏÏÐ äëÿ Íà÷àëüíèêà öåòðà| Íà÷àëüêîâ îòäåëà| Íà÷àëüíèêîâ ñåêòîðîâ è ñîòðóäíèêîâ âíå ïîäðàçäåëåíèé;-;00;Íåïðîèçâîäñòâåííûå;ìèíóòà;60;RUCH
ÎÑÖ Ìîñêâà;Àðõèâ ¹1 Òîìèëèíî;NO 011 001 00 00;Ôîðìèðîâàíèå\êîððåêòèðîâêà è êîíòðîëü èñïîëíåíèÿ ÏÏÐ äëÿ Íà÷àëüíèêà öåòðà| Íà÷àëüêîâ îòäåëà| Íà÷àëüíèêîâ ñåêòîðîâ è ñîòðóäíèêîâ âíå ïîäðàçäåëåíèé;-;00;Íåïðîèçâîäñòâåííûå;ìèíóòà;60;RUCH
ÎÑÖ Íèæíèé Íîâãîðîä;Âíå ïîäðàçäåëåíèé;NO 011 001 00 00;Ôîðìèðîâàíèå\êîððåêòèðîâêà è êîíòðîëü èñïîëíåíèÿ ÏÏÐ äëÿ Íà÷àëüíèêà öåòðà| Íà÷àëüêîâ îòäåëà| Íà÷àëüíèêîâ ñåêòîðîâ è ñîòðóäíèêîâ âíå ïîäðàçäåëåíèé;-;00;Íåïðîèçâîäñòâåííûå;ìèíóòà;60;RUCH
ÎÑÖ Íèæíèé Íîâãîðîä;Àðõèâ ¹1 Íèæíèé Íîâãîðîä;NO 011 001 00 00;Ôîðìèðîâàíèå\êîððåêòèðîâêà è êîíòðîëü èñïîëíåíèÿ ÏÏÐ äëÿ Íà÷àëüíèêà öåòðà| Íà÷àëüêîâ îòäåëà| Íà÷àëüíèêîâ ñåêòîðîâ è ñîòðóäíèêîâ âíå ïîäðàçäåëåíèé;-;00;Íåïðîèçâîäñòâåííûå;ìèíóòà;60;RUCH
ÎÑÖ Íîâîñèáèðñê;Âíå ïîäðàçäåëåíèé;NO 011 001 00 00;Ôîðìèðîâàíèå\êîððåêòèðîâêà è êîíòðîëü èñïîëíåíèÿ ÏÏÐ äëÿ Íà÷àëüíèêà öåòðà| Íà÷àëüêîâ îòäåëà| Íà÷àëüíèêîâ ñåêòîðîâ è ñîòðóäíèêîâ âíå ïîäðàçäåëåíèé;-;00;Íåïðîèçâîäñòâåííûå;ìèíóòà;60;RUCH
ÎÑÖ Íîâîñèáèðñê;Àðõèâ ¹1 Íîâîñèáèðñê;NO 011 001 00 00;Ôîðìèðîâàíèå\êîððåêòèðîâêà è êîíòðîëü èñïîëíåíèÿ ÏÏÐ äëÿ Íà÷àëüíèêà öåòðà| Íà÷àëüêîâ îòäåëà| Íà÷àëüíèêîâ ñåêòîðîâ è ñîòðóäíèêîâ âíå ïîäðàçäåëåíèé;-;00;Íåïðîèçâîäñòâåííûå;ìèíóòà;60;RUCH
ÎÑÖ Ñàìàðà;Âíå ïîäðàçäåëåíèé;NO 011 001 00 00;Ôîðìèðîâàíèå\êîððåêòèðîâêà è êîíòðîëü èñïîëíåíèÿ ÏÏÐ äëÿ Íà÷àëüíèêà öåòðà| Íà÷àëüêîâ îòäåëà| Íà÷àëüíèêîâ ñåêòîðîâ è ñîòðóäíèêîâ âíå ïîäðàçäåëåíèé;-;00;Íåïðîèçâîäñòâåííûå;ìèíóòà;60;RUCH
ÎÑÖ Íîâîñèáèðñê;Àðõèâ ¹3 Åêàòåðèíáóðã;NO 011 001 00 00;Ôîðìèðîâàíèå\êîððåêòèðîâêà è êîíòðîëü èñïîëíåíèÿ ÏÏÐ äëÿ Íà÷àëüíèêà öåòðà| Íà÷àëüêîâ îòäåëà| Íà÷àëüíèêîâ ñåêòîðîâ è ñîòðóäíèêîâ âíå ïîäðàçäåëåíèé;-;00;Íåïðîèçâîäñòâåííûå;ìèíóòà;60;RUCH
ÎÑÖ Âîðîíåæ;Âíå ïîäðàçäåëåíèé;NO 019 003 00 00;Ó÷àñòèå â èíâåíòàðèçàöèè ÒÌÖ;-;00;Íåïðîèçâîäñòâåííûå;ìèíóòà;60;RUCH
ÎÑÖ Âîðîíåæ;Àðõèâ ¹1 Âîðîíåæ;NO 019 003 00 00;Ó÷àñòèå â èíâåíòàðèçàöèè ÒÌÖ;-;00;Íåïðîèçâîäñòâåííûå;ìèíóòà;60;RUCH
ÎÑÖ Âîðîíåæ;Àðõèâ ¹2 Ñòàâðîïîëü;NO 019 003 00 00;Ó÷àñòèå â èíâåíòàðèçàöèè ÒÌÖ;-;00;Íåïðîèçâîäñòâåííûå;ìèíóòà;60;RUCH
ÎÑÖ Âîðîíåæ;Àðõèâ ¹3 Êàëèíèíãðàä;NO 019 003 00 00;Ó÷àñòèå â èíâåíòàðèçàöèè ÒÌÖ;-;00;Íåïðîèçâîäñòâåííûå;ìèíóòà;60;RUCH
ÎÑÖ Âîðîíåæ;Àðõèâ ¹4 Ñàíêò-Ïåòåðáóðã;NO 019 003 00 00;Ó÷àñòèå â èíâåíòàðèçàöèè ÒÌÖ;-;00;Íåïðîèçâîäñòâåííûå;ìèíóòà;60;RUCH
ÎÑÖ Ìîñêâà;Âíå ïîäðàçäåëåíèé;NO 019 003 00 00;Ó÷àñòèå â èíâåíòàðèçàöèè ÒÌÖ;-;00;Íåïðîèçâîäñòâåííûå;ìèíóòà;60;RUCH
ÎÑÖ Ìîñêâà;Àðõèâ ¹1 Òîìèëèíî;NO 019 003 00 00;Ó÷àñòèå â èíâåíòàðèçàöèè ÒÌÖ;-;00;Íåïðîèçâîäñòâåííûå;ìèíóòà;60;RUCH
ÎÑÖ Íèæíèé Íîâãîðîä;Âíå ïîäðàçäåëåíèé;NO 019 003 00 00;Ó÷àñòèå â èíâåíòàðèçàöèè ÒÌÖ;-;00;Íåïðîèçâîäñòâåííûå;ìèíóòà;60;RUCH
ÎÑÖ Íèæíèé Íîâãîðîä;Àðõèâ ¹1 Íèæíèé Íîâãîðîä;NO 019 003 00 00;Ó÷àñòèå â èíâåíòàðèçàöèè ÒÌÖ;-;00;Íåïðîèçâîäñòâåííûå;ìèíóòà;60;RUCH
ÎÑÖ Íîâîñèáèðñê;Âíå ïîäðàçäåëåíèé;NO 019 003 00 00;Ó÷àñòèå â èíâåíòàðèçàöèè ÒÌÖ;-;00;Íåïðîèçâîäñòâåííûå;ìèíóòà;60;RUCH
ÎÑÖ Íîâîñèáèðñê;Àðõèâ ¹1 Íîâîñèáèðñê;NO 019 003 00 00;Ó÷àñòèå â èíâåíòàðèçàöèè ÒÌÖ;-;00;Íåïðîèçâîäñòâåííûå;ìèíóòà;60;RUCH
ÎÑÖ Ñàìàðà;Âíå ïîäðàçäåëåíèé;NO 019 003 00 00;Ó÷àñòèå â èíâåíòàðèçàöèè ÒÌÖ;-;00;Íåïðîèçâîäñòâåííûå;ìèíóòà;60;RUCH
ÎÑÖ Íîâîñèáèðñê;Àðõèâ ¹3 Åêàòåðèíáóðã;NO 019 003 00 00;Ó÷àñòèå â èíâåíòàðèçàöèè ÒÌÖ;-;00;Íåïðîèçâîäñòâåííûå;ìèíóòà;60;RUCH
ÎÑÖ Ñàìàðà;Àðõèâ ¹1 Ñàìàðà;NO 019 003 00 00;Ó÷àñòèå â èíâåíòàðèçàöèè ÒÌÖ;-;00;Íåïðîèçâîäñòâåííûå;ìèíóòà;60;RUCH
ÎÑÖ Âîðîíåæ;Âíå ïîäðàçäåëåíèé;NO 020 001 00 00;Ìîíèòîðèíã è  óòî÷íåíèå èíôîðìàöèè ïî èíöèäåíòàì;-;00;Íåïðîèçâîäñòâåííûå;ìèíóòà;60;RUCH
ÎÑÖ Âîðîíåæ;Àðõèâ ¹1 Âîðîíåæ;NO 020 001 00 00;Ìîíèòîðèíã è  óòî÷íåíèå èíôîðìàöèè ïî èíöèäåíòàì;-;00;Íåïðîèçâîäñòâåííûå;ìèíóòà;60;RUCH
ÎÑÖ Âîðîíåæ;Àðõèâ ¹2 Ñòàâðîïîëü;NO 020 001 00 00;Ìîíèòîðèíã è  óòî÷íåíèå èíôîðìàöèè ïî èíöèäåíòàì;-;00;Íåïðîèçâîäñòâåííûå;ìèíóòà;60;RUCH
ÎÑÖ Âîðîíåæ;Àðõèâ ¹3 Êàëèíèíãðàä;NO 020 001 00 00;Ìîíèòîðèíã è  óòî÷íåíèå èíôîðìàöèè ïî èíöèäåíòàì;-;00;Íåïðîèçâîäñòâåííûå;ìèíóòà;60;RUCH
ÎÑÖ Âîðîíåæ;Àðõèâ ¹4 Ñàíêò-Ïåòåðáóðã;NO 020 001 00 00;Ìîíèòîðèíã è  óòî÷íåíèå èíôîðìàöèè ïî èíöèäåíòàì;-;00;Íåïðîèçâîäñòâåííûå;ìèíóòà;60;RUCH
ÎÑÖ Ìîñêâà;Âíå ïîäðàçäåëåíèé;NO 020 001 00 00;Ìîíèòîðèíã è  óòî÷íåíèå èíôîðìàöèè ïî èíöèäåíòàì;-;00;Íåïðîèçâîäñòâåííûå;ìèíóòà;60;RUCH
ÎÑÖ Ìîñêâà;Àðõèâ ¹1 Òîìèëèíî;NO 020 001 00 00;Ìîíèòîðèíã è  óòî÷íåíèå èíôîðìàöèè ïî èíöèäåíòàì;-;00;Íåïðîèçâîäñòâåííûå;ìèíóòà;60;RUCH
ÎÑÖ Íèæíèé Íîâãîðîä;Âíå ïîäðàçäåëåíèé;NO 020 001 00 00;Ìîíèòîðèíã è  óòî÷íåíèå èíôîðìàöèè ïî èíöèäåíòàì;-;00;Íåïðîèçâîäñòâåííûå;ìèíóòà;60;RUCH
ÎÑÖ Íèæíèé Íîâãîðîä;Àðõèâ ¹1 Íèæíèé Íîâãîðîä;NO 020 001 00 00;Ìîíèòîðèíã è  óòî÷íåíèå èíôîðìàöèè ïî èíöèäåíòàì;-;00;Íåïðîèçâîäñòâåííûå;ìèíóòà;60;RUCH
ÎÑÖ Íîâîñèáèðñê;Âíå ïîäðàçäåëåíèé;NO 020 001 00 00;Ìîíèòîðèíã è  óòî÷íåíèå èíôîðìàöèè ïî èíöèäåíòàì;-;00;Íåïðîèçâîäñòâåííûå;ìèíóòà;60;RUCH
ÎÑÖ Íîâîñèáèðñê;Àðõèâ ¹1 Íîâîñèáèðñê;NO 020 001 00 00;Ìîíèòîðèíã è  óòî÷íåíèå èíôîðìàöèè ïî èíöèäåíòàì;-;00;Íåïðîèçâîäñòâåííûå;ìèíóòà;60;RUCH
ÎÑÖ Ñàìàðà;Âíå ïîäðàçäåëåíèé;NO 020 001 00 00;Ìîíèòîðèíã è  óòî÷íåíèå èíôîðìàöèè ïî èíöèäåíòàì;-;00;Íåïðîèçâîäñòâåííûå;ìèíóòà;60;RUCH
ÎÑÖ Íîâîñèáèðñê;Àðõèâ ¹3 Åêàòåðèíáóðã;NO 020 001 00 00;Ìîíèòîðèíã è  óòî÷íåíèå èíôîðìàöèè ïî èíöèäåíòàì;-;00;Íåïðîèçâîäñòâåííûå;ìèíóòà;60;RUCH
ÎÑÖ Ñàìàðà;Àðõèâ ¹1 Ñàìàðà;NO 020 001 00 00;Ìîíèòîðèíã è  óòî÷íåíèå èíôîðìàöèè ïî èíöèäåíòàì;-;00;Íåïðîèçâîäñòâåííûå;ìèíóòà;60;RUCH
ÎÑÖ Âîðîíåæ;Âíå ïîäðàçäåëåíèé;NO 022 001 00 00;Ïðîâåäåíèå ýêñïåðòèçû öåííîñòè äîêóìåíòîâ Áàíêà| ôîðìèðîâàíèå è ñîãëàñîâàíèå Àêòîâ î âûäåëåíèè ê óíè÷òîæåíèþ äîêóìåíòîâ è Ïðîòîêîëîâ ÝÊ ïîñðåäñòâîì ÀÑ ÑÝÎÄÎ ÷ëåíàìè ÝÊ ÑÖÀ;-;00;Ðåãèñòðàöèÿ;ìèíóòà;60;RUCH
ÎÑÖ Âîðîíåæ;Àðõèâ ¹1 Âîðîíåæ;NO 022 001 00 00;Ïðîâåäåíèå ýêñïåðòèçû öåííîñòè äîêóìåíòîâ Áàíêà| ôîðìèðîâàíèå è ñîãëàñîâàíèå Àêòîâ î âûäåëåíèè ê óíè÷òîæåíèþ äîêóìåíòîâ è Ïðîòîêîëîâ ÝÊ ïîñðåäñòâîì ÀÑ ÑÝÎÄÎ ÷ëåíàìè ÝÊ ÑÖÀ;-;00;Ðåãèñòðàöèÿ;ìèíóòà;60;RUCH
ÎÑÖ Âîðîíåæ;Àðõèâ ¹3 Êàëèíèíãðàä;NO 022 001 00 00;Ïðîâåäåíèå ýêñïåðòèçû öåííîñòè äîêóìåíòîâ Áàíêà| ôîðìèðîâàíèå è ñîãëàñîâàíèå Àêòîâ î âûäåëåíèè ê óíè÷òîæåíèþ äîêóìåíòîâ è Ïðîòîêîëîâ ÝÊ ïîñðåäñòâîì ÀÑ ÑÝÎÄÎ ÷ëåíàìè ÝÊ ÑÖÀ;-;00;Ðåãèñòðàöèÿ;ìèíóòà;60;RUCH
ÎÑÖ Âîðîíåæ;Àðõèâ ¹4 Ñàíêò-Ïåòåðáóðã;NO 022 001 00 00;Ïðîâåäåíèå ýêñïåðòèçû öåííîñòè äîêóìåíòîâ Áàíêà| ôîðìèðîâàíèå è ñîãëàñîâàíèå Àêòîâ î âûäåëåíèè ê óíè÷òîæåíèþ äîêóìåíòîâ è Ïðîòîêîëîâ ÝÊ ïîñðåäñòâîì ÀÑ ÑÝÎÄÎ ÷ëåíàìè ÝÊ ÑÖÀ;-;00;Ðåãèñòðàöèÿ;ìèíóòà;60;RUCH
ÎÑÖ Ìîñêâà;Âíå ïîäðàçäåëåíèé;NO 022 001 00 00;Ïðîâåäåíèå ýêñïåðòèçû öåííîñòè äîêóìåíòîâ Áàíêà| ôîðìèðîâàíèå è ñîãëàñîâàíèå Àêòîâ î âûäåëåíèè ê óíè÷òîæåíèþ äîêóìåíòîâ è Ïðîòîêîëîâ ÝÊ ïîñðåäñòâîì ÀÑ ÑÝÎÄÎ ÷ëåíàìè ÝÊ ÑÖÀ;-;00;Ðåãèñòðàöèÿ;ìèíóòà;60;RUCH
ÎÑÖ Ìîñêâà;Àðõèâ ¹1 Òîìèëèíî;NO 022 001 00 00;Ïðîâåäåíèå ýêñïåðòèçû öåííîñòè äîêóìåíòîâ Áàíêà| ôîðìèðîâàíèå è ñîãëàñîâàíèå Àêòîâ î âûäåëåíèè ê óíè÷òîæåíèþ äîêóìåíòîâ è Ïðîòîêîëîâ ÝÊ ïîñðåäñòâîì ÀÑ ÑÝÎÄÎ ÷ëåíàìè ÝÊ ÑÖÀ;-;00;Ðåãèñòðàöèÿ;ìèíóòà;60;RUCH
ÎÑÖ Íèæíèé Íîâãîðîä;Âíå ïîäðàçäåëåíèé;NO 022 001 00 00;Ïðîâåäåíèå ýêñïåðòèçû öåííîñòè äîêóìåíòîâ Áàíêà| ôîðìèðîâàíèå è ñîãëàñîâàíèå Àêòîâ î âûäåëåíèè ê óíè÷òîæåíèþ äîêóìåíòîâ è Ïðîòîêîëîâ ÝÊ ïîñðåäñòâîì ÀÑ ÑÝÎÄÎ ÷ëåíàìè ÝÊ ÑÖÀ;-;00;Ðåãèñòðàöèÿ;ìèíóòà;60;RUCH
ÎÑÖ Íèæíèé Íîâãîðîä;Àðõèâ ¹1 Íèæíèé Íîâãîðîä;NO 022 001 00 00;Ïðîâåäåíèå ýêñïåðòèçû öåííîñòè äîêóìåíòîâ Áàíêà| ôîðìèðîâàíèå è ñîãëàñîâàíèå Àêòîâ î âûäåëåíèè ê óíè÷òîæåíèþ äîêóìåíòîâ è Ïðîòîêîëîâ ÝÊ ïîñðåäñòâîì ÀÑ ÑÝÎÄÎ ÷ëåíàìè ÝÊ ÑÖÀ;-;00;Ðåãèñòðàöèÿ;ìèíóòà;60;RUCH
ÎÑÖ Íîâîñèáèðñê;Âíå ïîäðàçäåëåíèé;NO 022 001 00 00;Ïðîâåäåíèå ýêñïåðòèçû öåííîñòè äîêóìåíòîâ Áàíêà| ôîðìèðîâàíèå è ñîãëàñîâàíèå Àêòîâ î âûäåëåíèè ê óíè÷òîæåíèþ äîêóìåíòîâ è Ïðîòîêîëîâ ÝÊ ïîñðåäñòâîì ÀÑ ÑÝÎÄÎ ÷ëåíàìè ÝÊ ÑÖÀ;-;00;Ðåãèñòðàöèÿ;ìèíóòà;60;RUCH
ÎÑÖ Íîâîñèáèðñê;Àðõèâ ¹1 Íîâîñèáèðñê;NO 022 001 00 00;Ïðîâåäåíèå ýêñïåðòèçû öåííîñòè äîêóìåíòîâ Áàíêà| ôîðìèðîâàíèå è ñîãëàñîâàíèå Àêòîâ î âûäåëåíèè ê óíè÷òîæåíèþ äîêóìåíòîâ è Ïðîòîêîëîâ ÝÊ ïîñðåäñòâîì ÀÑ ÑÝÎÄÎ ÷ëåíàìè ÝÊ ÑÖÀ;-;00;Ðåãèñòðàöèÿ;ìèíóòà;60;RUCH
ÎÑÖ Ñàìàðà;Âíå ïîäðàçäåëåíèé;NO 022 001 00 00;Ïðîâåäåíèå ýêñïåðòèçû öåííîñòè äîêóìåíòîâ Áàíêà| ôîðìèðîâàíèå è ñîãëàñîâàíèå Àêòîâ î âûäåëåíèè ê óíè÷òîæåíèþ äîêóìåíòîâ è Ïðîòîêîëîâ ÝÊ ïîñðåäñòâîì ÀÑ ÑÝÎÄÎ ÷ëåíàìè ÝÊ ÑÖÀ;-;00;Ðåãèñòðàöèÿ;ìèíóòà;60;RUCH
ÎÑÖ Íîâîñèáèðñê;Àðõèâ ¹3 Åêàòåðèíáóðã;NO 022 001 00 00;Ïðîâåäåíèå ýêñïåðòèçû öåííîñòè äîêóìåíòîâ Áàíêà| ôîðìèðîâàíèå è ñîãëàñîâàíèå Àêòîâ î âûäåëåíèè ê óíè÷òîæåíèþ äîêóìåíòîâ è Ïðîòîêîëîâ ÝÊ ïîñðåäñòâîì ÀÑ ÑÝÎÄÎ ÷ëåíàìè ÝÊ ÑÖÀ;-;00;Ðåãèñòðàöèÿ;ìèíóòà;60;RUCH
ÎÑÖ Ñàìàðà;Àðõèâ ¹1 Ñàìàðà;NO 022 001 00 00;Ïðîâåäåíèå ýêñïåðòèçû öåííîñòè äîêóìåíòîâ Áàíêà| ôîðìèðîâàíèå è ñîãëàñîâàíèå Àêòîâ î âûäåëåíèè ê óíè÷òîæåíèþ äîêóìåíòîâ è Ïðîòîêîëîâ ÝÊ ïîñðåäñòâîì ÀÑ ÑÝÎÄÎ ÷ëåíàìè ÝÊ ÑÖÀ;-;00;Ðåãèñòðàöèÿ;ìèíóòà;60;RUCH
ÎÑÖ Âîðîíåæ;Âíå ïîäðàçäåëåíèé;NO 023 001 00 00;Ñîñòàâëåíèå ãðàôèêîâ;-;00;Íåïðîèçâîäñòâåííûå;ìèíóòà;60;RUCH
ÎÑÖ Âîðîíåæ;Àðõèâ ¹1 Âîðîíåæ;NO 023 001 00 00;Ñîñòàâëåíèå ãðàôèêîâ;-;00;Íåïðîèçâîäñòâåííûå;ìèíóòà;60;RUCH
ÎÑÖ Âîðîíåæ;Àðõèâ ¹2 Ñòàâðîïîëü;NO 023 001 00 00;Ñîñòàâëåíèå ãðàôèêîâ;-;00;Íåïðîèçâîäñòâåííûå;ìèíóòà;60;RUCH
ÎÑÖ Âîðîíåæ;Àðõèâ ¹3 Êàëèíèíãðàä;NO 023 001 00 00;Ñîñòàâëåíèå ãðàôèêîâ;-;00;Íåïðîèçâîäñòâåííûå;ìèíóòà;60;RUCH
ÎÑÖ Âîðîíåæ;Àðõèâ ¹4 Ñàíêò-Ïåòåðáóðã;NO 023 001 00 00;Ñîñòàâëåíèå ãðàôèêîâ;-;00;Íåïðîèçâîäñòâåííûå;ìèíóòà;60;RUCH
ÎÑÖ Ìîñêâà;Âíå ïîäðàçäåëåíèé;NO 023 001 00 00;Ñîñòàâëåíèå ãðàôèêîâ;-;00;Íåïðîèçâîäñòâåííûå;ìèíóòà;60;RUCH
ÎÑÖ Ìîñêâà;Àðõèâ ¹1 Òîìèëèíî;NO 023 001 00 00;Ñîñòàâëåíèå ãðàôèêîâ;-;00;Íåïðîèçâîäñòâåííûå;ìèíóòà;60;RUCH
ÎÑÖ Íèæíèé Íîâãîðîä;Âíå ïîäðàçäåëåíèé;NO 023 001 00 00;Ñîñòàâëåíèå ãðàôèêîâ;-;00;Íåïðîèçâîäñòâåííûå;ìèíóòà;60;RUCH
ÎÑÖ Íèæíèé Íîâãîðîä;Àðõèâ ¹1 Íèæíèé Íîâãîðîä;NO 023 001 00 00;Ñîñòàâëåíèå ãðàôèêîâ;-;00;Íåïðîèçâîäñòâåííûå;ìèíóòà;60;RUCH
ÎÑÖ Íîâîñèáèðñê;Âíå ïîäðàçäåëåíèé;NO 023 001 00 00;Ñîñòàâëåíèå ãðàôèêîâ;-;00;Íåïðîèçâîäñòâåííûå;ìèíóòà;60;RUCH
ÎÑÖ Íîâîñèáèðñê;Àðõèâ ¹1 Íîâîñèáèðñê;NO 023 001 00 00;Ñîñòàâëåíèå ãðàôèêîâ;-;00;Íåïðîèçâîäñòâåííûå;ìèíóòà;60;RUCH
ÎÑÖ Ñàìàðà;Âíå ïîäðàçäåëåíèé;NO 023 001 00 00;Ñîñòàâëåíèå ãðàôèêîâ;-;00;Íåïðîèçâîäñòâåííûå;ìèíóòà;60;RUCH
ÎÑÖ Íîâîñèáèðñê;Àðõèâ ¹3 Åêàòåðèíáóðã;NO 023 001 00 00;Ñîñòàâëåíèå ãðàôèêîâ;-;00;Íåïðîèçâîäñòâåííûå;ìèíóòà;60;RUCH
ÎÑÖ Ñàìàðà;Àðõèâ ¹1 Ñàìàðà;NO 023 001 00 00;Ñîñòàâëåíèå ãðàôèêîâ;-;00;Íåïðîèçâîäñòâåííûå;ìèíóòà;60;RUCH
ÎÑÖ Íèæíèé Íîâãîðîä;Àðõèâ ¹1 Íèæíèé Íîâãîðîä;NO 025 002 00 00;Ïðîñëóøèâàíèå çâîíêîâ îïåðàòîðîâ ÑÏÀÑ äëÿ âûâëåíèÿ ñëàáûõ çîí îïåðàòîðà + çàïîëíåíèå îöåíî÷íîé ôîðìû ñ êðèåòèðèÿìè è ïîäðîáíûì êîììåíòàðèåì (äëÿ ÑÖÀ ã. Í.Íîâãîðîä);-;00;ÑÏÀÑ;ìèíóòà;60;RUCH
ÎÑÖ Íèæíèé Íîâãîðîä;Àðõèâ ¹1 Íèæíèé Íîâãîðîä;NO 025 003 00 00;Çàïîëíåíèå/îáíîâëåíèå Áàçû çíàíèé (äëÿ ÑÖÀ ã. Í.Íîâãîðîä);-;00;ÑÏÀÑ;ìèíóòà;60;RUCH
ÎÑÖ Íèæíèé Íîâãîðîä;Àðõèâ ¹1 Íèæíèé Íîâãîðîä;NO 025 004 00 00;Ñîñòàâëåíèå âîïðîñîâ òåñòà ðàçìåùåíèå òåêñòà â Áàçå Çíàíèé (äëÿ ÑÖÀ ã. Í.Íîâãîðîä);-;00;ÑÏÀÑ;ìèíóòà;60;RUCH
ÎÑÖ Íèæíèé Íîâãîðîä;Àðõèâ ¹1 Íèæíèé Íîâãîðîä;NO 025 005 00 00;Îáíîâëåíèå èíôîðìàöèè ïî òåêóùèì ïðîöåðóðàì è íîðìàòèâàì + äîáàâëåíèå íîâûõ äàííûõ (äëÿ ÑÖÀ ã. Í.Íîâãîðîä);-;00;ÑÏÀÑ;ìèíóòà;60;RUCH
ÎÑÖ Íèæíèé Íîâãîðîä;Àðõèâ ¹1 Íèæíèé Íîâãîðîä;NO 025 006 00 00;Ïðîâåðêà âûÿâëåííûõ íàðóøåíèé îïåðàòîðîâ è ò.ä. (äëÿ ÑÖÀ ã. Í.Íîâãîðîä);-;00;ÑÏÀÑ;ìèíóòà;60;RUCH
ÎÑÖ Íèæíèé Íîâãîðîä;Àðõèâ ¹1 Íèæíèé Íîâãîðîä;NO 025 007 00 00;Îáðàòíàÿ ñâÿçü ñ ÂÊ ïî æàëîáå èëè îòðèö.îöåíêå (äëÿ ÑÖÀ ã. Í.Íîâãîðîä);-;00;ÑÏÀÑ;ìèíóòà;60;RUCH
ÎÑÖ Âîðîíåæ;Âíå ïîäðàçäåëåíèé;NO 027 001 00 00;Îðãàíèçàöèÿ è ñîïðîâîæäåíèå çàêóïîê;-;00;Íåïðîèçâîäñòâåííûå;ìèíóòà;60;RUCH
ÎÑÖ Âîðîíåæ;Àðõèâ ¹1 Âîðîíåæ;NO 027 001 00 00;Îðãàíèçàöèÿ è ñîïðîâîæäåíèå çàêóïîê;-;00;Íåïðîèçâîäñòâåííûå;ìèíóòà;60;RUCH
ÎÑÖ Âîðîíåæ;Àðõèâ ¹2 Ñòàâðîïîëü;NO 027 001 00 00;Îðãàíèçàöèÿ è ñîïðîâîæäåíèå çàêóïîê;-;00;Íåïðîèçâîäñòâåííûå;ìèíóòà;60;RUCH
ÎÑÖ Âîðîíåæ;Àðõèâ ¹3 Êàëèíèíãðàä;NO 027 001 00 00;Îðãàíèçàöèÿ è ñîïðîâîæäåíèå çàêóïîê;-;00;Íåïðîèçâîäñòâåííûå;ìèíóòà;60;RUCH
ÎÑÖ Âîðîíåæ;Àðõèâ ¹4 Ñàíêò-Ïåòåðáóðã;NO 027 001 00 00;Îðãàíèçàöèÿ è ñîïðîâîæäåíèå çàêóïîê;-;00;Íåïðîèçâîäñòâåííûå;ìèíóòà;60;RUCH
ÎÑÖ Ìîñêâà;Âíå ïîäðàçäåëåíèé;NO 027 001 00 00;Îðãàíèçàöèÿ è ñîïðîâîæäåíèå çàêóïîê;-;00;Íåïðîèçâîäñòâåííûå;ìèíóòà;60;RUCH
ÎÑÖ Ìîñêâà;Àðõèâ ¹1 Òîìèëèíî;NO 027 001 00 00;Îðãàíèçàöèÿ è ñîïðîâîæäåíèå çàêóïîê;-;00;Íåïðîèçâîäñòâåííûå;ìèíóòà;60;RUCH
ÎÑÖ Íèæíèé Íîâãîðîä;Âíå ïîäðàçäåëåíèé;NO 027 001 00 00;Îðãàíèçàöèÿ è ñîïðîâîæäåíèå çàêóïîê;-;00;Íåïðîèçâîäñòâåííûå;ìèíóòà;60;RUCH
ÎÑÖ Íèæíèé Íîâãîðîä;Àðõèâ ¹1 Íèæíèé Íîâãîðîä;NO 027 001 00 00;Îðãàíèçàöèÿ è ñîïðîâîæäåíèå çàêóïîê;-;00;Íåïðîèçâîäñòâåííûå;ìèíóòà;60;RUCH
ÎÑÖ Íîâîñèáèðñê;Âíå ïîäðàçäåëåíèé;NO 027 001 00 00;Îðãàíèçàöèÿ è ñîïðîâîæäåíèå çàêóïîê;-;00;Íåïðîèçâîäñòâåííûå;ìèíóòà;60;RUCH
ÎÑÖ Íîâîñèáèðñê;Àðõèâ ¹1 Íîâîñèáèðñê;NO 027 001 00 00;Îðãàíèçàöèÿ è ñîïðîâîæäåíèå çàêóïîê;-;00;Íåïðîèçâîäñòâåííûå;ìèíóòà;60;RUCH
ÎÑÖ Ñàìàðà;Âíå ïîäðàçäåëåíèé;NO 027 001 00 00;Îðãàíèçàöèÿ è ñîïðîâîæäåíèå çàêóïîê;-;00;Íåïðîèçâîäñòâåííûå;ìèíóòà;60;RUCH
ÎÑÖ Íîâîñèáèðñê;Àðõèâ ¹3 Åêàòåðèíáóðã;NO 027 001 00 00;Îðãàíèçàöèÿ è ñîïðîâîæäåíèå çàêóïîê;-;00;Íåïðîèçâîäñòâåííûå;ìèíóòà;60;RUCH
ÎÑÖ Ñàìàðà;Àðõèâ ¹1 Ñàìàðà;NO 027 001 00 00;Îðãàíèçàöèÿ è ñîïðîâîæäåíèå çàêóïîê;-;00;Íåïðîèçâîäñòâåííûå;ìèíóòà;60;RUCH
ÎÑÖ Âîðîíåæ;Âíå ïîäðàçäåëåíèé;NO 029 001 00 00;Ðàáîòà ñî ñ÷åòàìè;-;00;Íåïðîèçâîäñòâåííûå;ìèíóòà;60;RUCH
ÎÑÖ Âîðîíåæ;Àðõèâ ¹1 Âîðîíåæ;NO 029 001 00 00;Ðàáîòà ñî ñ÷åòàìè;-;00;Íåïðîèçâîäñòâåííûå;ìèíóòà;60;RUCH
ÎÑÖ Âîðîíåæ;Àðõèâ ¹2 Ñòàâðîïîëü;NO 029 001 00 00;Ðàáîòà ñî ñ÷åòàìè;-;00;Íåïðîèçâîäñòâåííûå;ìèíóòà;60;RUCH
ÎÑÖ Âîðîíåæ;Àðõèâ ¹3 Êàëèíèíãðàä;NO 029 001 00 00;Ðàáîòà ñî ñ÷åòàìè;-;00;Íåïðîèçâîäñòâåííûå;ìèíóòà;60;RUCH
ÎÑÖ Âîðîíåæ;Àðõèâ ¹4 Ñàíêò-Ïåòåðáóðã;NO 029 001 00 00;Ðàáîòà ñî ñ÷åòàìè;-;00;Íåïðîèçâîäñòâåííûå;ìèíóòà;60;RUCH
ÎÑÖ Ìîñêâà;Âíå ïîäðàçäåëåíèé;NO 029 001 00 00;Ðàáîòà ñî ñ÷åòàìè;-;00;Íåïðîèçâîäñòâåííûå;ìèíóòà;60;RUCH
ÎÑÖ Ìîñêâà;Àðõèâ ¹1 Òîìèëèíî;NO 029 001 00 00;Ðàáîòà ñî ñ÷åòàìè;-;00;Íåïðîèçâîäñòâåííûå;ìèíóòà;60;RUCH
ÎÑÖ Íèæíèé Íîâãîðîä;Âíå ïîäðàçäåëåíèé;NO 029 001 00 00;Ðàáîòà ñî ñ÷åòàìè;-;00;Íåïðîèçâîäñòâåííûå;ìèíóòà;60;RUCH
ÎÑÖ Íèæíèé Íîâãîðîä;Àðõèâ ¹1 Íèæíèé Íîâãîðîä;NO 029 001 00 00;Ðàáîòà ñî ñ÷åòàìè;-;00;Íåïðîèçâîäñòâåííûå;ìèíóòà;60;RUCH
ÎÑÖ Íîâîñèáèðñê;Âíå ïîäðàçäåëåíèé;NO 029 001 00 00;Ðàáîòà ñî ñ÷åòàìè;-;00;Íåïðîèçâîäñòâåííûå;ìèíóòà;60;RUCH
ÎÑÖ Íîâîñèáèðñê;Àðõèâ ¹1 Íîâîñèáèðñê;NO 029 001 00 00;Ðàáîòà ñî ñ÷åòàìè;-;00;Íåïðîèçâîäñòâåííûå;ìèíóòà;60;RUCH
ÎÑÖ Ñàìàðà;Âíå ïîäðàçäåëåíèé;NO 029 001 00 00;Ðàáîòà ñî ñ÷åòàìè;-;00;Íåïðîèçâîäñòâåííûå;ìèíóòà;60;RUCH
ÎÑÖ Íîâîñèáèðñê;Àðõèâ ¹3 Åêàòåðèíáóðã;NO 029 001 00 00;Ðàáîòà ñî ñ÷åòàìè;-;00;Íåïðîèçâîäñòâåííûå;ìèíóòà;60;RUCH
ÎÑÖ Ñàìàðà;Àðõèâ ¹1 Ñàìàðà;NO 029 001 00 00;Ðàáîòà ñî ñ÷åòàìè;-;00;Íåïðîèçâîäñòâåííûå;ìèíóòà;60;RUCH
ÎÑÖ Âîðîíåæ;Âíå ïîäðàçäåëåíèé;NO 031 001 00 00;Ðàáîòà ñ çàÿâêàìè ÑáåðÄðóã| Êóðñ| ÑÀÏ| ÑÀÏ ÓÂÕÄ è äð. ÏÎ;-;00;Íåïðîèçâîäñòâåííûå;ìèíóòà;60;RUCH
ÎÑÖ Âîðîíåæ;Àðõèâ ¹1 Âîðîíåæ;NO 031 001 00 00;Ðàáîòà ñ çàÿâêàìè ÑáåðÄðóã| Êóðñ| ÑÀÏ| ÑÀÏ ÓÂÕÄ è äð. ÏÎ;-;00;Íåïðîèçâîäñòâåííûå;ìèíóòà;60;RUCH
ÎÑÖ Âîðîíåæ;Àðõèâ ¹2 Ñòàâðîïîëü;NO 031 001 00 00;Ðàáîòà ñ çàÿâêàìè ÑáåðÄðóã| Êóðñ| ÑÀÏ| ÑÀÏ ÓÂÕÄ è äð. ÏÎ;-;00;Íåïðîèçâîäñòâåííûå;ìèíóòà;60;RUCH
ÎÑÖ Âîðîíåæ;Àðõèâ ¹3 Êàëèíèíãðàä;NO 031 001 00 00;Ðàáîòà ñ çàÿâêàìè ÑáåðÄðóã| Êóðñ| ÑÀÏ| ÑÀÏ ÓÂÕÄ è äð. ÏÎ;-;00;Íåïðîèçâîäñòâåííûå;ìèíóòà;60;RUCH
ÎÑÖ Âîðîíåæ;Àðõèâ ¹4 Ñàíêò-Ïåòåðáóðã;NO 031 001 00 00;Ðàáîòà ñ çàÿâêàìè ÑáåðÄðóã| Êóðñ| ÑÀÏ| ÑÀÏ ÓÂÕÄ è äð. ÏÎ;-;00;Íåïðîèçâîäñòâåííûå;ìèíóòà;60;RUCH
ÎÑÖ Ìîñêâà;Âíå ïîäðàçäåëåíèé;NO 031 001 00 00;Ðàáîòà ñ çàÿâêàìè ÑáåðÄðóã| Êóðñ| ÑÀÏ| ÑÀÏ ÓÂÕÄ è äð. ÏÎ;-;00;Íåïðîèçâîäñòâåííûå;ìèíóòà;60;RUCH
ÎÑÖ Ìîñêâà;Àðõèâ ¹1 Òîìèëèíî;NO 031 001 00 00;Ðàáîòà ñ çàÿâêàìè ÑáåðÄðóã| Êóðñ| ÑÀÏ| ÑÀÏ ÓÂÕÄ è äð. ÏÎ;-;00;Íåïðîèçâîäñòâåííûå;ìèíóòà;60;RUCH
ÎÑÖ Íèæíèé Íîâãîðîä;Âíå ïîäðàçäåëåíèé;NO 031 001 00 00;Ðàáîòà ñ çàÿâêàìè ÑáåðÄðóã| Êóðñ| ÑÀÏ| ÑÀÏ ÓÂÕÄ è äð. ÏÎ;-;00;Íåïðîèçâîäñòâåííûå;ìèíóòà;60;RUCH
ÎÑÖ Íèæíèé Íîâãîðîä;Àðõèâ ¹1 Íèæíèé Íîâãîðîä;NO 031 001 00 00;Ðàáîòà ñ çàÿâêàìè ÑáåðÄðóã| Êóðñ| ÑÀÏ| ÑÀÏ ÓÂÕÄ è äð. ÏÎ;-;00;Íåïðîèçâîäñòâåííûå;ìèíóòà;60;RUCH
ÎÑÖ Íîâîñèáèðñê;Âíå ïîäðàçäåëåíèé;NO 031 001 00 00;Ðàáîòà ñ çàÿâêàìè ÑáåðÄðóã| Êóðñ| ÑÀÏ| ÑÀÏ ÓÂÕÄ è äð. ÏÎ;-;00;Íåïðîèçâîäñòâåííûå;ìèíóòà;60;RUCH
ÎÑÖ Íîâîñèáèðñê;Àðõèâ ¹1 Íîâîñèáèðñê;NO 031 001 00 00;Ðàáîòà ñ çàÿâêàìè ÑáåðÄðóã| Êóðñ| ÑÀÏ| ÑÀÏ ÓÂÕÄ è äð. ÏÎ;-;00;Íåïðîèçâîäñòâåííûå;ìèíóòà;60;RUCH
ÎÑÖ Ñàìàðà;Âíå ïîäðàçäåëåíèé;NO 031 001 00 00;Ðàáîòà ñ çàÿâêàìè ÑáåðÄðóã| Êóðñ| ÑÀÏ| ÑÀÏ ÓÂÕÄ è äð. ÏÎ;-;00;Íåïðîèçâîäñòâåííûå;ìèíóòà;60;RUCH
ÎÑÖ Íîâîñèáèðñê;Àðõèâ ¹3 Åêàòåðèíáóðã;NO 031 001 00 00;Ðàáîòà ñ çàÿâêàìè ÑáåðÄðóã| Êóðñ| ÑÀÏ| ÑÀÏ ÓÂÕÄ è äð. ÏÎ;-;00;Íåïðîèçâîäñòâåííûå;ìèíóòà;60;RUCH
ÎÑÖ Ñàìàðà;Àðõèâ ¹1 Ñàìàðà;NO 031 001 00 00;Ðàáîòà ñ çàÿâêàìè ÑáåðÄðóã| Êóðñ| ÑÀÏ| ÑÀÏ ÓÂÕÄ è äð. ÏÎ;-;00;Íåïðîèçâîäñòâåííûå;ìèíóòà;60;RUCH
ÎÑÖ Âîðîíåæ;Âíå ïîäðàçäåëåíèé;NO 032 001 00 00;Îðãàíèçàöèÿ è ïîäãîòîâêà îáçîðíûõ| àíàëèòè÷åñêèõ è îáó÷àþùèõ ìàòåðèàëîâ;-;00;Íåïðîèçâîäñòâåííûå;ìèíóòà;60;RUCH
ÎÑÖ Âîðîíåæ;Àðõèâ ¹1 Âîðîíåæ;NO 032 001 00 00;Îðãàíèçàöèÿ è ïîäãîòîâêà îáçîðíûõ| àíàëèòè÷åñêèõ è îáó÷àþùèõ ìàòåðèàëîâ;-;00;Íåïðîèçâîäñòâåííûå;ìèíóòà;60;RUCH
ÎÑÖ Âîðîíåæ;Àðõèâ ¹2 Ñòàâðîïîëü;NO 032 001 00 00;Îðãàíèçàöèÿ è ïîäãîòîâêà îáçîðíûõ| àíàëèòè÷åñêèõ è îáó÷àþùèõ ìàòåðèàëîâ;-;00;Íåïðîèçâîäñòâåííûå;ìèíóòà;60;RUCH
ÎÑÖ Âîðîíåæ;Àðõèâ ¹3 Êàëèíèíãðàä;NO 032 001 00 00;Îðãàíèçàöèÿ è ïîäãîòîâêà îáçîðíûõ| àíàëèòè÷åñêèõ è îáó÷àþùèõ ìàòåðèàëîâ;-;00;Íåïðîèçâîäñòâåííûå;ìèíóòà;60;RUCH
ÎÑÖ Âîðîíåæ;Àðõèâ ¹4 Ñàíêò-Ïåòåðáóðã;NO 032 001 00 00;Îðãàíèçàöèÿ è ïîäãîòîâêà îáçîðíûõ| àíàëèòè÷åñêèõ è îáó÷àþùèõ ìàòåðèàëîâ;-;00;Íåïðîèçâîäñòâåííûå;ìèíóòà;60;RUCH
ÎÑÖ Ìîñêâà;Âíå ïîäðàçäåëåíèé;NO 032 001 00 00;Îðãàíèçàöèÿ è ïîäãîòîâêà îáçîðíûõ| àíàëèòè÷åñêèõ è îáó÷àþùèõ ìàòåðèàëîâ;-;00;Íåïðîèçâîäñòâåííûå;ìèíóòà;60;RUCH
ÎÑÖ Ìîñêâà;Àðõèâ ¹1 Òîìèëèíî;NO 032 001 00 00;Îðãàíèçàöèÿ è ïîäãîòîâêà îáçîðíûõ| àíàëèòè÷åñêèõ è îáó÷àþùèõ ìàòåðèàëîâ;-;00;Íåïðîèçâîäñòâåííûå;ìèíóòà;60;RUCH
ÎÑÖ Íèæíèé Íîâãîðîä;Âíå ïîäðàçäåëåíèé;NO 032 001 00 00;Îðãàíèçàöèÿ è ïîäãîòîâêà îáçîðíûõ| àíàëèòè÷åñêèõ è îáó÷àþùèõ ìàòåðèàëîâ;-;00;Íåïðîèçâîäñòâåííûå;ìèíóòà;60;RUCH
ÎÑÖ Íèæíèé Íîâãîðîä;Àðõèâ ¹1 Íèæíèé Íîâãîðîä;NO 032 001 00 00;Îðãàíèçàöèÿ è ïîäãîòîâêà îáçîðíûõ| àíàëèòè÷åñêèõ è îáó÷àþùèõ ìàòåðèàëîâ;-;00;Íåïðîèçâîäñòâåííûå;ìèíóòà;60;RUCH
ÎÑÖ Íîâîñèáèðñê;Âíå ïîäðàçäåëåíèé;NO 032 001 00 00;Îðãàíèçàöèÿ è ïîäãîòîâêà îáçîðíûõ| àíàëèòè÷åñêèõ è îáó÷àþùèõ ìàòåðèàëîâ;-;00;Íåïðîèçâîäñòâåííûå;ìèíóòà;60;RUCH
ÎÑÖ Íîâîñèáèðñê;Àðõèâ ¹1 Íîâîñèáèðñê;NO 032 001 00 00;Îðãàíèçàöèÿ è ïîäãîòîâêà îáçîðíûõ| àíàëèòè÷åñêèõ è îáó÷àþùèõ ìàòåðèàëîâ;-;00;Íåïðîèçâîäñòâåííûå;ìèíóòà;60;RUCH
ÎÑÖ Ñàìàðà;Âíå ïîäðàçäåëåíèé;NO 032 001 00 00;Îðãàíèçàöèÿ è ïîäãîòîâêà îáçîðíûõ| àíàëèòè÷åñêèõ è îáó÷àþùèõ ìàòåðèàëîâ;-;00;Íåïðîèçâîäñòâåííûå;ìèíóòà;60;RUCH
ÎÑÖ Íîâîñèáèðñê;Àðõèâ ¹3 Åêàòåðèíáóðã;NO 032 001 00 00;Îðãàíèçàöèÿ è ïîäãîòîâêà îáçîðíûõ| àíàëèòè÷åñêèõ è îáó÷àþùèõ ìàòåðèàëîâ;-;00;Íåïðîèçâîäñòâåííûå;ìèíóòà;60;RUCH
ÎÑÖ Ñàìàðà;Àðõèâ ¹1 Ñàìàðà;NO 032 001 00 00;Îðãàíèçàöèÿ è ïîäãîòîâêà îáçîðíûõ| àíàëèòè÷åñêèõ è îáó÷àþùèõ ìàòåðèàëîâ;-;00;Íåïðîèçâîäñòâåííûå;ìèíóòà;60;RUCH
ÎÑÖ Âîðîíåæ;Âíå ïîäðàçäåëåíèé;NO 024 001 00 00;Îñóùåñòâëåíèå âûãðóçêè /îáðàáîòêè ôàéëîâ äëÿ ïîñëåäóþùåãî àðõèâèðîâàíèÿ è ñîïðîâîæäåíèå äîêóìåíòîâ ÔÏ Àðõèâ (ÍÍ);-;00;Íåïðîèçâîäñòâåííûå;ìèíóòà;60;RUCH
ÎÑÖ Âîðîíåæ;Àðõèâ ¹1 Âîðîíåæ;NO 024 001 00 00;Îñóùåñòâëåíèå âûãðóçêè /îáðàáîòêè ôàéëîâ äëÿ ïîñëåäóþùåãî àðõèâèðîâàíèÿ è ñîïðîâîæäåíèå äîêóìåíòîâ ÔÏ Àðõèâ (ÍÍ);-;00;Íåïðîèçâîäñòâåííûå;ìèíóòà;60;RUCH
ÎÑÖ Âîðîíåæ;Àðõèâ ¹2 Ñòàâðîïîëü;NO 024 001 00 00;Îñóùåñòâëåíèå âûãðóçêè /îáðàáîòêè ôàéëîâ äëÿ ïîñëåäóþùåãî àðõèâèðîâàíèÿ è ñîïðîâîæäåíèå äîêóìåíòîâ ÔÏ Àðõèâ (ÍÍ);-;00;Íåïðîèçâîäñòâåííûå;ìèíóòà;60;RUCH
ÎÑÖ Âîðîíåæ;Àðõèâ ¹3 Êàëèíèíãðàä;NO 024 001 00 00;Îñóùåñòâëåíèå âûãðóçêè /îáðàáîòêè ôàéëîâ äëÿ ïîñëåäóþùåãî àðõèâèðîâàíèÿ è ñîïðîâîæäåíèå äîêóìåíòîâ ÔÏ Àðõèâ (ÍÍ);-;00;Íåïðîèçâîäñòâåííûå;ìèíóòà;60;RUCH
ÎÑÖ Âîðîíåæ;Àðõèâ ¹4 Ñàíêò-Ïåòåðáóðã;NO 024 001 00 00;Îñóùåñòâëåíèå âûãðóçêè /îáðàáîòêè ôàéëîâ äëÿ ïîñëåäóþùåãî àðõèâèðîâàíèÿ è ñîïðîâîæäåíèå äîêóìåíòîâ ÔÏ Àðõèâ (ÍÍ);-;00;Íåïðîèçâîäñòâåííûå;ìèíóòà;60;RUCH
ÎÑÖ Ìîñêâà;Âíå ïîäðàçäåëåíèé;NO 024 001 00 00;Îñóùåñòâëåíèå âûãðóçêè /îáðàáîòêè ôàéëîâ äëÿ ïîñëåäóþùåãî àðõèâèðîâàíèÿ è ñîïðîâîæäåíèå äîêóìåíòîâ ÔÏ Àðõèâ (ÍÍ);-;00;Íåïðîèçâîäñòâåííûå;ìèíóòà;60;RUCH
ÎÑÖ Ìîñêâà;Àðõèâ ¹1 Òîìèëèíî;NO 024 001 00 00;Îñóùåñòâëåíèå âûãðóçêè /îáðàáîòêè ôàéëîâ äëÿ ïîñëåäóþùåãî àðõèâèðîâàíèÿ è ñîïðîâîæäåíèå äîêóìåíòîâ ÔÏ Àðõèâ (ÍÍ);-;00;Íåïðîèçâîäñòâåííûå;ìèíóòà;60;RUCH
ÎÑÖ Íèæíèé Íîâãîðîä;Âíå ïîäðàçäåëåíèé;NO 024 001 00 00;Îñóùåñòâëåíèå âûãðóçêè /îáðàáîòêè ôàéëîâ äëÿ ïîñëåäóþùåãî àðõèâèðîâàíèÿ è ñîïðîâîæäåíèå äîêóìåíòîâ ÔÏ Àðõèâ (ÍÍ);-;00;Íåïðîèçâîäñòâåííûå;ìèíóòà;60;RUCH
ÎÑÖ Íèæíèé Íîâãîðîä;Àðõèâ ¹1 Íèæíèé Íîâãîðîä;NO 024 001 00 00;Îñóùåñòâëåíèå âûãðóçêè /îáðàáîòêè ôàéëîâ äëÿ ïîñëåäóþùåãî àðõèâèðîâàíèÿ è ñîïðîâîæäåíèå äîêóìåíòîâ ÔÏ Àðõèâ (ÍÍ);-;00;Íåïðîèçâîäñòâåííûå;ìèíóòà;60;RUCH
ÎÑÖ Íîâîñèáèðñê;Âíå ïîäðàçäåëåíèé;NO 024 001 00 00;Îñóùåñòâëåíèå âûãðóçêè /îáðàáîòêè ôàéëîâ äëÿ ïîñëåäóþùåãî àðõèâèðîâàíèÿ è ñîïðîâîæäåíèå äîêóìåíòîâ ÔÏ Àðõèâ (ÍÍ);-;00;Íåïðîèçâîäñòâåííûå;ìèíóòà;60;RUCH
ÎÑÖ Íîâîñèáèðñê;Àðõèâ ¹1 Íîâîñèáèðñê;NO 024 001 00 00;Îñóùåñòâëåíèå âûãðóçêè /îáðàáîòêè ôàéëîâ äëÿ ïîñëåäóþùåãî àðõèâèðîâàíèÿ è ñîïðîâîæäåíèå äîêóìåíòîâ ÔÏ Àðõèâ (ÍÍ);-;00;Íåïðîèçâîäñòâåííûå;ìèíóòà;60;RUCH
ÎÑÖ Ñàìàðà;Âíå ïîäðàçäåëåíèé;NO 024 001 00 00;Îñóùåñòâëåíèå âûãðóçêè /îáðàáîòêè ôàéëîâ äëÿ ïîñëåäóþùåãî àðõèâèðîâàíèÿ è ñîïðîâîæäåíèå äîêóìåíòîâ ÔÏ Àðõèâ (ÍÍ);-;00;Íåïðîèçâîäñòâåííûå;ìèíóòà;60;RUCH
ÎÑÖ Íîâîñèáèðñê;Àðõèâ ¹3 Åêàòåðèíáóðã;NO 024 001 00 00;Îñóùåñòâëåíèå âûãðóçêè /îáðàáîòêè ôàéëîâ äëÿ ïîñëåäóþùåãî àðõèâèðîâàíèÿ è ñîïðîâîæäåíèå äîêóìåíòîâ ÔÏ Àðõèâ (ÍÍ);-;00;Íåïðîèçâîäñòâåííûå;ìèíóòà;60;RUCH
ÎÑÖ Ñàìàðà;Àðõèâ ¹1 Ñàìàðà;NO 024 001 00 00;Îñóùåñòâëåíèå âûãðóçêè /îáðàáîòêè ôàéëîâ äëÿ ïîñëåäóþùåãî àðõèâèðîâàíèÿ è ñîïðîâîæäåíèå äîêóìåíòîâ ÔÏ Àðõèâ (ÍÍ);-;00;Íåïðîèçâîäñòâåííûå;ìèíóòà;60;RUCH
ÎÑÖ Âîðîíåæ;Âíå ïîäðàçäåëåíèé;NO 043 001 00 00;Âíåñåíèå äàííûõ â Êóáûøêó| áþäæåòèðîâàíèå;-;00;Íåïðîèçâîäñòâåííûå;ìèíóòà;60;RUCH
ÎÑÖ Âîðîíåæ;Àðõèâ ¹1 Âîðîíåæ;NO 043 001 00 00;Âíåñåíèå äàííûõ â Êóáûøêó| áþäæåòèðîâàíèå;-;00;Íåïðîèçâîäñòâåííûå;ìèíóòà;60;RUCH
ÎÑÖ Âîðîíåæ;Àðõèâ ¹2 Ñòàâðîïîëü;NO 043 001 00 00;Âíåñåíèå äàííûõ â Êóáûøêó| áþäæåòèðîâàíèå;-;00;Íåïðîèçâîäñòâåííûå;ìèíóòà;60;RUCH
ÎÑÖ Âîðîíåæ;Àðõèâ ¹3 Êàëèíèíãðàä;NO 043 001 00 00;Âíåñåíèå äàííûõ â Êóáûøêó| áþäæåòèðîâàíèå;-;00;Íåïðîèçâîäñòâåííûå;ìèíóòà;60;RUCH
ÎÑÖ Âîðîíåæ;Àðõèâ ¹4 Ñàíêò-Ïåòåðáóðã;NO 043 001 00 00;Âíåñåíèå äàííûõ â Êóáûøêó| áþäæåòèðîâàíèå;-;00;Íåïðîèçâîäñòâåííûå;ìèíóòà;60;RUCH
ÎÑÖ Ìîñêâà;Âíå ïîäðàçäåëåíèé;NO 043 001 00 00;Âíåñåíèå äàííûõ â Êóáûøêó| áþäæåòèðîâàíèå;-;00;Íåïðîèçâîäñòâåííûå;ìèíóòà;60;RUCH
ÎÑÖ Ìîñêâà;Àðõèâ ¹1 Òîìèëèíî;NO 043 001 00 00;Âíåñåíèå äàííûõ â Êóáûøêó| áþäæåòèðîâàíèå;-;00;Íåïðîèçâîäñòâåííûå;ìèíóòà;60;RUCH
ÎÑÖ Íèæíèé Íîâãîðîä;Âíå ïîäðàçäåëåíèé;NO 043 001 00 00;Âíåñåíèå äàííûõ â Êóáûøêó| áþäæåòèðîâàíèå;-;00;Íåïðîèçâîäñòâåííûå;ìèíóòà;60;RUCH
ÎÑÖ Íèæíèé Íîâãîðîä;Àðõèâ ¹1 Íèæíèé Íîâãîðîä;NO 043 001 00 00;Âíåñåíèå äàííûõ â Êóáûøêó| áþäæåòèðîâàíèå;-;00;Íåïðîèçâîäñòâåííûå;ìèíóòà;60;RUCH
ÎÑÖ Íîâîñèáèðñê;Âíå ïîäðàçäåëåíèé;NO 043 001 00 00;Âíåñåíèå äàííûõ â Êóáûøêó| áþäæåòèðîâàíèå;-;00;Íåïðîèçâîäñòâåííûå;ìèíóòà;60;RUCH
ÎÑÖ Íîâîñèáèðñê;Àðõèâ ¹1 Íîâîñèáèðñê;NO 043 001 00 00;Âíåñåíèå äàííûõ â Êóáûøêó| áþäæåòèðîâàíèå;-;00;Íåïðîèçâîäñòâåííûå;ìèíóòà;60;RUCH
ÎÑÖ Ñàìàðà;Âíå ïîäðàçäåëåíèé;NO 043 001 00 00;Âíåñåíèå äàííûõ â Êóáûøêó| áþäæåòèðîâàíèå;-;00;Íåïðîèçâîäñòâåííûå;ìèíóòà;60;RUCH
ÎÑÖ Íîâîñèáèðñê;Àðõèâ ¹3 Åêàòåðèíáóðã;NO 043 001 00 00;Âíåñåíèå äàííûõ â Êóáûøêó| áþäæåòèðîâàíèå;-;00;Íåïðîèçâîäñòâåííûå;ìèíóòà;60;RUCH
ÎÑÖ Ñàìàðà;Àðõèâ ¹1 Ñàìàðà;NO 043 001 00 00;Âíåñåíèå äàííûõ â Êóáûøêó| áþäæåòèðîâàíèå;-;00;Íåïðîèçâîäñòâåííûå;ìèíóòà;60;RUCH
ÎÑÖ Âîðîíåæ;Âíå ïîäðàçäåëåíèé;NO 044 001 00 00;Çàêëþ÷åíèå/èçìåíåíèå| ñîïðîâîæäåíèå è îïëàòà äîãîâîðîâ ÄÃÏÕ;-;00;Íåïðîèçâîäñòâåííûå;ìèíóòà;60;RUCH
ÎÑÖ Âîðîíåæ;Àðõèâ ¹1 Âîðîíåæ;NO 044 001 00 00;Çàêëþ÷åíèå/èçìåíåíèå| ñîïðîâîæäåíèå è îïëàòà äîãîâîðîâ ÄÃÏÕ;-;00;Íåïðîèçâîäñòâåííûå;ìèíóòà;60;RUCH
ÎÑÖ Âîðîíåæ;Àðõèâ ¹2 Ñòàâðîïîëü;NO 044 001 00 00;Çàêëþ÷åíèå/èçìåíåíèå| ñîïðîâîæäåíèå è îïëàòà äîãîâîðîâ ÄÃÏÕ;-;00;Íåïðîèçâîäñòâåííûå;ìèíóòà;60;RUCH
ÎÑÖ Âîðîíåæ;Àðõèâ ¹3 Êàëèíèíãðàä;NO 044 001 00 00;Çàêëþ÷åíèå/èçìåíåíèå| ñîïðîâîæäåíèå è îïëàòà äîãîâîðîâ ÄÃÏÕ;-;00;Íåïðîèçâîäñòâåííûå;ìèíóòà;60;RUCH
ÎÑÖ Âîðîíåæ;Àðõèâ ¹4 Ñàíêò-Ïåòåðáóðã;NO 044 001 00 00;Çàêëþ÷åíèå/èçìåíåíèå| ñîïðîâîæäåíèå è îïëàòà äîãîâîðîâ ÄÃÏÕ;-;00;Íåïðîèçâîäñòâåííûå;ìèíóòà;60;RUCH
ÎÑÖ Ìîñêâà;Âíå ïîäðàçäåëåíèé;NO 044 001 00 00;Çàêëþ÷åíèå/èçìåíåíèå| ñîïðîâîæäåíèå è îïëàòà äîãîâîðîâ ÄÃÏÕ;-;00;Íåïðîèçâîäñòâåííûå;ìèíóòà;60;RUCH
ÎÑÖ Ìîñêâà;Àðõèâ ¹1 Òîìèëèíî;NO 044 001 00 00;Çàêëþ÷åíèå/èçìåíåíèå| ñîïðîâîæäåíèå è îïëàòà äîãîâîðîâ ÄÃÏÕ;-;00;Íåïðîèçâîäñòâåííûå;ìèíóòà;60;RUCH
ÎÑÖ Íèæíèé Íîâãîðîä;Âíå ïîäðàçäåëåíèé;NO 044 001 00 00;Çàêëþ÷åíèå/èçìåíåíèå| ñîïðîâîæäåíèå è îïëàòà äîãîâîðîâ ÄÃÏÕ;-;00;Íåïðîèçâîäñòâåííûå;ìèíóòà;60;RUCH
ÎÑÖ Íèæíèé Íîâãîðîä;Àðõèâ ¹1 Íèæíèé Íîâãîðîä;NO 044 001 00 00;Çàêëþ÷åíèå/èçìåíåíèå| ñîïðîâîæäåíèå è îïëàòà äîãîâîðîâ ÄÃÏÕ;-;00;Íåïðîèçâîäñòâåííûå;ìèíóòà;60;RUCH
ÎÑÖ Íîâîñèáèðñê;Âíå ïîäðàçäåëåíèé;NO 044 001 00 00;Çàêëþ÷åíèå/èçìåíåíèå| ñîïðîâîæäåíèå è îïëàòà äîãîâîðîâ ÄÃÏÕ;-;00;Íåïðîèçâîäñòâåííûå;ìèíóòà;60;RUCH
ÎÑÖ Íîâîñèáèðñê;Àðõèâ ¹1 Íîâîñèáèðñê;NO 044 001 00 00;Çàêëþ÷åíèå/èçìåíåíèå| ñîïðîâîæäåíèå è îïëàòà äîãîâîðîâ ÄÃÏÕ;-;00;Íåïðîèçâîäñòâåííûå;ìèíóòà;60;RUCH
ÎÑÖ Ñàìàðà;Âíå ïîäðàçäåëåíèé;NO 044 001 00 00;Çàêëþ÷åíèå/èçìåíåíèå| ñîïðîâîæäåíèå è îïëàòà äîãîâîðîâ ÄÃÏÕ;-;00;Íåïðîèçâîäñòâåííûå;ìèíóòà;60;RUCH
ÎÑÖ Íîâîñèáèðñê;Àðõèâ ¹3 Åêàòåðèíáóðã;NO 044 001 00 00;Çàêëþ÷åíèå/èçìåíåíèå| ñîïðîâîæäåíèå è îïëàòà äîãîâîðîâ ÄÃÏÕ;-;00;Íåïðîèçâîäñòâåííûå;ìèíóòà;60;RUCH
ÎÑÖ Ñàìàðà;Àðõèâ ¹1 Ñàìàðà;NO 044 001 00 00;Çàêëþ÷åíèå/èçìåíåíèå| ñîïðîâîæäåíèå è îïëàòà äîãîâîðîâ ÄÃÏÕ;-;00;Íåïðîèçâîäñòâåííûå;ìèíóòà;60;RUCH
ÎÑÖ Âîðîíåæ;Âíå ïîäðàçäåëåíèé;RR 204 100 00 01;Ïðèíÿòî â ÑÎÇ èç ÑË LZ ÖÀÐÑ äëÿ óíè÷òîæåíèÿ;;00;Çàïðîñû;;7;RUCH
ÎÑÖ Âîðîíåæ;Àðõèâ ¹1 Âîðîíåæ;RR 204 100 00 01;Ïðèíÿòî â ÑÎÇ èç ÑË LZ ÖÀÐÑ äëÿ óíè÷òîæåíèÿ;;00;Çàïðîñû;;5,769;RUCH
ÎÑÖ Âîðîíåæ;Àðõèâ ¹3 Êàëèíèíãðàä;RR 204 100 00 01;Ïðèíÿòî â ÑÎÇ èç ÑË LZ ÖÀÐÑ äëÿ óíè÷òîæåíèÿ;;00;Çàïðîñû;;4,885;RUCH
ÎÑÖ Âîðîíåæ;Àðõèâ ¹4 Ñàíêò-Ïåòåðáóðã;RR 204 100 00 01;Ïðèíÿòî â ÑÎÇ èç ÑË LZ ÖÀÐÑ äëÿ óíè÷òîæåíèÿ;;00;Çàïðîñû;;0;RUCH
ÎÑÖ Ìîñêâà;Âíå ïîäðàçäåëåíèé;RR 204 100 00 01;Ïðèíÿòî â ÑÎÇ èç ÑË LZ ÖÀÐÑ äëÿ óíè÷òîæåíèÿ;;00;Çàïðîñû;;7;RUCH
ÎÑÖ Ìîñêâà;Àðõèâ ¹1 Òîìèëèíî;RR 204 100 00 01;Ïðèíÿòî â ÑÎÇ èç ÑË LZ ÖÀÐÑ äëÿ óíè÷òîæåíèÿ;;00;Çàïðîñû;;7;RUCH
ÎÑÖ Íèæíèé Íîâãîðîä;Âíå ïîäðàçäåëåíèé;RR 204 100 00 01;Ïðèíÿòî â ÑÎÇ èç ÑË LZ ÖÀÐÑ äëÿ óíè÷òîæåíèÿ;;00;Çàïðîñû;;7;RUCH
ÎÑÖ Íèæíèé Íîâãîðîä;Àðõèâ ¹1 Íèæíèé Íîâãîðîä;RR 204 100 00 01;Ïðèíÿòî â ÑÎÇ èç ÑË LZ ÖÀÐÑ äëÿ óíè÷òîæåíèÿ;;00;Çàïðîñû;;4,79;RUCH
ÎÑÖ Íîâîñèáèðñê;Âíå ïîäðàçäåëåíèé;RR 204 100 00 01;Ïðèíÿòî â ÑÎÇ èç ÑË LZ ÖÀÐÑ äëÿ óíè÷òîæåíèÿ;;00;Çàïðîñû;;7;RUCH
ÎÑÖ Íîâîñèáèðñê;Àðõèâ ¹1 Íîâîñèáèðñê;RR 204 100 00 01;Ïðèíÿòî â ÑÎÇ èç ÑË LZ ÖÀÐÑ äëÿ óíè÷òîæåíèÿ;;00;Çàïðîñû;;0;RUCH
ÎÑÖ Ñàìàðà;Âíå ïîäðàçäåëåíèé;RR 204 100 00 01;Ïðèíÿòî â ÑÎÇ èç ÑË LZ ÖÀÐÑ äëÿ óíè÷òîæåíèÿ;;00;Çàïðîñû;;7;RUCH
ÎÑÖ Íîâîñèáèðñê;Àðõèâ ¹3 Åêàòåðèíáóðã;RR 204 100 00 01;Ïðèíÿòî â ÑÎÇ èç ÑË LZ ÖÀÐÑ äëÿ óíè÷òîæåíèÿ;;00;Çàïðîñû;;6;RUCH
ÎÑÖ Ñàìàðà;Àðõèâ ¹1 Ñàìàðà;RR 204 100 00 01;Ïðèíÿòî â ÑÎÇ èç ÑË LZ ÖÀÐÑ äëÿ óíè÷òîæåíèÿ;;00;Çàïðîñû;;4,659;RUCH
ÎÑÖ Âîðîíåæ;Âíå ïîäðàçäåëåíèé;SL 007 000 00 00;Íàçíà÷åíèå èñïîëíèòåëÿ íà íàðÿä| âðåìÿ èñïîëíåíèÿ íàðÿäà;-;00;Ëîãèñòèêà;ØÊ;50;RUCH
ÎÑÖ Âîðîíåæ;Àðõèâ ¹1 Âîðîíåæ;SL 007 000 00 00;Íàçíà÷åíèå èñïîëíèòåëÿ íà íàðÿä| âðåìÿ èñïîëíåíèÿ íàðÿäà;-;00;Ëîãèñòèêà;ØÊ;50;RUCH
ÎÑÖ Âîðîíåæ;Àðõèâ ¹3 Êàëèíèíãðàä;SL 007 000 00 00;Íàçíà÷åíèå èñïîëíèòåëÿ íà íàðÿä| âðåìÿ èñïîëíåíèÿ íàðÿäà;-;00;Ëîãèñòèêà;ØÊ;50;RUCH
ÎÑÖ Âîðîíåæ;Àðõèâ ¹4 Ñàíêò-Ïåòåðáóðã;SL 007 000 00 00;Íàçíà÷åíèå èñïîëíèòåëÿ íà íàðÿä| âðåìÿ èñïîëíåíèÿ íàðÿäà;-;00;Ëîãèñòèêà;ØÊ;50;RUCH
ÎÑÖ Ìîñêâà;Âíå ïîäðàçäåëåíèé;SL 007 000 00 00;Íàçíà÷åíèå èñïîëíèòåëÿ íà íàðÿä| âðåìÿ èñïîëíåíèÿ íàðÿäà;-;00;Ëîãèñòèêà;ØÊ;50;RUCH
ÎÑÖ Ìîñêâà;Àðõèâ ¹1 Òîìèëèíî;SL 007 000 00 00;Íàçíà÷åíèå èñïîëíèòåëÿ íà íàðÿä| âðåìÿ èñïîëíåíèÿ íàðÿäà;-;00;Ëîãèñòèêà;ØÊ;10;RUCH
ÎÑÖ Íèæíèé Íîâãîðîä;Âíå ïîäðàçäåëåíèé;SL 007 000 00 00;Íàçíà÷åíèå èñïîëíèòåëÿ íà íàðÿä| âðåìÿ èñïîëíåíèÿ íàðÿäà;-;00;Ëîãèñòèêà;ØÊ;40;RUCH
ÎÑÖ Íèæíèé Íîâãîðîä;Àðõèâ ¹1 Íèæíèé Íîâãîðîä;SL 007 000 00 00;Íàçíà÷åíèå èñïîëíèòåëÿ íà íàðÿä| âðåìÿ èñïîëíåíèÿ íàðÿäà;-;00;Ëîãèñòèêà;ØÊ;40;RUCH
ÎÑÖ Íîâîñèáèðñê;Âíå ïîäðàçäåëåíèé;SL 007 000 00 00;Íàçíà÷åíèå èñïîëíèòåëÿ íà íàðÿä| âðåìÿ èñïîëíåíèÿ íàðÿäà;-;00;Ëîãèñòèêà;ØÊ;50;RUCH
ÎÑÖ Íîâîñèáèðñê;Àðõèâ ¹1 Íîâîñèáèðñê;SL 007 000 00 00;Íàçíà÷åíèå èñïîëíèòåëÿ íà íàðÿä| âðåìÿ èñïîëíåíèÿ íàðÿäà;-;00;Ëîãèñòèêà;ØÊ;36;RUCH
ÎÑÖ Ñàìàðà;Âíå ïîäðàçäåëåíèé;SL 007 000 00 00;Íàçíà÷åíèå èñïîëíèòåëÿ íà íàðÿä| âðåìÿ èñïîëíåíèÿ íàðÿäà;-;00;Ëîãèñòèêà;ØÊ;50;RUCH
ÎÑÖ Íîâîñèáèðñê;Àðõèâ ¹3 Åêàòåðèíáóðã;SL 007 000 00 00;Íàçíà÷åíèå èñïîëíèòåëÿ íà íàðÿä| âðåìÿ èñïîëíåíèÿ íàðÿäà;-;00;Ëîãèñòèêà;ØÊ;50;RUCH
ÎÑÖ Ñàìàðà;Àðõèâ ¹1 Ñàìàðà;SL 007 000 00 00;Íàçíà÷åíèå èñïîëíèòåëÿ íà íàðÿä| âðåìÿ èñïîëíåíèÿ íàðÿäà;-;00;Ëîãèñòèêà;ØÊ;50;RUCH
ÎÑÖ Âîðîíåæ;Âíå ïîäðàçäåëåíèé;SL 011 000 00 00;Îòðàáîòàíî êîðîáîâ ïî çàïðîñàì ÌÁÊ| ÓÄÁÎ è äð. (ïàêåòíàÿ ðåãèñòðàöèÿ);-;00;Ëîãèñòèêà;ÀÊ;274;RUCH
ÎÑÖ Âîðîíåæ;Àðõèâ ¹1 Âîðîíåæ;SL 011 000 00 00;Îòðàáîòàíî êîðîáîâ ïî çàïðîñàì ÌÁÊ| ÓÄÁÎ è äð. (ïàêåòíàÿ ðåãèñòðàöèÿ);-;00;Ëîãèñòèêà;ÀÊ;274;RUCH
ÎÑÖ Âîðîíåæ;Àðõèâ ¹3 Êàëèíèíãðàä;SL 011 000 00 00;Îòðàáîòàíî êîðîáîâ ïî çàïðîñàì ÌÁÊ| ÓÄÁÎ è äð. (ïàêåòíàÿ ðåãèñòðàöèÿ);-;00;Ëîãèñòèêà;ÀÊ;274;RUCH
ÎÑÖ Âîðîíåæ;Àðõèâ ¹4 Ñàíêò-Ïåòåðáóðã;SL 011 000 00 00;Îòðàáîòàíî êîðîáîâ ïî çàïðîñàì ÌÁÊ| ÓÄÁÎ è äð. (ïàêåòíàÿ ðåãèñòðàöèÿ);-;00;Ëîãèñòèêà;ÀÊ;274;RUCH
ÎÑÖ Ìîñêâà;Âíå ïîäðàçäåëåíèé;SL 011 000 00 00;Îòðàáîòàíî êîðîáîâ ïî çàïðîñàì ÌÁÊ| ÓÄÁÎ è äð. (ïàêåòíàÿ ðåãèñòðàöèÿ);-;00;Ëîãèñòèêà;ÀÊ;274;RUCH
ÎÑÖ Ìîñêâà;Àðõèâ ¹1 Òîìèëèíî;SL 011 000 00 00;Îòðàáîòàíî êîðîáîâ ïî çàïðîñàì ÌÁÊ| ÓÄÁÎ è äð. (ïàêåòíàÿ ðåãèñòðàöèÿ);-;00;Ëîãèñòèêà;ÀÊ;274;RUCH
ÎÑÖ Íèæíèé Íîâãîðîä;Âíå ïîäðàçäåëåíèé;SL 011 000 00 00;Îòðàáîòàíî êîðîáîâ ïî çàïðîñàì ÌÁÊ| ÓÄÁÎ è äð. (ïàêåòíàÿ ðåãèñòðàöèÿ);-;00;Ëîãèñòèêà;ÀÊ;274;RUCH
ÎÑÖ Íèæíèé Íîâãîðîä;Àðõèâ ¹1 Íèæíèé Íîâãîðîä;SL 011 000 00 00;Îòðàáîòàíî êîðîáîâ ïî çàïðîñàì ÌÁÊ| ÓÄÁÎ è äð. (ïàêåòíàÿ ðåãèñòðàöèÿ);-;00;Ëîãèñòèêà;ÀÊ;274;RUCH
ÎÑÖ Íîâîñèáèðñê;Âíå ïîäðàçäåëåíèé;SL 011 000 00 00;Îòðàáîòàíî êîðîáîâ ïî çàïðîñàì ÌÁÊ| ÓÄÁÎ è äð. (ïàêåòíàÿ ðåãèñòðàöèÿ);-;00;Ëîãèñòèêà;ÀÊ;274;RUCH
ÎÑÖ Íîâîñèáèðñê;Àðõèâ ¹1 Íîâîñèáèðñê;SL 011 000 00 00;Îòðàáîòàíî êîðîáîâ ïî çàïðîñàì ÌÁÊ| ÓÄÁÎ è äð. (ïàêåòíàÿ ðåãèñòðàöèÿ);-;00;Ëîãèñòèêà;ÀÊ;274;RUCH
ÎÑÖ Ñàìàðà;Âíå ïîäðàçäåëåíèé;SL 011 000 00 00;Îòðàáîòàíî êîðîáîâ ïî çàïðîñàì ÌÁÊ| ÓÄÁÎ è äð. (ïàêåòíàÿ ðåãèñòðàöèÿ);-;00;Ëîãèñòèêà;ÀÊ;274;RUCH
ÎÑÖ Íîâîñèáèðñê;Àðõèâ ¹3 Åêàòåðèíáóðã;SL 011 000 00 00;Îòðàáîòàíî êîðîáîâ ïî çàïðîñàì ÌÁÊ| ÓÄÁÎ è äð. (ïàêåòíàÿ ðåãèñòðàöèÿ);-;00;Ëîãèñòèêà;ÀÊ;274;RUCH
ÎÑÖ Ñàìàðà;Àðõèâ ¹1 Ñàìàðà;SL 011 000 00 00;Îòðàáîòàíî êîðîáîâ ïî çàïðîñàì ÌÁÊ| ÓÄÁÎ è äð. (ïàêåòíàÿ ðåãèñòðàöèÿ);-;00;Ëîãèñòèêà;ÀÊ;274;RUCH
ÎÑÖ Âîðîíåæ;Âíå ïîäðàçäåëåíèé;SL 013 000 00 00;Ïåðåêàðòîíèðîâàíèå ïîâðåæäåííûõ â ÎÑÃ êîðîáîâ ñ óêðóïíåííîé ïðîâåðêîé ñîäåðæèìîãî;-;00;Ëîãèñòèêà;ÀÊ;480;RUCH
ÎÑÖ Âîðîíåæ;Àðõèâ ¹1 Âîðîíåæ;SL 013 000 00 00;Ïåðåêàðòîíèðîâàíèå ïîâðåæäåííûõ â ÎÑÃ êîðîáîâ ñ óêðóïíåííîé ïðîâåðêîé ñîäåðæèìîãî;-;00;Ëîãèñòèêà;ÀÊ;434,044;RUCH
ÎÑÖ Âîðîíåæ;Àðõèâ ¹3 Êàëèíèíãðàä;SL 013 000 00 00;Ïåðåêàðòîíèðîâàíèå ïîâðåæäåííûõ â ÎÑÃ êîðîáîâ ñ óêðóïíåííîé ïðîâåðêîé ñîäåðæèìîãî;-;00;Ëîãèñòèêà;ÀÊ;480;RUCH
ÎÑÖ Âîðîíåæ;Àðõèâ ¹4 Ñàíêò-Ïåòåðáóðã;SL 013 000 00 00;Ïåðåêàðòîíèðîâàíèå ïîâðåæäåííûõ â ÎÑÃ êîðîáîâ ñ óêðóïíåííîé ïðîâåðêîé ñîäåðæèìîãî;-;00;Ëîãèñòèêà;ÀÊ;480;RUCH
ÎÑÖ Ìîñêâà;Âíå ïîäðàçäåëåíèé;SL 013 000 00 00;Ïåðåêàðòîíèðîâàíèå ïîâðåæäåííûõ â ÎÑÃ êîðîáîâ ñ óêðóïíåííîé ïðîâåðêîé ñîäåðæèìîãî;-;00;Ëîãèñòèêà;ÀÊ;480;RUCH
ÎÑÖ Ìîñêâà;Àðõèâ ¹1 Òîìèëèíî;SL 013 000 00 00;Ïåðåêàðòîíèðîâàíèå ïîâðåæäåííûõ â ÎÑÃ êîðîáîâ ñ óêðóïíåííîé ïðîâåðêîé ñîäåðæèìîãî;-;00;Ëîãèñòèêà;ÀÊ;0;RUCH
ÎÑÖ Íèæíèé Íîâãîðîä;Âíå ïîäðàçäåëåíèé;SL 013 000 00 00;Ïåðåêàðòîíèðîâàíèå ïîâðåæäåííûõ â ÎÑÃ êîðîáîâ ñ óêðóïíåííîé ïðîâåðêîé ñîäåðæèìîãî;-;00;Ëîãèñòèêà;ÀÊ;480;RUCH
ÎÑÖ Íèæíèé Íîâãîðîä;Àðõèâ ¹1 Íèæíèé Íîâãîðîä;SL 013 000 00 00;Ïåðåêàðòîíèðîâàíèå ïîâðåæäåííûõ â ÎÑÃ êîðîáîâ ñ óêðóïíåííîé ïðîâåðêîé ñîäåðæèìîãî;-;00;Ëîãèñòèêà;ÀÊ;437;RUCH
ÎÑÖ Íîâîñèáèðñê;Âíå ïîäðàçäåëåíèé;SL 013 000 00 00;Ïåðåêàðòîíèðîâàíèå ïîâðåæäåííûõ â ÎÑÃ êîðîáîâ ñ óêðóïíåííîé ïðîâåðêîé ñîäåðæèìîãî;-;00;Ëîãèñòèêà;ÀÊ;480;RUCH
ÎÑÖ Íîâîñèáèðñê;Àðõèâ ¹1 Íîâîñèáèðñê;SL 013 000 00 00;Ïåðåêàðòîíèðîâàíèå ïîâðåæäåííûõ â ÎÑÃ êîðîáîâ ñ óêðóïíåííîé ïðîâåðêîé ñîäåðæèìîãî;-;00;Ëîãèñòèêà;ÀÊ;480;RUCH
ÎÑÖ Ñàìàðà;Âíå ïîäðàçäåëåíèé;SL 013 000 00 00;Ïåðåêàðòîíèðîâàíèå ïîâðåæäåííûõ â ÎÑÃ êîðîáîâ ñ óêðóïíåííîé ïðîâåðêîé ñîäåðæèìîãî;-;00;Ëîãèñòèêà;ÀÊ;480;RUCH
ÎÑÖ Íîâîñèáèðñê;Àðõèâ ¹3 Åêàòåðèíáóðã;SL 013 000 00 00;Ïåðåêàðòîíèðîâàíèå ïîâðåæäåííûõ â ÎÑÃ êîðîáîâ ñ óêðóïíåííîé ïðîâåðêîé ñîäåðæèìîãî;-;00;Ëîãèñòèêà;ÀÊ;480;RUCH
ÎÑÖ Ñàìàðà;Àðõèâ ¹1 Ñàìàðà;SL 013 000 00 00;Ïåðåêàðòîíèðîâàíèå ïîâðåæäåííûõ â ÎÑÃ êîðîáîâ ñ óêðóïíåííîé ïðîâåðêîé ñîäåðæèìîãî;-;00;Ëîãèñòèêà;ÀÊ;285,089;RUCH
ÎÑÖ Âîðîíåæ;Âíå ïîäðàçäåëåíèé;SL 014 000 00 00;Ïåðåêàðòîíèðîâàíèå ïîëóïóñòûõ ÀÊ;-;00;Ëîãèñòèêà;ÀÊ;180;RUCH
ÎÑÖ Âîðîíåæ;Àðõèâ ¹1 Âîðîíåæ;SL 014 000 00 00;Ïåðåêàðòîíèðîâàíèå ïîëóïóñòûõ ÀÊ;-;00;Ëîãèñòèêà;ÀÊ;162,335;RUCH
ÎÑÖ Âîðîíåæ;Àðõèâ ¹3 Êàëèíèíãðàä;SL 014 000 00 00;Ïåðåêàðòîíèðîâàíèå ïîëóïóñòûõ ÀÊ;-;00;Ëîãèñòèêà;ÀÊ;170,171;RUCH
ÎÑÖ Âîðîíåæ;Àðõèâ ¹4 Ñàíêò-Ïåòåðáóðã;SL 014 000 00 00;Ïåðåêàðòîíèðîâàíèå ïîëóïóñòûõ ÀÊ;-;00;Ëîãèñòèêà;ÀÊ;152,623;RUCH
ÎÑÖ Ìîñêâà;Âíå ïîäðàçäåëåíèé;SL 014 000 00 00;Ïåðåêàðòîíèðîâàíèå ïîëóïóñòûõ ÀÊ;-;00;Ëîãèñòèêà;ÀÊ;180;RUCH
ÎÑÖ Ìîñêâà;Àðõèâ ¹1 Òîìèëèíî;SL 014 000 00 00;Ïåðåêàðòîíèðîâàíèå ïîëóïóñòûõ ÀÊ;-;00;Ëîãèñòèêà;ÀÊ;124,211;RUCH
ÎÑÖ Íèæíèé Íîâãîðîä;Âíå ïîäðàçäåëåíèé;SL 014 000 00 00;Ïåðåêàðòîíèðîâàíèå ïîëóïóñòûõ ÀÊ;-;00;Ëîãèñòèêà;ÀÊ;180;RUCH
ÎÑÖ Íèæíèé Íîâãîðîä;Àðõèâ ¹1 Íèæíèé Íîâãîðîä;SL 014 000 00 00;Ïåðåêàðòîíèðîâàíèå ïîëóïóñòûõ ÀÊ;-;00;Ëîãèñòèêà;ÀÊ;150;RUCH
ÎÑÖ Íîâîñèáèðñê;Âíå ïîäðàçäåëåíèé;SL 014 000 00 00;Ïåðåêàðòîíèðîâàíèå ïîëóïóñòûõ ÀÊ;-;00;Ëîãèñòèêà;ÀÊ;180;RUCH
ÎÑÖ Íîâîñèáèðñê;Àðõèâ ¹1 Íîâîñèáèðñê;SL 014 000 00 00;Ïåðåêàðòîíèðîâàíèå ïîëóïóñòûõ ÀÊ;-;00;Ëîãèñòèêà;ÀÊ;160,182;RUCH
ÎÑÖ Ñàìàðà;Âíå ïîäðàçäåëåíèé;SL 014 000 00 00;Ïåðåêàðòîíèðîâàíèå ïîëóïóñòûõ ÀÊ;-;00;Ëîãèñòèêà;ÀÊ;180;RUCH
ÎÑÖ Íîâîñèáèðñê;Àðõèâ ¹3 Åêàòåðèíáóðã;SL 014 000 00 00;Ïåðåêàðòîíèðîâàíèå ïîëóïóñòûõ ÀÊ;-;00;Ëîãèñòèêà;ÀÊ;162,001;RUCH
ÎÑÖ Ñàìàðà;Àðõèâ ¹1 Ñàìàðà;SL 014 000 00 00;Ïåðåêàðòîíèðîâàíèå ïîëóïóñòûõ ÀÊ;-;00;Ëîãèñòèêà;ÀÊ;151,037;RUCH
ÎÑÖ Âîðîíåæ;Âíå ïîäðàçäåëåíèé;SL 109 000 00 00;Ïîäáîð ÀÊ ïî Àêòàì íà óíè÷òîæåíèå äîêóìåíòîâ ÇÄ (ÀÀÕ);-;00;Ëîãèñòèêà;ÀÊ;0;RUCH
ÎÑÖ Âîðîíåæ;Àðõèâ ¹1 Âîðîíåæ;SL 109 000 00 00;Ïîäáîð ÀÊ ïî Àêòàì íà óíè÷òîæåíèå äîêóìåíòîâ ÇÄ (ÀÀÕ);-;00;Ëîãèñòèêà;ÀÊ;0;RUCH
ÎÑÖ Âîðîíåæ;Âíå ïîäðàçäåëåíèé;SL 027 000 00 00;Ïîèñê åäèíèö õðàíåíèÿ áåç ðàçìåùåíèÿ íà õðàíåíèå   èëè ñ íåïðàâèëüíûì ñòàòóñîì (èñïðàâëåíèå ïðîãðàììíûõ è ÷åëîâå÷åñêèõ îøèáîê íà îñíîâàíèè ìîíèòîðèíãà îò÷åòîâ);-;00;Ëîãèñòèêà;ìèíóòà;60;RUCH
ÎÑÖ Âîðîíåæ;Àðõèâ ¹1 Âîðîíåæ;SL 027 000 00 00;Ïîèñê åäèíèö õðàíåíèÿ áåç ðàçìåùåíèÿ íà õðàíåíèå   èëè ñ íåïðàâèëüíûì ñòàòóñîì (èñïðàâëåíèå ïðîãðàììíûõ è ÷åëîâå÷åñêèõ îøèáîê íà îñíîâàíèè ìîíèòîðèíãà îò÷åòîâ);-;00;Ëîãèñòèêà;ìèíóòà;60;RUCH
ÎÑÖ Âîðîíåæ;Àðõèâ ¹3 Êàëèíèíãðàä;SL 027 000 00 00;Ïîèñê åäèíèö õðàíåíèÿ áåç ðàçìåùåíèÿ íà õðàíåíèå   èëè ñ íåïðàâèëüíûì ñòàòóñîì (èñïðàâëåíèå ïðîãðàììíûõ è ÷åëîâå÷åñêèõ îøèáîê íà îñíîâàíèè ìîíèòîðèíãà îò÷åòîâ);-;00;Ëîãèñòèêà;ìèíóòà;60;RUCH
ÎÑÖ Âîðîíåæ;Àðõèâ ¹4 Ñàíêò-Ïåòåðáóðã;SL 027 000 00 00;Ïîèñê åäèíèö õðàíåíèÿ áåç ðàçìåùåíèÿ íà õðàíåíèå   èëè ñ íåïðàâèëüíûì ñòàòóñîì (èñïðàâëåíèå ïðîãðàììíûõ è ÷åëîâå÷åñêèõ îøèáîê íà îñíîâàíèè ìîíèòîðèíãà îò÷åòîâ);-;00;Ëîãèñòèêà;ìèíóòà;60;RUCH
ÎÑÖ Ìîñêâà;Âíå ïîäðàçäåëåíèé;SL 027 000 00 00;Ïîèñê åäèíèö õðàíåíèÿ áåç ðàçìåùåíèÿ íà õðàíåíèå   èëè ñ íåïðàâèëüíûì ñòàòóñîì (èñïðàâëåíèå ïðîãðàììíûõ è ÷åëîâå÷åñêèõ îøèáîê íà îñíîâàíèè ìîíèòîðèíãà îò÷åòîâ);-;00;Ëîãèñòèêà;ìèíóòà;60;RUCH
ÎÑÖ Ìîñêâà;Àðõèâ ¹1 Òîìèëèíî;SL 027 000 00 00;Ïîèñê åäèíèö õðàíåíèÿ áåç ðàçìåùåíèÿ íà õðàíåíèå   èëè ñ íåïðàâèëüíûì ñòàòóñîì (èñïðàâëåíèå ïðîãðàììíûõ è ÷åëîâå÷åñêèõ îøèáîê íà îñíîâàíèè ìîíèòîðèíãà îò÷åòîâ);-;00;Ëîãèñòèêà;ìèíóòà;60;RUCH
ÎÑÖ Íèæíèé Íîâãîðîä;Âíå ïîäðàçäåëåíèé;SL 027 000 00 00;Ïîèñê åäèíèö õðàíåíèÿ áåç ðàçìåùåíèÿ íà õðàíåíèå   èëè ñ íåïðàâèëüíûì ñòàòóñîì (èñïðàâëåíèå ïðîãðàììíûõ è ÷åëîâå÷åñêèõ îøèáîê íà îñíîâàíèè ìîíèòîðèíãà îò÷åòîâ);-;00;Ëîãèñòèêà;ìèíóòà;60;RUCH
ÎÑÖ Íèæíèé Íîâãîðîä;Àðõèâ ¹1 Íèæíèé Íîâãîðîä;SL 027 000 00 00;Ïîèñê åäèíèö õðàíåíèÿ áåç ðàçìåùåíèÿ íà õðàíåíèå   èëè ñ íåïðàâèëüíûì ñòàòóñîì (èñïðàâëåíèå ïðîãðàììíûõ è ÷åëîâå÷åñêèõ îøèáîê íà îñíîâàíèè ìîíèòîðèíãà îò÷åòîâ);-;00;Ëîãèñòèêà;ìèíóòà;60;RUCH
ÎÑÖ Íîâîñèáèðñê;Âíå ïîäðàçäåëåíèé;SL 027 000 00 00;Ïîèñê åäèíèö õðàíåíèÿ áåç ðàçìåùåíèÿ íà õðàíåíèå   èëè ñ íåïðàâèëüíûì ñòàòóñîì (èñïðàâëåíèå ïðîãðàììíûõ è ÷åëîâå÷åñêèõ îøèáîê íà îñíîâàíèè ìîíèòîðèíãà îò÷åòîâ);-;00;Ëîãèñòèêà;ìèíóòà;60;RUCH
ÎÑÖ Íîâîñèáèðñê;Àðõèâ ¹1 Íîâîñèáèðñê;SL 027 000 00 00;Ïîèñê åäèíèö õðàíåíèÿ áåç ðàçìåùåíèÿ íà õðàíåíèå   èëè ñ íåïðàâèëüíûì ñòàòóñîì (èñïðàâëåíèå ïðîãðàììíûõ è ÷åëîâå÷åñêèõ îøèáîê íà îñíîâàíèè ìîíèòîðèíãà îò÷åòîâ);-;00;Ëîãèñòèêà;ìèíóòà;60;RUCH
ÎÑÖ Ñàìàðà;Âíå ïîäðàçäåëåíèé;SL 027 000 00 00;Ïîèñê åäèíèö õðàíåíèÿ áåç ðàçìåùåíèÿ íà õðàíåíèå   èëè ñ íåïðàâèëüíûì ñòàòóñîì (èñïðàâëåíèå ïðîãðàììíûõ è ÷åëîâå÷åñêèõ îøèáîê íà îñíîâàíèè ìîíèòîðèíãà îò÷åòîâ);-;00;Ëîãèñòèêà;ìèíóòà;60;RUCH
ÎÑÖ Íîâîñèáèðñê;Àðõèâ ¹3 Åêàòåðèíáóðã;SL 027 000 00 00;Ïîèñê åäèíèö õðàíåíèÿ áåç ðàçìåùåíèÿ íà õðàíåíèå   èëè ñ íåïðàâèëüíûì ñòàòóñîì (èñïðàâëåíèå ïðîãðàììíûõ è ÷åëîâå÷åñêèõ îøèáîê íà îñíîâàíèè ìîíèòîðèíãà îò÷åòîâ);-;00;Ëîãèñòèêà;ìèíóòà;60;RUCH
ÎÑÖ Ñàìàðà;Àðõèâ ¹1 Ñàìàðà;SL 027 000 00 00;Ïîèñê åäèíèö õðàíåíèÿ áåç ðàçìåùåíèÿ íà õðàíåíèå   èëè ñ íåïðàâèëüíûì ñòàòóñîì (èñïðàâëåíèå ïðîãðàììíûõ è ÷åëîâå÷åñêèõ îøèáîê íà îñíîâàíèè ìîíèòîðèíãà îò÷åòîâ);-;00;Ëîãèñòèêà;ìèíóòà;60;RUCH
ÎÑÖ Âîðîíåæ;Âíå ïîäðàçäåëåíèé;SL 077 000 00 00;Ïåðåêàðòîíèðîâàíèå ïîâðåæäåííûõ àðõèâíûõ êîðîáîâ;-;00;Ëîãèñòèêà;ÀÊ;72;RUCH
ÎÑÖ Âîðîíåæ;Àðõèâ ¹1 Âîðîíåæ;SL 077 000 00 00;Ïåðåêàðòîíèðîâàíèå ïîâðåæäåííûõ àðõèâíûõ êîðîáîâ;-;00;Ëîãèñòèêà;ÀÊ;0;RUCH
ÎÑÖ Âîðîíåæ;Àðõèâ ¹3 Êàëèíèíãðàä;SL 077 000 00 00;Ïåðåêàðòîíèðîâàíèå ïîâðåæäåííûõ àðõèâíûõ êîðîáîâ;-;00;Ëîãèñòèêà;ÀÊ;72;RUCH
ÎÑÖ Âîðîíåæ;Àðõèâ ¹4 Ñàíêò-Ïåòåðáóðã;SL 077 000 00 00;Ïåðåêàðòîíèðîâàíèå ïîâðåæäåííûõ àðõèâíûõ êîðîáîâ;-;00;Ëîãèñòèêà;ÀÊ;64,561;RUCH
ÎÑÖ Ìîñêâà;Âíå ïîäðàçäåëåíèé;SL 077 000 00 00;Ïåðåêàðòîíèðîâàíèå ïîâðåæäåííûõ àðõèâíûõ êîðîáîâ;-;00;Ëîãèñòèêà;ÀÊ;72;RUCH
ÎÑÖ Ìîñêâà;Àðõèâ ¹1 Òîìèëèíî;SL 077 000 00 00;Ïåðåêàðòîíèðîâàíèå ïîâðåæäåííûõ àðõèâíûõ êîðîáîâ;-;00;Ëîãèñòèêà;ÀÊ;62,2;RUCH
ÎÑÖ Íèæíèé Íîâãîðîä;Âíå ïîäðàçäåëåíèé;SL 077 000 00 00;Ïåðåêàðòîíèðîâàíèå ïîâðåæäåííûõ àðõèâíûõ êîðîáîâ;-;00;Ëîãèñòèêà;ÀÊ;72;RUCH
ÎÑÖ Íèæíèé Íîâãîðîä;Àðõèâ ¹1 Íèæíèé Íîâãîðîä;SL 077 000 00 00;Ïåðåêàðòîíèðîâàíèå ïîâðåæäåííûõ àðõèâíûõ êîðîáîâ;-;00;Ëîãèñòèêà;ÀÊ;72;RUCH
ÎÑÖ Íîâîñèáèðñê;Âíå ïîäðàçäåëåíèé;SL 077 000 00 00;Ïåðåêàðòîíèðîâàíèå ïîâðåæäåííûõ àðõèâíûõ êîðîáîâ;-;00;Ëîãèñòèêà;ÀÊ;72;RUCH
ÎÑÖ Íîâîñèáèðñê;Àðõèâ ¹1 Íîâîñèáèðñê;SL 077 000 00 00;Ïåðåêàðòîíèðîâàíèå ïîâðåæäåííûõ àðõèâíûõ êîðîáîâ;-;00;Ëîãèñòèêà;ÀÊ;60,932;RUCH
ÎÑÖ Ñàìàðà;Âíå ïîäðàçäåëåíèé;SL 077 000 00 00;Ïåðåêàðòîíèðîâàíèå ïîâðåæäåííûõ àðõèâíûõ êîðîáîâ;-;00;Ëîãèñòèêà;ÀÊ;72;RUCH
ÎÑÖ Íîâîñèáèðñê;Àðõèâ ¹3 Åêàòåðèíáóðã;SL 077 000 00 00;Ïåðåêàðòîíèðîâàíèå ïîâðåæäåííûõ àðõèâíûõ êîðîáîâ;-;00;Ëîãèñòèêà;ÀÊ;72;RUCH
ÎÑÖ Ñàìàðà;Àðõèâ ¹1 Ñàìàðà;SL 077 000 00 00;Ïåðåêàðòîíèðîâàíèå ïîâðåæäåííûõ àðõèâíûõ êîðîáîâ;-;00;Ëîãèñòèêà;ÀÊ;72;RUCH
ÎÑÖ Âîðîíåæ;Âíå ïîäðàçäåëåíèé;SL 080 000 00 00;Ïðèåì/ îòïðàâêà/ ñîïðîâîæäåíèå ìàøèí (óíè÷òîæåíèå| ÍÏÔ)/ ïåðåìåùåíèå ñîòðóäíèêà ìåæäó ïëîùàäêàìè| â ìèíóòàõ;-;00;Ëîãèñòèêà;ìèíóòà;60;RUCH
ÎÑÖ Âîðîíåæ;Àðõèâ ¹1 Âîðîíåæ;SL 080 000 00 00;Ïðèåì/ îòïðàâêà/ ñîïðîâîæäåíèå ìàøèí (óíè÷òîæåíèå| ÍÏÔ)/ ïåðåìåùåíèå ñîòðóäíèêà ìåæäó ïëîùàäêàìè| â ìèíóòàõ;-;00;Ëîãèñòèêà;ìèíóòà;60;RUCH
ÎÑÖ Âîðîíåæ;Àðõèâ ¹3 Êàëèíèíãðàä;SL 080 000 00 00;Ïðèåì/ îòïðàâêà/ ñîïðîâîæäåíèå ìàøèí (óíè÷òîæåíèå| ÍÏÔ)/ ïåðåìåùåíèå ñîòðóäíèêà ìåæäó ïëîùàäêàìè| â ìèíóòàõ;-;00;Ëîãèñòèêà;ìèíóòà;60;RUCH
ÎÑÖ Âîðîíåæ;Àðõèâ ¹4 Ñàíêò-Ïåòåðáóðã;SL 080 000 00 00;Ïðèåì/ îòïðàâêà/ ñîïðîâîæäåíèå ìàøèí (óíè÷òîæåíèå| ÍÏÔ)/ ïåðåìåùåíèå ñîòðóäíèêà ìåæäó ïëîùàäêàìè| â ìèíóòàõ;-;00;Ëîãèñòèêà;ìèíóòà;60;RUCH
ÎÑÖ Ìîñêâà;Âíå ïîäðàçäåëåíèé;SL 080 000 00 00;Ïðèåì/ îòïðàâêà/ ñîïðîâîæäåíèå ìàøèí (óíè÷òîæåíèå| ÍÏÔ)/ ïåðåìåùåíèå ñîòðóäíèêà ìåæäó ïëîùàäêàìè| â ìèíóòàõ;-;00;Ëîãèñòèêà;ìèíóòà;60;RUCH
ÎÑÖ Ìîñêâà;Àðõèâ ¹1 Òîìèëèíî;SL 080 000 00 00;Ïðèåì/ îòïðàâêà/ ñîïðîâîæäåíèå ìàøèí (óíè÷òîæåíèå| ÍÏÔ)/ ïåðåìåùåíèå ñîòðóäíèêà ìåæäó ïëîùàäêàìè| â ìèíóòàõ;-;00;Ëîãèñòèêà;ìèíóòà;60;RUCH
ÎÑÖ Íèæíèé Íîâãîðîä;Âíå ïîäðàçäåëåíèé;SL 080 000 00 00;Ïðèåì/ îòïðàâêà/ ñîïðîâîæäåíèå ìàøèí (óíè÷òîæåíèå| ÍÏÔ)/ ïåðåìåùåíèå ñîòðóäíèêà ìåæäó ïëîùàäêàìè| â ìèíóòàõ;-;00;Ëîãèñòèêà;ìèíóòà;60;RUCH
ÎÑÖ Íèæíèé Íîâãîðîä;Àðõèâ ¹1 Íèæíèé Íîâãîðîä;SL 080 000 00 00;Ïðèåì/ îòïðàâêà/ ñîïðîâîæäåíèå ìàøèí (óíè÷òîæåíèå| ÍÏÔ)/ ïåðåìåùåíèå ñîòðóäíèêà ìåæäó ïëîùàäêàìè| â ìèíóòàõ;-;00;Ëîãèñòèêà;ìèíóòà;60;RUCH
ÎÑÖ Íîâîñèáèðñê;Âíå ïîäðàçäåëåíèé;SL 080 000 00 00;Ïðèåì/ îòïðàâêà/ ñîïðîâîæäåíèå ìàøèí (óíè÷òîæåíèå| ÍÏÔ)/ ïåðåìåùåíèå ñîòðóäíèêà ìåæäó ïëîùàäêàìè| â ìèíóòàõ;-;00;Ëîãèñòèêà;ìèíóòà;60;RUCH
ÎÑÖ Íîâîñèáèðñê;Àðõèâ ¹1 Íîâîñèáèðñê;SL 080 000 00 00;Ïðèåì/ îòïðàâêà/ ñîïðîâîæäåíèå ìàøèí (óíè÷òîæåíèå| ÍÏÔ)/ ïåðåìåùåíèå ñîòðóäíèêà ìåæäó ïëîùàäêàìè| â ìèíóòàõ;-;00;Ëîãèñòèêà;ìèíóòà;60;RUCH
ÎÑÖ Ñàìàðà;Âíå ïîäðàçäåëåíèé;SL 080 000 00 00;Ïðèåì/ îòïðàâêà/ ñîïðîâîæäåíèå ìàøèí (óíè÷òîæåíèå| ÍÏÔ)/ ïåðåìåùåíèå ñîòðóäíèêà ìåæäó ïëîùàäêàìè| â ìèíóòàõ;-;00;Ëîãèñòèêà;ìèíóòà;60;RUCH
ÎÑÖ Íîâîñèáèðñê;Àðõèâ ¹3 Åêàòåðèíáóðã;SL 080 000 00 00;Ïðèåì/ îòïðàâêà/ ñîïðîâîæäåíèå ìàøèí (óíè÷òîæåíèå| ÍÏÔ)/ ïåðåìåùåíèå ñîòðóäíèêà ìåæäó ïëîùàäêàìè| â ìèíóòàõ;-;00;Ëîãèñòèêà;ìèíóòà;60;RUCH
ÎÑÖ Ñàìàðà;Àðõèâ ¹1 Ñàìàðà;SL 080 000 00 00;Ïðèåì/ îòïðàâêà/ ñîïðîâîæäåíèå ìàøèí (óíè÷òîæåíèå| ÍÏÔ)/ ïåðåìåùåíèå ñîòðóäíèêà ìåæäó ïëîùàäêàìè| â ìèíóòàõ;-;00;Ëîãèñòèêà;ìèíóòà;60;RUCH
ÎÑÖ Âîðîíåæ;Âíå ïîäðàçäåëåíèé;SL 086 000 00 00;Ïîäáîð äîêóìåíòîâ (çàâåùàòåëüíûå ðàñïîðÿæåíèÿ è âîåííûå ïåíñèè) íå çàðåãèñòðèðîâàííûé ôîíä;-;00;Ëîãèñòèêà;äîêóìåíò;822,857;RUCH
ÎÑÖ Âîðîíåæ;Àðõèâ ¹1 Âîðîíåæ;SL 086 000 00 00;Ïîäáîð äîêóìåíòîâ (çàâåùàòåëüíûå ðàñïîðÿæåíèÿ è âîåííûå ïåíñèè) íå çàðåãèñòðèðîâàííûé ôîíä;-;00;Ëîãèñòèêà;äîêóìåíò;822,857;RUCH
ÎÑÖ Âîðîíåæ;Àðõèâ ¹3 Êàëèíèíãðàä;SL 086 000 00 00;Ïîäáîð äîêóìåíòîâ (çàâåùàòåëüíûå ðàñïîðÿæåíèÿ è âîåííûå ïåíñèè) íå çàðåãèñòðèðîâàííûé ôîíä;-;00;Ëîãèñòèêà;äîêóìåíò;780;RUCH
ÎÑÖ Âîðîíåæ;Àðõèâ ¹4 Ñàíêò-Ïåòåðáóðã;SL 086 000 00 00;Ïîäáîð äîêóìåíòîâ (çàâåùàòåëüíûå ðàñïîðÿæåíèÿ è âîåííûå ïåíñèè) íå çàðåãèñòðèðîâàííûé ôîíä;-;00;Ëîãèñòèêà;äîêóìåíò;822,857;RUCH
ÎÑÖ Ìîñêâà;Âíå ïîäðàçäåëåíèé;SL 086 000 00 00;Ïîäáîð äîêóìåíòîâ (çàâåùàòåëüíûå ðàñïîðÿæåíèÿ è âîåííûå ïåíñèè) íå çàðåãèñòðèðîâàííûé ôîíä;-;00;Ëîãèñòèêà;äîêóìåíò;822,857;RUCH
ÎÑÖ Ìîñêâà;Àðõèâ ¹1 Òîìèëèíî;SL 086 000 00 00;Ïîäáîð äîêóìåíòîâ (çàâåùàòåëüíûå ðàñïîðÿæåíèÿ è âîåííûå ïåíñèè) íå çàðåãèñòðèðîâàííûé ôîíä;-;00;Ëîãèñòèêà;äîêóìåíò;420;RUCH
ÎÑÖ Íèæíèé Íîâãîðîä;Âíå ïîäðàçäåëåíèé;SL 086 000 00 00;Ïîäáîð äîêóìåíòîâ (çàâåùàòåëüíûå ðàñïîðÿæåíèÿ è âîåííûå ïåíñèè) íå çàðåãèñòðèðîâàííûé ôîíä;-;00;Ëîãèñòèêà;äîêóìåíò;822,857;RUCH
ÎÑÖ Íèæíèé Íîâãîðîä;Àðõèâ ¹1 Íèæíèé Íîâãîðîä;SL 086 000 00 00;Ïîäáîð äîêóìåíòîâ (çàâåùàòåëüíûå ðàñïîðÿæåíèÿ è âîåííûå ïåíñèè) íå çàðåãèñòðèðîâàííûé ôîíä;-;00;Ëîãèñòèêà;äîêóìåíò;822,857;RUCH
ÎÑÖ Íîâîñèáèðñê;Âíå ïîäðàçäåëåíèé;SL 086 000 00 00;Ïîäáîð äîêóìåíòîâ (çàâåùàòåëüíûå ðàñïîðÿæåíèÿ è âîåííûå ïåíñèè) íå çàðåãèñòðèðîâàííûé ôîíä;-;00;Ëîãèñòèêà;äîêóìåíò;822,857;RUCH
ÎÑÖ Íîâîñèáèðñê;Àðõèâ ¹1 Íîâîñèáèðñê;SL 086 000 00 00;Ïîäáîð äîêóìåíòîâ (çàâåùàòåëüíûå ðàñïîðÿæåíèÿ è âîåííûå ïåíñèè) íå çàðåãèñòðèðîâàííûé ôîíä;-;00;Ëîãèñòèêà;äîêóìåíò;822,857;RUCH
ÎÑÖ Ñàìàðà;Âíå ïîäðàçäåëåíèé;SL 086 000 00 00;Ïîäáîð äîêóìåíòîâ (çàâåùàòåëüíûå ðàñïîðÿæåíèÿ è âîåííûå ïåíñèè) íå çàðåãèñòðèðîâàííûé ôîíä;-;00;Ëîãèñòèêà;äîêóìåíò;822,857;RUCH
ÎÑÖ Íîâîñèáèðñê;Àðõèâ ¹3 Åêàòåðèíáóðã;SL 086 000 00 00;Ïîäáîð äîêóìåíòîâ (çàâåùàòåëüíûå ðàñïîðÿæåíèÿ è âîåííûå ïåíñèè) íå çàðåãèñòðèðîâàííûé ôîíä;-;00;Ëîãèñòèêà;äîêóìåíò;822,857;RUCH
ÎÑÖ Ñàìàðà;Àðõèâ ¹1 Ñàìàðà;SL 086 000 00 00;Ïîäáîð äîêóìåíòîâ (çàâåùàòåëüíûå ðàñïîðÿæåíèÿ è âîåííûå ïåíñèè) íå çàðåãèñòðèðîâàííûé ôîíä;-;00;Ëîãèñòèêà;äîêóìåíò;822,857;RUCH
ÎÑÖ Âîðîíåæ;Âíå ïîäðàçäåëåíèé;SL 092 000 00 00;Ïîèñê íåîáõîäèìîãî ÀÊ â ïàðòèè äëÿ àóòñîðñèíãîâîé ïëîùàäêè ÎÑÃ;-;00;Ëîãèñòèêà;ÀÊ;48;RUCH
ÎÑÖ Âîðîíåæ;Àðõèâ ¹1 Âîðîíåæ;SL 092 000 00 00;Ïîèñê íåîáõîäèìîãî ÀÊ â ïàðòèè äëÿ àóòñîðñèíãîâîé ïëîùàäêè ÎÑÃ;-;00;Ëîãèñòèêà;ÀÊ;48;RUCH
ÎÑÖ Âîðîíåæ;Àðõèâ ¹3 Êàëèíèíãðàä;SL 092 000 00 00;Ïîèñê íåîáõîäèìîãî ÀÊ â ïàðòèè äëÿ àóòñîðñèíãîâîé ïëîùàäêè ÎÑÃ;-;00;Ëîãèñòèêà;ÀÊ;48;RUCH
ÎÑÖ Âîðîíåæ;Àðõèâ ¹4 Ñàíêò-Ïåòåðáóðã;SL 092 000 00 00;Ïîèñê íåîáõîäèìîãî ÀÊ â ïàðòèè äëÿ àóòñîðñèíãîâîé ïëîùàäêè ÎÑÃ;-;00;Ëîãèñòèêà;ÀÊ;48;RUCH
ÎÑÖ Ìîñêâà;Âíå ïîäðàçäåëåíèé;SL 092 000 00 00;Ïîèñê íåîáõîäèìîãî ÀÊ â ïàðòèè äëÿ àóòñîðñèíãîâîé ïëîùàäêè ÎÑÃ;-;00;Ëîãèñòèêà;ÀÊ;48;RUCH
ÎÑÖ Ìîñêâà;Àðõèâ ¹1 Òîìèëèíî;SL 092 000 00 00;Ïîèñê íåîáõîäèìîãî ÀÊ â ïàðòèè äëÿ àóòñîðñèíãîâîé ïëîùàäêè ÎÑÃ;-;00;Ëîãèñòèêà;ÀÊ;0;RUCH
ÎÑÖ Íèæíèé Íîâãîðîä;Âíå ïîäðàçäåëåíèé;SL 092 000 00 00;Ïîèñê íåîáõîäèìîãî ÀÊ â ïàðòèè äëÿ àóòñîðñèíãîâîé ïëîùàäêè ÎÑÃ;-;00;Ëîãèñòèêà;ÀÊ;48;RUCH
ÎÑÖ Íèæíèé Íîâãîðîä;Àðõèâ ¹1 Íèæíèé Íîâãîðîä;SL 092 000 00 00;Ïîèñê íåîáõîäèìîãî ÀÊ â ïàðòèè äëÿ àóòñîðñèíãîâîé ïëîùàäêè ÎÑÃ;-;00;Ëîãèñòèêà;ÀÊ;48;RUCH
ÎÑÖ Íîâîñèáèðñê;Âíå ïîäðàçäåëåíèé;SL 092 000 00 00;Ïîèñê íåîáõîäèìîãî ÀÊ â ïàðòèè äëÿ àóòñîðñèíãîâîé ïëîùàäêè ÎÑÃ;-;00;Ëîãèñòèêà;ÀÊ;48;RUCH
ÎÑÖ Íîâîñèáèðñê;Àðõèâ ¹1 Íîâîñèáèðñê;SL 092 000 00 00;Ïîèñê íåîáõîäèìîãî ÀÊ â ïàðòèè äëÿ àóòñîðñèíãîâîé ïëîùàäêè ÎÑÃ;-;00;Ëîãèñòèêà;ÀÊ;48;RUCH
ÎÑÖ Ñàìàðà;Âíå ïîäðàçäåëåíèé;SL 092 000 00 00;Ïîèñê íåîáõîäèìîãî ÀÊ â ïàðòèè äëÿ àóòñîðñèíãîâîé ïëîùàäêè ÎÑÃ;-;00;Ëîãèñòèêà;ÀÊ;48;RUCH
ÎÑÖ Íîâîñèáèðñê;Àðõèâ ¹3 Åêàòåðèíáóðã;SL 092 000 00 00;Ïîèñê íåîáõîäèìîãî ÀÊ â ïàðòèè äëÿ àóòñîðñèíãîâîé ïëîùàäêè ÎÑÃ;-;00;Ëîãèñòèêà;ÀÊ;48;RUCH
ÎÑÖ Ñàìàðà;Àðõèâ ¹1 Ñàìàðà;SL 092 000 00 00;Ïîèñê íåîáõîäèìîãî ÀÊ â ïàðòèè äëÿ àóòñîðñèíãîâîé ïëîùàäêè ÎÑÃ;-;00;Ëîãèñòèêà;ÀÊ;48;RUCH
ÎÑÖ Âîðîíåæ;Âíå ïîäðàçäåëåíèé;SL 095 000 00 00;Ïåðåêàðòîíèðîâàíèå àðõèâíûõ êîðîáîâ òèïà ÀÊ2 â ÀÊ1 ÄÂÀ áåç óïëîòíåíèÿ/òèïà ÀÊ2 â ÀÊ3;-;00;Ëîãèñòèêà;ÀÊ;288;RUCH
ÎÑÖ Âîðîíåæ;Àðõèâ ¹1 Âîðîíåæ;SL 095 000 00 00;Ïåðåêàðòîíèðîâàíèå àðõèâíûõ êîðîáîâ òèïà ÀÊ2 â ÀÊ1 ÄÂÀ áåç óïëîòíåíèÿ/òèïà ÀÊ2 â ÀÊ3;-;00;Ëîãèñòèêà;ÀÊ;0;RUCH
ÎÑÖ Âîðîíåæ;Àðõèâ ¹3 Êàëèíèíãðàä;SL 095 000 00 00;Ïåðåêàðòîíèðîâàíèå àðõèâíûõ êîðîáîâ òèïà ÀÊ2 â ÀÊ1 ÄÂÀ áåç óïëîòíåíèÿ/òèïà ÀÊ2 â ÀÊ3;-;00;Ëîãèñòèêà;ÀÊ;288;RUCH
ÎÑÖ Âîðîíåæ;Àðõèâ ¹4 Ñàíêò-Ïåòåðáóðã;SL 095 000 00 00;Ïåðåêàðòîíèðîâàíèå àðõèâíûõ êîðîáîâ òèïà ÀÊ2 â ÀÊ1 ÄÂÀ áåç óïëîòíåíèÿ/òèïà ÀÊ2 â ÀÊ3;-;00;Ëîãèñòèêà;ÀÊ;288;RUCH
ÎÑÖ Ìîñêâà;Âíå ïîäðàçäåëåíèé;SL 095 000 00 00;Ïåðåêàðòîíèðîâàíèå àðõèâíûõ êîðîáîâ òèïà ÀÊ2 â ÀÊ1 ÄÂÀ áåç óïëîòíåíèÿ/òèïà ÀÊ2 â ÀÊ3;-;00;Ëîãèñòèêà;ÀÊ;288;RUCH
ÎÑÖ Ìîñêâà;Àðõèâ ¹1 Òîìèëèíî;SL 095 000 00 00;Ïåðåêàðòîíèðîâàíèå àðõèâíûõ êîðîáîâ òèïà ÀÊ2 â ÀÊ1 ÄÂÀ áåç óïëîòíåíèÿ/òèïà ÀÊ2 â ÀÊ3;-;00;Ëîãèñòèêà;ÀÊ;288;RUCH
ÎÑÖ Íèæíèé Íîâãîðîä;Âíå ïîäðàçäåëåíèé;SL 095 000 00 00;Ïåðåêàðòîíèðîâàíèå àðõèâíûõ êîðîáîâ òèïà ÀÊ2 â ÀÊ1 ÄÂÀ áåç óïëîòíåíèÿ/òèïà ÀÊ2 â ÀÊ3;-;00;Ëîãèñòèêà;ÀÊ;288;RUCH
ÎÑÖ Íèæíèé Íîâãîðîä;Àðõèâ ¹1 Íèæíèé Íîâãîðîä;SL 095 000 00 00;Ïåðåêàðòîíèðîâàíèå àðõèâíûõ êîðîáîâ òèïà ÀÊ2 â ÀÊ1 ÄÂÀ áåç óïëîòíåíèÿ/òèïà ÀÊ2 â ÀÊ3;-;00;Ëîãèñòèêà;ÀÊ;288;RUCH
ÎÑÖ Íîâîñèáèðñê;Âíå ïîäðàçäåëåíèé;SL 095 000 00 00;Ïåðåêàðòîíèðîâàíèå àðõèâíûõ êîðîáîâ òèïà ÀÊ2 â ÀÊ1 ÄÂÀ áåç óïëîòíåíèÿ/òèïà ÀÊ2 â ÀÊ3;-;00;Ëîãèñòèêà;ÀÊ;288;RUCH
ÎÑÖ Íîâîñèáèðñê;Àðõèâ ¹1 Íîâîñèáèðñê;SL 095 000 00 00;Ïåðåêàðòîíèðîâàíèå àðõèâíûõ êîðîáîâ òèïà ÀÊ2 â ÀÊ1 ÄÂÀ áåç óïëîòíåíèÿ/òèïà ÀÊ2 â ÀÊ3;-;00;Ëîãèñòèêà;ÀÊ;288;RUCH
ÎÑÖ Ñàìàðà;Âíå ïîäðàçäåëåíèé;SL 095 000 00 00;Ïåðåêàðòîíèðîâàíèå àðõèâíûõ êîðîáîâ òèïà ÀÊ2 â ÀÊ1 ÄÂÀ áåç óïëîòíåíèÿ/òèïà ÀÊ2 â ÀÊ3;-;00;Ëîãèñòèêà;ÀÊ;288;RUCH
ÎÑÖ Íîâîñèáèðñê;Àðõèâ ¹3 Åêàòåðèíáóðã;SL 095 000 00 00;Ïåðåêàðòîíèðîâàíèå àðõèâíûõ êîðîáîâ òèïà ÀÊ2 â ÀÊ1 ÄÂÀ áåç óïëîòíåíèÿ/òèïà ÀÊ2 â ÀÊ3;-;00;Ëîãèñòèêà;ÀÊ;288;RUCH
ÎÑÖ Ñàìàðà;Àðõèâ ¹1 Ñàìàðà;SL 095 000 00 00;Ïåðåêàðòîíèðîâàíèå àðõèâíûõ êîðîáîâ òèïà ÀÊ2 â ÀÊ1 ÄÂÀ áåç óïëîòíåíèÿ/òèïà ÀÊ2 â ÀÊ3;-;00;Ëîãèñòèêà;ÀÊ;288;RUCH
ÎÑÖ Âîðîíåæ;Âíå ïîäðàçäåëåíèé;SL 096 000 00 00;Ñáîðêà ÀÊ/ÔÊ;-;00;Ëîãèñòèêà;ÀÊ/ÔÊ;12;RUCH
ÎÑÖ Âîðîíåæ;Àðõèâ ¹1 Âîðîíåæ;SL 096 000 00 00;Ñáîðêà ÀÊ/ÔÊ;-;00;Ëîãèñòèêà;ÀÊ/ÔÊ;12;RUCH
ÎÑÖ Âîðîíåæ;Àðõèâ ¹3 Êàëèíèíãðàä;SL 096 000 00 00;Ñáîðêà ÀÊ/ÔÊ;-;00;Ëîãèñòèêà;ÀÊ/ÔÊ;12;RUCH
ÎÑÖ Âîðîíåæ;Àðõèâ ¹4 Ñàíêò-Ïåòåðáóðã;SL 096 000 00 00;Ñáîðêà ÀÊ/ÔÊ;-;00;Ëîãèñòèêà;ÀÊ/ÔÊ;12;RUCH
ÎÑÖ Ìîñêâà;Âíå ïîäðàçäåëåíèé;SL 096 000 00 00;Ñáîðêà ÀÊ/ÔÊ;-;00;Ëîãèñòèêà;ÀÊ/ÔÊ;12;RUCH
ÎÑÖ Ìîñêâà;Àðõèâ ¹1 Òîìèëèíî;SL 096 000 00 00;Ñáîðêà ÀÊ/ÔÊ;-;00;Ëîãèñòèêà;ÀÊ/ÔÊ;12;RUCH
ÎÑÖ Íèæíèé Íîâãîðîä;Âíå ïîäðàçäåëåíèé;SL 096 000 00 00;Ñáîðêà ÀÊ/ÔÊ;-;00;Ëîãèñòèêà;ÀÊ/ÔÊ;12;RUCH
ÎÑÖ Íèæíèé Íîâãîðîä;Àðõèâ ¹1 Íèæíèé Íîâãîðîä;SL 096 000 00 00;Ñáîðêà ÀÊ/ÔÊ;-;00;Ëîãèñòèêà;ÀÊ/ÔÊ;12;RUCH
ÎÑÖ Íîâîñèáèðñê;Âíå ïîäðàçäåëåíèé;SL 096 000 00 00;Ñáîðêà ÀÊ/ÔÊ;-;00;Ëîãèñòèêà;ÀÊ/ÔÊ;12;RUCH
ÎÑÖ Íîâîñèáèðñê;Àðõèâ ¹1 Íîâîñèáèðñê;SL 096 000 00 00;Ñáîðêà ÀÊ/ÔÊ;-;00;Ëîãèñòèêà;ÀÊ/ÔÊ;12;RUCH
ÎÑÖ Ñàìàðà;Âíå ïîäðàçäåëåíèé;SL 096 000 00 00;Ñáîðêà ÀÊ/ÔÊ;-;00;Ëîãèñòèêà;ÀÊ/ÔÊ;12;RUCH
ÎÑÖ Íîâîñèáèðñê;Àðõèâ ¹3 Åêàòåðèíáóðã;SL 096 000 00 00;Ñáîðêà ÀÊ/ÔÊ;-;00;Ëîãèñòèêà;ÀÊ/ÔÊ;12;RUCH
ÎÑÖ Ñàìàðà;Àðõèâ ¹1 Ñàìàðà;SL 096 000 00 00;Ñáîðêà ÀÊ/ÔÊ;-;00;Ëîãèñòèêà;ÀÊ/ÔÊ;12;RUCH
ÎÑÖ Âîðîíåæ;Âíå ïîäðàçäåëåíèé;SL 098 000 00 00;Çàìåíà ïîâðåæä¸ííîãî êîðîáà ïðè ìåçîíèíîì õðàíåíèè;-;00;Ëîãèñòèêà;ÀÊ;75;RUCH
ÎÑÖ Âîðîíåæ;Àðõèâ ¹1 Âîðîíåæ;SL 098 000 00 00;Çàìåíà ïîâðåæä¸ííîãî êîðîáà ïðè ìåçîíèíîì õðàíåíèè;-;00;Ëîãèñòèêà;ÀÊ;75;RUCH
ÎÑÖ Âîðîíåæ;Àðõèâ ¹3 Êàëèíèíãðàä;SL 098 000 00 00;Çàìåíà ïîâðåæä¸ííîãî êîðîáà ïðè ìåçîíèíîì õðàíåíèè;-;00;Ëîãèñòèêà;ÀÊ;75;RUCH
ÎÑÖ Âîðîíåæ;Àðõèâ ¹4 Ñàíêò-Ïåòåðáóðã;SL 098 000 00 00;Çàìåíà ïîâðåæä¸ííîãî êîðîáà ïðè ìåçîíèíîì õðàíåíèè;-;00;Ëîãèñòèêà;ÀÊ;75;RUCH
ÎÑÖ Ìîñêâà;Âíå ïîäðàçäåëåíèé;SL 098 000 00 00;Çàìåíà ïîâðåæä¸ííîãî êîðîáà ïðè ìåçîíèíîì õðàíåíèè;-;00;Ëîãèñòèêà;ÀÊ;75;RUCH
ÎÑÖ Ìîñêâà;Àðõèâ ¹1 Òîìèëèíî;SL 098 000 00 00;Çàìåíà ïîâðåæä¸ííîãî êîðîáà ïðè ìåçîíèíîì õðàíåíèè;-;00;Ëîãèñòèêà;ÀÊ;75;RUCH
ÎÑÖ Íèæíèé Íîâãîðîä;Âíå ïîäðàçäåëåíèé;SL 098 000 00 00;Çàìåíà ïîâðåæä¸ííîãî êîðîáà ïðè ìåçîíèíîì õðàíåíèè;-;00;Ëîãèñòèêà;ÀÊ;75;RUCH
ÎÑÖ Íèæíèé Íîâãîðîä;Àðõèâ ¹1 Íèæíèé Íîâãîðîä;SL 098 000 00 00;Çàìåíà ïîâðåæä¸ííîãî êîðîáà ïðè ìåçîíèíîì õðàíåíèè;-;00;Ëîãèñòèêà;ÀÊ;0;RUCH
ÎÑÖ Íîâîñèáèðñê;Âíå ïîäðàçäåëåíèé;SL 098 000 00 00;Çàìåíà ïîâðåæä¸ííîãî êîðîáà ïðè ìåçîíèíîì õðàíåíèè;-;00;Ëîãèñòèêà;ÀÊ;75;RUCH
ÎÑÖ Íîâîñèáèðñê;Àðõèâ ¹1 Íîâîñèáèðñê;SL 098 000 00 00;Çàìåíà ïîâðåæä¸ííîãî êîðîáà ïðè ìåçîíèíîì õðàíåíèè;-;00;Ëîãèñòèêà;ÀÊ;75;RUCH
ÎÑÖ Ñàìàðà;Âíå ïîäðàçäåëåíèé;SL 098 000 00 00;Çàìåíà ïîâðåæä¸ííîãî êîðîáà ïðè ìåçîíèíîì õðàíåíèè;-;00;Ëîãèñòèêà;ÀÊ;75;RUCH
ÎÑÖ Íîâîñèáèðñê;Àðõèâ ¹3 Åêàòåðèíáóðã;SL 098 000 00 00;Çàìåíà ïîâðåæä¸ííîãî êîðîáà ïðè ìåçîíèíîì õðàíåíèè;-;00;Ëîãèñòèêà;ÀÊ;75;RUCH
ÎÑÖ Ñàìàðà;Àðõèâ ¹1 Ñàìàðà;SL 098 000 00 00;Çàìåíà ïîâðåæä¸ííîãî êîðîáà ïðè ìåçîíèíîì õðàíåíèè;-;00;Ëîãèñòèêà;ÀÊ;0;RUCH
ÎÑÖ Âîðîíåæ;Âíå ïîäðàçäåëåíèé;SR 001 000 00 00;ÊÎÄ ÞË_Âåðèôèêàêàöèÿ ïðî÷èõ äîêóìåíòîâ ÊÎÄ;-;00;Ðåãèñòðàöèÿ;Äîêóìåíò;145;RUCH
ÎÑÖ Âîðîíåæ;Àðõèâ ¹1 Âîðîíåæ;SR 001 000 00 00;ÊÎÄ ÞË_Âåðèôèêàêàöèÿ ïðî÷èõ äîêóìåíòîâ ÊÎÄ;-;00;Ðåãèñòðàöèÿ;Äîêóìåíò;130,105;RUCH
ÎÑÖ Âîðîíåæ;Àðõèâ ¹3 Êàëèíèíãðàä;SR 001 000 00 00;ÊÎÄ ÞË_Âåðèôèêàêàöèÿ ïðî÷èõ äîêóìåíòîâ ÊÎÄ;-;00;Ðåãèñòðàöèÿ;Äîêóìåíò;145;RUCH
ÎÑÖ Âîðîíåæ;Àðõèâ ¹4 Ñàíêò-Ïåòåðáóðã;SR 001 000 00 00;ÊÎÄ ÞË_Âåðèôèêàêàöèÿ ïðî÷èõ äîêóìåíòîâ ÊÎÄ;-;00;Ðåãèñòðàöèÿ;Äîêóìåíò;131,064;RUCH
ÎÑÖ Ìîñêâà;Âíå ïîäðàçäåëåíèé;SR 001 000 00 00;ÊÎÄ ÞË_Âåðèôèêàêàöèÿ ïðî÷èõ äîêóìåíòîâ ÊÎÄ;-;00;Ðåãèñòðàöèÿ;Äîêóìåíò;145;RUCH
ÎÑÖ Ìîñêâà;Àðõèâ ¹1 Òîìèëèíî;SR 001 000 00 00;ÊÎÄ ÞË_Âåðèôèêàêàöèÿ ïðî÷èõ äîêóìåíòîâ ÊÎÄ;-;00;Ðåãèñòðàöèÿ;Äîêóìåíò;118,012;RUCH
ÎÑÖ Íèæíèé Íîâãîðîä;Âíå ïîäðàçäåëåíèé;SR 001 000 00 00;ÊÎÄ ÞË_Âåðèôèêàêàöèÿ ïðî÷èõ äîêóìåíòîâ ÊÎÄ;-;00;Ðåãèñòðàöèÿ;Äîêóìåíò;145;RUCH
ÎÑÖ Íèæíèé Íîâãîðîä;Àðõèâ ¹1 Íèæíèé Íîâãîðîä;SR 001 000 00 00;ÊÎÄ ÞË_Âåðèôèêàêàöèÿ ïðî÷èõ äîêóìåíòîâ ÊÎÄ;-;00;Ðåãèñòðàöèÿ;Äîêóìåíò;130;RUCH
ÎÑÖ Íîâîñèáèðñê;Âíå ïîäðàçäåëåíèé;SR 001 000 00 00;ÊÎÄ ÞË_Âåðèôèêàêàöèÿ ïðî÷èõ äîêóìåíòîâ ÊÎÄ;-;00;Ðåãèñòðàöèÿ;Äîêóìåíò;145;RUCH
ÎÑÖ Íîâîñèáèðñê;Àðõèâ ¹1 Íîâîñèáèðñê;SR 001 000 00 00;ÊÎÄ ÞË_Âåðèôèêàêàöèÿ ïðî÷èõ äîêóìåíòîâ ÊÎÄ;-;00;Ðåãèñòðàöèÿ;Äîêóìåíò;123,467;RUCH
ÎÑÖ Ñàìàðà;Âíå ïîäðàçäåëåíèé;SR 001 000 00 00;ÊÎÄ ÞË_Âåðèôèêàêàöèÿ ïðî÷èõ äîêóìåíòîâ ÊÎÄ;-;00;Ðåãèñòðàöèÿ;Äîêóìåíò;145;RUCH
ÎÑÖ Íîâîñèáèðñê;Àðõèâ ¹3 Åêàòåðèíáóðã;SR 001 000 00 00;ÊÎÄ ÞË_Âåðèôèêàêàöèÿ ïðî÷èõ äîêóìåíòîâ ÊÎÄ;-;00;Ðåãèñòðàöèÿ;Äîêóìåíò;129,167;RUCH
ÎÑÖ Ñàìàðà;Àðõèâ ¹1 Ñàìàðà;SR 001 000 00 00;ÊÎÄ ÞË_Âåðèôèêàêàöèÿ ïðî÷èõ äîêóìåíòîâ ÊÎÄ;-;00;Ðåãèñòðàöèÿ;Äîêóìåíò;130,596;RUCH
ÎÑÖ Âîðîíåæ;Âíå ïîäðàçäåëåíèé;SR 004 000 00 00;ÊÎÄ ÞË_Âåðèôèêàöèÿ äîñûëîâ äîêóìåíòîâ îðèãèíàëîâ ÊÎÄ;-;00;Ðåãèñòðàöèÿ;Äîêóìåíò;205;RUCH
ÎÑÖ Âîðîíåæ;Àðõèâ ¹1 Âîðîíåæ;SR 004 000 00 00;ÊÎÄ ÞË_Âåðèôèêàöèÿ äîñûëîâ äîêóìåíòîâ îðèãèíàëîâ ÊÎÄ;-;00;Ðåãèñòðàöèÿ;Äîêóìåíò;185;RUCH
ÎÑÖ Âîðîíåæ;Àðõèâ ¹3 Êàëèíèíãðàä;SR 004 000 00 00;ÊÎÄ ÞË_Âåðèôèêàöèÿ äîñûëîâ äîêóìåíòîâ îðèãèíàëîâ ÊÎÄ;-;00;Ðåãèñòðàöèÿ;Äîêóìåíò;205;RUCH
ÎÑÖ Âîðîíåæ;Àðõèâ ¹4 Ñàíêò-Ïåòåðáóðã;SR 004 000 00 00;ÊÎÄ ÞË_Âåðèôèêàöèÿ äîñûëîâ äîêóìåíòîâ îðèãèíàëîâ ÊÎÄ;-;00;Ðåãèñòðàöèÿ;Äîêóìåíò;184,069;RUCH
ÎÑÖ Ìîñêâà;Âíå ïîäðàçäåëåíèé;SR 004 000 00 00;ÊÎÄ ÞË_Âåðèôèêàöèÿ äîñûëîâ äîêóìåíòîâ îðèãèíàëîâ ÊÎÄ;-;00;Ðåãèñòðàöèÿ;Äîêóìåíò;205;RUCH
ÎÑÖ Ìîñêâà;Àðõèâ ¹1 Òîìèëèíî;SR 004 000 00 00;ÊÎÄ ÞË_Âåðèôèêàöèÿ äîñûëîâ äîêóìåíòîâ îðèãèíàëîâ ÊÎÄ;-;00;Ðåãèñòðàöèÿ;Äîêóìåíò;173,42;RUCH
ÎÑÖ Íèæíèé Íîâãîðîä;Âíå ïîäðàçäåëåíèé;SR 004 000 00 00;ÊÎÄ ÞË_Âåðèôèêàöèÿ äîñûëîâ äîêóìåíòîâ îðèãèíàëîâ ÊÎÄ;-;00;Ðåãèñòðàöèÿ;Äîêóìåíò;205;RUCH
ÎÑÖ Íèæíèé Íîâãîðîä;Àðõèâ ¹1 Íèæíèé Íîâãîðîä;SR 004 000 00 00;ÊÎÄ ÞË_Âåðèôèêàöèÿ äîñûëîâ äîêóìåíòîâ îðèãèíàëîâ ÊÎÄ;-;00;Ðåãèñòðàöèÿ;Äîêóìåíò;186;RUCH
ÎÑÖ Íîâîñèáèðñê;Âíå ïîäðàçäåëåíèé;SR 004 000 00 00;ÊÎÄ ÞË_Âåðèôèêàöèÿ äîñûëîâ äîêóìåíòîâ îðèãèíàëîâ ÊÎÄ;-;00;Ðåãèñòðàöèÿ;Äîêóìåíò;205;RUCH
ÎÑÖ Íîâîñèáèðñê;Àðõèâ ¹1 Íîâîñèáèðñê;SR 004 000 00 00;ÊÎÄ ÞË_Âåðèôèêàöèÿ äîñûëîâ äîêóìåíòîâ îðèãèíàëîâ ÊÎÄ;-;00;Ðåãèñòðàöèÿ;Äîêóìåíò;178,967;RUCH
ÎÑÖ Ñàìàðà;Âíå ïîäðàçäåëåíèé;SR 004 000 00 00;ÊÎÄ ÞË_Âåðèôèêàöèÿ äîñûëîâ äîêóìåíòîâ îðèãèíàëîâ ÊÎÄ;-;00;Ðåãèñòðàöèÿ;Äîêóìåíò;205;RUCH
ÎÑÖ Íîâîñèáèðñê;Àðõèâ ¹3 Åêàòåðèíáóðã;SR 004 000 00 00;ÊÎÄ ÞË_Âåðèôèêàöèÿ äîñûëîâ äîêóìåíòîâ îðèãèíàëîâ ÊÎÄ;-;00;Ðåãèñòðàöèÿ;Äîêóìåíò;180,533;RUCH
ÎÑÖ Ñàìàðà;Àðõèâ ¹1 Ñàìàðà;SR 004 000 00 00;ÊÎÄ ÞË_Âåðèôèêàöèÿ äîñûëîâ äîêóìåíòîâ îðèãèíàëîâ ÊÎÄ;-;00;Ðåãèñòðàöèÿ;Äîêóìåíò;170,221;RUCH
ÎÑÖ Âîðîíåæ;Âíå ïîäðàçäåëåíèé;SR 046 000 00 00;Ñîïðîâîæäåíèå íàåìíîãî ïåðñîíàëà/ïåðåìåùåíèå êîðîáîâ/ïàëåò â ìèíóòàõ;-;00;Ðåãèñòðàöèÿ;Ìèíóòà;60;RUCH
ÎÑÖ Âîðîíåæ;Àðõèâ ¹1 Âîðîíåæ;SR 046 000 00 00;Ñîïðîâîæäåíèå íàåìíîãî ïåðñîíàëà/ïåðåìåùåíèå êîðîáîâ/ïàëåò â ìèíóòàõ;-;00;Ðåãèñòðàöèÿ;Ìèíóòà;60;RUCH
ÎÑÖ Âîðîíåæ;Àðõèâ ¹3 Êàëèíèíãðàä;SR 046 000 00 00;Ñîïðîâîæäåíèå íàåìíîãî ïåðñîíàëà/ïåðåìåùåíèå êîðîáîâ/ïàëåò â ìèíóòàõ;-;00;Ðåãèñòðàöèÿ;Ìèíóòà;60;RUCH
ÎÑÖ Âîðîíåæ;Àðõèâ ¹4 Ñàíêò-Ïåòåðáóðã;SR 046 000 00 00;Ñîïðîâîæäåíèå íàåìíîãî ïåðñîíàëà/ïåðåìåùåíèå êîðîáîâ/ïàëåò â ìèíóòàõ;-;00;Ðåãèñòðàöèÿ;Ìèíóòà;60;RUCH
ÎÑÖ Ìîñêâà;Âíå ïîäðàçäåëåíèé;SR 046 000 00 00;Ñîïðîâîæäåíèå íàåìíîãî ïåðñîíàëà/ïåðåìåùåíèå êîðîáîâ/ïàëåò â ìèíóòàõ;-;00;Ðåãèñòðàöèÿ;Ìèíóòà;60;RUCH
ÎÑÖ Ìîñêâà;Àðõèâ ¹1 Òîìèëèíî;SR 046 000 00 00;Ñîïðîâîæäåíèå íàåìíîãî ïåðñîíàëà/ïåðåìåùåíèå êîðîáîâ/ïàëåò â ìèíóòàõ;-;00;Ðåãèñòðàöèÿ;Ìèíóòà;60;RUCH
ÎÑÖ Íèæíèé Íîâãîðîä;Âíå ïîäðàçäåëåíèé;SR 046 000 00 00;Ñîïðîâîæäåíèå íàåìíîãî ïåðñîíàëà/ïåðåìåùåíèå êîðîáîâ/ïàëåò â ìèíóòàõ;-;00;Ðåãèñòðàöèÿ;Ìèíóòà;60;RUCH
ÎÑÖ Íèæíèé Íîâãîðîä;Àðõèâ ¹1 Íèæíèé Íîâãîðîä;SR 046 000 00 00;Ñîïðîâîæäåíèå íàåìíîãî ïåðñîíàëà/ïåðåìåùåíèå êîðîáîâ/ïàëåò â ìèíóòàõ;-;00;Ðåãèñòðàöèÿ;Ìèíóòà;60;RUCH
ÎÑÖ Íîâîñèáèðñê;Âíå ïîäðàçäåëåíèé;SR 046 000 00 00;Ñîïðîâîæäåíèå íàåìíîãî ïåðñîíàëà/ïåðåìåùåíèå êîðîáîâ/ïàëåò â ìèíóòàõ;-;00;Ðåãèñòðàöèÿ;Ìèíóòà;60;RUCH
ÎÑÖ Íîâîñèáèðñê;Àðõèâ ¹1 Íîâîñèáèðñê;SR 046 000 00 00;Ñîïðîâîæäåíèå íàåìíîãî ïåðñîíàëà/ïåðåìåùåíèå êîðîáîâ/ïàëåò â ìèíóòàõ;-;00;Ðåãèñòðàöèÿ;Ìèíóòà;60;RUCH
ÎÑÖ Ñàìàðà;Âíå ïîäðàçäåëåíèé;SR 046 000 00 00;Ñîïðîâîæäåíèå íàåìíîãî ïåðñîíàëà/ïåðåìåùåíèå êîðîáîâ/ïàëåò â ìèíóòàõ;-;00;Ðåãèñòðàöèÿ;Ìèíóòà;60;RUCH
ÎÑÖ Íîâîñèáèðñê;Àðõèâ ¹3 Åêàòåðèíáóðã;SR 046 000 00 00;Ñîïðîâîæäåíèå íàåìíîãî ïåðñîíàëà/ïåðåìåùåíèå êîðîáîâ/ïàëåò â ìèíóòàõ;-;00;Ðåãèñòðàöèÿ;Ìèíóòà;60;RUCH
ÎÑÖ Ñàìàðà;Àðõèâ ¹1 Ñàìàðà;SR 046 000 00 00;Ñîïðîâîæäåíèå íàåìíîãî ïåðñîíàëà/ïåðåìåùåíèå êîðîáîâ/ïàëåò â ìèíóòàõ;-;00;Ðåãèñòðàöèÿ;Ìèíóòà;60;RUCH
ÎÑÖ Âîðîíåæ;Âíå ïîäðàçäåëåíèé;SL 038 000 00 00;Ñâåðêà ðååñòðà â WPM;-;00;Ëîãèñòèêà;ÀÊ;10;RUCH
ÎÑÖ Âîðîíåæ;Àðõèâ ¹1 Âîðîíåæ;SL 038 000 00 00;Ñâåðêà ðååñòðà â WPM;-;00;Ëîãèñòèêà;ÀÊ;0;RUCH
ÎÑÖ Âîðîíåæ;Àðõèâ ¹3 Êàëèíèíãðàä;SL 038 000 00 00;Ñâåðêà ðååñòðà â WPM;-;00;Ëîãèñòèêà;ÀÊ;10;RUCH
ÎÑÖ Âîðîíåæ;Àðõèâ ¹4 Ñàíêò-Ïåòåðáóðã;SL 038 000 00 00;Ñâåðêà ðååñòðà â WPM;-;00;Ëîãèñòèêà;ÀÊ;10;RUCH
ÎÑÖ Ìîñêâà;Âíå ïîäðàçäåëåíèé;SL 038 000 00 00;Ñâåðêà ðååñòðà â WPM;-;00;Ëîãèñòèêà;ÀÊ;10;RUCH
ÎÑÖ Ìîñêâà;Àðõèâ ¹1 Òîìèëèíî;SL 038 000 00 00;Ñâåðêà ðååñòðà â WPM;-;00;Ëîãèñòèêà;ÀÊ;10;RUCH
ÎÑÖ Íèæíèé Íîâãîðîä;Âíå ïîäðàçäåëåíèé;SL 038 000 00 00;Ñâåðêà ðååñòðà â WPM;-;00;Ëîãèñòèêà;ÀÊ;10;RUCH
ÎÑÖ Íèæíèé Íîâãîðîä;Àðõèâ ¹1 Íèæíèé Íîâãîðîä;SL 038 000 00 00;Ñâåðêà ðååñòðà â WPM;-;00;Ëîãèñòèêà;ÀÊ;10;RUCH
ÎÑÖ Íîâîñèáèðñê;Âíå ïîäðàçäåëåíèé;SL 038 000 00 00;Ñâåðêà ðååñòðà â WPM;-;00;Ëîãèñòèêà;ÀÊ;10;RUCH
ÎÑÖ Íîâîñèáèðñê;Àðõèâ ¹1 Íîâîñèáèðñê;SL 038 000 00 00;Ñâåðêà ðååñòðà â WPM;-;00;Ëîãèñòèêà;ÀÊ;10;RUCH
ÎÑÖ Ñàìàðà;Âíå ïîäðàçäåëåíèé;SL 038 000 00 00;Ñâåðêà ðååñòðà â WPM;-;00;Ëîãèñòèêà;ÀÊ;10;RUCH
ÎÑÖ Íîâîñèáèðñê;Àðõèâ ¹3 Åêàòåðèíáóðã;SL 038 000 00 00;Ñâåðêà ðååñòðà â WPM;-;00;Ëîãèñòèêà;ÀÊ;10;RUCH
ÎÑÖ Ñàìàðà;Àðõèâ ¹1 Ñàìàðà;SL 038 000 00 00;Ñâåðêà ðååñòðà â WPM;-;00;Ëîãèñòèêà;ÀÊ;10;RUCH
ÎÑÖ Âîðîíåæ;Âíå ïîäðàçäåëåíèé;SL 046 000 00 00;Óñòàíîâêà ÀÊ íà ïóñòîé òðåé;-;00;Ëîãèñòèêà;ÀÊ;21;RUCH
ÎÑÖ Âîðîíåæ;Àðõèâ ¹1 Âîðîíåæ;SL 046 000 00 00;Óñòàíîâêà ÀÊ íà ïóñòîé òðåé;-;00;Ëîãèñòèêà;ÀÊ;0;RUCH
ÎÑÖ Âîðîíåæ;Àðõèâ ¹3 Êàëèíèíãðàä;SL 046 000 00 00;Óñòàíîâêà ÀÊ íà ïóñòîé òðåé;-;00;Ëîãèñòèêà;ÀÊ;21;RUCH
ÎÑÖ Âîðîíåæ;Àðõèâ ¹4 Ñàíêò-Ïåòåðáóðã;SL 046 000 00 00;Óñòàíîâêà ÀÊ íà ïóñòîé òðåé;-;00;Ëîãèñòèêà;ÀÊ;21;RUCH
ÎÑÖ Ìîñêâà;Âíå ïîäðàçäåëåíèé;SL 046 000 00 00;Óñòàíîâêà ÀÊ íà ïóñòîé òðåé;-;00;Ëîãèñòèêà;ÀÊ;21;RUCH
ÎÑÖ Ìîñêâà;Àðõèâ ¹1 Òîìèëèíî;SL 046 000 00 00;Óñòàíîâêà ÀÊ íà ïóñòîé òðåé;-;00;Ëîãèñòèêà;ÀÊ;21;RUCH
ÎÑÖ Íèæíèé Íîâãîðîä;Âíå ïîäðàçäåëåíèé;SL 046 000 00 00;Óñòàíîâêà ÀÊ íà ïóñòîé òðåé;-;00;Ëîãèñòèêà;ÀÊ;21;RUCH
ÎÑÖ Íèæíèé Íîâãîðîä;Àðõèâ ¹1 Íèæíèé Íîâãîðîä;SL 046 000 00 00;Óñòàíîâêà ÀÊ íà ïóñòîé òðåé;-;00;Ëîãèñòèêà;ÀÊ;21;RUCH
ÎÑÖ Íîâîñèáèðñê;Âíå ïîäðàçäåëåíèé;SL 046 000 00 00;Óñòàíîâêà ÀÊ íà ïóñòîé òðåé;-;00;Ëîãèñòèêà;ÀÊ;21;RUCH
ÎÑÖ Íîâîñèáèðñê;Àðõèâ ¹1 Íîâîñèáèðñê;SL 046 000 00 00;Óñòàíîâêà ÀÊ íà ïóñòîé òðåé;-;00;Ëîãèñòèêà;ÀÊ;21;RUCH
ÎÑÖ Ñàìàðà;Âíå ïîäðàçäåëåíèé;SL 046 000 00 00;Óñòàíîâêà ÀÊ íà ïóñòîé òðåé;-;00;Ëîãèñòèêà;ÀÊ;21;RUCH
ÎÑÖ Íîâîñèáèðñê;Àðõèâ ¹3 Åêàòåðèíáóðã;SL 046 000 00 00;Óñòàíîâêà ÀÊ íà ïóñòîé òðåé;-;00;Ëîãèñòèêà;ÀÊ;21;RUCH
ÎÑÖ Ñàìàðà;Àðõèâ ¹1 Ñàìàðà;SL 046 000 00 00;Óñòàíîâêà ÀÊ íà ïóñòîé òðåé;-;00;Ëîãèñòèêà;ÀÊ;21;RUCH
ÎÑÖ Âîðîíåæ;Âíå ïîäðàçäåëåíèé;SL 053 000 00 00;Èçúÿòî / Ðàçìåùåíî èç/â ÀËÖ êîðîáîâ ïî çàïðîñàì;-;00;Ëîãèñòèêà;ÀÊ;29;RUCH
ÎÑÖ Âîðîíåæ;Àðõèâ ¹1 Âîðîíåæ;SL 053 000 00 00;Èçúÿòî / Ðàçìåùåíî èç/â ÀËÖ êîðîáîâ ïî çàïðîñàì;-;00;Ëîãèñòèêà;ÀÊ;0;RUCH
ÎÑÖ Âîðîíåæ;Àðõèâ ¹3 Êàëèíèíãðàä;SL 053 000 00 00;Èçúÿòî / Ðàçìåùåíî èç/â ÀËÖ êîðîáîâ ïî çàïðîñàì;-;00;Ëîãèñòèêà;ÀÊ;29;RUCH
ÎÑÖ Âîðîíåæ;Àðõèâ ¹4 Ñàíêò-Ïåòåðáóðã;SL 053 000 00 00;Èçúÿòî / Ðàçìåùåíî èç/â ÀËÖ êîðîáîâ ïî çàïðîñàì;-;00;Ëîãèñòèêà;ÀÊ;29;RUCH
ÎÑÖ Ìîñêâà;Âíå ïîäðàçäåëåíèé;SL 053 000 00 00;Èçúÿòî / Ðàçìåùåíî èç/â ÀËÖ êîðîáîâ ïî çàïðîñàì;-;00;Ëîãèñòèêà;ÀÊ;29;RUCH
ÎÑÖ Ìîñêâà;Àðõèâ ¹1 Òîìèëèíî;SL 053 000 00 00;Èçúÿòî / Ðàçìåùåíî èç/â ÀËÖ êîðîáîâ ïî çàïðîñàì;-;00;Ëîãèñòèêà;ÀÊ;26,364;RUCH
ÎÑÖ Íèæíèé Íîâãîðîä;Âíå ïîäðàçäåëåíèé;SL 053 000 00 00;Èçúÿòî / Ðàçìåùåíî èç/â ÀËÖ êîðîáîâ ïî çàïðîñàì;-;00;Ëîãèñòèêà;ÀÊ;29;RUCH
ÎÑÖ Íèæíèé Íîâãîðîä;Àðõèâ ¹1 Íèæíèé Íîâãîðîä;SL 053 000 00 00;Èçúÿòî / Ðàçìåùåíî èç/â ÀËÖ êîðîáîâ ïî çàïðîñàì;-;00;Ëîãèñòèêà;ÀÊ;29;RUCH
ÎÑÖ Íîâîñèáèðñê;Âíå ïîäðàçäåëåíèé;SL 053 000 00 00;Èçúÿòî / Ðàçìåùåíî èç/â ÀËÖ êîðîáîâ ïî çàïðîñàì;-;00;Ëîãèñòèêà;ÀÊ;29;RUCH
ÎÑÖ Íîâîñèáèðñê;Àðõèâ ¹1 Íîâîñèáèðñê;SL 053 000 00 00;Èçúÿòî / Ðàçìåùåíî èç/â ÀËÖ êîðîáîâ ïî çàïðîñàì;-;00;Ëîãèñòèêà;ÀÊ;29;RUCH
ÎÑÖ Ñàìàðà;Âíå ïîäðàçäåëåíèé;SL 053 000 00 00;Èçúÿòî / Ðàçìåùåíî èç/â ÀËÖ êîðîáîâ ïî çàïðîñàì;-;00;Ëîãèñòèêà;ÀÊ;29;RUCH
ÎÑÖ Íîâîñèáèðñê;Àðõèâ ¹3 Åêàòåðèíáóðã;SL 053 000 00 00;Èçúÿòî / Ðàçìåùåíî èç/â ÀËÖ êîðîáîâ ïî çàïðîñàì;-;00;Ëîãèñòèêà;ÀÊ;29;RUCH
ÎÑÖ Ñàìàðà;Àðõèâ ¹1 Ñàìàðà;SL 053 000 00 00;Èçúÿòî / Ðàçìåùåíî èç/â ÀËÖ êîðîáîâ ïî çàïðîñàì;-;00;Ëîãèñòèêà;ÀÊ;28;RUCH
ÎÑÖ Âîðîíåæ;Âíå ïîäðàçäåëåíèé;SL 057 000 00 00;Ïðîõîæäåíèå äèñòàíöèîííîãî îáó÷åíèÿ| ïîæàðíàÿ òðåâîãà (ó÷åíèÿ ïî îõðàíå òðóäà è ïîæàðíîé áåçîïàñíîñòè);-;00;Ëîãèñòèêà;ìèíóòà;60;RUCH
ÎÑÖ Âîðîíåæ;Àðõèâ ¹1 Âîðîíåæ;SL 057 000 00 00;Ïðîõîæäåíèå äèñòàíöèîííîãî îáó÷åíèÿ| ïîæàðíàÿ òðåâîãà (ó÷åíèÿ ïî îõðàíå òðóäà è ïîæàðíîé áåçîïàñíîñòè);-;00;Ëîãèñòèêà;ìèíóòà;60;RUCH
ÎÑÖ Âîðîíåæ;Àðõèâ ¹3 Êàëèíèíãðàä;SL 057 000 00 00;Ïðîõîæäåíèå äèñòàíöèîííîãî îáó÷åíèÿ| ïîæàðíàÿ òðåâîãà (ó÷åíèÿ ïî îõðàíå òðóäà è ïîæàðíîé áåçîïàñíîñòè);-;00;Ëîãèñòèêà;ìèíóòà;60;RUCH
ÎÑÖ Âîðîíåæ;Àðõèâ ¹4 Ñàíêò-Ïåòåðáóðã;SL 057 000 00 00;Ïðîõîæäåíèå äèñòàíöèîííîãî îáó÷åíèÿ| ïîæàðíàÿ òðåâîãà (ó÷åíèÿ ïî îõðàíå òðóäà è ïîæàðíîé áåçîïàñíîñòè);-;00;Ëîãèñòèêà;ìèíóòà;60;RUCH
ÎÑÖ Ìîñêâà;Âíå ïîäðàçäåëåíèé;SL 057 000 00 00;Ïðîõîæäåíèå äèñòàíöèîííîãî îáó÷åíèÿ| ïîæàðíàÿ òðåâîãà (ó÷åíèÿ ïî îõðàíå òðóäà è ïîæàðíîé áåçîïàñíîñòè);-;00;Ëîãèñòèêà;ìèíóòà;60;RUCH
ÎÑÖ Ìîñêâà;Àðõèâ ¹1 Òîìèëèíî;SL 057 000 00 00;Ïðîõîæäåíèå äèñòàíöèîííîãî îáó÷åíèÿ| ïîæàðíàÿ òðåâîãà (ó÷åíèÿ ïî îõðàíå òðóäà è ïîæàðíîé áåçîïàñíîñòè);-;00;Ëîãèñòèêà;ìèíóòà;60;RUCH
ÎÑÖ Íèæíèé Íîâãîðîä;Âíå ïîäðàçäåëåíèé;SL 057 000 00 00;Ïðîõîæäåíèå äèñòàíöèîííîãî îáó÷åíèÿ| ïîæàðíàÿ òðåâîãà (ó÷åíèÿ ïî îõðàíå òðóäà è ïîæàðíîé áåçîïàñíîñòè);-;00;Ëîãèñòèêà;ìèíóòà;60;RUCH
ÎÑÖ Íèæíèé Íîâãîðîä;Àðõèâ ¹1 Íèæíèé Íîâãîðîä;SL 057 000 00 00;Ïðîõîæäåíèå äèñòàíöèîííîãî îáó÷åíèÿ| ïîæàðíàÿ òðåâîãà (ó÷åíèÿ ïî îõðàíå òðóäà è ïîæàðíîé áåçîïàñíîñòè);-;00;Ëîãèñòèêà;ìèíóòà;60;RUCH
ÎÑÖ Íîâîñèáèðñê;Âíå ïîäðàçäåëåíèé;SL 057 000 00 00;Ïðîõîæäåíèå äèñòàíöèîííîãî îáó÷åíèÿ| ïîæàðíàÿ òðåâîãà (ó÷åíèÿ ïî îõðàíå òðóäà è ïîæàðíîé áåçîïàñíîñòè);-;00;Ëîãèñòèêà;ìèíóòà;60;RUCH
ÎÑÖ Íîâîñèáèðñê;Àðõèâ ¹1 Íîâîñèáèðñê;SL 057 000 00 00;Ïðîõîæäåíèå äèñòàíöèîííîãî îáó÷åíèÿ| ïîæàðíàÿ òðåâîãà (ó÷åíèÿ ïî îõðàíå òðóäà è ïîæàðíîé áåçîïàñíîñòè);-;00;Ëîãèñòèêà;ìèíóòà;60;RUCH
ÎÑÖ Ñàìàðà;Âíå ïîäðàçäåëåíèé;SL 057 000 00 00;Ïðîõîæäåíèå äèñòàíöèîííîãî îáó÷åíèÿ| ïîæàðíàÿ òðåâîãà (ó÷åíèÿ ïî îõðàíå òðóäà è ïîæàðíîé áåçîïàñíîñòè);-;00;Ëîãèñòèêà;ìèíóòà;60;RUCH
ÎÑÖ Íîâîñèáèðñê;Àðõèâ ¹3 Åêàòåðèíáóðã;SL 057 000 00 00;Ïðîõîæäåíèå äèñòàíöèîííîãî îáó÷åíèÿ| ïîæàðíàÿ òðåâîãà (ó÷åíèÿ ïî îõðàíå òðóäà è ïîæàðíîé áåçîïàñíîñòè);-;00;Ëîãèñòèêà;ìèíóòà;60;RUCH
ÎÑÖ Ñàìàðà;Àðõèâ ¹1 Ñàìàðà;SL 057 000 00 00;Ïðîõîæäåíèå äèñòàíöèîííîãî îáó÷åíèÿ| ïîæàðíàÿ òðåâîãà (ó÷åíèÿ ïî îõðàíå òðóäà è ïîæàðíîé áåçîïàñíîñòè);-;00;Ëîãèñòèêà;ìèíóòà;60;RUCH
ÎÑÖ Âîðîíåæ;Àðõèâ ¹3 Êàëèíèíãðàä;SL 109 000 00 00;Ïîäáîð ÀÊ ïî Àêòàì íà óíè÷òîæåíèå äîêóìåíòîâ ÇÄ (ÀÀÕ);-;00;Ëîãèñòèêà;ÀÊ;0;RUCH
ÎÑÖ Âîðîíåæ;Àðõèâ ¹4 Ñàíêò-Ïåòåðáóðã;SL 109 000 00 00;Ïîäáîð ÀÊ ïî Àêòàì íà óíè÷òîæåíèå äîêóìåíòîâ ÇÄ (ÀÀÕ);-;00;Ëîãèñòèêà;ÀÊ;0;RUCH
ÎÑÖ Ìîñêâà;Âíå ïîäðàçäåëåíèé;SL 109 000 00 00;Ïîäáîð ÀÊ ïî Àêòàì íà óíè÷òîæåíèå äîêóìåíòîâ ÇÄ (ÀÀÕ);-;00;Ëîãèñòèêà;ÀÊ;0;RUCH
ÎÑÖ Ìîñêâà;Àðõèâ ¹1 Òîìèëèíî;SL 109 000 00 00;Ïîäáîð ÀÊ ïî Àêòàì íà óíè÷òîæåíèå äîêóìåíòîâ ÇÄ (ÀÀÕ);-;00;Ëîãèñòèêà;ÀÊ;29;RUCH
ÎÑÖ Íèæíèé Íîâãîðîä;Âíå ïîäðàçäåëåíèé;SL 109 000 00 00;Ïîäáîð ÀÊ ïî Àêòàì íà óíè÷òîæåíèå äîêóìåíòîâ ÇÄ (ÀÀÕ);-;00;Ëîãèñòèêà;ÀÊ;0;RUCH
ÎÑÖ Íèæíèé Íîâãîðîä;Àðõèâ ¹1 Íèæíèé Íîâãîðîä;SL 109 000 00 00;Ïîäáîð ÀÊ ïî Àêòàì íà óíè÷òîæåíèå äîêóìåíòîâ ÇÄ (ÀÀÕ);-;00;Ëîãèñòèêà;ÀÊ;29;RUCH
ÎÑÖ Íîâîñèáèðñê;Âíå ïîäðàçäåëåíèé;SL 109 000 00 00;Ïîäáîð ÀÊ ïî Àêòàì íà óíè÷òîæåíèå äîêóìåíòîâ ÇÄ (ÀÀÕ);-;00;Ëîãèñòèêà;ÀÊ;0;RUCH
ÎÑÖ Íîâîñèáèðñê;Àðõèâ ¹1 Íîâîñèáèðñê;SL 109 000 00 00;Ïîäáîð ÀÊ ïî Àêòàì íà óíè÷òîæåíèå äîêóìåíòîâ ÇÄ (ÀÀÕ);-;00;Ëîãèñòèêà;ÀÊ;0;RUCH
ÎÑÖ Ñàìàðà;Âíå ïîäðàçäåëåíèé;SL 109 000 00 00;Ïîäáîð ÀÊ ïî Àêòàì íà óíè÷òîæåíèå äîêóìåíòîâ ÇÄ (ÀÀÕ);-;00;Ëîãèñòèêà;ÀÊ;0;RUCH
ÎÑÖ Íîâîñèáèðñê;Àðõèâ ¹3 Åêàòåðèíáóðã;SL 109 000 00 00;Ïîäáîð ÀÊ ïî Àêòàì íà óíè÷òîæåíèå äîêóìåíòîâ ÇÄ (ÀÀÕ);-;00;Ëîãèñòèêà;ÀÊ;0;RUCH
ÎÑÖ Ñàìàðà;Àðõèâ ¹1 Ñàìàðà;SL 109 000 00 00;Ïîäáîð ÀÊ ïî Àêòàì íà óíè÷òîæåíèå äîêóìåíòîâ ÇÄ (ÀÀÕ);-;00;Ëîãèñòèêà;ÀÊ;29;RUCH
ÎÑÖ Âîðîíåæ;Âíå ïîäðàçäåëåíèé;SR 017 000 00 00;ÊÎÄ ÞË_Âåðèôèêàöèÿ ïåðâè÷íûõ äîêóìåíòîâ îðèãèíàëîâ ÊÎÄ;-;00;Ðåãèñòðàöèÿ;Äîêóìåíò;395;RUCH
ÎÑÖ Âîðîíåæ;Àðõèâ ¹1 Âîðîíåæ;SR 017 000 00 00;ÊÎÄ ÞË_Âåðèôèêàöèÿ ïåðâè÷íûõ äîêóìåíòîâ îðèãèíàëîâ ÊÎÄ;-;00;Ðåãèñòðàöèÿ;Äîêóìåíò;350;RUCH
ÎÑÖ Âîðîíåæ;Àðõèâ ¹3 Êàëèíèíãðàä;SR 017 000 00 00;ÊÎÄ ÞË_Âåðèôèêàöèÿ ïåðâè÷íûõ äîêóìåíòîâ îðèãèíàëîâ ÊÎÄ;-;00;Ðåãèñòðàöèÿ;Äîêóìåíò;395;RUCH
ÎÑÖ Âîðîíåæ;Àðõèâ ¹4 Ñàíêò-Ïåòåðáóðã;SR 017 000 00 00;ÊÎÄ ÞË_Âåðèôèêàöèÿ ïåðâè÷íûõ äîêóìåíòîâ îðèãèíàëîâ ÊÎÄ;-;00;Ðåãèñòðàöèÿ;Äîêóìåíò;355,152;RUCH
ÎÑÖ Ìîñêâà;Âíå ïîäðàçäåëåíèé;SR 017 000 00 00;ÊÎÄ ÞË_Âåðèôèêàöèÿ ïåðâè÷íûõ äîêóìåíòîâ îðèãèíàëîâ ÊÎÄ;-;00;Ðåãèñòðàöèÿ;Äîêóìåíò;395;RUCH
ÎÑÖ Ìîñêâà;Àðõèâ ¹1 Òîìèëèíî;SR 017 000 00 00;ÊÎÄ ÞË_Âåðèôèêàöèÿ ïåðâè÷íûõ äîêóìåíòîâ îðèãèíàëîâ ÊÎÄ;-;00;Ðåãèñòðàöèÿ;Äîêóìåíò;309,334;RUCH
ÎÑÖ Íèæíèé Íîâãîðîä;Âíå ïîäðàçäåëåíèé;SR 017 000 00 00;ÊÎÄ ÞË_Âåðèôèêàöèÿ ïåðâè÷íûõ äîêóìåíòîâ îðèãèíàëîâ ÊÎÄ;-;00;Ðåãèñòðàöèÿ;Äîêóìåíò;395;RUCH
ÎÑÖ Íèæíèé Íîâãîðîä;Àðõèâ ¹1 Íèæíèé Íîâãîðîä;SR 017 000 00 00;ÊÎÄ ÞË_Âåðèôèêàöèÿ ïåðâè÷íûõ äîêóìåíòîâ îðèãèíàëîâ ÊÎÄ;-;00;Ðåãèñòðàöèÿ;Äîêóìåíò;355,023;RUCH
ÎÑÖ Íîâîñèáèðñê;Âíå ïîäðàçäåëåíèé;SR 017 000 00 00;ÊÎÄ ÞË_Âåðèôèêàöèÿ ïåðâè÷íûõ äîêóìåíòîâ îðèãèíàëîâ ÊÎÄ;-;00;Ðåãèñòðàöèÿ;Äîêóìåíò;395;RUCH
ÎÑÖ Íîâîñèáèðñê;Àðõèâ ¹1 Íîâîñèáèðñê;SR 017 000 00 00;ÊÎÄ ÞË_Âåðèôèêàöèÿ ïåðâè÷íûõ äîêóìåíòîâ îðèãèíàëîâ ÊÎÄ;-;00;Ðåãèñòðàöèÿ;Äîêóìåíò;312,2;RUCH
ÎÑÖ Ñàìàðà;Âíå ïîäðàçäåëåíèé;SR 017 000 00 00;ÊÎÄ ÞË_Âåðèôèêàöèÿ ïåðâè÷íûõ äîêóìåíòîâ îðèãèíàëîâ ÊÎÄ;-;00;Ðåãèñòðàöèÿ;Äîêóìåíò;395;RUCH
ÎÑÖ Íîâîñèáèðñê;Àðõèâ ¹3 Åêàòåðèíáóðã;SR 017 000 00 00;ÊÎÄ ÞË_Âåðèôèêàöèÿ ïåðâè÷íûõ äîêóìåíòîâ îðèãèíàëîâ ÊÎÄ;-;00;Ðåãèñòðàöèÿ;Äîêóìåíò;306,733;RUCH
ÎÑÖ Ñàìàðà;Àðõèâ ¹1 Ñàìàðà;SR 017 000 00 00;ÊÎÄ ÞË_Âåðèôèêàöèÿ ïåðâè÷íûõ äîêóìåíòîâ îðèãèíàëîâ ÊÎÄ;-;00;Ðåãèñòðàöèÿ;Äîêóìåíò;322,424;RUCH
ÎÑÖ Âîðîíåæ;Âíå ïîäðàçäåëåíèé;SR 018 000 00 00;Âíåñåíèå äàííûõ â ÌÅÃÀÖÓÊñ èäåíòèôèêàòîðà ñåðòèôèêàòà ÝÖÏ ïî ÐÊÎ ÞË;-;00;Ðåãèñòðàöèÿ;Ñåðòèôèêàò;20;RUCH
ÎÑÖ Âîðîíåæ;Àðõèâ ¹1 Âîðîíåæ;SR 018 000 00 00;Âíåñåíèå äàííûõ â ÌÅÃÀÖÓÊñ èäåíòèôèêàòîðà ñåðòèôèêàòà ÝÖÏ ïî ÐÊÎ ÞË;-;00;Ðåãèñòðàöèÿ;Ñåðòèôèêàò;20;RUCH
ÎÑÖ Âîðîíåæ;Àðõèâ ¹3 Êàëèíèíãðàä;SR 018 000 00 00;Âíåñåíèå äàííûõ â ÌÅÃÀÖÓÊñ èäåíòèôèêàòîðà ñåðòèôèêàòà ÝÖÏ ïî ÐÊÎ ÞË;-;00;Ðåãèñòðàöèÿ;Ñåðòèôèêàò;20;RUCH
ÎÑÖ Âîðîíåæ;Àðõèâ ¹4 Ñàíêò-Ïåòåðáóðã;SR 018 000 00 00;Âíåñåíèå äàííûõ â ÌÅÃÀÖÓÊñ èäåíòèôèêàòîðà ñåðòèôèêàòà ÝÖÏ ïî ÐÊÎ ÞË;-;00;Ðåãèñòðàöèÿ;Ñåðòèôèêàò;20;RUCH
ÎÑÖ Ìîñêâà;Âíå ïîäðàçäåëåíèé;SR 018 000 00 00;Âíåñåíèå äàííûõ â ÌÅÃÀÖÓÊñ èäåíòèôèêàòîðà ñåðòèôèêàòà ÝÖÏ ïî ÐÊÎ ÞË;-;00;Ðåãèñòðàöèÿ;Ñåðòèôèêàò;20;RUCH
ÎÑÖ Ìîñêâà;Àðõèâ ¹1 Òîìèëèíî;SR 018 000 00 00;Âíåñåíèå äàííûõ â ÌÅÃÀÖÓÊñ èäåíòèôèêàòîðà ñåðòèôèêàòà ÝÖÏ ïî ÐÊÎ ÞË;-;00;Ðåãèñòðàöèÿ;Ñåðòèôèêàò;20;RUCH
ÎÑÖ Íèæíèé Íîâãîðîä;Âíå ïîäðàçäåëåíèé;SR 018 000 00 00;Âíåñåíèå äàííûõ â ÌÅÃÀÖÓÊñ èäåíòèôèêàòîðà ñåðòèôèêàòà ÝÖÏ ïî ÐÊÎ ÞË;-;00;Ðåãèñòðàöèÿ;Ñåðòèôèêàò;20;RUCH
ÎÑÖ Íèæíèé Íîâãîðîä;Àðõèâ ¹1 Íèæíèé Íîâãîðîä;SR 018 000 00 00;Âíåñåíèå äàííûõ â ÌÅÃÀÖÓÊñ èäåíòèôèêàòîðà ñåðòèôèêàòà ÝÖÏ ïî ÐÊÎ ÞË;-;00;Ðåãèñòðàöèÿ;Ñåðòèôèêàò;20;RUCH
ÎÑÖ Íîâîñèáèðñê;Âíå ïîäðàçäåëåíèé;SR 018 000 00 00;Âíåñåíèå äàííûõ â ÌÅÃÀÖÓÊñ èäåíòèôèêàòîðà ñåðòèôèêàòà ÝÖÏ ïî ÐÊÎ ÞË;-;00;Ðåãèñòðàöèÿ;Ñåðòèôèêàò;20;RUCH
ÎÑÖ Íîâîñèáèðñê;Àðõèâ ¹1 Íîâîñèáèðñê;SR 018 000 00 00;Âíåñåíèå äàííûõ â ÌÅÃÀÖÓÊñ èäåíòèôèêàòîðà ñåðòèôèêàòà ÝÖÏ ïî ÐÊÎ ÞË;-;00;Ðåãèñòðàöèÿ;Ñåðòèôèêàò;17;RUCH
ÎÑÖ Ñàìàðà;Âíå ïîäðàçäåëåíèé;SR 018 000 00 00;Âíåñåíèå äàííûõ â ÌÅÃÀÖÓÊñ èäåíòèôèêàòîðà ñåðòèôèêàòà ÝÖÏ ïî ÐÊÎ ÞË;-;00;Ðåãèñòðàöèÿ;Ñåðòèôèêàò;20;RUCH
ÎÑÖ Íîâîñèáèðñê;Àðõèâ ¹3 Åêàòåðèíáóðã;SR 018 000 00 00;Âíåñåíèå äàííûõ â ÌÅÃÀÖÓÊñ èäåíòèôèêàòîðà ñåðòèôèêàòà ÝÖÏ ïî ÐÊÎ ÞË;-;00;Ðåãèñòðàöèÿ;Ñåðòèôèêàò;17;RUCH
ÎÑÖ Ñàìàðà;Àðõèâ ¹1 Ñàìàðà;SR 018 000 00 00;Âíåñåíèå äàííûõ â ÌÅÃÀÖÓÊñ èäåíòèôèêàòîðà ñåðòèôèêàòà ÝÖÏ ïî ÐÊÎ ÞË;-;00;Ðåãèñòðàöèÿ;Ñåðòèôèêàò;16;RUCH
ÎÑÖ Âîðîíåæ;Âíå ïîäðàçäåëåíèé;SR 021 000 00 00;Âîçâðàò ÂÒÓ îòïðàâèòåëþ;-;00;Ðåãèñòðàöèÿ;Óïàêîâêà;600;RUCH
ÎÑÖ Âîðîíåæ;Àðõèâ ¹1 Âîðîíåæ;SR 021 000 00 00;Âîçâðàò ÂÒÓ îòïðàâèòåëþ;-;00;Ðåãèñòðàöèÿ;Óïàêîâêà;600;RUCH
ÎÑÖ Âîðîíåæ;Àðõèâ ¹3 Êàëèíèíãðàä;SR 021 000 00 00;Âîçâðàò ÂÒÓ îòïðàâèòåëþ;-;00;Ðåãèñòðàöèÿ;Óïàêîâêà;600;RUCH
ÎÑÖ Âîðîíåæ;Àðõèâ ¹4 Ñàíêò-Ïåòåðáóðã;SR 021 000 00 00;Âîçâðàò ÂÒÓ îòïðàâèòåëþ;-;00;Ðåãèñòðàöèÿ;Óïàêîâêà;600;RUCH
ÎÑÖ Ìîñêâà;Âíå ïîäðàçäåëåíèé;SR 021 000 00 00;Âîçâðàò ÂÒÓ îòïðàâèòåëþ;-;00;Ðåãèñòðàöèÿ;Óïàêîâêà;600;RUCH
ÎÑÖ Ìîñêâà;Àðõèâ ¹1 Òîìèëèíî;SR 021 000 00 00;Âîçâðàò ÂÒÓ îòïðàâèòåëþ;-;00;Ðåãèñòðàöèÿ;Óïàêîâêà;600;RUCH
ÎÑÖ Íèæíèé Íîâãîðîä;Âíå ïîäðàçäåëåíèé;SR 021 000 00 00;Âîçâðàò ÂÒÓ îòïðàâèòåëþ;-;00;Ðåãèñòðàöèÿ;Óïàêîâêà;600;RUCH
ÎÑÖ Íèæíèé Íîâãîðîä;Àðõèâ ¹1 Íèæíèé Íîâãîðîä;SR 021 000 00 00;Âîçâðàò ÂÒÓ îòïðàâèòåëþ;-;00;Ðåãèñòðàöèÿ;Óïàêîâêà;600;RUCH
ÎÑÖ Íîâîñèáèðñê;Âíå ïîäðàçäåëåíèé;SR 021 000 00 00;Âîçâðàò ÂÒÓ îòïðàâèòåëþ;-;00;Ðåãèñòðàöèÿ;Óïàêîâêà;600;RUCH
ÎÑÖ Íîâîñèáèðñê;Àðõèâ ¹1 Íîâîñèáèðñê;SR 021 000 00 00;Âîçâðàò ÂÒÓ îòïðàâèòåëþ;-;00;Ðåãèñòðàöèÿ;Óïàêîâêà;600;RUCH
ÎÑÖ Ñàìàðà;Âíå ïîäðàçäåëåíèé;SR 021 000 00 00;Âîçâðàò ÂÒÓ îòïðàâèòåëþ;-;00;Ðåãèñòðàöèÿ;Óïàêîâêà;600;RUCH
ÎÑÖ Íîâîñèáèðñê;Àðõèâ ¹3 Åêàòåðèíáóðã;SR 021 000 00 00;Âîçâðàò ÂÒÓ îòïðàâèòåëþ;-;00;Ðåãèñòðàöèÿ;Óïàêîâêà;600;RUCH
ÎÑÖ Ñàìàðà;Àðõèâ ¹1 Ñàìàðà;SR 021 000 00 00;Âîçâðàò ÂÒÓ îòïðàâèòåëþ;-;00;Ðåãèñòðàöèÿ;Óïàêîâêà;600;RUCH
ÎÑÖ Âîðîíåæ;Âíå ïîäðàçäåëåíèé;SR 061 000 00 00;Îáðàáîòêà îáðàùåíèé ïî çàïðîñàì ÂÊ (â òîì ÷èñëå ÑÏÀÑ);-;00;Ðåãèñòðàöèÿ;Îáðàùåíèå;433;RUCH
ÎÑÖ Âîðîíåæ;Àðõèâ ¹1 Âîðîíåæ;SR 061 000 00 00;Îáðàáîòêà îáðàùåíèé ïî çàïðîñàì ÂÊ (â òîì ÷èñëå ÑÏÀÑ);-;00;Ðåãèñòðàöèÿ;Îáðàùåíèå;433;RUCH
ÎÑÖ Âîðîíåæ;Àðõèâ ¹3 Êàëèíèíãðàä;SR 061 000 00 00;Îáðàáîòêà îáðàùåíèé ïî çàïðîñàì ÂÊ (â òîì ÷èñëå ÑÏÀÑ);-;00;Ðåãèñòðàöèÿ;Îáðàùåíèå;433;RUCH
ÎÑÖ Âîðîíåæ;Àðõèâ ¹4 Ñàíêò-Ïåòåðáóðã;SR 061 000 00 00;Îáðàáîòêà îáðàùåíèé ïî çàïðîñàì ÂÊ (â òîì ÷èñëå ÑÏÀÑ);-;00;Ðåãèñòðàöèÿ;Îáðàùåíèå;433;RUCH
ÎÑÖ Ìîñêâà;Âíå ïîäðàçäåëåíèé;SR 061 000 00 00;Îáðàáîòêà îáðàùåíèé ïî çàïðîñàì ÂÊ (â òîì ÷èñëå ÑÏÀÑ);-;00;Ðåãèñòðàöèÿ;Îáðàùåíèå;433;RUCH
ÎÑÖ Ìîñêâà;Àðõèâ ¹1 Òîìèëèíî;SR 061 000 00 00;Îáðàáîòêà îáðàùåíèé ïî çàïðîñàì ÂÊ (â òîì ÷èñëå ÑÏÀÑ);-;00;Ðåãèñòðàöèÿ;Îáðàùåíèå;433;RUCH
ÎÑÖ Íèæíèé Íîâãîðîä;Âíå ïîäðàçäåëåíèé;SR 061 000 00 00;Îáðàáîòêà îáðàùåíèé ïî çàïðîñàì ÂÊ (â òîì ÷èñëå ÑÏÀÑ);-;00;Ðåãèñòðàöèÿ;Îáðàùåíèå;433;RUCH
ÎÑÖ Íèæíèé Íîâãîðîä;Àðõèâ ¹1 Íèæíèé Íîâãîðîä;SR 061 000 00 00;Îáðàáîòêà îáðàùåíèé ïî çàïðîñàì ÂÊ (â òîì ÷èñëå ÑÏÀÑ);-;00;Ðåãèñòðàöèÿ;Îáðàùåíèå;433;RUCH
ÎÑÖ Íîâîñèáèðñê;Âíå ïîäðàçäåëåíèé;SR 061 000 00 00;Îáðàáîòêà îáðàùåíèé ïî çàïðîñàì ÂÊ (â òîì ÷èñëå ÑÏÀÑ);-;00;Ðåãèñòðàöèÿ;Îáðàùåíèå;433;RUCH
ÎÑÖ Íîâîñèáèðñê;Àðõèâ ¹1 Íîâîñèáèðñê;SR 061 000 00 00;Îáðàáîòêà îáðàùåíèé ïî çàïðîñàì ÂÊ (â òîì ÷èñëå ÑÏÀÑ);-;00;Ðåãèñòðàöèÿ;Îáðàùåíèå;433;RUCH
ÎÑÖ Ñàìàðà;Âíå ïîäðàçäåëåíèé;SR 061 000 00 00;Îáðàáîòêà îáðàùåíèé ïî çàïðîñàì ÂÊ (â òîì ÷èñëå ÑÏÀÑ);-;00;Ðåãèñòðàöèÿ;Îáðàùåíèå;433;RUCH
ÎÑÖ Íîâîñèáèðñê;Àðõèâ ¹3 Åêàòåðèíáóðã;SR 061 000 00 00;Îáðàáîòêà îáðàùåíèé ïî çàïðîñàì ÂÊ (â òîì ÷èñëå ÑÏÀÑ);-;00;Ðåãèñòðàöèÿ;Îáðàùåíèå;433;RUCH
ÎÑÖ Ñàìàðà;Àðõèâ ¹1 Ñàìàðà;SR 061 000 00 00;Îáðàáîòêà îáðàùåíèé ïî çàïðîñàì ÂÊ (â òîì ÷èñëå ÑÏÀÑ);-;00;Ðåãèñòðàöèÿ;Îáðàùåíèå;433;RUCH
ÎÑÖ Âîðîíåæ;Âíå ïîäðàçäåëåíèé;SR 318 000 00 00;ÊÎÄ ÞË_Ïðîâåäåíèå êîììóíèêàöèé â äåíü  (ÊÎÄ);-;00;Ðåãèñòðàöèÿ;Êîììóíèêàöèÿ;0;RUCH
ÎÑÖ Âîðîíåæ;Àðõèâ ¹1 Âîðîíåæ;SR 318 000 00 00;ÊÎÄ ÞË_Ïðîâåäåíèå êîììóíèêàöèé â äåíü  (ÊÎÄ);-;00;Ðåãèñòðàöèÿ;Êîììóíèêàöèÿ;404,745;RUCH
ÎÑÖ Âîðîíåæ;Àðõèâ ¹3 Êàëèíèíãðàä;SR 318 000 00 00;ÊÎÄ ÞË_Ïðîâåäåíèå êîììóíèêàöèé â äåíü  (ÊÎÄ);-;00;Ðåãèñòðàöèÿ;Êîììóíèêàöèÿ;0;RUCH
ÎÑÖ Âîðîíåæ;Àðõèâ ¹4 Ñàíêò-Ïåòåðáóðã;SR 318 000 00 00;ÊÎÄ ÞË_Ïðîâåäåíèå êîììóíèêàöèé â äåíü  (ÊÎÄ);-;00;Ðåãèñòðàöèÿ;Êîììóíèêàöèÿ;422,892;RUCH
ÎÑÖ Ìîñêâà;Âíå ïîäðàçäåëåíèé;SR 318 000 00 00;ÊÎÄ ÞË_Ïðîâåäåíèå êîììóíèêàöèé â äåíü  (ÊÎÄ);-;00;Ðåãèñòðàöèÿ;Êîììóíèêàöèÿ;0;RUCH
ÎÑÖ Ìîñêâà;Àðõèâ ¹1 Òîìèëèíî;SR 318 000 00 00;ÊÎÄ ÞË_Ïðîâåäåíèå êîììóíèêàöèé â äåíü  (ÊÎÄ);-;00;Ðåãèñòðàöèÿ;Êîììóíèêàöèÿ;430,1;RUCH
ÎÑÖ Íèæíèé Íîâãîðîä;Âíå ïîäðàçäåëåíèé;SR 318 000 00 00;ÊÎÄ ÞË_Ïðîâåäåíèå êîììóíèêàöèé â äåíü  (ÊÎÄ);-;00;Ðåãèñòðàöèÿ;Êîììóíèêàöèÿ;0;RUCH
ÎÑÖ Íèæíèé Íîâãîðîä;Àðõèâ ¹1 Íèæíèé Íîâãîðîä;SR 318 000 00 00;ÊÎÄ ÞË_Ïðîâåäåíèå êîììóíèêàöèé â äåíü  (ÊÎÄ);-;00;Ðåãèñòðàöèÿ;Êîììóíèêàöèÿ;423,027;RUCH
ÎÑÖ Íîâîñèáèðñê;Âíå ïîäðàçäåëåíèé;SR 318 000 00 00;ÊÎÄ ÞË_Ïðîâåäåíèå êîììóíèêàöèé â äåíü  (ÊÎÄ);-;00;Ðåãèñòðàöèÿ;Êîììóíèêàöèÿ;0;RUCH
ÎÑÖ Íîâîñèáèðñê;Àðõèâ ¹1 Íîâîñèáèðñê;SR 318 000 00 00;ÊÎÄ ÞË_Ïðîâåäåíèå êîììóíèêàöèé â äåíü  (ÊÎÄ);-;00;Ðåãèñòðàöèÿ;Êîììóíèêàöèÿ;420,306;RUCH
ÎÑÖ Ñàìàðà;Âíå ïîäðàçäåëåíèé;SR 318 000 00 00;ÊÎÄ ÞË_Ïðîâåäåíèå êîììóíèêàöèé â äåíü  (ÊÎÄ);-;00;Ðåãèñòðàöèÿ;Êîììóíèêàöèÿ;0;RUCH
ÎÑÖ Íîâîñèáèðñê;Àðõèâ ¹3 Åêàòåðèíáóðã;SR 318 000 00 00;ÊÎÄ ÞË_Ïðîâåäåíèå êîììóíèêàöèé â äåíü  (ÊÎÄ);-;00;Ðåãèñòðàöèÿ;Êîììóíèêàöèÿ;340,133;RUCH
ÎÑÖ Ñàìàðà;Àðõèâ ¹1 Ñàìàðà;SR 318 000 00 00;ÊÎÄ ÞË_Ïðîâåäåíèå êîììóíèêàöèé â äåíü  (ÊÎÄ);-;00;Ðåãèñòðàöèÿ;Êîììóíèêàöèÿ;407,133;RUCH
ÎÑÖ Âîðîíåæ;Âíå ïîäðàçäåëåíèé;SR 115 000 00 00;ÊÎÄ ÞË_Ïðîâåðêà êîìïëåêòíîñòè ïîñòóïèâøèõ îðèãèíàëîâ ÊÎÄ êëèåíòîâ ÊÑÁ ìåíåå 30 ìëí. è ÌÌÁ;-;00;Ðåãèñòðàöèÿ;Äîêóìåíò;175;RUCH
ÎÑÖ Âîðîíåæ;Àðõèâ ¹1 Âîðîíåæ;SR 115 000 00 00;ÊÎÄ ÞË_Ïðîâåðêà êîìïëåêòíîñòè ïîñòóïèâøèõ îðèãèíàëîâ ÊÎÄ êëèåíòîâ ÊÑÁ ìåíåå 30 ìëí. è ÌÌÁ;-;00;Ðåãèñòðàöèÿ;Äîêóìåíò;155;RUCH
ÎÑÖ Âîðîíåæ;Àðõèâ ¹3 Êàëèíèíãðàä;SR 115 000 00 00;ÊÎÄ ÞË_Ïðîâåðêà êîìïëåêòíîñòè ïîñòóïèâøèõ îðèãèíàëîâ ÊÎÄ êëèåíòîâ ÊÑÁ ìåíåå 30 ìëí. è ÌÌÁ;-;00;Ðåãèñòðàöèÿ;Äîêóìåíò;175;RUCH
ÎÑÖ Âîðîíåæ;Àðõèâ ¹4 Ñàíêò-Ïåòåðáóðã;SR 115 000 00 00;ÊÎÄ ÞË_Ïðîâåðêà êîìïëåêòíîñòè ïîñòóïèâøèõ îðèãèíàëîâ ÊÎÄ êëèåíòîâ ÊÑÁ ìåíåå 30 ìëí. è ÌÌÁ;-;00;Ðåãèñòðàöèÿ;Äîêóìåíò;157,37;RUCH
ÎÑÖ Ìîñêâà;Âíå ïîäðàçäåëåíèé;SR 115 000 00 00;ÊÎÄ ÞË_Ïðîâåðêà êîìïëåêòíîñòè ïîñòóïèâøèõ îðèãèíàëîâ ÊÎÄ êëèåíòîâ ÊÑÁ ìåíåå 30 ìëí. è ÌÌÁ;-;00;Ðåãèñòðàöèÿ;Äîêóìåíò;175;RUCH
ÎÑÖ Ìîñêâà;Àðõèâ ¹1 Òîìèëèíî;SR 115 000 00 00;ÊÎÄ ÞË_Ïðîâåðêà êîìïëåêòíîñòè ïîñòóïèâøèõ îðèãèíàëîâ ÊÎÄ êëèåíòîâ ÊÑÁ ìåíåå 30 ìëí. è ÌÌÁ;-;00;Ðåãèñòðàöèÿ;Äîêóìåíò;125,527;RUCH
ÎÑÖ Íèæíèé Íîâãîðîä;Âíå ïîäðàçäåëåíèé;SR 115 000 00 00;ÊÎÄ ÞË_Ïðîâåðêà êîìïëåêòíîñòè ïîñòóïèâøèõ îðèãèíàëîâ ÊÎÄ êëèåíòîâ ÊÑÁ ìåíåå 30 ìëí. è ÌÌÁ;-;00;Ðåãèñòðàöèÿ;Äîêóìåíò;175;RUCH
ÎÑÖ Íèæíèé Íîâãîðîä;Àðõèâ ¹1 Íèæíèé Íîâãîðîä;SR 115 000 00 00;ÊÎÄ ÞË_Ïðîâåðêà êîìïëåêòíîñòè ïîñòóïèâøèõ îðèãèíàëîâ ÊÎÄ êëèåíòîâ ÊÑÁ ìåíåå 30 ìëí. è ÌÌÁ;-;00;Ðåãèñòðàöèÿ;Äîêóìåíò;159,528;RUCH
ÎÑÖ Íîâîñèáèðñê;Âíå ïîäðàçäåëåíèé;SR 115 000 00 00;ÊÎÄ ÞË_Ïðîâåðêà êîìïëåêòíîñòè ïîñòóïèâøèõ îðèãèíàëîâ ÊÎÄ êëèåíòîâ ÊÑÁ ìåíåå 30 ìëí. è ÌÌÁ;-;00;Ðåãèñòðàöèÿ;Äîêóìåíò;175;RUCH
ÎÑÖ Íîâîñèáèðñê;Àðõèâ ¹1 Íîâîñèáèðñê;SR 115 000 00 00;ÊÎÄ ÞË_Ïðîâåðêà êîìïëåêòíîñòè ïîñòóïèâøèõ îðèãèíàëîâ ÊÎÄ êëèåíòîâ ÊÑÁ ìåíåå 30 ìëí. è ÌÌÁ;-;00;Ðåãèñòðàöèÿ;Äîêóìåíò;149,433;RUCH
ÎÑÖ Ñàìàðà;Âíå ïîäðàçäåëåíèé;SR 115 000 00 00;ÊÎÄ ÞË_Ïðîâåðêà êîìïëåêòíîñòè ïîñòóïèâøèõ îðèãèíàëîâ ÊÎÄ êëèåíòîâ ÊÑÁ ìåíåå 30 ìëí. è ÌÌÁ;-;00;Ðåãèñòðàöèÿ;Äîêóìåíò;175;RUCH
ÎÑÖ Íîâîñèáèðñê;Àðõèâ ¹3 Åêàòåðèíáóðã;SR 115 000 00 00;ÊÎÄ ÞË_Ïðîâåðêà êîìïëåêòíîñòè ïîñòóïèâøèõ îðèãèíàëîâ ÊÎÄ êëèåíòîâ ÊÑÁ ìåíåå 30 ìëí. è ÌÌÁ;-;00;Ðåãèñòðàöèÿ;Äîêóìåíò;140,467;RUCH
ÎÑÖ Ñàìàðà;Àðõèâ ¹1 Ñàìàðà;SR 115 000 00 00;ÊÎÄ ÞË_Ïðîâåðêà êîìïëåêòíîñòè ïîñòóïèâøèõ îðèãèíàëîâ ÊÎÄ êëèåíòîâ ÊÑÁ ìåíåå 30 ìëí. è ÌÌÁ;-;00;Ðåãèñòðàöèÿ;Äîêóìåíò;149,354;RUCH
ÎÑÖ Âîðîíåæ;Âíå ïîäðàçäåëåíèé;IA 001 000 00 00;Ðàáîòà ñ îáðàùåíèÿìè;-;00;Íåïðîèçâîäñòâåííûå;Ìèíóòà;60;RUCH
ÎÑÖ Âîðîíåæ;Âíå ïîäðàçäåëåíèé;IA 002 000 00 00;Ðàçðàáîòêà/êîððåêòèðîâêà îò÷åòîâ;-;00;Íåïðîèçâîäñòâåííûå;Ìèíóòà;60;RUCH
ÎÑÖ Âîðîíåæ;Âíå ïîäðàçäåëåíèé;IA 004 000 00 00;Ðàçðàáîòêà/Ñîïðîâîæäåíèå RPA àëãîðèòìîâ;-;00;Íåïðîèçâîäñòâåííûå;Ìèíóòà;60;RUCH
ÎÑÖ Âîðîíåæ;Âíå ïîäðàçäåëåíèé;IA 005 000 00 00;Ðàçðàáîòêà/Ñîïðîâîæäåíèå AFL øàáëîíîâ;-;00;Íåïðîèçâîäñòâåííûå;Ìèíóòà;60;RUCH
ÎÑÖ Âîðîíåæ;Âíå ïîäðàçäåëåíèé;IA 006 000 00 00;Êîììóíèêàöèè;-;00;Íåïðîèçâîäñòâåííûå;Ìèíóòà;60;RUCH
ÎÑÖ Âîðîíåæ;Âíå ïîäðàçäåëåíèé;SR 083 000 00 00;Ïå÷àòü ØÊ ÀÊ/ÔÁ/äîñüå (÷åðåç øàáëîí);-;00;Ðåãèñòðàöèÿ;Çàäàíèå;70;RUCH
ÎÑÖ Âîðîíåæ;Àðõèâ ¹1 Âîðîíåæ;SR 083 000 00 00;Ïå÷àòü ØÊ ÀÊ/ÔÁ/äîñüå (÷åðåç øàáëîí);-;00;Ðåãèñòðàöèÿ;Çàäàíèå;70;RUCH
ÎÑÖ Âîðîíåæ;Àðõèâ ¹3 Êàëèíèíãðàä;SR 083 000 00 00;Ïå÷àòü ØÊ ÀÊ/ÔÁ/äîñüå (÷åðåç øàáëîí);-;00;Ðåãèñòðàöèÿ;Çàäàíèå;70;RUCH
ÎÑÖ Âîðîíåæ;Àðõèâ ¹4 Ñàíêò-Ïåòåðáóðã;SR 083 000 00 00;Ïå÷àòü ØÊ ÀÊ/ÔÁ/äîñüå (÷åðåç øàáëîí);-;00;Ðåãèñòðàöèÿ;Çàäàíèå;70;RUCH
ÎÑÖ Ìîñêâà;Âíå ïîäðàçäåëåíèé;SR 083 000 00 00;Ïå÷àòü ØÊ ÀÊ/ÔÁ/äîñüå (÷åðåç øàáëîí);-;00;Ðåãèñòðàöèÿ;Çàäàíèå;70;RUCH
ÎÑÖ Ìîñêâà;Àðõèâ ¹1 Òîìèëèíî;SR 083 000 00 00;Ïå÷àòü ØÊ ÀÊ/ÔÁ/äîñüå (÷åðåç øàáëîí);-;00;Ðåãèñòðàöèÿ;Çàäàíèå;70;RUCH
ÎÑÖ Íèæíèé Íîâãîðîä;Âíå ïîäðàçäåëåíèé;SR 083 000 00 00;Ïå÷àòü ØÊ ÀÊ/ÔÁ/äîñüå (÷åðåç øàáëîí);-;00;Ðåãèñòðàöèÿ;Çàäàíèå;70;RUCH
ÎÑÖ Íèæíèé Íîâãîðîä;Àðõèâ ¹1 Íèæíèé Íîâãîðîä;SR 083 000 00 00;Ïå÷àòü ØÊ ÀÊ/ÔÁ/äîñüå (÷åðåç øàáëîí);-;00;Ðåãèñòðàöèÿ;Çàäàíèå;70;RUCH
ÎÑÖ Íîâîñèáèðñê;Âíå ïîäðàçäåëåíèé;SR 083 000 00 00;Ïå÷àòü ØÊ ÀÊ/ÔÁ/äîñüå (÷åðåç øàáëîí);-;00;Ðåãèñòðàöèÿ;Çàäàíèå;70;RUCH
ÎÑÖ Íîâîñèáèðñê;Àðõèâ ¹1 Íîâîñèáèðñê;SR 083 000 00 00;Ïå÷àòü ØÊ ÀÊ/ÔÁ/äîñüå (÷åðåç øàáëîí);-;00;Ðåãèñòðàöèÿ;Çàäàíèå;60;RUCH
ÎÑÖ Ñàìàðà;Âíå ïîäðàçäåëåíèé;SR 083 000 00 00;Ïå÷àòü ØÊ ÀÊ/ÔÁ/äîñüå (÷åðåç øàáëîí);-;00;Ðåãèñòðàöèÿ;Çàäàíèå;70;RUCH
ÎÑÖ Íîâîñèáèðñê;Àðõèâ ¹3 Åêàòåðèíáóðã;SR 083 000 00 00;Ïå÷àòü ØÊ ÀÊ/ÔÁ/äîñüå (÷åðåç øàáëîí);-;00;Ðåãèñòðàöèÿ;Çàäàíèå;60;RUCH
ÎÑÖ Ñàìàðà;Àðõèâ ¹1 Ñàìàðà;SR 083 000 00 00;Ïå÷àòü ØÊ ÀÊ/ÔÁ/äîñüå (÷åðåç øàáëîí);-;00;Ðåãèñòðàöèÿ;Çàäàíèå;70;RUCH
ÎÑÖ Âîðîíåæ;Âíå ïîäðàçäåëåíèé;SR 319 000 00 00;Ïðèåì äîêóìåíòîâ îò ÃÎÑÁ/êóðüåðà;-;00;Ðåãèñòðàöèÿ;ÒÓ;0;RUCH
ÎÑÖ Âîðîíåæ;Àðõèâ ¹1 Âîðîíåæ;SR 319 000 00 00;Ïðèåì äîêóìåíòîâ îò ÃÎÑÁ/êóðüåðà;-;00;Ðåãèñòðàöèÿ;ÒÓ;97,888;RUCH
ÎÑÖ Âîðîíåæ;Àðõèâ ¹3 Êàëèíèíãðàä;SR 319 000 00 00;Ïðèåì äîêóìåíòîâ îò ÃÎÑÁ/êóðüåðà;-;00;Ðåãèñòðàöèÿ;ÒÓ;74,814;RUCH
ÎÑÖ Âîðîíåæ;Àðõèâ ¹4 Ñàíêò-Ïåòåðáóðã;SR 319 000 00 00;Ïðèåì äîêóìåíòîâ îò ÃÎÑÁ/êóðüåðà;-;00;Ðåãèñòðàöèÿ;ÒÓ;95,962;RUCH
ÎÑÖ Ìîñêâà;Âíå ïîäðàçäåëåíèé;SR 319 000 00 00;Ïðèåì äîêóìåíòîâ îò ÃÎÑÁ/êóðüåðà;-;00;Ðåãèñòðàöèÿ;ÒÓ;0;RUCH
ÎÑÖ Ìîñêâà;Àðõèâ ¹1 Òîìèëèíî;SR 319 000 00 00;Ïðèåì äîêóìåíòîâ îò ÃÎÑÁ/êóðüåðà;-;00;Ðåãèñòðàöèÿ;ÒÓ;61,536;RUCH
ÎÑÖ Íèæíèé Íîâãîðîä;Âíå ïîäðàçäåëåíèé;SR 319 000 00 00;Ïðèåì äîêóìåíòîâ îò ÃÎÑÁ/êóðüåðà;-;00;Ðåãèñòðàöèÿ;ÒÓ;0;RUCH
ÎÑÖ Íèæíèé Íîâãîðîä;Àðõèâ ¹1 Íèæíèé Íîâãîðîä;SR 319 000 00 00;Ïðèåì äîêóìåíòîâ îò ÃÎÑÁ/êóðüåðà;-;00;Ðåãèñòðàöèÿ;ÒÓ;98,995;RUCH
ÎÑÖ Íîâîñèáèðñê;Âíå ïîäðàçäåëåíèé;SR 319 000 00 00;Ïðèåì äîêóìåíòîâ îò ÃÎÑÁ/êóðüåðà;-;00;Ðåãèñòðàöèÿ;ÒÓ;0;RUCH
ÎÑÖ Íîâîñèáèðñê;Àðõèâ ¹1 Íîâîñèáèðñê;SR 319 000 00 00;Ïðèåì äîêóìåíòîâ îò ÃÎÑÁ/êóðüåðà;-;00;Ðåãèñòðàöèÿ;ÒÓ;72,421;RUCH
ÎÑÖ Ñàìàðà;Âíå ïîäðàçäåëåíèé;SR 319 000 00 00;Ïðèåì äîêóìåíòîâ îò ÃÎÑÁ/êóðüåðà;-;00;Ðåãèñòðàöèÿ;ÒÓ;0;RUCH
ÎÑÖ Íîâîñèáèðñê;Àðõèâ ¹3 Åêàòåðèíáóðã;SR 319 000 00 00;Ïðèåì äîêóìåíòîâ îò ÃÎÑÁ/êóðüåðà;-;00;Ðåãèñòðàöèÿ;ÒÓ;96,737;RUCH
ÎÑÖ Ñàìàðà;Àðõèâ ¹1 Ñàìàðà;SR 319 000 00 00;Ïðèåì äîêóìåíòîâ îò ÃÎÑÁ/êóðüåðà;-;00;Ðåãèñòðàöèÿ;ÒÓ;99,018;RUCH
ÎÑÖ Âîðîíåæ;Âíå ïîäðàçäåëåíèé;SR 105 000 00 00;Ïðèåì ðó÷íîé ÒÍ;-;00;Ðåãèñòðàöèÿ;ÒÍ;38;RUCH
ÎÑÖ Âîðîíåæ;Àðõèâ ¹1 Âîðîíåæ;SR 105 000 00 00;Ïðèåì ðó÷íîé ÒÍ;-;00;Ðåãèñòðàöèÿ;ÒÍ;38;RUCH
ÎÑÖ Âîðîíåæ;Àðõèâ ¹3 Êàëèíèíãðàä;SR 105 000 00 00;Ïðèåì ðó÷íîé ÒÍ;-;00;Ðåãèñòðàöèÿ;ÒÍ;38;RUCH
ÎÑÖ Âîðîíåæ;Àðõèâ ¹4 Ñàíêò-Ïåòåðáóðã;SR 105 000 00 00;Ïðèåì ðó÷íîé ÒÍ;-;00;Ðåãèñòðàöèÿ;ÒÍ;38;RUCH
ÎÑÖ Ìîñêâà;Âíå ïîäðàçäåëåíèé;SR 105 000 00 00;Ïðèåì ðó÷íîé ÒÍ;-;00;Ðåãèñòðàöèÿ;ÒÍ;38;RUCH
ÎÑÖ Ìîñêâà;Àðõèâ ¹1 Òîìèëèíî;SR 105 000 00 00;Ïðèåì ðó÷íîé ÒÍ;-;00;Ðåãèñòðàöèÿ;ÒÍ;38;RUCH
ÎÑÖ Íèæíèé Íîâãîðîä;Âíå ïîäðàçäåëåíèé;SR 105 000 00 00;Ïðèåì ðó÷íîé ÒÍ;-;00;Ðåãèñòðàöèÿ;ÒÍ;38;RUCH
ÎÑÖ Íèæíèé Íîâãîðîä;Àðõèâ ¹1 Íèæíèé Íîâãîðîä;SR 105 000 00 00;Ïðèåì ðó÷íîé ÒÍ;-;00;Ðåãèñòðàöèÿ;ÒÍ;38;RUCH
ÎÑÖ Íîâîñèáèðñê;Âíå ïîäðàçäåëåíèé;SR 105 000 00 00;Ïðèåì ðó÷íîé ÒÍ;-;00;Ðåãèñòðàöèÿ;ÒÍ;38;RUCH
ÎÑÖ Íîâîñèáèðñê;Àðõèâ ¹1 Íîâîñèáèðñê;SR 105 000 00 00;Ïðèåì ðó÷íîé ÒÍ;-;00;Ðåãèñòðàöèÿ;ÒÍ;36;RUCH
ÎÑÖ Ñàìàðà;Âíå ïîäðàçäåëåíèé;SR 105 000 00 00;Ïðèåì ðó÷íîé ÒÍ;-;00;Ðåãèñòðàöèÿ;ÒÍ;38;RUCH
ÎÑÖ Íîâîñèáèðñê;Àðõèâ ¹3 Åêàòåðèíáóðã;SR 105 000 00 00;Ïðèåì ðó÷íîé ÒÍ;-;00;Ðåãèñòðàöèÿ;ÒÍ;36;RUCH
ÎÑÖ Ñàìàðà;Àðõèâ ¹1 Ñàìàðà;SR 105 000 00 00;Ïðèåì ðó÷íîé ÒÍ;-;00;Ðåãèñòðàöèÿ;ÒÍ;38;RUCH
ÎÑÖ Âîðîíåæ;Âíå ïîäðàçäåëåíèé;SR 134 000 00 00;ÊÎÄ ÞË_Ðåãèñòðàöèÿ ïîñòóïèâøèõ Êîìïëåêòîâ äîêóìåíòîâ â Æóðíàëå ðåãèñòðàöèè Êîìïëåêòîâ äîêóìåíòîâ;-;00;Ðåãèñòðàöèÿ;Äîêóìåíò;90;RUCH
ÎÑÖ Âîðîíåæ;Àðõèâ ¹1 Âîðîíåæ;SR 134 000 00 00;ÊÎÄ ÞË_Ðåãèñòðàöèÿ ïîñòóïèâøèõ Êîìïëåêòîâ äîêóìåíòîâ â Æóðíàëå ðåãèñòðàöèè Êîìïëåêòîâ äîêóìåíòîâ;-;00;Ðåãèñòðàöèÿ;Äîêóìåíò;90;RUCH
ÎÑÖ Âîðîíåæ;Àðõèâ ¹3 Êàëèíèíãðàä;SR 134 000 00 00;ÊÎÄ ÞË_Ðåãèñòðàöèÿ ïîñòóïèâøèõ Êîìïëåêòîâ äîêóìåíòîâ â Æóðíàëå ðåãèñòðàöèè Êîìïëåêòîâ äîêóìåíòîâ;-;00;Ðåãèñòðàöèÿ;Äîêóìåíò;90;RUCH
ÎÑÖ Âîðîíåæ;Àðõèâ ¹4 Ñàíêò-Ïåòåðáóðã;SR 134 000 00 00;ÊÎÄ ÞË_Ðåãèñòðàöèÿ ïîñòóïèâøèõ Êîìïëåêòîâ äîêóìåíòîâ â Æóðíàëå ðåãèñòðàöèè Êîìïëåêòîâ äîêóìåíòîâ;-;00;Ðåãèñòðàöèÿ;Äîêóìåíò;90;RUCH
ÎÑÖ Ìîñêâà;Âíå ïîäðàçäåëåíèé;SR 134 000 00 00;ÊÎÄ ÞË_Ðåãèñòðàöèÿ ïîñòóïèâøèõ Êîìïëåêòîâ äîêóìåíòîâ â Æóðíàëå ðåãèñòðàöèè Êîìïëåêòîâ äîêóìåíòîâ;-;00;Ðåãèñòðàöèÿ;Äîêóìåíò;90;RUCH
ÎÑÖ Ìîñêâà;Àðõèâ ¹1 Òîìèëèíî;SR 134 000 00 00;ÊÎÄ ÞË_Ðåãèñòðàöèÿ ïîñòóïèâøèõ Êîìïëåêòîâ äîêóìåíòîâ â Æóðíàëå ðåãèñòðàöèè Êîìïëåêòîâ äîêóìåíòîâ;-;00;Ðåãèñòðàöèÿ;Äîêóìåíò;60;RUCH
ÎÑÖ Íèæíèé Íîâãîðîä;Âíå ïîäðàçäåëåíèé;SR 134 000 00 00;ÊÎÄ ÞË_Ðåãèñòðàöèÿ ïîñòóïèâøèõ Êîìïëåêòîâ äîêóìåíòîâ â Æóðíàëå ðåãèñòðàöèè Êîìïëåêòîâ äîêóìåíòîâ;-;00;Ðåãèñòðàöèÿ;Äîêóìåíò;90;RUCH
ÎÑÖ Íèæíèé Íîâãîðîä;Àðõèâ ¹1 Íèæíèé Íîâãîðîä;SR 134 000 00 00;ÊÎÄ ÞË_Ðåãèñòðàöèÿ ïîñòóïèâøèõ Êîìïëåêòîâ äîêóìåíòîâ â Æóðíàëå ðåãèñòðàöèè Êîìïëåêòîâ äîêóìåíòîâ;-;00;Ðåãèñòðàöèÿ;Äîêóìåíò;90;RUCH
ÎÑÖ Íîâîñèáèðñê;Âíå ïîäðàçäåëåíèé;SR 134 000 00 00;ÊÎÄ ÞË_Ðåãèñòðàöèÿ ïîñòóïèâøèõ Êîìïëåêòîâ äîêóìåíòîâ â Æóðíàëå ðåãèñòðàöèè Êîìïëåêòîâ äîêóìåíòîâ;-;00;Ðåãèñòðàöèÿ;Äîêóìåíò;90;RUCH
ÎÑÖ Íîâîñèáèðñê;Àðõèâ ¹1 Íîâîñèáèðñê;SR 134 000 00 00;ÊÎÄ ÞË_Ðåãèñòðàöèÿ ïîñòóïèâøèõ Êîìïëåêòîâ äîêóìåíòîâ â Æóðíàëå ðåãèñòðàöèè Êîìïëåêòîâ äîêóìåíòîâ;-;00;Ðåãèñòðàöèÿ;Äîêóìåíò;84;RUCH
ÎÑÖ Ñàìàðà;Âíå ïîäðàçäåëåíèé;SR 134 000 00 00;ÊÎÄ ÞË_Ðåãèñòðàöèÿ ïîñòóïèâøèõ Êîìïëåêòîâ äîêóìåíòîâ â Æóðíàëå ðåãèñòðàöèè Êîìïëåêòîâ äîêóìåíòîâ;-;00;Ðåãèñòðàöèÿ;Äîêóìåíò;90;RUCH
ÎÑÖ Íîâîñèáèðñê;Àðõèâ ¹3 Åêàòåðèíáóðã;SR 134 000 00 00;ÊÎÄ ÞË_Ðåãèñòðàöèÿ ïîñòóïèâøèõ Êîìïëåêòîâ äîêóìåíòîâ â Æóðíàëå ðåãèñòðàöèè Êîìïëåêòîâ äîêóìåíòîâ;-;00;Ðåãèñòðàöèÿ;Äîêóìåíò;84;RUCH
ÎÑÖ Ñàìàðà;Àðõèâ ¹1 Ñàìàðà;SR 134 000 00 00;ÊÎÄ ÞË_Ðåãèñòðàöèÿ ïîñòóïèâøèõ Êîìïëåêòîâ äîêóìåíòîâ â Æóðíàëå ðåãèñòðàöèè Êîìïëåêòîâ äîêóìåíòîâ;-;00;Ðåãèñòðàöèÿ;Äîêóìåíò;84;RUCH
ÎÑÖ Âîðîíåæ;Âíå ïîäðàçäåëåíèé;SR 138 000 00 00;Ðó÷íàÿ ñâåðêà ïîñòóïèâøèõ äîêóìåíòîâ ñ àêòîì ïðèåìà-ïåðåäà÷è;-;00;Ðåãèñòðàöèÿ;Äîñüå;13;RUCH
ÎÑÖ Âîðîíåæ;Àðõèâ ¹1 Âîðîíåæ;SR 138 000 00 00;Ðó÷íàÿ ñâåðêà ïîñòóïèâøèõ äîêóìåíòîâ ñ àêòîì ïðèåìà-ïåðåäà÷è;-;00;Ðåãèñòðàöèÿ;Äîñüå;13;RUCH
ÎÑÖ Âîðîíåæ;Àðõèâ ¹3 Êàëèíèíãðàä;SR 138 000 00 00;Ðó÷íàÿ ñâåðêà ïîñòóïèâøèõ äîêóìåíòîâ ñ àêòîì ïðèåìà-ïåðåäà÷è;-;00;Ðåãèñòðàöèÿ;Äîñüå;13;RUCH
ÎÑÖ Âîðîíåæ;Àðõèâ ¹4 Ñàíêò-Ïåòåðáóðã;SR 138 000 00 00;Ðó÷íàÿ ñâåðêà ïîñòóïèâøèõ äîêóìåíòîâ ñ àêòîì ïðèåìà-ïåðåäà÷è;-;00;Ðåãèñòðàöèÿ;Äîñüå;13;RUCH
ÎÑÖ Ìîñêâà;Âíå ïîäðàçäåëåíèé;SR 138 000 00 00;Ðó÷íàÿ ñâåðêà ïîñòóïèâøèõ äîêóìåíòîâ ñ àêòîì ïðèåìà-ïåðåäà÷è;-;00;Ðåãèñòðàöèÿ;Äîñüå;13;RUCH
ÎÑÖ Ìîñêâà;Àðõèâ ¹1 Òîìèëèíî;SR 138 000 00 00;Ðó÷íàÿ ñâåðêà ïîñòóïèâøèõ äîêóìåíòîâ ñ àêòîì ïðèåìà-ïåðåäà÷è;-;00;Ðåãèñòðàöèÿ;Äîñüå;13;RUCH
ÎÑÖ Íèæíèé Íîâãîðîä;Âíå ïîäðàçäåëåíèé;SR 138 000 00 00;Ðó÷íàÿ ñâåðêà ïîñòóïèâøèõ äîêóìåíòîâ ñ àêòîì ïðèåìà-ïåðåäà÷è;-;00;Ðåãèñòðàöèÿ;Äîñüå;13;RUCH
ÎÑÖ Íèæíèé Íîâãîðîä;Àðõèâ ¹1 Íèæíèé Íîâãîðîä;SR 138 000 00 00;Ðó÷íàÿ ñâåðêà ïîñòóïèâøèõ äîêóìåíòîâ ñ àêòîì ïðèåìà-ïåðåäà÷è;-;00;Ðåãèñòðàöèÿ;Äîñüå;13;RUCH
ÎÑÖ Íîâîñèáèðñê;Âíå ïîäðàçäåëåíèé;SR 138 000 00 00;Ðó÷íàÿ ñâåðêà ïîñòóïèâøèõ äîêóìåíòîâ ñ àêòîì ïðèåìà-ïåðåäà÷è;-;00;Ðåãèñòðàöèÿ;Äîñüå;13;RUCH
ÎÑÖ Íîâîñèáèðñê;Àðõèâ ¹1 Íîâîñèáèðñê;SR 138 000 00 00;Ðó÷íàÿ ñâåðêà ïîñòóïèâøèõ äîêóìåíòîâ ñ àêòîì ïðèåìà-ïåðåäà÷è;-;00;Ðåãèñòðàöèÿ;Äîñüå;10;RUCH
ÎÑÖ Ñàìàðà;Âíå ïîäðàçäåëåíèé;SR 138 000 00 00;Ðó÷íàÿ ñâåðêà ïîñòóïèâøèõ äîêóìåíòîâ ñ àêòîì ïðèåìà-ïåðåäà÷è;-;00;Ðåãèñòðàöèÿ;Äîñüå;13;RUCH
ÎÑÖ Íîâîñèáèðñê;Àðõèâ ¹3 Åêàòåðèíáóðã;SR 138 000 00 00;Ðó÷íàÿ ñâåðêà ïîñòóïèâøèõ äîêóìåíòîâ ñ àêòîì ïðèåìà-ïåðåäà÷è;-;00;Ðåãèñòðàöèÿ;Äîñüå;10;RUCH
ÎÑÖ Ñàìàðà;Àðõèâ ¹1 Ñàìàðà;SR 138 000 00 00;Ðó÷íàÿ ñâåðêà ïîñòóïèâøèõ äîêóìåíòîâ ñ àêòîì ïðèåìà-ïåðåäà÷è;-;00;Ðåãèñòðàöèÿ;Äîñüå;13;RUCH
ÎÑÖ Âîðîíåæ;Âíå ïîäðàçäåëåíèé;SR 160 000 00 00;Ñîñòàâëåíèå íàêëàäíîé íà êîðîáà ê âûâîçó;-;00;Ðåãèñòðàöèÿ;Íàêëàäíàÿ;180;RUCH
ÎÑÖ Âîðîíåæ;Àðõèâ ¹1 Âîðîíåæ;SR 160 000 00 00;Ñîñòàâëåíèå íàêëàäíîé íà êîðîáà ê âûâîçó;-;00;Ðåãèñòðàöèÿ;Íàêëàäíàÿ;180;RUCH
ÎÑÖ Âîðîíåæ;Àðõèâ ¹3 Êàëèíèíãðàä;SR 160 000 00 00;Ñîñòàâëåíèå íàêëàäíîé íà êîðîáà ê âûâîçó;-;00;Ðåãèñòðàöèÿ;Íàêëàäíàÿ;180;RUCH
ÎÑÖ Âîðîíåæ;Àðõèâ ¹4 Ñàíêò-Ïåòåðáóðã;SR 160 000 00 00;Ñîñòàâëåíèå íàêëàäíîé íà êîðîáà ê âûâîçó;-;00;Ðåãèñòðàöèÿ;Íàêëàäíàÿ;180;RUCH
ÎÑÖ Ìîñêâà;Âíå ïîäðàçäåëåíèé;SR 160 000 00 00;Ñîñòàâëåíèå íàêëàäíîé íà êîðîáà ê âûâîçó;-;00;Ðåãèñòðàöèÿ;Íàêëàäíàÿ;180;RUCH
ÎÑÖ Ìîñêâà;Àðõèâ ¹1 Òîìèëèíî;SR 160 000 00 00;Ñîñòàâëåíèå íàêëàäíîé íà êîðîáà ê âûâîçó;-;00;Ðåãèñòðàöèÿ;Íàêëàäíàÿ;180;RUCH
ÎÑÖ Íèæíèé Íîâãîðîä;Âíå ïîäðàçäåëåíèé;SR 160 000 00 00;Ñîñòàâëåíèå íàêëàäíîé íà êîðîáà ê âûâîçó;-;00;Ðåãèñòðàöèÿ;Íàêëàäíàÿ;180;RUCH
ÎÑÖ Íèæíèé Íîâãîðîä;Àðõèâ ¹1 Íèæíèé Íîâãîðîä;SR 160 000 00 00;Ñîñòàâëåíèå íàêëàäíîé íà êîðîáà ê âûâîçó;-;00;Ðåãèñòðàöèÿ;Íàêëàäíàÿ;180;RUCH
ÎÑÖ Íîâîñèáèðñê;Âíå ïîäðàçäåëåíèé;SR 160 000 00 00;Ñîñòàâëåíèå íàêëàäíîé íà êîðîáà ê âûâîçó;-;00;Ðåãèñòðàöèÿ;Íàêëàäíàÿ;180;RUCH
ÎÑÖ Íîâîñèáèðñê;Àðõèâ ¹1 Íîâîñèáèðñê;SR 160 000 00 00;Ñîñòàâëåíèå íàêëàäíîé íà êîðîáà ê âûâîçó;-;00;Ðåãèñòðàöèÿ;Íàêëàäíàÿ;180;RUCH
ÎÑÖ Ñàìàðà;Âíå ïîäðàçäåëåíèé;SR 160 000 00 00;Ñîñòàâëåíèå íàêëàäíîé íà êîðîáà ê âûâîçó;-;00;Ðåãèñòðàöèÿ;Íàêëàäíàÿ;180;RUCH
ÎÑÖ Íîâîñèáèðñê;Àðõèâ ¹3 Åêàòåðèíáóðã;SR 160 000 00 00;Ñîñòàâëåíèå íàêëàäíîé íà êîðîáà ê âûâîçó;-;00;Ðåãèñòðàöèÿ;Íàêëàäíàÿ;180;RUCH
ÎÑÖ Ñàìàðà;Àðõèâ ¹1 Ñàìàðà;SR 160 000 00 00;Ñîñòàâëåíèå íàêëàäíîé íà êîðîáà ê âûâîçó;-;00;Ðåãèñòðàöèÿ;Íàêëàäíàÿ;180;RUCH
ÎÑÖ Âîðîíåæ;Âíå ïîäðàçäåëåíèé;SR 165 000 00 00;ÊÎÄ ÞË_Ñîñòàâëåíèå îò÷åòà ïî ïëàíîâûì ïîñòóïëåíèÿì ïî ÊÑÁ è ÌÌÁ è îòïðàâêà èíôîðìàöèè áèçíåñó (ÊÎÄ);-;00;Ðåãèñòðàöèÿ;Îò÷¸ò;1620;RUCH
ÎÑÖ Âîðîíåæ;Àðõèâ ¹1 Âîðîíåæ;SR 165 000 00 00;ÊÎÄ ÞË_Ñîñòàâëåíèå îò÷åòà ïî ïëàíîâûì ïîñòóïëåíèÿì ïî ÊÑÁ è ÌÌÁ è îòïðàâêà èíôîðìàöèè áèçíåñó (ÊÎÄ);-;00;Ðåãèñòðàöèÿ;Îò÷¸ò;1620;RUCH
ÎÑÖ Âîðîíåæ;Àðõèâ ¹3 Êàëèíèíãðàä;SR 165 000 00 00;ÊÎÄ ÞË_Ñîñòàâëåíèå îò÷åòà ïî ïëàíîâûì ïîñòóïëåíèÿì ïî ÊÑÁ è ÌÌÁ è îòïðàâêà èíôîðìàöèè áèçíåñó (ÊÎÄ);-;00;Ðåãèñòðàöèÿ;Îò÷¸ò;1620;RUCH
ÎÑÖ Âîðîíåæ;Àðõèâ ¹4 Ñàíêò-Ïåòåðáóðã;SR 165 000 00 00;ÊÎÄ ÞË_Ñîñòàâëåíèå îò÷åòà ïî ïëàíîâûì ïîñòóïëåíèÿì ïî ÊÑÁ è ÌÌÁ è îòïðàâêà èíôîðìàöèè áèçíåñó (ÊÎÄ);-;00;Ðåãèñòðàöèÿ;Îò÷¸ò;1620;RUCH
ÎÑÖ Ìîñêâà;Âíå ïîäðàçäåëåíèé;SR 165 000 00 00;ÊÎÄ ÞË_Ñîñòàâëåíèå îò÷åòà ïî ïëàíîâûì ïîñòóïëåíèÿì ïî ÊÑÁ è ÌÌÁ è îòïðàâêà èíôîðìàöèè áèçíåñó (ÊÎÄ);-;00;Ðåãèñòðàöèÿ;Îò÷¸ò;1620;RUCH
ÎÑÖ Ìîñêâà;Àðõèâ ¹1 Òîìèëèíî;SR 165 000 00 00;ÊÎÄ ÞË_Ñîñòàâëåíèå îò÷åòà ïî ïëàíîâûì ïîñòóïëåíèÿì ïî ÊÑÁ è ÌÌÁ è îòïðàâêà èíôîðìàöèè áèçíåñó (ÊÎÄ);-;00;Ðåãèñòðàöèÿ;Îò÷¸ò;1500;RUCH
ÎÑÖ Íèæíèé Íîâãîðîä;Âíå ïîäðàçäåëåíèé;SR 165 000 00 00;ÊÎÄ ÞË_Ñîñòàâëåíèå îò÷åòà ïî ïëàíîâûì ïîñòóïëåíèÿì ïî ÊÑÁ è ÌÌÁ è îòïðàâêà èíôîðìàöèè áèçíåñó (ÊÎÄ);-;00;Ðåãèñòðàöèÿ;Îò÷¸ò;1620;RUCH
ÎÑÖ Íèæíèé Íîâãîðîä;Àðõèâ ¹1 Íèæíèé Íîâãîðîä;SR 165 000 00 00;ÊÎÄ ÞË_Ñîñòàâëåíèå îò÷åòà ïî ïëàíîâûì ïîñòóïëåíèÿì ïî ÊÑÁ è ÌÌÁ è îòïðàâêà èíôîðìàöèè áèçíåñó (ÊÎÄ);-;00;Ðåãèñòðàöèÿ;Îò÷¸ò;1620;RUCH
ÎÑÖ Íîâîñèáèðñê;Âíå ïîäðàçäåëåíèé;SR 165 000 00 00;ÊÎÄ ÞË_Ñîñòàâëåíèå îò÷åòà ïî ïëàíîâûì ïîñòóïëåíèÿì ïî ÊÑÁ è ÌÌÁ è îòïðàâêà èíôîðìàöèè áèçíåñó (ÊÎÄ);-;00;Ðåãèñòðàöèÿ;Îò÷¸ò;1620;RUCH
ÎÑÖ Íîâîñèáèðñê;Àðõèâ ¹1 Íîâîñèáèðñê;SR 165 000 00 00;ÊÎÄ ÞË_Ñîñòàâëåíèå îò÷åòà ïî ïëàíîâûì ïîñòóïëåíèÿì ïî ÊÑÁ è ÌÌÁ è îòïðàâêà èíôîðìàöèè áèçíåñó (ÊÎÄ);-;00;Ðåãèñòðàöèÿ;Îò÷¸ò;1620;RUCH
ÎÑÖ Ñàìàðà;Âíå ïîäðàçäåëåíèé;SR 165 000 00 00;ÊÎÄ ÞË_Ñîñòàâëåíèå îò÷åòà ïî ïëàíîâûì ïîñòóïëåíèÿì ïî ÊÑÁ è ÌÌÁ è îòïðàâêà èíôîðìàöèè áèçíåñó (ÊÎÄ);-;00;Ðåãèñòðàöèÿ;Îò÷¸ò;1620;RUCH
ÎÑÖ Íîâîñèáèðñê;Àðõèâ ¹3 Åêàòåðèíáóðã;SR 165 000 00 00;ÊÎÄ ÞË_Ñîñòàâëåíèå îò÷åòà ïî ïëàíîâûì ïîñòóïëåíèÿì ïî ÊÑÁ è ÌÌÁ è îòïðàâêà èíôîðìàöèè áèçíåñó (ÊÎÄ);-;00;Ðåãèñòðàöèÿ;Îò÷¸ò;1620;RUCH
ÎÑÖ Ñàìàðà;Àðõèâ ¹1 Ñàìàðà;SR 165 000 00 00;ÊÎÄ ÞË_Ñîñòàâëåíèå îò÷åòà ïî ïëàíîâûì ïîñòóïëåíèÿì ïî ÊÑÁ è ÌÌÁ è îòïðàâêà èíôîðìàöèè áèçíåñó (ÊÎÄ);-;00;Ðåãèñòðàöèÿ;Îò÷¸ò;1620;RUCH
ÎÑÖ Âîðîíåæ;Âíå ïîäðàçäåëåíèé;SR 171 000 00 00;Ôîðìèðîâàíèå àêòà îá îòñóòñòâèè ÒÅ/ðååñòðà â ñîñòàâå ÒÍ/Ôîðìèðîâàíèå àêòà îá îòñóòñòâèè ðååñòðà â ñîñòàâå ÒÅ/Ñêàíèðîâàíèå àêòà îá îòñóòñòâèè ÒÅ/ðååñòðà â ñîñòàâå ÒÍ/ÒÅ;-;00;Ðåãèñòðàöèÿ;Àêò;120;RUCH
ÎÑÖ Âîðîíåæ;Àðõèâ ¹1 Âîðîíåæ;SR 171 000 00 00;Ôîðìèðîâàíèå àêòà îá îòñóòñòâèè ÒÅ/ðååñòðà â ñîñòàâå ÒÍ/Ôîðìèðîâàíèå àêòà îá îòñóòñòâèè ðååñòðà â ñîñòàâå ÒÅ/Ñêàíèðîâàíèå àêòà îá îòñóòñòâèè ÒÅ/ðååñòðà â ñîñòàâå ÒÍ/ÒÅ;-;00;Ðåãèñòðàöèÿ;Àêò;120;RUCH
ÎÑÖ Âîðîíåæ;Àðõèâ ¹3 Êàëèíèíãðàä;SR 171 000 00 00;Ôîðìèðîâàíèå àêòà îá îòñóòñòâèè ÒÅ/ðååñòðà â ñîñòàâå ÒÍ/Ôîðìèðîâàíèå àêòà îá îòñóòñòâèè ðååñòðà â ñîñòàâå ÒÅ/Ñêàíèðîâàíèå àêòà îá îòñóòñòâèè ÒÅ/ðååñòðà â ñîñòàâå ÒÍ/ÒÅ;-;00;Ðåãèñòðàöèÿ;Àêò;120;RUCH
ÎÑÖ Âîðîíåæ;Àðõèâ ¹4 Ñàíêò-Ïåòåðáóðã;SR 171 000 00 00;Ôîðìèðîâàíèå àêòà îá îòñóòñòâèè ÒÅ/ðååñòðà â ñîñòàâå ÒÍ/Ôîðìèðîâàíèå àêòà îá îòñóòñòâèè ðååñòðà â ñîñòàâå ÒÅ/Ñêàíèðîâàíèå àêòà îá îòñóòñòâèè ÒÅ/ðååñòðà â ñîñòàâå ÒÍ/ÒÅ;-;00;Ðåãèñòðàöèÿ;Àêò;120;RUCH
ÎÑÖ Ìîñêâà;Âíå ïîäðàçäåëåíèé;SR 171 000 00 00;Ôîðìèðîâàíèå àêòà îá îòñóòñòâèè ÒÅ/ðååñòðà â ñîñòàâå ÒÍ/Ôîðìèðîâàíèå àêòà îá îòñóòñòâèè ðååñòðà â ñîñòàâå ÒÅ/Ñêàíèðîâàíèå àêòà îá îòñóòñòâèè ÒÅ/ðååñòðà â ñîñòàâå ÒÍ/ÒÅ;-;00;Ðåãèñòðàöèÿ;Àêò;120;RUCH
ÎÑÖ Ìîñêâà;Àðõèâ ¹1 Òîìèëèíî;SR 171 000 00 00;Ôîðìèðîâàíèå àêòà îá îòñóòñòâèè ÒÅ/ðååñòðà â ñîñòàâå ÒÍ/Ôîðìèðîâàíèå àêòà îá îòñóòñòâèè ðååñòðà â ñîñòàâå ÒÅ/Ñêàíèðîâàíèå àêòà îá îòñóòñòâèè ÒÅ/ðååñòðà â ñîñòàâå ÒÍ/ÒÅ;-;00;Ðåãèñòðàöèÿ;Àêò;120;RUCH
ÎÑÖ Íèæíèé Íîâãîðîä;Âíå ïîäðàçäåëåíèé;SR 171 000 00 00;Ôîðìèðîâàíèå àêòà îá îòñóòñòâèè ÒÅ/ðååñòðà â ñîñòàâå ÒÍ/Ôîðìèðîâàíèå àêòà îá îòñóòñòâèè ðååñòðà â ñîñòàâå ÒÅ/Ñêàíèðîâàíèå àêòà îá îòñóòñòâèè ÒÅ/ðååñòðà â ñîñòàâå ÒÍ/ÒÅ;-;00;Ðåãèñòðàöèÿ;Àêò;120;RUCH
ÎÑÖ Íèæíèé Íîâãîðîä;Àðõèâ ¹1 Íèæíèé Íîâãîðîä;SR 171 000 00 00;Ôîðìèðîâàíèå àêòà îá îòñóòñòâèè ÒÅ/ðååñòðà â ñîñòàâå ÒÍ/Ôîðìèðîâàíèå àêòà îá îòñóòñòâèè ðååñòðà â ñîñòàâå ÒÅ/Ñêàíèðîâàíèå àêòà îá îòñóòñòâèè ÒÅ/ðååñòðà â ñîñòàâå ÒÍ/ÒÅ;-;00;Ðåãèñòðàöèÿ;Àêò;120;RUCH
ÎÑÖ Íîâîñèáèðñê;Âíå ïîäðàçäåëåíèé;SR 171 000 00 00;Ôîðìèðîâàíèå àêòà îá îòñóòñòâèè ÒÅ/ðååñòðà â ñîñòàâå ÒÍ/Ôîðìèðîâàíèå àêòà îá îòñóòñòâèè ðååñòðà â ñîñòàâå ÒÅ/Ñêàíèðîâàíèå àêòà îá îòñóòñòâèè ÒÅ/ðååñòðà â ñîñòàâå ÒÍ/ÒÅ;-;00;Ðåãèñòðàöèÿ;Àêò;120;RUCH
ÎÑÖ Íîâîñèáèðñê;Àðõèâ ¹1 Íîâîñèáèðñê;SR 171 000 00 00;Ôîðìèðîâàíèå àêòà îá îòñóòñòâèè ÒÅ/ðååñòðà â ñîñòàâå ÒÍ/Ôîðìèðîâàíèå àêòà îá îòñóòñòâèè ðååñòðà â ñîñòàâå ÒÅ/Ñêàíèðîâàíèå àêòà îá îòñóòñòâèè ÒÅ/ðååñòðà â ñîñòàâå ÒÍ/ÒÅ;-;00;Ðåãèñòðàöèÿ;Àêò;120;RUCH
ÎÑÖ Ñàìàðà;Âíå ïîäðàçäåëåíèé;SR 171 000 00 00;Ôîðìèðîâàíèå àêòà îá îòñóòñòâèè ÒÅ/ðååñòðà â ñîñòàâå ÒÍ/Ôîðìèðîâàíèå àêòà îá îòñóòñòâèè ðååñòðà â ñîñòàâå ÒÅ/Ñêàíèðîâàíèå àêòà îá îòñóòñòâèè ÒÅ/ðååñòðà â ñîñòàâå ÒÍ/ÒÅ;-;00;Ðåãèñòðàöèÿ;Àêò;120;RUCH
ÎÑÖ Íîâîñèáèðñê;Àðõèâ ¹3 Åêàòåðèíáóðã;SR 171 000 00 00;Ôîðìèðîâàíèå àêòà îá îòñóòñòâèè ÒÅ/ðååñòðà â ñîñòàâå ÒÍ/Ôîðìèðîâàíèå àêòà îá îòñóòñòâèè ðååñòðà â ñîñòàâå ÒÅ/Ñêàíèðîâàíèå àêòà îá îòñóòñòâèè ÒÅ/ðååñòðà â ñîñòàâå ÒÍ/ÒÅ;-;00;Ðåãèñòðàöèÿ;Àêò;120;RUCH
ÎÑÖ Ñàìàðà;Àðõèâ ¹1 Ñàìàðà;SR 171 000 00 00;Ôîðìèðîâàíèå àêòà îá îòñóòñòâèè ÒÅ/ðååñòðà â ñîñòàâå ÒÍ/Ôîðìèðîâàíèå àêòà îá îòñóòñòâèè ðååñòðà â ñîñòàâå ÒÅ/Ñêàíèðîâàíèå àêòà îá îòñóòñòâèè ÒÅ/ðååñòðà â ñîñòàâå ÒÍ/ÒÅ;-;00;Ðåãèñòðàöèÿ;Àêò;120;RUCH
ÎÑÖ Âîðîíåæ;Âíå ïîäðàçäåëåíèé;SR 175 000 00 00;ÊÎÄ ÞË_Ôîðìèðîâàíèå æóðíàëà ÊÎÄ âûâåðêà çàãðóæåííîé èíôîðìàöèè íà äóáëè óäàëåíèå äîêóìåíòîâ èç æóðíàëà (êîïèè â äîãîâîðàõ);-;00;Ðåãèñòðàöèÿ;Äîêóìåíò;26;RUCH
ÎÑÖ Âîðîíåæ;Àðõèâ ¹1 Âîðîíåæ;SR 175 000 00 00;ÊÎÄ ÞË_Ôîðìèðîâàíèå æóðíàëà ÊÎÄ âûâåðêà çàãðóæåííîé èíôîðìàöèè íà äóáëè óäàëåíèå äîêóìåíòîâ èç æóðíàëà (êîïèè â äîãîâîðàõ);-;00;Ðåãèñòðàöèÿ;Äîêóìåíò;24,8;RUCH
ÎÑÖ Âîðîíåæ;Àðõèâ ¹3 Êàëèíèíãðàä;SR 175 000 00 00;ÊÎÄ ÞË_Ôîðìèðîâàíèå æóðíàëà ÊÎÄ âûâåðêà çàãðóæåííîé èíôîðìàöèè íà äóáëè óäàëåíèå äîêóìåíòîâ èç æóðíàëà (êîïèè â äîãîâîðàõ);-;00;Ðåãèñòðàöèÿ;Äîêóìåíò;26;RUCH
ÎÑÖ Âîðîíåæ;Àðõèâ ¹4 Ñàíêò-Ïåòåðáóðã;SR 175 000 00 00;ÊÎÄ ÞË_Ôîðìèðîâàíèå æóðíàëà ÊÎÄ âûâåðêà çàãðóæåííîé èíôîðìàöèè íà äóáëè óäàëåíèå äîêóìåíòîâ èç æóðíàëà (êîïèè â äîãîâîðàõ);-;00;Ðåãèñòðàöèÿ;Äîêóìåíò;18,651;RUCH
ÎÑÖ Ìîñêâà;Âíå ïîäðàçäåëåíèé;SR 175 000 00 00;ÊÎÄ ÞË_Ôîðìèðîâàíèå æóðíàëà ÊÎÄ âûâåðêà çàãðóæåííîé èíôîðìàöèè íà äóáëè óäàëåíèå äîêóìåíòîâ èç æóðíàëà (êîïèè â äîãîâîðàõ);-;00;Ðåãèñòðàöèÿ;Äîêóìåíò;26;RUCH
ÎÑÖ Ìîñêâà;Àðõèâ ¹1 Òîìèëèíî;SR 175 000 00 00;ÊÎÄ ÞË_Ôîðìèðîâàíèå æóðíàëà ÊÎÄ âûâåðêà çàãðóæåííîé èíôîðìàöèè íà äóáëè óäàëåíèå äîêóìåíòîâ èç æóðíàëà (êîïèè â äîãîâîðàõ);-;00;Ðåãèñòðàöèÿ;Äîêóìåíò;19,907;RUCH
ÎÑÖ Íèæíèé Íîâãîðîä;Âíå ïîäðàçäåëåíèé;SR 175 000 00 00;ÊÎÄ ÞË_Ôîðìèðîâàíèå æóðíàëà ÊÎÄ âûâåðêà çàãðóæåííîé èíôîðìàöèè íà äóáëè óäàëåíèå äîêóìåíòîâ èç æóðíàëà (êîïèè â äîãîâîðàõ);-;00;Ðåãèñòðàöèÿ;Äîêóìåíò;26;RUCH
ÎÑÖ Íèæíèé Íîâãîðîä;Àðõèâ ¹1 Íèæíèé Íîâãîðîä;SR 175 000 00 00;ÊÎÄ ÞË_Ôîðìèðîâàíèå æóðíàëà ÊÎÄ âûâåðêà çàãðóæåííîé èíôîðìàöèè íà äóáëè óäàëåíèå äîêóìåíòîâ èç æóðíàëà (êîïèè â äîãîâîðàõ);-;00;Ðåãèñòðàöèÿ;Äîêóìåíò;24,86;RUCH
ÎÑÖ Íîâîñèáèðñê;Âíå ïîäðàçäåëåíèé;SR 175 000 00 00;ÊÎÄ ÞË_Ôîðìèðîâàíèå æóðíàëà ÊÎÄ âûâåðêà çàãðóæåííîé èíôîðìàöèè íà äóáëè óäàëåíèå äîêóìåíòîâ èç æóðíàëà (êîïèè â äîãîâîðàõ);-;00;Ðåãèñòðàöèÿ;Äîêóìåíò;26;RUCH
ÎÑÖ Íîâîñèáèðñê;Àðõèâ ¹1 Íîâîñèáèðñê;SR 175 000 00 00;ÊÎÄ ÞË_Ôîðìèðîâàíèå æóðíàëà ÊÎÄ âûâåðêà çàãðóæåííîé èíôîðìàöèè íà äóáëè óäàëåíèå äîêóìåíòîâ èç æóðíàëà (êîïèè â äîãîâîðàõ);-;00;Ðåãèñòðàöèÿ;Äîêóìåíò;24,633;RUCH
ÎÑÖ Ñàìàðà;Âíå ïîäðàçäåëåíèé;SR 175 000 00 00;ÊÎÄ ÞË_Ôîðìèðîâàíèå æóðíàëà ÊÎÄ âûâåðêà çàãðóæåííîé èíôîðìàöèè íà äóáëè óäàëåíèå äîêóìåíòîâ èç æóðíàëà (êîïèè â äîãîâîðàõ);-;00;Ðåãèñòðàöèÿ;Äîêóìåíò;26;RUCH
ÎÑÖ Íîâîñèáèðñê;Àðõèâ ¹3 Åêàòåðèíáóðã;SR 175 000 00 00;ÊÎÄ ÞË_Ôîðìèðîâàíèå æóðíàëà ÊÎÄ âûâåðêà çàãðóæåííîé èíôîðìàöèè íà äóáëè óäàëåíèå äîêóìåíòîâ èç æóðíàëà (êîïèè â äîãîâîðàõ);-;00;Ðåãèñòðàöèÿ;Äîêóìåíò;23,775;RUCH
ÎÑÖ Ñàìàðà;Àðõèâ ¹1 Ñàìàðà;SR 175 000 00 00;ÊÎÄ ÞË_Ôîðìèðîâàíèå æóðíàëà ÊÎÄ âûâåðêà çàãðóæåííîé èíôîðìàöèè íà äóáëè óäàëåíèå äîêóìåíòîâ èç æóðíàëà (êîïèè â äîãîâîðàõ);-;00;Ðåãèñòðàöèÿ;Äîêóìåíò;18,302;RUCH
ÎÑÖ Âîðîíåæ;Âíå ïîäðàçäåëåíèé;SR 179 000 00 00;ÊÎÄ ÞË_Ôîðìèðîâàíèå è íàïðàâëåíèå ñîîáùåíèÿ ÂÊ î âûÿâëåííîì ôàêòå íàðóøåíèÿ;-;00;Ðåãèñòðàöèÿ;Ñîîáùåíèå;840;RUCH
ÎÑÖ Âîðîíåæ;Àðõèâ ¹1 Âîðîíåæ;SR 179 000 00 00;ÊÎÄ ÞË_Ôîðìèðîâàíèå è íàïðàâëåíèå ñîîáùåíèÿ ÂÊ î âûÿâëåííîì ôàêòå íàðóøåíèÿ;-;00;Ðåãèñòðàöèÿ;Ñîîáùåíèå;840;RUCH
ÎÑÖ Âîðîíåæ;Àðõèâ ¹3 Êàëèíèíãðàä;SR 179 000 00 00;ÊÎÄ ÞË_Ôîðìèðîâàíèå è íàïðàâëåíèå ñîîáùåíèÿ ÂÊ î âûÿâëåííîì ôàêòå íàðóøåíèÿ;-;00;Ðåãèñòðàöèÿ;Ñîîáùåíèå;840;RUCH
ÎÑÖ Âîðîíåæ;Àðõèâ ¹4 Ñàíêò-Ïåòåðáóðã;SR 179 000 00 00;ÊÎÄ ÞË_Ôîðìèðîâàíèå è íàïðàâëåíèå ñîîáùåíèÿ ÂÊ î âûÿâëåííîì ôàêòå íàðóøåíèÿ;-;00;Ðåãèñòðàöèÿ;Ñîîáùåíèå;840;RUCH
ÎÑÖ Ìîñêâà;Âíå ïîäðàçäåëåíèé;SR 179 000 00 00;ÊÎÄ ÞË_Ôîðìèðîâàíèå è íàïðàâëåíèå ñîîáùåíèÿ ÂÊ î âûÿâëåííîì ôàêòå íàðóøåíèÿ;-;00;Ðåãèñòðàöèÿ;Ñîîáùåíèå;840;RUCH
ÎÑÖ Ìîñêâà;Àðõèâ ¹1 Òîìèëèíî;SR 179 000 00 00;ÊÎÄ ÞË_Ôîðìèðîâàíèå è íàïðàâëåíèå ñîîáùåíèÿ ÂÊ î âûÿâëåííîì ôàêòå íàðóøåíèÿ;-;00;Ðåãèñòðàöèÿ;Ñîîáùåíèå;840;RUCH
ÎÑÖ Íèæíèé Íîâãîðîä;Âíå ïîäðàçäåëåíèé;SR 179 000 00 00;ÊÎÄ ÞË_Ôîðìèðîâàíèå è íàïðàâëåíèå ñîîáùåíèÿ ÂÊ î âûÿâëåííîì ôàêòå íàðóøåíèÿ;-;00;Ðåãèñòðàöèÿ;Ñîîáùåíèå;840;RUCH
ÎÑÖ Íèæíèé Íîâãîðîä;Àðõèâ ¹1 Íèæíèé Íîâãîðîä;SR 179 000 00 00;ÊÎÄ ÞË_Ôîðìèðîâàíèå è íàïðàâëåíèå ñîîáùåíèÿ ÂÊ î âûÿâëåííîì ôàêòå íàðóøåíèÿ;-;00;Ðåãèñòðàöèÿ;Ñîîáùåíèå;840;RUCH
ÎÑÖ Íîâîñèáèðñê;Âíå ïîäðàçäåëåíèé;SR 179 000 00 00;ÊÎÄ ÞË_Ôîðìèðîâàíèå è íàïðàâëåíèå ñîîáùåíèÿ ÂÊ î âûÿâëåííîì ôàêòå íàðóøåíèÿ;-;00;Ðåãèñòðàöèÿ;Ñîîáùåíèå;840;RUCH
ÎÑÖ Íîâîñèáèðñê;Àðõèâ ¹1 Íîâîñèáèðñê;SR 179 000 00 00;ÊÎÄ ÞË_Ôîðìèðîâàíèå è íàïðàâëåíèå ñîîáùåíèÿ ÂÊ î âûÿâëåííîì ôàêòå íàðóøåíèÿ;-;00;Ðåãèñòðàöèÿ;Ñîîáùåíèå;840;RUCH
ÎÑÖ Ñàìàðà;Âíå ïîäðàçäåëåíèé;SR 179 000 00 00;ÊÎÄ ÞË_Ôîðìèðîâàíèå è íàïðàâëåíèå ñîîáùåíèÿ ÂÊ î âûÿâëåííîì ôàêòå íàðóøåíèÿ;-;00;Ðåãèñòðàöèÿ;Ñîîáùåíèå;840;RUCH
ÎÑÖ Íîâîñèáèðñê;Àðõèâ ¹3 Åêàòåðèíáóðã;SR 179 000 00 00;ÊÎÄ ÞË_Ôîðìèðîâàíèå è íàïðàâëåíèå ñîîáùåíèÿ ÂÊ î âûÿâëåííîì ôàêòå íàðóøåíèÿ;-;00;Ðåãèñòðàöèÿ;Ñîîáùåíèå;840;RUCH
ÎÑÖ Ñàìàðà;Àðõèâ ¹1 Ñàìàðà;SR 179 000 00 00;ÊÎÄ ÞË_Ôîðìèðîâàíèå è íàïðàâëåíèå ñîîáùåíèÿ ÂÊ î âûÿâëåííîì ôàêòå íàðóøåíèÿ;-;00;Ðåãèñòðàöèÿ;Ñîîáùåíèå;840;RUCH
ÎÑÖ Âîðîíåæ;Âíå ïîäðàçäåëåíèé;SR 180 000 00 00;ÊÎÄ ÞË_Ôîðìèðîâàíèå êîïèé äîêóìåíòîâ/ñêàíêîïèé (ÊÎÄ);-;00;Ðåãèñòðàöèÿ;Äîêóìåíò;120;RUCH
ÎÑÖ Âîðîíåæ;Àðõèâ ¹1 Âîðîíåæ;SR 180 000 00 00;ÊÎÄ ÞË_Ôîðìèðîâàíèå êîïèé äîêóìåíòîâ/ñêàíêîïèé (ÊÎÄ);-;00;Ðåãèñòðàöèÿ;Äîêóìåíò;120;RUCH
ÎÑÖ Âîðîíåæ;Àðõèâ ¹3 Êàëèíèíãðàä;SR 180 000 00 00;ÊÎÄ ÞË_Ôîðìèðîâàíèå êîïèé äîêóìåíòîâ/ñêàíêîïèé (ÊÎÄ);-;00;Ðåãèñòðàöèÿ;Äîêóìåíò;120;RUCH
ÎÑÖ Âîðîíåæ;Àðõèâ ¹4 Ñàíêò-Ïåòåðáóðã;SR 180 000 00 00;ÊÎÄ ÞË_Ôîðìèðîâàíèå êîïèé äîêóìåíòîâ/ñêàíêîïèé (ÊÎÄ);-;00;Ðåãèñòðàöèÿ;Äîêóìåíò;120;RUCH
ÎÑÖ Ìîñêâà;Âíå ïîäðàçäåëåíèé;SR 180 000 00 00;ÊÎÄ ÞË_Ôîðìèðîâàíèå êîïèé äîêóìåíòîâ/ñêàíêîïèé (ÊÎÄ);-;00;Ðåãèñòðàöèÿ;Äîêóìåíò;120;RUCH
ÎÑÖ Ìîñêâà;Àðõèâ ¹1 Òîìèëèíî;SR 180 000 00 00;ÊÎÄ ÞË_Ôîðìèðîâàíèå êîïèé äîêóìåíòîâ/ñêàíêîïèé (ÊÎÄ);-;00;Ðåãèñòðàöèÿ;Äîêóìåíò;120;RUCH
ÎÑÖ Íèæíèé Íîâãîðîä;Âíå ïîäðàçäåëåíèé;SR 180 000 00 00;ÊÎÄ ÞË_Ôîðìèðîâàíèå êîïèé äîêóìåíòîâ/ñêàíêîïèé (ÊÎÄ);-;00;Ðåãèñòðàöèÿ;Äîêóìåíò;120;RUCH
ÎÑÖ Íèæíèé Íîâãîðîä;Àðõèâ ¹1 Íèæíèé Íîâãîðîä;SR 180 000 00 00;ÊÎÄ ÞË_Ôîðìèðîâàíèå êîïèé äîêóìåíòîâ/ñêàíêîïèé (ÊÎÄ);-;00;Ðåãèñòðàöèÿ;Äîêóìåíò;120;RUCH
ÎÑÖ Íîâîñèáèðñê;Âíå ïîäðàçäåëåíèé;SR 180 000 00 00;ÊÎÄ ÞË_Ôîðìèðîâàíèå êîïèé äîêóìåíòîâ/ñêàíêîïèé (ÊÎÄ);-;00;Ðåãèñòðàöèÿ;Äîêóìåíò;120;RUCH
ÎÑÖ Íîâîñèáèðñê;Àðõèâ ¹1 Íîâîñèáèðñê;SR 180 000 00 00;ÊÎÄ ÞË_Ôîðìèðîâàíèå êîïèé äîêóìåíòîâ/ñêàíêîïèé (ÊÎÄ);-;00;Ðåãèñòðàöèÿ;Äîêóìåíò;120;RUCH
ÎÑÖ Ñàìàðà;Âíå ïîäðàçäåëåíèé;SR 180 000 00 00;ÊÎÄ ÞË_Ôîðìèðîâàíèå êîïèé äîêóìåíòîâ/ñêàíêîïèé (ÊÎÄ);-;00;Ðåãèñòðàöèÿ;Äîêóìåíò;120;RUCH
ÎÑÖ Íîâîñèáèðñê;Àðõèâ ¹3 Åêàòåðèíáóðã;SR 180 000 00 00;ÊÎÄ ÞË_Ôîðìèðîâàíèå êîïèé äîêóìåíòîâ/ñêàíêîïèé (ÊÎÄ);-;00;Ðåãèñòðàöèÿ;Äîêóìåíò;120;RUCH
ÎÑÖ Ñàìàðà;Àðõèâ ¹1 Ñàìàðà;SR 180 000 00 00;ÊÎÄ ÞË_Ôîðìèðîâàíèå êîïèé äîêóìåíòîâ/ñêàíêîïèé (ÊÎÄ);-;00;Ðåãèñòðàöèÿ;Äîêóìåíò;120;RUCH
ÎÑÖ Âîðîíåæ;Âíå ïîäðàçäåëåíèé;SR 194 000 00 00;ÊÎÄ ÞË_Ôîðìèðîâàíèå ñïèñêà äîêóìåíòîâ ÊÎÄ ïîäëåæàùèõ âåðèôèêàöèè/ïðîâåðêå;-;00;Ðåãèñòðàöèÿ;Äîêóìåíò;4;RUCH
ÎÑÖ Âîðîíåæ;Àðõèâ ¹1 Âîðîíåæ;SR 194 000 00 00;ÊÎÄ ÞË_Ôîðìèðîâàíèå ñïèñêà äîêóìåíòîâ ÊÎÄ ïîäëåæàùèõ âåðèôèêàöèè/ïðîâåðêå;-;00;Ðåãèñòðàöèÿ;Äîêóìåíò;4;RUCH
ÎÑÖ Âîðîíåæ;Àðõèâ ¹3 Êàëèíèíãðàä;SR 194 000 00 00;ÊÎÄ ÞË_Ôîðìèðîâàíèå ñïèñêà äîêóìåíòîâ ÊÎÄ ïîäëåæàùèõ âåðèôèêàöèè/ïðîâåðêå;-;00;Ðåãèñòðàöèÿ;Äîêóìåíò;4;RUCH
ÎÑÖ Âîðîíåæ;Àðõèâ ¹4 Ñàíêò-Ïåòåðáóðã;SR 194 000 00 00;ÊÎÄ ÞË_Ôîðìèðîâàíèå ñïèñêà äîêóìåíòîâ ÊÎÄ ïîäëåæàùèõ âåðèôèêàöèè/ïðîâåðêå;-;00;Ðåãèñòðàöèÿ;Äîêóìåíò;4;RUCH
ÎÑÖ Ìîñêâà;Âíå ïîäðàçäåëåíèé;SR 194 000 00 00;ÊÎÄ ÞË_Ôîðìèðîâàíèå ñïèñêà äîêóìåíòîâ ÊÎÄ ïîäëåæàùèõ âåðèôèêàöèè/ïðîâåðêå;-;00;Ðåãèñòðàöèÿ;Äîêóìåíò;4;RUCH
ÎÑÖ Ìîñêâà;Àðõèâ ¹1 Òîìèëèíî;SR 194 000 00 00;ÊÎÄ ÞË_Ôîðìèðîâàíèå ñïèñêà äîêóìåíòîâ ÊÎÄ ïîäëåæàùèõ âåðèôèêàöèè/ïðîâåðêå;-;00;Ðåãèñòðàöèÿ;Äîêóìåíò;4;RUCH
ÎÑÖ Íèæíèé Íîâãîðîä;Âíå ïîäðàçäåëåíèé;SR 194 000 00 00;ÊÎÄ ÞË_Ôîðìèðîâàíèå ñïèñêà äîêóìåíòîâ ÊÎÄ ïîäëåæàùèõ âåðèôèêàöèè/ïðîâåðêå;-;00;Ðåãèñòðàöèÿ;Äîêóìåíò;4;RUCH
ÎÑÖ Íèæíèé Íîâãîðîä;Àðõèâ ¹1 Íèæíèé Íîâãîðîä;SR 194 000 00 00;ÊÎÄ ÞË_Ôîðìèðîâàíèå ñïèñêà äîêóìåíòîâ ÊÎÄ ïîäëåæàùèõ âåðèôèêàöèè/ïðîâåðêå;-;00;Ðåãèñòðàöèÿ;Äîêóìåíò;4;RUCH
ÎÑÖ Íîâîñèáèðñê;Âíå ïîäðàçäåëåíèé;SR 194 000 00 00;ÊÎÄ ÞË_Ôîðìèðîâàíèå ñïèñêà äîêóìåíòîâ ÊÎÄ ïîäëåæàùèõ âåðèôèêàöèè/ïðîâåðêå;-;00;Ðåãèñòðàöèÿ;Äîêóìåíò;4;RUCH
ÎÑÖ Íîâîñèáèðñê;Àðõèâ ¹1 Íîâîñèáèðñê;SR 194 000 00 00;ÊÎÄ ÞË_Ôîðìèðîâàíèå ñïèñêà äîêóìåíòîâ ÊÎÄ ïîäëåæàùèõ âåðèôèêàöèè/ïðîâåðêå;-;00;Ðåãèñòðàöèÿ;Äîêóìåíò;4;RUCH
ÎÑÖ Ñàìàðà;Âíå ïîäðàçäåëåíèé;SR 194 000 00 00;ÊÎÄ ÞË_Ôîðìèðîâàíèå ñïèñêà äîêóìåíòîâ ÊÎÄ ïîäëåæàùèõ âåðèôèêàöèè/ïðîâåðêå;-;00;Ðåãèñòðàöèÿ;Äîêóìåíò;4;RUCH
ÎÑÖ Íîâîñèáèðñê;Àðõèâ ¹3 Åêàòåðèíáóðã;SR 194 000 00 00;ÊÎÄ ÞË_Ôîðìèðîâàíèå ñïèñêà äîêóìåíòîâ ÊÎÄ ïîäëåæàùèõ âåðèôèêàöèè/ïðîâåðêå;-;00;Ðåãèñòðàöèÿ;Äîêóìåíò;4;RUCH
ÎÑÖ Ñàìàðà;Àðõèâ ¹1 Ñàìàðà;SR 194 000 00 00;ÊÎÄ ÞË_Ôîðìèðîâàíèå ñïèñêà äîêóìåíòîâ ÊÎÄ ïîäëåæàùèõ âåðèôèêàöèè/ïðîâåðêå;-;00;Ðåãèñòðàöèÿ;Äîêóìåíò;4;RUCH
ÎÑÖ Âîðîíåæ;Âíå ïîäðàçäåëåíèé;SR 317 000 00 00;ÊÎÄ ÞË_Êîíòðîëüíûå ïðîöåäóðû (ÊÎÄ);-;00;Ðåãèñòðàöèÿ;äîêóìåíò;0;RUCH
ÎÑÖ Âîðîíåæ;Àðõèâ ¹1 Âîðîíåæ;SR 317 000 00 00;ÊÎÄ ÞË_Êîíòðîëüíûå ïðîöåäóðû (ÊÎÄ);-;00;Ðåãèñòðàöèÿ;äîêóìåíò;21,163;RUCH
ÎÑÖ Âîðîíåæ;Àðõèâ ¹3 Êàëèíèíãðàä;SR 317 000 00 00;ÊÎÄ ÞË_Êîíòðîëüíûå ïðîöåäóðû (ÊÎÄ);-;00;Ðåãèñòðàöèÿ;äîêóìåíò;0;RUCH
ÎÑÖ Âîðîíåæ;Àðõèâ ¹4 Ñàíêò-Ïåòåðáóðã;SR 317 000 00 00;ÊÎÄ ÞË_Êîíòðîëüíûå ïðîöåäóðû (ÊÎÄ);-;00;Ðåãèñòðàöèÿ;äîêóìåíò;16,628;RUCH
ÎÑÖ Ìîñêâà;Âíå ïîäðàçäåëåíèé;SR 317 000 00 00;ÊÎÄ ÞË_Êîíòðîëüíûå ïðîöåäóðû (ÊÎÄ);-;00;Ðåãèñòðàöèÿ;äîêóìåíò;0;RUCH
ÎÑÖ Ìîñêâà;Àðõèâ ¹1 Òîìèëèíî;SR 317 000 00 00;ÊÎÄ ÞË_Êîíòðîëüíûå ïðîöåäóðû (ÊÎÄ);-;00;Ðåãèñòðàöèÿ;äîêóìåíò;18,236;RUCH
ÎÑÖ Íèæíèé Íîâãîðîä;Âíå ïîäðàçäåëåíèé;SR 317 000 00 00;ÊÎÄ ÞË_Êîíòðîëüíûå ïðîöåäóðû (ÊÎÄ);-;00;Ðåãèñòðàöèÿ;äîêóìåíò;0;RUCH
ÎÑÖ Íèæíèé Íîâãîðîä;Àðõèâ ¹1 Íèæíèé Íîâãîðîä;SR 317 000 00 00;ÊÎÄ ÞË_Êîíòðîëüíûå ïðîöåäóðû (ÊÎÄ);-;00;Ðåãèñòðàöèÿ;äîêóìåíò;17,252;RUCH
ÎÑÖ Íîâîñèáèðñê;Âíå ïîäðàçäåëåíèé;SR 317 000 00 00;ÊÎÄ ÞË_Êîíòðîëüíûå ïðîöåäóðû (ÊÎÄ);-;00;Ðåãèñòðàöèÿ;äîêóìåíò;0;RUCH
ÎÑÖ Íîâîñèáèðñê;Àðõèâ ¹1 Íîâîñèáèðñê;SR 317 000 00 00;ÊÎÄ ÞË_Êîíòðîëüíûå ïðîöåäóðû (ÊÎÄ);-;00;Ðåãèñòðàöèÿ;äîêóìåíò;20,997;RUCH
ÎÑÖ Ñàìàðà;Âíå ïîäðàçäåëåíèé;SR 317 000 00 00;ÊÎÄ ÞË_Êîíòðîëüíûå ïðîöåäóðû (ÊÎÄ);-;00;Ðåãèñòðàöèÿ;äîêóìåíò;0;RUCH
ÎÑÖ Íîâîñèáèðñê;Àðõèâ ¹3 Åêàòåðèíáóðã;SR 317 000 00 00;ÊÎÄ ÞË_Êîíòðîëüíûå ïðîöåäóðû (ÊÎÄ);-;00;Ðåãèñòðàöèÿ;äîêóìåíò;18,138;RUCH
ÎÑÖ Ñàìàðà;Àðõèâ ¹1 Ñàìàðà;SR 317 000 00 00;ÊÎÄ ÞË_Êîíòðîëüíûå ïðîöåäóðû (ÊÎÄ);-;00;Ðåãèñòðàöèÿ;äîêóìåíò;17,185;RUCH
ÎÑÖ Âîðîíåæ;Âíå ïîäðàçäåëåíèé;SR 202 000 00 00;ÄÂÀ_Ðàáîòà ïî îáðàùåíèÿì ÑÑÏ/ÂÑÏ â ÅÑÎ;-;00;Ðåãèñòðàöèÿ;Îáðàùåíèå;331;RUCH
ÎÑÖ Âîðîíåæ;Àðõèâ ¹1 Âîðîíåæ;SR 202 000 00 00;ÄÂÀ_Ðàáîòà ïî îáðàùåíèÿì ÑÑÏ/ÂÑÏ â ÅÑÎ;-;00;Ðåãèñòðàöèÿ;Îáðàùåíèå;331;RUCH
ÎÑÖ Âîðîíåæ;Àðõèâ ¹3 Êàëèíèíãðàä;SR 202 000 00 00;ÄÂÀ_Ðàáîòà ïî îáðàùåíèÿì ÑÑÏ/ÂÑÏ â ÅÑÎ;-;00;Ðåãèñòðàöèÿ;Îáðàùåíèå;331;RUCH
ÎÑÖ Âîðîíåæ;Àðõèâ ¹4 Ñàíêò-Ïåòåðáóðã;SR 202 000 00 00;ÄÂÀ_Ðàáîòà ïî îáðàùåíèÿì ÑÑÏ/ÂÑÏ â ÅÑÎ;-;00;Ðåãèñòðàöèÿ;Îáðàùåíèå;331;RUCH
ÎÑÖ Ìîñêâà;Âíå ïîäðàçäåëåíèé;SR 202 000 00 00;ÄÂÀ_Ðàáîòà ïî îáðàùåíèÿì ÑÑÏ/ÂÑÏ â ÅÑÎ;-;00;Ðåãèñòðàöèÿ;Îáðàùåíèå;331;RUCH
ÎÑÖ Ìîñêâà;Àðõèâ ¹1 Òîìèëèíî;SR 202 000 00 00;ÄÂÀ_Ðàáîòà ïî îáðàùåíèÿì ÑÑÏ/ÂÑÏ â ÅÑÎ;-;00;Ðåãèñòðàöèÿ;Îáðàùåíèå;331;RUCH
ÎÑÖ Íèæíèé Íîâãîðîä;Âíå ïîäðàçäåëåíèé;SR 202 000 00 00;ÄÂÀ_Ðàáîòà ïî îáðàùåíèÿì ÑÑÏ/ÂÑÏ â ÅÑÎ;-;00;Ðåãèñòðàöèÿ;Îáðàùåíèå;331;RUCH
ÎÑÖ Íèæíèé Íîâãîðîä;Àðõèâ ¹1 Íèæíèé Íîâãîðîä;SR 202 000 00 00;ÄÂÀ_Ðàáîòà ïî îáðàùåíèÿì ÑÑÏ/ÂÑÏ â ÅÑÎ;-;00;Ðåãèñòðàöèÿ;Îáðàùåíèå;331;RUCH
ÎÑÖ Íîâîñèáèðñê;Âíå ïîäðàçäåëåíèé;SR 202 000 00 00;ÄÂÀ_Ðàáîòà ïî îáðàùåíèÿì ÑÑÏ/ÂÑÏ â ÅÑÎ;-;00;Ðåãèñòðàöèÿ;Îáðàùåíèå;331;RUCH
ÎÑÖ Íîâîñèáèðñê;Àðõèâ ¹1 Íîâîñèáèðñê;SR 202 000 00 00;ÄÂÀ_Ðàáîòà ïî îáðàùåíèÿì ÑÑÏ/ÂÑÏ â ÅÑÎ;-;00;Ðåãèñòðàöèÿ;Îáðàùåíèå;240;RUCH
ÎÑÖ Ñàìàðà;Âíå ïîäðàçäåëåíèé;SR 202 000 00 00;ÄÂÀ_Ðàáîòà ïî îáðàùåíèÿì ÑÑÏ/ÂÑÏ â ÅÑÎ;-;00;Ðåãèñòðàöèÿ;Îáðàùåíèå;331;RUCH
ÎÑÖ Íîâîñèáèðñê;Àðõèâ ¹3 Åêàòåðèíáóðã;SR 202 000 00 00;ÄÂÀ_Ðàáîòà ïî îáðàùåíèÿì ÑÑÏ/ÂÑÏ â ÅÑÎ;-;00;Ðåãèñòðàöèÿ;Îáðàùåíèå;240;RUCH
ÎÑÖ Ñàìàðà;Àðõèâ ¹1 Ñàìàðà;SR 202 000 00 00;ÄÂÀ_Ðàáîòà ïî îáðàùåíèÿì ÑÑÏ/ÂÑÏ â ÅÑÎ;-;00;Ðåãèñòðàöèÿ;Îáðàùåíèå;300;RUCH
ÎÑÖ Âîðîíåæ;Âíå ïîäðàçäåëåíèé;SR 212 000 00 00;ÄÂÀ_Îïðåäåëåíèå ÑÑÏ/ÂÑÏ - âëàäåëüöà äîêóìåíòîâ è/èëè ïðàâîïðååìíèêà;-;00;Ðåãèñòðàöèÿ;Ïîäðàçäåëåíèå;80;RUCH
ÎÑÖ Âîðîíåæ;Àðõèâ ¹1 Âîðîíåæ;SR 212 000 00 00;ÄÂÀ_Îïðåäåëåíèå ÑÑÏ/ÂÑÏ - âëàäåëüöà äîêóìåíòîâ è/èëè ïðàâîïðååìíèêà;-;00;Ðåãèñòðàöèÿ;Ïîäðàçäåëåíèå;80;RUCH
ÎÑÖ Âîðîíåæ;Àðõèâ ¹3 Êàëèíèíãðàä;SR 212 000 00 00;ÄÂÀ_Îïðåäåëåíèå ÑÑÏ/ÂÑÏ - âëàäåëüöà äîêóìåíòîâ è/èëè ïðàâîïðååìíèêà;-;00;Ðåãèñòðàöèÿ;Ïîäðàçäåëåíèå;80;RUCH
ÎÑÖ Âîðîíåæ;Àðõèâ ¹4 Ñàíêò-Ïåòåðáóðã;SR 212 000 00 00;ÄÂÀ_Îïðåäåëåíèå ÑÑÏ/ÂÑÏ - âëàäåëüöà äîêóìåíòîâ è/èëè ïðàâîïðååìíèêà;-;00;Ðåãèñòðàöèÿ;Ïîäðàçäåëåíèå;80;RUCH
ÎÑÖ Ìîñêâà;Âíå ïîäðàçäåëåíèé;SR 212 000 00 00;ÄÂÀ_Îïðåäåëåíèå ÑÑÏ/ÂÑÏ - âëàäåëüöà äîêóìåíòîâ è/èëè ïðàâîïðååìíèêà;-;00;Ðåãèñòðàöèÿ;Ïîäðàçäåëåíèå;80;RUCH
ÎÑÖ Ìîñêâà;Àðõèâ ¹1 Òîìèëèíî;SR 212 000 00 00;ÄÂÀ_Îïðåäåëåíèå ÑÑÏ/ÂÑÏ - âëàäåëüöà äîêóìåíòîâ è/èëè ïðàâîïðååìíèêà;-;00;Ðåãèñòðàöèÿ;Ïîäðàçäåëåíèå;40;RUCH
ÎÑÖ Íèæíèé Íîâãîðîä;Âíå ïîäðàçäåëåíèé;SR 212 000 00 00;ÄÂÀ_Îïðåäåëåíèå ÑÑÏ/ÂÑÏ - âëàäåëüöà äîêóìåíòîâ è/èëè ïðàâîïðååìíèêà;-;00;Ðåãèñòðàöèÿ;Ïîäðàçäåëåíèå;80;RUCH
ÎÑÖ Íèæíèé Íîâãîðîä;Àðõèâ ¹1 Íèæíèé Íîâãîðîä;SR 212 000 00 00;ÄÂÀ_Îïðåäåëåíèå ÑÑÏ/ÂÑÏ - âëàäåëüöà äîêóìåíòîâ è/èëè ïðàâîïðååìíèêà;-;00;Ðåãèñòðàöèÿ;Ïîäðàçäåëåíèå;80;RUCH
ÎÑÖ Íîâîñèáèðñê;Âíå ïîäðàçäåëåíèé;SR 212 000 00 00;ÄÂÀ_Îïðåäåëåíèå ÑÑÏ/ÂÑÏ - âëàäåëüöà äîêóìåíòîâ è/èëè ïðàâîïðååìíèêà;-;00;Ðåãèñòðàöèÿ;Ïîäðàçäåëåíèå;80;RUCH
ÎÑÖ Íîâîñèáèðñê;Àðõèâ ¹1 Íîâîñèáèðñê;SR 212 000 00 00;ÄÂÀ_Îïðåäåëåíèå ÑÑÏ/ÂÑÏ - âëàäåëüöà äîêóìåíòîâ è/èëè ïðàâîïðååìíèêà;-;00;Ðåãèñòðàöèÿ;Ïîäðàçäåëåíèå;80;RUCH
ÎÑÖ Ñàìàðà;Âíå ïîäðàçäåëåíèé;SR 212 000 00 00;ÄÂÀ_Îïðåäåëåíèå ÑÑÏ/ÂÑÏ - âëàäåëüöà äîêóìåíòîâ è/èëè ïðàâîïðååìíèêà;-;00;Ðåãèñòðàöèÿ;Ïîäðàçäåëåíèå;80;RUCH
ÎÑÖ Íîâîñèáèðñê;Àðõèâ ¹3 Åêàòåðèíáóðã;SR 212 000 00 00;ÄÂÀ_Îïðåäåëåíèå ÑÑÏ/ÂÑÏ - âëàäåëüöà äîêóìåíòîâ è/èëè ïðàâîïðååìíèêà;-;00;Ðåãèñòðàöèÿ;Ïîäðàçäåëåíèå;80;RUCH
ÎÑÖ Ñàìàðà;Àðõèâ ¹1 Ñàìàðà;SR 212 000 00 00;ÄÂÀ_Îïðåäåëåíèå ÑÑÏ/ÂÑÏ - âëàäåëüöà äîêóìåíòîâ è/èëè ïðàâîïðååìíèêà;-;00;Ðåãèñòðàöèÿ;Ïîäðàçäåëåíèå;80;RUCH
ÎÑÖ Âîðîíåæ;Âíå ïîäðàçäåëåíèé;SR 218 000 00 00;ÄÂÀ_Ïåðåäà÷à äîêóìåíòîâ äëÿ îðãàíèçàöèè èõ ôèçè÷åñêîãî óíè÷òîæåíèÿ;-;00;Ðåãèñòðàöèÿ;Ðåéñ;28800;RUCH
ÎÑÖ Âîðîíåæ;Àðõèâ ¹1 Âîðîíåæ;SR 218 000 00 00;ÄÂÀ_Ïåðåäà÷à äîêóìåíòîâ äëÿ îðãàíèçàöèè èõ ôèçè÷åñêîãî óíè÷òîæåíèÿ;-;00;Ðåãèñòðàöèÿ;Ðåéñ;28800;RUCH
ÎÑÖ Âîðîíåæ;Àðõèâ ¹3 Êàëèíèíãðàä;SR 218 000 00 00;ÄÂÀ_Ïåðåäà÷à äîêóìåíòîâ äëÿ îðãàíèçàöèè èõ ôèçè÷åñêîãî óíè÷òîæåíèÿ;-;00;Ðåãèñòðàöèÿ;Ðåéñ;28800;RUCH
ÎÑÖ Âîðîíåæ;Àðõèâ ¹4 Ñàíêò-Ïåòåðáóðã;SR 218 000 00 00;ÄÂÀ_Ïåðåäà÷à äîêóìåíòîâ äëÿ îðãàíèçàöèè èõ ôèçè÷åñêîãî óíè÷òîæåíèÿ;-;00;Ðåãèñòðàöèÿ;Ðåéñ;28800;RUCH
ÎÑÖ Ìîñêâà;Âíå ïîäðàçäåëåíèé;SR 218 000 00 00;ÄÂÀ_Ïåðåäà÷à äîêóìåíòîâ äëÿ îðãàíèçàöèè èõ ôèçè÷åñêîãî óíè÷òîæåíèÿ;-;00;Ðåãèñòðàöèÿ;Ðåéñ;28800;RUCH
ÎÑÖ Ìîñêâà;Àðõèâ ¹1 Òîìèëèíî;SR 218 000 00 00;ÄÂÀ_Ïåðåäà÷à äîêóìåíòîâ äëÿ îðãàíèçàöèè èõ ôèçè÷åñêîãî óíè÷òîæåíèÿ;-;00;Ðåãèñòðàöèÿ;Ðåéñ;28800;RUCH
ÎÑÖ Íèæíèé Íîâãîðîä;Âíå ïîäðàçäåëåíèé;SR 218 000 00 00;ÄÂÀ_Ïåðåäà÷à äîêóìåíòîâ äëÿ îðãàíèçàöèè èõ ôèçè÷åñêîãî óíè÷òîæåíèÿ;-;00;Ðåãèñòðàöèÿ;Ðåéñ;28800;RUCH
ÎÑÖ Íèæíèé Íîâãîðîä;Àðõèâ ¹1 Íèæíèé Íîâãîðîä;SR 218 000 00 00;ÄÂÀ_Ïåðåäà÷à äîêóìåíòîâ äëÿ îðãàíèçàöèè èõ ôèçè÷åñêîãî óíè÷òîæåíèÿ;-;00;Ðåãèñòðàöèÿ;Ðåéñ;28800;RUCH
ÎÑÖ Íîâîñèáèðñê;Âíå ïîäðàçäåëåíèé;SR 218 000 00 00;ÄÂÀ_Ïåðåäà÷à äîêóìåíòîâ äëÿ îðãàíèçàöèè èõ ôèçè÷åñêîãî óíè÷òîæåíèÿ;-;00;Ðåãèñòðàöèÿ;Ðåéñ;28800;RUCH
ÎÑÖ Íîâîñèáèðñê;Àðõèâ ¹1 Íîâîñèáèðñê;SR 218 000 00 00;ÄÂÀ_Ïåðåäà÷à äîêóìåíòîâ äëÿ îðãàíèçàöèè èõ ôèçè÷åñêîãî óíè÷òîæåíèÿ;-;00;Ðåãèñòðàöèÿ;Ðåéñ;28800;RUCH
ÎÑÖ Ñàìàðà;Âíå ïîäðàçäåëåíèé;SR 218 000 00 00;ÄÂÀ_Ïåðåäà÷à äîêóìåíòîâ äëÿ îðãàíèçàöèè èõ ôèçè÷åñêîãî óíè÷òîæåíèÿ;-;00;Ðåãèñòðàöèÿ;Ðåéñ;28800;RUCH
ÎÑÖ Íîâîñèáèðñê;Àðõèâ ¹3 Åêàòåðèíáóðã;SR 218 000 00 00;ÄÂÀ_Ïåðåäà÷à äîêóìåíòîâ äëÿ îðãàíèçàöèè èõ ôèçè÷åñêîãî óíè÷òîæåíèÿ;-;00;Ðåãèñòðàöèÿ;Ðåéñ;28800;RUCH
ÎÑÖ Ñàìàðà;Àðõèâ ¹1 Ñàìàðà;SR 218 000 00 00;ÄÂÀ_Ïåðåäà÷à äîêóìåíòîâ äëÿ îðãàíèçàöèè èõ ôèçè÷åñêîãî óíè÷òîæåíèÿ;-;00;Ðåãèñòðàöèÿ;Ðåéñ;28800;RUCH
ÎÑÖ Âîðîíåæ;Âíå ïîäðàçäåëåíèé;SR 234 000 00 00;ÄÂÀ_Ôîðìèðîâàíèå àêòà ïðèåìà-ïåðåäà÷è ØÊ äëÿ ïåðåäà÷è íà õðàíåíèå (ÑËèÓÄ/ÎÑÃ);-;00;Ðåãèñòðàöèÿ;ÀÊ;19;RUCH
ÎÑÖ Âîðîíåæ;Àðõèâ ¹1 Âîðîíåæ;SR 234 000 00 00;ÄÂÀ_Ôîðìèðîâàíèå àêòà ïðèåìà-ïåðåäà÷è ØÊ äëÿ ïåðåäà÷è íà õðàíåíèå (ÑËèÓÄ/ÎÑÃ);-;00;Ðåãèñòðàöèÿ;ÀÊ;19;RUCH
ÎÑÖ Âîðîíåæ;Àðõèâ ¹3 Êàëèíèíãðàä;SR 234 000 00 00;ÄÂÀ_Ôîðìèðîâàíèå àêòà ïðèåìà-ïåðåäà÷è ØÊ äëÿ ïåðåäà÷è íà õðàíåíèå (ÑËèÓÄ/ÎÑÃ);-;00;Ðåãèñòðàöèÿ;ÀÊ;19;RUCH
ÎÑÖ Âîðîíåæ;Àðõèâ ¹4 Ñàíêò-Ïåòåðáóðã;SR 234 000 00 00;ÄÂÀ_Ôîðìèðîâàíèå àêòà ïðèåìà-ïåðåäà÷è ØÊ äëÿ ïåðåäà÷è íà õðàíåíèå (ÑËèÓÄ/ÎÑÃ);-;00;Ðåãèñòðàöèÿ;ÀÊ;19;RUCH
ÎÑÖ Ìîñêâà;Âíå ïîäðàçäåëåíèé;SR 234 000 00 00;ÄÂÀ_Ôîðìèðîâàíèå àêòà ïðèåìà-ïåðåäà÷è ØÊ äëÿ ïåðåäà÷è íà õðàíåíèå (ÑËèÓÄ/ÎÑÃ);-;00;Ðåãèñòðàöèÿ;ÀÊ;19;RUCH
ÎÑÖ Ìîñêâà;Àðõèâ ¹1 Òîìèëèíî;SR 234 000 00 00;ÄÂÀ_Ôîðìèðîâàíèå àêòà ïðèåìà-ïåðåäà÷è ØÊ äëÿ ïåðåäà÷è íà õðàíåíèå (ÑËèÓÄ/ÎÑÃ);-;00;Ðåãèñòðàöèÿ;ÀÊ;19;RUCH
ÎÑÖ Íèæíèé Íîâãîðîä;Âíå ïîäðàçäåëåíèé;SR 234 000 00 00;ÄÂÀ_Ôîðìèðîâàíèå àêòà ïðèåìà-ïåðåäà÷è ØÊ äëÿ ïåðåäà÷è íà õðàíåíèå (ÑËèÓÄ/ÎÑÃ);-;00;Ðåãèñòðàöèÿ;ÀÊ;20;RUCH
ÎÑÖ Íèæíèé Íîâãîðîä;Àðõèâ ¹1 Íèæíèé Íîâãîðîä;SR 234 000 00 00;ÄÂÀ_Ôîðìèðîâàíèå àêòà ïðèåìà-ïåðåäà÷è ØÊ äëÿ ïåðåäà÷è íà õðàíåíèå (ÑËèÓÄ/ÎÑÃ);-;00;Ðåãèñòðàöèÿ;ÀÊ;20;RUCH
ÎÑÖ Íîâîñèáèðñê;Âíå ïîäðàçäåëåíèé;SR 234 000 00 00;ÄÂÀ_Ôîðìèðîâàíèå àêòà ïðèåìà-ïåðåäà÷è ØÊ äëÿ ïåðåäà÷è íà õðàíåíèå (ÑËèÓÄ/ÎÑÃ);-;00;Ðåãèñòðàöèÿ;ÀÊ;19;RUCH
ÎÑÖ Íîâîñèáèðñê;Àðõèâ ¹1 Íîâîñèáèðñê;SR 234 000 00 00;ÄÂÀ_Ôîðìèðîâàíèå àêòà ïðèåìà-ïåðåäà÷è ØÊ äëÿ ïåðåäà÷è íà õðàíåíèå (ÑËèÓÄ/ÎÑÃ);-;00;Ðåãèñòðàöèÿ;ÀÊ;19;RUCH
ÎÑÖ Ñàìàðà;Âíå ïîäðàçäåëåíèé;SR 234 000 00 00;ÄÂÀ_Ôîðìèðîâàíèå àêòà ïðèåìà-ïåðåäà÷è ØÊ äëÿ ïåðåäà÷è íà õðàíåíèå (ÑËèÓÄ/ÎÑÃ);-;00;Ðåãèñòðàöèÿ;ÀÊ;19;RUCH
ÎÑÖ Íîâîñèáèðñê;Àðõèâ ¹3 Åêàòåðèíáóðã;SR 234 000 00 00;ÄÂÀ_Ôîðìèðîâàíèå àêòà ïðèåìà-ïåðåäà÷è ØÊ äëÿ ïåðåäà÷è íà õðàíåíèå (ÑËèÓÄ/ÎÑÃ);-;00;Ðåãèñòðàöèÿ;ÀÊ;19;RUCH
ÎÑÖ Ñàìàðà;Àðõèâ ¹1 Ñàìàðà;SR 234 000 00 00;ÄÂÀ_Ôîðìèðîâàíèå àêòà ïðèåìà-ïåðåäà÷è ØÊ äëÿ ïåðåäà÷è íà õðàíåíèå (ÑËèÓÄ/ÎÑÃ);-;00;Ðåãèñòðàöèÿ;ÀÊ;16;RUCH
ÎÑÖ Âîðîíåæ;Âíå ïîäðàçäåëåíèé;SR 238 000 00 00;ÄÂÀ_Ôîðìèðîâàíèå Ïðîòîêîëà ÝÊ;-;00;Ðåãèñòðàöèÿ;Ïðîòîêîë;900;RUCH
ÎÑÖ Âîðîíåæ;Àðõèâ ¹1 Âîðîíåæ;SR 238 000 00 00;ÄÂÀ_Ôîðìèðîâàíèå Ïðîòîêîëà ÝÊ;-;00;Ðåãèñòðàöèÿ;Ïðîòîêîë;900;RUCH
ÎÑÖ Âîðîíåæ;Àðõèâ ¹3 Êàëèíèíãðàä;SR 238 000 00 00;ÄÂÀ_Ôîðìèðîâàíèå Ïðîòîêîëà ÝÊ;-;00;Ðåãèñòðàöèÿ;Ïðîòîêîë;900;RUCH
ÎÑÖ Âîðîíåæ;Àðõèâ ¹4 Ñàíêò-Ïåòåðáóðã;SR 238 000 00 00;ÄÂÀ_Ôîðìèðîâàíèå Ïðîòîêîëà ÝÊ;-;00;Ðåãèñòðàöèÿ;Ïðîòîêîë;900;RUCH
ÎÑÖ Ìîñêâà;Âíå ïîäðàçäåëåíèé;SR 238 000 00 00;ÄÂÀ_Ôîðìèðîâàíèå Ïðîòîêîëà ÝÊ;-;00;Ðåãèñòðàöèÿ;Ïðîòîêîë;900;RUCH
ÎÑÖ Ìîñêâà;Àðõèâ ¹1 Òîìèëèíî;SR 238 000 00 00;ÄÂÀ_Ôîðìèðîâàíèå Ïðîòîêîëà ÝÊ;-;00;Ðåãèñòðàöèÿ;Ïðîòîêîë;900;RUCH
ÎÑÖ Íèæíèé Íîâãîðîä;Âíå ïîäðàçäåëåíèé;SR 238 000 00 00;ÄÂÀ_Ôîðìèðîâàíèå Ïðîòîêîëà ÝÊ;-;00;Ðåãèñòðàöèÿ;Ïðîòîêîë;900;RUCH
ÎÑÖ Íèæíèé Íîâãîðîä;Àðõèâ ¹1 Íèæíèé Íîâãîðîä;SR 238 000 00 00;ÄÂÀ_Ôîðìèðîâàíèå Ïðîòîêîëà ÝÊ;-;00;Ðåãèñòðàöèÿ;Ïðîòîêîë;900;RUCH
ÎÑÖ Íîâîñèáèðñê;Âíå ïîäðàçäåëåíèé;SR 238 000 00 00;ÄÂÀ_Ôîðìèðîâàíèå Ïðîòîêîëà ÝÊ;-;00;Ðåãèñòðàöèÿ;Ïðîòîêîë;900;RUCH
ÎÑÖ Íîâîñèáèðñê;Àðõèâ ¹1 Íîâîñèáèðñê;SR 238 000 00 00;ÄÂÀ_Ôîðìèðîâàíèå Ïðîòîêîëà ÝÊ;-;00;Ðåãèñòðàöèÿ;Ïðîòîêîë;900;RUCH
ÎÑÖ Ñàìàðà;Âíå ïîäðàçäåëåíèé;SR 238 000 00 00;ÄÂÀ_Ôîðìèðîâàíèå Ïðîòîêîëà ÝÊ;-;00;Ðåãèñòðàöèÿ;Ïðîòîêîë;900;RUCH
ÎÑÖ Íîâîñèáèðñê;Àðõèâ ¹3 Åêàòåðèíáóðã;SR 238 000 00 00;ÄÂÀ_Ôîðìèðîâàíèå Ïðîòîêîëà ÝÊ;-;00;Ðåãèñòðàöèÿ;Ïðîòîêîë;900;RUCH
ÎÑÖ Ñàìàðà;Àðõèâ ¹1 Ñàìàðà;SR 238 000 00 00;ÄÂÀ_Ôîðìèðîâàíèå Ïðîòîêîëà ÝÊ;-;00;Ðåãèñòðàöèÿ;Ïðîòîêîë;900;RUCH
ÎÑÖ Âîðîíåæ;Âíå ïîäðàçäåëåíèé;SR 252 000 00 00;ÊÎÄ ÞË_ÊÎÄ ÞË. Ïîèñê ÑÇ ïî ¹ äîãîâîðà. Ïðèåì ñëóæåáíîé çàïèñêè  íà ñîïðîâîæäåíèå| ïðîâåðêà êîððåêòíîñòè ÑÇ.;-;00;Ðåãèñòðàöèÿ;Äîãîâîð;360;RUCH
ÎÑÖ Âîðîíåæ;Àðõèâ ¹1 Âîðîíåæ;SR 252 000 00 00;ÊÎÄ ÞË_ÊÎÄ ÞË. Ïîèñê ÑÇ ïî ¹ äîãîâîðà. Ïðèåì ñëóæåáíîé çàïèñêè  íà ñîïðîâîæäåíèå| ïðîâåðêà êîððåêòíîñòè ÑÇ.;-;00;Ðåãèñòðàöèÿ;Äîãîâîð;360;RUCH
ÎÑÖ Âîðîíåæ;Àðõèâ ¹3 Êàëèíèíãðàä;SR 252 000 00 00;ÊÎÄ ÞË_ÊÎÄ ÞË. Ïîèñê ÑÇ ïî ¹ äîãîâîðà. Ïðèåì ñëóæåáíîé çàïèñêè  íà ñîïðîâîæäåíèå| ïðîâåðêà êîððåêòíîñòè ÑÇ.;-;00;Ðåãèñòðàöèÿ;Äîãîâîð;360;RUCH
ÎÑÖ Âîðîíåæ;Àðõèâ ¹4 Ñàíêò-Ïåòåðáóðã;SR 252 000 00 00;ÊÎÄ ÞË_ÊÎÄ ÞË. Ïîèñê ÑÇ ïî ¹ äîãîâîðà. Ïðèåì ñëóæåáíîé çàïèñêè  íà ñîïðîâîæäåíèå| ïðîâåðêà êîððåêòíîñòè ÑÇ.;-;00;Ðåãèñòðàöèÿ;Äîãîâîð;360;RUCH
ÎÑÖ Ìîñêâà;Âíå ïîäðàçäåëåíèé;SR 252 000 00 00;ÊÎÄ ÞË_ÊÎÄ ÞË. Ïîèñê ÑÇ ïî ¹ äîãîâîðà. Ïðèåì ñëóæåáíîé çàïèñêè  íà ñîïðîâîæäåíèå| ïðîâåðêà êîððåêòíîñòè ÑÇ.;-;00;Ðåãèñòðàöèÿ;Äîãîâîð;360;RUCH
ÎÑÖ Ìîñêâà;Àðõèâ ¹1 Òîìèëèíî;SR 252 000 00 00;ÊÎÄ ÞË_ÊÎÄ ÞË. Ïîèñê ÑÇ ïî ¹ äîãîâîðà. Ïðèåì ñëóæåáíîé çàïèñêè  íà ñîïðîâîæäåíèå| ïðîâåðêà êîððåêòíîñòè ÑÇ.;-;00;Ðåãèñòðàöèÿ;Äîãîâîð;360;RUCH
ÎÑÖ Íèæíèé Íîâãîðîä;Âíå ïîäðàçäåëåíèé;SR 252 000 00 00;ÊÎÄ ÞË_ÊÎÄ ÞË. Ïîèñê ÑÇ ïî ¹ äîãîâîðà. Ïðèåì ñëóæåáíîé çàïèñêè  íà ñîïðîâîæäåíèå| ïðîâåðêà êîððåêòíîñòè ÑÇ.;-;00;Ðåãèñòðàöèÿ;Äîãîâîð;360;RUCH
ÎÑÖ Íèæíèé Íîâãîðîä;Àðõèâ ¹1 Íèæíèé Íîâãîðîä;SR 252 000 00 00;ÊÎÄ ÞË_ÊÎÄ ÞË. Ïîèñê ÑÇ ïî ¹ äîãîâîðà. Ïðèåì ñëóæåáíîé çàïèñêè  íà ñîïðîâîæäåíèå| ïðîâåðêà êîððåêòíîñòè ÑÇ.;-;00;Ðåãèñòðàöèÿ;Äîãîâîð;360;RUCH
ÎÑÖ Íîâîñèáèðñê;Âíå ïîäðàçäåëåíèé;SR 252 000 00 00;ÊÎÄ ÞË_ÊÎÄ ÞË. Ïîèñê ÑÇ ïî ¹ äîãîâîðà. Ïðèåì ñëóæåáíîé çàïèñêè  íà ñîïðîâîæäåíèå| ïðîâåðêà êîððåêòíîñòè ÑÇ.;-;00;Ðåãèñòðàöèÿ;Äîãîâîð;360;RUCH
ÎÑÖ Íîâîñèáèðñê;Àðõèâ ¹1 Íîâîñèáèðñê;SR 252 000 00 00;ÊÎÄ ÞË_ÊÎÄ ÞË. Ïîèñê ÑÇ ïî ¹ äîãîâîðà. Ïðèåì ñëóæåáíîé çàïèñêè  íà ñîïðîâîæäåíèå| ïðîâåðêà êîððåêòíîñòè ÑÇ.;-;00;Ðåãèñòðàöèÿ;Äîãîâîð;360;RUCH
ÎÑÖ Ñàìàðà;Âíå ïîäðàçäåëåíèé;SR 252 000 00 00;ÊÎÄ ÞË_ÊÎÄ ÞË. Ïîèñê ÑÇ ïî ¹ äîãîâîðà. Ïðèåì ñëóæåáíîé çàïèñêè  íà ñîïðîâîæäåíèå| ïðîâåðêà êîððåêòíîñòè ÑÇ.;-;00;Ðåãèñòðàöèÿ;Äîãîâîð;360;RUCH
ÎÑÖ Íîâîñèáèðñê;Àðõèâ ¹3 Åêàòåðèíáóðã;SR 252 000 00 00;ÊÎÄ ÞË_ÊÎÄ ÞË. Ïîèñê ÑÇ ïî ¹ äîãîâîðà. Ïðèåì ñëóæåáíîé çàïèñêè  íà ñîïðîâîæäåíèå| ïðîâåðêà êîððåêòíîñòè ÑÇ.;-;00;Ðåãèñòðàöèÿ;Äîãîâîð;360;RUCH
ÎÑÖ Ñàìàðà;Àðõèâ ¹1 Ñàìàðà;SR 252 000 00 00;ÊÎÄ ÞË_ÊÎÄ ÞË. Ïîèñê ÑÇ ïî ¹ äîãîâîðà. Ïðèåì ñëóæåáíîé çàïèñêè  íà ñîïðîâîæäåíèå| ïðîâåðêà êîððåêòíîñòè ÑÇ.;-;00;Ðåãèñòðàöèÿ;Äîãîâîð;360;RUCH
ÎÑÖ Âîðîíåæ;Âíå ïîäðàçäåëåíèé;SR 266 000 00 00;Âåðèôèêàöèÿ äîâåðåííîñòåé ÑÁ1;-;00;Ðåãèñòðàöèÿ;Äîâåðåííîñòü;13;RUCH
ÎÑÖ Âîðîíåæ;Àðõèâ ¹1 Âîðîíåæ;SR 266 000 00 00;Âåðèôèêàöèÿ äîâåðåííîñòåé ÑÁ1;-;00;Ðåãèñòðàöèÿ;Äîâåðåííîñòü;13;RUCH
ÎÑÖ Âîðîíåæ;Àðõèâ ¹3 Êàëèíèíãðàä;SR 266 000 00 00;Âåðèôèêàöèÿ äîâåðåííîñòåé ÑÁ1;-;00;Ðåãèñòðàöèÿ;Äîâåðåííîñòü;13;RUCH
ÎÑÖ Âîðîíåæ;Àðõèâ ¹4 Ñàíêò-Ïåòåðáóðã;SR 266 000 00 00;Âåðèôèêàöèÿ äîâåðåííîñòåé ÑÁ1;-;00;Ðåãèñòðàöèÿ;Äîâåðåííîñòü;13;RUCH
ÎÑÖ Ìîñêâà;Âíå ïîäðàçäåëåíèé;SR 266 000 00 00;Âåðèôèêàöèÿ äîâåðåííîñòåé ÑÁ1;-;00;Ðåãèñòðàöèÿ;Äîâåðåííîñòü;13;RUCH
ÎÑÖ Ìîñêâà;Àðõèâ ¹1 Òîìèëèíî;SR 266 000 00 00;Âåðèôèêàöèÿ äîâåðåííîñòåé ÑÁ1;-;00;Ðåãèñòðàöèÿ;Äîâåðåííîñòü;13;RUCH
ÎÑÖ Íèæíèé Íîâãîðîä;Âíå ïîäðàçäåëåíèé;SR 266 000 00 00;Âåðèôèêàöèÿ äîâåðåííîñòåé ÑÁ1;-;00;Ðåãèñòðàöèÿ;Äîâåðåííîñòü;13;RUCH
ÎÑÖ Íèæíèé Íîâãîðîä;Àðõèâ ¹1 Íèæíèé Íîâãîðîä;SR 266 000 00 00;Âåðèôèêàöèÿ äîâåðåííîñòåé ÑÁ1;-;00;Ðåãèñòðàöèÿ;Äîâåðåííîñòü;13;RUCH
ÎÑÖ Íîâîñèáèðñê;Âíå ïîäðàçäåëåíèé;SR 266 000 00 00;Âåðèôèêàöèÿ äîâåðåííîñòåé ÑÁ1;-;00;Ðåãèñòðàöèÿ;Äîâåðåííîñòü;13;RUCH
ÎÑÖ Íîâîñèáèðñê;Àðõèâ ¹1 Íîâîñèáèðñê;SR 266 000 00 00;Âåðèôèêàöèÿ äîâåðåííîñòåé ÑÁ1;-;00;Ðåãèñòðàöèÿ;Äîâåðåííîñòü;13;RUCH
ÎÑÖ Ñàìàðà;Âíå ïîäðàçäåëåíèé;SR 266 000 00 00;Âåðèôèêàöèÿ äîâåðåííîñòåé ÑÁ1;-;00;Ðåãèñòðàöèÿ;Äîâåðåííîñòü;13;RUCH
ÎÑÖ Íîâîñèáèðñê;Àðõèâ ¹3 Åêàòåðèíáóðã;SR 266 000 00 00;Âåðèôèêàöèÿ äîâåðåííîñòåé ÑÁ1;-;00;Ðåãèñòðàöèÿ;Äîâåðåííîñòü;13;RUCH
ÎÑÖ Ñàìàðà;Àðõèâ ¹1 Ñàìàðà;SR 266 000 00 00;Âåðèôèêàöèÿ äîâåðåííîñòåé ÑÁ1;-;00;Ðåãèñòðàöèÿ;Äîâåðåííîñòü;13;RUCH
ÎÑÖ Âîðîíåæ;Âíå ïîäðàçäåëåíèé;SR 274 000 00 00;ÄÂÀ_Ñîðòèðîâêà äåë ïî ñðîêàì õðàíåíèÿ è îêîí÷àíèþ äåëîïðîèçâîäñòâà;-;00;Ðåãèñòðàöèÿ;ÀÊ;1460,5;RUCH
ÎÑÖ Âîðîíåæ;Àðõèâ ¹1 Âîðîíåæ;SR 274 000 00 00;ÄÂÀ_Ñîðòèðîâêà äåë ïî ñðîêàì õðàíåíèÿ è îêîí÷àíèþ äåëîïðîèçâîäñòâà;-;00;Ðåãèñòðàöèÿ;ÀÊ;1460,5;RUCH
ÎÑÖ Âîðîíåæ;Àðõèâ ¹3 Êàëèíèíãðàä;SR 274 000 00 00;ÄÂÀ_Ñîðòèðîâêà äåë ïî ñðîêàì õðàíåíèÿ è îêîí÷àíèþ äåëîïðîèçâîäñòâà;-;00;Ðåãèñòðàöèÿ;ÀÊ;1458,281;RUCH
ÎÑÖ Âîðîíåæ;Àðõèâ ¹4 Ñàíêò-Ïåòåðáóðã;SR 274 000 00 00;ÄÂÀ_Ñîðòèðîâêà äåë ïî ñðîêàì õðàíåíèÿ è îêîí÷àíèþ äåëîïðîèçâîäñòâà;-;00;Ðåãèñòðàöèÿ;ÀÊ;1454,681;RUCH
ÎÑÖ Ìîñêâà;Âíå ïîäðàçäåëåíèé;SR 274 000 00 00;ÄÂÀ_Ñîðòèðîâêà äåë ïî ñðîêàì õðàíåíèÿ è îêîí÷àíèþ äåëîïðîèçâîäñòâà;-;00;Ðåãèñòðàöèÿ;ÀÊ;2057;RUCH
ÎÑÖ Ìîñêâà;Àðõèâ ¹1 Òîìèëèíî;SR 274 000 00 00;ÄÂÀ_Ñîðòèðîâêà äåë ïî ñðîêàì õðàíåíèÿ è îêîí÷àíèþ äåëîïðîèçâîäñòâà;-;00;Ðåãèñòðàöèÿ;ÀÊ;865,037;RUCH
ÎÑÖ Íèæíèé Íîâãîðîä;Âíå ïîäðàçäåëåíèé;SR 274 000 00 00;ÄÂÀ_Ñîðòèðîâêà äåë ïî ñðîêàì õðàíåíèÿ è îêîí÷àíèþ äåëîïðîèçâîäñòâà;-;00;Ðåãèñòðàöèÿ;ÀÊ;2057;RUCH
ÎÑÖ Íèæíèé Íîâãîðîä;Àðõèâ ¹1 Íèæíèé Íîâãîðîä;SR 274 000 00 00;ÄÂÀ_Ñîðòèðîâêà äåë ïî ñðîêàì õðàíåíèÿ è îêîí÷àíèþ äåëîïðîèçâîäñòâà;-;00;Ðåãèñòðàöèÿ;ÀÊ;921,412;RUCH
ÎÑÖ Íîâîñèáèðñê;Âíå ïîäðàçäåëåíèé;SR 274 000 00 00;ÄÂÀ_Ñîðòèðîâêà äåë ïî ñðîêàì õðàíåíèÿ è îêîí÷àíèþ äåëîïðîèçâîäñòâà;-;00;Ðåãèñòðàöèÿ;ÀÊ;2057;RUCH
ÎÑÖ Íîâîñèáèðñê;Àðõèâ ¹1 Íîâîñèáèðñê;SR 274 000 00 00;ÄÂÀ_Ñîðòèðîâêà äåë ïî ñðîêàì õðàíåíèÿ è îêîí÷àíèþ äåëîïðîèçâîäñòâà;-;00;Ðåãèñòðàöèÿ;ÀÊ;1441,256;RUCH
ÎÑÖ Ñàìàðà;Âíå ïîäðàçäåëåíèé;SR 274 000 00 00;ÄÂÀ_Ñîðòèðîâêà äåë ïî ñðîêàì õðàíåíèÿ è îêîí÷àíèþ äåëîïðîèçâîäñòâà;-;00;Ðåãèñòðàöèÿ;ÀÊ;2057;RUCH
ÎÑÖ Íîâîñèáèðñê;Àðõèâ ¹3 Åêàòåðèíáóðã;SR 274 000 00 00;ÄÂÀ_Ñîðòèðîâêà äåë ïî ñðîêàì õðàíåíèÿ è îêîí÷àíèþ äåëîïðîèçâîäñòâà;-;00;Ðåãèñòðàöèÿ;ÀÊ;1441,628;RUCH
ÎÑÖ Ñàìàðà;Àðõèâ ¹1 Ñàìàðà;SR 274 000 00 00;ÄÂÀ_Ñîðòèðîâêà äåë ïî ñðîêàì õðàíåíèÿ è îêîí÷àíèþ äåëîïðîèçâîäñòâà;-;00;Ðåãèñòðàöèÿ;ÀÊ;1451,486;RUCH
ÎÑÖ Âîðîíåæ;Âíå ïîäðàçäåëåíèé;SR 275 000 00 00;ÄÂÀ_Ñîðòèðîâêà êàðòî÷åê ô.1 (âíåñèñòåìíûé ó÷åò-1 ÀÊ=1700 êàðòî÷åê);-;00;Ïðîåêòû;ÀÊ;11520;RUCH
ÎÑÖ Âîðîíåæ;Àðõèâ ¹1 Âîðîíåæ;SR 275 000 00 00;ÄÂÀ_Ñîðòèðîâêà êàðòî÷åê ô.1 (âíåñèñòåìíûé ó÷åò-1 ÀÊ=1700 êàðòî÷åê);-;00;Ïðîåêòû;ÀÊ;11520;RUCH
ÎÑÖ Âîðîíåæ;Àðõèâ ¹3 Êàëèíèíãðàä;SR 275 000 00 00;ÄÂÀ_Ñîðòèðîâêà êàðòî÷åê ô.1 (âíåñèñòåìíûé ó÷åò-1 ÀÊ=1700 êàðòî÷åê);-;00;Ïðîåêòû;ÀÊ;11520;RUCH
ÎÑÖ Âîðîíåæ;Àðõèâ ¹4 Ñàíêò-Ïåòåðáóðã;SR 275 000 00 00;ÄÂÀ_Ñîðòèðîâêà êàðòî÷åê ô.1 (âíåñèñòåìíûé ó÷åò-1 ÀÊ=1700 êàðòî÷åê);-;00;Ïðîåêòû;ÀÊ;11520;RUCH
ÎÑÖ Ìîñêâà;Âíå ïîäðàçäåëåíèé;SR 275 000 00 00;ÄÂÀ_Ñîðòèðîâêà êàðòî÷åê ô.1 (âíåñèñòåìíûé ó÷åò-1 ÀÊ=1700 êàðòî÷åê);-;00;Ïðîåêòû;ÀÊ;11520;RUCH
ÎÑÖ Ìîñêâà;Àðõèâ ¹1 Òîìèëèíî;SR 275 000 00 00;ÄÂÀ_Ñîðòèðîâêà êàðòî÷åê ô.1 (âíåñèñòåìíûé ó÷åò-1 ÀÊ=1700 êàðòî÷åê);-;00;Ïðîåêòû;ÀÊ;11520;RUCH
ÎÑÖ Íèæíèé Íîâãîðîä;Âíå ïîäðàçäåëåíèé;SR 275 000 00 00;ÄÂÀ_Ñîðòèðîâêà êàðòî÷åê ô.1 (âíåñèñòåìíûé ó÷åò-1 ÀÊ=1700 êàðòî÷åê);-;00;Ïðîåêòû;ÀÊ;11520;RUCH
ÎÑÖ Íèæíèé Íîâãîðîä;Àðõèâ ¹1 Íèæíèé Íîâãîðîä;SR 275 000 00 00;ÄÂÀ_Ñîðòèðîâêà êàðòî÷åê ô.1 (âíåñèñòåìíûé ó÷åò-1 ÀÊ=1700 êàðòî÷åê);-;00;Ïðîåêòû;ÀÊ;11520;RUCH
ÎÑÖ Íîâîñèáèðñê;Âíå ïîäðàçäåëåíèé;SR 275 000 00 00;ÄÂÀ_Ñîðòèðîâêà êàðòî÷åê ô.1 (âíåñèñòåìíûé ó÷åò-1 ÀÊ=1700 êàðòî÷åê);-;00;Ïðîåêòû;ÀÊ;11520;RUCH
ÎÑÖ Íîâîñèáèðñê;Àðõèâ ¹1 Íîâîñèáèðñê;SR 275 000 00 00;ÄÂÀ_Ñîðòèðîâêà êàðòî÷åê ô.1 (âíåñèñòåìíûé ó÷åò-1 ÀÊ=1700 êàðòî÷åê);-;00;Ïðîåêòû;ÀÊ;11520;RUCH
ÎÑÖ Ñàìàðà;Âíå ïîäðàçäåëåíèé;SR 275 000 00 00;ÄÂÀ_Ñîðòèðîâêà êàðòî÷åê ô.1 (âíåñèñòåìíûé ó÷åò-1 ÀÊ=1700 êàðòî÷åê);-;00;Ïðîåêòû;ÀÊ;11520;RUCH
ÎÑÖ Íîâîñèáèðñê;Àðõèâ ¹3 Åêàòåðèíáóðã;SR 275 000 00 00;ÄÂÀ_Ñîðòèðîâêà êàðòî÷åê ô.1 (âíåñèñòåìíûé ó÷åò-1 ÀÊ=1700 êàðòî÷åê);-;00;Ïðîåêòû;ÀÊ;11520;RUCH
ÎÑÖ Ñàìàðà;Àðõèâ ¹1 Ñàìàðà;SR 275 000 00 00;ÄÂÀ_Ñîðòèðîâêà êàðòî÷åê ô.1 (âíåñèñòåìíûé ó÷åò-1 ÀÊ=1700 êàðòî÷åê);-;00;Ïðîåêòû;ÀÊ;11520;RUCH
ÎÑÖ Âîðîíåæ;Âíå ïîäðàçäåëåíèé;SR 276 000 00 00;Ôîðìèðîâàíèå êîðîáîâ ñ êàðòî÷êàìè ô.1 ïðè ïðèåìå ÒÅ;-;00;Ïðîåêòû;Êîðîá;120;RUCH
ÎÑÖ Âîðîíåæ;Àðõèâ ¹1 Âîðîíåæ;SR 276 000 00 00;Ôîðìèðîâàíèå êîðîáîâ ñ êàðòî÷êàìè ô.1 ïðè ïðèåìå ÒÅ;-;00;Ïðîåêòû;Êîðîá;120;RUCH
ÎÑÖ Âîðîíåæ;Àðõèâ ¹3 Êàëèíèíãðàä;SR 276 000 00 00;Ôîðìèðîâàíèå êîðîáîâ ñ êàðòî÷êàìè ô.1 ïðè ïðèåìå ÒÅ;-;00;Ïðîåêòû;Êîðîá;120;RUCH
ÎÑÖ Âîðîíåæ;Àðõèâ ¹4 Ñàíêò-Ïåòåðáóðã;SR 276 000 00 00;Ôîðìèðîâàíèå êîðîáîâ ñ êàðòî÷êàìè ô.1 ïðè ïðèåìå ÒÅ;-;00;Ïðîåêòû;Êîðîá;120;RUCH
ÎÑÖ Ìîñêâà;Âíå ïîäðàçäåëåíèé;SR 276 000 00 00;Ôîðìèðîâàíèå êîðîáîâ ñ êàðòî÷êàìè ô.1 ïðè ïðèåìå ÒÅ;-;00;Ïðîåêòû;Êîðîá;120;RUCH
ÎÑÖ Ìîñêâà;Àðõèâ ¹1 Òîìèëèíî;SR 276 000 00 00;Ôîðìèðîâàíèå êîðîáîâ ñ êàðòî÷êàìè ô.1 ïðè ïðèåìå ÒÅ;-;00;Ïðîåêòû;Êîðîá;120;RUCH
ÎÑÖ Íèæíèé Íîâãîðîä;Âíå ïîäðàçäåëåíèé;SR 276 000 00 00;Ôîðìèðîâàíèå êîðîáîâ ñ êàðòî÷êàìè ô.1 ïðè ïðèåìå ÒÅ;-;00;Ïðîåêòû;Êîðîá;120;RUCH
ÎÑÖ Íèæíèé Íîâãîðîä;Àðõèâ ¹1 Íèæíèé Íîâãîðîä;SR 276 000 00 00;Ôîðìèðîâàíèå êîðîáîâ ñ êàðòî÷êàìè ô.1 ïðè ïðèåìå ÒÅ;-;00;Ïðîåêòû;Êîðîá;120;RUCH
ÎÑÖ Íîâîñèáèðñê;Âíå ïîäðàçäåëåíèé;SR 276 000 00 00;Ôîðìèðîâàíèå êîðîáîâ ñ êàðòî÷êàìè ô.1 ïðè ïðèåìå ÒÅ;-;00;Ïðîåêòû;Êîðîá;120;RUCH
ÎÑÖ Íîâîñèáèðñê;Àðõèâ ¹1 Íîâîñèáèðñê;SR 276 000 00 00;Ôîðìèðîâàíèå êîðîáîâ ñ êàðòî÷êàìè ô.1 ïðè ïðèåìå ÒÅ;-;00;Ïðîåêòû;Êîðîá;120;RUCH
ÎÑÖ Ñàìàðà;Âíå ïîäðàçäåëåíèé;SR 276 000 00 00;Ôîðìèðîâàíèå êîðîáîâ ñ êàðòî÷êàìè ô.1 ïðè ïðèåìå ÒÅ;-;00;Ïðîåêòû;Êîðîá;120;RUCH
ÎÑÖ Íîâîñèáèðñê;Àðõèâ ¹3 Åêàòåðèíáóðã;SR 276 000 00 00;Ôîðìèðîâàíèå êîðîáîâ ñ êàðòî÷êàìè ô.1 ïðè ïðèåìå ÒÅ;-;00;Ïðîåêòû;Êîðîá;120;RUCH
ÎÑÖ Ñàìàðà;Àðõèâ ¹1 Ñàìàðà;SR 276 000 00 00;Ôîðìèðîâàíèå êîðîáîâ ñ êàðòî÷êàìè ô.1 ïðè ïðèåìå ÒÅ;-;00;Ïðîåêòû;Êîðîá;120;RUCH
ÎÑÖ Âîðîíåæ;Âíå ïîäðàçäåëåíèé;SR 277 000 00 00;ÄÂÀ_Ôîðìèðîâàíèå êàðòî÷åê ô.1 ïî äèàïàçîíàì;-;00;Ïðîåêòû;ÀÊ;1800;RUCH
ÎÑÖ Âîðîíåæ;Àðõèâ ¹1 Âîðîíåæ;SR 277 000 00 00;ÄÂÀ_Ôîðìèðîâàíèå êàðòî÷åê ô.1 ïî äèàïàçîíàì;-;00;Ïðîåêòû;ÀÊ;1800;RUCH
ÎÑÖ Âîðîíåæ;Àðõèâ ¹3 Êàëèíèíãðàä;SR 277 000 00 00;ÄÂÀ_Ôîðìèðîâàíèå êàðòî÷åê ô.1 ïî äèàïàçîíàì;-;00;Ïðîåêòû;ÀÊ;1800;RUCH
ÎÑÖ Âîðîíåæ;Àðõèâ ¹4 Ñàíêò-Ïåòåðáóðã;SR 277 000 00 00;ÄÂÀ_Ôîðìèðîâàíèå êàðòî÷åê ô.1 ïî äèàïàçîíàì;-;00;Ïðîåêòû;ÀÊ;1800;RUCH
ÎÑÖ Ìîñêâà;Âíå ïîäðàçäåëåíèé;SR 277 000 00 00;ÄÂÀ_Ôîðìèðîâàíèå êàðòî÷åê ô.1 ïî äèàïàçîíàì;-;00;Ïðîåêòû;ÀÊ;1800;RUCH
ÎÑÖ Ìîñêâà;Àðõèâ ¹1 Òîìèëèíî;SR 277 000 00 00;ÄÂÀ_Ôîðìèðîâàíèå êàðòî÷åê ô.1 ïî äèàïàçîíàì;-;00;Ïðîåêòû;ÀÊ;1800;RUCH
ÎÑÖ Íèæíèé Íîâãîðîä;Âíå ïîäðàçäåëåíèé;SR 277 000 00 00;ÄÂÀ_Ôîðìèðîâàíèå êàðòî÷åê ô.1 ïî äèàïàçîíàì;-;00;Ïðîåêòû;ÀÊ;1800;RUCH
ÎÑÖ Íèæíèé Íîâãîðîä;Àðõèâ ¹1 Íèæíèé Íîâãîðîä;SR 277 000 00 00;ÄÂÀ_Ôîðìèðîâàíèå êàðòî÷åê ô.1 ïî äèàïàçîíàì;-;00;Ïðîåêòû;ÀÊ;1800;RUCH
ÎÑÖ Íîâîñèáèðñê;Âíå ïîäðàçäåëåíèé;SR 277 000 00 00;ÄÂÀ_Ôîðìèðîâàíèå êàðòî÷åê ô.1 ïî äèàïàçîíàì;-;00;Ïðîåêòû;ÀÊ;1800;RUCH
ÎÑÖ Íîâîñèáèðñê;Àðõèâ ¹1 Íîâîñèáèðñê;SR 277 000 00 00;ÄÂÀ_Ôîðìèðîâàíèå êàðòî÷åê ô.1 ïî äèàïàçîíàì;-;00;Ïðîåêòû;ÀÊ;1800;RUCH
ÎÑÖ Ñàìàðà;Âíå ïîäðàçäåëåíèé;SR 277 000 00 00;ÄÂÀ_Ôîðìèðîâàíèå êàðòî÷åê ô.1 ïî äèàïàçîíàì;-;00;Ïðîåêòû;ÀÊ;1800;RUCH
ÎÑÖ Íîâîñèáèðñê;Àðõèâ ¹3 Åêàòåðèíáóðã;SR 277 000 00 00;ÄÂÀ_Ôîðìèðîâàíèå êàðòî÷åê ô.1 ïî äèàïàçîíàì;-;00;Ïðîåêòû;ÀÊ;1800;RUCH
ÎÑÖ Ñàìàðà;Àðõèâ ¹1 Ñàìàðà;SR 277 000 00 00;ÄÂÀ_Ôîðìèðîâàíèå êàðòî÷åê ô.1 ïî äèàïàçîíàì;-;00;Ïðîåêòû;ÀÊ;1800;RUCH
ÎÑÖ Âîðîíåæ;Âíå ïîäðàçäåëåíèé;SZ 201 000 00 00;Êîíòðîëü âëîæåíèÿ äîêóìåíòîâ â ïàêåò è ñâåðêà â ÀÑ ÖÀÐÑ ïðè ïåðåäà÷å çàêàç÷èêó;-;00;Çàïðîñû;ØÊ;0;RUCH
ÎÑÖ Âîðîíåæ;Àðõèâ ¹1 Âîðîíåæ;SZ 201 000 00 00;Êîíòðîëü âëîæåíèÿ äîêóìåíòîâ â ïàêåò è ñâåðêà â ÀÑ ÖÀÐÑ ïðè ïåðåäà÷å çàêàç÷èêó;-;00;Çàïðîñû;ØÊ;31,825;RUCH
ÎÑÖ Âîðîíåæ;Àðõèâ ¹3 Êàëèíèíãðàä;SZ 201 000 00 00;Êîíòðîëü âëîæåíèÿ äîêóìåíòîâ â ïàêåò è ñâåðêà â ÀÑ ÖÀÐÑ ïðè ïåðåäà÷å çàêàç÷èêó;-;00;Çàïðîñû;ØÊ;38,8;RUCH
ÎÑÖ Âîðîíåæ;Àðõèâ ¹4 Ñàíêò-Ïåòåðáóðã;SZ 201 000 00 00;Êîíòðîëü âëîæåíèÿ äîêóìåíòîâ â ïàêåò è ñâåðêà â ÀÑ ÖÀÐÑ ïðè ïåðåäà÷å çàêàç÷èêó;-;00;Çàïðîñû;ØÊ;39,869;RUCH
ÎÑÖ Ìîñêâà;Âíå ïîäðàçäåëåíèé;SZ 201 000 00 00;Êîíòðîëü âëîæåíèÿ äîêóìåíòîâ â ïàêåò è ñâåðêà â ÀÑ ÖÀÐÑ ïðè ïåðåäà÷å çàêàç÷èêó;-;00;Çàïðîñû;ØÊ;0;RUCH
ÎÑÖ Ìîñêâà;Àðõèâ ¹1 Òîìèëèíî;SZ 201 000 00 00;Êîíòðîëü âëîæåíèÿ äîêóìåíòîâ â ïàêåò è ñâåðêà â ÀÑ ÖÀÐÑ ïðè ïåðåäà÷å çàêàç÷èêó;-;00;Çàïðîñû;ØÊ;35,699;RUCH
ÎÑÖ Íèæíèé Íîâãîðîä;Âíå ïîäðàçäåëåíèé;SZ 201 000 00 00;Êîíòðîëü âëîæåíèÿ äîêóìåíòîâ â ïàêåò è ñâåðêà â ÀÑ ÖÀÐÑ ïðè ïåðåäà÷å çàêàç÷èêó;-;00;Çàïðîñû;ØÊ;0;RUCH
ÎÑÖ Íèæíèé Íîâãîðîä;Àðõèâ ¹1 Íèæíèé Íîâãîðîä;SZ 201 000 00 00;Êîíòðîëü âëîæåíèÿ äîêóìåíòîâ â ïàêåò è ñâåðêà â ÀÑ ÖÀÐÑ ïðè ïåðåäà÷å çàêàç÷èêó;-;00;Çàïðîñû;ØÊ;30,067;RUCH
ÎÑÖ Íîâîñèáèðñê;Âíå ïîäðàçäåëåíèé;SZ 201 000 00 00;Êîíòðîëü âëîæåíèÿ äîêóìåíòîâ â ïàêåò è ñâåðêà â ÀÑ ÖÀÐÑ ïðè ïåðåäà÷å çàêàç÷èêó;-;00;Çàïðîñû;ØÊ;0;RUCH
ÎÑÖ Íîâîñèáèðñê;Àðõèâ ¹1 Íîâîñèáèðñê;SZ 201 000 00 00;Êîíòðîëü âëîæåíèÿ äîêóìåíòîâ â ïàêåò è ñâåðêà â ÀÑ ÖÀÐÑ ïðè ïåðåäà÷å çàêàç÷èêó;-;00;Çàïðîñû;ØÊ;29,054;RUCH
ÎÑÖ Ñàìàðà;Âíå ïîäðàçäåëåíèé;SZ 201 000 00 00;Êîíòðîëü âëîæåíèÿ äîêóìåíòîâ â ïàêåò è ñâåðêà â ÀÑ ÖÀÐÑ ïðè ïåðåäà÷å çàêàç÷èêó;-;00;Çàïðîñû;ØÊ;0;RUCH
ÎÑÖ Íîâîñèáèðñê;Àðõèâ ¹3 Åêàòåðèíáóðã;SZ 201 000 00 00;Êîíòðîëü âëîæåíèÿ äîêóìåíòîâ â ïàêåò è ñâåðêà â ÀÑ ÖÀÐÑ ïðè ïåðåäà÷å çàêàç÷èêó;-;00;Çàïðîñû;ØÊ;33,528;RUCH
ÎÑÖ Ñàìàðà;Àðõèâ ¹1 Ñàìàðà;SZ 201 000 00 00;Êîíòðîëü âëîæåíèÿ äîêóìåíòîâ â ïàêåò è ñâåðêà â ÀÑ ÖÀÐÑ ïðè ïåðåäà÷å çàêàç÷èêó;-;00;Çàïðîñû;ØÊ;37,94;RUCH
ÎÑÖ Âîðîíåæ;Âíå ïîäðàçäåëåíèé;PS 000 000 00 03;Ñîçäàíèå çàÿâîê â ÀÑ ÖÀÐÑ;-;00;Çàïðîñû;ØÊ;0;AUTO
ÎÑÖ Âîðîíåæ;Àðõèâ ¹1 Âîðîíåæ;PS 000 000 00 03;Ñîçäàíèå çàÿâîê â ÀÑ ÖÀÐÑ;-;00;Çàïðîñû;ØÊ;34,632;AUTO
ÎÑÖ Âîðîíåæ;Àðõèâ ¹3 Êàëèíèíãðàä;PS 000 000 00 03;Ñîçäàíèå çàÿâîê â ÀÑ ÖÀÐÑ;-;00;Çàïðîñû;ØÊ;34,814;AUTO
ÎÑÖ Âîðîíåæ;Àðõèâ ¹4 Ñàíêò-Ïåòåðáóðã;PS 000 000 00 03;Ñîçäàíèå çàÿâîê â ÀÑ ÖÀÐÑ;-;00;Çàïðîñû;ØÊ;33,055;AUTO
ÎÑÖ Ìîñêâà;Âíå ïîäðàçäåëåíèé;PS 000 000 00 03;Ñîçäàíèå çàÿâîê â ÀÑ ÖÀÐÑ;-;00;Çàïðîñû;ØÊ;0;AUTO
ÎÑÖ Ìîñêâà;Àðõèâ ¹1 Òîìèëèíî;PS 000 000 00 03;Ñîçäàíèå çàÿâîê â ÀÑ ÖÀÐÑ;-;00;Çàïðîñû;ØÊ;33,198;AUTO
ÎÑÖ Íèæíèé Íîâãîðîä;Âíå ïîäðàçäåëåíèé;PS 000 000 00 03;Ñîçäàíèå çàÿâîê â ÀÑ ÖÀÐÑ;-;00;Çàïðîñû;ØÊ;0;AUTO
ÎÑÖ Íèæíèé Íîâãîðîä;Àðõèâ ¹1 Íèæíèé Íîâãîðîä;PS 000 000 00 03;Ñîçäàíèå çàÿâîê â ÀÑ ÖÀÐÑ;-;00;Çàïðîñû;ØÊ;30,029;AUTO
ÎÑÖ Íîâîñèáèðñê;Âíå ïîäðàçäåëåíèé;PS 000 000 00 03;Ñîçäàíèå çàÿâîê â ÀÑ ÖÀÐÑ;-;00;Çàïðîñû;ØÊ;0;AUTO
ÎÑÖ Íîâîñèáèðñê;Àðõèâ ¹1 Íîâîñèáèðñê;PS 000 000 00 03;Ñîçäàíèå çàÿâîê â ÀÑ ÖÀÐÑ;-;00;Çàïðîñû;ØÊ;30,766;AUTO
ÎÑÖ Ñàìàðà;Âíå ïîäðàçäåëåíèé;PS 000 000 00 03;Ñîçäàíèå çàÿâîê â ÀÑ ÖÀÐÑ;-;00;Çàïðîñû;ØÊ;0;AUTO
ÎÑÖ Íîâîñèáèðñê;Àðõèâ ¹3 Åêàòåðèíáóðã;PS 000 000 00 03;Ñîçäàíèå çàÿâîê â ÀÑ ÖÀÐÑ;-;00;Çàïðîñû;ØÊ;30,77;AUTO
ÎÑÖ Ñàìàðà;Àðõèâ ¹1 Ñàìàðà;PS 000 000 00 03;Ñîçäàíèå çàÿâîê â ÀÑ ÖÀÐÑ;-;00;Çàïðîñû;ØÊ;32,071;AUTO
ÎÑÖ Âîðîíåæ;Âíå ïîäðàçäåëåíèé;SZ 130 000 00 00;ÊÎÄ ÞË. Ðàçìåùåíèå ñêàíà àêòà ïðèåìà-ïåðåäà÷è â ÀÑ ÅÊÑ. Êîíòðîëü ðàçìåùåíèÿ áèçíåñ-ïîäðàçäåëåíèåì ïîäïèñàííîãî àêòà ïðèåìà-ïåðåäà÷è â ÅÊÑ.;-;00;Çàïðîñû;äîêóìåíò (äîãîâîð);100;RUCH
ÎÑÖ Âîðîíåæ;Àðõèâ ¹1 Âîðîíåæ;SZ 130 000 00 00;ÊÎÄ ÞË. Ðàçìåùåíèå ñêàíà àêòà ïðèåìà-ïåðåäà÷è â ÀÑ ÅÊÑ. Êîíòðîëü ðàçìåùåíèÿ áèçíåñ-ïîäðàçäåëåíèåì ïîäïèñàííîãî àêòà ïðèåìà-ïåðåäà÷è â ÅÊÑ.;-;00;Çàïðîñû;äîêóìåíò (äîãîâîð);100;RUCH
ÎÑÖ Âîðîíåæ;Àðõèâ ¹3 Êàëèíèíãðàä;SZ 130 000 00 00;ÊÎÄ ÞË. Ðàçìåùåíèå ñêàíà àêòà ïðèåìà-ïåðåäà÷è â ÀÑ ÅÊÑ. Êîíòðîëü ðàçìåùåíèÿ áèçíåñ-ïîäðàçäåëåíèåì ïîäïèñàííîãî àêòà ïðèåìà-ïåðåäà÷è â ÅÊÑ.;-;00;Çàïðîñû;äîêóìåíò (äîãîâîð);100;RUCH
ÎÑÖ Âîðîíåæ;Àðõèâ ¹4 Ñàíêò-Ïåòåðáóðã;SZ 130 000 00 00;ÊÎÄ ÞË. Ðàçìåùåíèå ñêàíà àêòà ïðèåìà-ïåðåäà÷è â ÀÑ ÅÊÑ. Êîíòðîëü ðàçìåùåíèÿ áèçíåñ-ïîäðàçäåëåíèåì ïîäïèñàííîãî àêòà ïðèåìà-ïåðåäà÷è â ÅÊÑ.;-;00;Çàïðîñû;äîêóìåíò (äîãîâîð);100;RUCH
ÎÑÖ Ìîñêâà;Âíå ïîäðàçäåëåíèé;SZ 130 000 00 00;ÊÎÄ ÞË. Ðàçìåùåíèå ñêàíà àêòà ïðèåìà-ïåðåäà÷è â ÀÑ ÅÊÑ. Êîíòðîëü ðàçìåùåíèÿ áèçíåñ-ïîäðàçäåëåíèåì ïîäïèñàííîãî àêòà ïðèåìà-ïåðåäà÷è â ÅÊÑ.;-;00;Çàïðîñû;äîêóìåíò (äîãîâîð);100;RUCH
ÎÑÖ Ìîñêâà;Àðõèâ ¹1 Òîìèëèíî;SZ 130 000 00 00;ÊÎÄ ÞË. Ðàçìåùåíèå ñêàíà àêòà ïðèåìà-ïåðåäà÷è â ÀÑ ÅÊÑ. Êîíòðîëü ðàçìåùåíèÿ áèçíåñ-ïîäðàçäåëåíèåì ïîäïèñàííîãî àêòà ïðèåìà-ïåðåäà÷è â ÅÊÑ.;-;00;Çàïðîñû;äîêóìåíò (äîãîâîð);100;RUCH
ÎÑÖ Íèæíèé Íîâãîðîä;Âíå ïîäðàçäåëåíèé;SZ 130 000 00 00;ÊÎÄ ÞË. Ðàçìåùåíèå ñêàíà àêòà ïðèåìà-ïåðåäà÷è â ÀÑ ÅÊÑ. Êîíòðîëü ðàçìåùåíèÿ áèçíåñ-ïîäðàçäåëåíèåì ïîäïèñàííîãî àêòà ïðèåìà-ïåðåäà÷è â ÅÊÑ.;-;00;Çàïðîñû;äîêóìåíò (äîãîâîð);100;RUCH
ÎÑÖ Íèæíèé Íîâãîðîä;Àðõèâ ¹1 Íèæíèé Íîâãîðîä;SZ 130 000 00 00;ÊÎÄ ÞË. Ðàçìåùåíèå ñêàíà àêòà ïðèåìà-ïåðåäà÷è â ÀÑ ÅÊÑ. Êîíòðîëü ðàçìåùåíèÿ áèçíåñ-ïîäðàçäåëåíèåì ïîäïèñàííîãî àêòà ïðèåìà-ïåðåäà÷è â ÅÊÑ.;-;00;Çàïðîñû;äîêóìåíò (äîãîâîð);100;RUCH
ÎÑÖ Íîâîñèáèðñê;Âíå ïîäðàçäåëåíèé;SZ 130 000 00 00;ÊÎÄ ÞË. Ðàçìåùåíèå ñêàíà àêòà ïðèåìà-ïåðåäà÷è â ÀÑ ÅÊÑ. Êîíòðîëü ðàçìåùåíèÿ áèçíåñ-ïîäðàçäåëåíèåì ïîäïèñàííîãî àêòà ïðèåìà-ïåðåäà÷è â ÅÊÑ.;-;00;Çàïðîñû;äîêóìåíò (äîãîâîð);100;RUCH
ÎÑÖ Íîâîñèáèðñê;Àðõèâ ¹1 Íîâîñèáèðñê;SZ 130 000 00 00;ÊÎÄ ÞË. Ðàçìåùåíèå ñêàíà àêòà ïðèåìà-ïåðåäà÷è â ÀÑ ÅÊÑ. Êîíòðîëü ðàçìåùåíèÿ áèçíåñ-ïîäðàçäåëåíèåì ïîäïèñàííîãî àêòà ïðèåìà-ïåðåäà÷è â ÅÊÑ.;-;00;Çàïðîñû;äîêóìåíò (äîãîâîð);100;RUCH
ÎÑÖ Ñàìàðà;Âíå ïîäðàçäåëåíèé;SZ 130 000 00 00;ÊÎÄ ÞË. Ðàçìåùåíèå ñêàíà àêòà ïðèåìà-ïåðåäà÷è â ÀÑ ÅÊÑ. Êîíòðîëü ðàçìåùåíèÿ áèçíåñ-ïîäðàçäåëåíèåì ïîäïèñàííîãî àêòà ïðèåìà-ïåðåäà÷è â ÅÊÑ.;-;00;Çàïðîñû;äîêóìåíò (äîãîâîð);100;RUCH
ÎÑÖ Íîâîñèáèðñê;Àðõèâ ¹3 Åêàòåðèíáóðã;SZ 130 000 00 00;ÊÎÄ ÞË. Ðàçìåùåíèå ñêàíà àêòà ïðèåìà-ïåðåäà÷è â ÀÑ ÅÊÑ. Êîíòðîëü ðàçìåùåíèÿ áèçíåñ-ïîäðàçäåëåíèåì ïîäïèñàííîãî àêòà ïðèåìà-ïåðåäà÷è â ÅÊÑ.;-;00;Çàïðîñû;äîêóìåíò (äîãîâîð);100;RUCH
ÎÑÖ Ñàìàðà;Àðõèâ ¹1 Ñàìàðà;SZ 130 000 00 00;ÊÎÄ ÞË. Ðàçìåùåíèå ñêàíà àêòà ïðèåìà-ïåðåäà÷è â ÀÑ ÅÊÑ. Êîíòðîëü ðàçìåùåíèÿ áèçíåñ-ïîäðàçäåëåíèåì ïîäïèñàííîãî àêòà ïðèåìà-ïåðåäà÷è â ÅÊÑ.;-;00;Çàïðîñû;äîêóìåíò (äîãîâîð);126;RUCH
ÎÑÖ Âîðîíåæ;Âíå ïîäðàçäåëåíèé;SZ 189 000 00 00;Âçàèìîäåéñòâèå ñ ÎÑÃ  îòâåòñòâåííûé ñîòðóäíèê (ïðèåì/ïåðåäà÷à êîðîáîâ ïî íàðÿäàì ÎÑÃ ïðîâåðêà íàðóøåíèé öåëîñòíîñòè êîðîáîâ ôèêñàöèÿ íàðóøåíèé)/Ñîçäàíèå çàÿâêè íà âîçâðàò êîðîáà àóòñîðñåðó -Àóòñîðñèíã - ÀÑ ÖÀÐÑ (Àóòñîðñèíã);-;00;Çàïðîñû;ÀÊ;0;RUCH
ÎÑÖ Âîðîíåæ;Àðõèâ ¹1 Âîðîíåæ;SZ 189 000 00 00;Âçàèìîäåéñòâèå ñ ÎÑÃ  îòâåòñòâåííûé ñîòðóäíèê (ïðèåì/ïåðåäà÷à êîðîáîâ ïî íàðÿäàì ÎÑÃ ïðîâåðêà íàðóøåíèé öåëîñòíîñòè êîðîáîâ ôèêñàöèÿ íàðóøåíèé)/Ñîçäàíèå çàÿâêè íà âîçâðàò êîðîáà àóòñîðñåðó -Àóòñîðñèíã - ÀÑ ÖÀÐÑ (Àóòñîðñèíã);-;00;Çàïðîñû;ÀÊ;8;RUCH
ÎÑÖ Âîðîíåæ;Àðõèâ ¹3 Êàëèíèíãðàä;SZ 189 000 00 00;Âçàèìîäåéñòâèå ñ ÎÑÃ  îòâåòñòâåííûé ñîòðóäíèê (ïðèåì/ïåðåäà÷à êîðîáîâ ïî íàðÿäàì ÎÑÃ ïðîâåðêà íàðóøåíèé öåëîñòíîñòè êîðîáîâ ôèêñàöèÿ íàðóøåíèé)/Ñîçäàíèå çàÿâêè íà âîçâðàò êîðîáà àóòñîðñåðó -Àóòñîðñèíã - ÀÑ ÖÀÐÑ (Àóòñîðñèíã);-;00;Çàïðîñû;ÀÊ;0;RUCH
ÎÑÖ Âîðîíåæ;Àðõèâ ¹4 Ñàíêò-Ïåòåðáóðã;SZ 189 000 00 00;Âçàèìîäåéñòâèå ñ ÎÑÃ  îòâåòñòâåííûé ñîòðóäíèê (ïðèåì/ïåðåäà÷à êîðîáîâ ïî íàðÿäàì ÎÑÃ ïðîâåðêà íàðóøåíèé öåëîñòíîñòè êîðîáîâ ôèêñàöèÿ íàðóøåíèé)/Ñîçäàíèå çàÿâêè íà âîçâðàò êîðîáà àóòñîðñåðó -Àóòñîðñèíã - ÀÑ ÖÀÐÑ (Àóòñîðñèíã);-;00;Çàïðîñû;ÀÊ;0;RUCH
ÎÑÖ Ìîñêâà;Âíå ïîäðàçäåëåíèé;SZ 189 000 00 00;Âçàèìîäåéñòâèå ñ ÎÑÃ  îòâåòñòâåííûé ñîòðóäíèê (ïðèåì/ïåðåäà÷à êîðîáîâ ïî íàðÿäàì ÎÑÃ ïðîâåðêà íàðóøåíèé öåëîñòíîñòè êîðîáîâ ôèêñàöèÿ íàðóøåíèé)/Ñîçäàíèå çàÿâêè íà âîçâðàò êîðîáà àóòñîðñåðó -Àóòñîðñèíã - ÀÑ ÖÀÐÑ (Àóòñîðñèíã);-;00;Çàïðîñû;ÀÊ;0;RUCH
ÎÑÖ Ìîñêâà;Àðõèâ ¹1 Òîìèëèíî;SZ 189 000 00 00;Âçàèìîäåéñòâèå ñ ÎÑÃ  îòâåòñòâåííûé ñîòðóäíèê (ïðèåì/ïåðåäà÷à êîðîáîâ ïî íàðÿäàì ÎÑÃ ïðîâåðêà íàðóøåíèé öåëîñòíîñòè êîðîáîâ ôèêñàöèÿ íàðóøåíèé)/Ñîçäàíèå çàÿâêè íà âîçâðàò êîðîáà àóòñîðñåðó -Àóòñîðñèíã - ÀÑ ÖÀÐÑ (Àóòñîðñèíã);-;00;Çàïðîñû;ÀÊ;0;RUCH
ÎÑÖ Íèæíèé Íîâãîðîä;Âíå ïîäðàçäåëåíèé;SZ 189 000 00 00;Âçàèìîäåéñòâèå ñ ÎÑÃ  îòâåòñòâåííûé ñîòðóäíèê (ïðèåì/ïåðåäà÷à êîðîáîâ ïî íàðÿäàì ÎÑÃ ïðîâåðêà íàðóøåíèé öåëîñòíîñòè êîðîáîâ ôèêñàöèÿ íàðóøåíèé)/Ñîçäàíèå çàÿâêè íà âîçâðàò êîðîáà àóòñîðñåðó -Àóòñîðñèíã - ÀÑ ÖÀÐÑ (Àóòñîðñèíã);-;00;Çàïðîñû;ÀÊ;0;RUCH
ÎÑÖ Íèæíèé Íîâãîðîä;Àðõèâ ¹1 Íèæíèé Íîâãîðîä;SZ 189 000 00 00;Âçàèìîäåéñòâèå ñ ÎÑÃ  îòâåòñòâåííûé ñîòðóäíèê (ïðèåì/ïåðåäà÷à êîðîáîâ ïî íàðÿäàì ÎÑÃ ïðîâåðêà íàðóøåíèé öåëîñòíîñòè êîðîáîâ ôèêñàöèÿ íàðóøåíèé)/Ñîçäàíèå çàÿâêè íà âîçâðàò êîðîáà àóòñîðñåðó -Àóòñîðñèíã - ÀÑ ÖÀÐÑ (Àóòñîðñèíã);-;00;Çàïðîñû;ÀÊ;7;RUCH
ÎÑÖ Íîâîñèáèðñê;Âíå ïîäðàçäåëåíèé;SZ 189 000 00 00;Âçàèìîäåéñòâèå ñ ÎÑÃ  îòâåòñòâåííûé ñîòðóäíèê (ïðèåì/ïåðåäà÷à êîðîáîâ ïî íàðÿäàì ÎÑÃ ïðîâåðêà íàðóøåíèé öåëîñòíîñòè êîðîáîâ ôèêñàöèÿ íàðóøåíèé)/Ñîçäàíèå çàÿâêè íà âîçâðàò êîðîáà àóòñîðñåðó -Àóòñîðñèíã - ÀÑ ÖÀÐÑ (Àóòñîðñèíã);-;00;Çàïðîñû;ÀÊ;0;RUCH
ÎÑÖ Íîâîñèáèðñê;Àðõèâ ¹1 Íîâîñèáèðñê;SZ 189 000 00 00;Âçàèìîäåéñòâèå ñ ÎÑÃ  îòâåòñòâåííûé ñîòðóäíèê (ïðèåì/ïåðåäà÷à êîðîáîâ ïî íàðÿäàì ÎÑÃ ïðîâåðêà íàðóøåíèé öåëîñòíîñòè êîðîáîâ ôèêñàöèÿ íàðóøåíèé)/Ñîçäàíèå çàÿâêè íà âîçâðàò êîðîáà àóòñîðñåðó -Àóòñîðñèíã - ÀÑ ÖÀÐÑ (Àóòñîðñèíã);-;00;Çàïðîñû;ÀÊ;6;RUCH
ÎÑÖ Ñàìàðà;Âíå ïîäðàçäåëåíèé;SZ 189 000 00 00;Âçàèìîäåéñòâèå ñ ÎÑÃ  îòâåòñòâåííûé ñîòðóäíèê (ïðèåì/ïåðåäà÷à êîðîáîâ ïî íàðÿäàì ÎÑÃ ïðîâåðêà íàðóøåíèé öåëîñòíîñòè êîðîáîâ ôèêñàöèÿ íàðóøåíèé)/Ñîçäàíèå çàÿâêè íà âîçâðàò êîðîáà àóòñîðñåðó -Àóòñîðñèíã - ÀÑ ÖÀÐÑ (Àóòñîðñèíã);-;00;Çàïðîñû;ÀÊ;0;RUCH
ÎÑÖ Íîâîñèáèðñê;Àðõèâ ¹3 Åêàòåðèíáóðã;SZ 189 000 00 00;Âçàèìîäåéñòâèå ñ ÎÑÃ  îòâåòñòâåííûé ñîòðóäíèê (ïðèåì/ïåðåäà÷à êîðîáîâ ïî íàðÿäàì ÎÑÃ ïðîâåðêà íàðóøåíèé öåëîñòíîñòè êîðîáîâ ôèêñàöèÿ íàðóøåíèé)/Ñîçäàíèå çàÿâêè íà âîçâðàò êîðîáà àóòñîðñåðó -Àóòñîðñèíã - ÀÑ ÖÀÐÑ (Àóòñîðñèíã);-;00;Çàïðîñû;ÀÊ;0;RUCH
ÎÑÖ Ñàìàðà;Àðõèâ ¹1 Ñàìàðà;SZ 189 000 00 00;Âçàèìîäåéñòâèå ñ ÎÑÃ  îòâåòñòâåííûé ñîòðóäíèê (ïðèåì/ïåðåäà÷à êîðîáîâ ïî íàðÿäàì ÎÑÃ ïðîâåðêà íàðóøåíèé öåëîñòíîñòè êîðîáîâ ôèêñàöèÿ íàðóøåíèé)/Ñîçäàíèå çàÿâêè íà âîçâðàò êîðîáà àóòñîðñåðó -Àóòñîðñèíã - ÀÑ ÖÀÐÑ (Àóòñîðñèíã);-;00;Çàïðîñû;ÀÊ;8;RUCH
ÎÑÖ Âîðîíåæ;Âíå ïîäðàçäåëåíèé;SZ 015 000 00 00;Çàêàç ÀÊ ÷åðåç web-ôîðìó ÎÑÃ - Àóòñîðñèíã;-;00;Çàïðîñû;ñîîáùåíèå;60;RUCH
ÎÑÖ Âîðîíåæ;Àðõèâ ¹1 Âîðîíåæ;SZ 015 000 00 00;Çàêàç ÀÊ ÷åðåç web-ôîðìó ÎÑÃ - Àóòñîðñèíã;-;00;Çàïðîñû;ñîîáùåíèå;60;RUCH
ÎÑÖ Âîðîíåæ;Àðõèâ ¹3 Êàëèíèíãðàä;SZ 015 000 00 00;Çàêàç ÀÊ ÷åðåç web-ôîðìó ÎÑÃ - Àóòñîðñèíã;-;00;Çàïðîñû;ñîîáùåíèå;60;RUCH
ÎÑÖ Âîðîíåæ;Àðõèâ ¹4 Ñàíêò-Ïåòåðáóðã;SZ 015 000 00 00;Çàêàç ÀÊ ÷åðåç web-ôîðìó ÎÑÃ - Àóòñîðñèíã;-;00;Çàïðîñû;ñîîáùåíèå;0;RUCH
ÎÑÖ Ìîñêâà;Âíå ïîäðàçäåëåíèé;SZ 015 000 00 00;Çàêàç ÀÊ ÷åðåç web-ôîðìó ÎÑÃ - Àóòñîðñèíã;-;00;Çàïðîñû;ñîîáùåíèå;60;RUCH
ÎÑÖ Ìîñêâà;Àðõèâ ¹1 Òîìèëèíî;SZ 015 000 00 00;Çàêàç ÀÊ ÷åðåç web-ôîðìó ÎÑÃ - Àóòñîðñèíã;-;00;Çàïðîñû;ñîîáùåíèå;0;RUCH
ÎÑÖ Íèæíèé Íîâãîðîä;Âíå ïîäðàçäåëåíèé;SZ 015 000 00 00;Çàêàç ÀÊ ÷åðåç web-ôîðìó ÎÑÃ - Àóòñîðñèíã;-;00;Çàïðîñû;ñîîáùåíèå;60;RUCH
ÎÑÖ Íèæíèé Íîâãîðîä;Àðõèâ ¹1 Íèæíèé Íîâãîðîä;SZ 015 000 00 00;Çàêàç ÀÊ ÷åðåç web-ôîðìó ÎÑÃ - Àóòñîðñèíã;-;00;Çàïðîñû;ñîîáùåíèå;50;RUCH
ÎÑÖ Íîâîñèáèðñê;Âíå ïîäðàçäåëåíèé;SZ 015 000 00 00;Çàêàç ÀÊ ÷åðåç web-ôîðìó ÎÑÃ - Àóòñîðñèíã;-;00;Çàïðîñû;ñîîáùåíèå;60;RUCH
ÎÑÖ Íîâîñèáèðñê;Àðõèâ ¹1 Íîâîñèáèðñê;SZ 015 000 00 00;Çàêàç ÀÊ ÷åðåç web-ôîðìó ÎÑÃ - Àóòñîðñèíã;-;00;Çàïðîñû;ñîîáùåíèå;40;RUCH
ÎÑÖ Ñàìàðà;Âíå ïîäðàçäåëåíèé;SZ 015 000 00 00;Çàêàç ÀÊ ÷åðåç web-ôîðìó ÎÑÃ - Àóòñîðñèíã;-;00;Çàïðîñû;ñîîáùåíèå;60;RUCH
ÎÑÖ Íîâîñèáèðñê;Àðõèâ ¹3 Åêàòåðèíáóðã;SZ 015 000 00 00;Çàêàç ÀÊ ÷åðåç web-ôîðìó ÎÑÃ - Àóòñîðñèíã;-;00;Çàïðîñû;ñîîáùåíèå;0;RUCH
ÎÑÖ Ñàìàðà;Àðõèâ ¹1 Ñàìàðà;SZ 015 000 00 00;Çàêàç ÀÊ ÷åðåç web-ôîðìó ÎÑÃ - Àóòñîðñèíã;-;00;Çàïðîñû;ñîîáùåíèå;60;RUCH
ÎÑÖ Âîðîíåæ;Âíå ïîäðàçäåëåíèé;SZ 016 000 00 00;Ôîðìèðîâàíèå çàäàíèé íà ïîäáîð êîðîáîâ â Àóòñîðñèíã| âíåñåíèå äàííûõ â Æóðíàë ó÷åòà - Àóòñîðñèíã;-;00;Çàïðîñû;ÀÊ;60;RUCH
ÎÑÖ Âîðîíåæ;Àðõèâ ¹1 Âîðîíåæ;SZ 016 000 00 00;Ôîðìèðîâàíèå çàäàíèé íà ïîäáîð êîðîáîâ â Àóòñîðñèíã| âíåñåíèå äàííûõ â Æóðíàë ó÷åòà - Àóòñîðñèíã;-;00;Çàïðîñû;ÀÊ;60;RUCH
ÎÑÖ Âîðîíåæ;Àðõèâ ¹3 Êàëèíèíãðàä;SZ 016 000 00 00;Ôîðìèðîâàíèå çàäàíèé íà ïîäáîð êîðîáîâ â Àóòñîðñèíã| âíåñåíèå äàííûõ â Æóðíàë ó÷åòà - Àóòñîðñèíã;-;00;Çàïðîñû;ÀÊ;60;RUCH
ÎÑÖ Âîðîíåæ;Àðõèâ ¹4 Ñàíêò-Ïåòåðáóðã;SZ 016 000 00 00;Ôîðìèðîâàíèå çàäàíèé íà ïîäáîð êîðîáîâ â Àóòñîðñèíã| âíåñåíèå äàííûõ â Æóðíàë ó÷åòà - Àóòñîðñèíã;-;00;Çàïðîñû;ÀÊ;0;RUCH
ÎÑÖ Ìîñêâà;Âíå ïîäðàçäåëåíèé;SZ 016 000 00 00;Ôîðìèðîâàíèå çàäàíèé íà ïîäáîð êîðîáîâ â Àóòñîðñèíã| âíåñåíèå äàííûõ â Æóðíàë ó÷åòà - Àóòñîðñèíã;-;00;Çàïðîñû;ÀÊ;60;RUCH
ÎÑÖ Ìîñêâà;Àðõèâ ¹1 Òîìèëèíî;SZ 016 000 00 00;Ôîðìèðîâàíèå çàäàíèé íà ïîäáîð êîðîáîâ â Àóòñîðñèíã| âíåñåíèå äàííûõ â Æóðíàë ó÷åòà - Àóòñîðñèíã;-;00;Çàïðîñû;ÀÊ;30;RUCH
ÎÑÖ Íèæíèé Íîâãîðîä;Âíå ïîäðàçäåëåíèé;SZ 016 000 00 00;Ôîðìèðîâàíèå çàäàíèé íà ïîäáîð êîðîáîâ â Àóòñîðñèíã| âíåñåíèå äàííûõ â Æóðíàë ó÷åòà - Àóòñîðñèíã;-;00;Çàïðîñû;ÀÊ;60;RUCH
ÎÑÖ Íèæíèé Íîâãîðîä;Àðõèâ ¹1 Íèæíèé Íîâãîðîä;SZ 016 000 00 00;Ôîðìèðîâàíèå çàäàíèé íà ïîäáîð êîðîáîâ â Àóòñîðñèíã| âíåñåíèå äàííûõ â Æóðíàë ó÷åòà - Àóòñîðñèíã;-;00;Çàïðîñû;ÀÊ;0;RUCH
ÎÑÖ Íîâîñèáèðñê;Âíå ïîäðàçäåëåíèé;SZ 016 000 00 00;Ôîðìèðîâàíèå çàäàíèé íà ïîäáîð êîðîáîâ â Àóòñîðñèíã| âíåñåíèå äàííûõ â Æóðíàë ó÷åòà - Àóòñîðñèíã;-;00;Çàïðîñû;ÀÊ;60;RUCH
ÎÑÖ Íîâîñèáèðñê;Àðõèâ ¹1 Íîâîñèáèðñê;SZ 016 000 00 00;Ôîðìèðîâàíèå çàäàíèé íà ïîäáîð êîðîáîâ â Àóòñîðñèíã| âíåñåíèå äàííûõ â Æóðíàë ó÷åòà - Àóòñîðñèíã;-;00;Çàïðîñû;ÀÊ;30;RUCH
ÎÑÖ Ñàìàðà;Âíå ïîäðàçäåëåíèé;SZ 016 000 00 00;Ôîðìèðîâàíèå çàäàíèé íà ïîäáîð êîðîáîâ â Àóòñîðñèíã| âíåñåíèå äàííûõ â Æóðíàë ó÷åòà - Àóòñîðñèíã;-;00;Çàïðîñû;ÀÊ;60;RUCH
ÎÑÖ Íîâîñèáèðñê;Àðõèâ ¹3 Åêàòåðèíáóðã;SZ 016 000 00 00;Ôîðìèðîâàíèå çàäàíèé íà ïîäáîð êîðîáîâ â Àóòñîðñèíã| âíåñåíèå äàííûõ â Æóðíàë ó÷åòà - Àóòñîðñèíã;-;00;Çàïðîñû;ÀÊ;0;RUCH
ÎÑÖ Ñàìàðà;Àðõèâ ¹1 Ñàìàðà;SZ 016 000 00 00;Ôîðìèðîâàíèå çàäàíèé íà ïîäáîð êîðîáîâ â Àóòñîðñèíã| âíåñåíèå äàííûõ â Æóðíàë ó÷åòà - Àóòñîðñèíã;-;00;Çàïðîñû;ÀÊ;60;RUCH
ÎÑÖ Ìîñêâà;Âíå ïîäðàçäåëåíèé;SZ 202 000 00 00;Îáðàáîòêà ôàéëîâ ÓÀÊ| íåðàçìåùåííûõ àâòîìàòè÷åñêè â ÀÑ ÖÀÐÑ;-;00;Çàïðîñû;äîêóìåíò/ ôàéë;0;RUCH
ÎÑÖ Ìîñêâà;Àðõèâ ¹1 Òîìèëèíî;SZ 202 000 00 00;Îáðàáîòêà ôàéëîâ ÓÀÊ| íåðàçìåùåííûõ àâòîìàòè÷åñêè â ÀÑ ÖÀÐÑ;-;00;Çàïðîñû;äîêóìåíò/ ôàéë;0;RUCH
ÎÑÖ Íèæíèé Íîâãîðîä;Âíå ïîäðàçäåëåíèé;SZ 202 000 00 00;Îáðàáîòêà ôàéëîâ ÓÀÊ| íåðàçìåùåííûõ àâòîìàòè÷åñêè â ÀÑ ÖÀÐÑ;-;00;Çàïðîñû;äîêóìåíò/ ôàéë;0;RUCH
ÎÑÖ Íèæíèé Íîâãîðîä;Àðõèâ ¹1 Íèæíèé Íîâãîðîä;SZ 202 000 00 00;Îáðàáîòêà ôàéëîâ ÓÀÊ| íåðàçìåùåííûõ àâòîìàòè÷åñêè â ÀÑ ÖÀÐÑ;-;00;Çàïðîñû;äîêóìåíò/ ôàéë;0;RUCH
ÎÑÖ Íîâîñèáèðñê;Âíå ïîäðàçäåëåíèé;SZ 202 000 00 00;Îáðàáîòêà ôàéëîâ ÓÀÊ| íåðàçìåùåííûõ àâòîìàòè÷åñêè â ÀÑ ÖÀÐÑ;-;00;Çàïðîñû;äîêóìåíò/ ôàéë;0;RUCH
ÎÑÖ Íîâîñèáèðñê;Àðõèâ ¹1 Íîâîñèáèðñê;SZ 202 000 00 00;Îáðàáîòêà ôàéëîâ ÓÀÊ| íåðàçìåùåííûõ àâòîìàòè÷åñêè â ÀÑ ÖÀÐÑ;-;00;Çàïðîñû;äîêóìåíò/ ôàéë;0;RUCH
ÎÑÖ Ñàìàðà;Âíå ïîäðàçäåëåíèé;SZ 202 000 00 00;Îáðàáîòêà ôàéëîâ ÓÀÊ| íåðàçìåùåííûõ àâòîìàòè÷åñêè â ÀÑ ÖÀÐÑ;-;00;Çàïðîñû;äîêóìåíò/ ôàéë;0;RUCH
ÎÑÖ Íîâîñèáèðñê;Àðõèâ ¹3 Åêàòåðèíáóðã;SZ 202 000 00 00;Îáðàáîòêà ôàéëîâ ÓÀÊ| íåðàçìåùåííûõ àâòîìàòè÷åñêè â ÀÑ ÖÀÐÑ;-;00;Çàïðîñû;äîêóìåíò/ ôàéë;0;RUCH
ÎÑÖ Ñàìàðà;Àðõèâ ¹1 Ñàìàðà;SZ 202 000 00 00;Îáðàáîòêà ôàéëîâ ÓÀÊ| íåðàçìåùåííûõ àâòîìàòè÷åñêè â ÀÑ ÖÀÐÑ;-;00;Çàïðîñû;äîêóìåíò/ ôàéë;0;RUCH
ÎÑÖ Âîðîíåæ;Àðõèâ ¹1 Âîðîíåæ;SZ 204 000 00 00;Ðàñïðåäåëåíèå è çàêðûòèå çàÿâîê èç ñïèñêà íà  îæèäàíèå| îäîáðåíèå çàÿâîê â ñïèñêå êîíôëèêòóþùèõ - ÀÑ ÖÀÐÑ;-;00;Çàïðîñû;çàÿâêà;75;RUCH
ÎÑÖ Âîðîíåæ;Àðõèâ ¹3 Êàëèíèíãðàä;SZ 204 000 00 00;Ðàñïðåäåëåíèå è çàêðûòèå çàÿâîê èç ñïèñêà íà  îæèäàíèå| îäîáðåíèå çàÿâîê â ñïèñêå êîíôëèêòóþùèõ - ÀÑ ÖÀÐÑ;-;00;Çàïðîñû;çàÿâêà;75;RUCH
ÎÑÖ Âîðîíåæ;Àðõèâ ¹4 Ñàíêò-Ïåòåðáóðã;SZ 204 000 00 00;Ðàñïðåäåëåíèå è çàêðûòèå çàÿâîê èç ñïèñêà íà  îæèäàíèå| îäîáðåíèå çàÿâîê â ñïèñêå êîíôëèêòóþùèõ - ÀÑ ÖÀÐÑ;-;00;Çàïðîñû;çàÿâêà;75;RUCH
ÎÑÖ Ìîñêâà;Àðõèâ ¹1 Òîìèëèíî;SZ 204 000 00 00;Ðàñïðåäåëåíèå è çàêðûòèå çàÿâîê èç ñïèñêà íà  îæèäàíèå| îäîáðåíèå çàÿâîê â ñïèñêå êîíôëèêòóþùèõ - ÀÑ ÖÀÐÑ;-;00;Çàïðîñû;çàÿâêà;75;RUCH
ÎÑÖ Íèæíèé Íîâãîðîä;Àðõèâ ¹1 Íèæíèé Íîâãîðîä;SZ 204 000 00 00;Ðàñïðåäåëåíèå è çàêðûòèå çàÿâîê èç ñïèñêà íà  îæèäàíèå| îäîáðåíèå çàÿâîê â ñïèñêå êîíôëèêòóþùèõ - ÀÑ ÖÀÐÑ;-;00;Çàïðîñû;çàÿâêà;75;RUCH
ÎÑÖ Íîâîñèáèðñê;Àðõèâ ¹1 Íîâîñèáèðñê;SZ 204 000 00 00;Ðàñïðåäåëåíèå è çàêðûòèå çàÿâîê èç ñïèñêà íà  îæèäàíèå| îäîáðåíèå çàÿâîê â ñïèñêå êîíôëèêòóþùèõ - ÀÑ ÖÀÐÑ;-;00;Çàïðîñû;çàÿâêà;75;RUCH
ÎÑÖ Íîâîñèáèðñê;Àðõèâ ¹3 Åêàòåðèíáóðã;SZ 204 000 00 00;Ðàñïðåäåëåíèå è çàêðûòèå çàÿâîê èç ñïèñêà íà  îæèäàíèå| îäîáðåíèå çàÿâîê â ñïèñêå êîíôëèêòóþùèõ - ÀÑ ÖÀÐÑ;-;00;Çàïðîñû;çàÿâêà;75;RUCH
ÎÑÖ Ñàìàðà;Àðõèâ ¹1 Ñàìàðà;SZ 204 000 00 00;Ðàñïðåäåëåíèå è çàêðûòèå çàÿâîê èç ñïèñêà íà  îæèäàíèå| îäîáðåíèå çàÿâîê â ñïèñêå êîíôëèêòóþùèõ - ÀÑ ÖÀÐÑ;-;00;Çàïðîñû;çàÿâêà;75;RUCH
ÎÑÖ Âîðîíåæ;Âíå ïîäðàçäåëåíèé;SR 282 000 00 00;Ôàêòè÷åñêîå ðàçìåùåíèå ñøèâîâ ÄÄ íà ñòåëëàæàõ| áåç ïðèâÿçêè ê ìåñòó õðàíåíèÿ;-;00;Ðåãèñòðàöèÿ;ÀÊ;18;RUCH
ÎÑÖ Âîðîíåæ;Àðõèâ ¹1 Âîðîíåæ;SR 282 000 00 00;Ôàêòè÷åñêîå ðàçìåùåíèå ñøèâîâ ÄÄ íà ñòåëëàæàõ| áåç ïðèâÿçêè ê ìåñòó õðàíåíèÿ;-;00;Ðåãèñòðàöèÿ;ÀÊ;18;RUCH
ÎÑÖ Âîðîíåæ;Àðõèâ ¹3 Êàëèíèíãðàä;SR 282 000 00 00;Ôàêòè÷åñêîå ðàçìåùåíèå ñøèâîâ ÄÄ íà ñòåëëàæàõ| áåç ïðèâÿçêè ê ìåñòó õðàíåíèÿ;-;00;Ðåãèñòðàöèÿ;ÀÊ;18;RUCH
ÎÑÖ Âîðîíåæ;Àðõèâ ¹4 Ñàíêò-Ïåòåðáóðã;SR 282 000 00 00;Ôàêòè÷åñêîå ðàçìåùåíèå ñøèâîâ ÄÄ íà ñòåëëàæàõ| áåç ïðèâÿçêè ê ìåñòó õðàíåíèÿ;-;00;Ðåãèñòðàöèÿ;ÀÊ;18;RUCH
ÎÑÖ Ìîñêâà;Âíå ïîäðàçäåëåíèé;SR 282 000 00 00;Ôàêòè÷åñêîå ðàçìåùåíèå ñøèâîâ ÄÄ íà ñòåëëàæàõ| áåç ïðèâÿçêè ê ìåñòó õðàíåíèÿ;-;00;Ðåãèñòðàöèÿ;ÀÊ;18;RUCH
ÎÑÖ Ìîñêâà;Àðõèâ ¹1 Òîìèëèíî;SR 282 000 00 00;Ôàêòè÷åñêîå ðàçìåùåíèå ñøèâîâ ÄÄ íà ñòåëëàæàõ| áåç ïðèâÿçêè ê ìåñòó õðàíåíèÿ;-;00;Ðåãèñòðàöèÿ;ÀÊ;18;RUCH
ÎÑÖ Íèæíèé Íîâãîðîä;Âíå ïîäðàçäåëåíèé;SR 282 000 00 00;Ôàêòè÷åñêîå ðàçìåùåíèå ñøèâîâ ÄÄ íà ñòåëëàæàõ| áåç ïðèâÿçêè ê ìåñòó õðàíåíèÿ;-;00;Ðåãèñòðàöèÿ;ÀÊ;18;RUCH
ÎÑÖ Íèæíèé Íîâãîðîä;Àðõèâ ¹1 Íèæíèé Íîâãîðîä;SR 282 000 00 00;Ôàêòè÷åñêîå ðàçìåùåíèå ñøèâîâ ÄÄ íà ñòåëëàæàõ| áåç ïðèâÿçêè ê ìåñòó õðàíåíèÿ;-;00;Ðåãèñòðàöèÿ;ÀÊ;0;RUCH
ÎÑÖ Íîâîñèáèðñê;Âíå ïîäðàçäåëåíèé;SR 282 000 00 00;Ôàêòè÷åñêîå ðàçìåùåíèå ñøèâîâ ÄÄ íà ñòåëëàæàõ| áåç ïðèâÿçêè ê ìåñòó õðàíåíèÿ;-;00;Ðåãèñòðàöèÿ;ÀÊ;18;RUCH
ÎÑÖ Íîâîñèáèðñê;Àðõèâ ¹1 Íîâîñèáèðñê;SR 282 000 00 00;Ôàêòè÷åñêîå ðàçìåùåíèå ñøèâîâ ÄÄ íà ñòåëëàæàõ| áåç ïðèâÿçêè ê ìåñòó õðàíåíèÿ;-;00;Ðåãèñòðàöèÿ;ÀÊ;18;RUCH
ÎÑÖ Ñàìàðà;Âíå ïîäðàçäåëåíèé;SR 282 000 00 00;Ôàêòè÷åñêîå ðàçìåùåíèå ñøèâîâ ÄÄ íà ñòåëëàæàõ| áåç ïðèâÿçêè ê ìåñòó õðàíåíèÿ;-;00;Ðåãèñòðàöèÿ;ÀÊ;18;RUCH
ÎÑÖ Íîâîñèáèðñê;Àðõèâ ¹3 Åêàòåðèíáóðã;SR 282 000 00 00;Ôàêòè÷åñêîå ðàçìåùåíèå ñøèâîâ ÄÄ íà ñòåëëàæàõ| áåç ïðèâÿçêè ê ìåñòó õðàíåíèÿ;-;00;Ðåãèñòðàöèÿ;ÀÊ;18;RUCH
ÎÑÖ Ñàìàðà;Àðõèâ ¹1 Ñàìàðà;SR 282 000 00 00;Ôàêòè÷åñêîå ðàçìåùåíèå ñøèâîâ ÄÄ íà ñòåëëàæàõ| áåç ïðèâÿçêè ê ìåñòó õðàíåíèÿ;-;00;Ðåãèñòðàöèÿ;ÀÊ;18;RUCH
ÎÑÖ Âîðîíåæ;Âíå ïîäðàçäåëåíèé;SR 283 000 00 00;Îïëîìáèðîâêà ÀÊ;-;00;Ðåãèñòðàöèÿ;ÀÊ;30;RUCH
ÎÑÖ Âîðîíåæ;Àðõèâ ¹1 Âîðîíåæ;SR 283 000 00 00;Îïëîìáèðîâêà ÀÊ;-;00;Ðåãèñòðàöèÿ;ÀÊ;30;RUCH
ÎÑÖ Âîðîíåæ;Àðõèâ ¹3 Êàëèíèíãðàä;SR 283 000 00 00;Îïëîìáèðîâêà ÀÊ;-;00;Ðåãèñòðàöèÿ;ÀÊ;30;RUCH
ÎÑÖ Âîðîíåæ;Àðõèâ ¹4 Ñàíêò-Ïåòåðáóðã;SR 283 000 00 00;Îïëîìáèðîâêà ÀÊ;-;00;Ðåãèñòðàöèÿ;ÀÊ;30;RUCH
ÎÑÖ Ìîñêâà;Âíå ïîäðàçäåëåíèé;SR 283 000 00 00;Îïëîìáèðîâêà ÀÊ;-;00;Ðåãèñòðàöèÿ;ÀÊ;30;RUCH
ÎÑÖ Ìîñêâà;Àðõèâ ¹1 Òîìèëèíî;SR 283 000 00 00;Îïëîìáèðîâêà ÀÊ;-;00;Ðåãèñòðàöèÿ;ÀÊ;30;RUCH
ÎÑÖ Íèæíèé Íîâãîðîä;Âíå ïîäðàçäåëåíèé;SR 283 000 00 00;Îïëîìáèðîâêà ÀÊ;-;00;Ðåãèñòðàöèÿ;ÀÊ;30;RUCH
ÎÑÖ Íèæíèé Íîâãîðîä;Àðõèâ ¹1 Íèæíèé Íîâãîðîä;SR 283 000 00 00;Îïëîìáèðîâêà ÀÊ;-;00;Ðåãèñòðàöèÿ;ÀÊ;30;RUCH
ÎÑÖ Íîâîñèáèðñê;Âíå ïîäðàçäåëåíèé;SR 283 000 00 00;Îïëîìáèðîâêà ÀÊ;-;00;Ðåãèñòðàöèÿ;ÀÊ;30;RUCH
ÎÑÖ Íîâîñèáèðñê;Àðõèâ ¹1 Íîâîñèáèðñê;SR 283 000 00 00;Îïëîìáèðîâêà ÀÊ;-;00;Ðåãèñòðàöèÿ;ÀÊ;30;RUCH
ÎÑÖ Ñàìàðà;Âíå ïîäðàçäåëåíèé;SR 283 000 00 00;Îïëîìáèðîâêà ÀÊ;-;00;Ðåãèñòðàöèÿ;ÀÊ;30;RUCH
ÎÑÖ Íîâîñèáèðñê;Àðõèâ ¹3 Åêàòåðèíáóðã;SR 283 000 00 00;Îïëîìáèðîâêà ÀÊ;-;00;Ðåãèñòðàöèÿ;ÀÊ;30;RUCH
ÎÑÖ Ñàìàðà;Àðõèâ ¹1 Ñàìàðà;SR 283 000 00 00;Îïëîìáèðîâêà ÀÊ;-;00;Ðåãèñòðàöèÿ;ÀÊ;30;RUCH
ÎÑÖ Âîðîíåæ;Âíå ïîäðàçäåëåíèé;SR 303 000 00 00;Ðåãèñòðàöèÿ äîêóìåíòà ÷åðåç ðó÷íóþ ïðèâÿçêó;-;00;Ðåãèñòðàöèÿ;ØÊ;10;RUCH
ÎÑÖ Âîðîíåæ;Àðõèâ ¹1 Âîðîíåæ;SR 303 000 00 00;Ðåãèñòðàöèÿ äîêóìåíòà ÷åðåç ðó÷íóþ ïðèâÿçêó;-;00;Ðåãèñòðàöèÿ;ØÊ;10;RUCH
ÎÑÖ Âîðîíåæ;Àðõèâ ¹3 Êàëèíèíãðàä;SR 303 000 00 00;Ðåãèñòðàöèÿ äîêóìåíòà ÷åðåç ðó÷íóþ ïðèâÿçêó;-;00;Ðåãèñòðàöèÿ;ØÊ;10;RUCH
ÎÑÖ Âîðîíåæ;Àðõèâ ¹4 Ñàíêò-Ïåòåðáóðã;SR 303 000 00 00;Ðåãèñòðàöèÿ äîêóìåíòà ÷åðåç ðó÷íóþ ïðèâÿçêó;-;00;Ðåãèñòðàöèÿ;ØÊ;10;RUCH
ÎÑÖ Ìîñêâà;Âíå ïîäðàçäåëåíèé;SR 303 000 00 00;Ðåãèñòðàöèÿ äîêóìåíòà ÷åðåç ðó÷íóþ ïðèâÿçêó;-;00;Ðåãèñòðàöèÿ;ØÊ;10;RUCH
ÎÑÖ Ìîñêâà;Àðõèâ ¹1 Òîìèëèíî;SR 303 000 00 00;Ðåãèñòðàöèÿ äîêóìåíòà ÷åðåç ðó÷íóþ ïðèâÿçêó;-;00;Ðåãèñòðàöèÿ;ØÊ;10;RUCH
ÎÑÖ Íèæíèé Íîâãîðîä;Âíå ïîäðàçäåëåíèé;SR 303 000 00 00;Ðåãèñòðàöèÿ äîêóìåíòà ÷åðåç ðó÷íóþ ïðèâÿçêó;-;00;Ðåãèñòðàöèÿ;ØÊ;10;RUCH
ÎÑÖ Íèæíèé Íîâãîðîä;Àðõèâ ¹1 Íèæíèé Íîâãîðîä;SR 303 000 00 00;Ðåãèñòðàöèÿ äîêóìåíòà ÷åðåç ðó÷íóþ ïðèâÿçêó;-;00;Ðåãèñòðàöèÿ;ØÊ;10;RUCH
ÎÑÖ Íîâîñèáèðñê;Âíå ïîäðàçäåëåíèé;SR 303 000 00 00;Ðåãèñòðàöèÿ äîêóìåíòà ÷åðåç ðó÷íóþ ïðèâÿçêó;-;00;Ðåãèñòðàöèÿ;ØÊ;10;RUCH
ÎÑÖ Íîâîñèáèðñê;Àðõèâ ¹1 Íîâîñèáèðñê;SR 303 000 00 00;Ðåãèñòðàöèÿ äîêóìåíòà ÷åðåç ðó÷íóþ ïðèâÿçêó;-;00;Ðåãèñòðàöèÿ;ØÊ;10;RUCH
ÎÑÖ Ñàìàðà;Âíå ïîäðàçäåëåíèé;SR 303 000 00 00;Ðåãèñòðàöèÿ äîêóìåíòà ÷åðåç ðó÷íóþ ïðèâÿçêó;-;00;Ðåãèñòðàöèÿ;ØÊ;10;RUCH
ÎÑÖ Íîâîñèáèðñê;Àðõèâ ¹3 Åêàòåðèíáóðã;SR 303 000 00 00;Ðåãèñòðàöèÿ äîêóìåíòà ÷åðåç ðó÷íóþ ïðèâÿçêó;-;00;Ðåãèñòðàöèÿ;ØÊ;10;RUCH
ÎÑÖ Ñàìàðà;Àðõèâ ¹1 Ñàìàðà;SR 303 000 00 00;Ðåãèñòðàöèÿ äîêóìåíòà ÷åðåç ðó÷íóþ ïðèâÿçêó;-;00;Ðåãèñòðàöèÿ;ØÊ;10;RUCH
ÎÑÖ Âîðîíåæ;Âíå ïîäðàçäåëåíèé;PR 003 000 00 00;Àíàëèç ïðîöåññîâ ÑÖ Àðõèâ íà ïëàòôîðìå Process Mining;-;00;Íåïðîèçâîäñòâåííûå;Ìèíóòà;60;RUCH
ÎÑÖ Âîðîíåæ;Âíå ïîäðàçäåëåíèé;PR 004 000 00 00;Ïðîâåäåíèå çàìåðîâ êîëè÷åñòâà ëèñòîâ áóìàãè DI.;-;00;Ïðîåêòû;Ìèíóòà;60;RUCH
ÎÑÖ Âîðîíåæ;Âíå ïîäðàçäåëåíèé;PR 005 000 00 00;Ââîä íîâûõ îïåðàöèé/íîðìàòèâîâ â Êàäðèëü;-;00;Ïðîåêòû;Ìèíóòà;60;RUCH
ÎÑÖ Âîðîíåæ;Âíå ïîäðàçäåëåíèé;PR 006 000 00 00;Ïðîâåäåíèå îïåðàöèé ñ íåóñòàíîâëåííûìè íîðìàòèâàìè;-;00;Ïðîåêòû;Ìèíóòà;60;RUCH
ÎÑÖ Âîðîíåæ;Àðõèâ ¹1 Âîðîíåæ;PR 003 000 00 00;Àíàëèç ïðîöåññîâ ÑÖ Àðõèâ íà ïëàòôîðìå Process Mining;-;00;Íåïðîèçâîäñòâåííûå;Ìèíóòà;60;RUCH
ÎÑÖ Âîðîíåæ;Àðõèâ ¹1 Âîðîíåæ;PR 004 000 00 00;Ïðîâåäåíèå çàìåðîâ êîëè÷åñòâà ëèñòîâ áóìàãè DI.;-;00;Ïðîåêòû;Ìèíóòà;60;RUCH
ÎÑÖ Âîðîíåæ;Àðõèâ ¹1 Âîðîíåæ;PR 005 000 00 00;Ââîä íîâûõ îïåðàöèé/íîðìàòèâîâ â Êàäðèëü;-;00;Ïðîåêòû;Ìèíóòà;60;RUCH
ÎÑÖ Âîðîíåæ;Àðõèâ ¹1 Âîðîíåæ;PR 006 000 00 00;Ïðîâåäåíèå îïåðàöèé ñ íåóñòàíîâëåííûìè íîðìàòèâàìè;-;00;Ïðîåêòû;Ìèíóòà;60;RUCH
ÎÑÖ Âîðîíåæ;Àðõèâ ¹2 Ñòàâðîïîëü;PR 003 000 00 00;Àíàëèç ïðîöåññîâ ÑÖ Àðõèâ íà ïëàòôîðìå Process Mining;-;00;Íåïðîèçâîäñòâåííûå;Ìèíóòà;60;RUCH
ÎÑÖ Âîðîíåæ;Àðõèâ ¹3 Êàëèíèíãðàä;PR 003 000 00 00;Àíàëèç ïðîöåññîâ ÑÖ Àðõèâ íà ïëàòôîðìå Process Mining;-;00;Íåïðîèçâîäñòâåííûå;Ìèíóòà;60;RUCH
ÎÑÖ Âîðîíåæ;Àðõèâ ¹3 Êàëèíèíãðàä;PR 004 000 00 00;Ïðîâåäåíèå çàìåðîâ êîëè÷åñòâà ëèñòîâ áóìàãè DI.;-;00;Ïðîåêòû;Ìèíóòà;60;RUCH
ÎÑÖ Âîðîíåæ;Àðõèâ ¹3 Êàëèíèíãðàä;PR 005 000 00 00;Ââîä íîâûõ îïåðàöèé/íîðìàòèâîâ â Êàäðèëü;-;00;Ïðîåêòû;Ìèíóòà;60;RUCH
ÎÑÖ Âîðîíåæ;Àðõèâ ¹3 Êàëèíèíãðàä;PR 006 000 00 00;Ïðîâåäåíèå îïåðàöèé ñ íåóñòàíîâëåííûìè íîðìàòèâàìè;-;00;Ïðîåêòû;Ìèíóòà;60;RUCH
ÎÑÖ Âîðîíåæ;Àðõèâ ¹4 Ñàíêò-Ïåòåðáóðã;PR 003 000 00 00;Àíàëèç ïðîöåññîâ ÑÖ Àðõèâ íà ïëàòôîðìå Process Mining;-;00;Íåïðîèçâîäñòâåííûå;Ìèíóòà;60;RUCH
ÎÑÖ Âîðîíåæ;Àðõèâ ¹4 Ñàíêò-Ïåòåðáóðã;PR 004 000 00 00;Ïðîâåäåíèå çàìåðîâ êîëè÷åñòâà ëèñòîâ áóìàãè DI.;-;00;Ïðîåêòû;Ìèíóòà;60;RUCH
ÎÑÖ Âîðîíåæ;Àðõèâ ¹4 Ñàíêò-Ïåòåðáóðã;PR 005 000 00 00;Ââîä íîâûõ îïåðàöèé/íîðìàòèâîâ â Êàäðèëü;-;00;Ïðîåêòû;Ìèíóòà;60;RUCH
ÎÑÖ Âîðîíåæ;Àðõèâ ¹4 Ñàíêò-Ïåòåðáóðã;PR 006 000 00 00;Ïðîâåäåíèå îïåðàöèé ñ íåóñòàíîâëåííûìè íîðìàòèâàìè;-;00;Ïðîåêòû;Ìèíóòà;60;RUCH
ÎÑÖ Ìîñêâà;Âíå ïîäðàçäåëåíèé;PR 003 000 00 00;Àíàëèç ïðîöåññîâ ÑÖ Àðõèâ íà ïëàòôîðìå Process Mining;-;00;Íåïðîèçâîäñòâåííûå;Ìèíóòà;60;RUCH
ÎÑÖ Ìîñêâà;Âíå ïîäðàçäåëåíèé;PR 004 000 00 00;Ïðîâåäåíèå çàìåðîâ êîëè÷åñòâà ëèñòîâ áóìàãè DI.;-;00;Ïðîåêòû;Ìèíóòà;60;RUCH
ÎÑÖ Ìîñêâà;Âíå ïîäðàçäåëåíèé;PR 005 000 00 00;Ââîä íîâûõ îïåðàöèé/íîðìàòèâîâ â Êàäðèëü;-;00;Ïðîåêòû;Ìèíóòà;60;RUCH
ÎÑÖ Ìîñêâà;Âíå ïîäðàçäåëåíèé;PR 006 000 00 00;Ïðîâåäåíèå îïåðàöèé ñ íåóñòàíîâëåííûìè íîðìàòèâàìè;-;00;Ïðîåêòû;Ìèíóòà;60;RUCH
ÎÑÖ Ìîñêâà;Àðõèâ ¹1 Òîìèëèíî;PR 003 000 00 00;Àíàëèç ïðîöåññîâ ÑÖ Àðõèâ íà ïëàòôîðìå Process Mining;-;00;Íåïðîèçâîäñòâåííûå;Ìèíóòà;60;RUCH
ÎÑÖ Ìîñêâà;Àðõèâ ¹1 Òîìèëèíî;PR 004 000 00 00;Ïðîâåäåíèå çàìåðîâ êîëè÷åñòâà ëèñòîâ áóìàãè DI.;-;00;Ïðîåêòû;Ìèíóòà;60;RUCH
ÎÑÖ Ìîñêâà;Àðõèâ ¹1 Òîìèëèíî;PR 005 000 00 00;Ââîä íîâûõ îïåðàöèé/íîðìàòèâîâ â Êàäðèëü;-;00;Ïðîåêòû;Ìèíóòà;60;RUCH
ÎÑÖ Ìîñêâà;Àðõèâ ¹1 Òîìèëèíî;PR 006 000 00 00;Ïðîâåäåíèå îïåðàöèé ñ íåóñòàíîâëåííûìè íîðìàòèâàìè;-;00;Ïðîåêòû;Ìèíóòà;60;RUCH
ÎÑÖ Íèæíèé Íîâãîðîä;Âíå ïîäðàçäåëåíèé;PR 003 000 00 00;Àíàëèç ïðîöåññîâ ÑÖ Àðõèâ íà ïëàòôîðìå Process Mining;-;00;Íåïðîèçâîäñòâåííûå;Ìèíóòà;60;RUCH
ÎÑÖ Íèæíèé Íîâãîðîä;Âíå ïîäðàçäåëåíèé;PR 004 000 00 00;Ïðîâåäåíèå çàìåðîâ êîëè÷åñòâà ëèñòîâ áóìàãè DI.;-;00;Ïðîåêòû;Ìèíóòà;60;RUCH
ÎÑÖ Íèæíèé Íîâãîðîä;Âíå ïîäðàçäåëåíèé;PR 005 000 00 00;Ââîä íîâûõ îïåðàöèé/íîðìàòèâîâ â Êàäðèëü;-;00;Ïðîåêòû;Ìèíóòà;60;RUCH
ÎÑÖ Íèæíèé Íîâãîðîä;Âíå ïîäðàçäåëåíèé;PR 006 000 00 00;Ïðîâåäåíèå îïåðàöèé ñ íåóñòàíîâëåííûìè íîðìàòèâàìè;-;00;Ïðîåêòû;Ìèíóòà;60;RUCH
ÎÑÖ Íèæíèé Íîâãîðîä;Àðõèâ ¹1 Íèæíèé Íîâãîðîä;PR 003 000 00 00;Àíàëèç ïðîöåññîâ ÑÖ Àðõèâ íà ïëàòôîðìå Process Mining;-;00;Íåïðîèçâîäñòâåííûå;Ìèíóòà;60;RUCH
ÎÑÖ Íèæíèé Íîâãîðîä;Àðõèâ ¹1 Íèæíèé Íîâãîðîä;PR 004 000 00 00;Ïðîâåäåíèå çàìåðîâ êîëè÷åñòâà ëèñòîâ áóìàãè DI.;-;00;Ïðîåêòû;Ìèíóòà;60;RUCH
ÎÑÖ Íèæíèé Íîâãîðîä;Àðõèâ ¹1 Íèæíèé Íîâãîðîä;PR 005 000 00 00;Ââîä íîâûõ îïåðàöèé/íîðìàòèâîâ â Êàäðèëü;-;00;Ïðîåêòû;Ìèíóòà;60;RUCH
ÎÑÖ Íèæíèé Íîâãîðîä;Àðõèâ ¹1 Íèæíèé Íîâãîðîä;PR 006 000 00 00;Ïðîâåäåíèå îïåðàöèé ñ íåóñòàíîâëåííûìè íîðìàòèâàìè;-;00;Ïðîåêòû;Ìèíóòà;60;RUCH
ÎÑÖ Íîâîñèáèðñê;Âíå ïîäðàçäåëåíèé;PR 003 000 00 00;Àíàëèç ïðîöåññîâ ÑÖ Àðõèâ íà ïëàòôîðìå Process Mining;-;00;Íåïðîèçâîäñòâåííûå;Ìèíóòà;60;RUCH
ÎÑÖ Íîâîñèáèðñê;Âíå ïîäðàçäåëåíèé;PR 004 000 00 00;Ïðîâåäåíèå çàìåðîâ êîëè÷åñòâà ëèñòîâ áóìàãè DI.;-;00;Ïðîåêòû;Ìèíóòà;60;RUCH
ÎÑÖ Íîâîñèáèðñê;Âíå ïîäðàçäåëåíèé;PR 005 000 00 00;Ââîä íîâûõ îïåðàöèé/íîðìàòèâîâ â Êàäðèëü;-;00;Ïðîåêòû;Ìèíóòà;60;RUCH
ÎÑÖ Íîâîñèáèðñê;Âíå ïîäðàçäåëåíèé;PR 006 000 00 00;Ïðîâåäåíèå îïåðàöèé ñ íåóñòàíîâëåííûìè íîðìàòèâàìè;-;00;Ïðîåêòû;Ìèíóòà;60;RUCH
ÎÑÖ Íîâîñèáèðñê;Àðõèâ ¹1 Íîâîñèáèðñê;PR 003 000 00 00;Àíàëèç ïðîöåññîâ ÑÖ Àðõèâ íà ïëàòôîðìå Process Mining;-;00;Íåïðîèçâîäñòâåííûå;Ìèíóòà;60;RUCH
ÎÑÖ Íîâîñèáèðñê;Àðõèâ ¹1 Íîâîñèáèðñê;PR 004 000 00 00;Ïðîâåäåíèå çàìåðîâ êîëè÷åñòâà ëèñòîâ áóìàãè DI.;-;00;Ïðîåêòû;Ìèíóòà;60;RUCH
ÎÑÖ Íîâîñèáèðñê;Àðõèâ ¹1 Íîâîñèáèðñê;PR 005 000 00 00;Ââîä íîâûõ îïåðàöèé/íîðìàòèâîâ â Êàäðèëü;-;00;Ïðîåêòû;Ìèíóòà;60;RUCH
ÎÑÖ Íîâîñèáèðñê;Àðõèâ ¹1 Íîâîñèáèðñê;PR 006 000 00 00;Ïðîâåäåíèå îïåðàöèé ñ íåóñòàíîâëåííûìè íîðìàòèâàìè;-;00;Ïðîåêòû;Ìèíóòà;60;RUCH
ÎÑÖ Ñàìàðà;Âíå ïîäðàçäåëåíèé;PR 003 000 00 00;Àíàëèç ïðîöåññîâ ÑÖ Àðõèâ íà ïëàòôîðìå Process Mining;-;00;Íåïðîèçâîäñòâåííûå;Ìèíóòà;60;RUCH
ÎÑÖ Ñàìàðà;Âíå ïîäðàçäåëåíèé;PR 004 000 00 00;Ïðîâåäåíèå çàìåðîâ êîëè÷åñòâà ëèñòîâ áóìàãè DI.;-;00;Ïðîåêòû;Ìèíóòà;60;RUCH
ÎÑÖ Ñàìàðà;Âíå ïîäðàçäåëåíèé;PR 005 000 00 00;Ââîä íîâûõ îïåðàöèé/íîðìàòèâîâ â Êàäðèëü;-;00;Ïðîåêòû;Ìèíóòà;60;RUCH
ÎÑÖ Ñàìàðà;Âíå ïîäðàçäåëåíèé;PR 006 000 00 00;Ïðîâåäåíèå îïåðàöèé ñ íåóñòàíîâëåííûìè íîðìàòèâàìè;-;00;Ïðîåêòû;Ìèíóòà;60;RUCH
ÎÑÖ Íîâîñèáèðñê;Àðõèâ ¹3 Åêàòåðèíáóðã;PR 003 000 00 00;Àíàëèç ïðîöåññîâ ÑÖ Àðõèâ íà ïëàòôîðìå Process Mining;-;00;Íåïðîèçâîäñòâåííûå;Ìèíóòà;60;RUCH
ÎÑÖ Íîâîñèáèðñê;Àðõèâ ¹3 Åêàòåðèíáóðã;PR 004 000 00 00;Ïðîâåäåíèå çàìåðîâ êîëè÷åñòâà ëèñòîâ áóìàãè DI.;-;00;Ïðîåêòû;Ìèíóòà;60;RUCH
ÎÑÖ Íîâîñèáèðñê;Àðõèâ ¹3 Åêàòåðèíáóðã;PR 005 000 00 00;Ââîä íîâûõ îïåðàöèé/íîðìàòèâîâ â Êàäðèëü;-;00;Ïðîåêòû;Ìèíóòà;60;RUCH
ÎÑÖ Íîâîñèáèðñê;Àðõèâ ¹3 Åêàòåðèíáóðã;PR 006 000 00 00;Ïðîâåäåíèå îïåðàöèé ñ íåóñòàíîâëåííûìè íîðìàòèâàìè;-;00;Ïðîåêòû;Ìèíóòà;60;RUCH
ÎÑÖ Ñàìàðà;Àðõèâ ¹1 Ñàìàðà;PR 003 000 00 00;Àíàëèç ïðîöåññîâ ÑÖ Àðõèâ íà ïëàòôîðìå Process Mining;-;00;Íåïðîèçâîäñòâåííûå;Ìèíóòà;60;RUCH
ÎÑÖ Ñàìàðà;Àðõèâ ¹1 Ñàìàðà;PR 004 000 00 00;Ïðîâåäåíèå çàìåðîâ êîëè÷åñòâà ëèñòîâ áóìàãè DI.;-;00;Ïðîåêòû;Ìèíóòà;60;RUCH
ÎÑÖ Ñàìàðà;Àðõèâ ¹1 Ñàìàðà;PR 005 000 00 00;Ââîä íîâûõ îïåðàöèé/íîðìàòèâîâ â Êàäðèëü;-;00;Ïðîåêòû;Ìèíóòà;60;RUCH
ÎÑÖ Ñàìàðà;Àðõèâ ¹1 Ñàìàðà;PR 006 000 00 00;Ïðîâåäåíèå îïåðàöèé ñ íåóñòàíîâëåííûìè íîðìàòèâàìè;-;00;Ïðîåêòû;Ìèíóòà;60;RUCH
ÎÑÖ Âîðîíåæ;Àðõèâ ¹4 Ñàíêò-Ïåòåðáóðã;SZ 172 000 00 00;Çàêðûòèå çàÿâêè - ÖÀÐÑ;-;00;Çàïðîñû;çàÿâêà;40,133;RUCH
ÎÑÖ Ñàìàðà;Àðõèâ ¹1 Ñàìàðà;SZ 172 000 00 00;Çàêðûòèå çàÿâêè - ÖÀÐÑ;-;00;Çàïðîñû;çàÿâêà;43,727;RUCH
ÎÑÖ Íîâîñèáèðñê;Àðõèâ ¹1 Íîâîñèáèðñê;SZ 172 000 00 00;Çàêðûòèå çàÿâêè - ÖÀÐÑ;-;00;Çàïðîñû;çàÿâêà;39,695;RUCH
ÎÑÖ Íèæíèé Íîâãîðîä;Àðõèâ ¹1 Íèæíèé Íîâãîðîä;SZ 172 000 00 00;Çàêðûòèå çàÿâêè - ÖÀÐÑ;-;00;Çàïðîñû;çàÿâêà;40,585;RUCH
ÎÑÖ Ìîñêâà;Àðõèâ ¹1 Òîìèëèíî;SZ 172 000 00 00;Çàêðûòèå çàÿâêè - ÖÀÐÑ;-;00;Çàïðîñû;çàÿâêà;40,633;RUCH
ÎÑÖ Âîðîíåæ;Àðõèâ ¹3 Êàëèíèíãðàä;SZ 172 000 00 00;Çàêðûòèå çàÿâêè - ÖÀÐÑ;-;00;Çàïðîñû;çàÿâêà;34,367;RUCH
ÎÑÖ Íîâîñèáèðñê;Àðõèâ ¹3 Åêàòåðèíáóðã;SZ 172 000 00 00;Çàêðûòèå çàÿâêè - ÖÀÐÑ;-;00;Çàïðîñû;çàÿâêà;30,467;RUCH
ÎÑÖ Âîðîíåæ;Àðõèâ ¹1 Âîðîíåæ;SZ 172 000 00 00;Çàêðûòèå çàÿâêè - ÖÀÐÑ;-;00;Çàïðîñû;çàÿâêà;40,033;RUCH
ÎÑÖ Íîâîñèáèðñê;Àðõèâ ¹3 Åêàòåðèíáóðã;SL 099 000 00 00;Ñáîðêà ÀÊ/ÔÊ (Ïðîåêò ?Åêàòåðèíáóðãñêèé ôîíä?);-;00;Ïðîåêòû;ÀÊ/ÔÊ;12;RUCH
ÎÑÖ Íîâîñèáèðñê;Àðõèâ ¹3 Åêàòåðèíáóðã;SL 101 000 00 00;Çàìåíà ïîâðåæä¸ííîãî êîðîáà ïðè ìåçîíèíîì õðàíåíèè (Ïðîåêò ?Åêàòåðèíáóðãñêèé ôîíä?);-;00;Ïðîåêòû;ÀÊ;75;RUCH
ÎÑÖ Âîðîíåæ;Âíå ïîäðàçäåëåíèé;PR 008 000 00 00;Ïðîåêò_Ñêàíèðîâàíèå äåë ïîñòîÿííîãî õðàíåíèÿ;-;00;Ïðîåêòû;Ñòðàíèöà;0;RUCH
ÎÑÖ Âîðîíåæ;Àðõèâ ¹1 Âîðîíåæ;PR 008 000 00 00;Ïðîåêò_Ñêàíèðîâàíèå äåë ïîñòîÿííîãî õðàíåíèÿ;-;00;Ïðîåêòû;Ñòðàíèöà;0;RUCH
ÎÑÖ Âîðîíåæ;Àðõèâ ¹3 Êàëèíèíãðàä;PR 008 000 00 00;Ïðîåêò_Ñêàíèðîâàíèå äåë ïîñòîÿííîãî õðàíåíèÿ;-;00;Ïðîåêòû;Ñòðàíèöà;0;RUCH
ÎÑÖ Âîðîíåæ;Àðõèâ ¹4 Ñàíêò-Ïåòåðáóðã;PR 008 000 00 00;Ïðîåêò_Ñêàíèðîâàíèå äåë ïîñòîÿííîãî õðàíåíèÿ;-;00;Ïðîåêòû;Ñòðàíèöà;0;RUCH
ÎÑÖ Ìîñêâà;Âíå ïîäðàçäåëåíèé;PR 008 000 00 00;Ïðîåêò_Ñêàíèðîâàíèå äåë ïîñòîÿííîãî õðàíåíèÿ;-;00;Ïðîåêòû;Ñòðàíèöà;0;RUCH
ÎÑÖ Ìîñêâà;Àðõèâ ¹1 Òîìèëèíî;PR 008 000 00 00;Ïðîåêò_Ñêàíèðîâàíèå äåë ïîñòîÿííîãî õðàíåíèÿ;-;00;Ïðîåêòû;Ñòðàíèöà;8,364;RUCH
ÎÑÖ Íèæíèé Íîâãîðîä;Âíå ïîäðàçäåëåíèé;PR 008 000 00 00;Ïðîåêò_Ñêàíèðîâàíèå äåë ïîñòîÿííîãî õðàíåíèÿ;-;00;Ïðîåêòû;Ñòðàíèöà;0;RUCH
ÎÑÖ Íèæíèé Íîâãîðîä;Àðõèâ ¹1 Íèæíèé Íîâãîðîä;PR 008 000 00 00;Ïðîåêò_Ñêàíèðîâàíèå äåë ïîñòîÿííîãî õðàíåíèÿ;-;00;Ïðîåêòû;Ñòðàíèöà;0;RUCH
ÎÑÖ Íîâîñèáèðñê;Âíå ïîäðàçäåëåíèé;PR 008 000 00 00;Ïðîåêò_Ñêàíèðîâàíèå äåë ïîñòîÿííîãî õðàíåíèÿ;-;00;Ïðîåêòû;Ñòðàíèöà;0;RUCH
ÎÑÖ Íîâîñèáèðñê;Àðõèâ ¹1 Íîâîñèáèðñê;PR 008 000 00 00;Ïðîåêò_Ñêàíèðîâàíèå äåë ïîñòîÿííîãî õðàíåíèÿ;-;00;Ïðîåêòû;Ñòðàíèöà;0;RUCH
ÎÑÖ Ñàìàðà;Âíå ïîäðàçäåëåíèé;PR 008 000 00 00;Ïðîåêò_Ñêàíèðîâàíèå äåë ïîñòîÿííîãî õðàíåíèÿ;-;00;Ïðîåêòû;Ñòðàíèöà;0;RUCH
ÎÑÖ Íîâîñèáèðñê;Àðõèâ ¹3 Åêàòåðèíáóðã;PR 008 000 00 00;Ïðîåêò_Ñêàíèðîâàíèå äåë ïîñòîÿííîãî õðàíåíèÿ;-;00;Ïðîåêòû;Ñòðàíèöà;0;RUCH
ÎÑÖ Ñàìàðà;Àðõèâ ¹1 Ñàìàðà;PR 008 000 00 00;Ïðîåêò_Ñêàíèðîâàíèå äåë ïîñòîÿííîãî õðàíåíèÿ;-;00;Ïðîåêòû;Ñòðàíèöà;0;RUCH
ÎÑÖ Âîðîíåæ;Âíå ïîäðàçäåëåíèé;SZ 175 000 00 00;Îòïðàâëåíî â ÑË èç ÑÎÇ ZL ÖÀÐÑ;-;00;Çàïðîñû;ØÊ;0;RUCH
ÎÑÖ Âîðîíåæ;Àðõèâ ¹1 Âîðîíåæ;SZ 175 000 00 00;Îòïðàâëåíî â ÑË èç ÑÎÇ ZL ÖÀÐÑ;-;00;Çàïðîñû;ØÊ;4,283;RUCH
ÎÑÖ Âîðîíåæ;Àðõèâ ¹3 Êàëèíèíãðàä;SZ 175 000 00 00;Îòïðàâëåíî â ÑË èç ÑÎÇ ZL ÖÀÐÑ;-;00;Çàïðîñû;ØÊ;3,594;RUCH
ÎÑÖ Âîðîíåæ;Àðõèâ ¹4 Ñàíêò-Ïåòåðáóðã;SZ 175 000 00 00;Îòïðàâëåíî â ÑË èç ÑÎÇ ZL ÖÀÐÑ;-;00;Çàïðîñû;ØÊ;4,208;RUCH
ÎÑÖ Ìîñêâà;Âíå ïîäðàçäåëåíèé;SZ 175 000 00 00;Îòïðàâëåíî â ÑË èç ÑÎÇ ZL ÖÀÐÑ;-;00;Çàïðîñû;ØÊ;0;RUCH
ÎÑÖ Ìîñêâà;Àðõèâ ¹1 Òîìèëèíî;SZ 175 000 00 00;Îòïðàâëåíî â ÑË èç ÑÎÇ ZL ÖÀÐÑ;-;00;Çàïðîñû;ØÊ;4,734;RUCH
ÎÑÖ Íèæíèé Íîâãîðîä;Âíå ïîäðàçäåëåíèé;SZ 175 000 00 00;Îòïðàâëåíî â ÑË èç ÑÎÇ ZL ÖÀÐÑ;-;00;Çàïðîñû;ØÊ;0;RUCH
ÎÑÖ Íèæíèé Íîâãîðîä;Àðõèâ ¹1 Íèæíèé Íîâãîðîä;SZ 175 000 00 00;Îòïðàâëåíî â ÑË èç ÑÎÇ ZL ÖÀÐÑ;-;00;Çàïðîñû;ØÊ;4,268;RUCH
ÎÑÖ Íîâîñèáèðñê;Âíå ïîäðàçäåëåíèé;SZ 175 000 00 00;Îòïðàâëåíî â ÑË èç ÑÎÇ ZL ÖÀÐÑ;-;00;Çàïðîñû;ØÊ;0;RUCH
ÎÑÖ Íîâîñèáèðñê;Àðõèâ ¹1 Íîâîñèáèðñê;SZ 175 000 00 00;Îòïðàâëåíî â ÑË èç ÑÎÇ ZL ÖÀÐÑ;-;00;Çàïðîñû;ØÊ;0;RUCH
ÎÑÖ Ñàìàðà;Âíå ïîäðàçäåëåíèé;SZ 175 000 00 00;Îòïðàâëåíî â ÑË èç ÑÎÇ ZL ÖÀÐÑ;-;00;Çàïðîñû;ØÊ;0;RUCH
ÎÑÖ Íîâîñèáèðñê;Àðõèâ ¹3 Åêàòåðèíáóðã;SZ 175 000 00 00;Îòïðàâëåíî â ÑË èç ÑÎÇ ZL ÖÀÐÑ;-;00;Çàïðîñû;ØÊ;4,95;RUCH
ÎÑÖ Ñàìàðà;Àðõèâ ¹1 Ñàìàðà;SZ 175 000 00 00;Îòïðàâëåíî â ÑË èç ÑÎÇ ZL ÖÀÐÑ;-;00;Çàïðîñû;ØÊ;4,696;RUCH
ÎÑÖ Âîðîíåæ;Âíå ïîäðàçäåëåíèé;PR 010 000 00 00;Ñîðòèðîâêà äîêóìåíòîâ (ïàêåòíàÿ ðåãèñòðàöèÿ âêëàäîâ ÏÂÁ) (èñò ôîíä);-;00;Ïðîåêòû;ÀÊ;0;RUCH
ÎÑÖ Âîðîíåæ;Àðõèâ ¹1 Âîðîíåæ;PR 010 000 00 00;Ñîðòèðîâêà äîêóìåíòîâ (ïàêåòíàÿ ðåãèñòðàöèÿ âêëàäîâ ÏÂÁ) (èñò ôîíä);-;00;Ïðîåêòû;ÀÊ;5768,267;RUCH
ÎÑÖ Âîðîíåæ;Àðõèâ ¹3 Êàëèíèíãðàä;PR 010 000 00 00;Ñîðòèðîâêà äîêóìåíòîâ (ïàêåòíàÿ ðåãèñòðàöèÿ âêëàäîâ ÏÂÁ) (èñò ôîíä);-;00;Ïðîåêòû;ÀÊ;0;RUCH
ÎÑÖ Âîðîíåæ;Àðõèâ ¹4 Ñàíêò-Ïåòåðáóðã;PR 010 000 00 00;Ñîðòèðîâêà äîêóìåíòîâ (ïàêåòíàÿ ðåãèñòðàöèÿ âêëàäîâ ÏÂÁ) (èñò ôîíä);-;00;Ïðîåêòû;ÀÊ;0;RUCH
ÎÑÖ Ìîñêâà;Âíå ïîäðàçäåëåíèé;PR 010 000 00 00;Ñîðòèðîâêà äîêóìåíòîâ (ïàêåòíàÿ ðåãèñòðàöèÿ âêëàäîâ ÏÂÁ) (èñò ôîíä);-;00;Ïðîåêòû;ÀÊ;0;RUCH
ÎÑÖ Ìîñêâà;Àðõèâ ¹1 Òîìèëèíî;PR 010 000 00 00;Ñîðòèðîâêà äîêóìåíòîâ (ïàêåòíàÿ ðåãèñòðàöèÿ âêëàäîâ ÏÂÁ) (èñò ôîíä);-;00;Ïðîåêòû;ÀÊ;0;RUCH
ÎÑÖ Íèæíèé Íîâãîðîä;Âíå ïîäðàçäåëåíèé;PR 010 000 00 00;Ñîðòèðîâêà äîêóìåíòîâ (ïàêåòíàÿ ðåãèñòðàöèÿ âêëàäîâ ÏÂÁ) (èñò ôîíä);-;00;Ïðîåêòû;ÀÊ;0;RUCH
ÎÑÖ Íèæíèé Íîâãîðîä;Àðõèâ ¹1 Íèæíèé Íîâãîðîä;PR 010 000 00 00;Ñîðòèðîâêà äîêóìåíòîâ (ïàêåòíàÿ ðåãèñòðàöèÿ âêëàäîâ ÏÂÁ) (èñò ôîíä);-;00;Ïðîåêòû;ÀÊ;0;RUCH
ÎÑÖ Íîâîñèáèðñê;Âíå ïîäðàçäåëåíèé;PR 010 000 00 00;Ñîðòèðîâêà äîêóìåíòîâ (ïàêåòíàÿ ðåãèñòðàöèÿ âêëàäîâ ÏÂÁ) (èñò ôîíä);-;00;Ïðîåêòû;ÀÊ;0;RUCH
ÎÑÖ Íîâîñèáèðñê;Àðõèâ ¹1 Íîâîñèáèðñê;PR 010 000 00 00;Ñîðòèðîâêà äîêóìåíòîâ (ïàêåòíàÿ ðåãèñòðàöèÿ âêëàäîâ ÏÂÁ) (èñò ôîíä);-;00;Ïðîåêòû;ÀÊ;0;RUCH
ÎÑÖ Ñàìàðà;Âíå ïîäðàçäåëåíèé;PR 010 000 00 00;Ñîðòèðîâêà äîêóìåíòîâ (ïàêåòíàÿ ðåãèñòðàöèÿ âêëàäîâ ÏÂÁ) (èñò ôîíä);-;00;Ïðîåêòû;ÀÊ;0;RUCH
ÎÑÖ Íîâîñèáèðñê;Àðõèâ ¹3 Åêàòåðèíáóðã;PR 010 000 00 00;Ñîðòèðîâêà äîêóìåíòîâ (ïàêåòíàÿ ðåãèñòðàöèÿ âêëàäîâ ÏÂÁ) (èñò ôîíä);-;00;Ïðîåêòû;ÀÊ;0;RUCH
ÎÑÖ Ñàìàðà;Àðõèâ ¹1 Ñàìàðà;PR 010 000 00 00;Ñîðòèðîâêà äîêóìåíòîâ (ïàêåòíàÿ ðåãèñòðàöèÿ âêëàäîâ ÏÂÁ) (èñò ôîíä);-;00;Ïðîåêòû;ÀÊ;0;RUCH
ÎÑÖ Ìîñêâà;Àðõèâ ¹1 Òîìèëèíî;PR 011 000 00 00;Ïðîåêò_Îïèñàíèå äåë ïîñòîÿííîãî õðàíåíèÿ;-;00;Ïðîåêòû;çàãîëîâîê;231,033;RUCH
ÎÑÖ Âîðîíåæ;Âíå ïîäðàçäåëåíèé;NO 046 001 00 00;Âûãðóçêà è îáðàáîòêà îò÷åòîâ èç ÀÑ ÖÀÐÑ äëÿ ôîðìèðîâàíèÿ äåôåêòîâ| â ò. ÷. äëÿ ÈÑÓ;-;00;Íåïðîèçâîäñòâåííûå;ìèíóòà;60;RUCH
ÎÑÖ Âîðîíåæ;Àðõèâ ¹1 Âîðîíåæ;NO 046 001 00 00;Âûãðóçêà è îáðàáîòêà îò÷åòîâ èç ÀÑ ÖÀÐÑ äëÿ ôîðìèðîâàíèÿ äåôåêòîâ| â ò. ÷. äëÿ ÈÑÓ;-;00;Íåïðîèçâîäñòâåííûå;ìèíóòà;60;RUCH
ÎÑÖ Âîðîíåæ;Àðõèâ ¹2 Ñòàâðîïîëü;NO 046 001 00 00;Âûãðóçêà è îáðàáîòêà îò÷åòîâ èç ÀÑ ÖÀÐÑ äëÿ ôîðìèðîâàíèÿ äåôåêòîâ| â ò. ÷. äëÿ ÈÑÓ;-;00;Íåïðîèçâîäñòâåííûå;ìèíóòà;60;RUCH
ÎÑÖ Âîðîíåæ;Àðõèâ ¹3 Êàëèíèíãðàä;NO 046 001 00 00;Âûãðóçêà è îáðàáîòêà îò÷åòîâ èç ÀÑ ÖÀÐÑ äëÿ ôîðìèðîâàíèÿ äåôåêòîâ| â ò. ÷. äëÿ ÈÑÓ;-;00;Íåïðîèçâîäñòâåííûå;ìèíóòà;60;RUCH
ÎÑÖ Âîðîíåæ;Àðõèâ ¹4 Ñàíêò-Ïåòåðáóðã;NO 046 001 00 00;Âûãðóçêà è îáðàáîòêà îò÷åòîâ èç ÀÑ ÖÀÐÑ äëÿ ôîðìèðîâàíèÿ äåôåêòîâ| â ò. ÷. äëÿ ÈÑÓ;-;00;Íåïðîèçâîäñòâåííûå;ìèíóòà;60;RUCH
ÎÑÖ Ìîñêâà;Âíå ïîäðàçäåëåíèé;NO 046 001 00 00;Âûãðóçêà è îáðàáîòêà îò÷åòîâ èç ÀÑ ÖÀÐÑ äëÿ ôîðìèðîâàíèÿ äåôåêòîâ| â ò. ÷. äëÿ ÈÑÓ;-;00;Íåïðîèçâîäñòâåííûå;ìèíóòà;60;RUCH
ÎÑÖ Ìîñêâà;Àðõèâ ¹1 Òîìèëèíî;NO 046 001 00 00;Âûãðóçêà è îáðàáîòêà îò÷åòîâ èç ÀÑ ÖÀÐÑ äëÿ ôîðìèðîâàíèÿ äåôåêòîâ| â ò. ÷. äëÿ ÈÑÓ;-;00;Íåïðîèçâîäñòâåííûå;ìèíóòà;60;RUCH
ÎÑÖ Íèæíèé Íîâãîðîä;Âíå ïîäðàçäåëåíèé;NO 046 001 00 00;Âûãðóçêà è îáðàáîòêà îò÷åòîâ èç ÀÑ ÖÀÐÑ äëÿ ôîðìèðîâàíèÿ äåôåêòîâ| â ò. ÷. äëÿ ÈÑÓ;-;00;Íåïðîèçâîäñòâåííûå;ìèíóòà;60;RUCH
ÎÑÖ Íèæíèé Íîâãîðîä;Àðõèâ ¹1 Íèæíèé Íîâãîðîä;NO 046 001 00 00;Âûãðóçêà è îáðàáîòêà îò÷åòîâ èç ÀÑ ÖÀÐÑ äëÿ ôîðìèðîâàíèÿ äåôåêòîâ| â ò. ÷. äëÿ ÈÑÓ;-;00;Íåïðîèçâîäñòâåííûå;ìèíóòà;60;RUCH
ÎÑÖ Íîâîñèáèðñê;Âíå ïîäðàçäåëåíèé;NO 046 001 00 00;Âûãðóçêà è îáðàáîòêà îò÷åòîâ èç ÀÑ ÖÀÐÑ äëÿ ôîðìèðîâàíèÿ äåôåêòîâ| â ò. ÷. äëÿ ÈÑÓ;-;00;Íåïðîèçâîäñòâåííûå;ìèíóòà;60;RUCH
ÎÑÖ Íîâîñèáèðñê;Àðõèâ ¹1 Íîâîñèáèðñê;NO 046 001 00 00;Âûãðóçêà è îáðàáîòêà îò÷åòîâ èç ÀÑ ÖÀÐÑ äëÿ ôîðìèðîâàíèÿ äåôåêòîâ| â ò. ÷. äëÿ ÈÑÓ;-;00;Íåïðîèçâîäñòâåííûå;ìèíóòà;60;RUCH
ÎÑÖ Ñàìàðà;Âíå ïîäðàçäåëåíèé;NO 046 001 00 00;Âûãðóçêà è îáðàáîòêà îò÷åòîâ èç ÀÑ ÖÀÐÑ äëÿ ôîðìèðîâàíèÿ äåôåêòîâ| â ò. ÷. äëÿ ÈÑÓ;-;00;Íåïðîèçâîäñòâåííûå;ìèíóòà;60;RUCH
ÎÑÖ Íîâîñèáèðñê;Àðõèâ ¹3 Åêàòåðèíáóðã;NO 046 001 00 00;Âûãðóçêà è îáðàáîòêà îò÷åòîâ èç ÀÑ ÖÀÐÑ äëÿ ôîðìèðîâàíèÿ äåôåêòîâ| â ò. ÷. äëÿ ÈÑÓ;-;00;Íåïðîèçâîäñòâåííûå;ìèíóòà;60;RUCH
ÎÑÖ Ñàìàðà;Àðõèâ ¹1 Ñàìàðà;NO 046 001 00 00;Âûãðóçêà è îáðàáîòêà îò÷åòîâ èç ÀÑ ÖÀÐÑ äëÿ ôîðìèðîâàíèÿ äåôåêòîâ| â ò. ÷. äëÿ ÈÑÓ;-;00;Íåïðîèçâîäñòâåííûå;ìèíóòà;60;RUCH
ÎÑÖ Âîðîíåæ;Âíå ïîäðàçäåëåíèé;PR 002 000 00 00;Êîíôèäåíöèàëüíîå óíè÷òîæåíèå áåç SD;-;00;Ïðîåêòû;ìèíóòà;60;RUCH
ÎÑÖ Âîðîíåæ;Àðõèâ ¹1 Âîðîíåæ;PR 002 000 00 00;Êîíôèäåíöèàëüíîå óíè÷òîæåíèå áåç SD;-;00;Ïðîåêòû;ìèíóòà;60;RUCH
ÎÑÖ Âîðîíåæ;Àðõèâ ¹3 Êàëèíèíãðàä;PR 002 000 00 00;Êîíôèäåíöèàëüíîå óíè÷òîæåíèå áåç SD;-;00;Ïðîåêòû;ìèíóòà;60;RUCH
ÎÑÖ Âîðîíåæ;Àðõèâ ¹4 Ñàíêò-Ïåòåðáóðã;PR 002 000 00 00;Êîíôèäåíöèàëüíîå óíè÷òîæåíèå áåç SD;-;00;Ïðîåêòû;ìèíóòà;60;RUCH
ÎÑÖ Ìîñêâà;Âíå ïîäðàçäåëåíèé;PR 002 000 00 00;Êîíôèäåíöèàëüíîå óíè÷òîæåíèå áåç SD;-;00;Ïðîåêòû;ìèíóòà;60;RUCH
ÎÑÖ Ìîñêâà;Àðõèâ ¹1 Òîìèëèíî;PR 002 000 00 00;Êîíôèäåíöèàëüíîå óíè÷òîæåíèå áåç SD;-;00;Ïðîåêòû;ìèíóòà;60;RUCH
ÎÑÖ Íèæíèé Íîâãîðîä;Âíå ïîäðàçäåëåíèé;PR 002 000 00 00;Êîíôèäåíöèàëüíîå óíè÷òîæåíèå áåç SD;-;00;Ïðîåêòû;ìèíóòà;60;RUCH
ÎÑÖ Íèæíèé Íîâãîðîä;Àðõèâ ¹1 Íèæíèé Íîâãîðîä;PR 002 000 00 00;Êîíôèäåíöèàëüíîå óíè÷òîæåíèå áåç SD;-;00;Ïðîåêòû;ìèíóòà;60;RUCH
ÎÑÖ Íîâîñèáèðñê;Âíå ïîäðàçäåëåíèé;PR 002 000 00 00;Êîíôèäåíöèàëüíîå óíè÷òîæåíèå áåç SD;-;00;Ïðîåêòû;ìèíóòà;60;RUCH
ÎÑÖ Íîâîñèáèðñê;Àðõèâ ¹1 Íîâîñèáèðñê;PR 002 000 00 00;Êîíôèäåíöèàëüíîå óíè÷òîæåíèå áåç SD;-;00;Ïðîåêòû;ìèíóòà;60;RUCH
ÎÑÖ Ñàìàðà;Âíå ïîäðàçäåëåíèé;PR 002 000 00 00;Êîíôèäåíöèàëüíîå óíè÷òîæåíèå áåç SD;-;00;Ïðîåêòû;ìèíóòà;60;RUCH
ÎÑÖ Íîâîñèáèðñê;Àðõèâ ¹3 Åêàòåðèíáóðã;PR 002 000 00 00;Êîíôèäåíöèàëüíîå óíè÷òîæåíèå áåç SD;-;00;Ïðîåêòû;ìèíóòà;60;RUCH
ÎÑÖ Ñàìàðà;Àðõèâ ¹1 Ñàìàðà;PR 002 000 00 00;Êîíôèäåíöèàëüíîå óíè÷òîæåíèå áåç SD;-;00;Ïðîåêòû;ìèíóòà;60;RUCH
ÎÑÖ Âîðîíåæ;Âíå ïîäðàçäåëåíèé;PR 013 000 00 00;Ïðîåêò_Ìèãðàöèÿ àêòîâ îá óíè÷òîæåíèè èç ÖÀÐÕà â ÖÀÐÑ;-;00;Ïðîåêòû;ìèíóòà;60;RUCH
ÎÑÖ Âîðîíåæ;Àðõèâ ¹1 Âîðîíåæ;PR 013 000 00 00;Ïðîåêò_Ìèãðàöèÿ àêòîâ îá óíè÷òîæåíèè èç ÖÀÐÕà â ÖÀÐÑ;-;00;Ïðîåêòû;ìèíóòà;60;RUCH
ÎÑÖ Âîðîíåæ;Àðõèâ ¹3 Êàëèíèíãðàä;PR 013 000 00 00;Ïðîåêò_Ìèãðàöèÿ àêòîâ îá óíè÷òîæåíèè èç ÖÀÐÕà â ÖÀÐÑ;-;00;Ïðîåêòû;ìèíóòà;60;RUCH
ÎÑÖ Âîðîíåæ;Àðõèâ ¹4 Ñàíêò-Ïåòåðáóðã;PR 013 000 00 00;Ïðîåêò_Ìèãðàöèÿ àêòîâ îá óíè÷òîæåíèè èç ÖÀÐÕà â ÖÀÐÑ;-;00;Ïðîåêòû;ìèíóòà;60;RUCH
ÎÑÖ Ìîñêâà;Âíå ïîäðàçäåëåíèé;PR 013 000 00 00;Ïðîåêò_Ìèãðàöèÿ àêòîâ îá óíè÷òîæåíèè èç ÖÀÐÕà â ÖÀÐÑ;-;00;Ïðîåêòû;ìèíóòà;60;RUCH
ÎÑÖ Ìîñêâà;Àðõèâ ¹1 Òîìèëèíî;PR 013 000 00 00;Ïðîåêò_Ìèãðàöèÿ àêòîâ îá óíè÷òîæåíèè èç ÖÀÐÕà â ÖÀÐÑ;-;00;Ïðîåêòû;ìèíóòà;60;RUCH
ÎÑÖ Íèæíèé Íîâãîðîä;Âíå ïîäðàçäåëåíèé;PR 013 000 00 00;Ïðîåêò_Ìèãðàöèÿ àêòîâ îá óíè÷òîæåíèè èç ÖÀÐÕà â ÖÀÐÑ;-;00;Ïðîåêòû;ìèíóòà;60;RUCH
ÎÑÖ Íèæíèé Íîâãîðîä;Àðõèâ ¹1 Íèæíèé Íîâãîðîä;PR 013 000 00 00;Ïðîåêò_Ìèãðàöèÿ àêòîâ îá óíè÷òîæåíèè èç ÖÀÐÕà â ÖÀÐÑ;-;00;Ïðîåêòû;ìèíóòà;60;RUCH
ÎÑÖ Íîâîñèáèðñê;Âíå ïîäðàçäåëåíèé;PR 013 000 00 00;Ïðîåêò_Ìèãðàöèÿ àêòîâ îá óíè÷òîæåíèè èç ÖÀÐÕà â ÖÀÐÑ;-;00;Ïðîåêòû;ìèíóòà;60;RUCH
ÎÑÖ Íîâîñèáèðñê;Àðõèâ ¹1 Íîâîñèáèðñê;PR 013 000 00 00;Ïðîåêò_Ìèãðàöèÿ àêòîâ îá óíè÷òîæåíèè èç ÖÀÐÕà â ÖÀÐÑ;-;00;Ïðîåêòû;ìèíóòà;60;RUCH
ÎÑÖ Ñàìàðà;Âíå ïîäðàçäåëåíèé;PR 013 000 00 00;Ïðîåêò_Ìèãðàöèÿ àêòîâ îá óíè÷òîæåíèè èç ÖÀÐÕà â ÖÀÐÑ;-;00;Ïðîåêòû;ìèíóòà;60;RUCH
ÎÑÖ Íîâîñèáèðñê;Àðõèâ ¹3 Åêàòåðèíáóðã;PR 013 000 00 00;Ïðîåêò_Ìèãðàöèÿ àêòîâ îá óíè÷òîæåíèè èç ÖÀÐÕà â ÖÀÐÑ;-;00;Ïðîåêòû;ìèíóòà;60;RUCH
ÎÑÖ Ñàìàðà;Àðõèâ ¹1 Ñàìàðà;PR 013 000 00 00;Ïðîåêò_Ìèãðàöèÿ àêòîâ îá óíè÷òîæåíèè èç ÖÀÐÕà â ÖÀÐÑ;-;00;Ïðîåêòû;ìèíóòà;60;RUCH
ÎÑÖ Ñàìàðà;Àðõèâ ¹1 Ñàìàðà;PR 014 000 00 00;Ïðîåêò_ÄÂÀ_ çàïîëíåíèå ðååñòðà ÄÂÕ õðàíåíèå;-;00;Ïðîåêòû;ñòðîêà;39,8;RUCH
ÎÑÖ Âîðîíåæ;Àðõèâ ¹4 Ñàíêò-Ïåòåðáóðã;PR 014 000 00 00;Ïðîåêò_ÄÂÀ_ çàïîëíåíèå ðååñòðà ÄÂÕ õðàíåíèå;-;00;Ïðîåêòû;ñòðîêà;39,867;RUCH
ÎÑÖ Âîðîíåæ;Àðõèâ ¹1 Âîðîíåæ;PR 014 000 00 00;Ïðîåêò_ÄÂÀ_ çàïîëíåíèå ðååñòðà ÄÂÕ õðàíåíèå;-;00;Ïðîåêòû;ñòðîêà;39,967;RUCH
ÎÑÖ Íîâîñèáèðñê;Àðõèâ ¹1 Íîâîñèáèðñê;PR 014 000 00 00;Ïðîåêò_ÄÂÀ_ çàïîëíåíèå ðååñòðà ÄÂÕ õðàíåíèå;-;00;Ïðîåêòû;ñòðîêà;40;RUCH
ÎÑÖ Íîâîñèáèðñê;Àðõèâ ¹3 Åêàòåðèíáóðã;PR 014 000 00 00;Ïðîåêò_ÄÂÀ_ çàïîëíåíèå ðååñòðà ÄÂÕ õðàíåíèå;-;00;Ïðîåêòû;ñòðîêà;40;RUCH
ÎÑÖ Âîðîíåæ;Àðõèâ ¹3 Êàëèíèíãðàä;PR 014 000 00 00;Ïðîåêò_ÄÂÀ_ çàïîëíåíèå ðååñòðà ÄÂÕ õðàíåíèå;-;00;Ïðîåêòû;ñòðîêà;40,158;RUCH
ÎÑÖ Ìîñêâà;Àðõèâ ¹1 Òîìèëèíî;PR 014 000 00 00;Ïðîåêò_ÄÂÀ_ çàïîëíåíèå ðååñòðà ÄÂÕ õðàíåíèå;-;00;Ïðîåêòû;ñòðîêà;40,2;RUCH
ÎÑÖ Íèæíèé Íîâãîðîä;Àðõèâ ¹1 Íèæíèé Íîâãîðîä;PR 014 000 00 00;Ïðîåêò_ÄÂÀ_ çàïîëíåíèå ðååñòðà ÄÂÕ õðàíåíèå;-;00;Ïðîåêòû;ñòðîêà;40,5;RUCH
ÎÑÖ Âîðîíåæ;Âíå ïîäðàçäåëåíèé;SC 000 000 00 01;Ñêàíèðîâàíèå îáùèì òîìîì;;00;Çàïðîñû;Ñòðàíèöà;0;AUTO
ÎÑÖ Âîðîíåæ;Àðõèâ ¹1 Âîðîíåæ;SC 000 000 00 01;Ñêàíèðîâàíèå îáùèì òîìîì;;00;Çàïðîñû;Ñòðàíèöà;5,104;AUTO
ÎÑÖ Âîðîíåæ;Àðõèâ ¹3 Êàëèíèíãðàä;SC 000 000 00 01;Ñêàíèðîâàíèå îáùèì òîìîì;;00;Çàïðîñû;Ñòðàíèöà;5,408;AUTO
ÎÑÖ Âîðîíåæ;Àðõèâ ¹4 Ñàíêò-Ïåòåðáóðã;SC 000 000 00 01;Ñêàíèðîâàíèå îáùèì òîìîì;;00;Çàïðîñû;Ñòðàíèöà;5,038;AUTO
ÎÑÖ Ìîñêâà;Âíå ïîäðàçäåëåíèé;SC 000 000 00 01;Ñêàíèðîâàíèå îáùèì òîìîì;;00;Çàïðîñû;Ñòðàíèöà;0;AUTO
ÎÑÖ Ìîñêâà;Àðõèâ ¹1 Òîìèëèíî;SC 000 000 00 01;Ñêàíèðîâàíèå îáùèì òîìîì;;00;Çàïðîñû;Ñòðàíèöà;4,939;AUTO
ÎÑÖ Íèæíèé Íîâãîðîä;Âíå ïîäðàçäåëåíèé;SC 000 000 00 01;Ñêàíèðîâàíèå îáùèì òîìîì;;00;Çàïðîñû;Ñòðàíèöà;0;AUTO
ÎÑÖ Íèæíèé Íîâãîðîä;Àðõèâ ¹1 Íèæíèé Íîâãîðîä;SC 000 000 00 01;Ñêàíèðîâàíèå îáùèì òîìîì;;00;Çàïðîñû;Ñòðàíèöà;5,006;AUTO
ÎÑÖ Íîâîñèáèðñê;Âíå ïîäðàçäåëåíèé;SC 000 000 00 01;Ñêàíèðîâàíèå îáùèì òîìîì;;00;Çàïðîñû;Ñòðàíèöà;0;AUTO
ÎÑÖ Íîâîñèáèðñê;Àðõèâ ¹1 Íîâîñèáèðñê;SC 000 000 00 01;Ñêàíèðîâàíèå îáùèì òîìîì;;00;Çàïðîñû;Ñòðàíèöà;5,746;AUTO
ÎÑÖ Ñàìàðà;Âíå ïîäðàçäåëåíèé;SC 000 000 00 01;Ñêàíèðîâàíèå îáùèì òîìîì;;00;Çàïðîñû;Ñòðàíèöà;0;AUTO
ÎÑÖ Íîâîñèáèðñê;Àðõèâ ¹3 Åêàòåðèíáóðã;SC 000 000 00 01;Ñêàíèðîâàíèå îáùèì òîìîì;;00;Çàïðîñû;Ñòðàíèöà;5,151;AUTO
ÎÑÖ Ñàìàðà;Àðõèâ ¹1 Ñàìàðà;SC 000 000 00 01;Ñêàíèðîâàíèå îáùèì òîìîì;;00;Çàïðîñû;Ñòðàíèöà;5,55;AUTO
ÎÑÖ Âîðîíåæ;Âíå ïîäðàçäåëåíèé;SC 000 000 00 02;Ñêàíèðîâàíèå ñêåëåòîí;;00;Çàïðîñû;Ñòðàíèöà;0;AUTO
ÎÑÖ Âîðîíåæ;Àðõèâ ¹1 Âîðîíåæ;SC 000 000 00 02;Ñêàíèðîâàíèå ñêåëåòîí;;00;Çàïðîñû;Ñòðàíèöà;8,743;AUTO
ÎÑÖ Âîðîíåæ;Àðõèâ ¹3 Êàëèíèíãðàä;SC 000 000 00 02;Ñêàíèðîâàíèå ñêåëåòîí;;00;Çàïðîñû;Ñòðàíèöà;8,581;AUTO
ÎÑÖ Âîðîíåæ;Àðõèâ ¹4 Ñàíêò-Ïåòåðáóðã;SC 000 000 00 02;Ñêàíèðîâàíèå ñêåëåòîí;;00;Çàïðîñû;Ñòðàíèöà;8,246;AUTO
ÎÑÖ Ìîñêâà;Âíå ïîäðàçäåëåíèé;SC 000 000 00 02;Ñêàíèðîâàíèå ñêåëåòîí;;00;Çàïðîñû;Ñòðàíèöà;0;AUTO
ÎÑÖ Ìîñêâà;Àðõèâ ¹1 Òîìèëèíî;SC 000 000 00 02;Ñêàíèðîâàíèå ñêåëåòîí;;00;Çàïðîñû;Ñòðàíèöà;7,563;AUTO
ÎÑÖ Íèæíèé Íîâãîðîä;Âíå ïîäðàçäåëåíèé;SC 000 000 00 02;Ñêàíèðîâàíèå ñêåëåòîí;;00;Çàïðîñû;Ñòðàíèöà;0;AUTO
ÎÑÖ Íèæíèé Íîâãîðîä;Àðõèâ ¹1 Íèæíèé Íîâãîðîä;SC 000 000 00 02;Ñêàíèðîâàíèå ñêåëåòîí;;00;Çàïðîñû;Ñòðàíèöà;7,093;AUTO
ÎÑÖ Íîâîñèáèðñê;Âíå ïîäðàçäåëåíèé;SC 000 000 00 02;Ñêàíèðîâàíèå ñêåëåòîí;;00;Çàïðîñû;Ñòðàíèöà;0;AUTO
ÎÑÖ Íîâîñèáèðñê;Àðõèâ ¹1 Íîâîñèáèðñê;SC 000 000 00 02;Ñêàíèðîâàíèå ñêåëåòîí;;00;Çàïðîñû;Ñòðàíèöà;8,938;AUTO
ÎÑÖ Ñàìàðà;Âíå ïîäðàçäåëåíèé;SC 000 000 00 02;Ñêàíèðîâàíèå ñêåëåòîí;;00;Çàïðîñû;Ñòðàíèöà;0;AUTO
ÎÑÖ Íîâîñèáèðñê;Àðõèâ ¹3 Åêàòåðèíáóðã;SC 000 000 00 02;Ñêàíèðîâàíèå ñêåëåòîí;;00;Çàïðîñû;Ñòðàíèöà;8,271;AUTO
ÎÑÖ Ñàìàðà;Àðõèâ ¹1 Ñàìàðà;SC 000 000 00 02;Ñêàíèðîâàíèå ñêåëåòîí;;00;Çàïðîñû;Ñòðàíèöà;9,32;AUTO
ÎÑÖ Âîðîíåæ;Àðõèâ ¹4 Ñàíêò-Ïåòåðáóðã;DC 000 000 00 01;Ïîäòâåðæäåíèå çàÿâêè â ÀÑ ÖÀÐÑ;-;00;Çàïðîñû;Çàÿâêà;26;AUTO
ÎÑÖ Ñàìàðà;Àðõèâ ¹1 Ñàìàðà;DC 000 000 00 01;Ïîäòâåðæäåíèå çàÿâêè â ÀÑ ÖÀÐÑ;-;00;Çàïðîñû;Çàÿâêà;22;AUTO
ÎÑÖ Íîâîñèáèðñê;Àðõèâ ¹1 Íîâîñèáèðñê;DC 000 000 00 01;Ïîäòâåðæäåíèå çàÿâêè â ÀÑ ÖÀÐÑ;-;00;Çàïðîñû;Çàÿâêà;28;AUTO
ÎÑÖ Íèæíèé Íîâãîðîä;Àðõèâ ¹1 Íèæíèé Íîâãîðîä;DC 000 000 00 01;Ïîäòâåðæäåíèå çàÿâêè â ÀÑ ÖÀÐÑ;-;00;Çàïðîñû;Çàÿâêà;20;AUTO
ÎÑÖ Ìîñêâà;Àðõèâ ¹1 Òîìèëèíî;DC 000 000 00 01;Ïîäòâåðæäåíèå çàÿâêè â ÀÑ ÖÀÐÑ;-;00;Çàïðîñû;Çàÿâêà;30;AUTO
ÎÑÖ Âîðîíåæ;Àðõèâ ¹3 Êàëèíèíãðàä;DC 000 000 00 01;Ïîäòâåðæäåíèå çàÿâêè â ÀÑ ÖÀÐÑ;-;00;Çàïðîñû;Çàÿâêà;24;AUTO
ÎÑÖ Íîâîñèáèðñê;Àðõèâ ¹3 Åêàòåðèíáóðã;DC 000 000 00 01;Ïîäòâåðæäåíèå çàÿâêè â ÀÑ ÖÀÐÑ;-;00;Çàïðîñû;Çàÿâêà;26;AUTO
ÎÑÖ Âîðîíåæ;Àðõèâ ¹1 Âîðîíåæ;DC 000 000 00 01;Ïîäòâåðæäåíèå çàÿâêè â ÀÑ ÖÀÐÑ;-;00;Çàïðîñû;Çàÿâêà;26;AUTO
ÎÑÖ Âîðîíåæ;Âíå ïîäðàçäåëåíèé;CP 0065 000 00 01;ÔÊ Íà äîóêîìïëåêòîâàíèè ÀÊ;-;00;Ëîãèñòèêà;Íåò;0;AUTO
ÎÑÖ Âîðîíåæ;Àðõèâ ¹1 Âîðîíåæ;CP 0065 000 00 01;ÔÊ Íà äîóêîìïëåêòîâàíèè ÀÊ;-;00;Ëîãèñòèêà;Íåò;14;AUTO
ÎÑÖ Âîðîíåæ;Àðõèâ ¹3 Êàëèíèíãðàä;CP 0065 000 00 01;ÔÊ Íà äîóêîìïëåêòîâàíèè ÀÊ;-;00;Ëîãèñòèêà;Íåò;12,984;AUTO
ÎÑÖ Âîðîíåæ;Àðõèâ ¹4 Ñàíêò-Ïåòåðáóðã;CP 0065 000 00 01;ÔÊ Íà äîóêîìïëåêòîâàíèè ÀÊ;-;00;Ëîãèñòèêà;Íåò;14;AUTO
ÎÑÖ Ìîñêâà;Àðõèâ ¹1 Òîìèëèíî;CP 0065 000 00 01;ÔÊ Íà äîóêîìïëåêòîâàíèè ÀÊ;-;00;Ëîãèñòèêà;Íåò;14;AUTO
ÎÑÖ Íèæíèé Íîâãîðîä;Àðõèâ ¹1 Íèæíèé Íîâãîðîä;CP 0065 000 00 01;ÔÊ Íà äîóêîìïëåêòîâàíèè ÀÊ;-;00;Ëîãèñòèêà;Íåò;14;AUTO
ÎÑÖ Íîâîñèáèðñê;Àðõèâ ¹1 Íîâîñèáèðñê;CP 0065 000 00 01;ÔÊ Íà äîóêîìïëåêòîâàíèè ÀÊ;-;00;Ëîãèñòèêà;Íåò;14;AUTO
ÎÑÖ Íîâîñèáèðñê;Àðõèâ ¹3 Åêàòåðèíáóðã;CP 0065 000 00 01;ÔÊ Íà äîóêîìïëåêòîâàíèè ÀÊ;-;00;Ëîãèñòèêà;Íåò;14;AUTO
ÎÑÖ Ñàìàðà;Àðõèâ ¹1 Ñàìàðà;CP 0065 000 00 01;ÔÊ Íà äîóêîìïëåêòîâàíèè ÀÊ;-;00;Ëîãèñòèêà;Íåò;14;AUTO
ÎÑÖ Âîðîíåæ;Âíå ïîäðàçäåëåíèé;BX 0077 000 00 01;Ðåãèñòðàöèÿ ÀÊ;-;00;Ðåãèñòðàöèÿ;Íåò;0;AUTO
ÎÑÖ Âîðîíåæ;Àðõèâ ¹1 Âîðîíåæ;BX 0077 000 00 01;Ðåãèñòðàöèÿ ÀÊ;-;00;Ðåãèñòðàöèÿ;Íåò;17,258;AUTO
ÎÑÖ Âîðîíåæ;Àðõèâ ¹3 Êàëèíèíãðàä;BX 0077 000 00 01;Ðåãèñòðàöèÿ ÀÊ;-;00;Ðåãèñòðàöèÿ;Íåò;14;AUTO
ÎÑÖ Âîðîíåæ;Àðõèâ ¹4 Ñàíêò-Ïåòåðáóðã;BX 0077 000 00 01;Ðåãèñòðàöèÿ ÀÊ;-;00;Ðåãèñòðàöèÿ;Íåò;17,258;AUTO
ÎÑÖ Ìîñêâà;Àðõèâ ¹1 Òîìèëèíî;BX 0077 000 00 01;Ðåãèñòðàöèÿ ÀÊ;-;00;Ðåãèñòðàöèÿ;Íåò;6;AUTO
ÎÑÖ Íèæíèé Íîâãîðîä;Àðõèâ ¹1 Íèæíèé Íîâãîðîä;BX 0077 000 00 01;Ðåãèñòðàöèÿ ÀÊ;-;00;Ðåãèñòðàöèÿ;Íåò;0;AUTO
ÎÑÖ Íîâîñèáèðñê;Àðõèâ ¹1 Íîâîñèáèðñê;BX 0077 000 00 01;Ðåãèñòðàöèÿ ÀÊ;-;00;Ðåãèñòðàöèÿ;Íåò;1;AUTO
ÎÑÖ Íîâîñèáèðñê;Àðõèâ ¹3 Åêàòåðèíáóðã;BX 0077 000 00 01;Ðåãèñòðàöèÿ ÀÊ;-;00;Ðåãèñòðàöèÿ;Íåò;0;AUTO
ÎÑÖ Ñàìàðà;Àðõèâ ¹1 Ñàìàðà;BX 0077 000 00 01;Ðåãèñòðàöèÿ ÀÊ;-;00;Ðåãèñòðàöèÿ;Íåò;1;AUTO
ÎÑÖ Âîðîíåæ;Âíå ïîäðàçäåëåíèé;BX 0085 000 00 01;Ðåãèñòðàöèÿ FB;-;00;Ðåãèñòðàöèÿ;Íåò;0;AUTO
ÎÑÖ Íèæíèé Íîâãîðîä;Àðõèâ ¹1 Íèæíèé Íîâãîðîä;BX 0085 000 00 01;Ðåãèñòðàöèÿ FB;-;00;Ðåãèñòðàöèÿ;Íåò;0;AUTO
ÎÑÖ Íîâîñèáèðñê;Àðõèâ ¹3 Åêàòåðèíáóðã;BX 0085 000 00 01;Ðåãèñòðàöèÿ FB;-;00;Ðåãèñòðàöèÿ;Íåò;0;AUTO
ÎÑÖ Âîðîíåæ;Âíå ïîäðàçäåëåíèé;BX 0010 000 00 01;ÀÊ ðàçìåùåí íà õðàíåíèå;-;00;Ëîãèñòèêà;ÀÊ;43;AUTO
ÎÑÖ Âîðîíåæ;Àðõèâ ¹1 Âîðîíåæ;BX 0010 000 00 01;ÀÊ ðàçìåùåí íà õðàíåíèå;-;00;Ëîãèñòèêà;ÀÊ;43;AUTO
ÎÑÖ Âîðîíåæ;Àðõèâ ¹3 Êàëèíèíãðàä;BX 0010 000 00 01;ÀÊ ðàçìåùåí íà õðàíåíèå;-;00;Ëîãèñòèêà;ÀÊ;41,234;AUTO
ÎÑÖ Âîðîíåæ;Àðõèâ ¹4 Ñàíêò-Ïåòåðáóðã;BX 0010 000 00 01;ÀÊ ðàçìåùåí íà õðàíåíèå;-;00;Ëîãèñòèêà;ÀÊ;43;AUTO
ÎÑÖ Ìîñêâà;Àðõèâ ¹1 Òîìèëèíî;BX 0010 000 00 01;ÀÊ ðàçìåùåí íà õðàíåíèå;-;00;Ëîãèñòèêà;ÀÊ;34;AUTO
ÎÑÖ Íèæíèé Íîâãîðîä;Àðõèâ ¹1 Íèæíèé Íîâãîðîä;BX 0010 000 00 01;ÀÊ ðàçìåùåí íà õðàíåíèå;-;00;Ëîãèñòèêà;ÀÊ;43;AUTO
ÎÑÖ Íîâîñèáèðñê;Àðõèâ ¹1 Íîâîñèáèðñê;BX 0010 000 00 01;ÀÊ ðàçìåùåí íà õðàíåíèå;-;00;Ëîãèñòèêà;ÀÊ;43;AUTO
ÎÑÖ Íîâîñèáèðñê;Àðõèâ ¹3 Åêàòåðèíáóðã;BX 0010 000 00 01;ÀÊ ðàçìåùåí íà õðàíåíèå;-;00;Ëîãèñòèêà;ÀÊ;43;AUTO
ÎÑÖ Ñàìàðà;Àðõèâ ¹1 Ñàìàðà;BX 0010 000 00 01;ÀÊ ðàçìåùåí íà õðàíåíèå;-;00;Ëîãèñòèêà;ÀÊ;43;AUTO
ÎÑÖ Âîðîíåæ;Âíå ïîäðàçäåëåíèé;RA 0009 000 00 01;Ðàçìåùåíèå êîðîáîâ íà õðàíåíèå â àâòîìàòèçèðîâàííîì õðàíèëèùå ÖÀÐÑ;-;00;Ëîãèñòèêà;;0;AUTO
ÎÑÖ Âîðîíåæ;Àðõèâ ¹1 Âîðîíåæ;RA 0009 000 00 01;Ðàçìåùåíèå êîðîáîâ íà õðàíåíèå â àâòîìàòèçèðîâàííîì õðàíèëèùå ÖÀÐÑ;-;00;Ëîãèñòèêà;;0;AUTO
ÎÑÖ Âîðîíåæ;Àðõèâ ¹3 Êàëèíèíãðàä;RA 0009 000 00 01;Ðàçìåùåíèå êîðîáîâ íà õðàíåíèå â àâòîìàòèçèðîâàííîì õðàíèëèùå ÖÀÐÑ;-;00;Ëîãèñòèêà;;0;AUTO
ÎÑÖ Âîðîíåæ;Àðõèâ ¹4 Ñàíêò-Ïåòåðáóðã;RA 0009 000 00 01;Ðàçìåùåíèå êîðîáîâ íà õðàíåíèå â àâòîìàòèçèðîâàííîì õðàíèëèùå ÖÀÐÑ;-;00;Ëîãèñòèêà;;0;AUTO
ÎÑÖ Ìîñêâà;Àðõèâ ¹1 Òîìèëèíî;RA 0009 000 00 01;Ðàçìåùåíèå êîðîáîâ íà õðàíåíèå â àâòîìàòèçèðîâàííîì õðàíèëèùå ÖÀÐÑ;-;00;Ëîãèñòèêà;;25,948;AUTO
ÎÑÖ Íèæíèé Íîâãîðîä;Àðõèâ ¹1 Íèæíèé Íîâãîðîä;RA 0009 000 00 01;Ðàçìåùåíèå êîðîáîâ íà õðàíåíèå â àâòîìàòèçèðîâàííîì õðàíèëèùå ÖÀÐÑ;-;00;Ëîãèñòèêà;;28;AUTO
ÎÑÖ Íîâîñèáèðñê;Àðõèâ ¹1 Íîâîñèáèðñê;RA 0009 000 00 01;Ðàçìåùåíèå êîðîáîâ íà õðàíåíèå â àâòîìàòèçèðîâàííîì õðàíèëèùå ÖÀÐÑ;-;00;Ëîãèñòèêà;;0;AUTO
ÎÑÖ Íîâîñèáèðñê;Àðõèâ ¹3 Åêàòåðèíáóðã;RA 0009 000 00 01;Ðàçìåùåíèå êîðîáîâ íà õðàíåíèå â àâòîìàòèçèðîâàííîì õðàíèëèùå ÖÀÐÑ;-;00;Ëîãèñòèêà;;0;AUTO
ÎÑÖ Ñàìàðà;Àðõèâ ¹1 Ñàìàðà;RA 0009 000 00 01;Ðàçìåùåíèå êîðîáîâ íà õðàíåíèå â àâòîìàòèçèðîâàííîì õðàíèëèùå ÖÀÐÑ;-;00;Ëîãèñòèêà;;28;AUTO
ÎÑÖ Âîðîíåæ;Àðõèâ ¹1 Âîðîíåæ;SS 0142 000 00 01;Ïðèêðåïëåíèå ôàéëîâ â ÅÑÌ (ìàñêà ýëåêòðî);;;Ðåãèñòðàöèÿ;;72;AUTO
ÎÑÖ Âîðîíåæ;Àðõèâ ¹3 Êàëèíèíãðàä;SS 0142 000 00 01;Ïðèêðåïëåíèå ôàéëîâ â ÅÑÌ (ìàñêà ýëåêòðî);;;Ðåãèñòðàöèÿ;;72;AUTO
ÎÑÖ Âîðîíåæ;Àðõèâ ¹4 Ñàíêò-Ïåòåðáóðã;SS 0142 000 00 01;Ïðèêðåïëåíèå ôàéëîâ â ÅÑÌ (ìàñêà ýëåêòðî);;;Ðåãèñòðàöèÿ;;72;AUTO
ÎÑÖ Ìîñêâà;Àðõèâ ¹1 Òîìèëèíî;SS 0142 000 00 01;Ïðèêðåïëåíèå ôàéëîâ â ÅÑÌ (ìàñêà ýëåêòðî);;;Ðåãèñòðàöèÿ;;83,522;AUTO
ÎÑÖ Íèæíèé Íîâãîðîä;Àðõèâ ¹1 Íèæíèé Íîâãîðîä;SS 0142 000 00 01;Ïðèêðåïëåíèå ôàéëîâ â ÅÑÌ (ìàñêà ýëåêòðî);;;Ðåãèñòðàöèÿ;;72;AUTO
ÎÑÖ Íîâîñèáèðñê;Àðõèâ ¹1 Íîâîñèáèðñê;SS 0142 000 00 01;Ïðèêðåïëåíèå ôàéëîâ â ÅÑÌ (ìàñêà ýëåêòðî);;;Ðåãèñòðàöèÿ;;72;AUTO
ÎÑÖ Íîâîñèáèðñê;Àðõèâ ¹3 Åêàòåðèíáóðã;SS 0142 000 00 01;Ïðèêðåïëåíèå ôàéëîâ â ÅÑÌ (ìàñêà ýëåêòðî);;;Ðåãèñòðàöèÿ;;72;AUTO
ÎÑÖ Ñàìàðà;Àðõèâ ¹1 Ñàìàðà;SS 0142 000 00 01;Ïðèêðåïëåíèå ôàéëîâ â ÅÑÌ (ìàñêà ýëåêòðî);;;Ðåãèñòðàöèÿ;;64;AUTO
ÎÑÖ Âîðîíåæ;Àðõèâ ¹1 Âîðîíåæ;BX 0013 000 00 01;ÀÊ èçúÿò ñ õðàíåíèÿ;-;00;Ëîãèñòèêà;ÀÊ;32;AUTO
ÎÑÖ Íèæíèé Íîâãîðîä;Àðõèâ ¹1 Íèæíèé Íîâãîðîä;BX 0013 000 00 01;ÀÊ èçúÿò ñ õðàíåíèÿ;-;00;Ëîãèñòèêà;ÀÊ;32;AUTO
ÎÑÖ Íîâîñèáèðñê;Àðõèâ ¹1 Íîâîñèáèðñê;BX 0013 000 00 01;ÀÊ èçúÿò ñ õðàíåíèÿ;-;00;Ëîãèñòèêà;ÀÊ;32;AUTO
ÎÑÖ Ñàìàðà;Àðõèâ ¹1 Ñàìàðà;BX 0013 000 00 01;ÀÊ èçúÿò ñ õðàíåíèÿ;-;00;Ëîãèñòèêà;ÀÊ;32;AUTO
ÎÑÖ Ìîñêâà;Àðõèâ ¹1 Òîìèëèíî;BX 0013 000 00 01;ÀÊ èçúÿò ñ õðàíåíèÿ;-;00;Ëîãèñòèêà;ÀÊ;29,091;AUTO
ÎÑÖ Íîâîñèáèðñê;Àðõèâ ¹3 Åêàòåðèíáóðã;BX 0013 000 00 01;ÀÊ èçúÿò ñ õðàíåíèÿ;-;00;Ëîãèñòèêà;ÀÊ;32;AUTO
ÎÑÖ Âîðîíåæ;Àðõèâ ¹3 Êàëèíèíãðàä;BX 0013 000 00 01;ÀÊ èçúÿò ñ õðàíåíèÿ;-;00;Ëîãèñòèêà;ÀÊ;31,865;AUTO
ÎÑÖ Âîðîíåæ;Àðõèâ ¹4 Ñàíêò-Ïåòåðáóðã;BX 0013 000 00 01;ÀÊ èçúÿò ñ õðàíåíèÿ;-;00;Ëîãèñòèêà;ÀÊ;32;AUTO
ÎÑÖ Âîðîíåæ;Àðõèâ ¹1 Âîðîíåæ;CP 0047 000 00 01;Äîêóìåíò/Îïèñü/Ñøèâ ïåðåìàðêèðîâàí;-;00;Ëîãèñòèêà;;12;AUTO
ÎÑÖ Íèæíèé Íîâãîðîä;Àðõèâ ¹1 Íèæíèé Íîâãîðîä;CP 0047 000 00 01;Äîêóìåíò/Îïèñü/Ñøèâ ïåðåìàðêèðîâàí;-;00;Ëîãèñòèêà;;12;AUTO
ÎÑÖ Íîâîñèáèðñê;Àðõèâ ¹1 Íîâîñèáèðñê;CP 0047 000 00 01;Äîêóìåíò/Îïèñü/Ñøèâ ïåðåìàðêèðîâàí;-;00;Ëîãèñòèêà;;12;AUTO
ÎÑÖ Ñàìàðà;Àðõèâ ¹1 Ñàìàðà;CP 0047 000 00 01;Äîêóìåíò/Îïèñü/Ñøèâ ïåðåìàðêèðîâàí;-;00;Ëîãèñòèêà;;12;AUTO
ÎÑÖ Ìîñêâà;Àðõèâ ¹1 Òîìèëèíî;CP 0047 000 00 01;Äîêóìåíò/Îïèñü/Ñøèâ ïåðåìàðêèðîâàí;-;00;Ëîãèñòèêà;;12;AUTO
ÎÑÖ Íîâîñèáèðñê;Àðõèâ ¹3 Åêàòåðèíáóðã;CP 0047 000 00 01;Äîêóìåíò/Îïèñü/Ñøèâ ïåðåìàðêèðîâàí;-;00;Ëîãèñòèêà;;12;AUTO
ÎÑÖ Âîðîíåæ;Àðõèâ ¹3 Êàëèíèíãðàä;CP 0047 000 00 01;Äîêóìåíò/Îïèñü/Ñøèâ ïåðåìàðêèðîâàí;-;00;Ëîãèñòèêà;;10,813;AUTO
ÎÑÖ Âîðîíåæ;Àðõèâ ¹4 Ñàíêò-Ïåòåðáóðã;CP 0047 000 00 01;Äîêóìåíò/Îïèñü/Ñøèâ ïåðåìàðêèðîâàí;-;00;Ëîãèñòèêà;;12;AUTO
ÎÑÖ Âîðîíåæ;Àðõèâ ¹1 Âîðîíåæ;CP 0021 000 00 01;ÀÊ ïåðåìàðêèðîâàí;-;00;Ëîãèñòèêà;;30;AUTO
ÎÑÖ Íèæíèé Íîâãîðîä;Àðõèâ ¹1 Íèæíèé Íîâãîðîä;CP 0021 000 00 01;ÀÊ ïåðåìàðêèðîâàí;-;00;Ëîãèñòèêà;;30;AUTO
ÎÑÖ Íîâîñèáèðñê;Àðõèâ ¹1 Íîâîñèáèðñê;CP 0021 000 00 01;ÀÊ ïåðåìàðêèðîâàí;-;00;Ëîãèñòèêà;;27,109;AUTO
ÎÑÖ Ñàìàðà;Àðõèâ ¹1 Ñàìàðà;CP 0021 000 00 01;ÀÊ ïåðåìàðêèðîâàí;-;00;Ëîãèñòèêà;;30;AUTO
ÎÑÖ Ìîñêâà;Àðõèâ ¹1 Òîìèëèíî;CP 0021 000 00 01;ÀÊ ïåðåìàðêèðîâàí;-;00;Ëîãèñòèêà;;30;AUTO
ÎÑÖ Íîâîñèáèðñê;Àðõèâ ¹3 Åêàòåðèíáóðã;CP 0021 000 00 01;ÀÊ ïåðåìàðêèðîâàí;-;00;Ëîãèñòèêà;;30;AUTO
ÎÑÖ Âîðîíåæ;Àðõèâ ¹3 Êàëèíèíãðàä;CP 0021 000 00 01;ÀÊ ïåðåìàðêèðîâàí;-;00;Ëîãèñòèêà;;27,882;AUTO
ÎÑÖ Âîðîíåæ;Àðõèâ ¹4 Ñàíêò-Ïåòåðáóðã;CP 0021 000 00 01;ÀÊ ïåðåìàðêèðîâàí;-;00;Ëîãèñòèêà;;30;AUTO
ÎÑÖ Âîðîíåæ;Àðõèâ ¹1 Âîðîíåæ;BF 0038 000 00 01;Äîêóìåíò/Îïèñü/Ñøèâ ïðèñóòñòâîâàë âíóòðè êîðîáà ïðè ïðîâåäåíèè êîíòðîëÿ ïîëíîòû êîðîáà;-;00;Ëîãèñòèêà;;0;AUTO
ÎÑÖ Íèæíèé Íîâãîðîä;Àðõèâ ¹1 Íèæíèé Íîâãîðîä;BF 0038 000 00 01;Äîêóìåíò/Îïèñü/Ñøèâ ïðèñóòñòâîâàë âíóòðè êîðîáà ïðè ïðîâåäåíèè êîíòðîëÿ ïîëíîòû êîðîáà;-;00;Ëîãèñòèêà;;2,27;AUTO
ÎÑÖ Íîâîñèáèðñê;Àðõèâ ¹1 Íîâîñèáèðñê;BF 0038 000 00 01;Äîêóìåíò/Îïèñü/Ñøèâ ïðèñóòñòâîâàë âíóòðè êîðîáà ïðè ïðîâåäåíèè êîíòðîëÿ ïîëíîòû êîðîáà;-;00;Ëîãèñòèêà;;2,469;AUTO
ÎÑÖ Ñàìàðà;Àðõèâ ¹1 Ñàìàðà;BF 0038 000 00 01;Äîêóìåíò/Îïèñü/Ñøèâ ïðèñóòñòâîâàë âíóòðè êîðîáà ïðè ïðîâåäåíèè êîíòðîëÿ ïîëíîòû êîðîáà;-;00;Ëîãèñòèêà;;0;AUTO
ÎÑÖ Ìîñêâà;Àðõèâ ¹1 Òîìèëèíî;BF 0038 000 00 01;Äîêóìåíò/Îïèñü/Ñøèâ ïðèñóòñòâîâàë âíóòðè êîðîáà ïðè ïðîâåäåíèè êîíòðîëÿ ïîëíîòû êîðîáà;-;00;Ëîãèñòèêà;;2,076;AUTO
ÎÑÖ Íîâîñèáèðñê;Àðõèâ ¹3 Åêàòåðèíáóðã;BF 0038 000 00 01;Äîêóìåíò/Îïèñü/Ñøèâ ïðèñóòñòâîâàë âíóòðè êîðîáà ïðè ïðîâåäåíèè êîíòðîëÿ ïîëíîòû êîðîáà;-;00;Ëîãèñòèêà;;0;AUTO
ÎÑÖ Âîðîíåæ;Àðõèâ ¹3 Êàëèíèíãðàä;BF 0038 000 00 01;Äîêóìåíò/Îïèñü/Ñøèâ ïðèñóòñòâîâàë âíóòðè êîðîáà ïðè ïðîâåäåíèè êîíòðîëÿ ïîëíîòû êîðîáà;-;00;Ëîãèñòèêà;;2,662;AUTO
ÎÑÖ Âîðîíåæ;Àðõèâ ¹4 Ñàíêò-Ïåòåðáóðã;BF 0038 000 00 01;Äîêóìåíò/Îïèñü/Ñøèâ ïðèñóòñòâîâàë âíóòðè êîðîáà ïðè ïðîâåäåíèè êîíòðîëÿ ïîëíîòû êîðîáà;-;00;Ëîãèñòèêà;;2,698;AUTO
ÎÑÖ Âîðîíåæ;Àðõèâ ¹1 Âîðîíåæ;RR 0099 000 00 01;Ïðèíÿòî â ÑÎÇ èç ÑË LZ ÖÀÐÑ ïî çàïðîñàì (ñ ñîðòèðîâêîé);;00;Çàïðîñû;ØÊ;11,76;AUTO
ÎÑÖ Âîðîíåæ;Àðõèâ ¹3 Êàëèíèíãðàä;RR 0099 000 00 01;Ïðèíÿòî â ÑÎÇ èç ÑË LZ ÖÀÐÑ ïî çàïðîñàì (ñ ñîðòèðîâêîé);;00;Çàïðîñû;ØÊ;4,388;AUTO
ÎÑÖ Âîðîíåæ;Àðõèâ ¹4 Ñàíêò-Ïåòåðáóðã;RR 0099 000 00 01;Ïðèíÿòî â ÑÎÇ èç ÑË LZ ÖÀÐÑ ïî çàïðîñàì (ñ ñîðòèðîâêîé);;00;Çàïðîñû;ØÊ;9,668;AUTO
ÎÑÖ Ìîñêâà;Àðõèâ ¹1 Òîìèëèíî;RR 0099 000 00 01;Ïðèíÿòî â ÑÎÇ èç ÑË LZ ÖÀÐÑ ïî çàïðîñàì (ñ ñîðòèðîâêîé);;00;Çàïðîñû;ØÊ;12,473;AUTO
ÎÑÖ Íèæíèé Íîâãîðîä;Àðõèâ ¹1 Íèæíèé Íîâãîðîä;RR 0099 000 00 01;Ïðèíÿòî â ÑÎÇ èç ÑË LZ ÖÀÐÑ ïî çàïðîñàì (ñ ñîðòèðîâêîé);;00;Çàïðîñû;ØÊ;10,06;AUTO
ÎÑÖ Íîâîñèáèðñê;Àðõèâ ¹1 Íîâîñèáèðñê;RR 0099 000 00 01;Ïðèíÿòî â ÑÎÇ èç ÑË LZ ÖÀÐÑ ïî çàïðîñàì (ñ ñîðòèðîâêîé);;00;Çàïðîñû;ØÊ;13,273;AUTO
ÎÑÖ Íîâîñèáèðñê;Àðõèâ ¹3 Åêàòåðèíáóðã;RR 0099 000 00 01;Ïðèíÿòî â ÑÎÇ èç ÑË LZ ÖÀÐÑ ïî çàïðîñàì (ñ ñîðòèðîâêîé);;00;Çàïðîñû;ØÊ;12,617;AUTO
ÎÑÖ Ñàìàðà;Àðõèâ ¹1 Ñàìàðà;RR 0099 000 00 01;Ïðèíÿòî â ÑÎÇ èç ÑË LZ ÖÀÐÑ ïî çàïðîñàì (ñ ñîðòèðîâêîé);;00;Çàïðîñû;ØÊ;14,087;AUTO
ÎÑÖ Âîðîíåæ;Âíå ïîäðàçäåëåíèé;RG 0001 002 00 01;Ðåãèñòðàöèÿ ïî ÁÏ;Ðåã.;02;Ðåãèñòðàöèÿ;äîñüå;0;AUTO
ÎÑÖ Âîðîíåæ;Àðõèâ ¹1 Âîðîíåæ;RG 0001 002 00 01;Ðåãèñòðàöèÿ ïî ÁÏ;Ðåã.;02;Ðåãèñòðàöèÿ;äîñüå;21;AUTO
ÎÑÖ Íîâîñèáèðñê;Àðõèâ ¹1 Íîâîñèáèðñê;RG 0001 233 00 01;Ðåãèñòðàöèÿ ïî ÁÏ;Ðåã.;233;Ðåãèñòðàöèÿ;äîñüå;21,531;AUTO
ÎÑÖ Íîâîñèáèðñê;Àðõèâ ¹3 Åêàòåðèíáóðã;RG 0001 233 00 01;Ðåãèñòðàöèÿ ïî ÁÏ;Ðåã.;233;Ðåãèñòðàöèÿ;äîñüå;20,6;AUTO
ÎÑÖ Ñàìàðà;Âíå ïîäðàçäåëåíèé;RG 0001 233 00 01;Ðåãèñòðàöèÿ ïî ÁÏ;Ðåã.;233;Ðåãèñòðàöèÿ;äîñüå;0;AUTO
ÎÑÖ Ñàìàðà;Àðõèâ ¹1 Ñàìàðà;RG 0001 233 00 01;Ðåãèñòðàöèÿ ïî ÁÏ;Ðåã.;233;Ðåãèñòðàöèÿ;äîñüå;22;AUTO
ÎÑÖ Âîðîíåæ;Âíå ïîäðàçäåëåíèé;RG 0001 007 00 01;Ðåãèñòðàöèÿ ïî ÁÏ;Ðåã.;07;Ðåãèñòðàöèÿ;äîñüå;0;AUTO
ÎÑÖ Âîðîíåæ;Àðõèâ ¹1 Âîðîíåæ;RG 0001 007 00 01;Ðåãèñòðàöèÿ ïî ÁÏ;Ðåã.;07;Ðåãèñòðàöèÿ;äîñüå;38;AUTO
ÎÑÖ Âîðîíåæ;Àðõèâ ¹3 Êàëèíèíãðàä;RG 0001 007 00 01;Ðåãèñòðàöèÿ ïî ÁÏ;Ðåã.;07;Ðåãèñòðàöèÿ;äîñüå;24,576;AUTO
ÎÑÖ Âîðîíåæ;Àðõèâ ¹4 Ñàíêò-Ïåòåðáóðã;RG 0001 007 00 01;Ðåãèñòðàöèÿ ïî ÁÏ;Ðåã.;07;Ðåãèñòðàöèÿ;äîñüå;23;AUTO
ÎÑÖ Ìîñêâà;Âíå ïîäðàçäåëåíèé;RG 0001 007 00 01;Ðåãèñòðàöèÿ ïî ÁÏ;Ðåã.;07;Ðåãèñòðàöèÿ;äîñüå;0;AUTO
ÎÑÖ Ìîñêâà;Àðõèâ ¹1 Òîìèëèíî;RG 0001 007 00 01;Ðåãèñòðàöèÿ ïî ÁÏ;Ðåã.;07;Ðåãèñòðàöèÿ;äîñüå;24;AUTO
ÎÑÖ Íèæíèé Íîâãîðîä;Âíå ïîäðàçäåëåíèé;RG 0001 007 00 01;Ðåãèñòðàöèÿ ïî ÁÏ;Ðåã.;07;Ðåãèñòðàöèÿ;äîñüå;0;AUTO
ÎÑÖ Íèæíèé Íîâãîðîä;Àðõèâ ¹1 Íèæíèé Íîâãîðîä;RG 0001 007 00 01;Ðåãèñòðàöèÿ ïî ÁÏ;Ðåã.;07;Ðåãèñòðàöèÿ;äîñüå;21;AUTO
ÎÑÖ Íîâîñèáèðñê;Âíå ïîäðàçäåëåíèé;RG 0001 007 00 01;Ðåãèñòðàöèÿ ïî ÁÏ;Ðåã.;07;Ðåãèñòðàöèÿ;äîñüå;0;AUTO
ÎÑÖ Íîâîñèáèðñê;Àðõèâ ¹1 Íîâîñèáèðñê;RG 0001 007 00 01;Ðåãèñòðàöèÿ ïî ÁÏ;Ðåã.;07;Ðåãèñòðàöèÿ;äîñüå;28,75;AUTO
ÎÑÖ Íîâîñèáèðñê;Àðõèâ ¹3 Åêàòåðèíáóðã;RG 0001 007 00 01;Ðåãèñòðàöèÿ ïî ÁÏ;Ðåã.;07;Ðåãèñòðàöèÿ;äîñüå;29,284;AUTO
ÎÑÖ Ñàìàðà;Âíå ïîäðàçäåëåíèé;RG 0001 007 00 01;Ðåãèñòðàöèÿ ïî ÁÏ;Ðåã.;07;Ðåãèñòðàöèÿ;äîñüå;0;AUTO
ÎÑÖ Ñàìàðà;Àðõèâ ¹1 Ñàìàðà;RG 0001 007 00 01;Ðåãèñòðàöèÿ ïî ÁÏ;Ðåã.;07;Ðåãèñòðàöèÿ;äîñüå;30;AUTO
ÎÑÖ Âîðîíåæ;Âíå ïîäðàçäåëåíèé;RG 0001 058 00 01;Ðåãèñòðàöèÿ ïî ÁÏ;Ðåã.;58;Ðåãèñòðàöèÿ;äîñüå;0;AUTO
ÎÑÖ Âîðîíåæ;Àðõèâ ¹1 Âîðîíåæ;RG 0001 058 00 01;Ðåãèñòðàöèÿ ïî ÁÏ;Ðåã.;58;Ðåãèñòðàöèÿ;äîñüå;0;AUTO
ÎÑÖ Âîðîíåæ;Àðõèâ ¹3 Êàëèíèíãðàä;RG 0001 058 00 01;Ðåãèñòðàöèÿ ïî ÁÏ;Ðåã.;58;Ðåãèñòðàöèÿ;äîñüå;0;AUTO
ÎÑÖ Âîðîíåæ;Àðõèâ ¹4 Ñàíêò-Ïåòåðáóðã;RG 0001 058 00 01;Ðåãèñòðàöèÿ ïî ÁÏ;Ðåã.;58;Ðåãèñòðàöèÿ;äîñüå;23,313;AUTO
ÎÑÖ Ìîñêâà;Âíå ïîäðàçäåëåíèé;RG 0001 058 00 01;Ðåãèñòðàöèÿ ïî ÁÏ;Ðåã.;58;Ðåãèñòðàöèÿ;äîñüå;0;AUTO
ÎÑÖ Ìîñêâà;Àðõèâ ¹1 Òîìèëèíî;RG 0001 058 00 01;Ðåãèñòðàöèÿ ïî ÁÏ;Ðåã.;58;Ðåãèñòðàöèÿ;äîñüå;37;AUTO
ÎÑÖ Íèæíèé Íîâãîðîä;Âíå ïîäðàçäåëåíèé;RG 0001 058 00 01;Ðåãèñòðàöèÿ ïî ÁÏ;Ðåã.;58;Ðåãèñòðàöèÿ;äîñüå;0;AUTO
ÎÑÖ Íèæíèé Íîâãîðîä;Àðõèâ ¹1 Íèæíèé Íîâãîðîä;RG 0001 058 00 01;Ðåãèñòðàöèÿ ïî ÁÏ;Ðåã.;58;Ðåãèñòðàöèÿ;äîñüå;0;AUTO
ÎÑÖ Íîâîñèáèðñê;Âíå ïîäðàçäåëåíèé;RG 0001 058 00 01;Ðåãèñòðàöèÿ ïî ÁÏ;Ðåã.;58;Ðåãèñòðàöèÿ;äîñüå;0;AUTO
ÎÑÖ Íîâîñèáèðñê;Àðõèâ ¹1 Íîâîñèáèðñê;RG 0001 058 00 01;Ðåãèñòðàöèÿ ïî ÁÏ;Ðåã.;58;Ðåãèñòðàöèÿ;äîñüå;0;AUTO
ÎÑÖ Íîâîñèáèðñê;Àðõèâ ¹3 Åêàòåðèíáóðã;RG 0001 058 00 01;Ðåãèñòðàöèÿ ïî ÁÏ;Ðåã.;58;Ðåãèñòðàöèÿ;äîñüå;0;AUTO
ÎÑÖ Ñàìàðà;Âíå ïîäðàçäåëåíèé;RG 0001 058 00 01;Ðåãèñòðàöèÿ ïî ÁÏ;Ðåã.;58;Ðåãèñòðàöèÿ;äîñüå;0;AUTO
ÎÑÖ Ñàìàðà;Àðõèâ ¹1 Ñàìàðà;RG 0001 058 00 01;Ðåãèñòðàöèÿ ïî ÁÏ;Ðåã.;58;Ðåãèñòðàöèÿ;äîñüå;0;AUTO
ÎÑÖ Âîðîíåæ;Âíå ïîäðàçäåëåíèé;RG 0001 028 00 01;Ðåãèñòðàöèÿ ïî ÁÏ;Ðåã.;28;Ðåãèñòðàöèÿ;äîñüå;0;AUTO
ÎÑÖ Âîðîíåæ;Àðõèâ ¹1 Âîðîíåæ;RG 0001 028 00 01;Ðåãèñòðàöèÿ ïî ÁÏ;Ðåã.;28;Ðåãèñòðàöèÿ;äîñüå;0;AUTO
ÎÑÖ Âîðîíåæ;Àðõèâ ¹3 Êàëèíèíãðàä;RG 0001 028 00 01;Ðåãèñòðàöèÿ ïî ÁÏ;Ðåã.;28;Ðåãèñòðàöèÿ;äîñüå;23,327;AUTO
ÎÑÖ Âîðîíåæ;Àðõèâ ¹4 Ñàíêò-Ïåòåðáóðã;RG 0001 028 00 01;Ðåãèñòðàöèÿ ïî ÁÏ;Ðåã.;28;Ðåãèñòðàöèÿ;äîñüå;21;AUTO
ÎÑÖ Ìîñêâà;Âíå ïîäðàçäåëåíèé;RG 0001 028 00 01;Ðåãèñòðàöèÿ ïî ÁÏ;Ðåã.;28;Ðåãèñòðàöèÿ;äîñüå;0;AUTO
ÎÑÖ Ìîñêâà;Àðõèâ ¹1 Òîìèëèíî;RG 0001 028 00 01;Ðåãèñòðàöèÿ ïî ÁÏ;Ðåã.;28;Ðåãèñòðàöèÿ;äîñüå;24;AUTO
ÎÑÖ Íèæíèé Íîâãîðîä;Âíå ïîäðàçäåëåíèé;RG 0001 028 00 01;Ðåãèñòðàöèÿ ïî ÁÏ;Ðåã.;28;Ðåãèñòðàöèÿ;äîñüå;0;AUTO
ÎÑÖ Íèæíèé Íîâãîðîä;Àðõèâ ¹1 Íèæíèé Íîâãîðîä;RG 0001 028 00 01;Ðåãèñòðàöèÿ ïî ÁÏ;Ðåã.;28;Ðåãèñòðàöèÿ;äîñüå;24,188;AUTO
ÎÑÖ Íîâîñèáèðñê;Âíå ïîäðàçäåëåíèé;RG 0001 028 00 01;Ðåãèñòðàöèÿ ïî ÁÏ;Ðåã.;28;Ðåãèñòðàöèÿ;äîñüå;0;AUTO
ÎÑÖ Íîâîñèáèðñê;Àðõèâ ¹1 Íîâîñèáèðñê;RG 0001 028 00 01;Ðåãèñòðàöèÿ ïî ÁÏ;Ðåã.;28;Ðåãèñòðàöèÿ;äîñüå;24,528;AUTO
ÎÑÖ Íîâîñèáèðñê;Àðõèâ ¹3 Åêàòåðèíáóðã;RG 0001 028 00 01;Ðåãèñòðàöèÿ ïî ÁÏ;Ðåã.;28;Ðåãèñòðàöèÿ;äîñüå;25,5;AUTO
ÎÑÖ Ñàìàðà;Âíå ïîäðàçäåëåíèé;RG 0001 028 00 01;Ðåãèñòðàöèÿ ïî ÁÏ;Ðåã.;28;Ðåãèñòðàöèÿ;äîñüå;0;AUTO
ÎÑÖ Ñàìàðà;Àðõèâ ¹1 Ñàìàðà;RG 0001 028 00 01;Ðåãèñòðàöèÿ ïî ÁÏ;Ðåã.;28;Ðåãèñòðàöèÿ;äîñüå;23,314;AUTO
ÎÑÖ Âîðîíåæ;Âíå ïîäðàçäåëåíèé;RG 0001 019 00 01;Ðåãèñòðàöèÿ ïî ÁÏ;Ðåã.;19;Ðåãèñòðàöèÿ;äîñüå;0;AUTO
ÎÑÖ Âîðîíåæ;Àðõèâ ¹1 Âîðîíåæ;RG 0001 019 00 01;Ðåãèñòðàöèÿ ïî ÁÏ;Ðåã.;19;Ðåãèñòðàöèÿ;äîñüå;67;AUTO
ÎÑÖ Âîðîíåæ;Àðõèâ ¹3 Êàëèíèíãðàä;RG 0001 019 00 01;Ðåãèñòðàöèÿ ïî ÁÏ;Ðåã.;19;Ðåãèñòðàöèÿ;äîñüå;0;AUTO
ÎÑÖ Âîðîíåæ;Àðõèâ ¹4 Ñàíêò-Ïåòåðáóðã;RG 0001 019 00 01;Ðåãèñòðàöèÿ ïî ÁÏ;Ðåã.;19;Ðåãèñòðàöèÿ;äîñüå;65,923;AUTO
ÎÑÖ Ìîñêâà;Âíå ïîäðàçäåëåíèé;RG 0001 019 00 01;Ðåãèñòðàöèÿ ïî ÁÏ;Ðåã.;19;Ðåãèñòðàöèÿ;äîñüå;0;AUTO
ÎÑÖ Ìîñêâà;Àðõèâ ¹1 Òîìèëèíî;RG 0001 019 00 01;Ðåãèñòðàöèÿ ïî ÁÏ;Ðåã.;19;Ðåãèñòðàöèÿ;äîñüå;58;AUTO
ÎÑÖ Íèæíèé Íîâãîðîä;Âíå ïîäðàçäåëåíèé;RG 0001 019 00 01;Ðåãèñòðàöèÿ ïî ÁÏ;Ðåã.;19;Ðåãèñòðàöèÿ;äîñüå;0;AUTO
ÎÑÖ Íèæíèé Íîâãîðîä;Àðõèâ ¹1 Íèæíèé Íîâãîðîä;RG 0001 019 00 01;Ðåãèñòðàöèÿ ïî ÁÏ;Ðåã.;19;Ðåãèñòðàöèÿ;äîñüå;71,502;AUTO
ÎÑÖ Íîâîñèáèðñê;Âíå ïîäðàçäåëåíèé;RG 0001 019 00 01;Ðåãèñòðàöèÿ ïî ÁÏ;Ðåã.;19;Ðåãèñòðàöèÿ;äîñüå;0;AUTO
ÎÑÖ Íîâîñèáèðñê;Àðõèâ ¹1 Íîâîñèáèðñê;RG 0001 019 00 01;Ðåãèñòðàöèÿ ïî ÁÏ;Ðåã.;19;Ðåãèñòðàöèÿ;äîñüå;54,897;AUTO
ÎÑÖ Íîâîñèáèðñê;Àðõèâ ¹3 Åêàòåðèíáóðã;RG 0001 019 00 01;Ðåãèñòðàöèÿ ïî ÁÏ;Ðåã.;19;Ðåãèñòðàöèÿ;äîñüå;71,767;AUTO
ÎÑÖ Ñàìàðà;Âíå ïîäðàçäåëåíèé;RG 0001 019 00 01;Ðåãèñòðàöèÿ ïî ÁÏ;Ðåã.;19;Ðåãèñòðàöèÿ;äîñüå;0;AUTO
ÎÑÖ Ñàìàðà;Àðõèâ ¹1 Ñàìàðà;RG 0001 019 00 01;Ðåãèñòðàöèÿ ïî ÁÏ;Ðåã.;19;Ðåãèñòðàöèÿ;äîñüå;77,533;AUTO
ÎÑÖ Âîðîíåæ;Âíå ïîäðàçäåëåíèé;RG 0001 243 00 01;Ðåãèñòðàöèÿ ïî ÁÏ;Ðåã.;243;Ðåãèñòðàöèÿ;äîñüå;0;AUTO
ÎÑÖ Âîðîíåæ;Àðõèâ ¹1 Âîðîíåæ;RG 0001 243 00 01;Ðåãèñòðàöèÿ ïî ÁÏ;Ðåã.;243;Ðåãèñòðàöèÿ;äîñüå;100,567;AUTO
ÎÑÖ Âîðîíåæ;Àðõèâ ¹3 Êàëèíèíãðàä;RG 0001 243 00 01;Ðåãèñòðàöèÿ ïî ÁÏ;Ðåã.;243;Ðåãèñòðàöèÿ;äîñüå;0;AUTO
ÎÑÖ Âîðîíåæ;Àðõèâ ¹4 Ñàíêò-Ïåòåðáóðã;RG 0001 243 00 01;Ðåãèñòðàöèÿ ïî ÁÏ;Ðåã.;243;Ðåãèñòðàöèÿ;äîñüå;97,129;AUTO
ÎÑÖ Ìîñêâà;Âíå ïîäðàçäåëåíèé;RG 0001 243 00 01;Ðåãèñòðàöèÿ ïî ÁÏ;Ðåã.;243;Ðåãèñòðàöèÿ;äîñüå;0;AUTO
ÎÑÖ Ìîñêâà;Àðõèâ ¹1 Òîìèëèíî;RG 0001 243 00 01;Ðåãèñòðàöèÿ ïî ÁÏ;Ðåã.;243;Ðåãèñòðàöèÿ;äîñüå;93,2;AUTO
ÎÑÖ Íèæíèé Íîâãîðîä;Âíå ïîäðàçäåëåíèé;RG 0001 243 00 01;Ðåãèñòðàöèÿ ïî ÁÏ;Ðåã.;243;Ðåãèñòðàöèÿ;äîñüå;0;AUTO
ÎÑÖ Íèæíèé Íîâãîðîä;Àðõèâ ¹1 Íèæíèé Íîâãîðîä;RG 0001 243 00 01;Ðåãèñòðàöèÿ ïî ÁÏ;Ðåã.;243;Ðåãèñòðàöèÿ;äîñüå;88,7;AUTO
ÎÑÖ Íîâîñèáèðñê;Âíå ïîäðàçäåëåíèé;RG 0001 243 00 01;Ðåãèñòðàöèÿ ïî ÁÏ;Ðåã.;243;Ðåãèñòðàöèÿ;äîñüå;0;AUTO
ÎÑÖ Íîâîñèáèðñê;Àðõèâ ¹1 Íîâîñèáèðñê;RG 0001 243 00 01;Ðåãèñòðàöèÿ ïî ÁÏ;Ðåã.;243;Ðåãèñòðàöèÿ;äîñüå;77,987;AUTO
ÎÑÖ Íîâîñèáèðñê;Àðõèâ ¹3 Åêàòåðèíáóðã;RG 0001 243 00 01;Ðåãèñòðàöèÿ ïî ÁÏ;Ðåã.;243;Ðåãèñòðàöèÿ;äîñüå;101,233;AUTO
ÎÑÖ Ñàìàðà;Âíå ïîäðàçäåëåíèé;RG 0001 243 00 01;Ðåãèñòðàöèÿ ïî ÁÏ;Ðåã.;243;Ðåãèñòðàöèÿ;äîñüå;0;AUTO
ÎÑÖ Ñàìàðà;Àðõèâ ¹1 Ñàìàðà;RG 0001 243 00 01;Ðåãèñòðàöèÿ ïî ÁÏ;Ðåã.;243;Ðåãèñòðàöèÿ;äîñüå;95,7;AUTO
ÎÑÖ Âîðîíåæ;Âíå ïîäðàçäåëåíèé;RG 0001 016 00 01;Ðåãèñòðàöèÿ ïî ÁÏ;Ðåã.;16;Ðåãèñòðàöèÿ;äîñüå;0;AUTO
ÎÑÖ Âîðîíåæ;Àðõèâ ¹1 Âîðîíåæ;RG 0001 016 00 01;Ðåãèñòðàöèÿ ïî ÁÏ;Ðåã.;16;Ðåãèñòðàöèÿ;äîñüå;0;AUTO
ÎÑÖ Âîðîíåæ;Àðõèâ ¹3 Êàëèíèíãðàä;RG 0001 016 00 01;Ðåãèñòðàöèÿ ïî ÁÏ;Ðåã.;16;Ðåãèñòðàöèÿ;äîñüå;16,161;AUTO
ÎÑÖ Âîðîíåæ;Àðõèâ ¹4 Ñàíêò-Ïåòåðáóðã;RG 0001 016 00 01;Ðåãèñòðàöèÿ ïî ÁÏ;Ðåã.;16;Ðåãèñòðàöèÿ;äîñüå;0;AUTO
ÎÑÖ Ìîñêâà;Âíå ïîäðàçäåëåíèé;RG 0001 016 00 01;Ðåãèñòðàöèÿ ïî ÁÏ;Ðåã.;16;Ðåãèñòðàöèÿ;äîñüå;0;AUTO
ÎÑÖ Ìîñêâà;Àðõèâ ¹1 Òîìèëèíî;RG 0001 016 00 01;Ðåãèñòðàöèÿ ïî ÁÏ;Ðåã.;16;Ðåãèñòðàöèÿ;äîñüå;0;AUTO
ÎÑÖ Íèæíèé Íîâãîðîä;Âíå ïîäðàçäåëåíèé;RG 0001 016 00 01;Ðåãèñòðàöèÿ ïî ÁÏ;Ðåã.;16;Ðåãèñòðàöèÿ;äîñüå;0;AUTO
ÎÑÖ Íèæíèé Íîâãîðîä;Àðõèâ ¹1 Íèæíèé Íîâãîðîä;RG 0001 016 00 01;Ðåãèñòðàöèÿ ïî ÁÏ;Ðåã.;16;Ðåãèñòðàöèÿ;äîñüå;0;AUTO
ÎÑÖ Íîâîñèáèðñê;Âíå ïîäðàçäåëåíèé;RG 0001 016 00 01;Ðåãèñòðàöèÿ ïî ÁÏ;Ðåã.;16;Ðåãèñòðàöèÿ;äîñüå;0;AUTO
ÎÑÖ Íîâîñèáèðñê;Àðõèâ ¹1 Íîâîñèáèðñê;RG 0001 016 00 01;Ðåãèñòðàöèÿ ïî ÁÏ;Ðåã.;16;Ðåãèñòðàöèÿ;äîñüå;16,173;AUTO
ÎÑÖ Íîâîñèáèðñê;Àðõèâ ¹3 Åêàòåðèíáóðã;RG 0001 016 00 01;Ðåãèñòðàöèÿ ïî ÁÏ;Ðåã.;16;Ðåãèñòðàöèÿ;äîñüå;0;AUTO
ÎÑÖ Ñàìàðà;Âíå ïîäðàçäåëåíèé;RG 0001 016 00 01;Ðåãèñòðàöèÿ ïî ÁÏ;Ðåã.;16;Ðåãèñòðàöèÿ;äîñüå;0;AUTO
ÎÑÖ Ñàìàðà;Àðõèâ ¹1 Ñàìàðà;RG 0001 016 00 01;Ðåãèñòðàöèÿ ïî ÁÏ;Ðåã.;16;Ðåãèñòðàöèÿ;äîñüå;0;AUTO
ÎÑÖ Âîðîíåæ;Âíå ïîäðàçäåëåíèé;RG 0001 027 00 01;Ðåãèñòðàöèÿ ïî ÁÏ;Ðåã.;27;Ðåãèñòðàöèÿ;äîñüå;0;AUTO
ÎÑÖ Âîðîíåæ;Àðõèâ ¹1 Âîðîíåæ;RG 0001 027 00 01;Ðåãèñòðàöèÿ ïî ÁÏ;Ðåã.;27;Ðåãèñòðàöèÿ;äîñüå;20;AUTO
ÎÑÖ Âîðîíåæ;Àðõèâ ¹3 Êàëèíèíãðàä;RG 0001 027 00 01;Ðåãèñòðàöèÿ ïî ÁÏ;Ðåã.;27;Ðåãèñòðàöèÿ;äîñüå;26,034;AUTO
ÎÑÖ Âîðîíåæ;Àðõèâ ¹4 Ñàíêò-Ïåòåðáóðã;RG 0001 027 00 01;Ðåãèñòðàöèÿ ïî ÁÏ;Ðåã.;27;Ðåãèñòðàöèÿ;äîñüå;23,313;AUTO
ÎÑÖ Ìîñêâà;Âíå ïîäðàçäåëåíèé;RG 0001 027 00 01;Ðåãèñòðàöèÿ ïî ÁÏ;Ðåã.;27;Ðåãèñòðàöèÿ;äîñüå;0;AUTO
ÎÑÖ Ìîñêâà;Àðõèâ ¹1 Òîìèëèíî;RG 0001 027 00 01;Ðåãèñòðàöèÿ ïî ÁÏ;Ðåã.;27;Ðåãèñòðàöèÿ;äîñüå;15;AUTO
ÎÑÖ Íèæíèé Íîâãîðîä;Âíå ïîäðàçäåëåíèé;RG 0001 027 00 01;Ðåãèñòðàöèÿ ïî ÁÏ;Ðåã.;27;Ðåãèñòðàöèÿ;äîñüå;0;AUTO
ÎÑÖ Íèæíèé Íîâãîðîä;Àðõèâ ¹1 Íèæíèé Íîâãîðîä;RG 0001 027 00 01;Ðåãèñòðàöèÿ ïî ÁÏ;Ðåã.;27;Ðåãèñòðàöèÿ;äîñüå;35;AUTO
ÎÑÖ Íîâîñèáèðñê;Âíå ïîäðàçäåëåíèé;RG 0001 027 00 01;Ðåãèñòðàöèÿ ïî ÁÏ;Ðåã.;27;Ðåãèñòðàöèÿ;äîñüå;0;AUTO
ÎÑÖ Íîâîñèáèðñê;Àðõèâ ¹1 Íîâîñèáèðñê;RG 0001 027 00 01;Ðåãèñòðàöèÿ ïî ÁÏ;Ðåã.;27;Ðåãèñòðàöèÿ;äîñüå;22,967;AUTO
ÎÑÖ Íîâîñèáèðñê;Àðõèâ ¹3 Åêàòåðèíáóðã;RG 0001 027 00 01;Ðåãèñòðàöèÿ ïî ÁÏ;Ðåã.;27;Ðåãèñòðàöèÿ;äîñüå;23,2;AUTO
ÎÑÖ Ñàìàðà;Âíå ïîäðàçäåëåíèé;RG 0001 027 00 01;Ðåãèñòðàöèÿ ïî ÁÏ;Ðåã.;27;Ðåãèñòðàöèÿ;äîñüå;0;AUTO
ÎÑÖ Ñàìàðà;Àðõèâ ¹1 Ñàìàðà;RG 0001 027 00 01;Ðåãèñòðàöèÿ ïî ÁÏ;Ðåã.;27;Ðåãèñòðàöèÿ;äîñüå;25;AUTO
ÎÑÖ Âîðîíåæ;Âíå ïîäðàçäåëåíèé;RG 0001 035 00 01;Ðåãèñòðàöèÿ ïî ÁÏ;Ðåã.;35;Ðåãèñòðàöèÿ;äîñüå;0;AUTO
ÎÑÖ Âîðîíåæ;Àðõèâ ¹1 Âîðîíåæ;RG 0001 035 00 01;Ðåãèñòðàöèÿ ïî ÁÏ;Ðåã.;35;Ðåãèñòðàöèÿ;äîñüå;23,067;AUTO
ÎÑÖ Âîðîíåæ;Àðõèâ ¹3 Êàëèíèíãðàä;RG 0001 035 00 01;Ðåãèñòðàöèÿ ïî ÁÏ;Ðåã.;35;Ðåãèñòðàöèÿ;äîñüå;23,76;AUTO
ÎÑÖ Âîðîíåæ;Àðõèâ ¹4 Ñàíêò-Ïåòåðáóðã;RG 0001 035 00 01;Ðåãèñòðàöèÿ ïî ÁÏ;Ðåã.;35;Ðåãèñòðàöèÿ;äîñüå;21,761;AUTO
ÎÑÖ Ìîñêâà;Âíå ïîäðàçäåëåíèé;RG 0001 035 00 01;Ðåãèñòðàöèÿ ïî ÁÏ;Ðåã.;35;Ðåãèñòðàöèÿ;äîñüå;0;AUTO
ÎÑÖ Ìîñêâà;Àðõèâ ¹1 Òîìèëèíî;RG 0001 035 00 01;Ðåãèñòðàöèÿ ïî ÁÏ;Ðåã.;35;Ðåãèñòðàöèÿ;äîñüå;24;AUTO
ÎÑÖ Íèæíèé Íîâãîðîä;Âíå ïîäðàçäåëåíèé;RG 0001 035 00 01;Ðåãèñòðàöèÿ ïî ÁÏ;Ðåã.;35;Ðåãèñòðàöèÿ;äîñüå;0;AUTO
ÎÑÖ Íèæíèé Íîâãîðîä;Àðõèâ ¹1 Íèæíèé Íîâãîðîä;RG 0001 035 00 01;Ðåãèñòðàöèÿ ïî ÁÏ;Ðåã.;35;Ðåãèñòðàöèÿ;äîñüå;21;AUTO
ÎÑÖ Íîâîñèáèðñê;Âíå ïîäðàçäåëåíèé;RG 0001 035 00 01;Ðåãèñòðàöèÿ ïî ÁÏ;Ðåã.;35;Ðåãèñòðàöèÿ;äîñüå;0;AUTO
ÎÑÖ Íîâîñèáèðñê;Àðõèâ ¹1 Íîâîñèáèðñê;RG 0001 035 00 01;Ðåãèñòðàöèÿ ïî ÁÏ;Ðåã.;35;Ðåãèñòðàöèÿ;äîñüå;23,333;AUTO
ÎÑÖ Íîâîñèáèðñê;Àðõèâ ¹3 Åêàòåðèíáóðã;RG 0001 035 00 01;Ðåãèñòðàöèÿ ïî ÁÏ;Ðåã.;35;Ðåãèñòðàöèÿ;äîñüå;22,533;AUTO
ÎÑÖ Ñàìàðà;Âíå ïîäðàçäåëåíèé;RG 0001 035 00 01;Ðåãèñòðàöèÿ ïî ÁÏ;Ðåã.;35;Ðåãèñòðàöèÿ;äîñüå;0;AUTO
ÎÑÖ Ñàìàðà;Àðõèâ ¹1 Ñàìàðà;RG 0001 035 00 01;Ðåãèñòðàöèÿ ïî ÁÏ;Ðåã.;35;Ðåãèñòðàöèÿ;äîñüå;20;AUTO
ÎÑÖ Âîðîíåæ;Âíå ïîäðàçäåëåíèé;RG 0001 005 00 01;Ðåãèñòðàöèÿ ïî ÁÏ;Ðåã.;05;Ðåãèñòðàöèÿ;äîñüå;0;AUTO
ÎÑÖ Âîðîíåæ;Àðõèâ ¹1 Âîðîíåæ;RG 0001 005 00 01;Ðåãèñòðàöèÿ ïî ÁÏ;Ðåã.;05;Ðåãèñòðàöèÿ;äîñüå;38;AUTO
ÎÑÖ Âîðîíåæ;Àðõèâ ¹3 Êàëèíèíãðàä;RG 0001 005 00 01;Ðåãèñòðàöèÿ ïî ÁÏ;Ðåã.;05;Ðåãèñòðàöèÿ;äîñüå;31,378;AUTO
ÎÑÖ Âîðîíåæ;Àðõèâ ¹4 Ñàíêò-Ïåòåðáóðã;RG 0001 005 00 01;Ðåãèñòðàöèÿ ïî ÁÏ;Ðåã.;05;Ðåãèñòðàöèÿ;äîñüå;37,677;AUTO
ÎÑÖ Ìîñêâà;Âíå ïîäðàçäåëåíèé;RG 0001 005 00 01;Ðåãèñòðàöèÿ ïî ÁÏ;Ðåã.;05;Ðåãèñòðàöèÿ;äîñüå;0;AUTO
ÎÑÖ Ìîñêâà;Àðõèâ ¹1 Òîìèëèíî;RG 0001 005 00 01;Ðåãèñòðàöèÿ ïî ÁÏ;Ðåã.;05;Ðåãèñòðàöèÿ;äîñüå;34,397;AUTO
ÎÑÖ Íèæíèé Íîâãîðîä;Âíå ïîäðàçäåëåíèé;RG 0001 005 00 01;Ðåãèñòðàöèÿ ïî ÁÏ;Ðåã.;05;Ðåãèñòðàöèÿ;äîñüå;0;AUTO
ÎÑÖ Íèæíèé Íîâãîðîä;Àðõèâ ¹1 Íèæíèé Íîâãîðîä;RG 0001 005 00 01;Ðåãèñòðàöèÿ ïî ÁÏ;Ðåã.;05;Ðåãèñòðàöèÿ;äîñüå;32;AUTO
ÎÑÖ Íîâîñèáèðñê;Âíå ïîäðàçäåëåíèé;RG 0001 005 00 01;Ðåãèñòðàöèÿ ïî ÁÏ;Ðåã.;05;Ðåãèñòðàöèÿ;äîñüå;0;AUTO
ÎÑÖ Íîâîñèáèðñê;Àðõèâ ¹1 Íîâîñèáèðñê;RG 0001 005 00 01;Ðåãèñòðàöèÿ ïî ÁÏ;Ðåã.;05;Ðåãèñòðàöèÿ;äîñüå;32,233;AUTO
ÎÑÖ Íîâîñèáèðñê;Àðõèâ ¹3 Åêàòåðèíáóðã;RG 0001 005 00 01;Ðåãèñòðàöèÿ ïî ÁÏ;Ðåã.;05;Ðåãèñòðàöèÿ;äîñüå;32,467;AUTO
ÎÑÖ Ñàìàðà;Âíå ïîäðàçäåëåíèé;RG 0001 005 00 01;Ðåãèñòðàöèÿ ïî ÁÏ;Ðåã.;05;Ðåãèñòðàöèÿ;äîñüå;0;AUTO
ÎÑÖ Ñàìàðà;Àðõèâ ¹1 Ñàìàðà;RG 0001 005 00 01;Ðåãèñòðàöèÿ ïî ÁÏ;Ðåã.;05;Ðåãèñòðàöèÿ;äîñüå;36;AUTO
ÎÑÖ Âîðîíåæ;Âíå ïîäðàçäåëåíèé;RG 0001 201 00 01;Ðåãèñòðàöèÿ ïî ÁÏ;Ðåã.;201;Ðåãèñòðàöèÿ;äîñüå;0;AUTO
ÎÑÖ Âîðîíåæ;Àðõèâ ¹1 Âîðîíåæ;RG 0001 201 00 01;Ðåãèñòðàöèÿ ïî ÁÏ;Ðåã.;201;Ðåãèñòðàöèÿ;äîñüå;68;AUTO
ÎÑÖ Âîðîíåæ;Àðõèâ ¹3 Êàëèíèíãðàä;RG 0001 201 00 01;Ðåãèñòðàöèÿ ïî ÁÏ;Ðåã.;201;Ðåãèñòðàöèÿ;äîñüå;59,361;AUTO
ÎÑÖ Âîðîíåæ;Àðõèâ ¹4 Ñàíêò-Ïåòåðáóðã;RG 0001 201 00 01;Ðåãèñòðàöèÿ ïî ÁÏ;Ðåã.;201;Ðåãèñòðàöèÿ;äîñüå;43,058;AUTO
ÎÑÖ Ìîñêâà;Âíå ïîäðàçäåëåíèé;RG 0001 201 00 01;Ðåãèñòðàöèÿ ïî ÁÏ;Ðåã.;201;Ðåãèñòðàöèÿ;äîñüå;0;AUTO
ÎÑÖ Ìîñêâà;Àðõèâ ¹1 Òîìèëèíî;RG 0001 201 00 01;Ðåãèñòðàöèÿ ïî ÁÏ;Ðåã.;201;Ðåãèñòðàöèÿ;äîñüå;63;AUTO
ÎÑÖ Íèæíèé Íîâãîðîä;Âíå ïîäðàçäåëåíèé;RG 0001 201 00 01;Ðåãèñòðàöèÿ ïî ÁÏ;Ðåã.;201;Ðåãèñòðàöèÿ;äîñüå;0;AUTO
ÎÑÖ Íèæíèé Íîâãîðîä;Àðõèâ ¹1 Íèæíèé Íîâãîðîä;RG 0001 201 00 01;Ðåãèñòðàöèÿ ïî ÁÏ;Ðåã.;201;Ðåãèñòðàöèÿ;äîñüå;83;AUTO
ÎÑÖ Íîâîñèáèðñê;Âíå ïîäðàçäåëåíèé;RG 0001 201 00 01;Ðåãèñòðàöèÿ ïî ÁÏ;Ðåã.;201;Ðåãèñòðàöèÿ;äîñüå;0;AUTO
ÎÑÖ Íîâîñèáèðñê;Àðõèâ ¹1 Íîâîñèáèðñê;RG 0001 201 00 01;Ðåãèñòðàöèÿ ïî ÁÏ;Ðåã.;201;Ðåãèñòðàöèÿ;äîñüå;64,167;AUTO
ÎÑÖ Íîâîñèáèðñê;Àðõèâ ¹3 Åêàòåðèíáóðã;RG 0001 201 00 01;Ðåãèñòðàöèÿ ïî ÁÏ;Ðåã.;201;Ðåãèñòðàöèÿ;äîñüå;64,284;AUTO
ÎÑÖ Ñàìàðà;Âíå ïîäðàçäåëåíèé;RG 0001 201 00 01;Ðåãèñòðàöèÿ ïî ÁÏ;Ðåã.;201;Ðåãèñòðàöèÿ;äîñüå;0;AUTO
ÎÑÖ Ñàìàðà;Àðõèâ ¹1 Ñàìàðà;RG 0001 201 00 01;Ðåãèñòðàöèÿ ïî ÁÏ;Ðåã.;201;Ðåãèñòðàöèÿ;äîñüå;93;AUTO
ÎÑÖ Âîðîíåæ;Âíå ïîäðàçäåëåíèé;RG 0001 048 00 01;Ðåãèñòðàöèÿ ïî ÁÏ;Ðåã.;48;Ðåãèñòðàöèÿ;äîñüå;0;AUTO
ÎÑÖ Âîðîíåæ;Àðõèâ ¹1 Âîðîíåæ;RG 0001 048 00 01;Ðåãèñòðàöèÿ ïî ÁÏ;Ðåã.;48;Ðåãèñòðàöèÿ;äîñüå;32;AUTO
ÎÑÖ Âîðîíåæ;Àðõèâ ¹3 Êàëèíèíãðàä;RG 0001 048 00 01;Ðåãèñòðàöèÿ ïî ÁÏ;Ðåã.;48;Ðåãèñòðàöèÿ;äîñüå;34,575;AUTO
ÎÑÖ Âîðîíåæ;Àðõèâ ¹4 Ñàíêò-Ïåòåðáóðã;RG 0001 048 00 01;Ðåãèñòðàöèÿ ïî ÁÏ;Ðåã.;48;Ðåãèñòðàöèÿ;äîñüå;28,198;AUTO
ÎÑÖ Ìîñêâà;Âíå ïîäðàçäåëåíèé;RG 0001 048 00 01;Ðåãèñòðàöèÿ ïî ÁÏ;Ðåã.;48;Ðåãèñòðàöèÿ;äîñüå;0;AUTO
ÎÑÖ Ìîñêâà;Àðõèâ ¹1 Òîìèëèíî;RG 0001 048 00 01;Ðåãèñòðàöèÿ ïî ÁÏ;Ðåã.;48;Ðåãèñòðàöèÿ;äîñüå;48;AUTO
ÎÑÖ Íèæíèé Íîâãîðîä;Âíå ïîäðàçäåëåíèé;RG 0001 048 00 01;Ðåãèñòðàöèÿ ïî ÁÏ;Ðåã.;48;Ðåãèñòðàöèÿ;äîñüå;0;AUTO
ÎÑÖ Íèæíèé Íîâãîðîä;Àðõèâ ¹1 Íèæíèé Íîâãîðîä;RG 0001 048 00 01;Ðåãèñòðàöèÿ ïî ÁÏ;Ðåã.;48;Ðåãèñòðàöèÿ;äîñüå;59;AUTO
ÎÑÖ Íîâîñèáèðñê;Âíå ïîäðàçäåëåíèé;RG 0001 048 00 01;Ðåãèñòðàöèÿ ïî ÁÏ;Ðåã.;48;Ðåãèñòðàöèÿ;äîñüå;0;AUTO
ÎÑÖ Íîâîñèáèðñê;Àðõèâ ¹1 Íîâîñèáèðñê;RG 0001 048 00 01;Ðåãèñòðàöèÿ ïî ÁÏ;Ðåã.;48;Ðåãèñòðàöèÿ;äîñüå;40,883;AUTO
ÎÑÖ Íîâîñèáèðñê;Àðõèâ ¹3 Åêàòåðèíáóðã;RG 0001 048 00 01;Ðåãèñòðàöèÿ ïî ÁÏ;Ðåã.;48;Ðåãèñòðàöèÿ;äîñüå;40,25;AUTO
ÎÑÖ Ñàìàðà;Âíå ïîäðàçäåëåíèé;RG 0001 048 00 01;Ðåãèñòðàöèÿ ïî ÁÏ;Ðåã.;48;Ðåãèñòðàöèÿ;äîñüå;0;AUTO
ÎÑÖ Ñàìàðà;Àðõèâ ¹1 Ñàìàðà;RG 0001 048 00 01;Ðåãèñòðàöèÿ ïî ÁÏ;Ðåã.;48;Ðåãèñòðàöèÿ;äîñüå;36;AUTO
ÎÑÖ Âîðîíåæ;Âíå ïîäðàçäåëåíèé;RG 0001 049 00 01;Ðåãèñòðàöèÿ ïî ÁÏ;Ðåã.;49;Ðåãèñòðàöèÿ;äîñüå;0;AUTO
ÎÑÖ Âîðîíåæ;Àðõèâ ¹1 Âîðîíåæ;RG 0001 049 00 01;Ðåãèñòðàöèÿ ïî ÁÏ;Ðåã.;49;Ðåãèñòðàöèÿ;äîñüå;32;AUTO
ÎÑÖ Âîðîíåæ;Àðõèâ ¹3 Êàëèíèíãðàä;RG 0001 049 00 01;Ðåãèñòðàöèÿ ïî ÁÏ;Ðåã.;49;Ðåãèñòðàöèÿ;äîñüå;34,575;AUTO
ÎÑÖ Âîðîíåæ;Àðõèâ ¹4 Ñàíêò-Ïåòåðáóðã;RG 0001 049 00 01;Ðåãèñòðàöèÿ ïî ÁÏ;Ðåã.;49;Ðåãèñòðàöèÿ;äîñüå;30,048;AUTO
ÎÑÖ Ìîñêâà;Âíå ïîäðàçäåëåíèé;RG 0001 049 00 01;Ðåãèñòðàöèÿ ïî ÁÏ;Ðåã.;49;Ðåãèñòðàöèÿ;äîñüå;0;AUTO
ÎÑÖ Ìîñêâà;Àðõèâ ¹1 Òîìèëèíî;RG 0001 049 00 01;Ðåãèñòðàöèÿ ïî ÁÏ;Ðåã.;49;Ðåãèñòðàöèÿ;äîñüå;56;AUTO
ÎÑÖ Íèæíèé Íîâãîðîä;Âíå ïîäðàçäåëåíèé;RG 0001 049 00 01;Ðåãèñòðàöèÿ ïî ÁÏ;Ðåã.;49;Ðåãèñòðàöèÿ;äîñüå;0;AUTO
ÎÑÖ Íèæíèé Íîâãîðîä;Àðõèâ ¹1 Íèæíèé Íîâãîðîä;RG 0001 049 00 01;Ðåãèñòðàöèÿ ïî ÁÏ;Ðåã.;49;Ðåãèñòðàöèÿ;äîñüå;62;AUTO
ÎÑÖ Íîâîñèáèðñê;Âíå ïîäðàçäåëåíèé;RG 0001 049 00 01;Ðåãèñòðàöèÿ ïî ÁÏ;Ðåã.;49;Ðåãèñòðàöèÿ;äîñüå;0;AUTO
ÎÑÖ Íîâîñèáèðñê;Àðõèâ ¹1 Íîâîñèáèðñê;RG 0001 049 00 01;Ðåãèñòðàöèÿ ïî ÁÏ;Ðåã.;49;Ðåãèñòðàöèÿ;äîñüå;41,033;AUTO
ÎÑÖ Íîâîñèáèðñê;Àðõèâ ¹3 Åêàòåðèíáóðã;RG 0001 049 00 01;Ðåãèñòðàöèÿ ïî ÁÏ;Ðåã.;49;Ðåãèñòðàöèÿ;äîñüå;40,917;AUTO
ÎÑÖ Ñàìàðà;Âíå ïîäðàçäåëåíèé;RG 0001 049 00 01;Ðåãèñòðàöèÿ ïî ÁÏ;Ðåã.;49;Ðåãèñòðàöèÿ;äîñüå;0;AUTO
ÎÑÖ Ñàìàðà;Àðõèâ ¹1 Ñàìàðà;RG 0001 049 00 01;Ðåãèñòðàöèÿ ïî ÁÏ;Ðåã.;49;Ðåãèñòðàöèÿ;äîñüå;37;AUTO
ÎÑÖ Âîðîíåæ;Âíå ïîäðàçäåëåíèé;RG 0001 050 00 01;Ðåãèñòðàöèÿ ïî ÁÏ;Ðåã.;50;Ðåãèñòðàöèÿ;äîñüå;0;AUTO
ÎÑÖ Âîðîíåæ;Àðõèâ ¹1 Âîðîíåæ;RG 0001 050 00 01;Ðåãèñòðàöèÿ ïî ÁÏ;Ðåã.;50;Ðåãèñòðàöèÿ;äîñüå;43,364;AUTO
ÎÑÖ Âîðîíåæ;Àðõèâ ¹3 Êàëèíèíãðàä;RG 0001 050 00 01;Ðåãèñòðàöèÿ ïî ÁÏ;Ðåã.;50;Ðåãèñòðàöèÿ;äîñüå;39,075;AUTO
ÎÑÖ Âîðîíåæ;Àðõèâ ¹4 Ñàíêò-Ïåòåðáóðã;RG 0001 050 00 01;Ðåãèñòðàöèÿ ïî ÁÏ;Ðåã.;50;Ðåãèñòðàöèÿ;äîñüå;42,613;AUTO
ÎÑÖ Ìîñêâà;Âíå ïîäðàçäåëåíèé;RG 0001 050 00 01;Ðåãèñòðàöèÿ ïî ÁÏ;Ðåã.;50;Ðåãèñòðàöèÿ;äîñüå;0;AUTO
ÎÑÖ Ìîñêâà;Àðõèâ ¹1 Òîìèëèíî;RG 0001 050 00 01;Ðåãèñòðàöèÿ ïî ÁÏ;Ðåã.;50;Ðåãèñòðàöèÿ;äîñüå;44,563;AUTO
ÎÑÖ Íèæíèé Íîâãîðîä;Âíå ïîäðàçäåëåíèé;RG 0001 050 00 01;Ðåãèñòðàöèÿ ïî ÁÏ;Ðåã.;50;Ðåãèñòðàöèÿ;äîñüå;0;AUTO
ÎÑÖ Íèæíèé Íîâãîðîä;Àðõèâ ¹1 Íèæíèé Íîâãîðîä;RG 0001 050 00 01;Ðåãèñòðàöèÿ ïî ÁÏ;Ðåã.;50;Ðåãèñòðàöèÿ;äîñüå;45,009;AUTO
ÎÑÖ Íîâîñèáèðñê;Âíå ïîäðàçäåëåíèé;RG 0001 050 00 01;Ðåãèñòðàöèÿ ïî ÁÏ;Ðåã.;50;Ðåãèñòðàöèÿ;äîñüå;0;AUTO
ÎÑÖ Íîâîñèáèðñê;Àðõèâ ¹1 Íîâîñèáèðñê;RG 0001 050 00 01;Ðåãèñòðàöèÿ ïî ÁÏ;Ðåã.;50;Ðåãèñòðàöèÿ;äîñüå;45,933;AUTO
ÎÑÖ Âîðîíåæ;Àðõèâ ¹3 Êàëèíèíãðàä;RG 0001 002 00 01;Ðåãèñòðàöèÿ ïî ÁÏ;Ðåã.;02;Ðåãèñòðàöèÿ;äîñüå;20,049;AUTO
ÎÑÖ Âîðîíåæ;Àðõèâ ¹4 Ñàíêò-Ïåòåðáóðã;RG 0001 002 00 01;Ðåãèñòðàöèÿ ïî ÁÏ;Ðåã.;02;Ðåãèñòðàöèÿ;äîñüå;20,262;AUTO
ÎÑÖ Ìîñêâà;Âíå ïîäðàçäåëåíèé;RG 0001 002 00 01;Ðåãèñòðàöèÿ ïî ÁÏ;Ðåã.;02;Ðåãèñòðàöèÿ;äîñüå;0;AUTO
ÎÑÖ Ìîñêâà;Àðõèâ ¹1 Òîìèëèíî;RG 0001 002 00 01;Ðåãèñòðàöèÿ ïî ÁÏ;Ðåã.;02;Ðåãèñòðàöèÿ;äîñüå;23;AUTO
ÎÑÖ Íèæíèé Íîâãîðîä;Âíå ïîäðàçäåëåíèé;RG 0001 002 00 01;Ðåãèñòðàöèÿ ïî ÁÏ;Ðåã.;02;Ðåãèñòðàöèÿ;äîñüå;0;AUTO
ÎÑÖ Íèæíèé Íîâãîðîä;Àðõèâ ¹1 Íèæíèé Íîâãîðîä;RG 0001 002 00 01;Ðåãèñòðàöèÿ ïî ÁÏ;Ðåã.;02;Ðåãèñòðàöèÿ;äîñüå;18;AUTO
ÎÑÖ Íîâîñèáèðñê;Âíå ïîäðàçäåëåíèé;RG 0001 002 00 01;Ðåãèñòðàöèÿ ïî ÁÏ;Ðåã.;02;Ðåãèñòðàöèÿ;äîñüå;0;AUTO
ÎÑÖ Íîâîñèáèðñê;Àðõèâ ¹1 Íîâîñèáèðñê;RG 0001 002 00 01;Ðåãèñòðàöèÿ ïî ÁÏ;Ðåã.;02;Ðåãèñòðàöèÿ;äîñüå;20,15;AUTO
ÎÑÖ Íîâîñèáèðñê;Àðõèâ ¹3 Åêàòåðèíáóðã;RG 0001 002 00 01;Ðåãèñòðàöèÿ ïî ÁÏ;Ðåã.;02;Ðåãèñòðàöèÿ;äîñüå;19,733;AUTO
ÎÑÖ Ñàìàðà;Âíå ïîäðàçäåëåíèé;RG 0001 002 00 01;Ðåãèñòðàöèÿ ïî ÁÏ;Ðåã.;02;Ðåãèñòðàöèÿ;äîñüå;0;AUTO
ÎÑÖ Ñàìàðà;Àðõèâ ¹1 Ñàìàðà;RG 0001 002 00 01;Ðåãèñòðàöèÿ ïî ÁÏ;Ðåã.;02;Ðåãèñòðàöèÿ;äîñüå;20;AUTO
ÎÑÖ Âîðîíåæ;Âíå ïîäðàçäåëåíèé;RG 0001 013 00 01;Ðåãèñòðàöèÿ ïî ÁÏ;Ðåã.;13;Ðåãèñòðàöèÿ;äîñüå;0;AUTO
ÎÑÖ Âîðîíåæ;Àðõèâ ¹1 Âîðîíåæ;RG 0001 013 00 01;Ðåãèñòðàöèÿ ïî ÁÏ;Ðåã.;13;Ðåãèñòðàöèÿ;äîñüå;18;AUTO
ÎÑÖ Âîðîíåæ;Àðõèâ ¹3 Êàëèíèíãðàä;RG 0001 013 00 01;Ðåãèñòðàöèÿ ïî ÁÏ;Ðåã.;13;Ðåãèñòðàöèÿ;äîñüå;17,023;AUTO
ÎÑÖ Âîðîíåæ;Àðõèâ ¹4 Ñàíêò-Ïåòåðáóðã;RG 0001 013 00 01;Ðåãèñòðàöèÿ ïî ÁÏ;Ðåã.;13;Ðåãèñòðàöèÿ;äîñüå;18;AUTO
ÎÑÖ Ìîñêâà;Âíå ïîäðàçäåëåíèé;RG 0001 013 00 01;Ðåãèñòðàöèÿ ïî ÁÏ;Ðåã.;13;Ðåãèñòðàöèÿ;äîñüå;0;AUTO
ÎÑÖ Ìîñêâà;Àðõèâ ¹1 Òîìèëèíî;RG 0001 013 00 01;Ðåãèñòðàöèÿ ïî ÁÏ;Ðåã.;13;Ðåãèñòðàöèÿ;äîñüå;18;AUTO
ÎÑÖ Íèæíèé Íîâãîðîä;Âíå ïîäðàçäåëåíèé;RG 0001 013 00 01;Ðåãèñòðàöèÿ ïî ÁÏ;Ðåã.;13;Ðåãèñòðàöèÿ;äîñüå;0;AUTO
ÎÑÖ Íèæíèé Íîâãîðîä;Àðõèâ ¹1 Íèæíèé Íîâãîðîä;RG 0001 013 00 01;Ðåãèñòðàöèÿ ïî ÁÏ;Ðåã.;13;Ðåãèñòðàöèÿ;äîñüå;13;AUTO
ÎÑÖ Íîâîñèáèðñê;Âíå ïîäðàçäåëåíèé;RG 0001 013 00 01;Ðåãèñòðàöèÿ ïî ÁÏ;Ðåã.;13;Ðåãèñòðàöèÿ;äîñüå;0;AUTO
ÎÑÖ Íîâîñèáèðñê;Àðõèâ ¹1 Íîâîñèáèðñê;RG 0001 013 00 01;Ðåãèñòðàöèÿ ïî ÁÏ;Ðåã.;13;Ðåãèñòðàöèÿ;äîñüå;18,416;AUTO
ÎÑÖ Íîâîñèáèðñê;Àðõèâ ¹3 Åêàòåðèíáóðã;RG 0001 013 00 01;Ðåãèñòðàöèÿ ïî ÁÏ;Ðåã.;13;Ðåãèñòðàöèÿ;äîñüå;17,8;AUTO
ÎÑÖ Ñàìàðà;Âíå ïîäðàçäåëåíèé;RG 0001 013 00 01;Ðåãèñòðàöèÿ ïî ÁÏ;Ðåã.;13;Ðåãèñòðàöèÿ;äîñüå;0;AUTO
ÎÑÖ Ñàìàðà;Àðõèâ ¹1 Ñàìàðà;RG 0001 013 00 01;Ðåãèñòðàöèÿ ïî ÁÏ;Ðåã.;13;Ðåãèñòðàöèÿ;äîñüå;20;AUTO
ÎÑÖ Âîðîíåæ;Âíå ïîäðàçäåëåíèé;RG 0001 001 00 01;Ðåãèñòðàöèÿ ïî ÁÏ;Ðåã.;01;Ðåãèñòðàöèÿ;äîñüå;0;AUTO
ÎÑÖ Âîðîíåæ;Àðõèâ ¹1 Âîðîíåæ;RG 0001 001 00 01;Ðåãèñòðàöèÿ ïî ÁÏ;Ðåã.;01;Ðåãèñòðàöèÿ;äîñüå;18;AUTO
ÎÑÖ Âîðîíåæ;Àðõèâ ¹3 Êàëèíèíãðàä;RG 0001 001 00 01;Ðåãèñòðàöèÿ ïî ÁÏ;Ðåã.;01;Ðåãèñòðàöèÿ;äîñüå;16;AUTO
ÎÑÖ Âîðîíåæ;Àðõèâ ¹4 Ñàíêò-Ïåòåðáóðã;RG 0001 001 00 01;Ðåãèñòðàöèÿ ïî ÁÏ;Ðåã.;01;Ðåãèñòðàöèÿ;äîñüå;19;AUTO
ÎÑÖ Ìîñêâà;Âíå ïîäðàçäåëåíèé;RG 0001 001 00 01;Ðåãèñòðàöèÿ ïî ÁÏ;Ðåã.;01;Ðåãèñòðàöèÿ;äîñüå;0;AUTO
ÎÑÖ Ìîñêâà;Àðõèâ ¹1 Òîìèëèíî;RG 0001 001 00 01;Ðåãèñòðàöèÿ ïî ÁÏ;Ðåã.;01;Ðåãèñòðàöèÿ;äîñüå;19;AUTO
ÎÑÖ Íèæíèé Íîâãîðîä;Âíå ïîäðàçäåëåíèé;RG 0001 001 00 01;Ðåãèñòðàöèÿ ïî ÁÏ;Ðåã.;01;Ðåãèñòðàöèÿ;äîñüå;0;AUTO
ÎÑÖ Íèæíèé Íîâãîðîä;Àðõèâ ¹1 Íèæíèé Íîâãîðîä;RG 0001 001 00 01;Ðåãèñòðàöèÿ ïî ÁÏ;Ðåã.;01;Ðåãèñòðàöèÿ;äîñüå;17;AUTO
ÎÑÖ Íîâîñèáèðñê;Âíå ïîäðàçäåëåíèé;RG 0001 001 00 01;Ðåãèñòðàöèÿ ïî ÁÏ;Ðåã.;01;Ðåãèñòðàöèÿ;äîñüå;0;AUTO
ÎÑÖ Íîâîñèáèðñê;Àðõèâ ¹1 Íîâîñèáèðñê;RG 0001 001 00 01;Ðåãèñòðàöèÿ ïî ÁÏ;Ðåã.;01;Ðåãèñòðàöèÿ;äîñüå;18,133;AUTO
ÎÑÖ Íîâîñèáèðñê;Àðõèâ ¹3 Åêàòåðèíáóðã;RG 0001 001 00 01;Ðåãèñòðàöèÿ ïî ÁÏ;Ðåã.;01;Ðåãèñòðàöèÿ;äîñüå;17,834;AUTO
ÎÑÖ Ñàìàðà;Âíå ïîäðàçäåëåíèé;RG 0001 001 00 01;Ðåãèñòðàöèÿ ïî ÁÏ;Ðåã.;01;Ðåãèñòðàöèÿ;äîñüå;0;AUTO
ÎÑÖ Ñàìàðà;Àðõèâ ¹1 Ñàìàðà;RG 0001 001 00 01;Ðåãèñòðàöèÿ ïî ÁÏ;Ðåã.;01;Ðåãèñòðàöèÿ;äîñüå;20;AUTO
ÎÑÖ Âîðîíåæ;Âíå ïîäðàçäåëåíèé;RG 0001 233 00 01;Ðåãèñòðàöèÿ ïî ÁÏ;Ðåã.;233;Ðåãèñòðàöèÿ;äîñüå;0;AUTO
ÎÑÖ Âîðîíåæ;Àðõèâ ¹1 Âîðîíåæ;RG 0001 233 00 01;Ðåãèñòðàöèÿ ïî ÁÏ;Ðåã.;233;Ðåãèñòðàöèÿ;äîñüå;21;AUTO
ÎÑÖ Âîðîíåæ;Àðõèâ ¹3 Êàëèíèíãðàä;RG 0001 233 00 01;Ðåãèñòðàöèÿ ïî ÁÏ;Ðåã.;233;Ðåãèñòðàöèÿ;äîñüå;17,463;AUTO
ÎÑÖ Âîðîíåæ;Àðõèâ ¹4 Ñàíêò-Ïåòåðáóðã;RG 0001 233 00 01;Ðåãèñòðàöèÿ ïî ÁÏ;Ðåã.;233;Ðåãèñòðàöèÿ;äîñüå;22,897;AUTO
ÎÑÖ Ìîñêâà;Âíå ïîäðàçäåëåíèé;RG 0001 233 00 01;Ðåãèñòðàöèÿ ïî ÁÏ;Ðåã.;233;Ðåãèñòðàöèÿ;äîñüå;0;AUTO
ÎÑÖ Ìîñêâà;Àðõèâ ¹1 Òîìèëèíî;RG 0001 233 00 01;Ðåãèñòðàöèÿ ïî ÁÏ;Ðåã.;233;Ðåãèñòðàöèÿ;äîñüå;22;AUTO
ÎÑÖ Íèæíèé Íîâãîðîä;Âíå ïîäðàçäåëåíèé;RG 0001 233 00 01;Ðåãèñòðàöèÿ ïî ÁÏ;Ðåã.;233;Ðåãèñòðàöèÿ;äîñüå;0;AUTO
ÎÑÖ Íèæíèé Íîâãîðîä;Àðõèâ ¹1 Íèæíèé Íîâãîðîä;RG 0001 233 00 01;Ðåãèñòðàöèÿ ïî ÁÏ;Ðåã.;233;Ðåãèñòðàöèÿ;äîñüå;22;AUTO
ÎÑÖ Íîâîñèáèðñê;Âíå ïîäðàçäåëåíèé;RG 0001 233 00 01;Ðåãèñòðàöèÿ ïî ÁÏ;Ðåã.;233;Ðåãèñòðàöèÿ;äîñüå;0;AUTO
ÎÑÖ Íîâîñèáèðñê;Àðõèâ ¹3 Åêàòåðèíáóðã;RG 0001 050 00 01;Ðåãèñòðàöèÿ ïî ÁÏ;Ðåã.;50;Ðåãèñòðàöèÿ;äîñüå;42,2;AUTO
ÎÑÖ Ñàìàðà;Âíå ïîäðàçäåëåíèé;RG 0001 050 00 01;Ðåãèñòðàöèÿ ïî ÁÏ;Ðåã.;50;Ðåãèñòðàöèÿ;äîñüå;0;AUTO
ÎÑÖ Ñàìàðà;Àðõèâ ¹1 Ñàìàðà;RG 0001 050 00 01;Ðåãèñòðàöèÿ ïî ÁÏ;Ðåã.;50;Ðåãèñòðàöèÿ;äîñüå;43,114;AUTO
ÎÑÖ Âîðîíåæ;Âíå ïîäðàçäåëåíèé;RG 0001 248 00 01;Ðåãèñòðàöèÿ ïî ÁÏ;Ðåã.;248;Ðåãèñòðàöèÿ;äîñüå;0;AUTO
ÎÑÖ Âîðîíåæ;Àðõèâ ¹1 Âîðîíåæ;RG 0001 248 00 01;Ðåãèñòðàöèÿ ïî ÁÏ;Ðåã.;248;Ðåãèñòðàöèÿ;äîñüå;0;AUTO
ÎÑÖ Âîðîíåæ;Àðõèâ ¹3 Êàëèíèíãðàä;RG 0001 248 00 01;Ðåãèñòðàöèÿ ïî ÁÏ;Ðåã.;248;Ðåãèñòðàöèÿ;äîñüå;0;AUTO
ÎÑÖ Âîðîíåæ;Àðõèâ ¹4 Ñàíêò-Ïåòåðáóðã;RG 0001 248 00 01;Ðåãèñòðàöèÿ ïî ÁÏ;Ðåã.;248;Ðåãèñòðàöèÿ;äîñüå;0;AUTO
ÎÑÖ Ìîñêâà;Âíå ïîäðàçäåëåíèé;RG 0001 248 00 01;Ðåãèñòðàöèÿ ïî ÁÏ;Ðåã.;248;Ðåãèñòðàöèÿ;äîñüå;0;AUTO
ÎÑÖ Ìîñêâà;Àðõèâ ¹1 Òîìèëèíî;RG 0001 248 00 01;Ðåãèñòðàöèÿ ïî ÁÏ;Ðåã.;248;Ðåãèñòðàöèÿ;äîñüå;0;AUTO
ÎÑÖ Íèæíèé Íîâãîðîä;Âíå ïîäðàçäåëåíèé;RG 0001 248 00 01;Ðåãèñòðàöèÿ ïî ÁÏ;Ðåã.;248;Ðåãèñòðàöèÿ;äîñüå;0;AUTO
ÎÑÖ Íèæíèé Íîâãîðîä;Àðõèâ ¹1 Íèæíèé Íîâãîðîä;RG 0001 248 00 01;Ðåãèñòðàöèÿ ïî ÁÏ;Ðåã.;248;Ðåãèñòðàöèÿ;äîñüå;0;AUTO
ÎÑÖ Íîâîñèáèðñê;Âíå ïîäðàçäåëåíèé;RG 0001 248 00 01;Ðåãèñòðàöèÿ ïî ÁÏ;Ðåã.;248;Ðåãèñòðàöèÿ;äîñüå;0;AUTO
ÎÑÖ Íîâîñèáèðñê;Àðõèâ ¹1 Íîâîñèáèðñê;RG 0001 248 00 01;Ðåãèñòðàöèÿ ïî ÁÏ;Ðåã.;248;Ðåãèñòðàöèÿ;äîñüå;0;AUTO
ÎÑÖ Íîâîñèáèðñê;Àðõèâ ¹3 Åêàòåðèíáóðã;RG 0001 248 00 01;Ðåãèñòðàöèÿ ïî ÁÏ;Ðåã.;248;Ðåãèñòðàöèÿ;äîñüå;0;AUTO
ÎÑÖ Ñàìàðà;Âíå ïîäðàçäåëåíèé;RG 0001 248 00 01;Ðåãèñòðàöèÿ ïî ÁÏ;Ðåã.;248;Ðåãèñòðàöèÿ;äîñüå;0;AUTO
ÎÑÖ Ñàìàðà;Àðõèâ ¹1 Ñàìàðà;RG 0001 248 00 01;Ðåãèñòðàöèÿ ïî ÁÏ;Ðåã.;248;Ðåãèñòðàöèÿ;äîñüå;0;AUTO
ÎÑÖ Âîðîíåæ;Âíå ïîäðàçäåëåíèé;RG 0001 200 00 01;Ðåãèñòðàöèÿ ïî ÁÏ;Ðåã.;200;Ðåãèñòðàöèÿ;äîñüå;0;AUTO
ÎÑÖ Âîðîíåæ;Àðõèâ ¹1 Âîðîíåæ;RG 0001 200 00 01;Ðåãèñòðàöèÿ ïî ÁÏ;Ðåã.;200;Ðåãèñòðàöèÿ;äîñüå;38;AUTO
ÎÑÖ Âîðîíåæ;Àðõèâ ¹3 Êàëèíèíãðàä;RG 0001 200 00 01;Ðåãèñòðàöèÿ ïî ÁÏ;Ðåã.;200;Ðåãèñòðàöèÿ;äîñüå;39,075;AUTO
ÎÑÖ Âîðîíåæ;Àðõèâ ¹4 Ñàíêò-Ïåòåðáóðã;RG 0001 200 00 01;Ðåãèñòðàöèÿ ïî ÁÏ;Ðåã.;200;Ðåãèñòðàöèÿ;äîñüå;38,181;AUTO
ÎÑÖ Ìîñêâà;Âíå ïîäðàçäåëåíèé;RG 0001 200 00 01;Ðåãèñòðàöèÿ ïî ÁÏ;Ðåã.;200;Ðåãèñòðàöèÿ;äîñüå;0;AUTO
ÎÑÖ Ìîñêâà;Àðõèâ ¹1 Òîìèëèíî;RG 0001 200 00 01;Ðåãèñòðàöèÿ ïî ÁÏ;Ðåã.;200;Ðåãèñòðàöèÿ;äîñüå;38;AUTO
ÎÑÖ Íèæíèé Íîâãîðîä;Âíå ïîäðàçäåëåíèé;RG 0001 200 00 01;Ðåãèñòðàöèÿ ïî ÁÏ;Ðåã.;200;Ðåãèñòðàöèÿ;äîñüå;0;AUTO
ÎÑÖ Íèæíèé Íîâãîðîä;Àðõèâ ¹1 Íèæíèé Íîâãîðîä;RG 0001 200 00 01;Ðåãèñòðàöèÿ ïî ÁÏ;Ðåã.;200;Ðåãèñòðàöèÿ;äîñüå;62;AUTO
ÎÑÖ Íîâîñèáèðñê;Âíå ïîäðàçäåëåíèé;RG 0001 200 00 01;Ðåãèñòðàöèÿ ïî ÁÏ;Ðåã.;200;Ðåãèñòðàöèÿ;äîñüå;0;AUTO
ÎÑÖ Íîâîñèáèðñê;Àðõèâ ¹1 Íîâîñèáèðñê;RG 0001 200 00 01;Ðåãèñòðàöèÿ ïî ÁÏ;Ðåã.;200;Ðåãèñòðàöèÿ;äîñüå;31,416;AUTO
ÎÑÖ Íîâîñèáèðñê;Àðõèâ ¹3 Åêàòåðèíáóðã;RG 0001 200 00 01;Ðåãèñòðàöèÿ ïî ÁÏ;Ðåã.;200;Ðåãèñòðàöèÿ;äîñüå;31,65;AUTO
ÎÑÖ Ñàìàðà;Âíå ïîäðàçäåëåíèé;RG 0001 200 00 01;Ðåãèñòðàöèÿ ïî ÁÏ;Ðåã.;200;Ðåãèñòðàöèÿ;äîñüå;0;AUTO
ÎÑÖ Ñàìàðà;Àðõèâ ¹1 Ñàìàðà;RG 0001 200 00 01;Ðåãèñòðàöèÿ ïî ÁÏ;Ðåã.;200;Ðåãèñòðàöèÿ;äîñüå;43;AUTO
ÎÑÖ Âîðîíåæ;Âíå ïîäðàçäåëåíèé;RG 0001 046 00 01;Ðåãèñòðàöèÿ ïî ÁÏ;Ðåã.;46;Ðåãèñòðàöèÿ;äîñüå;0;AUTO
ÎÑÖ Âîðîíåæ;Àðõèâ ¹1 Âîðîíåæ;RG 0001 046 00 01;Ðåãèñòðàöèÿ ïî ÁÏ;Ðåã.;46;Ðåãèñòðàöèÿ;äîñüå;37,143;AUTO
ÎÑÖ Âîðîíåæ;Àðõèâ ¹3 Êàëèíèíãðàä;RG 0001 046 00 01;Ðåãèñòðàöèÿ ïî ÁÏ;Ðåã.;46;Ðåãèñòðàöèÿ;äîñüå;39,048;AUTO
ÎÑÖ Âîðîíåæ;Àðõèâ ¹4 Ñàíêò-Ïåòåðáóðã;RG 0001 046 00 01;Ðåãèñòðàöèÿ ïî ÁÏ;Ðåã.;46;Ðåãèñòðàöèÿ;äîñüå;32,171;AUTO
ÎÑÖ Ìîñêâà;Âíå ïîäðàçäåëåíèé;RG 0001 046 00 01;Ðåãèñòðàöèÿ ïî ÁÏ;Ðåã.;46;Ðåãèñòðàöèÿ;äîñüå;0;AUTO
ÎÑÖ Ìîñêâà;Àðõèâ ¹1 Òîìèëèíî;RG 0001 046 00 01;Ðåãèñòðàöèÿ ïî ÁÏ;Ðåã.;46;Ðåãèñòðàöèÿ;äîñüå;36,667;AUTO
ÎÑÖ Íèæíèé Íîâãîðîä;Âíå ïîäðàçäåëåíèé;RG 0001 046 00 01;Ðåãèñòðàöèÿ ïî ÁÏ;Ðåã.;46;Ðåãèñòðàöèÿ;äîñüå;0;AUTO
ÎÑÖ Íèæíèé Íîâãîðîä;Àðõèâ ¹1 Íèæíèé Íîâãîðîä;RG 0001 046 00 01;Ðåãèñòðàöèÿ ïî ÁÏ;Ðåã.;46;Ðåãèñòðàöèÿ;äîñüå;36,636;AUTO
ÎÑÖ Íîâîñèáèðñê;Âíå ïîäðàçäåëåíèé;RG 0001 046 00 01;Ðåãèñòðàöèÿ ïî ÁÏ;Ðåã.;46;Ðåãèñòðàöèÿ;äîñüå;0;AUTO
ÎÑÖ Íîâîñèáèðñê;Àðõèâ ¹1 Íîâîñèáèðñê;RG 0001 046 00 01;Ðåãèñòðàöèÿ ïî ÁÏ;Ðåã.;46;Ðåãèñòðàöèÿ;äîñüå;37,674;AUTO
ÎÑÖ Íîâîñèáèðñê;Àðõèâ ¹3 Åêàòåðèíáóðã;RG 0001 046 00 01;Ðåãèñòðàöèÿ ïî ÁÏ;Ðåã.;46;Ðåãèñòðàöèÿ;äîñüå;37,242;AUTO
ÎÑÖ Ñàìàðà;Âíå ïîäðàçäåëåíèé;RG 0001 046 00 01;Ðåãèñòðàöèÿ ïî ÁÏ;Ðåã.;46;Ðåãèñòðàöèÿ;äîñüå;0;AUTO
ÎÑÖ Ñàìàðà;Àðõèâ ¹1 Ñàìàðà;RG 0001 046 00 01;Ðåãèñòðàöèÿ ïî ÁÏ;Ðåã.;46;Ðåãèñòðàöèÿ;äîñüå;33;AUTO
ÎÑÖ Âîðîíåæ;Âíå ïîäðàçäåëåíèé;RG 0001 047 00 01;Ðåãèñòðàöèÿ ïî ÁÏ;Ðåã.;47;Ðåãèñòðàöèÿ;äîñüå;0;AUTO
ÎÑÖ Âîðîíåæ;Àðõèâ ¹1 Âîðîíåæ;RG 0001 047 00 01;Ðåãèñòðàöèÿ ïî ÁÏ;Ðåã.;47;Ðåãèñòðàöèÿ;äîñüå;41,868;AUTO
ÎÑÖ Âîðîíåæ;Àðõèâ ¹3 Êàëèíèíãðàä;RG 0001 047 00 01;Ðåãèñòðàöèÿ ïî ÁÏ;Ðåã.;47;Ðåãèñòðàöèÿ;äîñüå;39,075;AUTO
ÎÑÖ Âîðîíåæ;Àðõèâ ¹4 Ñàíêò-Ïåòåðáóðã;RG 0001 047 00 01;Ðåãèñòðàöèÿ ïî ÁÏ;Ðåã.;47;Ðåãèñòðàöèÿ;äîñüå;39,6;AUTO
ÎÑÖ Ìîñêâà;Âíå ïîäðàçäåëåíèé;RG 0001 047 00 01;Ðåãèñòðàöèÿ ïî ÁÏ;Ðåã.;47;Ðåãèñòðàöèÿ;äîñüå;0;AUTO
ÎÑÖ Ìîñêâà;Àðõèâ ¹1 Òîìèëèíî;RG 0001 047 00 01;Ðåãèñòðàöèÿ ïî ÁÏ;Ðåã.;47;Ðåãèñòðàöèÿ;äîñüå;43,412;AUTO
ÎÑÖ Íèæíèé Íîâãîðîä;Âíå ïîäðàçäåëåíèé;RG 0001 047 00 01;Ðåãèñòðàöèÿ ïî ÁÏ;Ðåã.;47;Ðåãèñòðàöèÿ;äîñüå;0;AUTO
ÎÑÖ Íèæíèé Íîâãîðîä;Àðõèâ ¹1 Íèæíèé Íîâãîðîä;RG 0001 047 00 01;Ðåãèñòðàöèÿ ïî ÁÏ;Ðåã.;47;Ðåãèñòðàöèÿ;äîñüå;41,471;AUTO
ÎÑÖ Íîâîñèáèðñê;Âíå ïîäðàçäåëåíèé;RG 0001 047 00 01;Ðåãèñòðàöèÿ ïî ÁÏ;Ðåã.;47;Ðåãèñòðàöèÿ;äîñüå;0;AUTO
ÎÑÖ Íîâîñèáèðñê;Àðõèâ ¹1 Íîâîñèáèðñê;RG 0001 047 00 01;Ðåãèñòðàöèÿ ïî ÁÏ;Ðåã.;47;Ðåãèñòðàöèÿ;äîñüå;40,467;AUTO
ÎÑÖ Íîâîñèáèðñê;Àðõèâ ¹3 Åêàòåðèíáóðã;RG 0001 047 00 01;Ðåãèñòðàöèÿ ïî ÁÏ;Ðåã.;47;Ðåãèñòðàöèÿ;äîñüå;44,167;AUTO
ÎÑÖ Ñàìàðà;Âíå ïîäðàçäåëåíèé;RG 0001 047 00 01;Ðåãèñòðàöèÿ ïî ÁÏ;Ðåã.;47;Ðåãèñòðàöèÿ;äîñüå;0;AUTO
ÎÑÖ Ñàìàðà;Àðõèâ ¹1 Ñàìàðà;RG 0001 047 00 01;Ðåãèñòðàöèÿ ïî ÁÏ;Ðåã.;47;Ðåãèñòðàöèÿ;äîñüå;39,943;AUTO
ÎÑÖ Âîðîíåæ;Âíå ïîäðàçäåëåíèé;RG 0001 232 00 01;Ðåãèñòðàöèÿ ïî ÁÏ;Ðåã.;232;Ðåãèñòðàöèÿ;äîñüå;0;AUTO
ÎÑÖ Âîðîíåæ;Àðõèâ ¹1 Âîðîíåæ;RG 0001 232 00 01;Ðåãèñòðàöèÿ ïî ÁÏ;Ðåã.;232;Ðåãèñòðàöèÿ;äîñüå;33,667;AUTO
ÎÑÖ Âîðîíåæ;Àðõèâ ¹3 Êàëèíèíãðàä;RG 0001 232 00 01;Ðåãèñòðàöèÿ ïî ÁÏ;Ðåã.;232;Ðåãèñòðàöèÿ;äîñüå;34,575;AUTO
ÎÑÖ Âîðîíåæ;Àðõèâ ¹4 Ñàíêò-Ïåòåðáóðã;RG 0001 232 00 01;Ðåãèñòðàöèÿ ïî ÁÏ;Ðåã.;232;Ðåãèñòðàöèÿ;äîñüå;33,367;AUTO
ÎÑÖ Ìîñêâà;Âíå ïîäðàçäåëåíèé;RG 0001 232 00 01;Ðåãèñòðàöèÿ ïî ÁÏ;Ðåã.;232;Ðåãèñòðàöèÿ;äîñüå;0;AUTO
ÎÑÖ Ìîñêâà;Àðõèâ ¹1 Òîìèëèíî;RG 0001 232 00 01;Ðåãèñòðàöèÿ ïî ÁÏ;Ðåã.;232;Ðåãèñòðàöèÿ;äîñüå;33;AUTO
ÎÑÖ Íèæíèé Íîâãîðîä;Âíå ïîäðàçäåëåíèé;RG 0001 232 00 01;Ðåãèñòðàöèÿ ïî ÁÏ;Ðåã.;232;Ðåãèñòðàöèÿ;äîñüå;0;AUTO
ÎÑÖ Íèæíèé Íîâãîðîä;Àðõèâ ¹1 Íèæíèé Íîâãîðîä;RG 0001 232 00 01;Ðåãèñòðàöèÿ ïî ÁÏ;Ðåã.;232;Ðåãèñòðàöèÿ;äîñüå;35,089;AUTO
ÎÑÖ Íîâîñèáèðñê;Âíå ïîäðàçäåëåíèé;RG 0001 232 00 01;Ðåãèñòðàöèÿ ïî ÁÏ;Ðåã.;232;Ðåãèñòðàöèÿ;äîñüå;0;AUTO
ÎÑÖ Íîâîñèáèðñê;Àðõèâ ¹1 Íîâîñèáèðñê;RG 0001 232 00 01;Ðåãèñòðàöèÿ ïî ÁÏ;Ðåã.;232;Ðåãèñòðàöèÿ;äîñüå;35,6;AUTO
ÎÑÖ Íîâîñèáèðñê;Àðõèâ ¹3 Åêàòåðèíáóðã;RG 0001 232 00 01;Ðåãèñòðàöèÿ ïî ÁÏ;Ðåã.;232;Ðåãèñòðàöèÿ;äîñüå;35,1;AUTO
ÎÑÖ Ñàìàðà;Âíå ïîäðàçäåëåíèé;RG 0001 232 00 01;Ðåãèñòðàöèÿ ïî ÁÏ;Ðåã.;232;Ðåãèñòðàöèÿ;äîñüå;0;AUTO
ÎÑÖ Ñàìàðà;Àðõèâ ¹1 Ñàìàðà;RG 0001 232 00 01;Ðåãèñòðàöèÿ ïî ÁÏ;Ðåã.;232;Ðåãèñòðàöèÿ;äîñüå;33;AUTO
ÎÑÖ Âîðîíåæ;Âíå ïîäðàçäåëåíèé;RG 0001 263 00 01;Ðåãèñòðàöèÿ ïî ÁÏ;Ðåã.;263;Ðåãèñòðàöèÿ;äîñüå;0;AUTO
ÎÑÖ Âîðîíåæ;Àðõèâ ¹1 Âîðîíåæ;RG 0001 263 00 01;Ðåãèñòðàöèÿ ïî ÁÏ;Ðåã.;263;Ðåãèñòðàöèÿ;äîñüå;0;AUTO
ÎÑÖ Âîðîíåæ;Àðõèâ ¹3 Êàëèíèíãðàä;RG 0001 263 00 01;Ðåãèñòðàöèÿ ïî ÁÏ;Ðåã.;263;Ðåãèñòðàöèÿ;äîñüå;0;AUTO
ÎÑÖ Âîðîíåæ;Àðõèâ ¹4 Ñàíêò-Ïåòåðáóðã;RG 0001 263 00 01;Ðåãèñòðàöèÿ ïî ÁÏ;Ðåã.;263;Ðåãèñòðàöèÿ;äîñüå;0;AUTO
ÎÑÖ Ìîñêâà;Âíå ïîäðàçäåëåíèé;RG 0001 263 00 01;Ðåãèñòðàöèÿ ïî ÁÏ;Ðåã.;263;Ðåãèñòðàöèÿ;äîñüå;0;AUTO
ÎÑÖ Ìîñêâà;Àðõèâ ¹1 Òîìèëèíî;RG 0001 263 00 01;Ðåãèñòðàöèÿ ïî ÁÏ;Ðåã.;263;Ðåãèñòðàöèÿ;äîñüå;0;AUTO
ÎÑÖ Íèæíèé Íîâãîðîä;Âíå ïîäðàçäåëåíèé;RG 0001 263 00 01;Ðåãèñòðàöèÿ ïî ÁÏ;Ðåã.;263;Ðåãèñòðàöèÿ;äîñüå;0;AUTO
ÎÑÖ Íèæíèé Íîâãîðîä;Àðõèâ ¹1 Íèæíèé Íîâãîðîä;RG 0001 263 00 01;Ðåãèñòðàöèÿ ïî ÁÏ;Ðåã.;263;Ðåãèñòðàöèÿ;äîñüå;0;AUTO
ÎÑÖ Íîâîñèáèðñê;Âíå ïîäðàçäåëåíèé;RG 0001 263 00 01;Ðåãèñòðàöèÿ ïî ÁÏ;Ðåã.;263;Ðåãèñòðàöèÿ;äîñüå;0;AUTO
ÎÑÖ Íîâîñèáèðñê;Àðõèâ ¹1 Íîâîñèáèðñê;RG 0001 263 00 01;Ðåãèñòðàöèÿ ïî ÁÏ;Ðåã.;263;Ðåãèñòðàöèÿ;äîñüå;0;AUTO
ÎÑÖ Íîâîñèáèðñê;Àðõèâ ¹3 Åêàòåðèíáóðã;RG 0001 263 00 01;Ðåãèñòðàöèÿ ïî ÁÏ;Ðåã.;263;Ðåãèñòðàöèÿ;äîñüå;0;AUTO
ÎÑÖ Ñàìàðà;Âíå ïîäðàçäåëåíèé;RG 0001 263 00 01;Ðåãèñòðàöèÿ ïî ÁÏ;Ðåã.;263;Ðåãèñòðàöèÿ;äîñüå;0;AUTO
ÎÑÖ Ñàìàðà;Àðõèâ ¹1 Ñàìàðà;RG 0001 263 00 01;Ðåãèñòðàöèÿ ïî ÁÏ;Ðåã.;263;Ðåãèñòðàöèÿ;äîñüå;0;AUTO
ÎÑÖ Âîðîíåæ;Âíå ïîäðàçäåëåíèé;RG 0001 003 00 01;Ðåãèñòðàöèÿ ïî ÁÏ;Ðåã.;03;Ðåãèñòðàöèÿ;äîñüå;0;AUTO
ÎÑÖ Âîðîíåæ;Àðõèâ ¹1 Âîðîíåæ;RG 0001 003 00 01;Ðåãèñòðàöèÿ ïî ÁÏ;Ðåã.;03;Ðåãèñòðàöèÿ;äîñüå;18;AUTO
ÎÑÖ Âîðîíåæ;Àðõèâ ¹3 Êàëèíèíãðàä;RG 0001 003 00 01;Ðåãèñòðàöèÿ ïî ÁÏ;Ðåã.;03;Ðåãèñòðàöèÿ;äîñüå;16,05;AUTO
ÎÑÖ Âîðîíåæ;Àðõèâ ¹4 Ñàíêò-Ïåòåðáóðã;RG 0001 003 00 01;Ðåãèñòðàöèÿ ïî ÁÏ;Ðåã.;03;Ðåãèñòðàöèÿ;äîñüå;16;AUTO
ÎÑÖ Ìîñêâà;Âíå ïîäðàçäåëåíèé;RG 0001 003 00 01;Ðåãèñòðàöèÿ ïî ÁÏ;Ðåã.;03;Ðåãèñòðàöèÿ;äîñüå;0;AUTO
ÎÑÖ Ìîñêâà;Àðõèâ ¹1 Òîìèëèíî;RG 0001 003 00 01;Ðåãèñòðàöèÿ ïî ÁÏ;Ðåã.;03;Ðåãèñòðàöèÿ;äîñüå;19;AUTO
ÎÑÖ Íèæíèé Íîâãîðîä;Âíå ïîäðàçäåëåíèé;RG 0001 003 00 01;Ðåãèñòðàöèÿ ïî ÁÏ;Ðåã.;03;Ðåãèñòðàöèÿ;äîñüå;0;AUTO
ÎÑÖ Íèæíèé Íîâãîðîä;Àðõèâ ¹1 Íèæíèé Íîâãîðîä;RG 0001 003 00 01;Ðåãèñòðàöèÿ ïî ÁÏ;Ðåã.;03;Ðåãèñòðàöèÿ;äîñüå;15;AUTO
ÎÑÖ Íîâîñèáèðñê;Âíå ïîäðàçäåëåíèé;RG 0001 003 00 01;Ðåãèñòðàöèÿ ïî ÁÏ;Ðåã.;03;Ðåãèñòðàöèÿ;äîñüå;0;AUTO
ÎÑÖ Íîâîñèáèðñê;Àðõèâ ¹1 Íîâîñèáèðñê;RG 0001 003 00 01;Ðåãèñòðàöèÿ ïî ÁÏ;Ðåã.;03;Ðåãèñòðàöèÿ;äîñüå;16,083;AUTO
ÎÑÖ Íîâîñèáèðñê;Àðõèâ ¹3 Åêàòåðèíáóðã;RG 0001 003 00 01;Ðåãèñòðàöèÿ ïî ÁÏ;Ðåã.;03;Ðåãèñòðàöèÿ;äîñüå;19,133;AUTO
ÎÑÖ Ñàìàðà;Âíå ïîäðàçäåëåíèé;RG 0001 003 00 01;Ðåãèñòðàöèÿ ïî ÁÏ;Ðåã.;03;Ðåãèñòðàöèÿ;äîñüå;0;AUTO
ÎÑÖ Ñàìàðà;Àðõèâ ¹1 Ñàìàðà;RG 0001 003 00 01;Ðåãèñòðàöèÿ ïî ÁÏ;Ðåã.;03;Ðåãèñòðàöèÿ;äîñüå;10;AUTO
ÎÑÖ Âîðîíåæ;Âíå ïîäðàçäåëåíèé;RG 0001 212 00 01;Ðåãèñòðàöèÿ ïî ÁÏ;Ðåã.;212;Ðåãèñòðàöèÿ;äîñüå;0;AUTO
ÎÑÖ Âîðîíåæ;Àðõèâ ¹1 Âîðîíåæ;RG 0001 212 00 01;Ðåãèñòðàöèÿ ïî ÁÏ;Ðåã.;212;Ðåãèñòðàöèÿ;äîñüå;19;AUTO
ÎÑÖ Âîðîíåæ;Àðõèâ ¹3 Êàëèíèíãðàä;RG 0001 212 00 01;Ðåãèñòðàöèÿ ïî ÁÏ;Ðåã.;212;Ðåãèñòðàöèÿ;äîñüå;16,227;AUTO
ÎÑÖ Âîðîíåæ;Àðõèâ ¹4 Ñàíêò-Ïåòåðáóðã;RG 0001 212 00 01;Ðåãèñòðàöèÿ ïî ÁÏ;Ðåã.;212;Ðåãèñòðàöèÿ;äîñüå;17;AUTO
ÎÑÖ Ìîñêâà;Âíå ïîäðàçäåëåíèé;RG 0001 212 00 01;Ðåãèñòðàöèÿ ïî ÁÏ;Ðåã.;212;Ðåãèñòðàöèÿ;äîñüå;0;AUTO
ÎÑÖ Ìîñêâà;Àðõèâ ¹1 Òîìèëèíî;RG 0001 212 00 01;Ðåãèñòðàöèÿ ïî ÁÏ;Ðåã.;212;Ðåãèñòðàöèÿ;äîñüå;19;AUTO
ÎÑÖ Íèæíèé Íîâãîðîä;Âíå ïîäðàçäåëåíèé;RG 0001 212 00 01;Ðåãèñòðàöèÿ ïî ÁÏ;Ðåã.;212;Ðåãèñòðàöèÿ;äîñüå;0;AUTO
ÎÑÖ Íèæíèé Íîâãîðîä;Àðõèâ ¹1 Íèæíèé Íîâãîðîä;RG 0001 212 00 01;Ðåãèñòðàöèÿ ïî ÁÏ;Ðåã.;212;Ðåãèñòðàöèÿ;äîñüå;9;AUTO
ÎÑÖ Íîâîñèáèðñê;Âíå ïîäðàçäåëåíèé;RG 0001 212 00 01;Ðåãèñòðàöèÿ ïî ÁÏ;Ðåã.;212;Ðåãèñòðàöèÿ;äîñüå;0;AUTO
ÎÑÖ Íîâîñèáèðñê;Àðõèâ ¹1 Íîâîñèáèðñê;RG 0001 212 00 01;Ðåãèñòðàöèÿ ïî ÁÏ;Ðåã.;212;Ðåãèñòðàöèÿ;äîñüå;18,35;AUTO
ÎÑÖ Íîâîñèáèðñê;Àðõèâ ¹3 Åêàòåðèíáóðã;RG 0001 212 00 01;Ðåãèñòðàöèÿ ïî ÁÏ;Ðåã.;212;Ðåãèñòðàöèÿ;äîñüå;18;AUTO
ÎÑÖ Ñàìàðà;Âíå ïîäðàçäåëåíèé;RG 0001 212 00 01;Ðåãèñòðàöèÿ ïî ÁÏ;Ðåã.;212;Ðåãèñòðàöèÿ;äîñüå;0;AUTO
ÎÑÖ Ñàìàðà;Àðõèâ ¹1 Ñàìàðà;RG 0001 212 00 01;Ðåãèñòðàöèÿ ïî ÁÏ;Ðåã.;212;Ðåãèñòðàöèÿ;äîñüå;20;AUTO
ÎÑÖ Âîðîíåæ;Âíå ïîäðàçäåëåíèé;RG 0001 099 00 01;Ðåãèñòðàöèÿ ïî ÁÏ;Ðåã.;99;Ðåãèñòðàöèÿ;äîñüå;0;AUTO
ÎÑÖ Âîðîíåæ;Àðõèâ ¹1 Âîðîíåæ;RG 0001 099 00 01;Ðåãèñòðàöèÿ ïî ÁÏ;Ðåã.;99;Ðåãèñòðàöèÿ;äîñüå;0;AUTO
ÎÑÖ Âîðîíåæ;Àðõèâ ¹3 Êàëèíèíãðàä;RG 0001 099 00 01;Ðåãèñòðàöèÿ ïî ÁÏ;Ðåã.;99;Ðåãèñòðàöèÿ;äîñüå;0;AUTO
ÎÑÖ Âîðîíåæ;Àðõèâ ¹4 Ñàíêò-Ïåòåðáóðã;RG 0001 099 00 01;Ðåãèñòðàöèÿ ïî ÁÏ;Ðåã.;99;Ðåãèñòðàöèÿ;äîñüå;0;AUTO
ÎÑÖ Ìîñêâà;Âíå ïîäðàçäåëåíèé;RG 0001 099 00 01;Ðåãèñòðàöèÿ ïî ÁÏ;Ðåã.;99;Ðåãèñòðàöèÿ;äîñüå;0;AUTO
ÎÑÖ Ìîñêâà;Àðõèâ ¹1 Òîìèëèíî;RG 0001 099 00 01;Ðåãèñòðàöèÿ ïî ÁÏ;Ðåã.;99;Ðåãèñòðàöèÿ;äîñüå;0;AUTO
ÎÑÖ Íèæíèé Íîâãîðîä;Âíå ïîäðàçäåëåíèé;RG 0001 099 00 01;Ðåãèñòðàöèÿ ïî ÁÏ;Ðåã.;99;Ðåãèñòðàöèÿ;äîñüå;0;AUTO
ÎÑÖ Íèæíèé Íîâãîðîä;Àðõèâ ¹1 Íèæíèé Íîâãîðîä;RG 0001 099 00 01;Ðåãèñòðàöèÿ ïî ÁÏ;Ðåã.;99;Ðåãèñòðàöèÿ;äîñüå;0;AUTO
ÎÑÖ Íîâîñèáèðñê;Âíå ïîäðàçäåëåíèé;RG 0001 099 00 01;Ðåãèñòðàöèÿ ïî ÁÏ;Ðåã.;99;Ðåãèñòðàöèÿ;äîñüå;0;AUTO
ÎÑÖ Íîâîñèáèðñê;Àðõèâ ¹1 Íîâîñèáèðñê;RG 0001 099 00 01;Ðåãèñòðàöèÿ ïî ÁÏ;Ðåã.;99;Ðåãèñòðàöèÿ;äîñüå;0;AUTO
ÎÑÖ Íîâîñèáèðñê;Àðõèâ ¹3 Åêàòåðèíáóðã;RG 0001 099 00 01;Ðåãèñòðàöèÿ ïî ÁÏ;Ðåã.;99;Ðåãèñòðàöèÿ;äîñüå;0;AUTO
ÎÑÖ Ñàìàðà;Âíå ïîäðàçäåëåíèé;RG 0001 099 00 01;Ðåãèñòðàöèÿ ïî ÁÏ;Ðåã.;99;Ðåãèñòðàöèÿ;äîñüå;0;AUTO
ÎÑÖ Ñàìàðà;Àðõèâ ¹1 Ñàìàðà;RG 0001 099 00 01;Ðåãèñòðàöèÿ ïî ÁÏ;Ðåã.;99;Ðåãèñòðàöèÿ;äîñüå;0;AUTO
ÎÑÖ Âîðîíåæ;Âíå ïîäðàçäåëåíèé;RG 0001 141 00 01;Ðåãèñòðàöèÿ ïî ÁÏ;Ðåã.;141;Ðåãèñòðàöèÿ;äîñüå;0;AUTO
ÎÑÖ Âîðîíåæ;Àðõèâ ¹1 Âîðîíåæ;RG 0001 141 00 01;Ðåãèñòðàöèÿ ïî ÁÏ;Ðåã.;141;Ðåãèñòðàöèÿ;äîñüå;15;AUTO
ÎÑÖ Âîðîíåæ;Àðõèâ ¹3 Êàëèíèíãðàä;RG 0001 141 00 01;Ðåãèñòðàöèÿ ïî ÁÏ;Ðåã.;141;Ðåãèñòðàöèÿ;äîñüå;15,5;AUTO
ÎÑÖ Âîðîíåæ;Àðõèâ ¹4 Ñàíêò-Ïåòåðáóðã;RG 0001 141 00 01;Ðåãèñòðàöèÿ ïî ÁÏ;Ðåã.;141;Ðåãèñòðàöèÿ;äîñüå;18,053;AUTO
ÎÑÖ Ìîñêâà;Âíå ïîäðàçäåëåíèé;RG 0001 141 00 01;Ðåãèñòðàöèÿ ïî ÁÏ;Ðåã.;141;Ðåãèñòðàöèÿ;äîñüå;0;AUTO
ÎÑÖ Ìîñêâà;Àðõèâ ¹1 Òîìèëèíî;RG 0001 141 00 01;Ðåãèñòðàöèÿ ïî ÁÏ;Ðåã.;141;Ðåãèñòðàöèÿ;äîñüå;19,167;AUTO
ÎÑÖ Íèæíèé Íîâãîðîä;Âíå ïîäðàçäåëåíèé;RG 0001 141 00 01;Ðåãèñòðàöèÿ ïî ÁÏ;Ðåã.;141;Ðåãèñòðàöèÿ;äîñüå;0;AUTO
ÎÑÖ Íèæíèé Íîâãîðîä;Àðõèâ ¹1 Íèæíèé Íîâãîðîä;RG 0001 141 00 01;Ðåãèñòðàöèÿ ïî ÁÏ;Ðåã.;141;Ðåãèñòðàöèÿ;äîñüå;18;AUTO
ÎÑÖ Íîâîñèáèðñê;Âíå ïîäðàçäåëåíèé;RG 0001 141 00 01;Ðåãèñòðàöèÿ ïî ÁÏ;Ðåã.;141;Ðåãèñòðàöèÿ;äîñüå;0;AUTO
ÎÑÖ Íîâîñèáèðñê;Àðõèâ ¹1 Íîâîñèáèðñê;RG 0001 141 00 01;Ðåãèñòðàöèÿ ïî ÁÏ;Ðåã.;141;Ðåãèñòðàöèÿ;äîñüå;16,945;AUTO
ÎÑÖ Íîâîñèáèðñê;Àðõèâ ¹3 Åêàòåðèíáóðã;RG 0001 141 00 01;Ðåãèñòðàöèÿ ïî ÁÏ;Ðåã.;141;Ðåãèñòðàöèÿ;äîñüå;18,4;AUTO
ÎÑÖ Ñàìàðà;Âíå ïîäðàçäåëåíèé;RG 0001 141 00 01;Ðåãèñòðàöèÿ ïî ÁÏ;Ðåã.;141;Ðåãèñòðàöèÿ;äîñüå;0;AUTO
ÎÑÖ Ñàìàðà;Àðõèâ ¹1 Ñàìàðà;RG 0001 141 00 01;Ðåãèñòðàöèÿ ïî ÁÏ;Ðåã.;141;Ðåãèñòðàöèÿ;äîñüå;15;AUTO
ÎÑÖ Âîðîíåæ;Âíå ïîäðàçäåëåíèé;RG 0001 148 00 01;Ðåãèñòðàöèÿ ïî ÁÏ;Ðåã.;148;Ðåãèñòðàöèÿ;äîñüå;0;AUTO
ÎÑÖ Âîðîíåæ;Àðõèâ ¹1 Âîðîíåæ;RG 0001 148 00 01;Ðåãèñòðàöèÿ ïî ÁÏ;Ðåã.;148;Ðåãèñòðàöèÿ;äîñüå;21,353;AUTO
ÎÑÖ Âîðîíåæ;Àðõèâ ¹3 Êàëèíèíãðàä;RG 0001 148 00 01;Ðåãèñòðàöèÿ ïî ÁÏ;Ðåã.;148;Ðåãèñòðàöèÿ;äîñüå;20,2;AUTO
ÎÑÖ Âîðîíåæ;Àðõèâ ¹4 Ñàíêò-Ïåòåðáóðã;RG 0001 148 00 01;Ðåãèñòðàöèÿ ïî ÁÏ;Ðåã.;148;Ðåãèñòðàöèÿ;äîñüå;20,88;AUTO
ÎÑÖ Ìîñêâà;Âíå ïîäðàçäåëåíèé;RG 0001 148 00 01;Ðåãèñòðàöèÿ ïî ÁÏ;Ðåã.;148;Ðåãèñòðàöèÿ;äîñüå;0;AUTO
ÎÑÖ Ìîñêâà;Àðõèâ ¹1 Òîìèëèíî;RG 0001 148 00 01;Ðåãèñòðàöèÿ ïî ÁÏ;Ðåã.;148;Ðåãèñòðàöèÿ;äîñüå;23;AUTO
ÎÑÖ Íèæíèé Íîâãîðîä;Âíå ïîäðàçäåëåíèé;RG 0001 148 00 01;Ðåãèñòðàöèÿ ïî ÁÏ;Ðåã.;148;Ðåãèñòðàöèÿ;äîñüå;0;AUTO
ÎÑÖ Íèæíèé Íîâãîðîä;Àðõèâ ¹1 Íèæíèé Íîâãîðîä;RG 0001 148 00 01;Ðåãèñòðàöèÿ ïî ÁÏ;Ðåã.;148;Ðåãèñòðàöèÿ;äîñüå;22,161;AUTO
ÎÑÖ Íîâîñèáèðñê;Âíå ïîäðàçäåëåíèé;RG 0001 148 00 01;Ðåãèñòðàöèÿ ïî ÁÏ;Ðåã.;148;Ðåãèñòðàöèÿ;äîñüå;0;AUTO
ÎÑÖ Íîâîñèáèðñê;Àðõèâ ¹1 Íîâîñèáèðñê;RG 0001 148 00 01;Ðåãèñòðàöèÿ ïî ÁÏ;Ðåã.;148;Ðåãèñòðàöèÿ;äîñüå;20,99;AUTO
ÎÑÖ Íîâîñèáèðñê;Àðõèâ ¹3 Åêàòåðèíáóðã;RG 0001 148 00 01;Ðåãèñòðàöèÿ ïî ÁÏ;Ðåã.;148;Ðåãèñòðàöèÿ;äîñüå;23;AUTO
ÎÑÖ Ñàìàðà;Âíå ïîäðàçäåëåíèé;RG 0001 148 00 01;Ðåãèñòðàöèÿ ïî ÁÏ;Ðåã.;148;Ðåãèñòðàöèÿ;äîñüå;0;AUTO
ÎÑÖ Ñàìàðà;Àðõèâ ¹1 Ñàìàðà;RG 0001 148 00 01;Ðåãèñòðàöèÿ ïî ÁÏ;Ðåã.;148;Ðåãèñòðàöèÿ;äîñüå;20;AUTO
ÎÑÖ Âîðîíåæ;Âíå ïîäðàçäåëåíèé;RG 0001 149 00 01;Ðåãèñòðàöèÿ ïî ÁÏ;Ðåã.;149;Ðåãèñòðàöèÿ;äîñüå;0;AUTO
ÎÑÖ Âîðîíåæ;Àðõèâ ¹1 Âîðîíåæ;RG 0001 149 00 01;Ðåãèñòðàöèÿ ïî ÁÏ;Ðåã.;149;Ðåãèñòðàöèÿ;äîñüå;15;AUTO
ÎÑÖ Âîðîíåæ;Àðõèâ ¹3 Êàëèíèíãðàä;RG 0001 149 00 01;Ðåãèñòðàöèÿ ïî ÁÏ;Ðåã.;149;Ðåãèñòðàöèÿ;äîñüå;15,435;AUTO
ÎÑÖ Âîðîíåæ;Àðõèâ ¹4 Ñàíêò-Ïåòåðáóðã;RG 0001 149 00 01;Ðåãèñòðàöèÿ ïî ÁÏ;Ðåã.;149;Ðåãèñòðàöèÿ;äîñüå;18,325;AUTO
ÎÑÖ Ìîñêâà;Âíå ïîäðàçäåëåíèé;RG 0001 149 00 01;Ðåãèñòðàöèÿ ïî ÁÏ;Ðåã.;149;Ðåãèñòðàöèÿ;äîñüå;0;AUTO
ÎÑÖ Ìîñêâà;Àðõèâ ¹1 Òîìèëèíî;RG 0001 149 00 01;Ðåãèñòðàöèÿ ïî ÁÏ;Ðåã.;149;Ðåãèñòðàöèÿ;äîñüå;15;AUTO
ÎÑÖ Íèæíèé Íîâãîðîä;Âíå ïîäðàçäåëåíèé;RG 0001 149 00 01;Ðåãèñòðàöèÿ ïî ÁÏ;Ðåã.;149;Ðåãèñòðàöèÿ;äîñüå;0;AUTO
ÎÑÖ Íèæíèé Íîâãîðîä;Àðõèâ ¹1 Íèæíèé Íîâãîðîä;RG 0001 149 00 01;Ðåãèñòðàöèÿ ïî ÁÏ;Ðåã.;149;Ðåãèñòðàöèÿ;äîñüå;25;AUTO
ÎÑÖ Íîâîñèáèðñê;Âíå ïîäðàçäåëåíèé;RG 0001 149 00 01;Ðåãèñòðàöèÿ ïî ÁÏ;Ðåã.;149;Ðåãèñòðàöèÿ;äîñüå;0;AUTO
ÎÑÖ Íîâîñèáèðñê;Àðõèâ ¹1 Íîâîñèáèðñê;RG 0001 149 00 01;Ðåãèñòðàöèÿ ïî ÁÏ;Ðåã.;149;Ðåãèñòðàöèÿ;äîñüå;17,3;AUTO
ÎÑÖ Íîâîñèáèðñê;Àðõèâ ¹3 Åêàòåðèíáóðã;RG 0001 149 00 01;Ðåãèñòðàöèÿ ïî ÁÏ;Ðåã.;149;Ðåãèñòðàöèÿ;äîñüå;17,575;AUTO
ÎÑÖ Ñàìàðà;Âíå ïîäðàçäåëåíèé;RG 0001 149 00 01;Ðåãèñòðàöèÿ ïî ÁÏ;Ðåã.;149;Ðåãèñòðàöèÿ;äîñüå;0;AUTO
ÎÑÖ Ñàìàðà;Àðõèâ ¹1 Ñàìàðà;RG 0001 149 00 01;Ðåãèñòðàöèÿ ïî ÁÏ;Ðåã.;149;Ðåãèñòðàöèÿ;äîñüå;20;AUTO
ÎÑÖ Âîðîíåæ;Âíå ïîäðàçäåëåíèé;RG 0001 011 00 01;Ðåãèñòðàöèÿ ïî ÁÏ;Ðåã.;11;Ðåãèñòðàöèÿ;äîñüå;0;AUTO
ÎÑÖ Âîðîíåæ;Àðõèâ ¹1 Âîðîíåæ;RG 0001 011 00 01;Ðåãèñòðàöèÿ ïî ÁÏ;Ðåã.;11;Ðåãèñòðàöèÿ;äîñüå;18;AUTO
ÎÑÖ Âîðîíåæ;Àðõèâ ¹3 Êàëèíèíãðàä;RG 0001 011 00 01;Ðåãèñòðàöèÿ ïî ÁÏ;Ðåã.;11;Ðåãèñòðàöèÿ;äîñüå;0;AUTO
ÎÑÖ Âîðîíåæ;Àðõèâ ¹4 Ñàíêò-Ïåòåðáóðã;RG 0001 011 00 01;Ðåãèñòðàöèÿ ïî ÁÏ;Ðåã.;11;Ðåãèñòðàöèÿ;äîñüå;16;AUTO
ÎÑÖ Ìîñêâà;Âíå ïîäðàçäåëåíèé;RG 0001 011 00 01;Ðåãèñòðàöèÿ ïî ÁÏ;Ðåã.;11;Ðåãèñòðàöèÿ;äîñüå;0;AUTO
ÎÑÖ Ìîñêâà;Àðõèâ ¹1 Òîìèëèíî;RG 0001 011 00 01;Ðåãèñòðàöèÿ ïî ÁÏ;Ðåã.;11;Ðåãèñòðàöèÿ;äîñüå;17;AUTO
ÎÑÖ Íèæíèé Íîâãîðîä;Âíå ïîäðàçäåëåíèé;RG 0001 011 00 01;Ðåãèñòðàöèÿ ïî ÁÏ;Ðåã.;11;Ðåãèñòðàöèÿ;äîñüå;0;AUTO
ÎÑÖ Íèæíèé Íîâãîðîä;Àðõèâ ¹1 Íèæíèé Íîâãîðîä;RG 0001 011 00 01;Ðåãèñòðàöèÿ ïî ÁÏ;Ðåã.;11;Ðåãèñòðàöèÿ;äîñüå;15;AUTO
ÎÑÖ Íîâîñèáèðñê;Âíå ïîäðàçäåëåíèé;RG 0001 011 00 01;Ðåãèñòðàöèÿ ïî ÁÏ;Ðåã.;11;Ðåãèñòðàöèÿ;äîñüå;0;AUTO
ÎÑÖ Íîâîñèáèðñê;Àðõèâ ¹1 Íîâîñèáèðñê;RG 0001 011 00 01;Ðåãèñòðàöèÿ ïî ÁÏ;Ðåã.;11;Ðåãèñòðàöèÿ;äîñüå;18,2;AUTO
ÎÑÖ Íîâîñèáèðñê;Àðõèâ ¹3 Åêàòåðèíáóðã;RG 0001 011 00 01;Ðåãèñòðàöèÿ ïî ÁÏ;Ðåã.;11;Ðåãèñòðàöèÿ;äîñüå;17,884;AUTO
ÎÑÖ Ñàìàðà;Âíå ïîäðàçäåëåíèé;RG 0001 011 00 01;Ðåãèñòðàöèÿ ïî ÁÏ;Ðåã.;11;Ðåãèñòðàöèÿ;äîñüå;0;AUTO
ÎÑÖ Ñàìàðà;Àðõèâ ¹1 Ñàìàðà;RG 0001 011 00 01;Ðåãèñòðàöèÿ ïî ÁÏ;Ðåã.;11;Ðåãèñòðàöèÿ;äîñüå;20;AUTO
ÎÑÖ Âîðîíåæ;Âíå ïîäðàçäåëåíèé;RG 0001 211 00 01;Ðåãèñòðàöèÿ ïî ÁÏ;Ðåã.;211;Ðåãèñòðàöèÿ;äîñüå;0;AUTO
ÎÑÖ Âîðîíåæ;Àðõèâ ¹1 Âîðîíåæ;RG 0001 211 00 01;Ðåãèñòðàöèÿ ïî ÁÏ;Ðåã.;211;Ðåãèñòðàöèÿ;äîñüå;27,898;AUTO
ÎÑÖ Âîðîíåæ;Àðõèâ ¹3 Êàëèíèíãðàä;RG 0001 211 00 01;Ðåãèñòðàöèÿ ïî ÁÏ;Ðåã.;211;Ðåãèñòðàöèÿ;äîñüå;23,869;AUTO
ÎÑÖ Âîðîíåæ;Àðõèâ ¹4 Ñàíêò-Ïåòåðáóðã;RG 0001 211 00 01;Ðåãèñòðàöèÿ ïî ÁÏ;Ðåã.;211;Ðåãèñòðàöèÿ;äîñüå;23,965;AUTO
ÎÑÖ Ìîñêâà;Âíå ïîäðàçäåëåíèé;RG 0001 211 00 01;Ðåãèñòðàöèÿ ïî ÁÏ;Ðåã.;211;Ðåãèñòðàöèÿ;äîñüå;0;AUTO
ÎÑÖ Ìîñêâà;Àðõèâ ¹1 Òîìèëèíî;RG 0001 211 00 01;Ðåãèñòðàöèÿ ïî ÁÏ;Ðåã.;211;Ðåãèñòðàöèÿ;äîñüå;28,093;AUTO
ÎÑÖ Íèæíèé Íîâãîðîä;Âíå ïîäðàçäåëåíèé;RG 0001 211 00 01;Ðåãèñòðàöèÿ ïî ÁÏ;Ðåã.;211;Ðåãèñòðàöèÿ;äîñüå;0;AUTO
ÎÑÖ Íèæíèé Íîâãîðîä;Àðõèâ ¹1 Íèæíèé Íîâãîðîä;RG 0001 211 00 01;Ðåãèñòðàöèÿ ïî ÁÏ;Ðåã.;211;Ðåãèñòðàöèÿ;äîñüå;23,94;AUTO
ÎÑÖ Íîâîñèáèðñê;Âíå ïîäðàçäåëåíèé;RG 0001 211 00 01;Ðåãèñòðàöèÿ ïî ÁÏ;Ðåã.;211;Ðåãèñòðàöèÿ;äîñüå;0;AUTO
ÎÑÖ Íîâîñèáèðñê;Àðõèâ ¹1 Íîâîñèáèðñê;RG 0001 211 00 01;Ðåãèñòðàöèÿ ïî ÁÏ;Ðåã.;211;Ðåãèñòðàöèÿ;äîñüå;25;AUTO
ÎÑÖ Íîâîñèáèðñê;Àðõèâ ¹3 Åêàòåðèíáóðã;RG 0001 211 00 01;Ðåãèñòðàöèÿ ïî ÁÏ;Ðåã.;211;Ðåãèñòðàöèÿ;äîñüå;24,988;AUTO
ÎÑÖ Ñàìàðà;Âíå ïîäðàçäåëåíèé;RG 0001 211 00 01;Ðåãèñòðàöèÿ ïî ÁÏ;Ðåã.;211;Ðåãèñòðàöèÿ;äîñüå;0;AUTO
ÎÑÖ Ñàìàðà;Àðõèâ ¹1 Ñàìàðà;RG 0001 211 00 01;Ðåãèñòðàöèÿ ïî ÁÏ;Ðåã.;211;Ðåãèñòðàöèÿ;äîñüå;23,551;AUTO
ÎÑÖ Âîðîíåæ;Âíå ïîäðàçäåëåíèé;RG 0001 020 00 01;Ðåãèñòðàöèÿ ïî ÁÏ;Ðåã.;20;Ðåãèñòðàöèÿ;äîñüå;0;AUTO
ÎÑÖ Âîðîíåæ;Àðõèâ ¹1 Âîðîíåæ;RG 0001 020 00 01;Ðåãèñòðàöèÿ ïî ÁÏ;Ðåã.;20;Ðåãèñòðàöèÿ;äîñüå;0;AUTO
ÎÑÖ Âîðîíåæ;Àðõèâ ¹3 Êàëèíèíãðàä;RG 0001 020 00 01;Ðåãèñòðàöèÿ ïî ÁÏ;Ðåã.;20;Ðåãèñòðàöèÿ;äîñüå;0;AUTO
ÎÑÖ Âîðîíåæ;Àðõèâ ¹4 Ñàíêò-Ïåòåðáóðã;RG 0001 020 00 01;Ðåãèñòðàöèÿ ïî ÁÏ;Ðåã.;20;Ðåãèñòðàöèÿ;äîñüå;0;AUTO
ÎÑÖ Ìîñêâà;Âíå ïîäðàçäåëåíèé;RG 0001 020 00 01;Ðåãèñòðàöèÿ ïî ÁÏ;Ðåã.;20;Ðåãèñòðàöèÿ;äîñüå;0;AUTO
ÎÑÖ Ìîñêâà;Àðõèâ ¹1 Òîìèëèíî;RG 0001 020 00 01;Ðåãèñòðàöèÿ ïî ÁÏ;Ðåã.;20;Ðåãèñòðàöèÿ;äîñüå;0;AUTO
ÎÑÖ Íèæíèé Íîâãîðîä;Âíå ïîäðàçäåëåíèé;RG 0001 020 00 01;Ðåãèñòðàöèÿ ïî ÁÏ;Ðåã.;20;Ðåãèñòðàöèÿ;äîñüå;0;AUTO
ÎÑÖ Íèæíèé Íîâãîðîä;Àðõèâ ¹1 Íèæíèé Íîâãîðîä;RG 0001 020 00 01;Ðåãèñòðàöèÿ ïî ÁÏ;Ðåã.;20;Ðåãèñòðàöèÿ;äîñüå;0;AUTO
ÎÑÖ Íîâîñèáèðñê;Âíå ïîäðàçäåëåíèé;RG 0001 020 00 01;Ðåãèñòðàöèÿ ïî ÁÏ;Ðåã.;20;Ðåãèñòðàöèÿ;äîñüå;0;AUTO
ÎÑÖ Íîâîñèáèðñê;Àðõèâ ¹1 Íîâîñèáèðñê;RG 0001 020 00 01;Ðåãèñòðàöèÿ ïî ÁÏ;Ðåã.;20;Ðåãèñòðàöèÿ;äîñüå;0;AUTO
ÎÑÖ Íîâîñèáèðñê;Àðõèâ ¹3 Åêàòåðèíáóðã;RG 0001 020 00 01;Ðåãèñòðàöèÿ ïî ÁÏ;Ðåã.;20;Ðåãèñòðàöèÿ;äîñüå;0;AUTO
ÎÑÖ Ñàìàðà;Âíå ïîäðàçäåëåíèé;RG 0001 020 00 01;Ðåãèñòðàöèÿ ïî ÁÏ;Ðåã.;20;Ðåãèñòðàöèÿ;äîñüå;0;AUTO
ÎÑÖ Ñàìàðà;Àðõèâ ¹1 Ñàìàðà;RG 0001 020 00 01;Ðåãèñòðàöèÿ ïî ÁÏ;Ðåã.;20;Ðåãèñòðàöèÿ;äîñüå;0;AUTO
ÎÑÖ Âîðîíåæ;Âíå ïîäðàçäåëåíèé;RG 0001 241 00 01;Ðåãèñòðàöèÿ ïî ÁÏ;Ðåã.;241;Ðåãèñòðàöèÿ;äîñüå;0;AUTO
ÎÑÖ Âîðîíåæ;Àðõèâ ¹1 Âîðîíåæ;RG 0001 241 00 01;Ðåãèñòðàöèÿ ïî ÁÏ;Ðåã.;241;Ðåãèñòðàöèÿ;äîñüå;0;AUTO
ÎÑÖ Âîðîíåæ;Àðõèâ ¹3 Êàëèíèíãðàä;RG 0001 241 00 01;Ðåãèñòðàöèÿ ïî ÁÏ;Ðåã.;241;Ðåãèñòðàöèÿ;äîñüå;0;AUTO
ÎÑÖ Âîðîíåæ;Àðõèâ ¹4 Ñàíêò-Ïåòåðáóðã;RG 0001 241 00 01;Ðåãèñòðàöèÿ ïî ÁÏ;Ðåã.;241;Ðåãèñòðàöèÿ;äîñüå;0;AUTO
ÎÑÖ Ìîñêâà;Âíå ïîäðàçäåëåíèé;RG 0001 241 00 01;Ðåãèñòðàöèÿ ïî ÁÏ;Ðåã.;241;Ðåãèñòðàöèÿ;äîñüå;0;AUTO
ÎÑÖ Ìîñêâà;Àðõèâ ¹1 Òîìèëèíî;RG 0001 241 00 01;Ðåãèñòðàöèÿ ïî ÁÏ;Ðåã.;241;Ðåãèñòðàöèÿ;äîñüå;0;AUTO
ÎÑÖ Íèæíèé Íîâãîðîä;Âíå ïîäðàçäåëåíèé;RG 0001 241 00 01;Ðåãèñòðàöèÿ ïî ÁÏ;Ðåã.;241;Ðåãèñòðàöèÿ;äîñüå;0;AUTO
ÎÑÖ Íèæíèé Íîâãîðîä;Àðõèâ ¹1 Íèæíèé Íîâãîðîä;RG 0001 241 00 01;Ðåãèñòðàöèÿ ïî ÁÏ;Ðåã.;241;Ðåãèñòðàöèÿ;äîñüå;0;AUTO
ÎÑÖ Íîâîñèáèðñê;Âíå ïîäðàçäåëåíèé;RG 0001 241 00 01;Ðåãèñòðàöèÿ ïî ÁÏ;Ðåã.;241;Ðåãèñòðàöèÿ;äîñüå;0;AUTO
ÎÑÖ Íîâîñèáèðñê;Àðõèâ ¹1 Íîâîñèáèðñê;RG 0001 241 00 01;Ðåãèñòðàöèÿ ïî ÁÏ;Ðåã.;241;Ðåãèñòðàöèÿ;äîñüå;0;AUTO
ÎÑÖ Íîâîñèáèðñê;Àðõèâ ¹3 Åêàòåðèíáóðã;RG 0001 241 00 01;Ðåãèñòðàöèÿ ïî ÁÏ;Ðåã.;241;Ðåãèñòðàöèÿ;äîñüå;0;AUTO
ÎÑÖ Ñàìàðà;Âíå ïîäðàçäåëåíèé;RG 0001 241 00 01;Ðåãèñòðàöèÿ ïî ÁÏ;Ðåã.;241;Ðåãèñòðàöèÿ;äîñüå;0;AUTO
ÎÑÖ Ñàìàðà;Àðõèâ ¹1 Ñàìàðà;RG 0001 241 00 01;Ðåãèñòðàöèÿ ïî ÁÏ;Ðåã.;241;Ðåãèñòðàöèÿ;äîñüå;0;AUTO
ÎÑÖ Âîðîíåæ;Âíå ïîäðàçäåëåíèé;RG 0001 043 00 01;Ðåãèñòðàöèÿ ïî ÁÏ;Ðåã.;43;Ðåãèñòðàöèÿ;äîñüå;0;AUTO
ÎÑÖ Âîðîíåæ;Àðõèâ ¹1 Âîðîíåæ;RG 0001 043 00 01;Ðåãèñòðàöèÿ ïî ÁÏ;Ðåã.;43;Ðåãèñòðàöèÿ;äîñüå;0;AUTO
ÎÑÖ Âîðîíåæ;Àðõèâ ¹3 Êàëèíèíãðàä;RG 0001 043 00 01;Ðåãèñòðàöèÿ ïî ÁÏ;Ðåã.;43;Ðåãèñòðàöèÿ;äîñüå;0;AUTO
ÎÑÖ Âîðîíåæ;Àðõèâ ¹4 Ñàíêò-Ïåòåðáóðã;RG 0001 043 00 01;Ðåãèñòðàöèÿ ïî ÁÏ;Ðåã.;43;Ðåãèñòðàöèÿ;äîñüå;0;AUTO
ÎÑÖ Ìîñêâà;Âíå ïîäðàçäåëåíèé;RG 0001 043 00 01;Ðåãèñòðàöèÿ ïî ÁÏ;Ðåã.;43;Ðåãèñòðàöèÿ;äîñüå;0;AUTO
ÎÑÖ Ìîñêâà;Àðõèâ ¹1 Òîìèëèíî;RG 0001 043 00 01;Ðåãèñòðàöèÿ ïî ÁÏ;Ðåã.;43;Ðåãèñòðàöèÿ;äîñüå;60,2;AUTO
ÎÑÖ Íèæíèé Íîâãîðîä;Âíå ïîäðàçäåëåíèé;RG 0001 043 00 01;Ðåãèñòðàöèÿ ïî ÁÏ;Ðåã.;43;Ðåãèñòðàöèÿ;äîñüå;0;AUTO
ÎÑÖ Íèæíèé Íîâãîðîä;Àðõèâ ¹1 Íèæíèé Íîâãîðîä;RG 0001 043 00 01;Ðåãèñòðàöèÿ ïî ÁÏ;Ðåã.;43;Ðåãèñòðàöèÿ;äîñüå;71,58;AUTO
ÎÑÖ Íîâîñèáèðñê;Âíå ïîäðàçäåëåíèé;RG 0001 043 00 01;Ðåãèñòðàöèÿ ïî ÁÏ;Ðåã.;43;Ðåãèñòðàöèÿ;äîñüå;0;AUTO
ÎÑÖ Íîâîñèáèðñê;Àðõèâ ¹1 Íîâîñèáèðñê;RG 0001 043 00 01;Ðåãèñòðàöèÿ ïî ÁÏ;Ðåã.;43;Ðåãèñòðàöèÿ;äîñüå;0;AUTO
ÎÑÖ Íîâîñèáèðñê;Àðõèâ ¹3 Åêàòåðèíáóðã;RG 0001 043 00 01;Ðåãèñòðàöèÿ ïî ÁÏ;Ðåã.;43;Ðåãèñòðàöèÿ;äîñüå;71,6;AUTO
ÎÑÖ Ñàìàðà;Âíå ïîäðàçäåëåíèé;RG 0001 043 00 01;Ðåãèñòðàöèÿ ïî ÁÏ;Ðåã.;43;Ðåãèñòðàöèÿ;äîñüå;0;AUTO
ÎÑÖ Ñàìàðà;Àðõèâ ¹1 Ñàìàðà;RG 0001 043 00 01;Ðåãèñòðàöèÿ ïî ÁÏ;Ðåã.;43;Ðåãèñòðàöèÿ;äîñüå;0;AUTO
ÎÑÖ Âîðîíåæ;Âíå ïîäðàçäåëåíèé;RG 0001 012 00 01;Ðåãèñòðàöèÿ ïî ÁÏ;Ðåã.;12;Ðåãèñòðàöèÿ;äîñüå;0;AUTO
ÎÑÖ Âîðîíåæ;Àðõèâ ¹1 Âîðîíåæ;RG 0001 012 00 01;Ðåãèñòðàöèÿ ïî ÁÏ;Ðåã.;12;Ðåãèñòðàöèÿ;äîñüå;0;AUTO
ÎÑÖ Âîðîíåæ;Àðõèâ ¹3 Êàëèíèíãðàä;RG 0001 012 00 01;Ðåãèñòðàöèÿ ïî ÁÏ;Ðåã.;12;Ðåãèñòðàöèÿ;äîñüå;0;AUTO
ÎÑÖ Âîðîíåæ;Àðõèâ ¹4 Ñàíêò-Ïåòåðáóðã;RG 0001 012 00 01;Ðåãèñòðàöèÿ ïî ÁÏ;Ðåã.;12;Ðåãèñòðàöèÿ;äîñüå;0;AUTO
ÎÑÖ Ìîñêâà;Âíå ïîäðàçäåëåíèé;RG 0001 012 00 01;Ðåãèñòðàöèÿ ïî ÁÏ;Ðåã.;12;Ðåãèñòðàöèÿ;äîñüå;0;AUTO
ÎÑÖ Ìîñêâà;Àðõèâ ¹1 Òîìèëèíî;RG 0001 012 00 01;Ðåãèñòðàöèÿ ïî ÁÏ;Ðåã.;12;Ðåãèñòðàöèÿ;äîñüå;60,2;AUTO
ÎÑÖ Íèæíèé Íîâãîðîä;Âíå ïîäðàçäåëåíèé;RG 0001 012 00 01;Ðåãèñòðàöèÿ ïî ÁÏ;Ðåã.;12;Ðåãèñòðàöèÿ;äîñüå;0;AUTO
ÎÑÖ Íèæíèé Íîâãîðîä;Àðõèâ ¹1 Íèæíèé Íîâãîðîä;RG 0001 012 00 01;Ðåãèñòðàöèÿ ïî ÁÏ;Ðåã.;12;Ðåãèñòðàöèÿ;äîñüå;64,35;AUTO
ÎÑÖ Íîâîñèáèðñê;Âíå ïîäðàçäåëåíèé;RG 0001 012 00 01;Ðåãèñòðàöèÿ ïî ÁÏ;Ðåã.;12;Ðåãèñòðàöèÿ;äîñüå;0;AUTO
ÎÑÖ Íîâîñèáèðñê;Àðõèâ ¹1 Íîâîñèáèðñê;RG 0001 012 00 01;Ðåãèñòðàöèÿ ïî ÁÏ;Ðåã.;12;Ðåãèñòðàöèÿ;äîñüå;0;AUTO
ÎÑÖ Íîâîñèáèðñê;Àðõèâ ¹3 Åêàòåðèíáóðã;RG 0001 012 00 01;Ðåãèñòðàöèÿ ïî ÁÏ;Ðåã.;12;Ðåãèñòðàöèÿ;äîñüå;0;AUTO
ÎÑÖ Ñàìàðà;Âíå ïîäðàçäåëåíèé;RG 0001 012 00 01;Ðåãèñòðàöèÿ ïî ÁÏ;Ðåã.;12;Ðåãèñòðàöèÿ;äîñüå;0;AUTO
ÎÑÖ Ñàìàðà;Àðõèâ ¹1 Ñàìàðà;RG 0001 012 00 01;Ðåãèñòðàöèÿ ïî ÁÏ;Ðåã.;12;Ðåãèñòðàöèÿ;äîñüå;0;AUTO
ÎÑÖ Âîðîíåæ;Âíå ïîäðàçäåëåíèé;RG 0001 236 00 01;Ðåãèñòðàöèÿ ïî ÁÏ;Ðåã.;236;Ðåãèñòðàöèÿ;äîñüå;0;AUTO
ÎÑÖ Âîðîíåæ;Àðõèâ ¹1 Âîðîíåæ;RG 0001 236 00 01;Ðåãèñòðàöèÿ ïî ÁÏ;Ðåã.;236;Ðåãèñòðàöèÿ;äîñüå;0;AUTO
ÎÑÖ Âîðîíåæ;Àðõèâ ¹3 Êàëèíèíãðàä;RG 0001 236 00 01;Ðåãèñòðàöèÿ ïî ÁÏ;Ðåã.;236;Ðåãèñòðàöèÿ;äîñüå;0;AUTO
ÎÑÖ Âîðîíåæ;Àðõèâ ¹4 Ñàíêò-Ïåòåðáóðã;RG 0001 236 00 01;Ðåãèñòðàöèÿ ïî ÁÏ;Ðåã.;236;Ðåãèñòðàöèÿ;äîñüå;0;AUTO
ÎÑÖ Ìîñêâà;Âíå ïîäðàçäåëåíèé;RG 0001 236 00 01;Ðåãèñòðàöèÿ ïî ÁÏ;Ðåã.;236;Ðåãèñòðàöèÿ;äîñüå;0;AUTO
ÎÑÖ Ìîñêâà;Àðõèâ ¹1 Òîìèëèíî;RG 0001 236 00 01;Ðåãèñòðàöèÿ ïî ÁÏ;Ðåã.;236;Ðåãèñòðàöèÿ;äîñüå;0;AUTO
ÎÑÖ Íèæíèé Íîâãîðîä;Âíå ïîäðàçäåëåíèé;RG 0001 236 00 01;Ðåãèñòðàöèÿ ïî ÁÏ;Ðåã.;236;Ðåãèñòðàöèÿ;äîñüå;0;AUTO
ÎÑÖ Íèæíèé Íîâãîðîä;Àðõèâ ¹1 Íèæíèé Íîâãîðîä;RG 0001 236 00 01;Ðåãèñòðàöèÿ ïî ÁÏ;Ðåã.;236;Ðåãèñòðàöèÿ;äîñüå;0;AUTO
ÎÑÖ Íîâîñèáèðñê;Âíå ïîäðàçäåëåíèé;RG 0001 236 00 01;Ðåãèñòðàöèÿ ïî ÁÏ;Ðåã.;236;Ðåãèñòðàöèÿ;äîñüå;0;AUTO
ÎÑÖ Íîâîñèáèðñê;Àðõèâ ¹1 Íîâîñèáèðñê;RG 0001 236 00 01;Ðåãèñòðàöèÿ ïî ÁÏ;Ðåã.;236;Ðåãèñòðàöèÿ;äîñüå;0;AUTO
ÎÑÖ Íîâîñèáèðñê;Àðõèâ ¹3 Åêàòåðèíáóðã;RG 0001 236 00 01;Ðåãèñòðàöèÿ ïî ÁÏ;Ðåã.;236;Ðåãèñòðàöèÿ;äîñüå;0;AUTO
ÎÑÖ Ñàìàðà;Âíå ïîäðàçäåëåíèé;RG 0001 236 00 01;Ðåãèñòðàöèÿ ïî ÁÏ;Ðåã.;236;Ðåãèñòðàöèÿ;äîñüå;0;AUTO
ÎÑÖ Ñàìàðà;Àðõèâ ¹1 Ñàìàðà;RG 0001 236 00 01;Ðåãèñòðàöèÿ ïî ÁÏ;Ðåã.;236;Ðåãèñòðàöèÿ;äîñüå;17,364;AUTO
ÎÑÖ Âîðîíåæ;Âíå ïîäðàçäåëåíèé;RG 0001 238 00 01;Ðåãèñòðàöèÿ ïî ÁÏ;Ðåã.;238;Ðåãèñòðàöèÿ;äîñüå;0;AUTO
ÎÑÖ Âîðîíåæ;Àðõèâ ¹1 Âîðîíåæ;RG 0001 238 00 01;Ðåãèñòðàöèÿ ïî ÁÏ;Ðåã.;238;Ðåãèñòðàöèÿ;äîñüå;66;AUTO
ÎÑÖ Âîðîíåæ;Àðõèâ ¹3 Êàëèíèíãðàä;RG 0001 238 00 01;Ðåãèñòðàöèÿ ïî ÁÏ;Ðåã.;238;Ðåãèñòðàöèÿ;äîñüå;0;AUTO
ÎÑÖ Âîðîíåæ;Àðõèâ ¹4 Ñàíêò-Ïåòåðáóðã;RG 0001 238 00 01;Ðåãèñòðàöèÿ ïî ÁÏ;Ðåã.;238;Ðåãèñòðàöèÿ;äîñüå;65;AUTO
ÎÑÖ Ìîñêâà;Âíå ïîäðàçäåëåíèé;RG 0001 238 00 01;Ðåãèñòðàöèÿ ïî ÁÏ;Ðåã.;238;Ðåãèñòðàöèÿ;äîñüå;0;AUTO
ÎÑÖ Ìîñêâà;Àðõèâ ¹1 Òîìèëèíî;RG 0001 238 00 01;Ðåãèñòðàöèÿ ïî ÁÏ;Ðåã.;238;Ðåãèñòðàöèÿ;äîñüå;63,6;AUTO
ÎÑÖ Íèæíèé Íîâãîðîä;Âíå ïîäðàçäåëåíèé;RG 0001 238 00 01;Ðåãèñòðàöèÿ ïî ÁÏ;Ðåã.;238;Ðåãèñòðàöèÿ;äîñüå;0;AUTO
ÎÑÖ Íèæíèé Íîâãîðîä;Àðõèâ ¹1 Íèæíèé Íîâãîðîä;RG 0001 238 00 01;Ðåãèñòðàöèÿ ïî ÁÏ;Ðåã.;238;Ðåãèñòðàöèÿ;äîñüå;69,015;AUTO
ÎÑÖ Íîâîñèáèðñê;Âíå ïîäðàçäåëåíèé;RG 0001 238 00 01;Ðåãèñòðàöèÿ ïî ÁÏ;Ðåã.;238;Ðåãèñòðàöèÿ;äîñüå;0;AUTO
ÎÑÖ Íîâîñèáèðñê;Àðõèâ ¹1 Íîâîñèáèðñê;RG 0001 238 00 01;Ðåãèñòðàöèÿ ïî ÁÏ;Ðåã.;238;Ðåãèñòðàöèÿ;äîñüå;69,6;AUTO
ÎÑÖ Íîâîñèáèðñê;Àðõèâ ¹3 Åêàòåðèíáóðã;RG 0001 238 00 01;Ðåãèñòðàöèÿ ïî ÁÏ;Ðåã.;238;Ðåãèñòðàöèÿ;äîñüå;62,818;AUTO
ÎÑÖ Ñàìàðà;Âíå ïîäðàçäåëåíèé;RG 0001 238 00 01;Ðåãèñòðàöèÿ ïî ÁÏ;Ðåã.;238;Ðåãèñòðàöèÿ;äîñüå;0;AUTO
ÎÑÖ Ñàìàðà;Àðõèâ ¹1 Ñàìàðà;RG 0001 238 00 01;Ðåãèñòðàöèÿ ïî ÁÏ;Ðåã.;238;Ðåãèñòðàöèÿ;äîñüå;67;AUTO
ÎÑÖ Âîðîíåæ;Âíå ïîäðàçäåëåíèé;RG 0001 234 00 01;Ðåãèñòðàöèÿ ïî ÁÏ;Ðåã.;234;Ðåãèñòðàöèÿ;äîñüå;0;AUTO
ÎÑÖ Âîðîíåæ;Àðõèâ ¹1 Âîðîíåæ;RG 0001 234 00 01;Ðåãèñòðàöèÿ ïî ÁÏ;Ðåã.;234;Ðåãèñòðàöèÿ;äîñüå;24;AUTO
ÎÑÖ Âîðîíåæ;Àðõèâ ¹3 Êàëèíèíãðàä;RG 0001 234 00 01;Ðåãèñòðàöèÿ ïî ÁÏ;Ðåã.;234;Ðåãèñòðàöèÿ;äîñüå;23,953;AUTO
ÎÑÖ Âîðîíåæ;Àðõèâ ¹4 Ñàíêò-Ïåòåðáóðã;RG 0001 234 00 01;Ðåãèñòðàöèÿ ïî ÁÏ;Ðåã.;234;Ðåãèñòðàöèÿ;äîñüå;23,039;AUTO
ÎÑÖ Ìîñêâà;Âíå ïîäðàçäåëåíèé;RG 0001 234 00 01;Ðåãèñòðàöèÿ ïî ÁÏ;Ðåã.;234;Ðåãèñòðàöèÿ;äîñüå;0;AUTO
ÎÑÖ Ìîñêâà;Àðõèâ ¹1 Òîìèëèíî;RG 0001 234 00 01;Ðåãèñòðàöèÿ ïî ÁÏ;Ðåã.;234;Ðåãèñòðàöèÿ;äîñüå;25;AUTO
ÎÑÖ Íèæíèé Íîâãîðîä;Âíå ïîäðàçäåëåíèé;RG 0001 234 00 01;Ðåãèñòðàöèÿ ïî ÁÏ;Ðåã.;234;Ðåãèñòðàöèÿ;äîñüå;0;AUTO
ÎÑÖ Íèæíèé Íîâãîðîä;Àðõèâ ¹1 Íèæíèé Íîâãîðîä;RG 0001 234 00 01;Ðåãèñòðàöèÿ ïî ÁÏ;Ðåã.;234;Ðåãèñòðàöèÿ;äîñüå;24;AUTO
ÎÑÖ Íîâîñèáèðñê;Âíå ïîäðàçäåëåíèé;RG 0001 234 00 01;Ðåãèñòðàöèÿ ïî ÁÏ;Ðåã.;234;Ðåãèñòðàöèÿ;äîñüå;0;AUTO
ÎÑÖ Íîâîñèáèðñê;Àðõèâ ¹1 Íîâîñèáèðñê;RG 0001 234 00 01;Ðåãèñòðàöèÿ ïî ÁÏ;Ðåã.;234;Ðåãèñòðàöèÿ;äîñüå;28,1;AUTO
ÎÑÖ Íîâîñèáèðñê;Àðõèâ ¹3 Åêàòåðèíáóðã;RG 0001 234 00 01;Ðåãèñòðàöèÿ ïî ÁÏ;Ðåã.;234;Ðåãèñòðàöèÿ;äîñüå;28,1;AUTO
ÎÑÖ Ñàìàðà;Âíå ïîäðàçäåëåíèé;RG 0001 234 00 01;Ðåãèñòðàöèÿ ïî ÁÏ;Ðåã.;234;Ðåãèñòðàöèÿ;äîñüå;0;AUTO
ÎÑÖ Ñàìàðà;Àðõèâ ¹1 Ñàìàðà;RG 0001 234 00 01;Ðåãèñòðàöèÿ ïî ÁÏ;Ðåã.;234;Ðåãèñòðàöèÿ;äîñüå;23;AUTO
ÎÑÖ Âîðîíåæ;Âíå ïîäðàçäåëåíèé;RG 0001 042 00 01;Ðåãèñòðàöèÿ ïî ÁÏ;Ðåã.;42;Ðåãèñòðàöèÿ;äîñüå;0;AUTO
ÎÑÖ Âîðîíåæ;Àðõèâ ¹1 Âîðîíåæ;RG 0001 042 00 01;Ðåãèñòðàöèÿ ïî ÁÏ;Ðåã.;42;Ðåãèñòðàöèÿ;äîñüå;23;AUTO
ÎÑÖ Âîðîíåæ;Àðõèâ ¹3 Êàëèíèíãðàä;RG 0001 042 00 01;Ðåãèñòðàöèÿ ïî ÁÏ;Ðåã.;42;Ðåãèñòðàöèÿ;äîñüå;19,183;AUTO
ÎÑÖ Âîðîíåæ;Àðõèâ ¹4 Ñàíêò-Ïåòåðáóðã;RG 0001 042 00 01;Ðåãèñòðàöèÿ ïî ÁÏ;Ðåã.;42;Ðåãèñòðàöèÿ;äîñüå;28,539;AUTO
ÎÑÖ Ìîñêâà;Âíå ïîäðàçäåëåíèé;RG 0001 042 00 01;Ðåãèñòðàöèÿ ïî ÁÏ;Ðåã.;42;Ðåãèñòðàöèÿ;äîñüå;0;AUTO
ÎÑÖ Ìîñêâà;Àðõèâ ¹1 Òîìèëèíî;RG 0001 042 00 01;Ðåãèñòðàöèÿ ïî ÁÏ;Ðåã.;42;Ðåãèñòðàöèÿ;äîñüå;19;AUTO
ÎÑÖ Íèæíèé Íîâãîðîä;Âíå ïîäðàçäåëåíèé;RG 0001 042 00 01;Ðåãèñòðàöèÿ ïî ÁÏ;Ðåã.;42;Ðåãèñòðàöèÿ;äîñüå;0;AUTO
ÎÑÖ Íèæíèé Íîâãîðîä;Àðõèâ ¹1 Íèæíèé Íîâãîðîä;RG 0001 042 00 01;Ðåãèñòðàöèÿ ïî ÁÏ;Ðåã.;42;Ðåãèñòðàöèÿ;äîñüå;17;AUTO
ÎÑÖ Íîâîñèáèðñê;Âíå ïîäðàçäåëåíèé;RG 0001 042 00 01;Ðåãèñòðàöèÿ ïî ÁÏ;Ðåã.;42;Ðåãèñòðàöèÿ;äîñüå;0;AUTO
ÎÑÖ Íîâîñèáèðñê;Àðõèâ ¹1 Íîâîñèáèðñê;RG 0001 042 00 01;Ðåãèñòðàöèÿ ïî ÁÏ;Ðåã.;42;Ðåãèñòðàöèÿ;äîñüå;20,352;AUTO
ÎÑÖ Íîâîñèáèðñê;Àðõèâ ¹3 Åêàòåðèíáóðã;RG 0001 042 00 01;Ðåãèñòðàöèÿ ïî ÁÏ;Ðåã.;42;Ðåãèñòðàöèÿ;äîñüå;20,584;AUTO
ÎÑÖ Ñàìàðà;Âíå ïîäðàçäåëåíèé;RG 0001 042 00 01;Ðåãèñòðàöèÿ ïî ÁÏ;Ðåã.;42;Ðåãèñòðàöèÿ;äîñüå;0;AUTO
ÎÑÖ Ñàìàðà;Àðõèâ ¹1 Ñàìàðà;RG 0001 042 00 01;Ðåãèñòðàöèÿ ïî ÁÏ;Ðåã.;42;Ðåãèñòðàöèÿ;äîñüå;20;AUTO
ÎÑÖ Âîðîíåæ;Âíå ïîäðàçäåëåíèé;RG 0001 213 00 01;Ðåãèñòðàöèÿ ïî ÁÏ;Ðåã.;213;Ðåãèñòðàöèÿ;äîñüå;0;AUTO
ÎÑÖ Âîðîíåæ;Àðõèâ ¹1 Âîðîíåæ;RG 0001 213 00 01;Ðåãèñòðàöèÿ ïî ÁÏ;Ðåã.;213;Ðåãèñòðàöèÿ;äîñüå;24;AUTO
ÎÑÖ Âîðîíåæ;Àðõèâ ¹3 Êàëèíèíãðàä;RG 0001 213 00 01;Ðåãèñòðàöèÿ ïî ÁÏ;Ðåã.;213;Ðåãèñòðàöèÿ;äîñüå;23,352;AUTO
ÎÑÖ Âîðîíåæ;Àðõèâ ¹4 Ñàíêò-Ïåòåðáóðã;RG 0001 213 00 01;Ðåãèñòðàöèÿ ïî ÁÏ;Ðåã.;213;Ðåãèñòðàöèÿ;äîñüå;21,485;AUTO
ÎÑÖ Ìîñêâà;Âíå ïîäðàçäåëåíèé;RG 0001 213 00 01;Ðåãèñòðàöèÿ ïî ÁÏ;Ðåã.;213;Ðåãèñòðàöèÿ;äîñüå;0;AUTO
ÎÑÖ Ìîñêâà;Àðõèâ ¹1 Òîìèëèíî;RG 0001 213 00 01;Ðåãèñòðàöèÿ ïî ÁÏ;Ðåã.;213;Ðåãèñòðàöèÿ;äîñüå;24;AUTO
ÎÑÖ Íèæíèé Íîâãîðîä;Âíå ïîäðàçäåëåíèé;RG 0001 213 00 01;Ðåãèñòðàöèÿ ïî ÁÏ;Ðåã.;213;Ðåãèñòðàöèÿ;äîñüå;0;AUTO
ÎÑÖ Íèæíèé Íîâãîðîä;Àðõèâ ¹1 Íèæíèé Íîâãîðîä;RG 0001 213 00 01;Ðåãèñòðàöèÿ ïî ÁÏ;Ðåã.;213;Ðåãèñòðàöèÿ;äîñüå;21,02;AUTO
ÎÑÖ Íîâîñèáèðñê;Âíå ïîäðàçäåëåíèé;RG 0001 213 00 01;Ðåãèñòðàöèÿ ïî ÁÏ;Ðåã.;213;Ðåãèñòðàöèÿ;äîñüå;0;AUTO
ÎÑÖ Íîâîñèáèðñê;Àðõèâ ¹1 Íîâîñèáèðñê;RG 0001 213 00 01;Ðåãèñòðàöèÿ ïî ÁÏ;Ðåã.;213;Ðåãèñòðàöèÿ;äîñüå;23,933;AUTO
ÎÑÖ Íîâîñèáèðñê;Àðõèâ ¹3 Åêàòåðèíáóðã;RG 0001 213 00 01;Ðåãèñòðàöèÿ ïî ÁÏ;Ðåã.;213;Ðåãèñòðàöèÿ;äîñüå;23,967;AUTO
ÎÑÖ Ñàìàðà;Âíå ïîäðàçäåëåíèé;RG 0001 213 00 01;Ðåãèñòðàöèÿ ïî ÁÏ;Ðåã.;213;Ðåãèñòðàöèÿ;äîñüå;0;AUTO
ÎÑÖ Ñàìàðà;Àðõèâ ¹1 Ñàìàðà;RG 0001 213 00 01;Ðåãèñòðàöèÿ ïî ÁÏ;Ðåã.;213;Ðåãèñòðàöèÿ;äîñüå;23,065;AUTO
ÎÑÖ Âîðîíåæ;Âíå ïîäðàçäåëåíèé;RG 0001 256 00 01;Ðåãèñòðàöèÿ ïî ÁÏ;Ðåã.;256;Ðåãèñòðàöèÿ;äîñüå;0;AUTO
ÎÑÖ Âîðîíåæ;Àðõèâ ¹1 Âîðîíåæ;RG 0001 256 00 01;Ðåãèñòðàöèÿ ïî ÁÏ;Ðåã.;256;Ðåãèñòðàöèÿ;äîñüå;0;AUTO
ÎÑÖ Âîðîíåæ;Àðõèâ ¹3 Êàëèíèíãðàä;RG 0001 256 00 01;Ðåãèñòðàöèÿ ïî ÁÏ;Ðåã.;256;Ðåãèñòðàöèÿ;äîñüå;0;AUTO
ÎÑÖ Âîðîíåæ;Àðõèâ ¹4 Ñàíêò-Ïåòåðáóðã;RG 0001 256 00 01;Ðåãèñòðàöèÿ ïî ÁÏ;Ðåã.;256;Ðåãèñòðàöèÿ;äîñüå;0;AUTO
ÎÑÖ Ìîñêâà;Âíå ïîäðàçäåëåíèé;RG 0001 256 00 01;Ðåãèñòðàöèÿ ïî ÁÏ;Ðåã.;256;Ðåãèñòðàöèÿ;äîñüå;0;AUTO
ÎÑÖ Ìîñêâà;Àðõèâ ¹1 Òîìèëèíî;RG 0001 256 00 01;Ðåãèñòðàöèÿ ïî ÁÏ;Ðåã.;256;Ðåãèñòðàöèÿ;äîñüå;0;AUTO
ÎÑÖ Íèæíèé Íîâãîðîä;Âíå ïîäðàçäåëåíèé;RG 0001 256 00 01;Ðåãèñòðàöèÿ ïî ÁÏ;Ðåã.;256;Ðåãèñòðàöèÿ;äîñüå;0;AUTO
ÎÑÖ Íèæíèé Íîâãîðîä;Àðõèâ ¹1 Íèæíèé Íîâãîðîä;RG 0001 256 00 01;Ðåãèñòðàöèÿ ïî ÁÏ;Ðåã.;256;Ðåãèñòðàöèÿ;äîñüå;0;AUTO
ÎÑÖ Íîâîñèáèðñê;Âíå ïîäðàçäåëåíèé;RG 0001 256 00 01;Ðåãèñòðàöèÿ ïî ÁÏ;Ðåã.;256;Ðåãèñòðàöèÿ;äîñüå;0;AUTO
ÎÑÖ Íîâîñèáèðñê;Àðõèâ ¹1 Íîâîñèáèðñê;RG 0001 256 00 01;Ðåãèñòðàöèÿ ïî ÁÏ;Ðåã.;256;Ðåãèñòðàöèÿ;äîñüå;0;AUTO
ÎÑÖ Íîâîñèáèðñê;Àðõèâ ¹3 Åêàòåðèíáóðã;RG 0001 256 00 01;Ðåãèñòðàöèÿ ïî ÁÏ;Ðåã.;256;Ðåãèñòðàöèÿ;äîñüå;0;AUTO
ÎÑÖ Ñàìàðà;Âíå ïîäðàçäåëåíèé;RG 0001 256 00 01;Ðåãèñòðàöèÿ ïî ÁÏ;Ðåã.;256;Ðåãèñòðàöèÿ;äîñüå;0;AUTO
ÎÑÖ Ñàìàðà;Àðõèâ ¹1 Ñàìàðà;RG 0001 256 00 01;Ðåãèñòðàöèÿ ïî ÁÏ;Ðåã.;256;Ðåãèñòðàöèÿ;äîñüå;0;AUTO
ÎÑÖ Âîðîíåæ;Âíå ïîäðàçäåëåíèé;RG 0001 253 00 01;Ðåãèñòðàöèÿ ïî ÁÏ;Ðåã.;253;Ðåãèñòðàöèÿ;äîñüå;0;AUTO
ÎÑÖ Âîðîíåæ;Àðõèâ ¹1 Âîðîíåæ;RG 0001 253 00 01;Ðåãèñòðàöèÿ ïî ÁÏ;Ðåã.;253;Ðåãèñòðàöèÿ;äîñüå;0;AUTO
ÎÑÖ Âîðîíåæ;Àðõèâ ¹3 Êàëèíèíãðàä;RG 0001 253 00 01;Ðåãèñòðàöèÿ ïî ÁÏ;Ðåã.;253;Ðåãèñòðàöèÿ;äîñüå;0;AUTO
ÎÑÖ Âîðîíåæ;Àðõèâ ¹4 Ñàíêò-Ïåòåðáóðã;RG 0001 253 00 01;Ðåãèñòðàöèÿ ïî ÁÏ;Ðåã.;253;Ðåãèñòðàöèÿ;äîñüå;0;AUTO
ÎÑÖ Ìîñêâà;Âíå ïîäðàçäåëåíèé;RG 0001 253 00 01;Ðåãèñòðàöèÿ ïî ÁÏ;Ðåã.;253;Ðåãèñòðàöèÿ;äîñüå;0;AUTO
ÎÑÖ Ìîñêâà;Àðõèâ ¹1 Òîìèëèíî;RG 0001 253 00 01;Ðåãèñòðàöèÿ ïî ÁÏ;Ðåã.;253;Ðåãèñòðàöèÿ;äîñüå;0;AUTO
ÎÑÖ Íèæíèé Íîâãîðîä;Âíå ïîäðàçäåëåíèé;RG 0001 253 00 01;Ðåãèñòðàöèÿ ïî ÁÏ;Ðåã.;253;Ðåãèñòðàöèÿ;äîñüå;0;AUTO
ÎÑÖ Íèæíèé Íîâãîðîä;Àðõèâ ¹1 Íèæíèé Íîâãîðîä;RG 0001 253 00 01;Ðåãèñòðàöèÿ ïî ÁÏ;Ðåã.;253;Ðåãèñòðàöèÿ;äîñüå;12,715;AUTO
ÎÑÖ Íîâîñèáèðñê;Âíå ïîäðàçäåëåíèé;RG 0001 253 00 01;Ðåãèñòðàöèÿ ïî ÁÏ;Ðåã.;253;Ðåãèñòðàöèÿ;äîñüå;0;AUTO
ÎÑÖ Íîâîñèáèðñê;Àðõèâ ¹1 Íîâîñèáèðñê;RG 0001 253 00 01;Ðåãèñòðàöèÿ ïî ÁÏ;Ðåã.;253;Ðåãèñòðàöèÿ;äîñüå;13;AUTO
ÎÑÖ Íîâîñèáèðñê;Àðõèâ ¹3 Åêàòåðèíáóðã;RG 0001 253 00 01;Ðåãèñòðàöèÿ ïî ÁÏ;Ðåã.;253;Ðåãèñòðàöèÿ;äîñüå;12,733;AUTO
ÎÑÖ Ñàìàðà;Âíå ïîäðàçäåëåíèé;RG 0001 253 00 01;Ðåãèñòðàöèÿ ïî ÁÏ;Ðåã.;253;Ðåãèñòðàöèÿ;äîñüå;0;AUTO
ÎÑÖ Ñàìàðà;Àðõèâ ¹1 Ñàìàðà;RG 0001 253 00 01;Ðåãèñòðàöèÿ ïî ÁÏ;Ðåã.;253;Ðåãèñòðàöèÿ;äîñüå;13;AUTO
ÎÑÖ Âîðîíåæ;Âíå ïîäðàçäåëåíèé;RG 0001 254 00 01;Ðåãèñòðàöèÿ ïî ÁÏ;Ðåã.;254;Ðåãèñòðàöèÿ;äîñüå;0;AUTO
ÎÑÖ Âîðîíåæ;Àðõèâ ¹1 Âîðîíåæ;RG 0001 254 00 01;Ðåãèñòðàöèÿ ïî ÁÏ;Ðåã.;254;Ðåãèñòðàöèÿ;äîñüå;0;AUTO
ÎÑÖ Âîðîíåæ;Àðõèâ ¹3 Êàëèíèíãðàä;RG 0001 254 00 01;Ðåãèñòðàöèÿ ïî ÁÏ;Ðåã.;254;Ðåãèñòðàöèÿ;äîñüå;0;AUTO
ÎÑÖ Âîðîíåæ;Àðõèâ ¹4 Ñàíêò-Ïåòåðáóðã;RG 0001 254 00 01;Ðåãèñòðàöèÿ ïî ÁÏ;Ðåã.;254;Ðåãèñòðàöèÿ;äîñüå;0;AUTO
ÎÑÖ Ìîñêâà;Âíå ïîäðàçäåëåíèé;RG 0001 254 00 01;Ðåãèñòðàöèÿ ïî ÁÏ;Ðåã.;254;Ðåãèñòðàöèÿ;äîñüå;0;AUTO
ÎÑÖ Ìîñêâà;Àðõèâ ¹1 Òîìèëèíî;RG 0001 254 00 01;Ðåãèñòðàöèÿ ïî ÁÏ;Ðåã.;254;Ðåãèñòðàöèÿ;äîñüå;0;AUTO
ÎÑÖ Íèæíèé Íîâãîðîä;Âíå ïîäðàçäåëåíèé;RG 0001 254 00 01;Ðåãèñòðàöèÿ ïî ÁÏ;Ðåã.;254;Ðåãèñòðàöèÿ;äîñüå;0;AUTO
ÎÑÖ Íèæíèé Íîâãîðîä;Àðõèâ ¹1 Íèæíèé Íîâãîðîä;RG 0001 254 00 01;Ðåãèñòðàöèÿ ïî ÁÏ;Ðåã.;254;Ðåãèñòðàöèÿ;äîñüå;12,863;AUTO
ÎÑÖ Íîâîñèáèðñê;Âíå ïîäðàçäåëåíèé;RG 0001 254 00 01;Ðåãèñòðàöèÿ ïî ÁÏ;Ðåã.;254;Ðåãèñòðàöèÿ;äîñüå;0;AUTO
ÎÑÖ Íîâîñèáèðñê;Àðõèâ ¹1 Íîâîñèáèðñê;RG 0001 254 00 01;Ðåãèñòðàöèÿ ïî ÁÏ;Ðåã.;254;Ðåãèñòðàöèÿ;äîñüå;13;AUTO
ÎÑÖ Íîâîñèáèðñê;Àðõèâ ¹3 Åêàòåðèíáóðã;RG 0001 254 00 01;Ðåãèñòðàöèÿ ïî ÁÏ;Ðåã.;254;Ðåãèñòðàöèÿ;äîñüå;12,733;AUTO
ÎÑÖ Ñàìàðà;Âíå ïîäðàçäåëåíèé;RG 0001 254 00 01;Ðåãèñòðàöèÿ ïî ÁÏ;Ðåã.;254;Ðåãèñòðàöèÿ;äîñüå;0;AUTO
ÎÑÖ Ñàìàðà;Àðõèâ ¹1 Ñàìàðà;RG 0001 254 00 01;Ðåãèñòðàöèÿ ïî ÁÏ;Ðåã.;254;Ðåãèñòðàöèÿ;äîñüå;13;AUTO
ÎÑÖ Âîðîíåæ;Âíå ïîäðàçäåëåíèé;RG 0001 038 00 01;Ðåãèñòðàöèÿ ïî ÁÏ;Ðåã.;38;Ðåãèñòðàöèÿ;äîñüå;0;AUTO
ÎÑÖ Âîðîíåæ;Àðõèâ ¹1 Âîðîíåæ;RG 0001 038 00 01;Ðåãèñòðàöèÿ ïî ÁÏ;Ðåã.;38;Ðåãèñòðàöèÿ;äîñüå;20;AUTO
ÎÑÖ Âîðîíåæ;Àðõèâ ¹3 Êàëèíèíãðàä;RG 0001 038 00 01;Ðåãèñòðàöèÿ ïî ÁÏ;Ðåã.;38;Ðåãèñòðàöèÿ;äîñüå;17,023;AUTO
ÎÑÖ Âîðîíåæ;Àðõèâ ¹4 Ñàíêò-Ïåòåðáóðã;RG 0001 038 00 01;Ðåãèñòðàöèÿ ïî ÁÏ;Ðåã.;38;Ðåãèñòðàöèÿ;äîñüå;28,629;AUTO
ÎÑÖ Ìîñêâà;Âíå ïîäðàçäåëåíèé;RG 0001 038 00 01;Ðåãèñòðàöèÿ ïî ÁÏ;Ðåã.;38;Ðåãèñòðàöèÿ;äîñüå;0;AUTO
ÎÑÖ Ìîñêâà;Àðõèâ ¹1 Òîìèëèíî;RG 0001 038 00 01;Ðåãèñòðàöèÿ ïî ÁÏ;Ðåã.;38;Ðåãèñòðàöèÿ;äîñüå;21;AUTO
ÎÑÖ Íèæíèé Íîâãîðîä;Âíå ïîäðàçäåëåíèé;RG 0001 038 00 01;Ðåãèñòðàöèÿ ïî ÁÏ;Ðåã.;38;Ðåãèñòðàöèÿ;äîñüå;0;AUTO
ÎÑÖ Íèæíèé Íîâãîðîä;Àðõèâ ¹1 Íèæíèé Íîâãîðîä;RG 0001 038 00 01;Ðåãèñòðàöèÿ ïî ÁÏ;Ðåã.;38;Ðåãèñòðàöèÿ;äîñüå;16;AUTO
ÎÑÖ Íîâîñèáèðñê;Âíå ïîäðàçäåëåíèé;RG 0001 038 00 01;Ðåãèñòðàöèÿ ïî ÁÏ;Ðåã.;38;Ðåãèñòðàöèÿ;äîñüå;0;AUTO
ÎÑÖ Íîâîñèáèðñê;Àðõèâ ¹1 Íîâîñèáèðñê;RG 0001 038 00 01;Ðåãèñòðàöèÿ ïî ÁÏ;Ðåã.;38;Ðåãèñòðàöèÿ;äîñüå;18,35;AUTO
ÎÑÖ Íîâîñèáèðñê;Àðõèâ ¹3 Åêàòåðèíáóðã;RG 0001 038 00 01;Ðåãèñòðàöèÿ ïî ÁÏ;Ðåã.;38;Ðåãèñòðàöèÿ;äîñüå;18;AUTO
ÎÑÖ Ñàìàðà;Âíå ïîäðàçäåëåíèé;RG 0001 038 00 01;Ðåãèñòðàöèÿ ïî ÁÏ;Ðåã.;38;Ðåãèñòðàöèÿ;äîñüå;0;AUTO
ÎÑÖ Ñàìàðà;Àðõèâ ¹1 Ñàìàðà;RG 0001 038 00 01;Ðåãèñòðàöèÿ ïî ÁÏ;Ðåã.;38;Ðåãèñòðàöèÿ;äîñüå;20;AUTO
ÎÑÖ Âîðîíåæ;Âíå ïîäðàçäåëåíèé;RG 0001 039 00 01;Ðåãèñòðàöèÿ ïî ÁÏ;Ðåã.;39;Ðåãèñòðàöèÿ;äîñüå;0;AUTO
ÎÑÖ Âîðîíåæ;Àðõèâ ¹1 Âîðîíåæ;RG 0001 039 00 01;Ðåãèñòðàöèÿ ïî ÁÏ;Ðåã.;39;Ðåãèñòðàöèÿ;äîñüå;20;AUTO
ÎÑÖ Âîðîíåæ;Àðõèâ ¹3 Êàëèíèíãðàä;RG 0001 039 00 01;Ðåãèñòðàöèÿ ïî ÁÏ;Ðåã.;39;Ðåãèñòðàöèÿ;äîñüå;21,5;AUTO
ÎÑÖ Âîðîíåæ;Àðõèâ ¹4 Ñàíêò-Ïåòåðáóðã;RG 0001 039 00 01;Ðåãèñòðàöèÿ ïî ÁÏ;Ðåã.;39;Ðåãèñòðàöèÿ;äîñüå;27,186;AUTO
ÎÑÖ Ìîñêâà;Âíå ïîäðàçäåëåíèé;RG 0001 039 00 01;Ðåãèñòðàöèÿ ïî ÁÏ;Ðåã.;39;Ðåãèñòðàöèÿ;äîñüå;0;AUTO
ÎÑÖ Ìîñêâà;Àðõèâ ¹1 Òîìèëèíî;RG 0001 039 00 01;Ðåãèñòðàöèÿ ïî ÁÏ;Ðåã.;39;Ðåãèñòðàöèÿ;äîñüå;26;AUTO
ÎÑÖ Íèæíèé Íîâãîðîä;Âíå ïîäðàçäåëåíèé;RG 0001 039 00 01;Ðåãèñòðàöèÿ ïî ÁÏ;Ðåã.;39;Ðåãèñòðàöèÿ;äîñüå;0;AUTO
ÎÑÖ Íèæíèé Íîâãîðîä;Àðõèâ ¹1 Íèæíèé Íîâãîðîä;RG 0001 039 00 01;Ðåãèñòðàöèÿ ïî ÁÏ;Ðåã.;39;Ðåãèñòðàöèÿ;äîñüå;10;AUTO
ÎÑÖ Íîâîñèáèðñê;Âíå ïîäðàçäåëåíèé;RG 0001 039 00 01;Ðåãèñòðàöèÿ ïî ÁÏ;Ðåã.;39;Ðåãèñòðàöèÿ;äîñüå;0;AUTO
ÎÑÖ Íîâîñèáèðñê;Àðõèâ ¹1 Íîâîñèáèðñê;RG 0001 039 00 01;Ðåãèñòðàöèÿ ïî ÁÏ;Ðåã.;39;Ðåãèñòðàöèÿ;äîñüå;18,85;AUTO
ÎÑÖ Íîâîñèáèðñê;Àðõèâ ¹3 Åêàòåðèíáóðã;RG 0001 039 00 01;Ðåãèñòðàöèÿ ïî ÁÏ;Ðåã.;39;Ðåãèñòðàöèÿ;äîñüå;17,8;AUTO
ÎÑÖ Ñàìàðà;Âíå ïîäðàçäåëåíèé;RG 0001 039 00 01;Ðåãèñòðàöèÿ ïî ÁÏ;Ðåã.;39;Ðåãèñòðàöèÿ;äîñüå;0;AUTO
ÎÑÖ Ñàìàðà;Àðõèâ ¹1 Ñàìàðà;RG 0001 039 00 01;Ðåãèñòðàöèÿ ïî ÁÏ;Ðåã.;39;Ðåãèñòðàöèÿ;äîñüå;20;AUTO
ÎÑÖ Âîðîíåæ;Âíå ïîäðàçäåëåíèé;RG 0001 237 00 01;Ðåãèñòðàöèÿ ïî ÁÏ;Ðåã.;237;Ðåãèñòðàöèÿ;äîñüå;0;AUTO
ÎÑÖ Âîðîíåæ;Àðõèâ ¹1 Âîðîíåæ;RG 0001 237 00 01;Ðåãèñòðàöèÿ ïî ÁÏ;Ðåã.;237;Ðåãèñòðàöèÿ;äîñüå;0;AUTO
ÎÑÖ Âîðîíåæ;Àðõèâ ¹3 Êàëèíèíãðàä;RG 0001 237 00 01;Ðåãèñòðàöèÿ ïî ÁÏ;Ðåã.;237;Ðåãèñòðàöèÿ;äîñüå;0;AUTO
ÎÑÖ Âîðîíåæ;Àðõèâ ¹4 Ñàíêò-Ïåòåðáóðã;RG 0001 237 00 01;Ðåãèñòðàöèÿ ïî ÁÏ;Ðåã.;237;Ðåãèñòðàöèÿ;äîñüå;0;AUTO
ÎÑÖ Ìîñêâà;Âíå ïîäðàçäåëåíèé;RG 0001 237 00 01;Ðåãèñòðàöèÿ ïî ÁÏ;Ðåã.;237;Ðåãèñòðàöèÿ;äîñüå;0;AUTO
ÎÑÖ Ìîñêâà;Àðõèâ ¹1 Òîìèëèíî;RG 0001 237 00 01;Ðåãèñòðàöèÿ ïî ÁÏ;Ðåã.;237;Ðåãèñòðàöèÿ;äîñüå;32;AUTO
ÎÑÖ Íèæíèé Íîâãîðîä;Âíå ïîäðàçäåëåíèé;RG 0001 237 00 01;Ðåãèñòðàöèÿ ïî ÁÏ;Ðåã.;237;Ðåãèñòðàöèÿ;äîñüå;0;AUTO
ÎÑÖ Íèæíèé Íîâãîðîä;Àðõèâ ¹1 Íèæíèé Íîâãîðîä;RG 0001 237 00 01;Ðåãèñòðàöèÿ ïî ÁÏ;Ðåã.;237;Ðåãèñòðàöèÿ;äîñüå;0;AUTO
ÎÑÖ Íîâîñèáèðñê;Âíå ïîäðàçäåëåíèé;RG 0001 237 00 01;Ðåãèñòðàöèÿ ïî ÁÏ;Ðåã.;237;Ðåãèñòðàöèÿ;äîñüå;0;AUTO
ÎÑÖ Íîâîñèáèðñê;Àðõèâ ¹1 Íîâîñèáèðñê;RG 0001 237 00 01;Ðåãèñòðàöèÿ ïî ÁÏ;Ðåã.;237;Ðåãèñòðàöèÿ;äîñüå;0;AUTO
ÎÑÖ Íîâîñèáèðñê;Àðõèâ ¹3 Åêàòåðèíáóðã;RG 0001 237 00 01;Ðåãèñòðàöèÿ ïî ÁÏ;Ðåã.;237;Ðåãèñòðàöèÿ;äîñüå;0;AUTO
ÎÑÖ Ñàìàðà;Âíå ïîäðàçäåëåíèé;RG 0001 237 00 01;Ðåãèñòðàöèÿ ïî ÁÏ;Ðåã.;237;Ðåãèñòðàöèÿ;äîñüå;0;AUTO
ÎÑÖ Ñàìàðà;Àðõèâ ¹1 Ñàìàðà;RG 0001 237 00 01;Ðåãèñòðàöèÿ ïî ÁÏ;Ðåã.;237;Ðåãèñòðàöèÿ;äîñüå;0;AUTO
ÎÑÖ Âîðîíåæ;Âíå ïîäðàçäåëåíèé;RG 0001 247 00 01;Ðåãèñòðàöèÿ ïî ÁÏ;Ðåã.;247;Ðåãèñòðàöèÿ;äîñüå;0;AUTO
ÎÑÖ Âîðîíåæ;Àðõèâ ¹1 Âîðîíåæ;RG 0001 247 00 01;Ðåãèñòðàöèÿ ïî ÁÏ;Ðåã.;247;Ðåãèñòðàöèÿ;äîñüå;0;AUTO
ÎÑÖ Âîðîíåæ;Àðõèâ ¹3 Êàëèíèíãðàä;RG 0001 247 00 01;Ðåãèñòðàöèÿ ïî ÁÏ;Ðåã.;247;Ðåãèñòðàöèÿ;äîñüå;0;AUTO
ÎÑÖ Âîðîíåæ;Àðõèâ ¹4 Ñàíêò-Ïåòåðáóðã;RG 0001 247 00 01;Ðåãèñòðàöèÿ ïî ÁÏ;Ðåã.;247;Ðåãèñòðàöèÿ;äîñüå;0;AUTO
ÎÑÖ Ìîñêâà;Âíå ïîäðàçäåëåíèé;RG 0001 247 00 01;Ðåãèñòðàöèÿ ïî ÁÏ;Ðåã.;247;Ðåãèñòðàöèÿ;äîñüå;0;AUTO
ÎÑÖ Ìîñêâà;Àðõèâ ¹1 Òîìèëèíî;RG 0001 247 00 01;Ðåãèñòðàöèÿ ïî ÁÏ;Ðåã.;247;Ðåãèñòðàöèÿ;äîñüå;0;AUTO
ÎÑÖ Íèæíèé Íîâãîðîä;Âíå ïîäðàçäåëåíèé;RG 0001 247 00 01;Ðåãèñòðàöèÿ ïî ÁÏ;Ðåã.;247;Ðåãèñòðàöèÿ;äîñüå;0;AUTO
ÎÑÖ Íèæíèé Íîâãîðîä;Àðõèâ ¹1 Íèæíèé Íîâãîðîä;RG 0001 247 00 01;Ðåãèñòðàöèÿ ïî ÁÏ;Ðåã.;247;Ðåãèñòðàöèÿ;äîñüå;0;AUTO
ÎÑÖ Íîâîñèáèðñê;Âíå ïîäðàçäåëåíèé;RG 0001 247 00 01;Ðåãèñòðàöèÿ ïî ÁÏ;Ðåã.;247;Ðåãèñòðàöèÿ;äîñüå;0;AUTO
ÎÑÖ Íîâîñèáèðñê;Àðõèâ ¹1 Íîâîñèáèðñê;RG 0001 247 00 01;Ðåãèñòðàöèÿ ïî ÁÏ;Ðåã.;247;Ðåãèñòðàöèÿ;äîñüå;0;AUTO
ÎÑÖ Íîâîñèáèðñê;Àðõèâ ¹3 Åêàòåðèíáóðã;RG 0001 247 00 01;Ðåãèñòðàöèÿ ïî ÁÏ;Ðåã.;247;Ðåãèñòðàöèÿ;äîñüå;0;AUTO
ÎÑÖ Ñàìàðà;Âíå ïîäðàçäåëåíèé;RG 0001 247 00 01;Ðåãèñòðàöèÿ ïî ÁÏ;Ðåã.;247;Ðåãèñòðàöèÿ;äîñüå;0;AUTO
ÎÑÖ Ñàìàðà;Àðõèâ ¹1 Ñàìàðà;RG 0001 247 00 01;Ðåãèñòðàöèÿ ïî ÁÏ;Ðåã.;247;Ðåãèñòðàöèÿ;äîñüå;0;AUTO
ÎÑÖ Âîðîíåæ;Âíå ïîäðàçäåëåíèé;RG 0001 264 00 01;Ðåãèñòðàöèÿ ïî ÁÏ;Ðåã.;264;Ðåãèñòðàöèÿ;äîñüå;0;AUTO
ÎÑÖ Âîðîíåæ;Àðõèâ ¹1 Âîðîíåæ;RG 0001 264 00 01;Ðåãèñòðàöèÿ ïî ÁÏ;Ðåã.;264;Ðåãèñòðàöèÿ;äîñüå;0;AUTO
ÎÑÖ Âîðîíåæ;Àðõèâ ¹3 Êàëèíèíãðàä;RG 0001 264 00 01;Ðåãèñòðàöèÿ ïî ÁÏ;Ðåã.;264;Ðåãèñòðàöèÿ;äîñüå;0;AUTO
ÎÑÖ Âîðîíåæ;Àðõèâ ¹4 Ñàíêò-Ïåòåðáóðã;RG 0001 264 00 01;Ðåãèñòðàöèÿ ïî ÁÏ;Ðåã.;264;Ðåãèñòðàöèÿ;äîñüå;0;AUTO
ÎÑÖ Ìîñêâà;Âíå ïîäðàçäåëåíèé;RG 0001 264 00 01;Ðåãèñòðàöèÿ ïî ÁÏ;Ðåã.;264;Ðåãèñòðàöèÿ;äîñüå;0;AUTO
ÎÑÖ Ìîñêâà;Àðõèâ ¹1 Òîìèëèíî;RG 0001 264 00 01;Ðåãèñòðàöèÿ ïî ÁÏ;Ðåã.;264;Ðåãèñòðàöèÿ;äîñüå;0;AUTO
ÎÑÖ Íèæíèé Íîâãîðîä;Âíå ïîäðàçäåëåíèé;RG 0001 264 00 01;Ðåãèñòðàöèÿ ïî ÁÏ;Ðåã.;264;Ðåãèñòðàöèÿ;äîñüå;0;AUTO
ÎÑÖ Íèæíèé Íîâãîðîä;Àðõèâ ¹1 Íèæíèé Íîâãîðîä;RG 0001 264 00 01;Ðåãèñòðàöèÿ ïî ÁÏ;Ðåã.;264;Ðåãèñòðàöèÿ;äîñüå;0;AUTO
ÎÑÖ Íîâîñèáèðñê;Âíå ïîäðàçäåëåíèé;RG 0001 264 00 01;Ðåãèñòðàöèÿ ïî ÁÏ;Ðåã.;264;Ðåãèñòðàöèÿ;äîñüå;0;AUTO
ÎÑÖ Íîâîñèáèðñê;Àðõèâ ¹1 Íîâîñèáèðñê;RG 0001 264 00 01;Ðåãèñòðàöèÿ ïî ÁÏ;Ðåã.;264;Ðåãèñòðàöèÿ;äîñüå;0;AUTO
ÎÑÖ Íîâîñèáèðñê;Àðõèâ ¹3 Åêàòåðèíáóðã;RG 0001 264 00 01;Ðåãèñòðàöèÿ ïî ÁÏ;Ðåã.;264;Ðåãèñòðàöèÿ;äîñüå;0;AUTO
ÎÑÖ Ñàìàðà;Âíå ïîäðàçäåëåíèé;RG 0001 264 00 01;Ðåãèñòðàöèÿ ïî ÁÏ;Ðåã.;264;Ðåãèñòðàöèÿ;äîñüå;0;AUTO
ÎÑÖ Ñàìàðà;Àðõèâ ¹1 Ñàìàðà;RG 0001 264 00 01;Ðåãèñòðàöèÿ ïî ÁÏ;Ðåã.;264;Ðåãèñòðàöèÿ;äîñüå;0;AUTO
ÎÑÖ Âîðîíåæ;Âíå ïîäðàçäåëåíèé;RG 0001 245 00 01;Ðåãèñòðàöèÿ ïî ÁÏ;Ðåã.;245;Ðåãèñòðàöèÿ;äîñüå;0;AUTO
ÎÑÖ Âîðîíåæ;Àðõèâ ¹1 Âîðîíåæ;RG 0001 245 00 01;Ðåãèñòðàöèÿ ïî ÁÏ;Ðåã.;245;Ðåãèñòðàöèÿ;äîñüå;0;AUTO
ÎÑÖ Âîðîíåæ;Àðõèâ ¹3 Êàëèíèíãðàä;RG 0001 245 00 01;Ðåãèñòðàöèÿ ïî ÁÏ;Ðåã.;245;Ðåãèñòðàöèÿ;äîñüå;0;AUTO
ÎÑÖ Âîðîíåæ;Àðõèâ ¹4 Ñàíêò-Ïåòåðáóðã;RG 0001 245 00 01;Ðåãèñòðàöèÿ ïî ÁÏ;Ðåã.;245;Ðåãèñòðàöèÿ;äîñüå;0;AUTO
ÎÑÖ Ìîñêâà;Âíå ïîäðàçäåëåíèé;RG 0001 245 00 01;Ðåãèñòðàöèÿ ïî ÁÏ;Ðåã.;245;Ðåãèñòðàöèÿ;äîñüå;0;AUTO
ÎÑÖ Ìîñêâà;Àðõèâ ¹1 Òîìèëèíî;RG 0001 245 00 01;Ðåãèñòðàöèÿ ïî ÁÏ;Ðåã.;245;Ðåãèñòðàöèÿ;äîñüå;0;AUTO
ÎÑÖ Íèæíèé Íîâãîðîä;Âíå ïîäðàçäåëåíèé;RG 0001 245 00 01;Ðåãèñòðàöèÿ ïî ÁÏ;Ðåã.;245;Ðåãèñòðàöèÿ;äîñüå;0;AUTO
ÎÑÖ Íèæíèé Íîâãîðîä;Àðõèâ ¹1 Íèæíèé Íîâãîðîä;RG 0001 245 00 01;Ðåãèñòðàöèÿ ïî ÁÏ;Ðåã.;245;Ðåãèñòðàöèÿ;äîñüå;0;AUTO
ÎÑÖ Íîâîñèáèðñê;Âíå ïîäðàçäåëåíèé;RG 0001 245 00 01;Ðåãèñòðàöèÿ ïî ÁÏ;Ðåã.;245;Ðåãèñòðàöèÿ;äîñüå;0;AUTO
ÎÑÖ Íîâîñèáèðñê;Àðõèâ ¹1 Íîâîñèáèðñê;RG 0001 245 00 01;Ðåãèñòðàöèÿ ïî ÁÏ;Ðåã.;245;Ðåãèñòðàöèÿ;äîñüå;0;AUTO
ÎÑÖ Íîâîñèáèðñê;Àðõèâ ¹3 Åêàòåðèíáóðã;RG 0001 245 00 01;Ðåãèñòðàöèÿ ïî ÁÏ;Ðåã.;245;Ðåãèñòðàöèÿ;äîñüå;0;AUTO
ÎÑÖ Ñàìàðà;Âíå ïîäðàçäåëåíèé;RG 0001 245 00 01;Ðåãèñòðàöèÿ ïî ÁÏ;Ðåã.;245;Ðåãèñòðàöèÿ;äîñüå;0;AUTO
ÎÑÖ Ñàìàðà;Àðõèâ ¹1 Ñàìàðà;RG 0001 245 00 01;Ðåãèñòðàöèÿ ïî ÁÏ;Ðåã.;245;Ðåãèñòðàöèÿ;äîñüå;0;AUTO
ÎÑÖ Âîðîíåæ;Âíå ïîäðàçäåëåíèé;RG 0001 098 00 01;Ðåãèñòðàöèÿ ïî ÁÏ;Ðåã.;98;Ðåãèñòðàöèÿ;äîñüå;0;AUTO
ÎÑÖ Âîðîíåæ;Àðõèâ ¹1 Âîðîíåæ;RG 0001 098 00 01;Ðåãèñòðàöèÿ ïî ÁÏ;Ðåã.;98;Ðåãèñòðàöèÿ;äîñüå;0;AUTO
ÎÑÖ Âîðîíåæ;Àðõèâ ¹3 Êàëèíèíãðàä;RG 0001 098 00 01;Ðåãèñòðàöèÿ ïî ÁÏ;Ðåã.;98;Ðåãèñòðàöèÿ;äîñüå;0;AUTO
ÎÑÖ Âîðîíåæ;Àðõèâ ¹4 Ñàíêò-Ïåòåðáóðã;RG 0001 098 00 01;Ðåãèñòðàöèÿ ïî ÁÏ;Ðåã.;98;Ðåãèñòðàöèÿ;äîñüå;0;AUTO
ÎÑÖ Ìîñêâà;Âíå ïîäðàçäåëåíèé;RG 0001 098 00 01;Ðåãèñòðàöèÿ ïî ÁÏ;Ðåã.;98;Ðåãèñòðàöèÿ;äîñüå;0;AUTO
ÎÑÖ Ìîñêâà;Àðõèâ ¹1 Òîìèëèíî;RG 0001 098 00 01;Ðåãèñòðàöèÿ ïî ÁÏ;Ðåã.;98;Ðåãèñòðàöèÿ;äîñüå;0;AUTO
ÎÑÖ Íèæíèé Íîâãîðîä;Âíå ïîäðàçäåëåíèé;RG 0001 098 00 01;Ðåãèñòðàöèÿ ïî ÁÏ;Ðåã.;98;Ðåãèñòðàöèÿ;äîñüå;0;AUTO
ÎÑÖ Íèæíèé Íîâãîðîä;Àðõèâ ¹1 Íèæíèé Íîâãîðîä;RG 0001 098 00 01;Ðåãèñòðàöèÿ ïî ÁÏ;Ðåã.;98;Ðåãèñòðàöèÿ;äîñüå;0;AUTO
ÎÑÖ Íîâîñèáèðñê;Âíå ïîäðàçäåëåíèé;RG 0001 098 00 01;Ðåãèñòðàöèÿ ïî ÁÏ;Ðåã.;98;Ðåãèñòðàöèÿ;äîñüå;0;AUTO
ÎÑÖ Íîâîñèáèðñê;Àðõèâ ¹1 Íîâîñèáèðñê;RG 0001 098 00 01;Ðåãèñòðàöèÿ ïî ÁÏ;Ðåã.;98;Ðåãèñòðàöèÿ;äîñüå;60;AUTO
ÎÑÖ Íîâîñèáèðñê;Àðõèâ ¹3 Åêàòåðèíáóðã;RG 0001 098 00 01;Ðåãèñòðàöèÿ ïî ÁÏ;Ðåã.;98;Ðåãèñòðàöèÿ;äîñüå;60;AUTO
ÎÑÖ Ñàìàðà;Âíå ïîäðàçäåëåíèé;RG 0001 098 00 01;Ðåãèñòðàöèÿ ïî ÁÏ;Ðåã.;98;Ðåãèñòðàöèÿ;äîñüå;0;AUTO
ÎÑÖ Ñàìàðà;Àðõèâ ¹1 Ñàìàðà;RG 0001 098 00 01;Ðåãèñòðàöèÿ ïî ÁÏ;Ðåã.;98;Ðåãèñòðàöèÿ;äîñüå;0;AUTO
ÎÑÖ Âîðîíåæ;Âíå ïîäðàçäåëåíèé;RG 0001 235 00 01;Ðåãèñòðàöèÿ ïî ÁÏ;Ðåã.;235;Ðåãèñòðàöèÿ;äîñüå;0;AUTO
ÎÑÖ Âîðîíåæ;Àðõèâ ¹1 Âîðîíåæ;RG 0001 235 00 01;Ðåãèñòðàöèÿ ïî ÁÏ;Ðåã.;235;Ðåãèñòðàöèÿ;äîñüå;0;AUTO
ÎÑÖ Âîðîíåæ;Àðõèâ ¹3 Êàëèíèíãðàä;RG 0001 235 00 01;Ðåãèñòðàöèÿ ïî ÁÏ;Ðåã.;235;Ðåãèñòðàöèÿ;äîñüå;0;AUTO
ÎÑÖ Âîðîíåæ;Àðõèâ ¹4 Ñàíêò-Ïåòåðáóðã;RG 0001 235 00 01;Ðåãèñòðàöèÿ ïî ÁÏ;Ðåã.;235;Ðåãèñòðàöèÿ;äîñüå;0;AUTO
ÎÑÖ Ìîñêâà;Âíå ïîäðàçäåëåíèé;RG 0001 235 00 01;Ðåãèñòðàöèÿ ïî ÁÏ;Ðåã.;235;Ðåãèñòðàöèÿ;äîñüå;0;AUTO
ÎÑÖ Ìîñêâà;Àðõèâ ¹1 Òîìèëèíî;RG 0001 235 00 01;Ðåãèñòðàöèÿ ïî ÁÏ;Ðåã.;235;Ðåãèñòðàöèÿ;äîñüå;0;AUTO
ÎÑÖ Íèæíèé Íîâãîðîä;Âíå ïîäðàçäåëåíèé;RG 0001 235 00 01;Ðåãèñòðàöèÿ ïî ÁÏ;Ðåã.;235;Ðåãèñòðàöèÿ;äîñüå;0;AUTO
ÎÑÖ Íèæíèé Íîâãîðîä;Àðõèâ ¹1 Íèæíèé Íîâãîðîä;RG 0001 235 00 01;Ðåãèñòðàöèÿ ïî ÁÏ;Ðåã.;235;Ðåãèñòðàöèÿ;äîñüå;0;AUTO
ÎÑÖ Íîâîñèáèðñê;Âíå ïîäðàçäåëåíèé;RG 0001 235 00 01;Ðåãèñòðàöèÿ ïî ÁÏ;Ðåã.;235;Ðåãèñòðàöèÿ;äîñüå;0;AUTO
ÎÑÖ Íîâîñèáèðñê;Àðõèâ ¹1 Íîâîñèáèðñê;RG 0001 235 00 01;Ðåãèñòðàöèÿ ïî ÁÏ;Ðåã.;235;Ðåãèñòðàöèÿ;äîñüå;0;AUTO
ÎÑÖ Íîâîñèáèðñê;Àðõèâ ¹3 Åêàòåðèíáóðã;RG 0001 235 00 01;Ðåãèñòðàöèÿ ïî ÁÏ;Ðåã.;235;Ðåãèñòðàöèÿ;äîñüå;0;AUTO
ÎÑÖ Ñàìàðà;Âíå ïîäðàçäåëåíèé;RG 0001 235 00 01;Ðåãèñòðàöèÿ ïî ÁÏ;Ðåã.;235;Ðåãèñòðàöèÿ;äîñüå;0;AUTO
ÎÑÖ Ñàìàðà;Àðõèâ ¹1 Ñàìàðà;RG 0001 235 00 01;Ðåãèñòðàöèÿ ïî ÁÏ;Ðåã.;235;Ðåãèñòðàöèÿ;äîñüå;0;AUTO
ÎÑÖ Âîðîíåæ;Âíå ïîäðàçäåëåíèé;RG 0001 223 00 01;Ðåãèñòðàöèÿ ïî ÁÏ;Ðåã.;223;Ðåãèñòðàöèÿ;äîñüå;0;AUTO
ÎÑÖ Âîðîíåæ;Àðõèâ ¹1 Âîðîíåæ;RG 0001 223 00 01;Ðåãèñòðàöèÿ ïî ÁÏ;Ðåã.;223;Ðåãèñòðàöèÿ;äîñüå;0;AUTO
ÎÑÖ Âîðîíåæ;Àðõèâ ¹3 Êàëèíèíãðàä;RG 0001 223 00 01;Ðåãèñòðàöèÿ ïî ÁÏ;Ðåã.;223;Ðåãèñòðàöèÿ;äîñüå;0;AUTO
ÎÑÖ Âîðîíåæ;Àðõèâ ¹4 Ñàíêò-Ïåòåðáóðã;RG 0001 223 00 01;Ðåãèñòðàöèÿ ïî ÁÏ;Ðåã.;223;Ðåãèñòðàöèÿ;äîñüå;0;AUTO
ÎÑÖ Ìîñêâà;Âíå ïîäðàçäåëåíèé;RG 0001 223 00 01;Ðåãèñòðàöèÿ ïî ÁÏ;Ðåã.;223;Ðåãèñòðàöèÿ;äîñüå;0;AUTO
ÎÑÖ Ìîñêâà;Àðõèâ ¹1 Òîìèëèíî;RG 0001 223 00 01;Ðåãèñòðàöèÿ ïî ÁÏ;Ðåã.;223;Ðåãèñòðàöèÿ;äîñüå;34,191;AUTO
ÎÑÖ Íèæíèé Íîâãîðîä;Âíå ïîäðàçäåëåíèé;RG 0001 223 00 01;Ðåãèñòðàöèÿ ïî ÁÏ;Ðåã.;223;Ðåãèñòðàöèÿ;äîñüå;0;AUTO
ÎÑÖ Íèæíèé Íîâãîðîä;Àðõèâ ¹1 Íèæíèé Íîâãîðîä;RG 0001 223 00 01;Ðåãèñòðàöèÿ ïî ÁÏ;Ðåã.;223;Ðåãèñòðàöèÿ;äîñüå;0;AUTO
ÎÑÖ Íîâîñèáèðñê;Âíå ïîäðàçäåëåíèé;RG 0001 223 00 01;Ðåãèñòðàöèÿ ïî ÁÏ;Ðåã.;223;Ðåãèñòðàöèÿ;äîñüå;0;AUTO
ÎÑÖ Íîâîñèáèðñê;Àðõèâ ¹1 Íîâîñèáèðñê;RG 0001 223 00 01;Ðåãèñòðàöèÿ ïî ÁÏ;Ðåã.;223;Ðåãèñòðàöèÿ;äîñüå;0;AUTO
ÎÑÖ Íîâîñèáèðñê;Àðõèâ ¹3 Åêàòåðèíáóðã;RG 0001 223 00 01;Ðåãèñòðàöèÿ ïî ÁÏ;Ðåã.;223;Ðåãèñòðàöèÿ;äîñüå;0;AUTO
ÎÑÖ Ñàìàðà;Âíå ïîäðàçäåëåíèé;RG 0001 223 00 01;Ðåãèñòðàöèÿ ïî ÁÏ;Ðåã.;223;Ðåãèñòðàöèÿ;äîñüå;0;AUTO
ÎÑÖ Ñàìàðà;Àðõèâ ¹1 Ñàìàðà;RG 0001 223 00 01;Ðåãèñòðàöèÿ ïî ÁÏ;Ðåã.;223;Ðåãèñòðàöèÿ;äîñüå;0;AUTO
ÎÑÖ Âîðîíåæ;Âíå ïîäðàçäåëåíèé;RG 0001 224 00 01;Ðåãèñòðàöèÿ ïî ÁÏ;Ðåã.;224;Ðåãèñòðàöèÿ;äîñüå;0;AUTO
ÎÑÖ Âîðîíåæ;Àðõèâ ¹1 Âîðîíåæ;RG 0001 224 00 01;Ðåãèñòðàöèÿ ïî ÁÏ;Ðåã.;224;Ðåãèñòðàöèÿ;äîñüå;0;AUTO
ÎÑÖ Âîðîíåæ;Àðõèâ ¹3 Êàëèíèíãðàä;RG 0001 224 00 01;Ðåãèñòðàöèÿ ïî ÁÏ;Ðåã.;224;Ðåãèñòðàöèÿ;äîñüå;0;AUTO
ÎÑÖ Âîðîíåæ;Àðõèâ ¹4 Ñàíêò-Ïåòåðáóðã;RG 0001 224 00 01;Ðåãèñòðàöèÿ ïî ÁÏ;Ðåã.;224;Ðåãèñòðàöèÿ;äîñüå;0;AUTO
ÎÑÖ Ìîñêâà;Âíå ïîäðàçäåëåíèé;RG 0001 224 00 01;Ðåãèñòðàöèÿ ïî ÁÏ;Ðåã.;224;Ðåãèñòðàöèÿ;äîñüå;0;AUTO
ÎÑÖ Ìîñêâà;Àðõèâ ¹1 Òîìèëèíî;RG 0001 224 00 01;Ðåãèñòðàöèÿ ïî ÁÏ;Ðåã.;224;Ðåãèñòðàöèÿ;äîñüå;0;AUTO
ÎÑÖ Íèæíèé Íîâãîðîä;Âíå ïîäðàçäåëåíèé;RG 0001 224 00 01;Ðåãèñòðàöèÿ ïî ÁÏ;Ðåã.;224;Ðåãèñòðàöèÿ;äîñüå;0;AUTO
ÎÑÖ Íèæíèé Íîâãîðîä;Àðõèâ ¹1 Íèæíèé Íîâãîðîä;RG 0001 224 00 01;Ðåãèñòðàöèÿ ïî ÁÏ;Ðåã.;224;Ðåãèñòðàöèÿ;äîñüå;0;AUTO
ÎÑÖ Íîâîñèáèðñê;Âíå ïîäðàçäåëåíèé;RG 0001 224 00 01;Ðåãèñòðàöèÿ ïî ÁÏ;Ðåã.;224;Ðåãèñòðàöèÿ;äîñüå;0;AUTO
ÎÑÖ Íîâîñèáèðñê;Àðõèâ ¹1 Íîâîñèáèðñê;RG 0001 224 00 01;Ðåãèñòðàöèÿ ïî ÁÏ;Ðåã.;224;Ðåãèñòðàöèÿ;äîñüå;0;AUTO
ÎÑÖ Íîâîñèáèðñê;Àðõèâ ¹3 Åêàòåðèíáóðã;RG 0001 224 00 01;Ðåãèñòðàöèÿ ïî ÁÏ;Ðåã.;224;Ðåãèñòðàöèÿ;äîñüå;0;AUTO
ÎÑÖ Ñàìàðà;Âíå ïîäðàçäåëåíèé;RG 0001 224 00 01;Ðåãèñòðàöèÿ ïî ÁÏ;Ðåã.;224;Ðåãèñòðàöèÿ;äîñüå;0;AUTO
ÎÑÖ Ñàìàðà;Àðõèâ ¹1 Ñàìàðà;RG 0001 224 00 01;Ðåãèñòðàöèÿ ïî ÁÏ;Ðåã.;224;Ðåãèñòðàöèÿ;äîñüå;0;AUTO
ÎÑÖ Âîðîíåæ;Âíå ïîäðàçäåëåíèé;RG 0001 225 00 01;Ðåãèñòðàöèÿ ïî ÁÏ;Ðåã.;225;Ðåãèñòðàöèÿ;äîñüå;0;AUTO
ÎÑÖ Âîðîíåæ;Àðõèâ ¹1 Âîðîíåæ;RG 0001 225 00 01;Ðåãèñòðàöèÿ ïî ÁÏ;Ðåã.;225;Ðåãèñòðàöèÿ;äîñüå;0;AUTO
ÎÑÖ Âîðîíåæ;Àðõèâ ¹3 Êàëèíèíãðàä;RG 0001 225 00 01;Ðåãèñòðàöèÿ ïî ÁÏ;Ðåã.;225;Ðåãèñòðàöèÿ;äîñüå;0;AUTO
ÎÑÖ Âîðîíåæ;Àðõèâ ¹4 Ñàíêò-Ïåòåðáóðã;RG 0001 225 00 01;Ðåãèñòðàöèÿ ïî ÁÏ;Ðåã.;225;Ðåãèñòðàöèÿ;äîñüå;0;AUTO
ÎÑÖ Ìîñêâà;Âíå ïîäðàçäåëåíèé;RG 0001 225 00 01;Ðåãèñòðàöèÿ ïî ÁÏ;Ðåã.;225;Ðåãèñòðàöèÿ;äîñüå;0;AUTO
ÎÑÖ Ìîñêâà;Àðõèâ ¹1 Òîìèëèíî;RG 0001 225 00 01;Ðåãèñòðàöèÿ ïî ÁÏ;Ðåã.;225;Ðåãèñòðàöèÿ;äîñüå;34,191;AUTO
ÎÑÖ Íèæíèé Íîâãîðîä;Âíå ïîäðàçäåëåíèé;RG 0001 225 00 01;Ðåãèñòðàöèÿ ïî ÁÏ;Ðåã.;225;Ðåãèñòðàöèÿ;äîñüå;0;AUTO
ÎÑÖ Íèæíèé Íîâãîðîä;Àðõèâ ¹1 Íèæíèé Íîâãîðîä;RG 0001 225 00 01;Ðåãèñòðàöèÿ ïî ÁÏ;Ðåã.;225;Ðåãèñòðàöèÿ;äîñüå;0;AUTO
ÎÑÖ Íîâîñèáèðñê;Âíå ïîäðàçäåëåíèé;RG 0001 225 00 01;Ðåãèñòðàöèÿ ïî ÁÏ;Ðåã.;225;Ðåãèñòðàöèÿ;äîñüå;0;AUTO
ÎÑÖ Íîâîñèáèðñê;Àðõèâ ¹1 Íîâîñèáèðñê;RG 0001 225 00 01;Ðåãèñòðàöèÿ ïî ÁÏ;Ðåã.;225;Ðåãèñòðàöèÿ;äîñüå;0;AUTO
ÎÑÖ Íîâîñèáèðñê;Àðõèâ ¹3 Åêàòåðèíáóðã;RG 0001 225 00 01;Ðåãèñòðàöèÿ ïî ÁÏ;Ðåã.;225;Ðåãèñòðàöèÿ;äîñüå;0;AUTO
ÎÑÖ Ñàìàðà;Âíå ïîäðàçäåëåíèé;RG 0001 225 00 01;Ðåãèñòðàöèÿ ïî ÁÏ;Ðåã.;225;Ðåãèñòðàöèÿ;äîñüå;0;AUTO
ÎÑÖ Ñàìàðà;Àðõèâ ¹1 Ñàìàðà;RG 0001 225 00 01;Ðåãèñòðàöèÿ ïî ÁÏ;Ðåã.;225;Ðåãèñòðàöèÿ;äîñüå;0;AUTO
ÎÑÖ Âîðîíåæ;Âíå ïîäðàçäåëåíèé;RG 0001 226 00 01;Ðåãèñòðàöèÿ ïî ÁÏ;Ðåã.;226;Ðåãèñòðàöèÿ;äîñüå;0;AUTO
ÎÑÖ Âîðîíåæ;Àðõèâ ¹1 Âîðîíåæ;RG 0001 226 00 01;Ðåãèñòðàöèÿ ïî ÁÏ;Ðåã.;226;Ðåãèñòðàöèÿ;äîñüå;0;AUTO
ÎÑÖ Âîðîíåæ;Àðõèâ ¹3 Êàëèíèíãðàä;RG 0001 226 00 01;Ðåãèñòðàöèÿ ïî ÁÏ;Ðåã.;226;Ðåãèñòðàöèÿ;äîñüå;0;AUTO
ÎÑÖ Âîðîíåæ;Àðõèâ ¹4 Ñàíêò-Ïåòåðáóðã;RG 0001 226 00 01;Ðåãèñòðàöèÿ ïî ÁÏ;Ðåã.;226;Ðåãèñòðàöèÿ;äîñüå;0;AUTO
ÎÑÖ Ìîñêâà;Âíå ïîäðàçäåëåíèé;RG 0001 226 00 01;Ðåãèñòðàöèÿ ïî ÁÏ;Ðåã.;226;Ðåãèñòðàöèÿ;äîñüå;0;AUTO
ÎÑÖ Ìîñêâà;Àðõèâ ¹1 Òîìèëèíî;RG 0001 226 00 01;Ðåãèñòðàöèÿ ïî ÁÏ;Ðåã.;226;Ðåãèñòðàöèÿ;äîñüå;34,191;AUTO
ÎÑÖ Íèæíèé Íîâãîðîä;Âíå ïîäðàçäåëåíèé;RG 0001 226 00 01;Ðåãèñòðàöèÿ ïî ÁÏ;Ðåã.;226;Ðåãèñòðàöèÿ;äîñüå;0;AUTO
ÎÑÖ Íèæíèé Íîâãîðîä;Àðõèâ ¹1 Íèæíèé Íîâãîðîä;RG 0001 226 00 01;Ðåãèñòðàöèÿ ïî ÁÏ;Ðåã.;226;Ðåãèñòðàöèÿ;äîñüå;0;AUTO
ÎÑÖ Íîâîñèáèðñê;Âíå ïîäðàçäåëåíèé;RG 0001 226 00 01;Ðåãèñòðàöèÿ ïî ÁÏ;Ðåã.;226;Ðåãèñòðàöèÿ;äîñüå;0;AUTO
ÎÑÖ Íîâîñèáèðñê;Àðõèâ ¹1 Íîâîñèáèðñê;RG 0001 226 00 01;Ðåãèñòðàöèÿ ïî ÁÏ;Ðåã.;226;Ðåãèñòðàöèÿ;äîñüå;0;AUTO
ÎÑÖ Íîâîñèáèðñê;Àðõèâ ¹3 Åêàòåðèíáóðã;RG 0001 226 00 01;Ðåãèñòðàöèÿ ïî ÁÏ;Ðåã.;226;Ðåãèñòðàöèÿ;äîñüå;0;AUTO
ÎÑÖ Ñàìàðà;Âíå ïîäðàçäåëåíèé;RG 0001 226 00 01;Ðåãèñòðàöèÿ ïî ÁÏ;Ðåã.;226;Ðåãèñòðàöèÿ;äîñüå;0;AUTO
ÎÑÖ Ñàìàðà;Àðõèâ ¹1 Ñàìàðà;RG 0001 226 00 01;Ðåãèñòðàöèÿ ïî ÁÏ;Ðåã.;226;Ðåãèñòðàöèÿ;äîñüå;0;AUTO
ÎÑÖ Âîðîíåæ;Âíå ïîäðàçäåëåíèé;RG 0001 227 00 01;Ðåãèñòðàöèÿ ïî ÁÏ;Ðåã.;227;Ðåãèñòðàöèÿ;äîñüå;0;AUTO
ÎÑÖ Âîðîíåæ;Àðõèâ ¹1 Âîðîíåæ;RG 0001 227 00 01;Ðåãèñòðàöèÿ ïî ÁÏ;Ðåã.;227;Ðåãèñòðàöèÿ;äîñüå;0;AUTO
ÎÑÖ Âîðîíåæ;Àðõèâ ¹3 Êàëèíèíãðàä;RG 0001 227 00 01;Ðåãèñòðàöèÿ ïî ÁÏ;Ðåã.;227;Ðåãèñòðàöèÿ;äîñüå;0;AUTO
ÎÑÖ Âîðîíåæ;Àðõèâ ¹4 Ñàíêò-Ïåòåðáóðã;RG 0001 227 00 01;Ðåãèñòðàöèÿ ïî ÁÏ;Ðåã.;227;Ðåãèñòðàöèÿ;äîñüå;0;AUTO
ÎÑÖ Ìîñêâà;Âíå ïîäðàçäåëåíèé;RG 0001 227 00 01;Ðåãèñòðàöèÿ ïî ÁÏ;Ðåã.;227;Ðåãèñòðàöèÿ;äîñüå;0;AUTO
ÎÑÖ Ìîñêâà;Àðõèâ ¹1 Òîìèëèíî;RG 0001 227 00 01;Ðåãèñòðàöèÿ ïî ÁÏ;Ðåã.;227;Ðåãèñòðàöèÿ;äîñüå;0;AUTO
ÎÑÖ Íèæíèé Íîâãîðîä;Âíå ïîäðàçäåëåíèé;RG 0001 227 00 01;Ðåãèñòðàöèÿ ïî ÁÏ;Ðåã.;227;Ðåãèñòðàöèÿ;äîñüå;0;AUTO
ÎÑÖ Íèæíèé Íîâãîðîä;Àðõèâ ¹1 Íèæíèé Íîâãîðîä;RG 0001 227 00 01;Ðåãèñòðàöèÿ ïî ÁÏ;Ðåã.;227;Ðåãèñòðàöèÿ;äîñüå;0;AUTO
ÎÑÖ Íîâîñèáèðñê;Âíå ïîäðàçäåëåíèé;RG 0001 227 00 01;Ðåãèñòðàöèÿ ïî ÁÏ;Ðåã.;227;Ðåãèñòðàöèÿ;äîñüå;0;AUTO
ÎÑÖ Íîâîñèáèðñê;Àðõèâ ¹1 Íîâîñèáèðñê;RG 0001 227 00 01;Ðåãèñòðàöèÿ ïî ÁÏ;Ðåã.;227;Ðåãèñòðàöèÿ;äîñüå;0;AUTO
ÎÑÖ Íîâîñèáèðñê;Àðõèâ ¹3 Åêàòåðèíáóðã;RG 0001 227 00 01;Ðåãèñòðàöèÿ ïî ÁÏ;Ðåã.;227;Ðåãèñòðàöèÿ;äîñüå;0;AUTO
ÎÑÖ Ñàìàðà;Âíå ïîäðàçäåëåíèé;RG 0001 227 00 01;Ðåãèñòðàöèÿ ïî ÁÏ;Ðåã.;227;Ðåãèñòðàöèÿ;äîñüå;0;AUTO
ÎÑÖ Ñàìàðà;Àðõèâ ¹1 Ñàìàðà;RG 0001 227 00 01;Ðåãèñòðàöèÿ ïî ÁÏ;Ðåã.;227;Ðåãèñòðàöèÿ;äîñüå;0;AUTO
ÎÑÖ Âîðîíåæ;Âíå ïîäðàçäåëåíèé;RG 0001 228 00 01;Ðåãèñòðàöèÿ ïî ÁÏ;Ðåã.;228;Ðåãèñòðàöèÿ;äîñüå;0;AUTO
ÎÑÖ Âîðîíåæ;Àðõèâ ¹1 Âîðîíåæ;RG 0001 228 00 01;Ðåãèñòðàöèÿ ïî ÁÏ;Ðåã.;228;Ðåãèñòðàöèÿ;äîñüå;0;AUTO
ÎÑÖ Âîðîíåæ;Àðõèâ ¹3 Êàëèíèíãðàä;RG 0001 228 00 01;Ðåãèñòðàöèÿ ïî ÁÏ;Ðåã.;228;Ðåãèñòðàöèÿ;äîñüå;0;AUTO
ÎÑÖ Âîðîíåæ;Àðõèâ ¹4 Ñàíêò-Ïåòåðáóðã;RG 0001 228 00 01;Ðåãèñòðàöèÿ ïî ÁÏ;Ðåã.;228;Ðåãèñòðàöèÿ;äîñüå;0;AUTO
ÎÑÖ Ìîñêâà;Âíå ïîäðàçäåëåíèé;RG 0001 228 00 01;Ðåãèñòðàöèÿ ïî ÁÏ;Ðåã.;228;Ðåãèñòðàöèÿ;äîñüå;0;AUTO
ÎÑÖ Ìîñêâà;Àðõèâ ¹1 Òîìèëèíî;RG 0001 228 00 01;Ðåãèñòðàöèÿ ïî ÁÏ;Ðåã.;228;Ðåãèñòðàöèÿ;äîñüå;0;AUTO
ÎÑÖ Íèæíèé Íîâãîðîä;Âíå ïîäðàçäåëåíèé;RG 0001 228 00 01;Ðåãèñòðàöèÿ ïî ÁÏ;Ðåã.;228;Ðåãèñòðàöèÿ;äîñüå;0;AUTO
ÎÑÖ Íèæíèé Íîâãîðîä;Àðõèâ ¹1 Íèæíèé Íîâãîðîä;RG 0001 228 00 01;Ðåãèñòðàöèÿ ïî ÁÏ;Ðåã.;228;Ðåãèñòðàöèÿ;äîñüå;0;AUTO
ÎÑÖ Íîâîñèáèðñê;Âíå ïîäðàçäåëåíèé;RG 0001 228 00 01;Ðåãèñòðàöèÿ ïî ÁÏ;Ðåã.;228;Ðåãèñòðàöèÿ;äîñüå;0;AUTO
ÎÑÖ Íîâîñèáèðñê;Àðõèâ ¹1 Íîâîñèáèðñê;RG 0001 228 00 01;Ðåãèñòðàöèÿ ïî ÁÏ;Ðåã.;228;Ðåãèñòðàöèÿ;äîñüå;0;AUTO
ÎÑÖ Íîâîñèáèðñê;Àðõèâ ¹3 Åêàòåðèíáóðã;RG 0001 228 00 01;Ðåãèñòðàöèÿ ïî ÁÏ;Ðåã.;228;Ðåãèñòðàöèÿ;äîñüå;0;AUTO
ÎÑÖ Ñàìàðà;Âíå ïîäðàçäåëåíèé;RG 0001 228 00 01;Ðåãèñòðàöèÿ ïî ÁÏ;Ðåã.;228;Ðåãèñòðàöèÿ;äîñüå;0;AUTO
ÎÑÖ Ñàìàðà;Àðõèâ ¹1 Ñàìàðà;RG 0001 228 00 01;Ðåãèñòðàöèÿ ïî ÁÏ;Ðåã.;228;Ðåãèñòðàöèÿ;äîñüå;0;AUTO
ÎÑÖ Âîðîíåæ;Âíå ïîäðàçäåëåíèé;RG 0001 229 00 01;Ðåãèñòðàöèÿ ïî ÁÏ;Ðåã.;229;Ðåãèñòðàöèÿ;äîñüå;0;AUTO
ÎÑÖ Âîðîíåæ;Àðõèâ ¹1 Âîðîíåæ;RG 0001 229 00 01;Ðåãèñòðàöèÿ ïî ÁÏ;Ðåã.;229;Ðåãèñòðàöèÿ;äîñüå;0;AUTO
ÎÑÖ Âîðîíåæ;Àðõèâ ¹3 Êàëèíèíãðàä;RG 0001 229 00 01;Ðåãèñòðàöèÿ ïî ÁÏ;Ðåã.;229;Ðåãèñòðàöèÿ;äîñüå;0;AUTO
ÎÑÖ Âîðîíåæ;Àðõèâ ¹4 Ñàíêò-Ïåòåðáóðã;RG 0001 229 00 01;Ðåãèñòðàöèÿ ïî ÁÏ;Ðåã.;229;Ðåãèñòðàöèÿ;äîñüå;0;AUTO
ÎÑÖ Ìîñêâà;Âíå ïîäðàçäåëåíèé;RG 0001 229 00 01;Ðåãèñòðàöèÿ ïî ÁÏ;Ðåã.;229;Ðåãèñòðàöèÿ;äîñüå;0;AUTO
ÎÑÖ Ìîñêâà;Àðõèâ ¹1 Òîìèëèíî;RG 0001 229 00 01;Ðåãèñòðàöèÿ ïî ÁÏ;Ðåã.;229;Ðåãèñòðàöèÿ;äîñüå;34,191;AUTO
ÎÑÖ Íèæíèé Íîâãîðîä;Âíå ïîäðàçäåëåíèé;RG 0001 229 00 01;Ðåãèñòðàöèÿ ïî ÁÏ;Ðåã.;229;Ðåãèñòðàöèÿ;äîñüå;0;AUTO
ÎÑÖ Íèæíèé Íîâãîðîä;Àðõèâ ¹1 Íèæíèé Íîâãîðîä;RG 0001 229 00 01;Ðåãèñòðàöèÿ ïî ÁÏ;Ðåã.;229;Ðåãèñòðàöèÿ;äîñüå;0;AUTO
ÎÑÖ Íîâîñèáèðñê;Âíå ïîäðàçäåëåíèé;RG 0001 229 00 01;Ðåãèñòðàöèÿ ïî ÁÏ;Ðåã.;229;Ðåãèñòðàöèÿ;äîñüå;0;AUTO
ÎÑÖ Íîâîñèáèðñê;Àðõèâ ¹1 Íîâîñèáèðñê;RG 0001 229 00 01;Ðåãèñòðàöèÿ ïî ÁÏ;Ðåã.;229;Ðåãèñòðàöèÿ;äîñüå;0;AUTO
ÎÑÖ Íîâîñèáèðñê;Àðõèâ ¹3 Åêàòåðèíáóðã;RG 0001 229 00 01;Ðåãèñòðàöèÿ ïî ÁÏ;Ðåã.;229;Ðåãèñòðàöèÿ;äîñüå;0;AUTO
ÎÑÖ Ñàìàðà;Âíå ïîäðàçäåëåíèé;RG 0001 229 00 01;Ðåãèñòðàöèÿ ïî ÁÏ;Ðåã.;229;Ðåãèñòðàöèÿ;äîñüå;0;AUTO
ÎÑÖ Ñàìàðà;Àðõèâ ¹1 Ñàìàðà;RG 0001 229 00 01;Ðåãèñòðàöèÿ ïî ÁÏ;Ðåã.;229;Ðåãèñòðàöèÿ;äîñüå;0;AUTO
ÎÑÖ Âîðîíåæ;Âíå ïîäðàçäåëåíèé;RG 0001 230 00 01;Ðåãèñòðàöèÿ ïî ÁÏ;Ðåã.;230;Ðåãèñòðàöèÿ;äîñüå;0;AUTO
ÎÑÖ Âîðîíåæ;Àðõèâ ¹1 Âîðîíåæ;RG 0001 230 00 01;Ðåãèñòðàöèÿ ïî ÁÏ;Ðåã.;230;Ðåãèñòðàöèÿ;äîñüå;0;AUTO
ÎÑÖ Âîðîíåæ;Àðõèâ ¹3 Êàëèíèíãðàä;RG 0001 230 00 01;Ðåãèñòðàöèÿ ïî ÁÏ;Ðåã.;230;Ðåãèñòðàöèÿ;äîñüå;0;AUTO
ÎÑÖ Âîðîíåæ;Àðõèâ ¹4 Ñàíêò-Ïåòåðáóðã;RG 0001 230 00 01;Ðåãèñòðàöèÿ ïî ÁÏ;Ðåã.;230;Ðåãèñòðàöèÿ;äîñüå;0;AUTO
ÎÑÖ Ìîñêâà;Âíå ïîäðàçäåëåíèé;RG 0001 230 00 01;Ðåãèñòðàöèÿ ïî ÁÏ;Ðåã.;230;Ðåãèñòðàöèÿ;äîñüå;0;AUTO
ÎÑÖ Ìîñêâà;Àðõèâ ¹1 Òîìèëèíî;RG 0001 230 00 01;Ðåãèñòðàöèÿ ïî ÁÏ;Ðåã.;230;Ðåãèñòðàöèÿ;äîñüå;0;AUTO
ÎÑÖ Íèæíèé Íîâãîðîä;Âíå ïîäðàçäåëåíèé;RG 0001 230 00 01;Ðåãèñòðàöèÿ ïî ÁÏ;Ðåã.;230;Ðåãèñòðàöèÿ;äîñüå;0;AUTO
ÎÑÖ Íèæíèé Íîâãîðîä;Àðõèâ ¹1 Íèæíèé Íîâãîðîä;RG 0001 230 00 01;Ðåãèñòðàöèÿ ïî ÁÏ;Ðåã.;230;Ðåãèñòðàöèÿ;äîñüå;0;AUTO
ÎÑÖ Íîâîñèáèðñê;Âíå ïîäðàçäåëåíèé;RG 0001 230 00 01;Ðåãèñòðàöèÿ ïî ÁÏ;Ðåã.;230;Ðåãèñòðàöèÿ;äîñüå;0;AUTO
ÎÑÖ Íîâîñèáèðñê;Àðõèâ ¹1 Íîâîñèáèðñê;RG 0001 230 00 01;Ðåãèñòðàöèÿ ïî ÁÏ;Ðåã.;230;Ðåãèñòðàöèÿ;äîñüå;0;AUTO
ÎÑÖ Íîâîñèáèðñê;Àðõèâ ¹3 Åêàòåðèíáóðã;RG 0001 230 00 01;Ðåãèñòðàöèÿ ïî ÁÏ;Ðåã.;230;Ðåãèñòðàöèÿ;äîñüå;0;AUTO
ÎÑÖ Ñàìàðà;Âíå ïîäðàçäåëåíèé;RG 0001 230 00 01;Ðåãèñòðàöèÿ ïî ÁÏ;Ðåã.;230;Ðåãèñòðàöèÿ;äîñüå;0;AUTO
ÎÑÖ Ñàìàðà;Àðõèâ ¹1 Ñàìàðà;RG 0001 230 00 01;Ðåãèñòðàöèÿ ïî ÁÏ;Ðåã.;230;Ðåãèñòðàöèÿ;äîñüå;0;AUTO
ÎÑÖ Âîðîíåæ;Âíå ïîäðàçäåëåíèé;RG 0001 255 00 01;Ðåãèñòðàöèÿ ïî ÁÏ;Ðåã.;255;Ðåãèñòðàöèÿ;äîñüå;0;AUTO
ÎÑÖ Âîðîíåæ;Àðõèâ ¹1 Âîðîíåæ;RG 0001 255 00 01;Ðåãèñòðàöèÿ ïî ÁÏ;Ðåã.;255;Ðåãèñòðàöèÿ;äîñüå;0;AUTO
ÎÑÖ Âîðîíåæ;Àðõèâ ¹3 Êàëèíèíãðàä;RG 0001 255 00 01;Ðåãèñòðàöèÿ ïî ÁÏ;Ðåã.;255;Ðåãèñòðàöèÿ;äîñüå;0;AUTO
ÎÑÖ Âîðîíåæ;Àðõèâ ¹4 Ñàíêò-Ïåòåðáóðã;RG 0001 255 00 01;Ðåãèñòðàöèÿ ïî ÁÏ;Ðåã.;255;Ðåãèñòðàöèÿ;äîñüå;0;AUTO
ÎÑÖ Ìîñêâà;Âíå ïîäðàçäåëåíèé;RG 0001 255 00 01;Ðåãèñòðàöèÿ ïî ÁÏ;Ðåã.;255;Ðåãèñòðàöèÿ;äîñüå;0;AUTO
ÎÑÖ Ìîñêâà;Àðõèâ ¹1 Òîìèëèíî;RG 0001 255 00 01;Ðåãèñòðàöèÿ ïî ÁÏ;Ðåã.;255;Ðåãèñòðàöèÿ;äîñüå;0;AUTO
ÎÑÖ Íèæíèé Íîâãîðîä;Âíå ïîäðàçäåëåíèé;RG 0001 255 00 01;Ðåãèñòðàöèÿ ïî ÁÏ;Ðåã.;255;Ðåãèñòðàöèÿ;äîñüå;0;AUTO
ÎÑÖ Íèæíèé Íîâãîðîä;Àðõèâ ¹1 Íèæíèé Íîâãîðîä;RG 0001 255 00 01;Ðåãèñòðàöèÿ ïî ÁÏ;Ðåã.;255;Ðåãèñòðàöèÿ;äîñüå;0;AUTO
ÎÑÖ Íîâîñèáèðñê;Âíå ïîäðàçäåëåíèé;RG 0001 255 00 01;Ðåãèñòðàöèÿ ïî ÁÏ;Ðåã.;255;Ðåãèñòðàöèÿ;äîñüå;0;AUTO
ÎÑÖ Íîâîñèáèðñê;Àðõèâ ¹1 Íîâîñèáèðñê;RG 0001 255 00 01;Ðåãèñòðàöèÿ ïî ÁÏ;Ðåã.;255;Ðåãèñòðàöèÿ;äîñüå;0;AUTO
ÎÑÖ Íîâîñèáèðñê;Àðõèâ ¹3 Åêàòåðèíáóðã;RG 0001 255 00 01;Ðåãèñòðàöèÿ ïî ÁÏ;Ðåã.;255;Ðåãèñòðàöèÿ;äîñüå;0;AUTO
ÎÑÖ Ñàìàðà;Âíå ïîäðàçäåëåíèé;RG 0001 255 00 01;Ðåãèñòðàöèÿ ïî ÁÏ;Ðåã.;255;Ðåãèñòðàöèÿ;äîñüå;0;AUTO
ÎÑÖ Ñàìàðà;Àðõèâ ¹1 Ñàìàðà;RG 0001 255 00 01;Ðåãèñòðàöèÿ ïî ÁÏ;Ðåã.;255;Ðåãèñòðàöèÿ;äîñüå;0;AUTO
ÎÑÖ Âîðîíåæ;Âíå ïîäðàçäåëåíèé;RG 0001 260 00 01;Ðåãèñòðàöèÿ ïî ÁÏ;Ðåã.;260;Ðåãèñòðàöèÿ;äîñüå;0;AUTO
ÎÑÖ Âîðîíåæ;Àðõèâ ¹1 Âîðîíåæ;RG 0001 260 00 01;Ðåãèñòðàöèÿ ïî ÁÏ;Ðåã.;260;Ðåãèñòðàöèÿ;äîñüå;0;AUTO
ÎÑÖ Âîðîíåæ;Àðõèâ ¹3 Êàëèíèíãðàä;RG 0001 260 00 01;Ðåãèñòðàöèÿ ïî ÁÏ;Ðåã.;260;Ðåãèñòðàöèÿ;äîñüå;0;AUTO
ÎÑÖ Âîðîíåæ;Àðõèâ ¹4 Ñàíêò-Ïåòåðáóðã;RG 0001 260 00 01;Ðåãèñòðàöèÿ ïî ÁÏ;Ðåã.;260;Ðåãèñòðàöèÿ;äîñüå;0;AUTO
ÎÑÖ Ìîñêâà;Âíå ïîäðàçäåëåíèé;RG 0001 260 00 01;Ðåãèñòðàöèÿ ïî ÁÏ;Ðåã.;260;Ðåãèñòðàöèÿ;äîñüå;0;AUTO
ÎÑÖ Ìîñêâà;Àðõèâ ¹1 Òîìèëèíî;RG 0001 260 00 01;Ðåãèñòðàöèÿ ïî ÁÏ;Ðåã.;260;Ðåãèñòðàöèÿ;äîñüå;61,667;AUTO
ÎÑÖ Íèæíèé Íîâãîðîä;Âíå ïîäðàçäåëåíèé;RG 0001 260 00 01;Ðåãèñòðàöèÿ ïî ÁÏ;Ðåã.;260;Ðåãèñòðàöèÿ;äîñüå;0;AUTO
ÎÑÖ Íèæíèé Íîâãîðîä;Àðõèâ ¹1 Íèæíèé Íîâãîðîä;RG 0001 260 00 01;Ðåãèñòðàöèÿ ïî ÁÏ;Ðåã.;260;Ðåãèñòðàöèÿ;äîñüå;0;AUTO
ÎÑÖ Íîâîñèáèðñê;Âíå ïîäðàçäåëåíèé;RG 0001 260 00 01;Ðåãèñòðàöèÿ ïî ÁÏ;Ðåã.;260;Ðåãèñòðàöèÿ;äîñüå;0;AUTO
ÎÑÖ Íîâîñèáèðñê;Àðõèâ ¹1 Íîâîñèáèðñê;RG 0001 260 00 01;Ðåãèñòðàöèÿ ïî ÁÏ;Ðåã.;260;Ðåãèñòðàöèÿ;äîñüå;0;AUTO
ÎÑÖ Íîâîñèáèðñê;Àðõèâ ¹3 Åêàòåðèíáóðã;RG 0001 260 00 01;Ðåãèñòðàöèÿ ïî ÁÏ;Ðåã.;260;Ðåãèñòðàöèÿ;äîñüå;0;AUTO
ÎÑÖ Ñàìàðà;Âíå ïîäðàçäåëåíèé;RG 0001 260 00 01;Ðåãèñòðàöèÿ ïî ÁÏ;Ðåã.;260;Ðåãèñòðàöèÿ;äîñüå;0;AUTO
ÎÑÖ Ñàìàðà;Àðõèâ ¹1 Ñàìàðà;RG 0001 260 00 01;Ðåãèñòðàöèÿ ïî ÁÏ;Ðåã.;260;Ðåãèñòðàöèÿ;äîñüå;0;AUTO
ÎÑÖ Âîðîíåæ;Âíå ïîäðàçäåëåíèé;RG 0001 266 00 01;Ðåãèñòðàöèÿ ïî ÁÏ;Ðåã.;266;Ðåãèñòðàöèÿ;äîñüå;0;AUTO
ÎÑÖ Âîðîíåæ;Àðõèâ ¹1 Âîðîíåæ;RG 0001 266 00 01;Ðåãèñòðàöèÿ ïî ÁÏ;Ðåã.;266;Ðåãèñòðàöèÿ;äîñüå;0;AUTO
ÎÑÖ Âîðîíåæ;Àðõèâ ¹3 Êàëèíèíãðàä;RG 0001 266 00 01;Ðåãèñòðàöèÿ ïî ÁÏ;Ðåã.;266;Ðåãèñòðàöèÿ;äîñüå;0;AUTO
ÎÑÖ Âîðîíåæ;Àðõèâ ¹4 Ñàíêò-Ïåòåðáóðã;RG 0001 266 00 01;Ðåãèñòðàöèÿ ïî ÁÏ;Ðåã.;266;Ðåãèñòðàöèÿ;äîñüå;0;AUTO
ÎÑÖ Ìîñêâà;Âíå ïîäðàçäåëåíèé;RG 0001 266 00 01;Ðåãèñòðàöèÿ ïî ÁÏ;Ðåã.;266;Ðåãèñòðàöèÿ;äîñüå;0;AUTO
ÎÑÖ Ìîñêâà;Àðõèâ ¹1 Òîìèëèíî;RG 0001 266 00 01;Ðåãèñòðàöèÿ ïî ÁÏ;Ðåã.;266;Ðåãèñòðàöèÿ;äîñüå;0;AUTO
ÎÑÖ Íèæíèé Íîâãîðîä;Âíå ïîäðàçäåëåíèé;RG 0001 266 00 01;Ðåãèñòðàöèÿ ïî ÁÏ;Ðåã.;266;Ðåãèñòðàöèÿ;äîñüå;0;AUTO
ÎÑÖ Íèæíèé Íîâãîðîä;Àðõèâ ¹1 Íèæíèé Íîâãîðîä;RG 0001 266 00 01;Ðåãèñòðàöèÿ ïî ÁÏ;Ðåã.;266;Ðåãèñòðàöèÿ;äîñüå;0;AUTO
ÎÑÖ Íîâîñèáèðñê;Âíå ïîäðàçäåëåíèé;RG 0001 266 00 01;Ðåãèñòðàöèÿ ïî ÁÏ;Ðåã.;266;Ðåãèñòðàöèÿ;äîñüå;0;AUTO
ÎÑÖ Íîâîñèáèðñê;Àðõèâ ¹1 Íîâîñèáèðñê;RG 0001 266 00 01;Ðåãèñòðàöèÿ ïî ÁÏ;Ðåã.;266;Ðåãèñòðàöèÿ;äîñüå;0;AUTO
ÎÑÖ Íîâîñèáèðñê;Àðõèâ ¹3 Åêàòåðèíáóðã;RG 0001 266 00 01;Ðåãèñòðàöèÿ ïî ÁÏ;Ðåã.;266;Ðåãèñòðàöèÿ;äîñüå;0;AUTO
ÎÑÖ Ñàìàðà;Âíå ïîäðàçäåëåíèé;RG 0001 266 00 01;Ðåãèñòðàöèÿ ïî ÁÏ;Ðåã.;266;Ðåãèñòðàöèÿ;äîñüå;0;AUTO
ÎÑÖ Ñàìàðà;Àðõèâ ¹1 Ñàìàðà;RG 0001 266 00 01;Ðåãèñòðàöèÿ ïî ÁÏ;Ðåã.;266;Ðåãèñòðàöèÿ;äîñüå;0;AUTO
ÎÑÖ Âîðîíåæ;Âíå ïîäðàçäåëåíèé;RG 0001 222 00 01;Ðåãèñòðàöèÿ ïî ÁÏ;Ðåã.;222;Ðåãèñòðàöèÿ;äîñüå;0;AUTO
ÎÑÖ Âîðîíåæ;Àðõèâ ¹1 Âîðîíåæ;RG 0001 222 00 01;Ðåãèñòðàöèÿ ïî ÁÏ;Ðåã.;222;Ðåãèñòðàöèÿ;äîñüå;24;AUTO
ÎÑÖ Âîðîíåæ;Àðõèâ ¹3 Êàëèíèíãðàä;RG 0001 222 00 01;Ðåãèñòðàöèÿ ïî ÁÏ;Ðåã.;222;Ðåãèñòðàöèÿ;äîñüå;24,576;AUTO
ÎÑÖ Âîðîíåæ;Àðõèâ ¹4 Ñàíêò-Ïåòåðáóðã;RG 0001 222 00 01;Ðåãèñòðàöèÿ ïî ÁÏ;Ðåã.;222;Ðåãèñòðàöèÿ;äîñüå;26;AUTO
ÎÑÖ Ìîñêâà;Âíå ïîäðàçäåëåíèé;RG 0001 222 00 01;Ðåãèñòðàöèÿ ïî ÁÏ;Ðåã.;222;Ðåãèñòðàöèÿ;äîñüå;0;AUTO
ÎÑÖ Ìîñêâà;Àðõèâ ¹1 Òîìèëèíî;RG 0001 222 00 01;Ðåãèñòðàöèÿ ïî ÁÏ;Ðåã.;222;Ðåãèñòðàöèÿ;äîñüå;26,5;AUTO
ÎÑÖ Íèæíèé Íîâãîðîä;Âíå ïîäðàçäåëåíèé;RG 0001 222 00 01;Ðåãèñòðàöèÿ ïî ÁÏ;Ðåã.;222;Ðåãèñòðàöèÿ;äîñüå;0;AUTO
ÎÑÖ Íèæíèé Íîâãîðîä;Àðõèâ ¹1 Íèæíèé Íîâãîðîä;RG 0001 222 00 01;Ðåãèñòðàöèÿ ïî ÁÏ;Ðåã.;222;Ðåãèñòðàöèÿ;äîñüå;25,011;AUTO
ÎÑÖ Íîâîñèáèðñê;Âíå ïîäðàçäåëåíèé;RG 0001 222 00 01;Ðåãèñòðàöèÿ ïî ÁÏ;Ðåã.;222;Ðåãèñòðàöèÿ;äîñüå;0;AUTO
ÎÑÖ Íîâîñèáèðñê;Àðõèâ ¹1 Íîâîñèáèðñê;RG 0001 222 00 01;Ðåãèñòðàöèÿ ïî ÁÏ;Ðåã.;222;Ðåãèñòðàöèÿ;äîñüå;26,125;AUTO
ÎÑÖ Íîâîñèáèðñê;Àðõèâ ¹3 Åêàòåðèíáóðã;RG 0001 222 00 01;Ðåãèñòðàöèÿ ïî ÁÏ;Ðåã.;222;Ðåãèñòðàöèÿ;äîñüå;25,267;AUTO
ÎÑÖ Ñàìàðà;Âíå ïîäðàçäåëåíèé;RG 0001 222 00 01;Ðåãèñòðàöèÿ ïî ÁÏ;Ðåã.;222;Ðåãèñòðàöèÿ;äîñüå;0;AUTO
ÎÑÖ Ñàìàðà;Àðõèâ ¹1 Ñàìàðà;RG 0001 222 00 01;Ðåãèñòðàöèÿ ïî ÁÏ;Ðåã.;222;Ðåãèñòðàöèÿ;äîñüå;26;AUTO
ÎÑÖ Âîðîíåæ;Âíå ïîäðàçäåëåíèé;RG 0001 246 00 01;Ðåãèñòðàöèÿ ïî ÁÏ;Ðåã.;246;Ðåãèñòðàöèÿ;äîñüå;0;AUTO
ÎÑÖ Âîðîíåæ;Àðõèâ ¹1 Âîðîíåæ;RG 0001 246 00 01;Ðåãèñòðàöèÿ ïî ÁÏ;Ðåã.;246;Ðåãèñòðàöèÿ;äîñüå;0;AUTO
ÎÑÖ Âîðîíåæ;Àðõèâ ¹3 Êàëèíèíãðàä;RG 0001 246 00 01;Ðåãèñòðàöèÿ ïî ÁÏ;Ðåã.;246;Ðåãèñòðàöèÿ;äîñüå;0;AUTO
ÎÑÖ Âîðîíåæ;Àðõèâ ¹4 Ñàíêò-Ïåòåðáóðã;RG 0001 246 00 01;Ðåãèñòðàöèÿ ïî ÁÏ;Ðåã.;246;Ðåãèñòðàöèÿ;äîñüå;0;AUTO
ÎÑÖ Ìîñêâà;Âíå ïîäðàçäåëåíèé;RG 0001 246 00 01;Ðåãèñòðàöèÿ ïî ÁÏ;Ðåã.;246;Ðåãèñòðàöèÿ;äîñüå;0;AUTO
ÎÑÖ Ìîñêâà;Àðõèâ ¹1 Òîìèëèíî;RG 0001 246 00 01;Ðåãèñòðàöèÿ ïî ÁÏ;Ðåã.;246;Ðåãèñòðàöèÿ;äîñüå;0;AUTO
ÎÑÖ Íèæíèé Íîâãîðîä;Âíå ïîäðàçäåëåíèé;RG 0001 246 00 01;Ðåãèñòðàöèÿ ïî ÁÏ;Ðåã.;246;Ðåãèñòðàöèÿ;äîñüå;0;AUTO
ÎÑÖ Íèæíèé Íîâãîðîä;Àðõèâ ¹1 Íèæíèé Íîâãîðîä;RG 0001 246 00 01;Ðåãèñòðàöèÿ ïî ÁÏ;Ðåã.;246;Ðåãèñòðàöèÿ;äîñüå;0;AUTO
ÎÑÖ Íîâîñèáèðñê;Âíå ïîäðàçäåëåíèé;RG 0001 246 00 01;Ðåãèñòðàöèÿ ïî ÁÏ;Ðåã.;246;Ðåãèñòðàöèÿ;äîñüå;0;AUTO
ÎÑÖ Íîâîñèáèðñê;Àðõèâ ¹1 Íîâîñèáèðñê;RG 0001 246 00 01;Ðåãèñòðàöèÿ ïî ÁÏ;Ðåã.;246;Ðåãèñòðàöèÿ;äîñüå;0;AUTO
ÎÑÖ Íîâîñèáèðñê;Àðõèâ ¹3 Åêàòåðèíáóðã;RG 0001 246 00 01;Ðåãèñòðàöèÿ ïî ÁÏ;Ðåã.;246;Ðåãèñòðàöèÿ;äîñüå;0;AUTO
ÎÑÖ Ñàìàðà;Âíå ïîäðàçäåëåíèé;RG 0001 246 00 01;Ðåãèñòðàöèÿ ïî ÁÏ;Ðåã.;246;Ðåãèñòðàöèÿ;äîñüå;0;AUTO
ÎÑÖ Ñàìàðà;Àðõèâ ¹1 Ñàìàðà;RG 0001 246 00 01;Ðåãèñòðàöèÿ ïî ÁÏ;Ðåã.;246;Ðåãèñòðàöèÿ;äîñüå;0;AUTO
ÎÑÖ Âîðîíåæ;Âíå ïîäðàçäåëåíèé;RG 0001 244 00 01;Ðåãèñòðàöèÿ ïî ÁÏ;Ðåã.;244;Ðåãèñòðàöèÿ;äîñüå;0;AUTO
ÎÑÖ Âîðîíåæ;Àðõèâ ¹1 Âîðîíåæ;RG 0001 244 00 01;Ðåãèñòðàöèÿ ïî ÁÏ;Ðåã.;244;Ðåãèñòðàöèÿ;äîñüå;0;AUTO
ÎÑÖ Âîðîíåæ;Àðõèâ ¹3 Êàëèíèíãðàä;RG 0001 244 00 01;Ðåãèñòðàöèÿ ïî ÁÏ;Ðåã.;244;Ðåãèñòðàöèÿ;äîñüå;0;AUTO
ÎÑÖ Âîðîíåæ;Àðõèâ ¹4 Ñàíêò-Ïåòåðáóðã;RG 0001 244 00 01;Ðåãèñòðàöèÿ ïî ÁÏ;Ðåã.;244;Ðåãèñòðàöèÿ;äîñüå;0;AUTO
ÎÑÖ Ìîñêâà;Âíå ïîäðàçäåëåíèé;RG 0001 244 00 01;Ðåãèñòðàöèÿ ïî ÁÏ;Ðåã.;244;Ðåãèñòðàöèÿ;äîñüå;0;AUTO
ÎÑÖ Ìîñêâà;Àðõèâ ¹1 Òîìèëèíî;RG 0001 244 00 01;Ðåãèñòðàöèÿ ïî ÁÏ;Ðåã.;244;Ðåãèñòðàöèÿ;äîñüå;0;AUTO
ÎÑÖ Íèæíèé Íîâãîðîä;Âíå ïîäðàçäåëåíèé;RG 0001 244 00 01;Ðåãèñòðàöèÿ ïî ÁÏ;Ðåã.;244;Ðåãèñòðàöèÿ;äîñüå;0;AUTO
ÎÑÖ Íèæíèé Íîâãîðîä;Àðõèâ ¹1 Íèæíèé Íîâãîðîä;RG 0001 244 00 01;Ðåãèñòðàöèÿ ïî ÁÏ;Ðåã.;244;Ðåãèñòðàöèÿ;äîñüå;0;AUTO
ÎÑÖ Íîâîñèáèðñê;Âíå ïîäðàçäåëåíèé;RG 0001 244 00 01;Ðåãèñòðàöèÿ ïî ÁÏ;Ðåã.;244;Ðåãèñòðàöèÿ;äîñüå;0;AUTO
ÎÑÖ Íîâîñèáèðñê;Àðõèâ ¹1 Íîâîñèáèðñê;RG 0001 244 00 01;Ðåãèñòðàöèÿ ïî ÁÏ;Ðåã.;244;Ðåãèñòðàöèÿ;äîñüå;0;AUTO
ÎÑÖ Íîâîñèáèðñê;Àðõèâ ¹3 Åêàòåðèíáóðã;RG 0001 244 00 01;Ðåãèñòðàöèÿ ïî ÁÏ;Ðåã.;244;Ðåãèñòðàöèÿ;äîñüå;0;AUTO
ÎÑÖ Ñàìàðà;Âíå ïîäðàçäåëåíèé;RG 0001 244 00 01;Ðåãèñòðàöèÿ ïî ÁÏ;Ðåã.;244;Ðåãèñòðàöèÿ;äîñüå;0;AUTO
ÎÑÖ Ñàìàðà;Àðõèâ ¹1 Ñàìàðà;RG 0001 244 00 01;Ðåãèñòðàöèÿ ïî ÁÏ;Ðåã.;244;Ðåãèñòðàöèÿ;äîñüå;0;AUTO
ÎÑÖ Âîðîíåæ;Âíå ïîäðàçäåëåíèé;RG 0001 242 00 01;Ðåãèñòðàöèÿ ïî ÁÏ;Ðåã.;242;Ðåãèñòðàöèÿ;äîñüå;0;AUTO
ÎÑÖ Âîðîíåæ;Àðõèâ ¹1 Âîðîíåæ;RG 0001 242 00 01;Ðåãèñòðàöèÿ ïî ÁÏ;Ðåã.;242;Ðåãèñòðàöèÿ;äîñüå;0;AUTO
ÎÑÖ Âîðîíåæ;Àðõèâ ¹3 Êàëèíèíãðàä;RG 0001 242 00 01;Ðåãèñòðàöèÿ ïî ÁÏ;Ðåã.;242;Ðåãèñòðàöèÿ;äîñüå;0;AUTO
ÎÑÖ Âîðîíåæ;Àðõèâ ¹4 Ñàíêò-Ïåòåðáóðã;RG 0001 242 00 01;Ðåãèñòðàöèÿ ïî ÁÏ;Ðåã.;242;Ðåãèñòðàöèÿ;äîñüå;0;AUTO
ÎÑÖ Ìîñêâà;Âíå ïîäðàçäåëåíèé;RG 0001 242 00 01;Ðåãèñòðàöèÿ ïî ÁÏ;Ðåã.;242;Ðåãèñòðàöèÿ;äîñüå;0;AUTO
ÎÑÖ Ìîñêâà;Àðõèâ ¹1 Òîìèëèíî;RG 0001 242 00 01;Ðåãèñòðàöèÿ ïî ÁÏ;Ðåã.;242;Ðåãèñòðàöèÿ;äîñüå;0;AUTO
ÎÑÖ Íèæíèé Íîâãîðîä;Âíå ïîäðàçäåëåíèé;RG 0001 242 00 01;Ðåãèñòðàöèÿ ïî ÁÏ;Ðåã.;242;Ðåãèñòðàöèÿ;äîñüå;0;AUTO
ÎÑÖ Íèæíèé Íîâãîðîä;Àðõèâ ¹1 Íèæíèé Íîâãîðîä;RG 0001 242 00 01;Ðåãèñòðàöèÿ ïî ÁÏ;Ðåã.;242;Ðåãèñòðàöèÿ;äîñüå;0;AUTO
ÎÑÖ Íîâîñèáèðñê;Âíå ïîäðàçäåëåíèé;RG 0001 242 00 01;Ðåãèñòðàöèÿ ïî ÁÏ;Ðåã.;242;Ðåãèñòðàöèÿ;äîñüå;0;AUTO
ÎÑÖ Íîâîñèáèðñê;Àðõèâ ¹1 Íîâîñèáèðñê;RG 0001 242 00 01;Ðåãèñòðàöèÿ ïî ÁÏ;Ðåã.;242;Ðåãèñòðàöèÿ;äîñüå;0;AUTO
ÎÑÖ Íîâîñèáèðñê;Àðõèâ ¹3 Åêàòåðèíáóðã;RG 0001 242 00 01;Ðåãèñòðàöèÿ ïî ÁÏ;Ðåã.;242;Ðåãèñòðàöèÿ;äîñüå;0;AUTO
ÎÑÖ Ñàìàðà;Âíå ïîäðàçäåëåíèé;RG 0001 242 00 01;Ðåãèñòðàöèÿ ïî ÁÏ;Ðåã.;242;Ðåãèñòðàöèÿ;äîñüå;0;AUTO
ÎÑÖ Ñàìàðà;Àðõèâ ¹1 Ñàìàðà;RG 0001 242 00 01;Ðåãèñòðàöèÿ ïî ÁÏ;Ðåã.;242;Ðåãèñòðàöèÿ;äîñüå;0;AUTO
ÎÑÖ Âîðîíåæ;Âíå ïîäðàçäåëåíèé;RG 0001 267 00 01;Ðåãèñòðàöèÿ ïî ÁÏ;Ðåã.;267;Ðåãèñòðàöèÿ;äîñüå;0;AUTO
ÎÑÖ Âîðîíåæ;Àðõèâ ¹1 Âîðîíåæ;RG 0001 267 00 01;Ðåãèñòðàöèÿ ïî ÁÏ;Ðåã.;267;Ðåãèñòðàöèÿ;äîñüå;19,011;AUTO
ÎÑÖ Âîðîíåæ;Àðõèâ ¹3 Êàëèíèíãðàä;RG 0001 267 00 01;Ðåãèñòðàöèÿ ïî ÁÏ;Ðåã.;267;Ðåãèñòðàöèÿ;äîñüå;19,686;AUTO
ÎÑÖ Âîðîíåæ;Àðõèâ ¹4 Ñàíêò-Ïåòåðáóðã;RG 0001 267 00 01;Ðåãèñòðàöèÿ ïî ÁÏ;Ðåã.;267;Ðåãèñòðàöèÿ;äîñüå;19,058;AUTO
ÎÑÖ Ìîñêâà;Âíå ïîäðàçäåëåíèé;RG 0001 267 00 01;Ðåãèñòðàöèÿ ïî ÁÏ;Ðåã.;267;Ðåãèñòðàöèÿ;äîñüå;0;AUTO
ÎÑÖ Ìîñêâà;Àðõèâ ¹1 Òîìèëèíî;RG 0001 267 00 01;Ðåãèñòðàöèÿ ïî ÁÏ;Ðåã.;267;Ðåãèñòðàöèÿ;äîñüå;19,236;AUTO
ÎÑÖ Íèæíèé Íîâãîðîä;Âíå ïîäðàçäåëåíèé;RG 0001 267 00 01;Ðåãèñòðàöèÿ ïî ÁÏ;Ðåã.;267;Ðåãèñòðàöèÿ;äîñüå;0;AUTO
ÎÑÖ Íèæíèé Íîâãîðîä;Àðõèâ ¹1 Íèæíèé Íîâãîðîä;RG 0001 267 00 01;Ðåãèñòðàöèÿ ïî ÁÏ;Ðåã.;267;Ðåãèñòðàöèÿ;äîñüå;18,067;AUTO
ÎÑÖ Íîâîñèáèðñê;Âíå ïîäðàçäåëåíèé;RG 0001 267 00 01;Ðåãèñòðàöèÿ ïî ÁÏ;Ðåã.;267;Ðåãèñòðàöèÿ;äîñüå;0;AUTO
ÎÑÖ Íîâîñèáèðñê;Àðõèâ ¹1 Íîâîñèáèðñê;RG 0001 267 00 01;Ðåãèñòðàöèÿ ïî ÁÏ;Ðåã.;267;Ðåãèñòðàöèÿ;äîñüå;18,746;AUTO
ÎÑÖ Íîâîñèáèðñê;Àðõèâ ¹3 Åêàòåðèíáóðã;RG 0001 267 00 01;Ðåãèñòðàöèÿ ïî ÁÏ;Ðåã.;267;Ðåãèñòðàöèÿ;äîñüå;17,805;AUTO
ÎÑÖ Ñàìàðà;Âíå ïîäðàçäåëåíèé;RG 0001 267 00 01;Ðåãèñòðàöèÿ ïî ÁÏ;Ðåã.;267;Ðåãèñòðàöèÿ;äîñüå;0;AUTO
ÎÑÖ Ñàìàðà;Àðõèâ ¹1 Ñàìàðà;RG 0001 267 00 01;Ðåãèñòðàöèÿ ïî ÁÏ;Ðåã.;267;Ðåãèñòðàöèÿ;äîñüå;16,946;AUTO
ÎÑÖ Âîðîíåæ;Âíå ïîäðàçäåëåíèé;RG 0001 268 00 01;Ðåãèñòðàöèÿ ïî ÁÏ;Ðåã.;268;Ðåãèñòðàöèÿ;äîñüå;0;AUTO
ÎÑÖ Âîðîíåæ;Àðõèâ ¹1 Âîðîíåæ;RG 0001 268 00 01;Ðåãèñòðàöèÿ ïî ÁÏ;Ðåã.;268;Ðåãèñòðàöèÿ;äîñüå;12;AUTO
ÎÑÖ Âîðîíåæ;Àðõèâ ¹3 Êàëèíèíãðàä;RG 0001 268 00 01;Ðåãèñòðàöèÿ ïî ÁÏ;Ðåã.;268;Ðåãèñòðàöèÿ;äîñüå;16,026;AUTO
ÎÑÖ Âîðîíåæ;Àðõèâ ¹4 Ñàíêò-Ïåòåðáóðã;RG 0001 268 00 01;Ðåãèñòðàöèÿ ïî ÁÏ;Ðåã.;268;Ðåãèñòðàöèÿ;äîñüå;16,17;AUTO
ÎÑÖ Ìîñêâà;Âíå ïîäðàçäåëåíèé;RG 0001 268 00 01;Ðåãèñòðàöèÿ ïî ÁÏ;Ðåã.;268;Ðåãèñòðàöèÿ;äîñüå;0;AUTO
ÎÑÖ Ìîñêâà;Àðõèâ ¹1 Òîìèëèíî;RG 0001 268 00 01;Ðåãèñòðàöèÿ ïî ÁÏ;Ðåã.;268;Ðåãèñòðàöèÿ;äîñüå;16,25;AUTO
ÎÑÖ Íèæíèé Íîâãîðîä;Âíå ïîäðàçäåëåíèé;RG 0001 268 00 01;Ðåãèñòðàöèÿ ïî ÁÏ;Ðåã.;268;Ðåãèñòðàöèÿ;äîñüå;0;AUTO
ÎÑÖ Íèæíèé Íîâãîðîä;Àðõèâ ¹1 Íèæíèé Íîâãîðîä;RG 0001 268 00 01;Ðåãèñòðàöèÿ ïî ÁÏ;Ðåã.;268;Ðåãèñòðàöèÿ;äîñüå;14,911;AUTO
ÎÑÖ Íîâîñèáèðñê;Âíå ïîäðàçäåëåíèé;RG 0001 268 00 01;Ðåãèñòðàöèÿ ïî ÁÏ;Ðåã.;268;Ðåãèñòðàöèÿ;äîñüå;0;AUTO
ÎÑÖ Íîâîñèáèðñê;Àðõèâ ¹1 Íîâîñèáèðñê;RG 0001 268 00 01;Ðåãèñòðàöèÿ ïî ÁÏ;Ðåã.;268;Ðåãèñòðàöèÿ;äîñüå;16;AUTO
ÎÑÖ Íîâîñèáèðñê;Àðõèâ ¹3 Åêàòåðèíáóðã;RG 0001 268 00 01;Ðåãèñòðàöèÿ ïî ÁÏ;Ðåã.;268;Ðåãèñòðàöèÿ;äîñüå;16,233;AUTO
ÎÑÖ Ñàìàðà;Âíå ïîäðàçäåëåíèé;RG 0001 268 00 01;Ðåãèñòðàöèÿ ïî ÁÏ;Ðåã.;268;Ðåãèñòðàöèÿ;äîñüå;0;AUTO
ÎÑÖ Ñàìàðà;Àðõèâ ¹1 Ñàìàðà;RG 0001 268 00 01;Ðåãèñòðàöèÿ ïî ÁÏ;Ðåã.;268;Ðåãèñòðàöèÿ;äîñüå;13;AUTO
ÎÑÖ Âîðîíåæ;Âíå ïîäðàçäåëåíèé;RG 0001 281 00 01;Ðåãèñòðàöèÿ ïî ÁÏ;Ðåã.;281;Ðåãèñòðàöèÿ;äîñüå;0;AUTO
ÎÑÖ Âîðîíåæ;Àðõèâ ¹1 Âîðîíåæ;RG 0001 281 00 01;Ðåãèñòðàöèÿ ïî ÁÏ;Ðåã.;281;Ðåãèñòðàöèÿ;äîñüå;0;AUTO
ÎÑÖ Âîðîíåæ;Àðõèâ ¹3 Êàëèíèíãðàä;RG 0001 281 00 01;Ðåãèñòðàöèÿ ïî ÁÏ;Ðåã.;281;Ðåãèñòðàöèÿ;äîñüå;0;AUTO
ÎÑÖ Âîðîíåæ;Àðõèâ ¹4 Ñàíêò-Ïåòåðáóðã;RG 0001 281 00 01;Ðåãèñòðàöèÿ ïî ÁÏ;Ðåã.;281;Ðåãèñòðàöèÿ;äîñüå;0;AUTO
ÎÑÖ Ìîñêâà;Âíå ïîäðàçäåëåíèé;RG 0001 281 00 01;Ðåãèñòðàöèÿ ïî ÁÏ;Ðåã.;281;Ðåãèñòðàöèÿ;äîñüå;0;AUTO
ÎÑÖ Ìîñêâà;Àðõèâ ¹1 Òîìèëèíî;RG 0001 281 00 01;Ðåãèñòðàöèÿ ïî ÁÏ;Ðåã.;281;Ðåãèñòðàöèÿ;äîñüå;0;AUTO
ÎÑÖ Íèæíèé Íîâãîðîä;Âíå ïîäðàçäåëåíèé;RG 0001 281 00 01;Ðåãèñòðàöèÿ ïî ÁÏ;Ðåã.;281;Ðåãèñòðàöèÿ;äîñüå;0;AUTO
ÎÑÖ Íèæíèé Íîâãîðîä;Àðõèâ ¹1 Íèæíèé Íîâãîðîä;RG 0001 281 00 01;Ðåãèñòðàöèÿ ïî ÁÏ;Ðåã.;281;Ðåãèñòðàöèÿ;äîñüå;0;AUTO
ÎÑÖ Íîâîñèáèðñê;Âíå ïîäðàçäåëåíèé;RG 0001 281 00 01;Ðåãèñòðàöèÿ ïî ÁÏ;Ðåã.;281;Ðåãèñòðàöèÿ;äîñüå;0;AUTO
ÎÑÖ Íîâîñèáèðñê;Àðõèâ ¹1 Íîâîñèáèðñê;RG 0001 281 00 01;Ðåãèñòðàöèÿ ïî ÁÏ;Ðåã.;281;Ðåãèñòðàöèÿ;äîñüå;0;AUTO
ÎÑÖ Íîâîñèáèðñê;Àðõèâ ¹3 Åêàòåðèíáóðã;RG 0001 281 00 01;Ðåãèñòðàöèÿ ïî ÁÏ;Ðåã.;281;Ðåãèñòðàöèÿ;äîñüå;0;AUTO
ÎÑÖ Ñàìàðà;Âíå ïîäðàçäåëåíèé;RG 0001 281 00 01;Ðåãèñòðàöèÿ ïî ÁÏ;Ðåã.;281;Ðåãèñòðàöèÿ;äîñüå;0;AUTO
ÎÑÖ Ñàìàðà;Àðõèâ ¹1 Ñàìàðà;RG 0001 281 00 01;Ðåãèñòðàöèÿ ïî ÁÏ;Ðåã.;281;Ðåãèñòðàöèÿ;äîñüå;0;AUTO
ÎÑÖ Âîðîíåæ;Âíå ïîäðàçäåëåíèé;RG 0001 293 00 01;Ðåãèñòðàöèÿ ïî ÁÏ;Ðåã.;293;Ðåãèñòðàöèÿ;äîñüå;0;AUTO
ÎÑÖ Âîðîíåæ;Àðõèâ ¹1 Âîðîíåæ;RG 0001 293 00 01;Ðåãèñòðàöèÿ ïî ÁÏ;Ðåã.;293;Ðåãèñòðàöèÿ;äîñüå;0;AUTO
ÎÑÖ Âîðîíåæ;Àðõèâ ¹3 Êàëèíèíãðàä;RG 0001 293 00 01;Ðåãèñòðàöèÿ ïî ÁÏ;Ðåã.;293;Ðåãèñòðàöèÿ;äîñüå;0;AUTO
ÎÑÖ Âîðîíåæ;Àðõèâ ¹4 Ñàíêò-Ïåòåðáóðã;RG 0001 293 00 01;Ðåãèñòðàöèÿ ïî ÁÏ;Ðåã.;293;Ðåãèñòðàöèÿ;äîñüå;0;AUTO
ÎÑÖ Ìîñêâà;Âíå ïîäðàçäåëåíèé;RG 0001 293 00 01;Ðåãèñòðàöèÿ ïî ÁÏ;Ðåã.;293;Ðåãèñòðàöèÿ;äîñüå;0;AUTO
ÎÑÖ Ìîñêâà;Àðõèâ ¹1 Òîìèëèíî;RG 0001 293 00 01;Ðåãèñòðàöèÿ ïî ÁÏ;Ðåã.;293;Ðåãèñòðàöèÿ;äîñüå;0;AUTO
ÎÑÖ Íèæíèé Íîâãîðîä;Âíå ïîäðàçäåëåíèé;RG 0001 293 00 01;Ðåãèñòðàöèÿ ïî ÁÏ;Ðåã.;293;Ðåãèñòðàöèÿ;äîñüå;0;AUTO
ÎÑÖ Íèæíèé Íîâãîðîä;Àðõèâ ¹1 Íèæíèé Íîâãîðîä;RG 0001 293 00 01;Ðåãèñòðàöèÿ ïî ÁÏ;Ðåã.;293;Ðåãèñòðàöèÿ;äîñüå;0;AUTO
ÎÑÖ Íîâîñèáèðñê;Âíå ïîäðàçäåëåíèé;RG 0001 293 00 01;Ðåãèñòðàöèÿ ïî ÁÏ;Ðåã.;293;Ðåãèñòðàöèÿ;äîñüå;0;AUTO
ÎÑÖ Íîâîñèáèðñê;Àðõèâ ¹1 Íîâîñèáèðñê;RG 0001 293 00 01;Ðåãèñòðàöèÿ ïî ÁÏ;Ðåã.;293;Ðåãèñòðàöèÿ;äîñüå;0;AUTO
ÎÑÖ Íîâîñèáèðñê;Àðõèâ ¹3 Åêàòåðèíáóðã;RG 0001 293 00 01;Ðåãèñòðàöèÿ ïî ÁÏ;Ðåã.;293;Ðåãèñòðàöèÿ;äîñüå;0;AUTO
ÎÑÖ Ñàìàðà;Âíå ïîäðàçäåëåíèé;RG 0001 293 00 01;Ðåãèñòðàöèÿ ïî ÁÏ;Ðåã.;293;Ðåãèñòðàöèÿ;äîñüå;0;AUTO
ÎÑÖ Ñàìàðà;Àðõèâ ¹1 Ñàìàðà;RG 0001 293 00 01;Ðåãèñòðàöèÿ ïî ÁÏ;Ðåã.;293;Ðåãèñòðàöèÿ;äîñüå;0;AUTO
ÎÑÖ Âîðîíåæ;Âíå ïîäðàçäåëåíèé;RG 0001 294 00 01;Ðåãèñòðàöèÿ ïî ÁÏ;Ðåã.;294;Ðåãèñòðàöèÿ;äîñüå;0;AUTO
ÎÑÖ Âîðîíåæ;Àðõèâ ¹1 Âîðîíåæ;RG 0001 294 00 01;Ðåãèñòðàöèÿ ïî ÁÏ;Ðåã.;294;Ðåãèñòðàöèÿ;äîñüå;0;AUTO
ÎÑÖ Âîðîíåæ;Àðõèâ ¹3 Êàëèíèíãðàä;RG 0001 294 00 01;Ðåãèñòðàöèÿ ïî ÁÏ;Ðåã.;294;Ðåãèñòðàöèÿ;äîñüå;0;AUTO
ÎÑÖ Âîðîíåæ;Àðõèâ ¹4 Ñàíêò-Ïåòåðáóðã;RG 0001 294 00 01;Ðåãèñòðàöèÿ ïî ÁÏ;Ðåã.;294;Ðåãèñòðàöèÿ;äîñüå;0;AUTO
ÎÑÖ Ìîñêâà;Âíå ïîäðàçäåëåíèé;RG 0001 294 00 01;Ðåãèñòðàöèÿ ïî ÁÏ;Ðåã.;294;Ðåãèñòðàöèÿ;äîñüå;0;AUTO
ÎÑÖ Ìîñêâà;Àðõèâ ¹1 Òîìèëèíî;RG 0001 294 00 01;Ðåãèñòðàöèÿ ïî ÁÏ;Ðåã.;294;Ðåãèñòðàöèÿ;äîñüå;0;AUTO
ÎÑÖ Íèæíèé Íîâãîðîä;Âíå ïîäðàçäåëåíèé;RG 0001 294 00 01;Ðåãèñòðàöèÿ ïî ÁÏ;Ðåã.;294;Ðåãèñòðàöèÿ;äîñüå;0;AUTO
ÎÑÖ Íèæíèé Íîâãîðîä;Àðõèâ ¹1 Íèæíèé Íîâãîðîä;RG 0001 294 00 01;Ðåãèñòðàöèÿ ïî ÁÏ;Ðåã.;294;Ðåãèñòðàöèÿ;äîñüå;0;AUTO
ÎÑÖ Íîâîñèáèðñê;Âíå ïîäðàçäåëåíèé;RG 0001 294 00 01;Ðåãèñòðàöèÿ ïî ÁÏ;Ðåã.;294;Ðåãèñòðàöèÿ;äîñüå;0;AUTO
ÎÑÖ Íîâîñèáèðñê;Àðõèâ ¹1 Íîâîñèáèðñê;RG 0001 294 00 01;Ðåãèñòðàöèÿ ïî ÁÏ;Ðåã.;294;Ðåãèñòðàöèÿ;äîñüå;0;AUTO
ÎÑÖ Íîâîñèáèðñê;Àðõèâ ¹3 Åêàòåðèíáóðã;RG 0001 294 00 01;Ðåãèñòðàöèÿ ïî ÁÏ;Ðåã.;294;Ðåãèñòðàöèÿ;äîñüå;0;AUTO
ÎÑÖ Ñàìàðà;Âíå ïîäðàçäåëåíèé;RG 0001 294 00 01;Ðåãèñòðàöèÿ ïî ÁÏ;Ðåã.;294;Ðåãèñòðàöèÿ;äîñüå;0;AUTO
ÎÑÖ Ñàìàðà;Àðõèâ ¹1 Ñàìàðà;RG 0001 294 00 01;Ðåãèñòðàöèÿ ïî ÁÏ;Ðåã.;294;Ðåãèñòðàöèÿ;äîñüå;0;AUTO
ÎÑÖ Âîðîíåæ;Âíå ïîäðàçäåëåíèé;RG 0001 295 00 01;Ðåãèñòðàöèÿ ïî ÁÏ;Ðåã.;295;Ðåãèñòðàöèÿ;äîñüå;0;AUTO
ÎÑÖ Âîðîíåæ;Àðõèâ ¹1 Âîðîíåæ;RG 0001 295 00 01;Ðåãèñòðàöèÿ ïî ÁÏ;Ðåã.;295;Ðåãèñòðàöèÿ;äîñüå;0;AUTO
ÎÑÖ Âîðîíåæ;Àðõèâ ¹3 Êàëèíèíãðàä;RG 0001 295 00 01;Ðåãèñòðàöèÿ ïî ÁÏ;Ðåã.;295;Ðåãèñòðàöèÿ;äîñüå;0;AUTO
ÎÑÖ Âîðîíåæ;Àðõèâ ¹4 Ñàíêò-Ïåòåðáóðã;RG 0001 295 00 01;Ðåãèñòðàöèÿ ïî ÁÏ;Ðåã.;295;Ðåãèñòðàöèÿ;äîñüå;0;AUTO
ÎÑÖ Ìîñêâà;Âíå ïîäðàçäåëåíèé;RG 0001 295 00 01;Ðåãèñòðàöèÿ ïî ÁÏ;Ðåã.;295;Ðåãèñòðàöèÿ;äîñüå;0;AUTO
ÎÑÖ Ìîñêâà;Àðõèâ ¹1 Òîìèëèíî;RG 0001 295 00 01;Ðåãèñòðàöèÿ ïî ÁÏ;Ðåã.;295;Ðåãèñòðàöèÿ;äîñüå;0;AUTO
ÎÑÖ Íèæíèé Íîâãîðîä;Âíå ïîäðàçäåëåíèé;RG 0001 295 00 01;Ðåãèñòðàöèÿ ïî ÁÏ;Ðåã.;295;Ðåãèñòðàöèÿ;äîñüå;0;AUTO
ÎÑÖ Íèæíèé Íîâãîðîä;Àðõèâ ¹1 Íèæíèé Íîâãîðîä;RG 0001 295 00 01;Ðåãèñòðàöèÿ ïî ÁÏ;Ðåã.;295;Ðåãèñòðàöèÿ;äîñüå;0;AUTO
ÎÑÖ Íîâîñèáèðñê;Âíå ïîäðàçäåëåíèé;RG 0001 295 00 01;Ðåãèñòðàöèÿ ïî ÁÏ;Ðåã.;295;Ðåãèñòðàöèÿ;äîñüå;0;AUTO
ÎÑÖ Íîâîñèáèðñê;Àðõèâ ¹1 Íîâîñèáèðñê;RG 0001 295 00 01;Ðåãèñòðàöèÿ ïî ÁÏ;Ðåã.;295;Ðåãèñòðàöèÿ;äîñüå;0;AUTO
ÎÑÖ Íîâîñèáèðñê;Àðõèâ ¹3 Åêàòåðèíáóðã;RG 0001 295 00 01;Ðåãèñòðàöèÿ ïî ÁÏ;Ðåã.;295;Ðåãèñòðàöèÿ;äîñüå;0;AUTO
ÎÑÖ Ñàìàðà;Âíå ïîäðàçäåëåíèé;RG 0001 295 00 01;Ðåãèñòðàöèÿ ïî ÁÏ;Ðåã.;295;Ðåãèñòðàöèÿ;äîñüå;0;AUTO
ÎÑÖ Ñàìàðà;Àðõèâ ¹1 Ñàìàðà;RG 0001 295 00 01;Ðåãèñòðàöèÿ ïî ÁÏ;Ðåã.;295;Ðåãèñòðàöèÿ;äîñüå;0;AUTO
ÎÑÖ Âîðîíåæ;Âíå ïîäðàçäåëåíèé;RG 0001 007 00 02;Ðåãèñòðàöèÿ ïî ÁÏ;ÂÑÏ;07;Ðåãèñòðàöèÿ;äîñüå;0;AUTO
ÎÑÖ Âîðîíåæ;Àðõèâ ¹1 Âîðîíåæ;RG 0001 007 00 02;Ðåãèñòðàöèÿ ïî ÁÏ;ÂÑÏ;07;Ðåãèñòðàöèÿ;äîñüå;36;AUTO
ÎÑÖ Âîðîíåæ;Àðõèâ ¹3 Êàëèíèíãðàä;RG 0001 007 00 02;Ðåãèñòðàöèÿ ïî ÁÏ;ÂÑÏ;07;Ðåãèñòðàöèÿ;äîñüå;16,473;AUTO
ÎÑÖ Âîðîíåæ;Àðõèâ ¹4 Ñàíêò-Ïåòåðáóðã;RG 0001 007 00 02;Ðåãèñòðàöèÿ ïî ÁÏ;ÂÑÏ;07;Ðåãèñòðàöèÿ;äîñüå;17,894;AUTO
ÎÑÖ Ìîñêâà;Âíå ïîäðàçäåëåíèé;RG 0001 007 00 02;Ðåãèñòðàöèÿ ïî ÁÏ;ÂÑÏ;07;Ðåãèñòðàöèÿ;äîñüå;0;AUTO
ÎÑÖ Ìîñêâà;Àðõèâ ¹1 Òîìèëèíî;RG 0001 007 00 02;Ðåãèñòðàöèÿ ïî ÁÏ;ÂÑÏ;07;Ðåãèñòðàöèÿ;äîñüå;18;AUTO
ÎÑÖ Íèæíèé Íîâãîðîä;Âíå ïîäðàçäåëåíèé;RG 0001 007 00 02;Ðåãèñòðàöèÿ ïî ÁÏ;ÂÑÏ;07;Ðåãèñòðàöèÿ;äîñüå;0;AUTO
ÎÑÖ Íèæíèé Íîâãîðîä;Àðõèâ ¹1 Íèæíèé Íîâãîðîä;RG 0001 007 00 02;Ðåãèñòðàöèÿ ïî ÁÏ;ÂÑÏ;07;Ðåãèñòðàöèÿ;äîñüå;19;AUTO
ÎÑÖ Íîâîñèáèðñê;Âíå ïîäðàçäåëåíèé;RG 0001 007 00 02;Ðåãèñòðàöèÿ ïî ÁÏ;ÂÑÏ;07;Ðåãèñòðàöèÿ;äîñüå;0;AUTO
ÎÑÖ Íîâîñèáèðñê;Àðõèâ ¹1 Íîâîñèáèðñê;RG 0001 007 00 02;Ðåãèñòðàöèÿ ïî ÁÏ;ÂÑÏ;07;Ðåãèñòðàöèÿ;äîñüå;16;AUTO
ÎÑÖ Íîâîñèáèðñê;Àðõèâ ¹3 Åêàòåðèíáóðã;RG 0001 007 00 02;Ðåãèñòðàöèÿ ïî ÁÏ;ÂÑÏ;07;Ðåãèñòðàöèÿ;äîñüå;16;AUTO
ÎÑÖ Ñàìàðà;Âíå ïîäðàçäåëåíèé;RG 0001 007 00 02;Ðåãèñòðàöèÿ ïî ÁÏ;ÂÑÏ;07;Ðåãèñòðàöèÿ;äîñüå;0;AUTO
ÎÑÖ Ñàìàðà;Àðõèâ ¹1 Ñàìàðà;RG 0001 007 00 02;Ðåãèñòðàöèÿ ïî ÁÏ;ÂÑÏ;07;Ðåãèñòðàöèÿ;äîñüå;22;AUTO
ÎÑÖ Âîðîíåæ;Âíå ïîäðàçäåëåíèé;RG 0001 058 00 02;Ðåãèñòðàöèÿ ïî ÁÏ;ÂÑÏ;58;Ðåãèñòðàöèÿ;äîñüå;0;AUTO
ÎÑÖ Âîðîíåæ;Àðõèâ ¹1 Âîðîíåæ;RG 0001 058 00 02;Ðåãèñòðàöèÿ ïî ÁÏ;ÂÑÏ;58;Ðåãèñòðàöèÿ;äîñüå;0;AUTO
ÎÑÖ Âîðîíåæ;Àðõèâ ¹3 Êàëèíèíãðàä;RG 0001 058 00 02;Ðåãèñòðàöèÿ ïî ÁÏ;ÂÑÏ;58;Ðåãèñòðàöèÿ;äîñüå;0;AUTO
ÎÑÖ Âîðîíåæ;Àðõèâ ¹4 Ñàíêò-Ïåòåðáóðã;RG 0001 058 00 02;Ðåãèñòðàöèÿ ïî ÁÏ;ÂÑÏ;58;Ðåãèñòðàöèÿ;äîñüå;18,149;AUTO
ÎÑÖ Ìîñêâà;Âíå ïîäðàçäåëåíèé;RG 0001 058 00 02;Ðåãèñòðàöèÿ ïî ÁÏ;ÂÑÏ;58;Ðåãèñòðàöèÿ;äîñüå;0;AUTO
ÎÑÖ Ìîñêâà;Àðõèâ ¹1 Òîìèëèíî;RG 0001 058 00 02;Ðåãèñòðàöèÿ ïî ÁÏ;ÂÑÏ;58;Ðåãèñòðàöèÿ;äîñüå;25;AUTO
ÎÑÖ Íèæíèé Íîâãîðîä;Âíå ïîäðàçäåëåíèé;RG 0001 058 00 02;Ðåãèñòðàöèÿ ïî ÁÏ;ÂÑÏ;58;Ðåãèñòðàöèÿ;äîñüå;0;AUTO
ÎÑÖ Íèæíèé Íîâãîðîä;Àðõèâ ¹1 Íèæíèé Íîâãîðîä;RG 0001 058 00 02;Ðåãèñòðàöèÿ ïî ÁÏ;ÂÑÏ;58;Ðåãèñòðàöèÿ;äîñüå;0;AUTO
ÎÑÖ Íîâîñèáèðñê;Âíå ïîäðàçäåëåíèé;RG 0001 058 00 02;Ðåãèñòðàöèÿ ïî ÁÏ;ÂÑÏ;58;Ðåãèñòðàöèÿ;äîñüå;0;AUTO
ÎÑÖ Íîâîñèáèðñê;Àðõèâ ¹1 Íîâîñèáèðñê;RG 0001 058 00 02;Ðåãèñòðàöèÿ ïî ÁÏ;ÂÑÏ;58;Ðåãèñòðàöèÿ;äîñüå;0;AUTO
ÎÑÖ Íîâîñèáèðñê;Àðõèâ ¹3 Åêàòåðèíáóðã;RG 0001 058 00 02;Ðåãèñòðàöèÿ ïî ÁÏ;ÂÑÏ;58;Ðåãèñòðàöèÿ;äîñüå;0;AUTO
ÎÑÖ Ñàìàðà;Âíå ïîäðàçäåëåíèé;RG 0001 058 00 02;Ðåãèñòðàöèÿ ïî ÁÏ;ÂÑÏ;58;Ðåãèñòðàöèÿ;äîñüå;0;AUTO
ÎÑÖ Ñàìàðà;Àðõèâ ¹1 Ñàìàðà;RG 0001 058 00 02;Ðåãèñòðàöèÿ ïî ÁÏ;ÂÑÏ;58;Ðåãèñòðàöèÿ;äîñüå;0;AUTO
ÎÑÖ Âîðîíåæ;Âíå ïîäðàçäåëåíèé;RG 0001 028 00 02;Ðåãèñòðàöèÿ ïî ÁÏ;ÂÑÏ;28;Ðåãèñòðàöèÿ;äîñüå;0;AUTO
ÎÑÖ Âîðîíåæ;Àðõèâ ¹1 Âîðîíåæ;RG 0001 028 00 02;Ðåãèñòðàöèÿ ïî ÁÏ;ÂÑÏ;28;Ðåãèñòðàöèÿ;äîñüå;0;AUTO
ÎÑÖ Âîðîíåæ;Àðõèâ ¹3 Êàëèíèíãðàä;RG 0001 028 00 02;Ðåãèñòðàöèÿ ïî ÁÏ;ÂÑÏ;28;Ðåãèñòðàöèÿ;äîñüå;16,113;AUTO
ÎÑÖ Âîðîíåæ;Àðõèâ ¹4 Ñàíêò-Ïåòåðáóðã;RG 0001 028 00 02;Ðåãèñòðàöèÿ ïî ÁÏ;ÂÑÏ;28;Ðåãèñòðàöèÿ;äîñüå;15;AUTO
ÎÑÖ Ìîñêâà;Âíå ïîäðàçäåëåíèé;RG 0001 028 00 02;Ðåãèñòðàöèÿ ïî ÁÏ;ÂÑÏ;28;Ðåãèñòðàöèÿ;äîñüå;0;AUTO
ÎÑÖ Ìîñêâà;Àðõèâ ¹1 Òîìèëèíî;RG 0001 028 00 02;Ðåãèñòðàöèÿ ïî ÁÏ;ÂÑÏ;28;Ðåãèñòðàöèÿ;äîñüå;18;AUTO
ÎÑÖ Íèæíèé Íîâãîðîä;Âíå ïîäðàçäåëåíèé;RG 0001 028 00 02;Ðåãèñòðàöèÿ ïî ÁÏ;ÂÑÏ;28;Ðåãèñòðàöèÿ;äîñüå;0;AUTO
ÎÑÖ Íèæíèé Íîâãîðîä;Àðõèâ ¹1 Íèæíèé Íîâãîðîä;RG 0001 028 00 02;Ðåãèñòðàöèÿ ïî ÁÏ;ÂÑÏ;28;Ðåãèñòðàöèÿ;äîñüå;18,559;AUTO
ÎÑÖ Íîâîñèáèðñê;Âíå ïîäðàçäåëåíèé;RG 0001 028 00 02;Ðåãèñòðàöèÿ ïî ÁÏ;ÂÑÏ;28;Ðåãèñòðàöèÿ;äîñüå;0;AUTO
ÎÑÖ Íîâîñèáèðñê;Àðõèâ ¹1 Íîâîñèáèðñê;RG 0001 028 00 02;Ðåãèñòðàöèÿ ïî ÁÏ;ÂÑÏ;28;Ðåãèñòðàöèÿ;äîñüå;19,1;AUTO
ÎÑÖ Íîâîñèáèðñê;Àðõèâ ¹3 Åêàòåðèíáóðã;RG 0001 028 00 02;Ðåãèñòðàöèÿ ïî ÁÏ;ÂÑÏ;28;Ðåãèñòðàöèÿ;äîñüå;18,567;AUTO
ÎÑÖ Ñàìàðà;Âíå ïîäðàçäåëåíèé;RG 0001 028 00 02;Ðåãèñòðàöèÿ ïî ÁÏ;ÂÑÏ;28;Ðåãèñòðàöèÿ;äîñüå;0;AUTO
ÎÑÖ Ñàìàðà;Àðõèâ ¹1 Ñàìàðà;RG 0001 028 00 02;Ðåãèñòðàöèÿ ïî ÁÏ;ÂÑÏ;28;Ðåãèñòðàöèÿ;äîñüå;17,3;AUTO
ÎÑÖ Âîðîíåæ;Âíå ïîäðàçäåëåíèé;RG 0001 019 00 02;Ðåãèñòðàöèÿ ïî ÁÏ;ÂÑÏ;19;Ðåãèñòðàöèÿ;äîñüå;0;AUTO
ÎÑÖ Âîðîíåæ;Àðõèâ ¹1 Âîðîíåæ;RG 0001 019 00 02;Ðåãèñòðàöèÿ ïî ÁÏ;ÂÑÏ;19;Ðåãèñòðàöèÿ;äîñüå;67;AUTO
ÎÑÖ Âîðîíåæ;Àðõèâ ¹3 Êàëèíèíãðàä;RG 0001 019 00 02;Ðåãèñòðàöèÿ ïî ÁÏ;ÂÑÏ;19;Ðåãèñòðàöèÿ;äîñüå;0;AUTO
ÎÑÖ Âîðîíåæ;Àðõèâ ¹4 Ñàíêò-Ïåòåðáóðã;RG 0001 019 00 02;Ðåãèñòðàöèÿ ïî ÁÏ;ÂÑÏ;19;Ðåãèñòðàöèÿ;äîñüå;57,9;AUTO
ÎÑÖ Ìîñêâà;Âíå ïîäðàçäåëåíèé;RG 0001 019 00 02;Ðåãèñòðàöèÿ ïî ÁÏ;ÂÑÏ;19;Ðåãèñòðàöèÿ;äîñüå;0;AUTO
ÎÑÖ Ìîñêâà;Àðõèâ ¹1 Òîìèëèíî;RG 0001 019 00 02;Ðåãèñòðàöèÿ ïî ÁÏ;ÂÑÏ;19;Ðåãèñòðàöèÿ;äîñüå;63,397;AUTO
ÎÑÖ Íèæíèé Íîâãîðîä;Âíå ïîäðàçäåëåíèé;RG 0001 019 00 02;Ðåãèñòðàöèÿ ïî ÁÏ;ÂÑÏ;19;Ðåãèñòðàöèÿ;äîñüå;0;AUTO
ÎÑÖ Íèæíèé Íîâãîðîä;Àðõèâ ¹1 Íèæíèé Íîâãîðîä;RG 0001 019 00 02;Ðåãèñòðàöèÿ ïî ÁÏ;ÂÑÏ;19;Ðåãèñòðàöèÿ;äîñüå;64;AUTO
ÎÑÖ Íîâîñèáèðñê;Âíå ïîäðàçäåëåíèé;RG 0001 019 00 02;Ðåãèñòðàöèÿ ïî ÁÏ;ÂÑÏ;19;Ðåãèñòðàöèÿ;äîñüå;0;AUTO
ÎÑÖ Íîâîñèáèðñê;Àðõèâ ¹1 Íîâîñèáèðñê;RG 0001 019 00 02;Ðåãèñòðàöèÿ ïî ÁÏ;ÂÑÏ;19;Ðåãèñòðàöèÿ;äîñüå;62,767;AUTO
ÎÑÖ Íîâîñèáèðñê;Àðõèâ ¹3 Åêàòåðèíáóðã;RG 0001 019 00 02;Ðåãèñòðàöèÿ ïî ÁÏ;ÂÑÏ;19;Ðåãèñòðàöèÿ;äîñüå;67,033;AUTO
ÎÑÖ Ñàìàðà;Âíå ïîäðàçäåëåíèé;RG 0001 019 00 02;Ðåãèñòðàöèÿ ïî ÁÏ;ÂÑÏ;19;Ðåãèñòðàöèÿ;äîñüå;0;AUTO
ÎÑÖ Ñàìàðà;Àðõèâ ¹1 Ñàìàðà;RG 0001 019 00 02;Ðåãèñòðàöèÿ ïî ÁÏ;ÂÑÏ;19;Ðåãèñòðàöèÿ;äîñüå;70;AUTO
ÎÑÖ Âîðîíåæ;Âíå ïîäðàçäåëåíèé;RG 0001 243 00 02;Ðåãèñòðàöèÿ ïî ÁÏ;ÂÑÏ;243;Ðåãèñòðàöèÿ;äîñüå;0;AUTO
ÎÑÖ Âîðîíåæ;Àðõèâ ¹1 Âîðîíåæ;RG 0001 243 00 02;Ðåãèñòðàöèÿ ïî ÁÏ;ÂÑÏ;243;Ðåãèñòðàöèÿ;äîñüå;94,1;AUTO
ÎÑÖ Âîðîíåæ;Àðõèâ ¹3 Êàëèíèíãðàä;RG 0001 243 00 02;Ðåãèñòðàöèÿ ïî ÁÏ;ÂÑÏ;243;Ðåãèñòðàöèÿ;äîñüå;0;AUTO
ÎÑÖ Âîðîíåæ;Àðõèâ ¹4 Ñàíêò-Ïåòåðáóðã;RG 0001 243 00 02;Ðåãèñòðàöèÿ ïî ÁÏ;ÂÑÏ;243;Ðåãèñòðàöèÿ;äîñüå;86;AUTO
ÎÑÖ Ìîñêâà;Âíå ïîäðàçäåëåíèé;RG 0001 243 00 02;Ðåãèñòðàöèÿ ïî ÁÏ;ÂÑÏ;243;Ðåãèñòðàöèÿ;äîñüå;0;AUTO
ÎÑÖ Ìîñêâà;Àðõèâ ¹1 Òîìèëèíî;RG 0001 243 00 02;Ðåãèñòðàöèÿ ïî ÁÏ;ÂÑÏ;243;Ðåãèñòðàöèÿ;äîñüå;86;AUTO
ÎÑÖ Íèæíèé Íîâãîðîä;Âíå ïîäðàçäåëåíèé;RG 0001 243 00 02;Ðåãèñòðàöèÿ ïî ÁÏ;ÂÑÏ;243;Ðåãèñòðàöèÿ;äîñüå;0;AUTO
ÎÑÖ Íèæíèé Íîâãîðîä;Àðõèâ ¹1 Íèæíèé Íîâãîðîä;RG 0001 243 00 02;Ðåãèñòðàöèÿ ïî ÁÏ;ÂÑÏ;243;Ðåãèñòðàöèÿ;äîñüå;87;AUTO
ÎÑÖ Íîâîñèáèðñê;Âíå ïîäðàçäåëåíèé;RG 0001 243 00 02;Ðåãèñòðàöèÿ ïî ÁÏ;ÂÑÏ;243;Ðåãèñòðàöèÿ;äîñüå;0;AUTO
ÎÑÖ Íîâîñèáèðñê;Àðõèâ ¹1 Íîâîñèáèðñê;RG 0001 243 00 02;Ðåãèñòðàöèÿ ïî ÁÏ;ÂÑÏ;243;Ðåãèñòðàöèÿ;äîñüå;87,833;AUTO
ÎÑÖ Íîâîñèáèðñê;Àðõèâ ¹3 Åêàòåðèíáóðã;RG 0001 243 00 02;Ðåãèñòðàöèÿ ïî ÁÏ;ÂÑÏ;243;Ðåãèñòðàöèÿ;äîñüå;93,567;AUTO
ÎÑÖ Ñàìàðà;Âíå ïîäðàçäåëåíèé;RG 0001 243 00 02;Ðåãèñòðàöèÿ ïî ÁÏ;ÂÑÏ;243;Ðåãèñòðàöèÿ;äîñüå;0;AUTO
ÎÑÖ Ñàìàðà;Àðõèâ ¹1 Ñàìàðà;RG 0001 243 00 02;Ðåãèñòðàöèÿ ïî ÁÏ;ÂÑÏ;243;Ðåãèñòðàöèÿ;äîñüå;92,832;AUTO
ÎÑÖ Âîðîíåæ;Âíå ïîäðàçäåëåíèé;RG 0001 016 00 02;Ðåãèñòðàöèÿ ïî ÁÏ;ÂÑÏ;16;Ðåãèñòðàöèÿ;äîñüå;0;AUTO
ÎÑÖ Âîðîíåæ;Àðõèâ ¹1 Âîðîíåæ;RG 0001 016 00 02;Ðåãèñòðàöèÿ ïî ÁÏ;ÂÑÏ;16;Ðåãèñòðàöèÿ;äîñüå;0;AUTO
ÎÑÖ Âîðîíåæ;Àðõèâ ¹3 Êàëèíèíãðàä;RG 0001 016 00 02;Ðåãèñòðàöèÿ ïî ÁÏ;ÂÑÏ;16;Ðåãèñòðàöèÿ;äîñüå;11,929;AUTO
ÎÑÖ Âîðîíåæ;Àðõèâ ¹4 Ñàíêò-Ïåòåðáóðã;RG 0001 016 00 02;Ðåãèñòðàöèÿ ïî ÁÏ;ÂÑÏ;16;Ðåãèñòðàöèÿ;äîñüå;0;AUTO
ÎÑÖ Ìîñêâà;Âíå ïîäðàçäåëåíèé;RG 0001 016 00 02;Ðåãèñòðàöèÿ ïî ÁÏ;ÂÑÏ;16;Ðåãèñòðàöèÿ;äîñüå;0;AUTO
ÎÑÖ Ìîñêâà;Àðõèâ ¹1 Òîìèëèíî;RG 0001 016 00 02;Ðåãèñòðàöèÿ ïî ÁÏ;ÂÑÏ;16;Ðåãèñòðàöèÿ;äîñüå;0;AUTO
ÎÑÖ Íèæíèé Íîâãîðîä;Âíå ïîäðàçäåëåíèé;RG 0001 016 00 02;Ðåãèñòðàöèÿ ïî ÁÏ;ÂÑÏ;16;Ðåãèñòðàöèÿ;äîñüå;0;AUTO
ÎÑÖ Íèæíèé Íîâãîðîä;Àðõèâ ¹1 Íèæíèé Íîâãîðîä;RG 0001 016 00 02;Ðåãèñòðàöèÿ ïî ÁÏ;ÂÑÏ;16;Ðåãèñòðàöèÿ;äîñüå;0;AUTO
ÎÑÖ Íîâîñèáèðñê;Âíå ïîäðàçäåëåíèé;RG 0001 016 00 02;Ðåãèñòðàöèÿ ïî ÁÏ;ÂÑÏ;16;Ðåãèñòðàöèÿ;äîñüå;0;AUTO
ÎÑÖ Íîâîñèáèðñê;Àðõèâ ¹1 Íîâîñèáèðñê;RG 0001 016 00 02;Ðåãèñòðàöèÿ ïî ÁÏ;ÂÑÏ;16;Ðåãèñòðàöèÿ;äîñüå;11,123;AUTO
ÎÑÖ Íîâîñèáèðñê;Àðõèâ ¹3 Åêàòåðèíáóðã;RG 0001 016 00 02;Ðåãèñòðàöèÿ ïî ÁÏ;ÂÑÏ;16;Ðåãèñòðàöèÿ;äîñüå;0;AUTO
ÎÑÖ Ñàìàðà;Âíå ïîäðàçäåëåíèé;RG 0001 016 00 02;Ðåãèñòðàöèÿ ïî ÁÏ;ÂÑÏ;16;Ðåãèñòðàöèÿ;äîñüå;0;AUTO
ÎÑÖ Ñàìàðà;Àðõèâ ¹1 Ñàìàðà;RG 0001 016 00 02;Ðåãèñòðàöèÿ ïî ÁÏ;ÂÑÏ;16;Ðåãèñòðàöèÿ;äîñüå;0;AUTO
ÎÑÖ Âîðîíåæ;Âíå ïîäðàçäåëåíèé;RG 0001 027 00 02;Ðåãèñòðàöèÿ ïî ÁÏ;ÂÑÏ;27;Ðåãèñòðàöèÿ;äîñüå;0;AUTO
ÎÑÖ Âîðîíåæ;Àðõèâ ¹1 Âîðîíåæ;RG 0001 027 00 02;Ðåãèñòðàöèÿ ïî ÁÏ;ÂÑÏ;27;Ðåãèñòðàöèÿ;äîñüå;19;AUTO
ÎÑÖ Âîðîíåæ;Àðõèâ ¹3 Êàëèíèíãðàä;RG 0001 027 00 02;Ðåãèñòðàöèÿ ïî ÁÏ;ÂÑÏ;27;Ðåãèñòðàöèÿ;äîñüå;20,367;AUTO
ÎÑÖ Âîðîíåæ;Àðõèâ ¹4 Ñàíêò-Ïåòåðáóðã;RG 0001 027 00 02;Ðåãèñòðàöèÿ ïî ÁÏ;ÂÑÏ;27;Ðåãèñòðàöèÿ;äîñüå;18,219;AUTO
ÎÑÖ Ìîñêâà;Âíå ïîäðàçäåëåíèé;RG 0001 027 00 02;Ðåãèñòðàöèÿ ïî ÁÏ;ÂÑÏ;27;Ðåãèñòðàöèÿ;äîñüå;0;AUTO
ÎÑÖ Ìîñêâà;Àðõèâ ¹1 Òîìèëèíî;RG 0001 027 00 02;Ðåãèñòðàöèÿ ïî ÁÏ;ÂÑÏ;27;Ðåãèñòðàöèÿ;äîñüå;19;AUTO
ÎÑÖ Íèæíèé Íîâãîðîä;Âíå ïîäðàçäåëåíèé;RG 0001 027 00 02;Ðåãèñòðàöèÿ ïî ÁÏ;ÂÑÏ;27;Ðåãèñòðàöèÿ;äîñüå;0;AUTO
ÎÑÖ Íèæíèé Íîâãîðîä;Àðõèâ ¹1 Íèæíèé Íîâãîðîä;RG 0001 027 00 02;Ðåãèñòðàöèÿ ïî ÁÏ;ÂÑÏ;27;Ðåãèñòðàöèÿ;äîñüå;19,908;AUTO
ÎÑÖ Íîâîñèáèðñê;Âíå ïîäðàçäåëåíèé;RG 0001 027 00 02;Ðåãèñòðàöèÿ ïî ÁÏ;ÂÑÏ;27;Ðåãèñòðàöèÿ;äîñüå;0;AUTO
ÎÑÖ Íîâîñèáèðñê;Àðõèâ ¹1 Íîâîñèáèðñê;RG 0001 027 00 02;Ðåãèñòðàöèÿ ïî ÁÏ;ÂÑÏ;27;Ðåãèñòðàöèÿ;äîñüå;17,978;AUTO
ÎÑÖ Íîâîñèáèðñê;Àðõèâ ¹3 Åêàòåðèíáóðã;RG 0001 027 00 02;Ðåãèñòðàöèÿ ïî ÁÏ;ÂÑÏ;27;Ðåãèñòðàöèÿ;äîñüå;19,6;AUTO
ÎÑÖ Ñàìàðà;Âíå ïîäðàçäåëåíèé;RG 0001 027 00 02;Ðåãèñòðàöèÿ ïî ÁÏ;ÂÑÏ;27;Ðåãèñòðàöèÿ;äîñüå;0;AUTO
ÎÑÖ Ñàìàðà;Àðõèâ ¹1 Ñàìàðà;RG 0001 027 00 02;Ðåãèñòðàöèÿ ïî ÁÏ;ÂÑÏ;27;Ðåãèñòðàöèÿ;äîñüå;19;AUTO
ÎÑÖ Âîðîíåæ;Âíå ïîäðàçäåëåíèé;RG 0001 035 00 02;Ðåãèñòðàöèÿ ïî ÁÏ;ÂÑÏ;35;Ðåãèñòðàöèÿ;äîñüå;0;AUTO
ÎÑÖ Âîðîíåæ;Àðõèâ ¹1 Âîðîíåæ;RG 0001 035 00 02;Ðåãèñòðàöèÿ ïî ÁÏ;ÂÑÏ;35;Ðåãèñòðàöèÿ;äîñüå;18;AUTO
ÎÑÖ Âîðîíåæ;Àðõèâ ¹3 Êàëèíèíãðàä;RG 0001 035 00 02;Ðåãèñòðàöèÿ ïî ÁÏ;ÂÑÏ;35;Ðåãèñòðàöèÿ;äîñüå;18,167;AUTO
ÎÑÖ Âîðîíåæ;Àðõèâ ¹4 Ñàíêò-Ïåòåðáóðã;RG 0001 035 00 02;Ðåãèñòðàöèÿ ïî ÁÏ;ÂÑÏ;35;Ðåãèñòðàöèÿ;äîñüå;18,219;AUTO
ÎÑÖ Ìîñêâà;Âíå ïîäðàçäåëåíèé;RG 0001 035 00 02;Ðåãèñòðàöèÿ ïî ÁÏ;ÂÑÏ;35;Ðåãèñòðàöèÿ;äîñüå;0;AUTO
ÎÑÖ Ìîñêâà;Àðõèâ ¹1 Òîìèëèíî;RG 0001 035 00 02;Ðåãèñòðàöèÿ ïî ÁÏ;ÂÑÏ;35;Ðåãèñòðàöèÿ;äîñüå;17,358;AUTO
ÎÑÖ Íèæíèé Íîâãîðîä;Âíå ïîäðàçäåëåíèé;RG 0001 035 00 02;Ðåãèñòðàöèÿ ïî ÁÏ;ÂÑÏ;35;Ðåãèñòðàöèÿ;äîñüå;0;AUTO
ÎÑÖ Íèæíèé Íîâãîðîä;Àðõèâ ¹1 Íèæíèé Íîâãîðîä;RG 0001 035 00 02;Ðåãèñòðàöèÿ ïî ÁÏ;ÂÑÏ;35;Ðåãèñòðàöèÿ;äîñüå;18,649;AUTO
ÎÑÖ Íîâîñèáèðñê;Âíå ïîäðàçäåëåíèé;RG 0001 035 00 02;Ðåãèñòðàöèÿ ïî ÁÏ;ÂÑÏ;35;Ðåãèñòðàöèÿ;äîñüå;0;AUTO
ÎÑÖ Íîâîñèáèðñê;Àðõèâ ¹1 Íîâîñèáèðñê;RG 0001 035 00 02;Ðåãèñòðàöèÿ ïî ÁÏ;ÂÑÏ;35;Ðåãèñòðàöèÿ;äîñüå;17,05;AUTO
ÎÑÖ Íîâîñèáèðñê;Àðõèâ ¹3 Åêàòåðèíáóðã;RG 0001 035 00 02;Ðåãèñòðàöèÿ ïî ÁÏ;ÂÑÏ;35;Ðåãèñòðàöèÿ;äîñüå;18,5;AUTO
ÎÑÖ Ñàìàðà;Âíå ïîäðàçäåëåíèé;RG 0001 035 00 02;Ðåãèñòðàöèÿ ïî ÁÏ;ÂÑÏ;35;Ðåãèñòðàöèÿ;äîñüå;0;AUTO
ÎÑÖ Ñàìàðà;Àðõèâ ¹1 Ñàìàðà;RG 0001 035 00 02;Ðåãèñòðàöèÿ ïî ÁÏ;ÂÑÏ;35;Ðåãèñòðàöèÿ;äîñüå;17;AUTO
ÎÑÖ Âîðîíåæ;Âíå ïîäðàçäåëåíèé;RG 0001 005 00 02;Ðåãèñòðàöèÿ ïî ÁÏ;ÂÑÏ;05;Ðåãèñòðàöèÿ;äîñüå;0;AUTO
ÎÑÖ Âîðîíåæ;Àðõèâ ¹1 Âîðîíåæ;RG 0001 005 00 02;Ðåãèñòðàöèÿ ïî ÁÏ;ÂÑÏ;05;Ðåãèñòðàöèÿ;äîñüå;36;AUTO
ÎÑÖ Âîðîíåæ;Àðõèâ ¹3 Êàëèíèíãðàä;RG 0001 005 00 02;Ðåãèñòðàöèÿ ïî ÁÏ;ÂÑÏ;05;Ðåãèñòðàöèÿ;äîñüå;23,273;AUTO
ÎÑÖ Âîðîíåæ;Àðõèâ ¹4 Ñàíêò-Ïåòåðáóðã;RG 0001 005 00 02;Ðåãèñòðàöèÿ ïî ÁÏ;ÂÑÏ;05;Ðåãèñòðàöèÿ;äîñüå;35;AUTO
ÎÑÖ Ìîñêâà;Âíå ïîäðàçäåëåíèé;RG 0001 005 00 02;Ðåãèñòðàöèÿ ïî ÁÏ;ÂÑÏ;05;Ðåãèñòðàöèÿ;äîñüå;0;AUTO
ÎÑÖ Ìîñêâà;Àðõèâ ¹1 Òîìèëèíî;RG 0001 005 00 02;Ðåãèñòðàöèÿ ïî ÁÏ;ÂÑÏ;05;Ðåãèñòðàöèÿ;äîñüå;21;AUTO
ÎÑÖ Íèæíèé Íîâãîðîä;Âíå ïîäðàçäåëåíèé;RG 0001 005 00 02;Ðåãèñòðàöèÿ ïî ÁÏ;ÂÑÏ;05;Ðåãèñòðàöèÿ;äîñüå;0;AUTO
ÎÑÖ Íèæíèé Íîâãîðîä;Àðõèâ ¹1 Íèæíèé Íîâãîðîä;RG 0001 005 00 02;Ðåãèñòðàöèÿ ïî ÁÏ;ÂÑÏ;05;Ðåãèñòðàöèÿ;äîñüå;27;AUTO
ÎÑÖ Íîâîñèáèðñê;Âíå ïîäðàçäåëåíèé;RG 0001 005 00 02;Ðåãèñòðàöèÿ ïî ÁÏ;ÂÑÏ;05;Ðåãèñòðàöèÿ;äîñüå;0;AUTO
ÎÑÖ Íîâîñèáèðñê;Àðõèâ ¹1 Íîâîñèáèðñê;RG 0001 005 00 02;Ðåãèñòðàöèÿ ïî ÁÏ;ÂÑÏ;05;Ðåãèñòðàöèÿ;äîñüå;25,3;AUTO
ÎÑÖ Íîâîñèáèðñê;Àðõèâ ¹3 Åêàòåðèíáóðã;RG 0001 005 00 02;Ðåãèñòðàöèÿ ïî ÁÏ;ÂÑÏ;05;Ðåãèñòðàöèÿ;äîñüå;28,967;AUTO
ÎÑÖ Ñàìàðà;Âíå ïîäðàçäåëåíèé;RG 0001 005 00 02;Ðåãèñòðàöèÿ ïî ÁÏ;ÂÑÏ;05;Ðåãèñòðàöèÿ;äîñüå;0;AUTO
ÎÑÖ Ñàìàðà;Àðõèâ ¹1 Ñàìàðà;RG 0001 005 00 02;Ðåãèñòðàöèÿ ïî ÁÏ;ÂÑÏ;05;Ðåãèñòðàöèÿ;äîñüå;33;AUTO
ÎÑÖ Âîðîíåæ;Âíå ïîäðàçäåëåíèé;RG 0001 201 00 02;Ðåãèñòðàöèÿ ïî ÁÏ;ÂÑÏ;201;Ðåãèñòðàöèÿ;äîñüå;0;AUTO
ÎÑÖ Âîðîíåæ;Àðõèâ ¹1 Âîðîíåæ;RG 0001 201 00 02;Ðåãèñòðàöèÿ ïî ÁÏ;ÂÑÏ;201;Ðåãèñòðàöèÿ;äîñüå;45;AUTO
ÎÑÖ Âîðîíåæ;Àðõèâ ¹3 Êàëèíèíãðàä;RG 0001 201 00 02;Ðåãèñòðàöèÿ ïî ÁÏ;ÂÑÏ;201;Ðåãèñòðàöèÿ;äîñüå;53,548;AUTO
ÎÑÖ Âîðîíåæ;Àðõèâ ¹4 Ñàíêò-Ïåòåðáóðã;RG 0001 201 00 02;Ðåãèñòðàöèÿ ïî ÁÏ;ÂÑÏ;201;Ðåãèñòðàöèÿ;äîñüå;30,3;AUTO
ÎÑÖ Ìîñêâà;Âíå ïîäðàçäåëåíèé;RG 0001 201 00 02;Ðåãèñòðàöèÿ ïî ÁÏ;ÂÑÏ;201;Ðåãèñòðàöèÿ;äîñüå;0;AUTO
ÎÑÖ Ìîñêâà;Àðõèâ ¹1 Òîìèëèíî;RG 0001 201 00 02;Ðåãèñòðàöèÿ ïî ÁÏ;ÂÑÏ;201;Ðåãèñòðàöèÿ;äîñüå;44;AUTO
ÎÑÖ Íèæíèé Íîâãîðîä;Âíå ïîäðàçäåëåíèé;RG 0001 201 00 02;Ðåãèñòðàöèÿ ïî ÁÏ;ÂÑÏ;201;Ðåãèñòðàöèÿ;äîñüå;0;AUTO
ÎÑÖ Íèæíèé Íîâãîðîä;Àðõèâ ¹1 Íèæíèé Íîâãîðîä;RG 0001 201 00 02;Ðåãèñòðàöèÿ ïî ÁÏ;ÂÑÏ;201;Ðåãèñòðàöèÿ;äîñüå;100;AUTO
ÎÑÖ Íîâîñèáèðñê;Âíå ïîäðàçäåëåíèé;RG 0001 201 00 02;Ðåãèñòðàöèÿ ïî ÁÏ;ÂÑÏ;201;Ðåãèñòðàöèÿ;äîñüå;0;AUTO
ÎÑÖ Íîâîñèáèðñê;Àðõèâ ¹1 Íîâîñèáèðñê;RG 0001 201 00 02;Ðåãèñòðàöèÿ ïî ÁÏ;ÂÑÏ;201;Ðåãèñòðàöèÿ;äîñüå;40,325;AUTO
ÎÑÖ Íîâîñèáèðñê;Àðõèâ ¹3 Åêàòåðèíáóðã;RG 0001 201 00 02;Ðåãèñòðàöèÿ ïî ÁÏ;ÂÑÏ;201;Ðåãèñòðàöèÿ;äîñüå;39,977;AUTO
ÎÑÖ Ñàìàðà;Âíå ïîäðàçäåëåíèé;RG 0001 201 00 02;Ðåãèñòðàöèÿ ïî ÁÏ;ÂÑÏ;201;Ðåãèñòðàöèÿ;äîñüå;0;AUTO
ÎÑÖ Ñàìàðà;Àðõèâ ¹1 Ñàìàðà;RG 0001 201 00 02;Ðåãèñòðàöèÿ ïî ÁÏ;ÂÑÏ;201;Ðåãèñòðàöèÿ;äîñüå;43;AUTO
ÎÑÖ Âîðîíåæ;Âíå ïîäðàçäåëåíèé;RG 0001 048 00 02;Ðåãèñòðàöèÿ ïî ÁÏ;ÂÑÏ;48;Ðåãèñòðàöèÿ;äîñüå;0;AUTO
ÎÑÖ Âîðîíåæ;Àðõèâ ¹1 Âîðîíåæ;RG 0001 048 00 02;Ðåãèñòðàöèÿ ïî ÁÏ;ÂÑÏ;48;Ðåãèñòðàöèÿ;äîñüå;28;AUTO
ÎÑÖ Âîðîíåæ;Àðõèâ ¹3 Êàëèíèíãðàä;RG 0001 048 00 02;Ðåãèñòðàöèÿ ïî ÁÏ;ÂÑÏ;48;Ðåãèñòðàöèÿ;äîñüå;28,567;AUTO
ÎÑÖ Âîðîíåæ;Àðõèâ ¹4 Ñàíêò-Ïåòåðáóðã;RG 0001 048 00 02;Ðåãèñòðàöèÿ ïî ÁÏ;ÂÑÏ;48;Ðåãèñòðàöèÿ;äîñüå;15,004;AUTO
ÎÑÖ Ìîñêâà;Âíå ïîäðàçäåëåíèé;RG 0001 048 00 02;Ðåãèñòðàöèÿ ïî ÁÏ;ÂÑÏ;48;Ðåãèñòðàöèÿ;äîñüå;0;AUTO
ÎÑÖ Ìîñêâà;Àðõèâ ¹1 Òîìèëèíî;RG 0001 048 00 02;Ðåãèñòðàöèÿ ïî ÁÏ;ÂÑÏ;48;Ðåãèñòðàöèÿ;äîñüå;30;AUTO
ÎÑÖ Íèæíèé Íîâãîðîä;Âíå ïîäðàçäåëåíèé;RG 0001 048 00 02;Ðåãèñòðàöèÿ ïî ÁÏ;ÂÑÏ;48;Ðåãèñòðàöèÿ;äîñüå;0;AUTO
ÎÑÖ Íèæíèé Íîâãîðîä;Àðõèâ ¹1 Íèæíèé Íîâãîðîä;RG 0001 048 00 02;Ðåãèñòðàöèÿ ïî ÁÏ;ÂÑÏ;48;Ðåãèñòðàöèÿ;äîñüå;51;AUTO
ÎÑÖ Íîâîñèáèðñê;Âíå ïîäðàçäåëåíèé;RG 0001 048 00 02;Ðåãèñòðàöèÿ ïî ÁÏ;ÂÑÏ;48;Ðåãèñòðàöèÿ;äîñüå;0;AUTO
ÎÑÖ Íîâîñèáèðñê;Àðõèâ ¹1 Íîâîñèáèðñê;RG 0001 048 00 02;Ðåãèñòðàöèÿ ïî ÁÏ;ÂÑÏ;48;Ðåãèñòðàöèÿ;äîñüå;18,817;AUTO
ÎÑÖ Íîâîñèáèðñê;Àðõèâ ¹3 Åêàòåðèíáóðã;RG 0001 048 00 02;Ðåãèñòðàöèÿ ïî ÁÏ;ÂÑÏ;48;Ðåãèñòðàöèÿ;äîñüå;19,184;AUTO
ÎÑÖ Ñàìàðà;Âíå ïîäðàçäåëåíèé;RG 0001 048 00 02;Ðåãèñòðàöèÿ ïî ÁÏ;ÂÑÏ;48;Ðåãèñòðàöèÿ;äîñüå;0;AUTO
ÎÑÖ Ñàìàðà;Àðõèâ ¹1 Ñàìàðà;RG 0001 048 00 02;Ðåãèñòðàöèÿ ïî ÁÏ;ÂÑÏ;48;Ðåãèñòðàöèÿ;äîñüå;32;AUTO
ÎÑÖ Âîðîíåæ;Âíå ïîäðàçäåëåíèé;RG 0001 049 00 02;Ðåãèñòðàöèÿ ïî ÁÏ;ÂÑÏ;49;Ðåãèñòðàöèÿ;äîñüå;0;AUTO
ÎÑÖ Âîðîíåæ;Àðõèâ ¹1 Âîðîíåæ;RG 0001 049 00 02;Ðåãèñòðàöèÿ ïî ÁÏ;ÂÑÏ;49;Ðåãèñòðàöèÿ;äîñüå;30;AUTO
ÎÑÖ Âîðîíåæ;Àðõèâ ¹3 Êàëèíèíãðàä;RG 0001 049 00 02;Ðåãèñòðàöèÿ ïî ÁÏ;ÂÑÏ;49;Ðåãèñòðàöèÿ;äîñüå;28,533;AUTO
ÎÑÖ Âîðîíåæ;Àðõèâ ¹4 Ñàíêò-Ïåòåðáóðã;RG 0001 049 00 02;Ðåãèñòðàöèÿ ïî ÁÏ;ÂÑÏ;49;Ðåãèñòðàöèÿ;äîñüå;17,199;AUTO
ÎÑÖ Ìîñêâà;Âíå ïîäðàçäåëåíèé;RG 0001 049 00 02;Ðåãèñòðàöèÿ ïî ÁÏ;ÂÑÏ;49;Ðåãèñòðàöèÿ;äîñüå;0;AUTO
ÎÑÖ Ìîñêâà;Àðõèâ ¹1 Òîìèëèíî;RG 0001 049 00 02;Ðåãèñòðàöèÿ ïî ÁÏ;ÂÑÏ;49;Ðåãèñòðàöèÿ;äîñüå;30;AUTO
ÎÑÖ Íèæíèé Íîâãîðîä;Âíå ïîäðàçäåëåíèé;RG 0001 049 00 02;Ðåãèñòðàöèÿ ïî ÁÏ;ÂÑÏ;49;Ðåãèñòðàöèÿ;äîñüå;0;AUTO
ÎÑÖ Íèæíèé Íîâãîðîä;Àðõèâ ¹1 Íèæíèé Íîâãîðîä;RG 0001 049 00 02;Ðåãèñòðàöèÿ ïî ÁÏ;ÂÑÏ;49;Ðåãèñòðàöèÿ;äîñüå;37;AUTO
ÎÑÖ Íîâîñèáèðñê;Âíå ïîäðàçäåëåíèé;RG 0001 049 00 02;Ðåãèñòðàöèÿ ïî ÁÏ;ÂÑÏ;49;Ðåãèñòðàöèÿ;äîñüå;0;AUTO
ÎÑÖ Íîâîñèáèðñê;Àðõèâ ¹1 Íîâîñèáèðñê;RG 0001 049 00 02;Ðåãèñòðàöèÿ ïî ÁÏ;ÂÑÏ;49;Ðåãèñòðàöèÿ;äîñüå;22,516;AUTO
ÎÑÖ Íîâîñèáèðñê;Àðõèâ ¹3 Åêàòåðèíáóðã;RG 0001 049 00 02;Ðåãèñòðàöèÿ ïî ÁÏ;ÂÑÏ;49;Ðåãèñòðàöèÿ;äîñüå;22,433;AUTO
ÎÑÖ Ñàìàðà;Âíå ïîäðàçäåëåíèé;RG 0001 049 00 02;Ðåãèñòðàöèÿ ïî ÁÏ;ÂÑÏ;49;Ðåãèñòðàöèÿ;äîñüå;0;AUTO
ÎÑÖ Ñàìàðà;Àðõèâ ¹1 Ñàìàðà;RG 0001 049 00 02;Ðåãèñòðàöèÿ ïî ÁÏ;ÂÑÏ;49;Ðåãèñòðàöèÿ;äîñüå;33;AUTO
ÎÑÖ Âîðîíåæ;Âíå ïîäðàçäåëåíèé;RG 0001 050 00 02;Ðåãèñòðàöèÿ ïî ÁÏ;ÂÑÏ;50;Ðåãèñòðàöèÿ;äîñüå;0;AUTO
ÎÑÖ Âîðîíåæ;Àðõèâ ¹1 Âîðîíåæ;RG 0001 050 00 02;Ðåãèñòðàöèÿ ïî ÁÏ;ÂÑÏ;50;Ðåãèñòðàöèÿ;äîñüå;33,313;AUTO
ÎÑÖ Âîðîíåæ;Àðõèâ ¹3 Êàëèíèíãðàä;RG 0001 050 00 02;Ðåãèñòðàöèÿ ïî ÁÏ;ÂÑÏ;50;Ðåãèñòðàöèÿ;äîñüå;29,733;AUTO
ÎÑÖ Âîðîíåæ;Àðõèâ ¹4 Ñàíêò-Ïåòåðáóðã;RG 0001 050 00 02;Ðåãèñòðàöèÿ ïî ÁÏ;ÂÑÏ;50;Ðåãèñòðàöèÿ;äîñüå;32,481;AUTO
ÎÑÖ Ìîñêâà;Âíå ïîäðàçäåëåíèé;RG 0001 050 00 02;Ðåãèñòðàöèÿ ïî ÁÏ;ÂÑÏ;50;Ðåãèñòðàöèÿ;äîñüå;0;AUTO
ÎÑÖ Ìîñêâà;Àðõèâ ¹1 Òîìèëèíî;RG 0001 050 00 02;Ðåãèñòðàöèÿ ïî ÁÏ;ÂÑÏ;50;Ðåãèñòðàöèÿ;äîñüå;34,686;AUTO
ÎÑÖ Íèæíèé Íîâãîðîä;Âíå ïîäðàçäåëåíèé;RG 0001 050 00 02;Ðåãèñòðàöèÿ ïî ÁÏ;ÂÑÏ;50;Ðåãèñòðàöèÿ;äîñüå;0;AUTO
ÎÑÖ Íèæíèé Íîâãîðîä;Àðõèâ ¹1 Íèæíèé Íîâãîðîä;RG 0001 050 00 02;Ðåãèñòðàöèÿ ïî ÁÏ;ÂÑÏ;50;Ðåãèñòðàöèÿ;äîñüå;34,776;AUTO
ÎÑÖ Íîâîñèáèðñê;Âíå ïîäðàçäåëåíèé;RG 0001 050 00 02;Ðåãèñòðàöèÿ ïî ÁÏ;ÂÑÏ;50;Ðåãèñòðàöèÿ;äîñüå;0;AUTO
ÎÑÖ Íîâîñèáèðñê;Àðõèâ ¹1 Íîâîñèáèðñê;RG 0001 050 00 02;Ðåãèñòðàöèÿ ïî ÁÏ;ÂÑÏ;50;Ðåãèñòðàöèÿ;äîñüå;33,7;AUTO
ÎÑÖ Íîâîñèáèðñê;Àðõèâ ¹3 Åêàòåðèíáóðã;RG 0001 050 00 02;Ðåãèñòðàöèÿ ïî ÁÏ;ÂÑÏ;50;Ðåãèñòðàöèÿ;äîñüå;31,767;AUTO
ÎÑÖ Ñàìàðà;Âíå ïîäðàçäåëåíèé;RG 0001 050 00 02;Ðåãèñòðàöèÿ ïî ÁÏ;ÂÑÏ;50;Ðåãèñòðàöèÿ;äîñüå;0;AUTO
ÎÑÖ Ñàìàðà;Àðõèâ ¹1 Ñàìàðà;RG 0001 050 00 02;Ðåãèñòðàöèÿ ïî ÁÏ;ÂÑÏ;50;Ðåãèñòðàöèÿ;äîñüå;32,116;AUTO
ÎÑÖ Âîðîíåæ;Âíå ïîäðàçäåëåíèé;RG 0001 248 00 02;Ðåãèñòðàöèÿ ïî ÁÏ;ÂÑÏ;248;Ðåãèñòðàöèÿ;äîñüå;0;AUTO
ÎÑÖ Âîðîíåæ;Àðõèâ ¹1 Âîðîíåæ;RG 0001 248 00 02;Ðåãèñòðàöèÿ ïî ÁÏ;ÂÑÏ;248;Ðåãèñòðàöèÿ;äîñüå;0;AUTO
ÎÑÖ Âîðîíåæ;Àðõèâ ¹3 Êàëèíèíãðàä;RG 0001 248 00 02;Ðåãèñòðàöèÿ ïî ÁÏ;ÂÑÏ;248;Ðåãèñòðàöèÿ;äîñüå;0;AUTO
ÎÑÖ Âîðîíåæ;Àðõèâ ¹4 Ñàíêò-Ïåòåðáóðã;RG 0001 248 00 02;Ðåãèñòðàöèÿ ïî ÁÏ;ÂÑÏ;248;Ðåãèñòðàöèÿ;äîñüå;0;AUTO
ÎÑÖ Ìîñêâà;Âíå ïîäðàçäåëåíèé;RG 0001 248 00 02;Ðåãèñòðàöèÿ ïî ÁÏ;ÂÑÏ;248;Ðåãèñòðàöèÿ;äîñüå;0;AUTO
ÎÑÖ Ìîñêâà;Àðõèâ ¹1 Òîìèëèíî;RG 0001 248 00 02;Ðåãèñòðàöèÿ ïî ÁÏ;ÂÑÏ;248;Ðåãèñòðàöèÿ;äîñüå;0;AUTO
ÎÑÖ Íèæíèé Íîâãîðîä;Âíå ïîäðàçäåëåíèé;RG 0001 248 00 02;Ðåãèñòðàöèÿ ïî ÁÏ;ÂÑÏ;248;Ðåãèñòðàöèÿ;äîñüå;0;AUTO
ÎÑÖ Íèæíèé Íîâãîðîä;Àðõèâ ¹1 Íèæíèé Íîâãîðîä;RG 0001 248 00 02;Ðåãèñòðàöèÿ ïî ÁÏ;ÂÑÏ;248;Ðåãèñòðàöèÿ;äîñüå;0;AUTO
ÎÑÖ Íîâîñèáèðñê;Âíå ïîäðàçäåëåíèé;RG 0001 248 00 02;Ðåãèñòðàöèÿ ïî ÁÏ;ÂÑÏ;248;Ðåãèñòðàöèÿ;äîñüå;0;AUTO
ÎÑÖ Íîâîñèáèðñê;Àðõèâ ¹1 Íîâîñèáèðñê;RG 0001 248 00 02;Ðåãèñòðàöèÿ ïî ÁÏ;ÂÑÏ;248;Ðåãèñòðàöèÿ;äîñüå;0;AUTO
ÎÑÖ Íîâîñèáèðñê;Àðõèâ ¹3 Åêàòåðèíáóðã;RG 0001 248 00 02;Ðåãèñòðàöèÿ ïî ÁÏ;ÂÑÏ;248;Ðåãèñòðàöèÿ;äîñüå;0;AUTO
ÎÑÖ Ñàìàðà;Âíå ïîäðàçäåëåíèé;RG 0001 248 00 02;Ðåãèñòðàöèÿ ïî ÁÏ;ÂÑÏ;248;Ðåãèñòðàöèÿ;äîñüå;0;AUTO
ÎÑÖ Ñàìàðà;Àðõèâ ¹1 Ñàìàðà;RG 0001 248 00 02;Ðåãèñòðàöèÿ ïî ÁÏ;ÂÑÏ;248;Ðåãèñòðàöèÿ;äîñüå;0;AUTO
ÎÑÖ Âîðîíåæ;Âíå ïîäðàçäåëåíèé;RG 0001 200 00 02;Ðåãèñòðàöèÿ ïî ÁÏ;ÂÑÏ;200;Ðåãèñòðàöèÿ;äîñüå;0;AUTO
ÎÑÖ Âîðîíåæ;Àðõèâ ¹1 Âîðîíåæ;RG 0001 200 00 02;Ðåãèñòðàöèÿ ïî ÁÏ;ÂÑÏ;200;Ðåãèñòðàöèÿ;äîñüå;31;AUTO
ÎÑÖ Âîðîíåæ;Àðõèâ ¹3 Êàëèíèíãðàä;RG 0001 200 00 02;Ðåãèñòðàöèÿ ïî ÁÏ;ÂÑÏ;200;Ðåãèñòðàöèÿ;äîñüå;29,733;AUTO
ÎÑÖ Âîðîíåæ;Àðõèâ ¹4 Ñàíêò-Ïåòåðáóðã;RG 0001 200 00 02;Ðåãèñòðàöèÿ ïî ÁÏ;ÂÑÏ;200;Ðåãèñòðàöèÿ;äîñüå;20,4;AUTO
ÎÑÖ Ìîñêâà;Âíå ïîäðàçäåëåíèé;RG 0001 200 00 02;Ðåãèñòðàöèÿ ïî ÁÏ;ÂÑÏ;200;Ðåãèñòðàöèÿ;äîñüå;0;AUTO
ÎÑÖ Ìîñêâà;Àðõèâ ¹1 Òîìèëèíî;RG 0001 200 00 02;Ðåãèñòðàöèÿ ïî ÁÏ;ÂÑÏ;200;Ðåãèñòðàöèÿ;äîñüå;25;AUTO
ÎÑÖ Íèæíèé Íîâãîðîä;Âíå ïîäðàçäåëåíèé;RG 0001 200 00 02;Ðåãèñòðàöèÿ ïî ÁÏ;ÂÑÏ;200;Ðåãèñòðàöèÿ;äîñüå;0;AUTO
ÎÑÖ Íèæíèé Íîâãîðîä;Àðõèâ ¹1 Íèæíèé Íîâãîðîä;RG 0001 200 00 02;Ðåãèñòðàöèÿ ïî ÁÏ;ÂÑÏ;200;Ðåãèñòðàöèÿ;äîñüå;29;AUTO
ÎÑÖ Íîâîñèáèðñê;Âíå ïîäðàçäåëåíèé;RG 0001 200 00 02;Ðåãèñòðàöèÿ ïî ÁÏ;ÂÑÏ;200;Ðåãèñòðàöèÿ;äîñüå;0;AUTO
ÎÑÖ Íîâîñèáèðñê;Àðõèâ ¹1 Íîâîñèáèðñê;RG 0001 200 00 02;Ðåãèñòðàöèÿ ïî ÁÏ;ÂÑÏ;200;Ðåãèñòðàöèÿ;äîñüå;21,35;AUTO
ÎÑÖ Íîâîñèáèðñê;Àðõèâ ¹3 Åêàòåðèíáóðã;RG 0001 200 00 02;Ðåãèñòðàöèÿ ïî ÁÏ;ÂÑÏ;200;Ðåãèñòðàöèÿ;äîñüå;21,376;AUTO
ÎÑÖ Ñàìàðà;Âíå ïîäðàçäåëåíèé;RG 0001 200 00 02;Ðåãèñòðàöèÿ ïî ÁÏ;ÂÑÏ;200;Ðåãèñòðàöèÿ;äîñüå;0;AUTO
ÎÑÖ Ñàìàðà;Àðõèâ ¹1 Ñàìàðà;RG 0001 200 00 02;Ðåãèñòðàöèÿ ïî ÁÏ;ÂÑÏ;200;Ðåãèñòðàöèÿ;äîñüå;30;AUTO
ÎÑÖ Âîðîíåæ;Âíå ïîäðàçäåëåíèé;RG 0001 046 00 02;Ðåãèñòðàöèÿ ïî ÁÏ;ÂÑÏ;46;Ðåãèñòðàöèÿ;äîñüå;0;AUTO
ÎÑÖ Âîðîíåæ;Àðõèâ ¹1 Âîðîíåæ;RG 0001 046 00 02;Ðåãèñòðàöèÿ ïî ÁÏ;ÂÑÏ;46;Ðåãèñòðàöèÿ;äîñüå;29,319;AUTO
ÎÑÖ Âîðîíåæ;Àðõèâ ¹3 Êàëèíèíãðàä;RG 0001 046 00 02;Ðåãèñòðàöèÿ ïî ÁÏ;ÂÑÏ;46;Ðåãèñòðàöèÿ;äîñüå;28,377;AUTO
ÎÑÖ Âîðîíåæ;Àðõèâ ¹4 Ñàíêò-Ïåòåðáóðã;RG 0001 046 00 02;Ðåãèñòðàöèÿ ïî ÁÏ;ÂÑÏ;46;Ðåãèñòðàöèÿ;äîñüå;28,145;AUTO
ÎÑÖ Ìîñêâà;Âíå ïîäðàçäåëåíèé;RG 0001 046 00 02;Ðåãèñòðàöèÿ ïî ÁÏ;ÂÑÏ;46;Ðåãèñòðàöèÿ;äîñüå;0;AUTO
ÎÑÖ Ìîñêâà;Àðõèâ ¹1 Òîìèëèíî;RG 0001 046 00 02;Ðåãèñòðàöèÿ ïî ÁÏ;ÂÑÏ;46;Ðåãèñòðàöèÿ;äîñüå;27,412;AUTO
ÎÑÖ Íèæíèé Íîâãîðîä;Âíå ïîäðàçäåëåíèé;RG 0001 046 00 02;Ðåãèñòðàöèÿ ïî ÁÏ;ÂÑÏ;46;Ðåãèñòðàöèÿ;äîñüå;0;AUTO
ÎÑÖ Íèæíèé Íîâãîðîä;Àðõèâ ¹1 Íèæíèé Íîâãîðîä;RG 0001 046 00 02;Ðåãèñòðàöèÿ ïî ÁÏ;ÂÑÏ;46;Ðåãèñòðàöèÿ;äîñüå;29,104;AUTO
ÎÑÖ Íîâîñèáèðñê;Âíå ïîäðàçäåëåíèé;RG 0001 046 00 02;Ðåãèñòðàöèÿ ïî ÁÏ;ÂÑÏ;46;Ðåãèñòðàöèÿ;äîñüå;0;AUTO
ÎÑÖ Íîâîñèáèðñê;Àðõèâ ¹1 Íîâîñèáèðñê;RG 0001 046 00 02;Ðåãèñòðàöèÿ ïî ÁÏ;ÂÑÏ;46;Ðåãèñòðàöèÿ;äîñüå;29,3;AUTO
ÎÑÖ Íîâîñèáèðñê;Àðõèâ ¹3 Åêàòåðèíáóðã;RG 0001 046 00 02;Ðåãèñòðàöèÿ ïî ÁÏ;ÂÑÏ;46;Ðåãèñòðàöèÿ;äîñüå;29,333;AUTO
ÎÑÖ Ñàìàðà;Âíå ïîäðàçäåëåíèé;RG 0001 046 00 02;Ðåãèñòðàöèÿ ïî ÁÏ;ÂÑÏ;46;Ðåãèñòðàöèÿ;äîñüå;0;AUTO
ÎÑÖ Ñàìàðà;Àðõèâ ¹1 Ñàìàðà;RG 0001 046 00 02;Ðåãèñòðàöèÿ ïî ÁÏ;ÂÑÏ;46;Ðåãèñòðàöèÿ;äîñüå;29,884;AUTO
ÎÑÖ Âîðîíåæ;Âíå ïîäðàçäåëåíèé;RG 0001 047 00 02;Ðåãèñòðàöèÿ ïî ÁÏ;ÂÑÏ;47;Ðåãèñòðàöèÿ;äîñüå;0;AUTO
ÎÑÖ Âîðîíåæ;Àðõèâ ¹1 Âîðîíåæ;RG 0001 047 00 02;Ðåãèñòðàöèÿ ïî ÁÏ;ÂÑÏ;47;Ðåãèñòðàöèÿ;äîñüå;33,551;AUTO
ÎÑÖ Âîðîíåæ;Àðõèâ ¹3 Êàëèíèíãðàä;RG 0001 047 00 02;Ðåãèñòðàöèÿ ïî ÁÏ;ÂÑÏ;47;Ðåãèñòðàöèÿ;äîñüå;31,065;AUTO
ÎÑÖ Âîðîíåæ;Àðõèâ ¹4 Ñàíêò-Ïåòåðáóðã;RG 0001 047 00 02;Ðåãèñòðàöèÿ ïî ÁÏ;ÂÑÏ;47;Ðåãèñòðàöèÿ;äîñüå;33,233;AUTO
ÎÑÖ Ìîñêâà;Âíå ïîäðàçäåëåíèé;RG 0001 047 00 02;Ðåãèñòðàöèÿ ïî ÁÏ;ÂÑÏ;47;Ðåãèñòðàöèÿ;äîñüå;0;AUTO
ÎÑÖ Ìîñêâà;Àðõèâ ¹1 Òîìèëèíî;RG 0001 047 00 02;Ðåãèñòðàöèÿ ïî ÁÏ;ÂÑÏ;47;Ðåãèñòðàöèÿ;äîñüå;34,686;AUTO
ÎÑÖ Íèæíèé Íîâãîðîä;Âíå ïîäðàçäåëåíèé;RG 0001 047 00 02;Ðåãèñòðàöèÿ ïî ÁÏ;ÂÑÏ;47;Ðåãèñòðàöèÿ;äîñüå;0;AUTO
ÎÑÖ Íèæíèé Íîâãîðîä;Àðõèâ ¹1 Íèæíèé Íîâãîðîä;RG 0001 047 00 02;Ðåãèñòðàöèÿ ïî ÁÏ;ÂÑÏ;47;Ðåãèñòðàöèÿ;äîñüå;33,858;AUTO
ÎÑÖ Íîâîñèáèðñê;Âíå ïîäðàçäåëåíèé;RG 0001 047 00 02;Ðåãèñòðàöèÿ ïî ÁÏ;ÂÑÏ;47;Ðåãèñòðàöèÿ;äîñüå;0;AUTO
ÎÑÖ Íîâîñèáèðñê;Àðõèâ ¹1 Íîâîñèáèðñê;RG 0001 047 00 02;Ðåãèñòðàöèÿ ïî ÁÏ;ÂÑÏ;47;Ðåãèñòðàöèÿ;äîñüå;32,233;AUTO
ÎÑÖ Íîâîñèáèðñê;Àðõèâ ¹3 Åêàòåðèíáóðã;RG 0001 047 00 02;Ðåãèñòðàöèÿ ïî ÁÏ;ÂÑÏ;47;Ðåãèñòðàöèÿ;äîñüå;34,733;AUTO
ÎÑÖ Ñàìàðà;Âíå ïîäðàçäåëåíèé;RG 0001 047 00 02;Ðåãèñòðàöèÿ ïî ÁÏ;ÂÑÏ;47;Ðåãèñòðàöèÿ;äîñüå;0;AUTO
ÎÑÖ Ñàìàðà;Àðõèâ ¹1 Ñàìàðà;RG 0001 047 00 02;Ðåãèñòðàöèÿ ïî ÁÏ;ÂÑÏ;47;Ðåãèñòðàöèÿ;äîñüå;31,093;AUTO
ÎÑÖ Âîðîíåæ;Âíå ïîäðàçäåëåíèé;RG 0001 232 00 02;Ðåãèñòðàöèÿ ïî ÁÏ;ÂÑÏ;232;Ðåãèñòðàöèÿ;äîñüå;0;AUTO
ÎÑÖ Âîðîíåæ;Àðõèâ ¹1 Âîðîíåæ;RG 0001 232 00 02;Ðåãèñòðàöèÿ ïî ÁÏ;ÂÑÏ;232;Ðåãèñòðàöèÿ;äîñüå;28,184;AUTO
ÎÑÖ Âîðîíåæ;Àðõèâ ¹3 Êàëèíèíãðàä;RG 0001 232 00 02;Ðåãèñòðàöèÿ ïî ÁÏ;ÂÑÏ;232;Ðåãèñòðàöèÿ;äîñüå;28,567;AUTO
ÎÑÖ Âîðîíåæ;Àðõèâ ¹4 Ñàíêò-Ïåòåðáóðã;RG 0001 232 00 02;Ðåãèñòðàöèÿ ïî ÁÏ;ÂÑÏ;232;Ðåãèñòðàöèÿ;äîñüå;28,1;AUTO
ÎÑÖ Ìîñêâà;Âíå ïîäðàçäåëåíèé;RG 0001 232 00 02;Ðåãèñòðàöèÿ ïî ÁÏ;ÂÑÏ;232;Ðåãèñòðàöèÿ;äîñüå;0;AUTO
ÎÑÖ Ìîñêâà;Àðõèâ ¹1 Òîìèëèíî;RG 0001 232 00 02;Ðåãèñòðàöèÿ ïî ÁÏ;ÂÑÏ;232;Ðåãèñòðàöèÿ;äîñüå;27,833;AUTO
ÎÑÖ Íèæíèé Íîâãîðîä;Âíå ïîäðàçäåëåíèé;RG 0001 232 00 02;Ðåãèñòðàöèÿ ïî ÁÏ;ÂÑÏ;232;Ðåãèñòðàöèÿ;äîñüå;0;AUTO
ÎÑÖ Íèæíèé Íîâãîðîä;Àðõèâ ¹1 Íèæíèé Íîâãîðîä;RG 0001 232 00 02;Ðåãèñòðàöèÿ ïî ÁÏ;ÂÑÏ;232;Ðåãèñòðàöèÿ;äîñüå;27,049;AUTO
ÎÑÖ Íîâîñèáèðñê;Âíå ïîäðàçäåëåíèé;RG 0001 232 00 02;Ðåãèñòðàöèÿ ïî ÁÏ;ÂÑÏ;232;Ðåãèñòðàöèÿ;äîñüå;0;AUTO
ÎÑÖ Íîâîñèáèðñê;Àðõèâ ¹1 Íîâîñèáèðñê;RG 0001 232 00 02;Ðåãèñòðàöèÿ ïî ÁÏ;ÂÑÏ;232;Ðåãèñòðàöèÿ;äîñüå;29,237;AUTO
ÎÑÖ Íîâîñèáèðñê;Àðõèâ ¹3 Åêàòåðèíáóðã;RG 0001 232 00 02;Ðåãèñòðàöèÿ ïî ÁÏ;ÂÑÏ;232;Ðåãèñòðàöèÿ;äîñüå;27,722;AUTO
ÎÑÖ Ñàìàðà;Âíå ïîäðàçäåëåíèé;RG 0001 232 00 02;Ðåãèñòðàöèÿ ïî ÁÏ;ÂÑÏ;232;Ðåãèñòðàöèÿ;äîñüå;0;AUTO
ÎÑÖ Ñàìàðà;Àðõèâ ¹1 Ñàìàðà;RG 0001 232 00 02;Ðåãèñòðàöèÿ ïî ÁÏ;ÂÑÏ;232;Ðåãèñòðàöèÿ;äîñüå;27,262;AUTO
ÎÑÖ Âîðîíåæ;Âíå ïîäðàçäåëåíèé;RG 0001 263 00 02;Ðåãèñòðàöèÿ ïî ÁÏ;ÂÑÏ;263;Ðåãèñòðàöèÿ;äîñüå;0;AUTO
ÎÑÖ Âîðîíåæ;Àðõèâ ¹1 Âîðîíåæ;RG 0001 263 00 02;Ðåãèñòðàöèÿ ïî ÁÏ;ÂÑÏ;263;Ðåãèñòðàöèÿ;äîñüå;0;AUTO
ÎÑÖ Âîðîíåæ;Àðõèâ ¹3 Êàëèíèíãðàä;RG 0001 263 00 02;Ðåãèñòðàöèÿ ïî ÁÏ;ÂÑÏ;263;Ðåãèñòðàöèÿ;äîñüå;0;AUTO
ÎÑÖ Âîðîíåæ;Àðõèâ ¹4 Ñàíêò-Ïåòåðáóðã;RG 0001 263 00 02;Ðåãèñòðàöèÿ ïî ÁÏ;ÂÑÏ;263;Ðåãèñòðàöèÿ;äîñüå;0;AUTO
ÎÑÖ Ìîñêâà;Âíå ïîäðàçäåëåíèé;RG 0001 263 00 02;Ðåãèñòðàöèÿ ïî ÁÏ;ÂÑÏ;263;Ðåãèñòðàöèÿ;äîñüå;0;AUTO
ÎÑÖ Ìîñêâà;Àðõèâ ¹1 Òîìèëèíî;RG 0001 263 00 02;Ðåãèñòðàöèÿ ïî ÁÏ;ÂÑÏ;263;Ðåãèñòðàöèÿ;äîñüå;0;AUTO
ÎÑÖ Íèæíèé Íîâãîðîä;Âíå ïîäðàçäåëåíèé;RG 0001 263 00 02;Ðåãèñòðàöèÿ ïî ÁÏ;ÂÑÏ;263;Ðåãèñòðàöèÿ;äîñüå;0;AUTO
ÎÑÖ Íèæíèé Íîâãîðîä;Àðõèâ ¹1 Íèæíèé Íîâãîðîä;RG 0001 263 00 02;Ðåãèñòðàöèÿ ïî ÁÏ;ÂÑÏ;263;Ðåãèñòðàöèÿ;äîñüå;0;AUTO
ÎÑÖ Íîâîñèáèðñê;Âíå ïîäðàçäåëåíèé;RG 0001 263 00 02;Ðåãèñòðàöèÿ ïî ÁÏ;ÂÑÏ;263;Ðåãèñòðàöèÿ;äîñüå;0;AUTO
ÎÑÖ Íîâîñèáèðñê;Àðõèâ ¹1 Íîâîñèáèðñê;RG 0001 263 00 02;Ðåãèñòðàöèÿ ïî ÁÏ;ÂÑÏ;263;Ðåãèñòðàöèÿ;äîñüå;0;AUTO
ÎÑÖ Íîâîñèáèðñê;Àðõèâ ¹3 Åêàòåðèíáóðã;RG 0001 263 00 02;Ðåãèñòðàöèÿ ïî ÁÏ;ÂÑÏ;263;Ðåãèñòðàöèÿ;äîñüå;0;AUTO
ÎÑÖ Ñàìàðà;Âíå ïîäðàçäåëåíèé;RG 0001 263 00 02;Ðåãèñòðàöèÿ ïî ÁÏ;ÂÑÏ;263;Ðåãèñòðàöèÿ;äîñüå;0;AUTO
ÎÑÖ Ñàìàðà;Àðõèâ ¹1 Ñàìàðà;RG 0001 263 00 02;Ðåãèñòðàöèÿ ïî ÁÏ;ÂÑÏ;263;Ðåãèñòðàöèÿ;äîñüå;0;AUTO
ÎÑÖ Âîðîíåæ;Âíå ïîäðàçäåëåíèé;RG 0001 099 00 02;Ðåãèñòðàöèÿ ïî ÁÏ;ÂÑÏ;99;Ðåãèñòðàöèÿ;äîñüå;0;AUTO
ÎÑÖ Âîðîíåæ;Àðõèâ ¹1 Âîðîíåæ;RG 0001 099 00 02;Ðåãèñòðàöèÿ ïî ÁÏ;ÂÑÏ;99;Ðåãèñòðàöèÿ;äîñüå;0;AUTO
ÎÑÖ Âîðîíåæ;Àðõèâ ¹3 Êàëèíèíãðàä;RG 0001 099 00 02;Ðåãèñòðàöèÿ ïî ÁÏ;ÂÑÏ;99;Ðåãèñòðàöèÿ;äîñüå;0;AUTO
ÎÑÖ Âîðîíåæ;Àðõèâ ¹4 Ñàíêò-Ïåòåðáóðã;RG 0001 099 00 02;Ðåãèñòðàöèÿ ïî ÁÏ;ÂÑÏ;99;Ðåãèñòðàöèÿ;äîñüå;0;AUTO
ÎÑÖ Ìîñêâà;Âíå ïîäðàçäåëåíèé;RG 0001 099 00 02;Ðåãèñòðàöèÿ ïî ÁÏ;ÂÑÏ;99;Ðåãèñòðàöèÿ;äîñüå;0;AUTO
ÎÑÖ Ìîñêâà;Àðõèâ ¹1 Òîìèëèíî;RG 0001 099 00 02;Ðåãèñòðàöèÿ ïî ÁÏ;ÂÑÏ;99;Ðåãèñòðàöèÿ;äîñüå;0;AUTO
ÎÑÖ Íèæíèé Íîâãîðîä;Âíå ïîäðàçäåëåíèé;RG 0001 099 00 02;Ðåãèñòðàöèÿ ïî ÁÏ;ÂÑÏ;99;Ðåãèñòðàöèÿ;äîñüå;0;AUTO
ÎÑÖ Íèæíèé Íîâãîðîä;Àðõèâ ¹1 Íèæíèé Íîâãîðîä;RG 0001 099 00 02;Ðåãèñòðàöèÿ ïî ÁÏ;ÂÑÏ;99;Ðåãèñòðàöèÿ;äîñüå;0;AUTO
ÎÑÖ Íîâîñèáèðñê;Âíå ïîäðàçäåëåíèé;RG 0001 099 00 02;Ðåãèñòðàöèÿ ïî ÁÏ;ÂÑÏ;99;Ðåãèñòðàöèÿ;äîñüå;0;AUTO
ÎÑÖ Íîâîñèáèðñê;Àðõèâ ¹1 Íîâîñèáèðñê;RG 0001 099 00 02;Ðåãèñòðàöèÿ ïî ÁÏ;ÂÑÏ;99;Ðåãèñòðàöèÿ;äîñüå;0;AUTO
ÎÑÖ Íîâîñèáèðñê;Àðõèâ ¹3 Åêàòåðèíáóðã;RG 0001 099 00 02;Ðåãèñòðàöèÿ ïî ÁÏ;ÂÑÏ;99;Ðåãèñòðàöèÿ;äîñüå;0;AUTO
ÎÑÖ Ñàìàðà;Âíå ïîäðàçäåëåíèé;RG 0001 099 00 02;Ðåãèñòðàöèÿ ïî ÁÏ;ÂÑÏ;99;Ðåãèñòðàöèÿ;äîñüå;0;AUTO
ÎÑÖ Ñàìàðà;Àðõèâ ¹1 Ñàìàðà;RG 0001 099 00 02;Ðåãèñòðàöèÿ ïî ÁÏ;ÂÑÏ;99;Ðåãèñòðàöèÿ;äîñüå;0;AUTO
ÎÑÖ Âîðîíåæ;Âíå ïîäðàçäåëåíèé;RG 0001 141 00 02;Ðåãèñòðàöèÿ ïî ÁÏ;ÂÑÏ;141;Ðåãèñòðàöèÿ;äîñüå;0;AUTO
ÎÑÖ Âîðîíåæ;Àðõèâ ¹1 Âîðîíåæ;RG 0001 141 00 02;Ðåãèñòðàöèÿ ïî ÁÏ;ÂÑÏ;141;Ðåãèñòðàöèÿ;äîñüå;13;AUTO
ÎÑÖ Âîðîíåæ;Àðõèâ ¹3 Êàëèíèíãðàä;RG 0001 141 00 02;Ðåãèñòðàöèÿ ïî ÁÏ;ÂÑÏ;141;Ðåãèñòðàöèÿ;äîñüå;11,5;AUTO
ÎÑÖ Âîðîíåæ;Àðõèâ ¹4 Ñàíêò-Ïåòåðáóðã;RG 0001 141 00 02;Ðåãèñòðàöèÿ ïî ÁÏ;ÂÑÏ;141;Ðåãèñòðàöèÿ;äîñüå;8,254;AUTO
ÎÑÖ Ìîñêâà;Âíå ïîäðàçäåëåíèé;RG 0001 141 00 02;Ðåãèñòðàöèÿ ïî ÁÏ;ÂÑÏ;141;Ðåãèñòðàöèÿ;äîñüå;0;AUTO
ÎÑÖ Ìîñêâà;Àðõèâ ¹1 Òîìèëèíî;RG 0001 141 00 02;Ðåãèñòðàöèÿ ïî ÁÏ;ÂÑÏ;141;Ðåãèñòðàöèÿ;äîñüå;18,433;AUTO
ÎÑÖ Íèæíèé Íîâãîðîä;Âíå ïîäðàçäåëåíèé;RG 0001 141 00 02;Ðåãèñòðàöèÿ ïî ÁÏ;ÂÑÏ;141;Ðåãèñòðàöèÿ;äîñüå;0;AUTO
ÎÑÖ Íèæíèé Íîâãîðîä;Àðõèâ ¹1 Íèæíèé Íîâãîðîä;RG 0001 141 00 02;Ðåãèñòðàöèÿ ïî ÁÏ;ÂÑÏ;141;Ðåãèñòðàöèÿ;äîñüå;11;AUTO
ÎÑÖ Íîâîñèáèðñê;Âíå ïîäðàçäåëåíèé;RG 0001 141 00 02;Ðåãèñòðàöèÿ ïî ÁÏ;ÂÑÏ;141;Ðåãèñòðàöèÿ;äîñüå;0;AUTO
ÎÑÖ Íîâîñèáèðñê;Àðõèâ ¹1 Íîâîñèáèðñê;RG 0001 141 00 02;Ðåãèñòðàöèÿ ïî ÁÏ;ÂÑÏ;141;Ðåãèñòðàöèÿ;äîñüå;11,233;AUTO
ÎÑÖ Íîâîñèáèðñê;Àðõèâ ¹3 Åêàòåðèíáóðã;RG 0001 141 00 02;Ðåãèñòðàöèÿ ïî ÁÏ;ÂÑÏ;141;Ðåãèñòðàöèÿ;äîñüå;11,067;AUTO
ÎÑÖ Ñàìàðà;Âíå ïîäðàçäåëåíèé;RG 0001 141 00 02;Ðåãèñòðàöèÿ ïî ÁÏ;ÂÑÏ;141;Ðåãèñòðàöèÿ;äîñüå;0;AUTO
ÎÑÖ Ñàìàðà;Àðõèâ ¹1 Ñàìàðà;RG 0001 141 00 02;Ðåãèñòðàöèÿ ïî ÁÏ;ÂÑÏ;141;Ðåãèñòðàöèÿ;äîñüå;20;AUTO
ÎÑÖ Âîðîíåæ;Âíå ïîäðàçäåëåíèé;RG 0001 148 00 02;Ðåãèñòðàöèÿ ïî ÁÏ;ÂÑÏ;148;Ðåãèñòðàöèÿ;äîñüå;0;AUTO
ÎÑÖ Âîðîíåæ;Àðõèâ ¹1 Âîðîíåæ;RG 0001 148 00 02;Ðåãèñòðàöèÿ ïî ÁÏ;ÂÑÏ;148;Ðåãèñòðàöèÿ;äîñüå;28;AUTO
ÎÑÖ Âîðîíåæ;Àðõèâ ¹3 Êàëèíèíãðàä;RG 0001 148 00 02;Ðåãèñòðàöèÿ ïî ÁÏ;ÂÑÏ;148;Ðåãèñòðàöèÿ;äîñüå;15,2;AUTO
ÎÑÖ Âîðîíåæ;Àðõèâ ¹4 Ñàíêò-Ïåòåðáóðã;RG 0001 148 00 02;Ðåãèñòðàöèÿ ïî ÁÏ;ÂÑÏ;148;Ðåãèñòðàöèÿ;äîñüå;13,103;AUTO
ÎÑÖ Ìîñêâà;Âíå ïîäðàçäåëåíèé;RG 0001 148 00 02;Ðåãèñòðàöèÿ ïî ÁÏ;ÂÑÏ;148;Ðåãèñòðàöèÿ;äîñüå;0;AUTO
ÎÑÖ Ìîñêâà;Àðõèâ ¹1 Òîìèëèíî;RG 0001 148 00 02;Ðåãèñòðàöèÿ ïî ÁÏ;ÂÑÏ;148;Ðåãèñòðàöèÿ;äîñüå;16;AUTO
ÎÑÖ Íèæíèé Íîâãîðîä;Âíå ïîäðàçäåëåíèé;RG 0001 148 00 02;Ðåãèñòðàöèÿ ïî ÁÏ;ÂÑÏ;148;Ðåãèñòðàöèÿ;äîñüå;0;AUTO
ÎÑÖ Íèæíèé Íîâãîðîä;Àðõèâ ¹1 Íèæíèé Íîâãîðîä;RG 0001 148 00 02;Ðåãèñòðàöèÿ ïî ÁÏ;ÂÑÏ;148;Ðåãèñòðàöèÿ;äîñüå;13;AUTO
ÎÑÖ Íîâîñèáèðñê;Âíå ïîäðàçäåëåíèé;RG 0001 148 00 02;Ðåãèñòðàöèÿ ïî ÁÏ;ÂÑÏ;148;Ðåãèñòðàöèÿ;äîñüå;0;AUTO
ÎÑÖ Íîâîñèáèðñê;Àðõèâ ¹1 Íîâîñèáèðñê;RG 0001 148 00 02;Ðåãèñòðàöèÿ ïî ÁÏ;ÂÑÏ;148;Ðåãèñòðàöèÿ;äîñüå;13,431;AUTO
ÎÑÖ Íîâîñèáèðñê;Àðõèâ ¹3 Åêàòåðèíáóðã;RG 0001 148 00 02;Ðåãèñòðàöèÿ ïî ÁÏ;ÂÑÏ;148;Ðåãèñòðàöèÿ;äîñüå;11,294;AUTO
ÎÑÖ Ñàìàðà;Âíå ïîäðàçäåëåíèé;RG 0001 148 00 02;Ðåãèñòðàöèÿ ïî ÁÏ;ÂÑÏ;148;Ðåãèñòðàöèÿ;äîñüå;0;AUTO
ÎÑÖ Ñàìàðà;Àðõèâ ¹1 Ñàìàðà;RG 0001 148 00 02;Ðåãèñòðàöèÿ ïî ÁÏ;ÂÑÏ;148;Ðåãèñòðàöèÿ;äîñüå;15;AUTO
ÎÑÖ Âîðîíåæ;Âíå ïîäðàçäåëåíèé;RG 0001 149 00 02;Ðåãèñòðàöèÿ ïî ÁÏ;ÂÑÏ;149;Ðåãèñòðàöèÿ;äîñüå;0;AUTO
ÎÑÖ Âîðîíåæ;Àðõèâ ¹1 Âîðîíåæ;RG 0001 149 00 02;Ðåãèñòðàöèÿ ïî ÁÏ;ÂÑÏ;149;Ðåãèñòðàöèÿ;äîñüå;14;AUTO
ÎÑÖ Âîðîíåæ;Àðõèâ ¹3 Êàëèíèíãðàä;RG 0001 149 00 02;Ðåãèñòðàöèÿ ïî ÁÏ;ÂÑÏ;149;Ðåãèñòðàöèÿ;äîñüå;13,092;AUTO
ÎÑÖ Âîðîíåæ;Àðõèâ ¹4 Ñàíêò-Ïåòåðáóðã;RG 0001 149 00 02;Ðåãèñòðàöèÿ ïî ÁÏ;ÂÑÏ;149;Ðåãèñòðàöèÿ;äîñüå;11,933;AUTO
ÎÑÖ Ìîñêâà;Âíå ïîäðàçäåëåíèé;RG 0001 149 00 02;Ðåãèñòðàöèÿ ïî ÁÏ;ÂÑÏ;149;Ðåãèñòðàöèÿ;äîñüå;0;AUTO
ÎÑÖ Ìîñêâà;Àðõèâ ¹1 Òîìèëèíî;RG 0001 149 00 02;Ðåãèñòðàöèÿ ïî ÁÏ;ÂÑÏ;149;Ðåãèñòðàöèÿ;äîñüå;13;AUTO
ÎÑÖ Íèæíèé Íîâãîðîä;Âíå ïîäðàçäåëåíèé;RG 0001 149 00 02;Ðåãèñòðàöèÿ ïî ÁÏ;ÂÑÏ;149;Ðåãèñòðàöèÿ;äîñüå;0;AUTO
ÎÑÖ Íèæíèé Íîâãîðîä;Àðõèâ ¹1 Íèæíèé Íîâãîðîä;RG 0001 149 00 02;Ðåãèñòðàöèÿ ïî ÁÏ;ÂÑÏ;149;Ðåãèñòðàöèÿ;äîñüå;25;AUTO
ÎÑÖ Íîâîñèáèðñê;Âíå ïîäðàçäåëåíèé;RG 0001 149 00 02;Ðåãèñòðàöèÿ ïî ÁÏ;ÂÑÏ;149;Ðåãèñòðàöèÿ;äîñüå;0;AUTO
ÎÑÖ Íîâîñèáèðñê;Àðõèâ ¹1 Íîâîñèáèðñê;RG 0001 149 00 02;Ðåãèñòðàöèÿ ïî ÁÏ;ÂÑÏ;149;Ðåãèñòðàöèÿ;äîñüå;13,1;AUTO
ÎÑÖ Íîâîñèáèðñê;Àðõèâ ¹3 Åêàòåðèíáóðã;RG 0001 149 00 02;Ðåãèñòðàöèÿ ïî ÁÏ;ÂÑÏ;149;Ðåãèñòðàöèÿ;äîñüå;12,8;AUTO
ÎÑÖ Ñàìàðà;Âíå ïîäðàçäåëåíèé;RG 0001 149 00 02;Ðåãèñòðàöèÿ ïî ÁÏ;ÂÑÏ;149;Ðåãèñòðàöèÿ;äîñüå;0;AUTO
ÎÑÖ Ñàìàðà;Àðõèâ ¹1 Ñàìàðà;RG 0001 149 00 02;Ðåãèñòðàöèÿ ïî ÁÏ;ÂÑÏ;149;Ðåãèñòðàöèÿ;äîñüå;15;AUTO
ÎÑÖ Âîðîíåæ;Âíå ïîäðàçäåëåíèé;RG 0001 011 00 02;Ðåãèñòðàöèÿ ïî ÁÏ;ÂÑÏ;11;Ðåãèñòðàöèÿ;äîñüå;0;AUTO
ÎÑÖ Âîðîíåæ;Àðõèâ ¹1 Âîðîíåæ;RG 0001 011 00 02;Ðåãèñòðàöèÿ ïî ÁÏ;ÂÑÏ;11;Ðåãèñòðàöèÿ;äîñüå;0;AUTO
ÎÑÖ Âîðîíåæ;Àðõèâ ¹3 Êàëèíèíãðàä;RG 0001 011 00 02;Ðåãèñòðàöèÿ ïî ÁÏ;ÂÑÏ;11;Ðåãèñòðàöèÿ;äîñüå;0;AUTO
ÎÑÖ Âîðîíåæ;Àðõèâ ¹4 Ñàíêò-Ïåòåðáóðã;RG 0001 011 00 02;Ðåãèñòðàöèÿ ïî ÁÏ;ÂÑÏ;11;Ðåãèñòðàöèÿ;äîñüå;17,174;AUTO
ÎÑÖ Ìîñêâà;Âíå ïîäðàçäåëåíèé;RG 0001 011 00 02;Ðåãèñòðàöèÿ ïî ÁÏ;ÂÑÏ;11;Ðåãèñòðàöèÿ;äîñüå;0;AUTO
ÎÑÖ Ìîñêâà;Àðõèâ ¹1 Òîìèëèíî;RG 0001 011 00 02;Ðåãèñòðàöèÿ ïî ÁÏ;ÂÑÏ;11;Ðåãèñòðàöèÿ;äîñüå;15,041;AUTO
ÎÑÖ Íèæíèé Íîâãîðîä;Âíå ïîäðàçäåëåíèé;RG 0001 011 00 02;Ðåãèñòðàöèÿ ïî ÁÏ;ÂÑÏ;11;Ðåãèñòðàöèÿ;äîñüå;0;AUTO
ÎÑÖ Íèæíèé Íîâãîðîä;Àðõèâ ¹1 Íèæíèé Íîâãîðîä;RG 0001 011 00 02;Ðåãèñòðàöèÿ ïî ÁÏ;ÂÑÏ;11;Ðåãèñòðàöèÿ;äîñüå;15,091;AUTO
ÎÑÖ Íîâîñèáèðñê;Âíå ïîäðàçäåëåíèé;RG 0001 011 00 02;Ðåãèñòðàöèÿ ïî ÁÏ;ÂÑÏ;11;Ðåãèñòðàöèÿ;äîñüå;0;AUTO
ÎÑÖ Íîâîñèáèðñê;Àðõèâ ¹1 Íîâîñèáèðñê;RG 0001 011 00 02;Ðåãèñòðàöèÿ ïî ÁÏ;ÂÑÏ;11;Ðåãèñòðàöèÿ;äîñüå;17,578;AUTO
ÎÑÖ Íîâîñèáèðñê;Àðõèâ ¹3 Åêàòåðèíáóðã;RG 0001 011 00 02;Ðåãèñòðàöèÿ ïî ÁÏ;ÂÑÏ;11;Ðåãèñòðàöèÿ;äîñüå;17,312;AUTO
ÎÑÖ Ñàìàðà;Âíå ïîäðàçäåëåíèé;RG 0001 011 00 02;Ðåãèñòðàöèÿ ïî ÁÏ;ÂÑÏ;11;Ðåãèñòðàöèÿ;äîñüå;0;AUTO
ÎÑÖ Ñàìàðà;Àðõèâ ¹1 Ñàìàðà;RG 0001 011 00 02;Ðåãèñòðàöèÿ ïî ÁÏ;ÂÑÏ;11;Ðåãèñòðàöèÿ;äîñüå;17,204;AUTO
ÎÑÖ Âîðîíåæ;Âíå ïîäðàçäåëåíèé;RG 0001 211 00 02;Ðåãèñòðàöèÿ ïî ÁÏ;ÂÑÏ;211;Ðåãèñòðàöèÿ;äîñüå;0;AUTO
ÎÑÖ Âîðîíåæ;Àðõèâ ¹1 Âîðîíåæ;RG 0001 211 00 02;Ðåãèñòðàöèÿ ïî ÁÏ;ÂÑÏ;211;Ðåãèñòðàöèÿ;äîñüå;18,1;AUTO
ÎÑÖ Âîðîíåæ;Àðõèâ ¹3 Êàëèíèíãðàä;RG 0001 211 00 02;Ðåãèñòðàöèÿ ïî ÁÏ;ÂÑÏ;211;Ðåãèñòðàöèÿ;äîñüå;17,925;AUTO
ÎÑÖ Âîðîíåæ;Àðõèâ ¹4 Ñàíêò-Ïåòåðáóðã;RG 0001 211 00 02;Ðåãèñòðàöèÿ ïî ÁÏ;ÂÑÏ;211;Ðåãèñòðàöèÿ;äîñüå;12,005;AUTO
ÎÑÖ Ìîñêâà;Âíå ïîäðàçäåëåíèé;RG 0001 211 00 02;Ðåãèñòðàöèÿ ïî ÁÏ;ÂÑÏ;211;Ðåãèñòðàöèÿ;äîñüå;0;AUTO
ÎÑÖ Ìîñêâà;Àðõèâ ¹1 Òîìèëèíî;RG 0001 211 00 02;Ðåãèñòðàöèÿ ïî ÁÏ;ÂÑÏ;211;Ðåãèñòðàöèÿ;äîñüå;18,033;AUTO
ÎÑÖ Íèæíèé Íîâãîðîä;Âíå ïîäðàçäåëåíèé;RG 0001 211 00 02;Ðåãèñòðàöèÿ ïî ÁÏ;ÂÑÏ;211;Ðåãèñòðàöèÿ;äîñüå;0;AUTO
ÎÑÖ Íèæíèé Íîâãîðîä;Àðõèâ ¹1 Íèæíèé Íîâãîðîä;RG 0001 211 00 02;Ðåãèñòðàöèÿ ïî ÁÏ;ÂÑÏ;211;Ðåãèñòðàöèÿ;äîñüå;17,832;AUTO
ÎÑÖ Íîâîñèáèðñê;Âíå ïîäðàçäåëåíèé;RG 0001 211 00 02;Ðåãèñòðàöèÿ ïî ÁÏ;ÂÑÏ;211;Ðåãèñòðàöèÿ;äîñüå;0;AUTO
ÎÑÖ Íîâîñèáèðñê;Àðõèâ ¹1 Íîâîñèáèðñê;RG 0001 211 00 02;Ðåãèñòðàöèÿ ïî ÁÏ;ÂÑÏ;211;Ðåãèñòðàöèÿ;äîñüå;17,918;AUTO
ÎÑÖ Íîâîñèáèðñê;Àðõèâ ¹3 Åêàòåðèíáóðã;RG 0001 211 00 02;Ðåãèñòðàöèÿ ïî ÁÏ;ÂÑÏ;211;Ðåãèñòðàöèÿ;äîñüå;18,217;AUTO
ÎÑÖ Ñàìàðà;Âíå ïîäðàçäåëåíèé;RG 0001 211 00 02;Ðåãèñòðàöèÿ ïî ÁÏ;ÂÑÏ;211;Ðåãèñòðàöèÿ;äîñüå;0;AUTO
ÎÑÖ Ñàìàðà;Àðõèâ ¹1 Ñàìàðà;RG 0001 211 00 02;Ðåãèñòðàöèÿ ïî ÁÏ;ÂÑÏ;211;Ðåãèñòðàöèÿ;äîñüå;16,45;AUTO
ÎÑÖ Âîðîíåæ;Âíå ïîäðàçäåëåíèé;RG 0001 020 00 02;Ðåãèñòðàöèÿ ïî ÁÏ;ÂÑÏ;20;Ðåãèñòðàöèÿ;äîñüå;0;AUTO
ÎÑÖ Âîðîíåæ;Àðõèâ ¹1 Âîðîíåæ;RG 0001 020 00 02;Ðåãèñòðàöèÿ ïî ÁÏ;ÂÑÏ;20;Ðåãèñòðàöèÿ;äîñüå;0;AUTO
ÎÑÖ Âîðîíåæ;Àðõèâ ¹3 Êàëèíèíãðàä;RG 0001 020 00 02;Ðåãèñòðàöèÿ ïî ÁÏ;ÂÑÏ;20;Ðåãèñòðàöèÿ;äîñüå;0;AUTO
ÎÑÖ Âîðîíåæ;Àðõèâ ¹4 Ñàíêò-Ïåòåðáóðã;RG 0001 020 00 02;Ðåãèñòðàöèÿ ïî ÁÏ;ÂÑÏ;20;Ðåãèñòðàöèÿ;äîñüå;0;AUTO
ÎÑÖ Ìîñêâà;Âíå ïîäðàçäåëåíèé;RG 0001 020 00 02;Ðåãèñòðàöèÿ ïî ÁÏ;ÂÑÏ;20;Ðåãèñòðàöèÿ;äîñüå;0;AUTO
ÎÑÖ Ìîñêâà;Àðõèâ ¹1 Òîìèëèíî;RG 0001 020 00 02;Ðåãèñòðàöèÿ ïî ÁÏ;ÂÑÏ;20;Ðåãèñòðàöèÿ;äîñüå;0;AUTO
ÎÑÖ Íèæíèé Íîâãîðîä;Âíå ïîäðàçäåëåíèé;RG 0001 020 00 02;Ðåãèñòðàöèÿ ïî ÁÏ;ÂÑÏ;20;Ðåãèñòðàöèÿ;äîñüå;0;AUTO
ÎÑÖ Íèæíèé Íîâãîðîä;Àðõèâ ¹1 Íèæíèé Íîâãîðîä;RG 0001 020 00 02;Ðåãèñòðàöèÿ ïî ÁÏ;ÂÑÏ;20;Ðåãèñòðàöèÿ;äîñüå;0;AUTO
ÎÑÖ Íîâîñèáèðñê;Âíå ïîäðàçäåëåíèé;RG 0001 020 00 02;Ðåãèñòðàöèÿ ïî ÁÏ;ÂÑÏ;20;Ðåãèñòðàöèÿ;äîñüå;0;AUTO
ÎÑÖ Íîâîñèáèðñê;Àðõèâ ¹1 Íîâîñèáèðñê;RG 0001 020 00 02;Ðåãèñòðàöèÿ ïî ÁÏ;ÂÑÏ;20;Ðåãèñòðàöèÿ;äîñüå;0;AUTO
ÎÑÖ Íîâîñèáèðñê;Àðõèâ ¹3 Åêàòåðèíáóðã;RG 0001 020 00 02;Ðåãèñòðàöèÿ ïî ÁÏ;ÂÑÏ;20;Ðåãèñòðàöèÿ;äîñüå;0;AUTO
ÎÑÖ Ñàìàðà;Âíå ïîäðàçäåëåíèé;RG 0001 020 00 02;Ðåãèñòðàöèÿ ïî ÁÏ;ÂÑÏ;20;Ðåãèñòðàöèÿ;äîñüå;0;AUTO
ÎÑÖ Ñàìàðà;Àðõèâ ¹1 Ñàìàðà;RG 0001 020 00 02;Ðåãèñòðàöèÿ ïî ÁÏ;ÂÑÏ;20;Ðåãèñòðàöèÿ;äîñüå;0;AUTO
ÎÑÖ Âîðîíåæ;Âíå ïîäðàçäåëåíèé;RG 0001 241 00 02;Ðåãèñòðàöèÿ ïî ÁÏ;ÂÑÏ;241;Ðåãèñòðàöèÿ;äîñüå;0;AUTO
ÎÑÖ Âîðîíåæ;Àðõèâ ¹1 Âîðîíåæ;RG 0001 241 00 02;Ðåãèñòðàöèÿ ïî ÁÏ;ÂÑÏ;241;Ðåãèñòðàöèÿ;äîñüå;0;AUTO
ÎÑÖ Âîðîíåæ;Àðõèâ ¹3 Êàëèíèíãðàä;RG 0001 241 00 02;Ðåãèñòðàöèÿ ïî ÁÏ;ÂÑÏ;241;Ðåãèñòðàöèÿ;äîñüå;0;AUTO
ÎÑÖ Âîðîíåæ;Àðõèâ ¹4 Ñàíêò-Ïåòåðáóðã;RG 0001 241 00 02;Ðåãèñòðàöèÿ ïî ÁÏ;ÂÑÏ;241;Ðåãèñòðàöèÿ;äîñüå;0;AUTO
ÎÑÖ Ìîñêâà;Âíå ïîäðàçäåëåíèé;RG 0001 241 00 02;Ðåãèñòðàöèÿ ïî ÁÏ;ÂÑÏ;241;Ðåãèñòðàöèÿ;äîñüå;0;AUTO
ÎÑÖ Ìîñêâà;Àðõèâ ¹1 Òîìèëèíî;RG 0001 241 00 02;Ðåãèñòðàöèÿ ïî ÁÏ;ÂÑÏ;241;Ðåãèñòðàöèÿ;äîñüå;0;AUTO
ÎÑÖ Íèæíèé Íîâãîðîä;Âíå ïîäðàçäåëåíèé;RG 0001 241 00 02;Ðåãèñòðàöèÿ ïî ÁÏ;ÂÑÏ;241;Ðåãèñòðàöèÿ;äîñüå;0;AUTO
ÎÑÖ Íèæíèé Íîâãîðîä;Àðõèâ ¹1 Íèæíèé Íîâãîðîä;RG 0001 241 00 02;Ðåãèñòðàöèÿ ïî ÁÏ;ÂÑÏ;241;Ðåãèñòðàöèÿ;äîñüå;0;AUTO
ÎÑÖ Íîâîñèáèðñê;Âíå ïîäðàçäåëåíèé;RG 0001 241 00 02;Ðåãèñòðàöèÿ ïî ÁÏ;ÂÑÏ;241;Ðåãèñòðàöèÿ;äîñüå;0;AUTO
ÎÑÖ Íîâîñèáèðñê;Àðõèâ ¹1 Íîâîñèáèðñê;RG 0001 241 00 02;Ðåãèñòðàöèÿ ïî ÁÏ;ÂÑÏ;241;Ðåãèñòðàöèÿ;äîñüå;0;AUTO
ÎÑÖ Íîâîñèáèðñê;Àðõèâ ¹3 Åêàòåðèíáóðã;RG 0001 241 00 02;Ðåãèñòðàöèÿ ïî ÁÏ;ÂÑÏ;241;Ðåãèñòðàöèÿ;äîñüå;0;AUTO
ÎÑÖ Ñàìàðà;Âíå ïîäðàçäåëåíèé;RG 0001 241 00 02;Ðåãèñòðàöèÿ ïî ÁÏ;ÂÑÏ;241;Ðåãèñòðàöèÿ;äîñüå;0;AUTO
ÎÑÖ Ñàìàðà;Àðõèâ ¹1 Ñàìàðà;RG 0001 241 00 02;Ðåãèñòðàöèÿ ïî ÁÏ;ÂÑÏ;241;Ðåãèñòðàöèÿ;äîñüå;0;AUTO
ÎÑÖ Âîðîíåæ;Âíå ïîäðàçäåëåíèé;RG 0001 043 00 02;Ðåãèñòðàöèÿ ïî ÁÏ;ÂÑÏ;43;Ðåãèñòðàöèÿ;äîñüå;0;AUTO
ÎÑÖ Âîðîíåæ;Àðõèâ ¹1 Âîðîíåæ;RG 0001 043 00 02;Ðåãèñòðàöèÿ ïî ÁÏ;ÂÑÏ;43;Ðåãèñòðàöèÿ;äîñüå;0;AUTO
ÎÑÖ Âîðîíåæ;Àðõèâ ¹3 Êàëèíèíãðàä;RG 0001 043 00 02;Ðåãèñòðàöèÿ ïî ÁÏ;ÂÑÏ;43;Ðåãèñòðàöèÿ;äîñüå;0;AUTO
ÎÑÖ Âîðîíåæ;Àðõèâ ¹4 Ñàíêò-Ïåòåðáóðã;RG 0001 043 00 02;Ðåãèñòðàöèÿ ïî ÁÏ;ÂÑÏ;43;Ðåãèñòðàöèÿ;äîñüå;0;AUTO
ÎÑÖ Ìîñêâà;Âíå ïîäðàçäåëåíèé;RG 0001 043 00 02;Ðåãèñòðàöèÿ ïî ÁÏ;ÂÑÏ;43;Ðåãèñòðàöèÿ;äîñüå;0;AUTO
ÎÑÖ Ìîñêâà;Àðõèâ ¹1 Òîìèëèíî;RG 0001 043 00 02;Ðåãèñòðàöèÿ ïî ÁÏ;ÂÑÏ;43;Ðåãèñòðàöèÿ;äîñüå;45,367;AUTO
ÎÑÖ Íèæíèé Íîâãîðîä;Âíå ïîäðàçäåëåíèé;RG 0001 043 00 02;Ðåãèñòðàöèÿ ïî ÁÏ;ÂÑÏ;43;Ðåãèñòðàöèÿ;äîñüå;0;AUTO
ÎÑÖ Íèæíèé Íîâãîðîä;Àðõèâ ¹1 Íèæíèé Íîâãîðîä;RG 0001 043 00 02;Ðåãèñòðàöèÿ ïî ÁÏ;ÂÑÏ;43;Ðåãèñòðàöèÿ;äîñüå;0;AUTO
ÎÑÖ Íîâîñèáèðñê;Âíå ïîäðàçäåëåíèé;RG 0001 043 00 02;Ðåãèñòðàöèÿ ïî ÁÏ;ÂÑÏ;43;Ðåãèñòðàöèÿ;äîñüå;0;AUTO
ÎÑÖ Íîâîñèáèðñê;Àðõèâ ¹1 Íîâîñèáèðñê;RG 0001 043 00 02;Ðåãèñòðàöèÿ ïî ÁÏ;ÂÑÏ;43;Ðåãèñòðàöèÿ;äîñüå;0;AUTO
ÎÑÖ Íîâîñèáèðñê;Àðõèâ ¹3 Åêàòåðèíáóðã;RG 0001 043 00 02;Ðåãèñòðàöèÿ ïî ÁÏ;ÂÑÏ;43;Ðåãèñòðàöèÿ;äîñüå;42,567;AUTO
ÎÑÖ Ñàìàðà;Âíå ïîäðàçäåëåíèé;RG 0001 043 00 02;Ðåãèñòðàöèÿ ïî ÁÏ;ÂÑÏ;43;Ðåãèñòðàöèÿ;äîñüå;0;AUTO
ÎÑÖ Ñàìàðà;Àðõèâ ¹1 Ñàìàðà;RG 0001 043 00 02;Ðåãèñòðàöèÿ ïî ÁÏ;ÂÑÏ;43;Ðåãèñòðàöèÿ;äîñüå;0;AUTO
ÎÑÖ Âîðîíåæ;Âíå ïîäðàçäåëåíèé;RG 0001 012 00 02;Ðåãèñòðàöèÿ ïî ÁÏ;ÂÑÏ;12;Ðåãèñòðàöèÿ;äîñüå;0;AUTO
ÎÑÖ Âîðîíåæ;Àðõèâ ¹1 Âîðîíåæ;RG 0001 012 00 02;Ðåãèñòðàöèÿ ïî ÁÏ;ÂÑÏ;12;Ðåãèñòðàöèÿ;äîñüå;0;AUTO
ÎÑÖ Âîðîíåæ;Àðõèâ ¹3 Êàëèíèíãðàä;RG 0001 012 00 02;Ðåãèñòðàöèÿ ïî ÁÏ;ÂÑÏ;12;Ðåãèñòðàöèÿ;äîñüå;0;AUTO
ÎÑÖ Âîðîíåæ;Àðõèâ ¹4 Ñàíêò-Ïåòåðáóðã;RG 0001 012 00 02;Ðåãèñòðàöèÿ ïî ÁÏ;ÂÑÏ;12;Ðåãèñòðàöèÿ;äîñüå;0;AUTO
ÎÑÖ Ìîñêâà;Âíå ïîäðàçäåëåíèé;RG 0001 012 00 02;Ðåãèñòðàöèÿ ïî ÁÏ;ÂÑÏ;12;Ðåãèñòðàöèÿ;äîñüå;0;AUTO
ÎÑÖ Ìîñêâà;Àðõèâ ¹1 Òîìèëèíî;RG 0001 012 00 02;Ðåãèñòðàöèÿ ïî ÁÏ;ÂÑÏ;12;Ðåãèñòðàöèÿ;äîñüå;45,367;AUTO
ÎÑÖ Íèæíèé Íîâãîðîä;Âíå ïîäðàçäåëåíèé;RG 0001 012 00 02;Ðåãèñòðàöèÿ ïî ÁÏ;ÂÑÏ;12;Ðåãèñòðàöèÿ;äîñüå;0;AUTO
ÎÑÖ Íèæíèé Íîâãîðîä;Àðõèâ ¹1 Íèæíèé Íîâãîðîä;RG 0001 012 00 02;Ðåãèñòðàöèÿ ïî ÁÏ;ÂÑÏ;12;Ðåãèñòðàöèÿ;äîñüå;54,134;AUTO
ÎÑÖ Íîâîñèáèðñê;Âíå ïîäðàçäåëåíèé;RG 0001 012 00 02;Ðåãèñòðàöèÿ ïî ÁÏ;ÂÑÏ;12;Ðåãèñòðàöèÿ;äîñüå;0;AUTO
ÎÑÖ Íîâîñèáèðñê;Àðõèâ ¹1 Íîâîñèáèðñê;RG 0001 012 00 02;Ðåãèñòðàöèÿ ïî ÁÏ;ÂÑÏ;12;Ðåãèñòðàöèÿ;äîñüå;0;AUTO
ÎÑÖ Íîâîñèáèðñê;Àðõèâ ¹3 Åêàòåðèíáóðã;RG 0001 012 00 02;Ðåãèñòðàöèÿ ïî ÁÏ;ÂÑÏ;12;Ðåãèñòðàöèÿ;äîñüå;0;AUTO
ÎÑÖ Ñàìàðà;Âíå ïîäðàçäåëåíèé;RG 0001 012 00 02;Ðåãèñòðàöèÿ ïî ÁÏ;ÂÑÏ;12;Ðåãèñòðàöèÿ;äîñüå;0;AUTO
ÎÑÖ Ñàìàðà;Àðõèâ ¹1 Ñàìàðà;RG 0001 012 00 02;Ðåãèñòðàöèÿ ïî ÁÏ;ÂÑÏ;12;Ðåãèñòðàöèÿ;äîñüå;0;AUTO
ÎÑÖ Âîðîíåæ;Âíå ïîäðàçäåëåíèé;RG 0001 236 00 02;Ðåãèñòðàöèÿ ïî ÁÏ;ÂÑÏ;236;Ðåãèñòðàöèÿ;äîñüå;0;AUTO
ÎÑÖ Âîðîíåæ;Àðõèâ ¹1 Âîðîíåæ;RG 0001 236 00 02;Ðåãèñòðàöèÿ ïî ÁÏ;ÂÑÏ;236;Ðåãèñòðàöèÿ;äîñüå;0;AUTO
ÎÑÖ Âîðîíåæ;Àðõèâ ¹3 Êàëèíèíãðàä;RG 0001 236 00 02;Ðåãèñòðàöèÿ ïî ÁÏ;ÂÑÏ;236;Ðåãèñòðàöèÿ;äîñüå;0;AUTO
ÎÑÖ Âîðîíåæ;Àðõèâ ¹4 Ñàíêò-Ïåòåðáóðã;RG 0001 236 00 02;Ðåãèñòðàöèÿ ïî ÁÏ;ÂÑÏ;236;Ðåãèñòðàöèÿ;äîñüå;0;AUTO
ÎÑÖ Ìîñêâà;Âíå ïîäðàçäåëåíèé;RG 0001 236 00 02;Ðåãèñòðàöèÿ ïî ÁÏ;ÂÑÏ;236;Ðåãèñòðàöèÿ;äîñüå;0;AUTO
ÎÑÖ Ìîñêâà;Àðõèâ ¹1 Òîìèëèíî;RG 0001 236 00 02;Ðåãèñòðàöèÿ ïî ÁÏ;ÂÑÏ;236;Ðåãèñòðàöèÿ;äîñüå;15,342;AUTO
ÎÑÖ Íèæíèé Íîâãîðîä;Âíå ïîäðàçäåëåíèé;RG 0001 236 00 02;Ðåãèñòðàöèÿ ïî ÁÏ;ÂÑÏ;236;Ðåãèñòðàöèÿ;äîñüå;0;AUTO
ÎÑÖ Íèæíèé Íîâãîðîä;Àðõèâ ¹1 Íèæíèé Íîâãîðîä;RG 0001 236 00 02;Ðåãèñòðàöèÿ ïî ÁÏ;ÂÑÏ;236;Ðåãèñòðàöèÿ;äîñüå;0;AUTO
ÎÑÖ Íîâîñèáèðñê;Âíå ïîäðàçäåëåíèé;RG 0001 236 00 02;Ðåãèñòðàöèÿ ïî ÁÏ;ÂÑÏ;236;Ðåãèñòðàöèÿ;äîñüå;0;AUTO
ÎÑÖ Íîâîñèáèðñê;Àðõèâ ¹1 Íîâîñèáèðñê;RG 0001 236 00 02;Ðåãèñòðàöèÿ ïî ÁÏ;ÂÑÏ;236;Ðåãèñòðàöèÿ;äîñüå;0;AUTO
ÎÑÖ Íîâîñèáèðñê;Àðõèâ ¹3 Åêàòåðèíáóðã;RG 0001 236 00 02;Ðåãèñòðàöèÿ ïî ÁÏ;ÂÑÏ;236;Ðåãèñòðàöèÿ;äîñüå;0;AUTO
ÎÑÖ Ñàìàðà;Âíå ïîäðàçäåëåíèé;RG 0001 236 00 02;Ðåãèñòðàöèÿ ïî ÁÏ;ÂÑÏ;236;Ðåãèñòðàöèÿ;äîñüå;0;AUTO
ÎÑÖ Ñàìàðà;Àðõèâ ¹1 Ñàìàðà;RG 0001 236 00 02;Ðåãèñòðàöèÿ ïî ÁÏ;ÂÑÏ;236;Ðåãèñòðàöèÿ;äîñüå;15,205;AUTO
ÎÑÖ Âîðîíåæ;Âíå ïîäðàçäåëåíèé;RG 0001 238 00 02;Ðåãèñòðàöèÿ ïî ÁÏ;ÂÑÏ;238;Ðåãèñòðàöèÿ;äîñüå;0;AUTO
ÎÑÖ Âîðîíåæ;Àðõèâ ¹1 Âîðîíåæ;RG 0001 238 00 02;Ðåãèñòðàöèÿ ïî ÁÏ;ÂÑÏ;238;Ðåãèñòðàöèÿ;äîñüå;66;AUTO
ÎÑÖ Âîðîíåæ;Àðõèâ ¹3 Êàëèíèíãðàä;RG 0001 238 00 02;Ðåãèñòðàöèÿ ïî ÁÏ;ÂÑÏ;238;Ðåãèñòðàöèÿ;äîñüå;0;AUTO
ÎÑÖ Âîðîíåæ;Àðõèâ ¹4 Ñàíêò-Ïåòåðáóðã;RG 0001 238 00 02;Ðåãèñòðàöèÿ ïî ÁÏ;ÂÑÏ;238;Ðåãèñòðàöèÿ;äîñüå;60;AUTO
ÎÑÖ Ìîñêâà;Âíå ïîäðàçäåëåíèé;RG 0001 238 00 02;Ðåãèñòðàöèÿ ïî ÁÏ;ÂÑÏ;238;Ðåãèñòðàöèÿ;äîñüå;0;AUTO
ÎÑÖ Ìîñêâà;Àðõèâ ¹1 Òîìèëèíî;RG 0001 238 00 02;Ðåãèñòðàöèÿ ïî ÁÏ;ÂÑÏ;238;Ðåãèñòðàöèÿ;äîñüå;0;AUTO
ÎÑÖ Íèæíèé Íîâãîðîä;Âíå ïîäðàçäåëåíèé;RG 0001 238 00 02;Ðåãèñòðàöèÿ ïî ÁÏ;ÂÑÏ;238;Ðåãèñòðàöèÿ;äîñüå;0;AUTO
ÎÑÖ Íèæíèé Íîâãîðîä;Àðõèâ ¹1 Íèæíèé Íîâãîðîä;RG 0001 238 00 02;Ðåãèñòðàöèÿ ïî ÁÏ;ÂÑÏ;238;Ðåãèñòðàöèÿ;äîñüå;0;AUTO
ÎÑÖ Íîâîñèáèðñê;Âíå ïîäðàçäåëåíèé;RG 0001 238 00 02;Ðåãèñòðàöèÿ ïî ÁÏ;ÂÑÏ;238;Ðåãèñòðàöèÿ;äîñüå;0;AUTO
ÎÑÖ Íîâîñèáèðñê;Àðõèâ ¹1 Íîâîñèáèðñê;RG 0001 238 00 02;Ðåãèñòðàöèÿ ïî ÁÏ;ÂÑÏ;238;Ðåãèñòðàöèÿ;äîñüå;0;AUTO
ÎÑÖ Íîâîñèáèðñê;Àðõèâ ¹3 Åêàòåðèíáóðã;RG 0001 238 00 02;Ðåãèñòðàöèÿ ïî ÁÏ;ÂÑÏ;238;Ðåãèñòðàöèÿ;äîñüå;70;AUTO
ÎÑÖ Ñàìàðà;Âíå ïîäðàçäåëåíèé;RG 0001 238 00 02;Ðåãèñòðàöèÿ ïî ÁÏ;ÂÑÏ;238;Ðåãèñòðàöèÿ;äîñüå;0;AUTO
ÎÑÖ Ñàìàðà;Àðõèâ ¹1 Ñàìàðà;RG 0001 238 00 02;Ðåãèñòðàöèÿ ïî ÁÏ;ÂÑÏ;238;Ðåãèñòðàöèÿ;äîñüå;70;AUTO
ÎÑÖ Âîðîíåæ;Âíå ïîäðàçäåëåíèé;RG 0001 234 00 02;Ðåãèñòðàöèÿ ïî ÁÏ;ÂÑÏ;234;Ðåãèñòðàöèÿ;äîñüå;0;AUTO
ÎÑÖ Âîðîíåæ;Àðõèâ ¹1 Âîðîíåæ;RG 0001 234 00 02;Ðåãèñòðàöèÿ ïî ÁÏ;ÂÑÏ;234;Ðåãèñòðàöèÿ;äîñüå;17;AUTO
ÎÑÖ Âîðîíåæ;Àðõèâ ¹3 Êàëèíèíãðàä;RG 0001 234 00 02;Ðåãèñòðàöèÿ ïî ÁÏ;ÂÑÏ;234;Ðåãèñòðàöèÿ;äîñüå;17,364;AUTO
ÎÑÖ Âîðîíåæ;Àðõèâ ¹4 Ñàíêò-Ïåòåðáóðã;RG 0001 234 00 02;Ðåãèñòðàöèÿ ïî ÁÏ;ÂÑÏ;234;Ðåãèñòðàöèÿ;äîñüå;16,023;AUTO
ÎÑÖ Ìîñêâà;Âíå ïîäðàçäåëåíèé;RG 0001 234 00 02;Ðåãèñòðàöèÿ ïî ÁÏ;ÂÑÏ;234;Ðåãèñòðàöèÿ;äîñüå;0;AUTO
ÎÑÖ Ìîñêâà;Àðõèâ ¹1 Òîìèëèíî;RG 0001 234 00 02;Ðåãèñòðàöèÿ ïî ÁÏ;ÂÑÏ;234;Ðåãèñòðàöèÿ;äîñüå;20;AUTO
ÎÑÖ Íèæíèé Íîâãîðîä;Âíå ïîäðàçäåëåíèé;RG 0001 234 00 02;Ðåãèñòðàöèÿ ïî ÁÏ;ÂÑÏ;234;Ðåãèñòðàöèÿ;äîñüå;0;AUTO
ÎÑÖ Íèæíèé Íîâãîðîä;Àðõèâ ¹1 Íèæíèé Íîâãîðîä;RG 0001 234 00 02;Ðåãèñòðàöèÿ ïî ÁÏ;ÂÑÏ;234;Ðåãèñòðàöèÿ;äîñüå;17;AUTO
ÎÑÖ Íîâîñèáèðñê;Âíå ïîäðàçäåëåíèé;RG 0001 234 00 02;Ðåãèñòðàöèÿ ïî ÁÏ;ÂÑÏ;234;Ðåãèñòðàöèÿ;äîñüå;0;AUTO
ÎÑÖ Íîâîñèáèðñê;Àðõèâ ¹1 Íîâîñèáèðñê;RG 0001 234 00 02;Ðåãèñòðàöèÿ ïî ÁÏ;ÂÑÏ;234;Ðåãèñòðàöèÿ;äîñüå;20,783;AUTO
ÎÑÖ Íîâîñèáèðñê;Àðõèâ ¹3 Åêàòåðèíáóðã;RG 0001 234 00 02;Ðåãèñòðàöèÿ ïî ÁÏ;ÂÑÏ;234;Ðåãèñòðàöèÿ;äîñüå;21,19;AUTO
ÎÑÖ Ñàìàðà;Âíå ïîäðàçäåëåíèé;RG 0001 234 00 02;Ðåãèñòðàöèÿ ïî ÁÏ;ÂÑÏ;234;Ðåãèñòðàöèÿ;äîñüå;0;AUTO
ÎÑÖ Ñàìàðà;Àðõèâ ¹1 Ñàìàðà;RG 0001 234 00 02;Ðåãèñòðàöèÿ ïî ÁÏ;ÂÑÏ;234;Ðåãèñòðàöèÿ;äîñüå;14;AUTO
ÎÑÖ Âîðîíåæ;Âíå ïîäðàçäåëåíèé;RG 0001 213 00 02;Ðåãèñòðàöèÿ ïî ÁÏ;ÂÑÏ;213;Ðåãèñòðàöèÿ;äîñüå;0;AUTO
ÎÑÖ Âîðîíåæ;Àðõèâ ¹1 Âîðîíåæ;RG 0001 213 00 02;Ðåãèñòðàöèÿ ïî ÁÏ;ÂÑÏ;213;Ðåãèñòðàöèÿ;äîñüå;19,9;AUTO
ÎÑÖ Âîðîíåæ;Àðõèâ ¹3 Êàëèíèíãðàä;RG 0001 213 00 02;Ðåãèñòðàöèÿ ïî ÁÏ;ÂÑÏ;213;Ðåãèñòðàöèÿ;äîñüå;21,323;AUTO
ÎÑÖ Âîðîíåæ;Àðõèâ ¹4 Ñàíêò-Ïåòåðáóðã;RG 0001 213 00 02;Ðåãèñòðàöèÿ ïî ÁÏ;ÂÑÏ;213;Ðåãèñòðàöèÿ;äîñüå;18,149;AUTO
ÎÑÖ Ìîñêâà;Âíå ïîäðàçäåëåíèé;RG 0001 213 00 02;Ðåãèñòðàöèÿ ïî ÁÏ;ÂÑÏ;213;Ðåãèñòðàöèÿ;äîñüå;0;AUTO
ÎÑÖ Ìîñêâà;Àðõèâ ¹1 Òîìèëèíî;RG 0001 213 00 02;Ðåãèñòðàöèÿ ïî ÁÏ;ÂÑÏ;213;Ðåãèñòðàöèÿ;äîñüå;22,152;AUTO
ÎÑÖ Íèæíèé Íîâãîðîä;Âíå ïîäðàçäåëåíèé;RG 0001 213 00 02;Ðåãèñòðàöèÿ ïî ÁÏ;ÂÑÏ;213;Ðåãèñòðàöèÿ;äîñüå;0;AUTO
ÎÑÖ Íèæíèé Íîâãîðîä;Àðõèâ ¹1 Íèæíèé Íîâãîðîä;RG 0001 213 00 02;Ðåãèñòðàöèÿ ïî ÁÏ;ÂÑÏ;213;Ðåãèñòðàöèÿ;äîñüå;17;AUTO
ÎÑÖ Íîâîñèáèðñê;Âíå ïîäðàçäåëåíèé;RG 0001 213 00 02;Ðåãèñòðàöèÿ ïî ÁÏ;ÂÑÏ;213;Ðåãèñòðàöèÿ;äîñüå;0;AUTO
ÎÑÖ Íîâîñèáèðñê;Àðõèâ ¹1 Íîâîñèáèðñê;RG 0001 213 00 02;Ðåãèñòðàöèÿ ïî ÁÏ;ÂÑÏ;213;Ðåãèñòðàöèÿ;äîñüå;21,716;AUTO
ÎÑÖ Íîâîñèáèðñê;Àðõèâ ¹3 Åêàòåðèíáóðã;RG 0001 213 00 02;Ðåãèñòðàöèÿ ïî ÁÏ;ÂÑÏ;213;Ðåãèñòðàöèÿ;äîñüå;22,167;AUTO
ÎÑÖ Ñàìàðà;Âíå ïîäðàçäåëåíèé;RG 0001 213 00 02;Ðåãèñòðàöèÿ ïî ÁÏ;ÂÑÏ;213;Ðåãèñòðàöèÿ;äîñüå;0;AUTO
ÎÑÖ Ñàìàðà;Àðõèâ ¹1 Ñàìàðà;RG 0001 213 00 02;Ðåãèñòðàöèÿ ïî ÁÏ;ÂÑÏ;213;Ðåãèñòðàöèÿ;äîñüå;22,3;AUTO
ÎÑÖ Âîðîíåæ;Âíå ïîäðàçäåëåíèé;RG 0001 256 00 02;Ðåãèñòðàöèÿ ïî ÁÏ;ÂÑÏ;256;Ðåãèñòðàöèÿ;äîñüå;0;AUTO
ÎÑÖ Âîðîíåæ;Àðõèâ ¹1 Âîðîíåæ;RG 0001 256 00 02;Ðåãèñòðàöèÿ ïî ÁÏ;ÂÑÏ;256;Ðåãèñòðàöèÿ;äîñüå;0;AUTO
ÎÑÖ Âîðîíåæ;Àðõèâ ¹3 Êàëèíèíãðàä;RG 0001 256 00 02;Ðåãèñòðàöèÿ ïî ÁÏ;ÂÑÏ;256;Ðåãèñòðàöèÿ;äîñüå;0;AUTO
ÎÑÖ Âîðîíåæ;Àðõèâ ¹4 Ñàíêò-Ïåòåðáóðã;RG 0001 256 00 02;Ðåãèñòðàöèÿ ïî ÁÏ;ÂÑÏ;256;Ðåãèñòðàöèÿ;äîñüå;0;AUTO
ÎÑÖ Ìîñêâà;Âíå ïîäðàçäåëåíèé;RG 0001 256 00 02;Ðåãèñòðàöèÿ ïî ÁÏ;ÂÑÏ;256;Ðåãèñòðàöèÿ;äîñüå;0;AUTO
ÎÑÖ Ìîñêâà;Àðõèâ ¹1 Òîìèëèíî;RG 0001 256 00 02;Ðåãèñòðàöèÿ ïî ÁÏ;ÂÑÏ;256;Ðåãèñòðàöèÿ;äîñüå;0;AUTO
ÎÑÖ Íèæíèé Íîâãîðîä;Âíå ïîäðàçäåëåíèé;RG 0001 256 00 02;Ðåãèñòðàöèÿ ïî ÁÏ;ÂÑÏ;256;Ðåãèñòðàöèÿ;äîñüå;0;AUTO
ÎÑÖ Íèæíèé Íîâãîðîä;Àðõèâ ¹1 Íèæíèé Íîâãîðîä;RG 0001 256 00 02;Ðåãèñòðàöèÿ ïî ÁÏ;ÂÑÏ;256;Ðåãèñòðàöèÿ;äîñüå;0;AUTO
ÎÑÖ Íîâîñèáèðñê;Âíå ïîäðàçäåëåíèé;RG 0001 256 00 02;Ðåãèñòðàöèÿ ïî ÁÏ;ÂÑÏ;256;Ðåãèñòðàöèÿ;äîñüå;0;AUTO
ÎÑÖ Íîâîñèáèðñê;Àðõèâ ¹1 Íîâîñèáèðñê;RG 0001 256 00 02;Ðåãèñòðàöèÿ ïî ÁÏ;ÂÑÏ;256;Ðåãèñòðàöèÿ;äîñüå;0;AUTO
ÎÑÖ Íîâîñèáèðñê;Àðõèâ ¹3 Åêàòåðèíáóðã;RG 0001 256 00 02;Ðåãèñòðàöèÿ ïî ÁÏ;ÂÑÏ;256;Ðåãèñòðàöèÿ;äîñüå;0;AUTO
ÎÑÖ Ñàìàðà;Âíå ïîäðàçäåëåíèé;RG 0001 256 00 02;Ðåãèñòðàöèÿ ïî ÁÏ;ÂÑÏ;256;Ðåãèñòðàöèÿ;äîñüå;0;AUTO
ÎÑÖ Ñàìàðà;Àðõèâ ¹1 Ñàìàðà;RG 0001 256 00 02;Ðåãèñòðàöèÿ ïî ÁÏ;ÂÑÏ;256;Ðåãèñòðàöèÿ;äîñüå;0;AUTO
ÎÑÖ Âîðîíåæ;Âíå ïîäðàçäåëåíèé;RG 0001 253 00 02;Ðåãèñòðàöèÿ ïî ÁÏ;ÂÑÏ;253;Ðåãèñòðàöèÿ;äîñüå;0;AUTO
ÎÑÖ Âîðîíåæ;Àðõèâ ¹1 Âîðîíåæ;RG 0001 253 00 02;Ðåãèñòðàöèÿ ïî ÁÏ;ÂÑÏ;253;Ðåãèñòðàöèÿ;äîñüå;0;AUTO
ÎÑÖ Âîðîíåæ;Àðõèâ ¹3 Êàëèíèíãðàä;RG 0001 253 00 02;Ðåãèñòðàöèÿ ïî ÁÏ;ÂÑÏ;253;Ðåãèñòðàöèÿ;äîñüå;0;AUTO
ÎÑÖ Âîðîíåæ;Àðõèâ ¹4 Ñàíêò-Ïåòåðáóðã;RG 0001 253 00 02;Ðåãèñòðàöèÿ ïî ÁÏ;ÂÑÏ;253;Ðåãèñòðàöèÿ;äîñüå;7;AUTO
ÎÑÖ Ìîñêâà;Âíå ïîäðàçäåëåíèé;RG 0001 253 00 02;Ðåãèñòðàöèÿ ïî ÁÏ;ÂÑÏ;253;Ðåãèñòðàöèÿ;äîñüå;0;AUTO
ÎÑÖ Ìîñêâà;Àðõèâ ¹1 Òîìèëèíî;RG 0001 253 00 02;Ðåãèñòðàöèÿ ïî ÁÏ;ÂÑÏ;253;Ðåãèñòðàöèÿ;äîñüå;0;AUTO
ÎÑÖ Íèæíèé Íîâãîðîä;Âíå ïîäðàçäåëåíèé;RG 0001 253 00 02;Ðåãèñòðàöèÿ ïî ÁÏ;ÂÑÏ;253;Ðåãèñòðàöèÿ;äîñüå;0;AUTO
ÎÑÖ Íèæíèé Íîâãîðîä;Àðõèâ ¹1 Íèæíèé Íîâãîðîä;RG 0001 253 00 02;Ðåãèñòðàöèÿ ïî ÁÏ;ÂÑÏ;253;Ðåãèñòðàöèÿ;äîñüå;7,143;AUTO
ÎÑÖ Íîâîñèáèðñê;Âíå ïîäðàçäåëåíèé;RG 0001 253 00 02;Ðåãèñòðàöèÿ ïî ÁÏ;ÂÑÏ;253;Ðåãèñòðàöèÿ;äîñüå;0;AUTO
ÎÑÖ Íîâîñèáèðñê;Àðõèâ ¹1 Íîâîñèáèðñê;RG 0001 253 00 02;Ðåãèñòðàöèÿ ïî ÁÏ;ÂÑÏ;253;Ðåãèñòðàöèÿ;äîñüå;5;AUTO
ÎÑÖ Íîâîñèáèðñê;Àðõèâ ¹3 Åêàòåðèíáóðã;RG 0001 253 00 02;Ðåãèñòðàöèÿ ïî ÁÏ;ÂÑÏ;253;Ðåãèñòðàöèÿ;äîñüå;7,6;AUTO
ÎÑÖ Ñàìàðà;Âíå ïîäðàçäåëåíèé;RG 0001 253 00 02;Ðåãèñòðàöèÿ ïî ÁÏ;ÂÑÏ;253;Ðåãèñòðàöèÿ;äîñüå;0;AUTO
ÎÑÖ Ñàìàðà;Àðõèâ ¹1 Ñàìàðà;RG 0001 253 00 02;Ðåãèñòðàöèÿ ïî ÁÏ;ÂÑÏ;253;Ðåãèñòðàöèÿ;äîñüå;7,542;AUTO
ÎÑÖ Âîðîíåæ;Âíå ïîäðàçäåëåíèé;RG 0001 254 00 02;Ðåãèñòðàöèÿ ïî ÁÏ;ÂÑÏ;254;Ðåãèñòðàöèÿ;äîñüå;0;AUTO
ÎÑÖ Âîðîíåæ;Àðõèâ ¹1 Âîðîíåæ;RG 0001 254 00 02;Ðåãèñòðàöèÿ ïî ÁÏ;ÂÑÏ;254;Ðåãèñòðàöèÿ;äîñüå;0;AUTO
ÎÑÖ Âîðîíåæ;Àðõèâ ¹3 Êàëèíèíãðàä;RG 0001 254 00 02;Ðåãèñòðàöèÿ ïî ÁÏ;ÂÑÏ;254;Ðåãèñòðàöèÿ;äîñüå;0;AUTO
ÎÑÖ Âîðîíåæ;Àðõèâ ¹4 Ñàíêò-Ïåòåðáóðã;RG 0001 254 00 02;Ðåãèñòðàöèÿ ïî ÁÏ;ÂÑÏ;254;Ðåãèñòðàöèÿ;äîñüå;10;AUTO
ÎÑÖ Ìîñêâà;Âíå ïîäðàçäåëåíèé;RG 0001 254 00 02;Ðåãèñòðàöèÿ ïî ÁÏ;ÂÑÏ;254;Ðåãèñòðàöèÿ;äîñüå;0;AUTO
ÎÑÖ Ìîñêâà;Àðõèâ ¹1 Òîìèëèíî;RG 0001 254 00 02;Ðåãèñòðàöèÿ ïî ÁÏ;ÂÑÏ;254;Ðåãèñòðàöèÿ;äîñüå;0;AUTO
ÎÑÖ Íèæíèé Íîâãîðîä;Âíå ïîäðàçäåëåíèé;RG 0001 254 00 02;Ðåãèñòðàöèÿ ïî ÁÏ;ÂÑÏ;254;Ðåãèñòðàöèÿ;äîñüå;0;AUTO
ÎÑÖ Íèæíèé Íîâãîðîä;Àðõèâ ¹1 Íèæíèé Íîâãîðîä;RG 0001 254 00 02;Ðåãèñòðàöèÿ ïî ÁÏ;ÂÑÏ;254;Ðåãèñòðàöèÿ;äîñüå;9;AUTO
ÎÑÖ Íîâîñèáèðñê;Âíå ïîäðàçäåëåíèé;RG 0001 254 00 02;Ðåãèñòðàöèÿ ïî ÁÏ;ÂÑÏ;254;Ðåãèñòðàöèÿ;äîñüå;0;AUTO
ÎÑÖ Íîâîñèáèðñê;Àðõèâ ¹1 Íîâîñèáèðñê;RG 0001 254 00 02;Ðåãèñòðàöèÿ ïî ÁÏ;ÂÑÏ;254;Ðåãèñòðàöèÿ;äîñüå;9,353;AUTO
ÎÑÖ Íîâîñèáèðñê;Àðõèâ ¹3 Åêàòåðèíáóðã;RG 0001 254 00 02;Ðåãèñòðàöèÿ ïî ÁÏ;ÂÑÏ;254;Ðåãèñòðàöèÿ;äîñüå;10,033;AUTO
ÎÑÖ Ñàìàðà;Âíå ïîäðàçäåëåíèé;RG 0001 254 00 02;Ðåãèñòðàöèÿ ïî ÁÏ;ÂÑÏ;254;Ðåãèñòðàöèÿ;äîñüå;0;AUTO
ÎÑÖ Ñàìàðà;Àðõèâ ¹1 Ñàìàðà;RG 0001 254 00 02;Ðåãèñòðàöèÿ ïî ÁÏ;ÂÑÏ;254;Ðåãèñòðàöèÿ;äîñüå;9,642;AUTO
ÎÑÖ Âîðîíåæ;Âíå ïîäðàçäåëåíèé;RG 0001 237 00 02;Ðåãèñòðàöèÿ ïî ÁÏ;ÂÑÏ;237;Ðåãèñòðàöèÿ;äîñüå;0;AUTO
ÎÑÖ Âîðîíåæ;Àðõèâ ¹1 Âîðîíåæ;RG 0001 237 00 02;Ðåãèñòðàöèÿ ïî ÁÏ;ÂÑÏ;237;Ðåãèñòðàöèÿ;äîñüå;0;AUTO
ÎÑÖ Âîðîíåæ;Àðõèâ ¹3 Êàëèíèíãðàä;RG 0001 237 00 02;Ðåãèñòðàöèÿ ïî ÁÏ;ÂÑÏ;237;Ðåãèñòðàöèÿ;äîñüå;0;AUTO
ÎÑÖ Âîðîíåæ;Àðõèâ ¹4 Ñàíêò-Ïåòåðáóðã;RG 0001 237 00 02;Ðåãèñòðàöèÿ ïî ÁÏ;ÂÑÏ;237;Ðåãèñòðàöèÿ;äîñüå;0;AUTO
ÎÑÖ Ìîñêâà;Âíå ïîäðàçäåëåíèé;RG 0001 237 00 02;Ðåãèñòðàöèÿ ïî ÁÏ;ÂÑÏ;237;Ðåãèñòðàöèÿ;äîñüå;0;AUTO
ÎÑÖ Ìîñêâà;Àðõèâ ¹1 Òîìèëèíî;RG 0001 237 00 02;Ðåãèñòðàöèÿ ïî ÁÏ;ÂÑÏ;237;Ðåãèñòðàöèÿ;äîñüå;82;AUTO
ÎÑÖ Íèæíèé Íîâãîðîä;Âíå ïîäðàçäåëåíèé;RG 0001 237 00 02;Ðåãèñòðàöèÿ ïî ÁÏ;ÂÑÏ;237;Ðåãèñòðàöèÿ;äîñüå;0;AUTO
ÎÑÖ Íèæíèé Íîâãîðîä;Àðõèâ ¹1 Íèæíèé Íîâãîðîä;RG 0001 237 00 02;Ðåãèñòðàöèÿ ïî ÁÏ;ÂÑÏ;237;Ðåãèñòðàöèÿ;äîñüå;0;AUTO
ÎÑÖ Íîâîñèáèðñê;Âíå ïîäðàçäåëåíèé;RG 0001 237 00 02;Ðåãèñòðàöèÿ ïî ÁÏ;ÂÑÏ;237;Ðåãèñòðàöèÿ;äîñüå;0;AUTO
ÎÑÖ Íîâîñèáèðñê;Àðõèâ ¹1 Íîâîñèáèðñê;RG 0001 237 00 02;Ðåãèñòðàöèÿ ïî ÁÏ;ÂÑÏ;237;Ðåãèñòðàöèÿ;äîñüå;0;AUTO
ÎÑÖ Íîâîñèáèðñê;Àðõèâ ¹3 Åêàòåðèíáóðã;RG 0001 237 00 02;Ðåãèñòðàöèÿ ïî ÁÏ;ÂÑÏ;237;Ðåãèñòðàöèÿ;äîñüå;0;AUTO
ÎÑÖ Ñàìàðà;Âíå ïîäðàçäåëåíèé;RG 0001 237 00 02;Ðåãèñòðàöèÿ ïî ÁÏ;ÂÑÏ;237;Ðåãèñòðàöèÿ;äîñüå;0;AUTO
ÎÑÖ Ñàìàðà;Àðõèâ ¹1 Ñàìàðà;RG 0001 237 00 02;Ðåãèñòðàöèÿ ïî ÁÏ;ÂÑÏ;237;Ðåãèñòðàöèÿ;äîñüå;0;AUTO
ÎÑÖ Âîðîíåæ;Âíå ïîäðàçäåëåíèé;RG 0001 247 00 02;Ðåãèñòðàöèÿ ïî ÁÏ;ÂÑÏ;247;Ðåãèñòðàöèÿ;äîñüå;0;AUTO
ÎÑÖ Âîðîíåæ;Àðõèâ ¹1 Âîðîíåæ;RG 0001 247 00 02;Ðåãèñòðàöèÿ ïî ÁÏ;ÂÑÏ;247;Ðåãèñòðàöèÿ;äîñüå;0;AUTO
ÎÑÖ Âîðîíåæ;Àðõèâ ¹3 Êàëèíèíãðàä;RG 0001 247 00 02;Ðåãèñòðàöèÿ ïî ÁÏ;ÂÑÏ;247;Ðåãèñòðàöèÿ;äîñüå;0;AUTO
ÎÑÖ Âîðîíåæ;Àðõèâ ¹4 Ñàíêò-Ïåòåðáóðã;RG 0001 247 00 02;Ðåãèñòðàöèÿ ïî ÁÏ;ÂÑÏ;247;Ðåãèñòðàöèÿ;äîñüå;0;AUTO
ÎÑÖ Ìîñêâà;Âíå ïîäðàçäåëåíèé;RG 0001 247 00 02;Ðåãèñòðàöèÿ ïî ÁÏ;ÂÑÏ;247;Ðåãèñòðàöèÿ;äîñüå;0;AUTO
ÎÑÖ Ìîñêâà;Àðõèâ ¹1 Òîìèëèíî;RG 0001 247 00 02;Ðåãèñòðàöèÿ ïî ÁÏ;ÂÑÏ;247;Ðåãèñòðàöèÿ;äîñüå;0;AUTO
ÎÑÖ Íèæíèé Íîâãîðîä;Âíå ïîäðàçäåëåíèé;RG 0001 247 00 02;Ðåãèñòðàöèÿ ïî ÁÏ;ÂÑÏ;247;Ðåãèñòðàöèÿ;äîñüå;0;AUTO
ÎÑÖ Íèæíèé Íîâãîðîä;Àðõèâ ¹1 Íèæíèé Íîâãîðîä;RG 0001 247 00 02;Ðåãèñòðàöèÿ ïî ÁÏ;ÂÑÏ;247;Ðåãèñòðàöèÿ;äîñüå;0;AUTO
ÎÑÖ Íîâîñèáèðñê;Âíå ïîäðàçäåëåíèé;RG 0001 247 00 02;Ðåãèñòðàöèÿ ïî ÁÏ;ÂÑÏ;247;Ðåãèñòðàöèÿ;äîñüå;0;AUTO
ÎÑÖ Íîâîñèáèðñê;Àðõèâ ¹1 Íîâîñèáèðñê;RG 0001 247 00 02;Ðåãèñòðàöèÿ ïî ÁÏ;ÂÑÏ;247;Ðåãèñòðàöèÿ;äîñüå;0;AUTO
ÎÑÖ Íîâîñèáèðñê;Àðõèâ ¹3 Åêàòåðèíáóðã;RG 0001 247 00 02;Ðåãèñòðàöèÿ ïî ÁÏ;ÂÑÏ;247;Ðåãèñòðàöèÿ;äîñüå;0;AUTO
ÎÑÖ Ñàìàðà;Âíå ïîäðàçäåëåíèé;RG 0001 247 00 02;Ðåãèñòðàöèÿ ïî ÁÏ;ÂÑÏ;247;Ðåãèñòðàöèÿ;äîñüå;0;AUTO
ÎÑÖ Ñàìàðà;Àðõèâ ¹1 Ñàìàðà;RG 0001 247 00 02;Ðåãèñòðàöèÿ ïî ÁÏ;ÂÑÏ;247;Ðåãèñòðàöèÿ;äîñüå;0;AUTO
ÎÑÖ Âîðîíåæ;Âíå ïîäðàçäåëåíèé;RG 0001 264 00 02;Ðåãèñòðàöèÿ ïî ÁÏ;ÂÑÏ;264;Ðåãèñòðàöèÿ;äîñüå;0;AUTO
ÎÑÖ Âîðîíåæ;Àðõèâ ¹1 Âîðîíåæ;RG 0001 264 00 02;Ðåãèñòðàöèÿ ïî ÁÏ;ÂÑÏ;264;Ðåãèñòðàöèÿ;äîñüå;0;AUTO
ÎÑÖ Âîðîíåæ;Àðõèâ ¹3 Êàëèíèíãðàä;RG 0001 264 00 02;Ðåãèñòðàöèÿ ïî ÁÏ;ÂÑÏ;264;Ðåãèñòðàöèÿ;äîñüå;0;AUTO
ÎÑÖ Âîðîíåæ;Àðõèâ ¹4 Ñàíêò-Ïåòåðáóðã;RG 0001 264 00 02;Ðåãèñòðàöèÿ ïî ÁÏ;ÂÑÏ;264;Ðåãèñòðàöèÿ;äîñüå;0;AUTO
ÎÑÖ Ìîñêâà;Âíå ïîäðàçäåëåíèé;RG 0001 264 00 02;Ðåãèñòðàöèÿ ïî ÁÏ;ÂÑÏ;264;Ðåãèñòðàöèÿ;äîñüå;0;AUTO
ÎÑÖ Ìîñêâà;Àðõèâ ¹1 Òîìèëèíî;RG 0001 264 00 02;Ðåãèñòðàöèÿ ïî ÁÏ;ÂÑÏ;264;Ðåãèñòðàöèÿ;äîñüå;0;AUTO
ÎÑÖ Íèæíèé Íîâãîðîä;Âíå ïîäðàçäåëåíèé;RG 0001 264 00 02;Ðåãèñòðàöèÿ ïî ÁÏ;ÂÑÏ;264;Ðåãèñòðàöèÿ;äîñüå;0;AUTO
ÎÑÖ Íèæíèé Íîâãîðîä;Àðõèâ ¹1 Íèæíèé Íîâãîðîä;RG 0001 264 00 02;Ðåãèñòðàöèÿ ïî ÁÏ;ÂÑÏ;264;Ðåãèñòðàöèÿ;äîñüå;0;AUTO
ÎÑÖ Íîâîñèáèðñê;Âíå ïîäðàçäåëåíèé;RG 0001 264 00 02;Ðåãèñòðàöèÿ ïî ÁÏ;ÂÑÏ;264;Ðåãèñòðàöèÿ;äîñüå;0;AUTO
ÎÑÖ Íîâîñèáèðñê;Àðõèâ ¹1 Íîâîñèáèðñê;RG 0001 264 00 02;Ðåãèñòðàöèÿ ïî ÁÏ;ÂÑÏ;264;Ðåãèñòðàöèÿ;äîñüå;0;AUTO
ÎÑÖ Íîâîñèáèðñê;Àðõèâ ¹3 Åêàòåðèíáóðã;RG 0001 264 00 02;Ðåãèñòðàöèÿ ïî ÁÏ;ÂÑÏ;264;Ðåãèñòðàöèÿ;äîñüå;0;AUTO
ÎÑÖ Ñàìàðà;Âíå ïîäðàçäåëåíèé;RG 0001 264 00 02;Ðåãèñòðàöèÿ ïî ÁÏ;ÂÑÏ;264;Ðåãèñòðàöèÿ;äîñüå;0;AUTO
ÎÑÖ Ñàìàðà;Àðõèâ ¹1 Ñàìàðà;RG 0001 264 00 02;Ðåãèñòðàöèÿ ïî ÁÏ;ÂÑÏ;264;Ðåãèñòðàöèÿ;äîñüå;0;AUTO
ÎÑÖ Âîðîíåæ;Âíå ïîäðàçäåëåíèé;RG 0001 245 00 02;Ðåãèñòðàöèÿ ïî ÁÏ;ÂÑÏ;245;Ðåãèñòðàöèÿ;äîñüå;0;AUTO
ÎÑÖ Âîðîíåæ;Àðõèâ ¹1 Âîðîíåæ;RG 0001 245 00 02;Ðåãèñòðàöèÿ ïî ÁÏ;ÂÑÏ;245;Ðåãèñòðàöèÿ;äîñüå;0;AUTO
ÎÑÖ Âîðîíåæ;Àðõèâ ¹3 Êàëèíèíãðàä;RG 0001 245 00 02;Ðåãèñòðàöèÿ ïî ÁÏ;ÂÑÏ;245;Ðåãèñòðàöèÿ;äîñüå;0;AUTO
ÎÑÖ Âîðîíåæ;Àðõèâ ¹4 Ñàíêò-Ïåòåðáóðã;RG 0001 245 00 02;Ðåãèñòðàöèÿ ïî ÁÏ;ÂÑÏ;245;Ðåãèñòðàöèÿ;äîñüå;0;AUTO
ÎÑÖ Ìîñêâà;Âíå ïîäðàçäåëåíèé;RG 0001 245 00 02;Ðåãèñòðàöèÿ ïî ÁÏ;ÂÑÏ;245;Ðåãèñòðàöèÿ;äîñüå;0;AUTO
ÎÑÖ Ìîñêâà;Àðõèâ ¹1 Òîìèëèíî;RG 0001 245 00 02;Ðåãèñòðàöèÿ ïî ÁÏ;ÂÑÏ;245;Ðåãèñòðàöèÿ;äîñüå;0;AUTO
ÎÑÖ Íèæíèé Íîâãîðîä;Âíå ïîäðàçäåëåíèé;RG 0001 245 00 02;Ðåãèñòðàöèÿ ïî ÁÏ;ÂÑÏ;245;Ðåãèñòðàöèÿ;äîñüå;0;AUTO
ÎÑÖ Íèæíèé Íîâãîðîä;Àðõèâ ¹1 Íèæíèé Íîâãîðîä;RG 0001 245 00 02;Ðåãèñòðàöèÿ ïî ÁÏ;ÂÑÏ;245;Ðåãèñòðàöèÿ;äîñüå;0;AUTO
ÎÑÖ Íîâîñèáèðñê;Âíå ïîäðàçäåëåíèé;RG 0001 245 00 02;Ðåãèñòðàöèÿ ïî ÁÏ;ÂÑÏ;245;Ðåãèñòðàöèÿ;äîñüå;0;AUTO
ÎÑÖ Íîâîñèáèðñê;Àðõèâ ¹1 Íîâîñèáèðñê;RG 0001 245 00 02;Ðåãèñòðàöèÿ ïî ÁÏ;ÂÑÏ;245;Ðåãèñòðàöèÿ;äîñüå;0;AUTO
ÎÑÖ Íîâîñèáèðñê;Àðõèâ ¹3 Åêàòåðèíáóðã;RG 0001 245 00 02;Ðåãèñòðàöèÿ ïî ÁÏ;ÂÑÏ;245;Ðåãèñòðàöèÿ;äîñüå;0;AUTO
ÎÑÖ Ñàìàðà;Âíå ïîäðàçäåëåíèé;RG 0001 245 00 02;Ðåãèñòðàöèÿ ïî ÁÏ;ÂÑÏ;245;Ðåãèñòðàöèÿ;äîñüå;0;AUTO
ÎÑÖ Ñàìàðà;Àðõèâ ¹1 Ñàìàðà;RG 0001 245 00 02;Ðåãèñòðàöèÿ ïî ÁÏ;ÂÑÏ;245;Ðåãèñòðàöèÿ;äîñüå;0;AUTO
ÎÑÖ Âîðîíåæ;Âíå ïîäðàçäåëåíèé;RG 0001 098 00 02;Ðåãèñòðàöèÿ ïî ÁÏ;ÂÑÏ;98;Ðåãèñòðàöèÿ;äîñüå;0;AUTO
ÎÑÖ Âîðîíåæ;Àðõèâ ¹1 Âîðîíåæ;RG 0001 098 00 02;Ðåãèñòðàöèÿ ïî ÁÏ;ÂÑÏ;98;Ðåãèñòðàöèÿ;äîñüå;0;AUTO
ÎÑÖ Âîðîíåæ;Àðõèâ ¹3 Êàëèíèíãðàä;RG 0001 098 00 02;Ðåãèñòðàöèÿ ïî ÁÏ;ÂÑÏ;98;Ðåãèñòðàöèÿ;äîñüå;0;AUTO
ÎÑÖ Âîðîíåæ;Àðõèâ ¹4 Ñàíêò-Ïåòåðáóðã;RG 0001 098 00 02;Ðåãèñòðàöèÿ ïî ÁÏ;ÂÑÏ;98;Ðåãèñòðàöèÿ;äîñüå;0;AUTO
ÎÑÖ Ìîñêâà;Âíå ïîäðàçäåëåíèé;RG 0001 098 00 02;Ðåãèñòðàöèÿ ïî ÁÏ;ÂÑÏ;98;Ðåãèñòðàöèÿ;äîñüå;0;AUTO
ÎÑÖ Ìîñêâà;Àðõèâ ¹1 Òîìèëèíî;RG 0001 098 00 02;Ðåãèñòðàöèÿ ïî ÁÏ;ÂÑÏ;98;Ðåãèñòðàöèÿ;äîñüå;0;AUTO
ÎÑÖ Íèæíèé Íîâãîðîä;Âíå ïîäðàçäåëåíèé;RG 0001 098 00 02;Ðåãèñòðàöèÿ ïî ÁÏ;ÂÑÏ;98;Ðåãèñòðàöèÿ;äîñüå;0;AUTO
ÎÑÖ Íèæíèé Íîâãîðîä;Àðõèâ ¹1 Íèæíèé Íîâãîðîä;RG 0001 098 00 02;Ðåãèñòðàöèÿ ïî ÁÏ;ÂÑÏ;98;Ðåãèñòðàöèÿ;äîñüå;0;AUTO
ÎÑÖ Íîâîñèáèðñê;Âíå ïîäðàçäåëåíèé;RG 0001 098 00 02;Ðåãèñòðàöèÿ ïî ÁÏ;ÂÑÏ;98;Ðåãèñòðàöèÿ;äîñüå;0;AUTO
ÎÑÖ Íîâîñèáèðñê;Àðõèâ ¹1 Íîâîñèáèðñê;RG 0001 098 00 02;Ðåãèñòðàöèÿ ïî ÁÏ;ÂÑÏ;98;Ðåãèñòðàöèÿ;äîñüå;60;AUTO
ÎÑÖ Íîâîñèáèðñê;Àðõèâ ¹3 Åêàòåðèíáóðã;RG 0001 098 00 02;Ðåãèñòðàöèÿ ïî ÁÏ;ÂÑÏ;98;Ðåãèñòðàöèÿ;äîñüå;60;AUTO
ÎÑÖ Ñàìàðà;Âíå ïîäðàçäåëåíèé;RG 0001 098 00 02;Ðåãèñòðàöèÿ ïî ÁÏ;ÂÑÏ;98;Ðåãèñòðàöèÿ;äîñüå;0;AUTO
ÎÑÖ Ñàìàðà;Àðõèâ ¹1 Ñàìàðà;RG 0001 098 00 02;Ðåãèñòðàöèÿ ïî ÁÏ;ÂÑÏ;98;Ðåãèñòðàöèÿ;äîñüå;0;AUTO
ÎÑÖ Âîðîíåæ;Âíå ïîäðàçäåëåíèé;RG 0001 235 00 02;Ðåãèñòðàöèÿ ïî ÁÏ;ÂÑÏ;235;Ðåãèñòðàöèÿ;äîñüå;0;AUTO
ÎÑÖ Âîðîíåæ;Àðõèâ ¹1 Âîðîíåæ;RG 0001 235 00 02;Ðåãèñòðàöèÿ ïî ÁÏ;ÂÑÏ;235;Ðåãèñòðàöèÿ;äîñüå;0;AUTO
ÎÑÖ Âîðîíåæ;Àðõèâ ¹3 Êàëèíèíãðàä;RG 0001 235 00 02;Ðåãèñòðàöèÿ ïî ÁÏ;ÂÑÏ;235;Ðåãèñòðàöèÿ;äîñüå;0;AUTO
ÎÑÖ Âîðîíåæ;Àðõèâ ¹4 Ñàíêò-Ïåòåðáóðã;RG 0001 235 00 02;Ðåãèñòðàöèÿ ïî ÁÏ;ÂÑÏ;235;Ðåãèñòðàöèÿ;äîñüå;0;AUTO
ÎÑÖ Ìîñêâà;Âíå ïîäðàçäåëåíèé;RG 0001 235 00 02;Ðåãèñòðàöèÿ ïî ÁÏ;ÂÑÏ;235;Ðåãèñòðàöèÿ;äîñüå;0;AUTO
ÎÑÖ Ìîñêâà;Àðõèâ ¹1 Òîìèëèíî;RG 0001 235 00 02;Ðåãèñòðàöèÿ ïî ÁÏ;ÂÑÏ;235;Ðåãèñòðàöèÿ;äîñüå;0;AUTO
ÎÑÖ Íèæíèé Íîâãîðîä;Âíå ïîäðàçäåëåíèé;RG 0001 235 00 02;Ðåãèñòðàöèÿ ïî ÁÏ;ÂÑÏ;235;Ðåãèñòðàöèÿ;äîñüå;0;AUTO
ÎÑÖ Íèæíèé Íîâãîðîä;Àðõèâ ¹1 Íèæíèé Íîâãîðîä;RG 0001 235 00 02;Ðåãèñòðàöèÿ ïî ÁÏ;ÂÑÏ;235;Ðåãèñòðàöèÿ;äîñüå;0;AUTO
ÎÑÖ Íîâîñèáèðñê;Âíå ïîäðàçäåëåíèé;RG 0001 235 00 02;Ðåãèñòðàöèÿ ïî ÁÏ;ÂÑÏ;235;Ðåãèñòðàöèÿ;äîñüå;0;AUTO
ÎÑÖ Íîâîñèáèðñê;Àðõèâ ¹1 Íîâîñèáèðñê;RG 0001 235 00 02;Ðåãèñòðàöèÿ ïî ÁÏ;ÂÑÏ;235;Ðåãèñòðàöèÿ;äîñüå;0;AUTO
ÎÑÖ Íîâîñèáèðñê;Àðõèâ ¹3 Åêàòåðèíáóðã;RG 0001 235 00 02;Ðåãèñòðàöèÿ ïî ÁÏ;ÂÑÏ;235;Ðåãèñòðàöèÿ;äîñüå;0;AUTO
ÎÑÖ Ñàìàðà;Âíå ïîäðàçäåëåíèé;RG 0001 235 00 02;Ðåãèñòðàöèÿ ïî ÁÏ;ÂÑÏ;235;Ðåãèñòðàöèÿ;äîñüå;0;AUTO
ÎÑÖ Ñàìàðà;Àðõèâ ¹1 Ñàìàðà;RG 0001 235 00 02;Ðåãèñòðàöèÿ ïî ÁÏ;ÂÑÏ;235;Ðåãèñòðàöèÿ;äîñüå;0;AUTO
ÎÑÖ Âîðîíåæ;Âíå ïîäðàçäåëåíèé;RG 0001 223 00 02;Ðåãèñòðàöèÿ ïî ÁÏ;ÂÑÏ;223;Ðåãèñòðàöèÿ;äîñüå;0;AUTO
ÎÑÖ Âîðîíåæ;Àðõèâ ¹1 Âîðîíåæ;RG 0001 223 00 02;Ðåãèñòðàöèÿ ïî ÁÏ;ÂÑÏ;223;Ðåãèñòðàöèÿ;äîñüå;0;AUTO
ÎÑÖ Âîðîíåæ;Àðõèâ ¹3 Êàëèíèíãðàä;RG 0001 223 00 02;Ðåãèñòðàöèÿ ïî ÁÏ;ÂÑÏ;223;Ðåãèñòðàöèÿ;äîñüå;0;AUTO
ÎÑÖ Âîðîíåæ;Àðõèâ ¹4 Ñàíêò-Ïåòåðáóðã;RG 0001 223 00 02;Ðåãèñòðàöèÿ ïî ÁÏ;ÂÑÏ;223;Ðåãèñòðàöèÿ;äîñüå;0;AUTO
ÎÑÖ Ìîñêâà;Âíå ïîäðàçäåëåíèé;RG 0001 223 00 02;Ðåãèñòðàöèÿ ïî ÁÏ;ÂÑÏ;223;Ðåãèñòðàöèÿ;äîñüå;0;AUTO
ÎÑÖ Ìîñêâà;Àðõèâ ¹1 Òîìèëèíî;RG 0001 223 00 02;Ðåãèñòðàöèÿ ïî ÁÏ;ÂÑÏ;223;Ðåãèñòðàöèÿ;äîñüå;0;AUTO
ÎÑÖ Íèæíèé Íîâãîðîä;Âíå ïîäðàçäåëåíèé;RG 0001 223 00 02;Ðåãèñòðàöèÿ ïî ÁÏ;ÂÑÏ;223;Ðåãèñòðàöèÿ;äîñüå;0;AUTO
ÎÑÖ Íèæíèé Íîâãîðîä;Àðõèâ ¹1 Íèæíèé Íîâãîðîä;RG 0001 223 00 02;Ðåãèñòðàöèÿ ïî ÁÏ;ÂÑÏ;223;Ðåãèñòðàöèÿ;äîñüå;0;AUTO
ÎÑÖ Íîâîñèáèðñê;Âíå ïîäðàçäåëåíèé;RG 0001 223 00 02;Ðåãèñòðàöèÿ ïî ÁÏ;ÂÑÏ;223;Ðåãèñòðàöèÿ;äîñüå;0;AUTO
ÎÑÖ Íîâîñèáèðñê;Àðõèâ ¹1 Íîâîñèáèðñê;RG 0001 223 00 02;Ðåãèñòðàöèÿ ïî ÁÏ;ÂÑÏ;223;Ðåãèñòðàöèÿ;äîñüå;0;AUTO
ÎÑÖ Íîâîñèáèðñê;Àðõèâ ¹3 Åêàòåðèíáóðã;RG 0001 223 00 02;Ðåãèñòðàöèÿ ïî ÁÏ;ÂÑÏ;223;Ðåãèñòðàöèÿ;äîñüå;0;AUTO
ÎÑÖ Ñàìàðà;Âíå ïîäðàçäåëåíèé;RG 0001 223 00 02;Ðåãèñòðàöèÿ ïî ÁÏ;ÂÑÏ;223;Ðåãèñòðàöèÿ;äîñüå;0;AUTO
ÎÑÖ Ñàìàðà;Àðõèâ ¹1 Ñàìàðà;RG 0001 223 00 02;Ðåãèñòðàöèÿ ïî ÁÏ;ÂÑÏ;223;Ðåãèñòðàöèÿ;äîñüå;0;AUTO
ÎÑÖ Âîðîíåæ;Âíå ïîäðàçäåëåíèé;RG 0001 224 00 02;Ðåãèñòðàöèÿ ïî ÁÏ;ÂÑÏ;224;Ðåãèñòðàöèÿ;äîñüå;0;AUTO
ÎÑÖ Âîðîíåæ;Àðõèâ ¹1 Âîðîíåæ;RG 0001 224 00 02;Ðåãèñòðàöèÿ ïî ÁÏ;ÂÑÏ;224;Ðåãèñòðàöèÿ;äîñüå;0;AUTO
ÎÑÖ Âîðîíåæ;Àðõèâ ¹3 Êàëèíèíãðàä;RG 0001 224 00 02;Ðåãèñòðàöèÿ ïî ÁÏ;ÂÑÏ;224;Ðåãèñòðàöèÿ;äîñüå;0;AUTO
ÎÑÖ Âîðîíåæ;Àðõèâ ¹4 Ñàíêò-Ïåòåðáóðã;RG 0001 224 00 02;Ðåãèñòðàöèÿ ïî ÁÏ;ÂÑÏ;224;Ðåãèñòðàöèÿ;äîñüå;0;AUTO
ÎÑÖ Ìîñêâà;Âíå ïîäðàçäåëåíèé;RG 0001 224 00 02;Ðåãèñòðàöèÿ ïî ÁÏ;ÂÑÏ;224;Ðåãèñòðàöèÿ;äîñüå;0;AUTO
ÎÑÖ Ìîñêâà;Àðõèâ ¹1 Òîìèëèíî;RG 0001 224 00 02;Ðåãèñòðàöèÿ ïî ÁÏ;ÂÑÏ;224;Ðåãèñòðàöèÿ;äîñüå;0;AUTO
ÎÑÖ Íèæíèé Íîâãîðîä;Âíå ïîäðàçäåëåíèé;RG 0001 224 00 02;Ðåãèñòðàöèÿ ïî ÁÏ;ÂÑÏ;224;Ðåãèñòðàöèÿ;äîñüå;0;AUTO
ÎÑÖ Íèæíèé Íîâãîðîä;Àðõèâ ¹1 Íèæíèé Íîâãîðîä;RG 0001 224 00 02;Ðåãèñòðàöèÿ ïî ÁÏ;ÂÑÏ;224;Ðåãèñòðàöèÿ;äîñüå;0;AUTO
ÎÑÖ Íîâîñèáèðñê;Âíå ïîäðàçäåëåíèé;RG 0001 224 00 02;Ðåãèñòðàöèÿ ïî ÁÏ;ÂÑÏ;224;Ðåãèñòðàöèÿ;äîñüå;0;AUTO
ÎÑÖ Íîâîñèáèðñê;Àðõèâ ¹1 Íîâîñèáèðñê;RG 0001 224 00 02;Ðåãèñòðàöèÿ ïî ÁÏ;ÂÑÏ;224;Ðåãèñòðàöèÿ;äîñüå;0;AUTO
ÎÑÖ Íîâîñèáèðñê;Àðõèâ ¹3 Åêàòåðèíáóðã;RG 0001 224 00 02;Ðåãèñòðàöèÿ ïî ÁÏ;ÂÑÏ;224;Ðåãèñòðàöèÿ;äîñüå;0;AUTO
ÎÑÖ Ñàìàðà;Âíå ïîäðàçäåëåíèé;RG 0001 224 00 02;Ðåãèñòðàöèÿ ïî ÁÏ;ÂÑÏ;224;Ðåãèñòðàöèÿ;äîñüå;0;AUTO
ÎÑÖ Ñàìàðà;Àðõèâ ¹1 Ñàìàðà;RG 0001 224 00 02;Ðåãèñòðàöèÿ ïî ÁÏ;ÂÑÏ;224;Ðåãèñòðàöèÿ;äîñüå;0;AUTO
ÎÑÖ Âîðîíåæ;Âíå ïîäðàçäåëåíèé;RG 0001 225 00 02;Ðåãèñòðàöèÿ ïî ÁÏ;ÂÑÏ;225;Ðåãèñòðàöèÿ;äîñüå;0;AUTO
ÎÑÖ Âîðîíåæ;Àðõèâ ¹1 Âîðîíåæ;RG 0001 225 00 02;Ðåãèñòðàöèÿ ïî ÁÏ;ÂÑÏ;225;Ðåãèñòðàöèÿ;äîñüå;0;AUTO
ÎÑÖ Âîðîíåæ;Àðõèâ ¹3 Êàëèíèíãðàä;RG 0001 225 00 02;Ðåãèñòðàöèÿ ïî ÁÏ;ÂÑÏ;225;Ðåãèñòðàöèÿ;äîñüå;0;AUTO
ÎÑÖ Âîðîíåæ;Àðõèâ ¹4 Ñàíêò-Ïåòåðáóðã;RG 0001 225 00 02;Ðåãèñòðàöèÿ ïî ÁÏ;ÂÑÏ;225;Ðåãèñòðàöèÿ;äîñüå;0;AUTO
ÎÑÖ Ìîñêâà;Âíå ïîäðàçäåëåíèé;RG 0001 225 00 02;Ðåãèñòðàöèÿ ïî ÁÏ;ÂÑÏ;225;Ðåãèñòðàöèÿ;äîñüå;0;AUTO
ÎÑÖ Ìîñêâà;Àðõèâ ¹1 Òîìèëèíî;RG 0001 225 00 02;Ðåãèñòðàöèÿ ïî ÁÏ;ÂÑÏ;225;Ðåãèñòðàöèÿ;äîñüå;0;AUTO
ÎÑÖ Íèæíèé Íîâãîðîä;Âíå ïîäðàçäåëåíèé;RG 0001 225 00 02;Ðåãèñòðàöèÿ ïî ÁÏ;ÂÑÏ;225;Ðåãèñòðàöèÿ;äîñüå;0;AUTO
ÎÑÖ Íèæíèé Íîâãîðîä;Àðõèâ ¹1 Íèæíèé Íîâãîðîä;RG 0001 225 00 02;Ðåãèñòðàöèÿ ïî ÁÏ;ÂÑÏ;225;Ðåãèñòðàöèÿ;äîñüå;0;AUTO
ÎÑÖ Íîâîñèáèðñê;Âíå ïîäðàçäåëåíèé;RG 0001 225 00 02;Ðåãèñòðàöèÿ ïî ÁÏ;ÂÑÏ;225;Ðåãèñòðàöèÿ;äîñüå;0;AUTO
ÎÑÖ Íîâîñèáèðñê;Àðõèâ ¹1 Íîâîñèáèðñê;RG 0001 225 00 02;Ðåãèñòðàöèÿ ïî ÁÏ;ÂÑÏ;225;Ðåãèñòðàöèÿ;äîñüå;0;AUTO
ÎÑÖ Íîâîñèáèðñê;Àðõèâ ¹3 Åêàòåðèíáóðã;RG 0001 225 00 02;Ðåãèñòðàöèÿ ïî ÁÏ;ÂÑÏ;225;Ðåãèñòðàöèÿ;äîñüå;0;AUTO
ÎÑÖ Ñàìàðà;Âíå ïîäðàçäåëåíèé;RG 0001 225 00 02;Ðåãèñòðàöèÿ ïî ÁÏ;ÂÑÏ;225;Ðåãèñòðàöèÿ;äîñüå;0;AUTO
ÎÑÖ Ñàìàðà;Àðõèâ ¹1 Ñàìàðà;RG 0001 225 00 02;Ðåãèñòðàöèÿ ïî ÁÏ;ÂÑÏ;225;Ðåãèñòðàöèÿ;äîñüå;0;AUTO
ÎÑÖ Âîðîíåæ;Âíå ïîäðàçäåëåíèé;RG 0001 226 00 02;Ðåãèñòðàöèÿ ïî ÁÏ;ÂÑÏ;226;Ðåãèñòðàöèÿ;äîñüå;0;AUTO
ÎÑÖ Âîðîíåæ;Àðõèâ ¹1 Âîðîíåæ;RG 0001 226 00 02;Ðåãèñòðàöèÿ ïî ÁÏ;ÂÑÏ;226;Ðåãèñòðàöèÿ;äîñüå;0;AUTO
ÎÑÖ Âîðîíåæ;Àðõèâ ¹3 Êàëèíèíãðàä;RG 0001 226 00 02;Ðåãèñòðàöèÿ ïî ÁÏ;ÂÑÏ;226;Ðåãèñòðàöèÿ;äîñüå;0;AUTO
ÎÑÖ Âîðîíåæ;Àðõèâ ¹4 Ñàíêò-Ïåòåðáóðã;RG 0001 226 00 02;Ðåãèñòðàöèÿ ïî ÁÏ;ÂÑÏ;226;Ðåãèñòðàöèÿ;äîñüå;0;AUTO
ÎÑÖ Ìîñêâà;Âíå ïîäðàçäåëåíèé;RG 0001 226 00 02;Ðåãèñòðàöèÿ ïî ÁÏ;ÂÑÏ;226;Ðåãèñòðàöèÿ;äîñüå;0;AUTO
ÎÑÖ Ìîñêâà;Àðõèâ ¹1 Òîìèëèíî;RG 0001 226 00 02;Ðåãèñòðàöèÿ ïî ÁÏ;ÂÑÏ;226;Ðåãèñòðàöèÿ;äîñüå;0;AUTO
ÎÑÖ Íèæíèé Íîâãîðîä;Âíå ïîäðàçäåëåíèé;RG 0001 226 00 02;Ðåãèñòðàöèÿ ïî ÁÏ;ÂÑÏ;226;Ðåãèñòðàöèÿ;äîñüå;0;AUTO
ÎÑÖ Íèæíèé Íîâãîðîä;Àðõèâ ¹1 Íèæíèé Íîâãîðîä;RG 0001 226 00 02;Ðåãèñòðàöèÿ ïî ÁÏ;ÂÑÏ;226;Ðåãèñòðàöèÿ;äîñüå;0;AUTO
ÎÑÖ Íîâîñèáèðñê;Âíå ïîäðàçäåëåíèé;RG 0001 226 00 02;Ðåãèñòðàöèÿ ïî ÁÏ;ÂÑÏ;226;Ðåãèñòðàöèÿ;äîñüå;0;AUTO
ÎÑÖ Íîâîñèáèðñê;Àðõèâ ¹1 Íîâîñèáèðñê;RG 0001 226 00 02;Ðåãèñòðàöèÿ ïî ÁÏ;ÂÑÏ;226;Ðåãèñòðàöèÿ;äîñüå;0;AUTO
ÎÑÖ Íîâîñèáèðñê;Àðõèâ ¹3 Åêàòåðèíáóðã;RG 0001 226 00 02;Ðåãèñòðàöèÿ ïî ÁÏ;ÂÑÏ;226;Ðåãèñòðàöèÿ;äîñüå;0;AUTO
ÎÑÖ Ñàìàðà;Âíå ïîäðàçäåëåíèé;RG 0001 226 00 02;Ðåãèñòðàöèÿ ïî ÁÏ;ÂÑÏ;226;Ðåãèñòðàöèÿ;äîñüå;0;AUTO
ÎÑÖ Ñàìàðà;Àðõèâ ¹1 Ñàìàðà;RG 0001 226 00 02;Ðåãèñòðàöèÿ ïî ÁÏ;ÂÑÏ;226;Ðåãèñòðàöèÿ;äîñüå;0;AUTO
ÎÑÖ Âîðîíåæ;Âíå ïîäðàçäåëåíèé;RG 0001 227 00 02;Ðåãèñòðàöèÿ ïî ÁÏ;ÂÑÏ;227;Ðåãèñòðàöèÿ;äîñüå;0;AUTO
ÎÑÖ Âîðîíåæ;Àðõèâ ¹1 Âîðîíåæ;RG 0001 227 00 02;Ðåãèñòðàöèÿ ïî ÁÏ;ÂÑÏ;227;Ðåãèñòðàöèÿ;äîñüå;0;AUTO
ÎÑÖ Âîðîíåæ;Àðõèâ ¹3 Êàëèíèíãðàä;RG 0001 227 00 02;Ðåãèñòðàöèÿ ïî ÁÏ;ÂÑÏ;227;Ðåãèñòðàöèÿ;äîñüå;0;AUTO
ÎÑÖ Âîðîíåæ;Àðõèâ ¹4 Ñàíêò-Ïåòåðáóðã;RG 0001 227 00 02;Ðåãèñòðàöèÿ ïî ÁÏ;ÂÑÏ;227;Ðåãèñòðàöèÿ;äîñüå;0;AUTO
ÎÑÖ Ìîñêâà;Âíå ïîäðàçäåëåíèé;RG 0001 227 00 02;Ðåãèñòðàöèÿ ïî ÁÏ;ÂÑÏ;227;Ðåãèñòðàöèÿ;äîñüå;0;AUTO
ÎÑÖ Ìîñêâà;Àðõèâ ¹1 Òîìèëèíî;RG 0001 227 00 02;Ðåãèñòðàöèÿ ïî ÁÏ;ÂÑÏ;227;Ðåãèñòðàöèÿ;äîñüå;0;AUTO
ÎÑÖ Íèæíèé Íîâãîðîä;Âíå ïîäðàçäåëåíèé;RG 0001 227 00 02;Ðåãèñòðàöèÿ ïî ÁÏ;ÂÑÏ;227;Ðåãèñòðàöèÿ;äîñüå;0;AUTO
ÎÑÖ Íèæíèé Íîâãîðîä;Àðõèâ ¹1 Íèæíèé Íîâãîðîä;RG 0001 227 00 02;Ðåãèñòðàöèÿ ïî ÁÏ;ÂÑÏ;227;Ðåãèñòðàöèÿ;äîñüå;0;AUTO
ÎÑÖ Íîâîñèáèðñê;Âíå ïîäðàçäåëåíèé;RG 0001 227 00 02;Ðåãèñòðàöèÿ ïî ÁÏ;ÂÑÏ;227;Ðåãèñòðàöèÿ;äîñüå;0;AUTO
ÎÑÖ Íîâîñèáèðñê;Àðõèâ ¹1 Íîâîñèáèðñê;RG 0001 227 00 02;Ðåãèñòðàöèÿ ïî ÁÏ;ÂÑÏ;227;Ðåãèñòðàöèÿ;äîñüå;0;AUTO
ÎÑÖ Íîâîñèáèðñê;Àðõèâ ¹3 Åêàòåðèíáóðã;RG 0001 227 00 02;Ðåãèñòðàöèÿ ïî ÁÏ;ÂÑÏ;227;Ðåãèñòðàöèÿ;äîñüå;0;AUTO
ÎÑÖ Ñàìàðà;Âíå ïîäðàçäåëåíèé;RG 0001 227 00 02;Ðåãèñòðàöèÿ ïî ÁÏ;ÂÑÏ;227;Ðåãèñòðàöèÿ;äîñüå;0;AUTO
ÎÑÖ Ñàìàðà;Àðõèâ ¹1 Ñàìàðà;RG 0001 227 00 02;Ðåãèñòðàöèÿ ïî ÁÏ;ÂÑÏ;227;Ðåãèñòðàöèÿ;äîñüå;0;AUTO
ÎÑÖ Âîðîíåæ;Âíå ïîäðàçäåëåíèé;RG 0001 228 00 02;Ðåãèñòðàöèÿ ïî ÁÏ;ÂÑÏ;228;Ðåãèñòðàöèÿ;äîñüå;0;AUTO
ÎÑÖ Âîðîíåæ;Àðõèâ ¹1 Âîðîíåæ;RG 0001 228 00 02;Ðåãèñòðàöèÿ ïî ÁÏ;ÂÑÏ;228;Ðåãèñòðàöèÿ;äîñüå;0;AUTO
ÎÑÖ Âîðîíåæ;Àðõèâ ¹3 Êàëèíèíãðàä;RG 0001 228 00 02;Ðåãèñòðàöèÿ ïî ÁÏ;ÂÑÏ;228;Ðåãèñòðàöèÿ;äîñüå;0;AUTO
ÎÑÖ Âîðîíåæ;Àðõèâ ¹4 Ñàíêò-Ïåòåðáóðã;RG 0001 228 00 02;Ðåãèñòðàöèÿ ïî ÁÏ;ÂÑÏ;228;Ðåãèñòðàöèÿ;äîñüå;0;AUTO
ÎÑÖ Ìîñêâà;Âíå ïîäðàçäåëåíèé;RG 0001 228 00 02;Ðåãèñòðàöèÿ ïî ÁÏ;ÂÑÏ;228;Ðåãèñòðàöèÿ;äîñüå;0;AUTO
ÎÑÖ Ìîñêâà;Àðõèâ ¹1 Òîìèëèíî;RG 0001 228 00 02;Ðåãèñòðàöèÿ ïî ÁÏ;ÂÑÏ;228;Ðåãèñòðàöèÿ;äîñüå;0;AUTO
ÎÑÖ Íèæíèé Íîâãîðîä;Âíå ïîäðàçäåëåíèé;RG 0001 228 00 02;Ðåãèñòðàöèÿ ïî ÁÏ;ÂÑÏ;228;Ðåãèñòðàöèÿ;äîñüå;0;AUTO
ÎÑÖ Íèæíèé Íîâãîðîä;Àðõèâ ¹1 Íèæíèé Íîâãîðîä;RG 0001 228 00 02;Ðåãèñòðàöèÿ ïî ÁÏ;ÂÑÏ;228;Ðåãèñòðàöèÿ;äîñüå;0;AUTO
ÎÑÖ Íîâîñèáèðñê;Âíå ïîäðàçäåëåíèé;RG 0001 228 00 02;Ðåãèñòðàöèÿ ïî ÁÏ;ÂÑÏ;228;Ðåãèñòðàöèÿ;äîñüå;0;AUTO
ÎÑÖ Íîâîñèáèðñê;Àðõèâ ¹1 Íîâîñèáèðñê;RG 0001 228 00 02;Ðåãèñòðàöèÿ ïî ÁÏ;ÂÑÏ;228;Ðåãèñòðàöèÿ;äîñüå;0;AUTO
ÎÑÖ Íîâîñèáèðñê;Àðõèâ ¹3 Åêàòåðèíáóðã;RG 0001 228 00 02;Ðåãèñòðàöèÿ ïî ÁÏ;ÂÑÏ;228;Ðåãèñòðàöèÿ;äîñüå;0;AUTO
ÎÑÖ Ñàìàðà;Âíå ïîäðàçäåëåíèé;RG 0001 228 00 02;Ðåãèñòðàöèÿ ïî ÁÏ;ÂÑÏ;228;Ðåãèñòðàöèÿ;äîñüå;0;AUTO
ÎÑÖ Ñàìàðà;Àðõèâ ¹1 Ñàìàðà;RG 0001 228 00 02;Ðåãèñòðàöèÿ ïî ÁÏ;ÂÑÏ;228;Ðåãèñòðàöèÿ;äîñüå;0;AUTO
ÎÑÖ Âîðîíåæ;Âíå ïîäðàçäåëåíèé;RG 0001 229 00 02;Ðåãèñòðàöèÿ ïî ÁÏ;ÂÑÏ;229;Ðåãèñòðàöèÿ;äîñüå;0;AUTO
ÎÑÖ Âîðîíåæ;Àðõèâ ¹1 Âîðîíåæ;RG 0001 229 00 02;Ðåãèñòðàöèÿ ïî ÁÏ;ÂÑÏ;229;Ðåãèñòðàöèÿ;äîñüå;0;AUTO
ÎÑÖ Âîðîíåæ;Àðõèâ ¹3 Êàëèíèíãðàä;RG 0001 229 00 02;Ðåãèñòðàöèÿ ïî ÁÏ;ÂÑÏ;229;Ðåãèñòðàöèÿ;äîñüå;0;AUTO
ÎÑÖ Âîðîíåæ;Àðõèâ ¹4 Ñàíêò-Ïåòåðáóðã;RG 0001 229 00 02;Ðåãèñòðàöèÿ ïî ÁÏ;ÂÑÏ;229;Ðåãèñòðàöèÿ;äîñüå;0;AUTO
ÎÑÖ Ìîñêâà;Âíå ïîäðàçäåëåíèé;RG 0001 229 00 02;Ðåãèñòðàöèÿ ïî ÁÏ;ÂÑÏ;229;Ðåãèñòðàöèÿ;äîñüå;0;AUTO
ÎÑÖ Ìîñêâà;Àðõèâ ¹1 Òîìèëèíî;RG 0001 229 00 02;Ðåãèñòðàöèÿ ïî ÁÏ;ÂÑÏ;229;Ðåãèñòðàöèÿ;äîñüå;0;AUTO
ÎÑÖ Íèæíèé Íîâãîðîä;Âíå ïîäðàçäåëåíèé;RG 0001 229 00 02;Ðåãèñòðàöèÿ ïî ÁÏ;ÂÑÏ;229;Ðåãèñòðàöèÿ;äîñüå;0;AUTO
ÎÑÖ Íèæíèé Íîâãîðîä;Àðõèâ ¹1 Íèæíèé Íîâãîðîä;RG 0001 229 00 02;Ðåãèñòðàöèÿ ïî ÁÏ;ÂÑÏ;229;Ðåãèñòðàöèÿ;äîñüå;0;AUTO
ÎÑÖ Íîâîñèáèðñê;Âíå ïîäðàçäåëåíèé;RG 0001 229 00 02;Ðåãèñòðàöèÿ ïî ÁÏ;ÂÑÏ;229;Ðåãèñòðàöèÿ;äîñüå;0;AUTO
ÎÑÖ Íîâîñèáèðñê;Àðõèâ ¹1 Íîâîñèáèðñê;RG 0001 229 00 02;Ðåãèñòðàöèÿ ïî ÁÏ;ÂÑÏ;229;Ðåãèñòðàöèÿ;äîñüå;0;AUTO
ÎÑÖ Íîâîñèáèðñê;Àðõèâ ¹3 Åêàòåðèíáóðã;RG 0001 229 00 02;Ðåãèñòðàöèÿ ïî ÁÏ;ÂÑÏ;229;Ðåãèñòðàöèÿ;äîñüå;0;AUTO
ÎÑÖ Ñàìàðà;Âíå ïîäðàçäåëåíèé;RG 0001 229 00 02;Ðåãèñòðàöèÿ ïî ÁÏ;ÂÑÏ;229;Ðåãèñòðàöèÿ;äîñüå;0;AUTO
ÎÑÖ Ñàìàðà;Àðõèâ ¹1 Ñàìàðà;RG 0001 229 00 02;Ðåãèñòðàöèÿ ïî ÁÏ;ÂÑÏ;229;Ðåãèñòðàöèÿ;äîñüå;0;AUTO
ÎÑÖ Âîðîíåæ;Âíå ïîäðàçäåëåíèé;RG 0001 230 00 02;Ðåãèñòðàöèÿ ïî ÁÏ;ÂÑÏ;230;Ðåãèñòðàöèÿ;äîñüå;0;AUTO
ÎÑÖ Âîðîíåæ;Àðõèâ ¹1 Âîðîíåæ;RG 0001 230 00 02;Ðåãèñòðàöèÿ ïî ÁÏ;ÂÑÏ;230;Ðåãèñòðàöèÿ;äîñüå;0;AUTO
ÎÑÖ Âîðîíåæ;Àðõèâ ¹3 Êàëèíèíãðàä;RG 0001 230 00 02;Ðåãèñòðàöèÿ ïî ÁÏ;ÂÑÏ;230;Ðåãèñòðàöèÿ;äîñüå;0;AUTO
ÎÑÖ Âîðîíåæ;Àðõèâ ¹4 Ñàíêò-Ïåòåðáóðã;RG 0001 230 00 02;Ðåãèñòðàöèÿ ïî ÁÏ;ÂÑÏ;230;Ðåãèñòðàöèÿ;äîñüå;0;AUTO
ÎÑÖ Ìîñêâà;Âíå ïîäðàçäåëåíèé;RG 0001 230 00 02;Ðåãèñòðàöèÿ ïî ÁÏ;ÂÑÏ;230;Ðåãèñòðàöèÿ;äîñüå;0;AUTO
ÎÑÖ Ìîñêâà;Àðõèâ ¹1 Òîìèëèíî;RG 0001 230 00 02;Ðåãèñòðàöèÿ ïî ÁÏ;ÂÑÏ;230;Ðåãèñòðàöèÿ;äîñüå;0;AUTO
ÎÑÖ Íèæíèé Íîâãîðîä;Âíå ïîäðàçäåëåíèé;RG 0001 230 00 02;Ðåãèñòðàöèÿ ïî ÁÏ;ÂÑÏ;230;Ðåãèñòðàöèÿ;äîñüå;0;AUTO
ÎÑÖ Íèæíèé Íîâãîðîä;Àðõèâ ¹1 Íèæíèé Íîâãîðîä;RG 0001 230 00 02;Ðåãèñòðàöèÿ ïî ÁÏ;ÂÑÏ;230;Ðåãèñòðàöèÿ;äîñüå;0;AUTO
ÎÑÖ Íîâîñèáèðñê;Âíå ïîäðàçäåëåíèé;RG 0001 230 00 02;Ðåãèñòðàöèÿ ïî ÁÏ;ÂÑÏ;230;Ðåãèñòðàöèÿ;äîñüå;0;AUTO
ÎÑÖ Íîâîñèáèðñê;Àðõèâ ¹1 Íîâîñèáèðñê;RG 0001 230 00 02;Ðåãèñòðàöèÿ ïî ÁÏ;ÂÑÏ;230;Ðåãèñòðàöèÿ;äîñüå;0;AUTO
ÎÑÖ Íîâîñèáèðñê;Àðõèâ ¹3 Åêàòåðèíáóðã;RG 0001 230 00 02;Ðåãèñòðàöèÿ ïî ÁÏ;ÂÑÏ;230;Ðåãèñòðàöèÿ;äîñüå;0;AUTO
ÎÑÖ Ñàìàðà;Âíå ïîäðàçäåëåíèé;RG 0001 230 00 02;Ðåãèñòðàöèÿ ïî ÁÏ;ÂÑÏ;230;Ðåãèñòðàöèÿ;äîñüå;0;AUTO
ÎÑÖ Ñàìàðà;Àðõèâ ¹1 Ñàìàðà;RG 0001 230 00 02;Ðåãèñòðàöèÿ ïî ÁÏ;ÂÑÏ;230;Ðåãèñòðàöèÿ;äîñüå;0;AUTO
ÎÑÖ Âîðîíåæ;Âíå ïîäðàçäåëåíèé;RG 0001 255 00 02;Ðåãèñòðàöèÿ ïî ÁÏ;ÂÑÏ;255;Ðåãèñòðàöèÿ;äîñüå;0;AUTO
ÎÑÖ Âîðîíåæ;Àðõèâ ¹1 Âîðîíåæ;RG 0001 255 00 02;Ðåãèñòðàöèÿ ïî ÁÏ;ÂÑÏ;255;Ðåãèñòðàöèÿ;äîñüå;0;AUTO
ÎÑÖ Âîðîíåæ;Àðõèâ ¹3 Êàëèíèíãðàä;RG 0001 255 00 02;Ðåãèñòðàöèÿ ïî ÁÏ;ÂÑÏ;255;Ðåãèñòðàöèÿ;äîñüå;0;AUTO
ÎÑÖ Âîðîíåæ;Àðõèâ ¹4 Ñàíêò-Ïåòåðáóðã;RG 0001 255 00 02;Ðåãèñòðàöèÿ ïî ÁÏ;ÂÑÏ;255;Ðåãèñòðàöèÿ;äîñüå;0;AUTO
ÎÑÖ Ìîñêâà;Âíå ïîäðàçäåëåíèé;RG 0001 255 00 02;Ðåãèñòðàöèÿ ïî ÁÏ;ÂÑÏ;255;Ðåãèñòðàöèÿ;äîñüå;0;AUTO
ÎÑÖ Ìîñêâà;Àðõèâ ¹1 Òîìèëèíî;RG 0001 255 00 02;Ðåãèñòðàöèÿ ïî ÁÏ;ÂÑÏ;255;Ðåãèñòðàöèÿ;äîñüå;0;AUTO
ÎÑÖ Íèæíèé Íîâãîðîä;Âíå ïîäðàçäåëåíèé;RG 0001 255 00 02;Ðåãèñòðàöèÿ ïî ÁÏ;ÂÑÏ;255;Ðåãèñòðàöèÿ;äîñüå;0;AUTO
ÎÑÖ Íèæíèé Íîâãîðîä;Àðõèâ ¹1 Íèæíèé Íîâãîðîä;RG 0001 255 00 02;Ðåãèñòðàöèÿ ïî ÁÏ;ÂÑÏ;255;Ðåãèñòðàöèÿ;äîñüå;0;AUTO
ÎÑÖ Íîâîñèáèðñê;Âíå ïîäðàçäåëåíèé;RG 0001 255 00 02;Ðåãèñòðàöèÿ ïî ÁÏ;ÂÑÏ;255;Ðåãèñòðàöèÿ;äîñüå;0;AUTO
ÎÑÖ Íîâîñèáèðñê;Àðõèâ ¹1 Íîâîñèáèðñê;RG 0001 255 00 02;Ðåãèñòðàöèÿ ïî ÁÏ;ÂÑÏ;255;Ðåãèñòðàöèÿ;äîñüå;0;AUTO
ÎÑÖ Íîâîñèáèðñê;Àðõèâ ¹3 Åêàòåðèíáóðã;RG 0001 255 00 02;Ðåãèñòðàöèÿ ïî ÁÏ;ÂÑÏ;255;Ðåãèñòðàöèÿ;äîñüå;0;AUTO
ÎÑÖ Ñàìàðà;Âíå ïîäðàçäåëåíèé;RG 0001 255 00 02;Ðåãèñòðàöèÿ ïî ÁÏ;ÂÑÏ;255;Ðåãèñòðàöèÿ;äîñüå;0;AUTO
ÎÑÖ Ñàìàðà;Àðõèâ ¹1 Ñàìàðà;RG 0001 255 00 02;Ðåãèñòðàöèÿ ïî ÁÏ;ÂÑÏ;255;Ðåãèñòðàöèÿ;äîñüå;0;AUTO
ÎÑÖ Âîðîíåæ;Âíå ïîäðàçäåëåíèé;RG 0001 260 00 02;Ðåãèñòðàöèÿ ïî ÁÏ;ÂÑÏ;260;Ðåãèñòðàöèÿ;äîñüå;0;AUTO
ÎÑÖ Âîðîíåæ;Àðõèâ ¹1 Âîðîíåæ;RG 0001 260 00 02;Ðåãèñòðàöèÿ ïî ÁÏ;ÂÑÏ;260;Ðåãèñòðàöèÿ;äîñüå;0;AUTO
ÎÑÖ Âîðîíåæ;Àðõèâ ¹3 Êàëèíèíãðàä;RG 0001 260 00 02;Ðåãèñòðàöèÿ ïî ÁÏ;ÂÑÏ;260;Ðåãèñòðàöèÿ;äîñüå;0;AUTO
ÎÑÖ Âîðîíåæ;Àðõèâ ¹4 Ñàíêò-Ïåòåðáóðã;RG 0001 260 00 02;Ðåãèñòðàöèÿ ïî ÁÏ;ÂÑÏ;260;Ðåãèñòðàöèÿ;äîñüå;0;AUTO
ÎÑÖ Ìîñêâà;Âíå ïîäðàçäåëåíèé;RG 0001 260 00 02;Ðåãèñòðàöèÿ ïî ÁÏ;ÂÑÏ;260;Ðåãèñòðàöèÿ;äîñüå;0;AUTO
ÎÑÖ Ìîñêâà;Àðõèâ ¹1 Òîìèëèíî;RG 0001 260 00 02;Ðåãèñòðàöèÿ ïî ÁÏ;ÂÑÏ;260;Ðåãèñòðàöèÿ;äîñüå;0;AUTO
ÎÑÖ Íèæíèé Íîâãîðîä;Âíå ïîäðàçäåëåíèé;RG 0001 260 00 02;Ðåãèñòðàöèÿ ïî ÁÏ;ÂÑÏ;260;Ðåãèñòðàöèÿ;äîñüå;0;AUTO
ÎÑÖ Íèæíèé Íîâãîðîä;Àðõèâ ¹1 Íèæíèé Íîâãîðîä;RG 0001 260 00 02;Ðåãèñòðàöèÿ ïî ÁÏ;ÂÑÏ;260;Ðåãèñòðàöèÿ;äîñüå;0;AUTO
ÎÑÖ Íîâîñèáèðñê;Âíå ïîäðàçäåëåíèé;RG 0001 260 00 02;Ðåãèñòðàöèÿ ïî ÁÏ;ÂÑÏ;260;Ðåãèñòðàöèÿ;äîñüå;0;AUTO
ÎÑÖ Íîâîñèáèðñê;Àðõèâ ¹1 Íîâîñèáèðñê;RG 0001 260 00 02;Ðåãèñòðàöèÿ ïî ÁÏ;ÂÑÏ;260;Ðåãèñòðàöèÿ;äîñüå;0;AUTO
ÎÑÖ Íîâîñèáèðñê;Àðõèâ ¹3 Åêàòåðèíáóðã;RG 0001 260 00 02;Ðåãèñòðàöèÿ ïî ÁÏ;ÂÑÏ;260;Ðåãèñòðàöèÿ;äîñüå;0;AUTO
ÎÑÖ Ñàìàðà;Âíå ïîäðàçäåëåíèé;RG 0001 260 00 02;Ðåãèñòðàöèÿ ïî ÁÏ;ÂÑÏ;260;Ðåãèñòðàöèÿ;äîñüå;0;AUTO
ÎÑÖ Ñàìàðà;Àðõèâ ¹1 Ñàìàðà;RG 0001 260 00 02;Ðåãèñòðàöèÿ ïî ÁÏ;ÂÑÏ;260;Ðåãèñòðàöèÿ;äîñüå;0;AUTO
ÎÑÖ Âîðîíåæ;Âíå ïîäðàçäåëåíèé;RG 0001 266 00 02;Ðåãèñòðàöèÿ ïî ÁÏ;ÂÑÏ;266;Ðåãèñòðàöèÿ;äîñüå;0;AUTO
ÎÑÖ Âîðîíåæ;Àðõèâ ¹1 Âîðîíåæ;RG 0001 266 00 02;Ðåãèñòðàöèÿ ïî ÁÏ;ÂÑÏ;266;Ðåãèñòðàöèÿ;äîñüå;0;AUTO
ÎÑÖ Âîðîíåæ;Àðõèâ ¹3 Êàëèíèíãðàä;RG 0001 266 00 02;Ðåãèñòðàöèÿ ïî ÁÏ;ÂÑÏ;266;Ðåãèñòðàöèÿ;äîñüå;0;AUTO
ÎÑÖ Âîðîíåæ;Àðõèâ ¹4 Ñàíêò-Ïåòåðáóðã;RG 0001 266 00 02;Ðåãèñòðàöèÿ ïî ÁÏ;ÂÑÏ;266;Ðåãèñòðàöèÿ;äîñüå;0;AUTO
ÎÑÖ Ìîñêâà;Âíå ïîäðàçäåëåíèé;RG 0001 266 00 02;Ðåãèñòðàöèÿ ïî ÁÏ;ÂÑÏ;266;Ðåãèñòðàöèÿ;äîñüå;0;AUTO
ÎÑÖ Ìîñêâà;Àðõèâ ¹1 Òîìèëèíî;RG 0001 266 00 02;Ðåãèñòðàöèÿ ïî ÁÏ;ÂÑÏ;266;Ðåãèñòðàöèÿ;äîñüå;0;AUTO
ÎÑÖ Íèæíèé Íîâãîðîä;Âíå ïîäðàçäåëåíèé;RG 0001 266 00 02;Ðåãèñòðàöèÿ ïî ÁÏ;ÂÑÏ;266;Ðåãèñòðàöèÿ;äîñüå;0;AUTO
ÎÑÖ Íèæíèé Íîâãîðîä;Àðõèâ ¹1 Íèæíèé Íîâãîðîä;RG 0001 266 00 02;Ðåãèñòðàöèÿ ïî ÁÏ;ÂÑÏ;266;Ðåãèñòðàöèÿ;äîñüå;0;AUTO
ÎÑÖ Íîâîñèáèðñê;Âíå ïîäðàçäåëåíèé;RG 0001 266 00 02;Ðåãèñòðàöèÿ ïî ÁÏ;ÂÑÏ;266;Ðåãèñòðàöèÿ;äîñüå;0;AUTO
ÎÑÖ Íîâîñèáèðñê;Àðõèâ ¹1 Íîâîñèáèðñê;RG 0001 266 00 02;Ðåãèñòðàöèÿ ïî ÁÏ;ÂÑÏ;266;Ðåãèñòðàöèÿ;äîñüå;0;AUTO
ÎÑÖ Íîâîñèáèðñê;Àðõèâ ¹3 Åêàòåðèíáóðã;RG 0001 266 00 02;Ðåãèñòðàöèÿ ïî ÁÏ;ÂÑÏ;266;Ðåãèñòðàöèÿ;äîñüå;0;AUTO
ÎÑÖ Ñàìàðà;Âíå ïîäðàçäåëåíèé;RG 0001 266 00 02;Ðåãèñòðàöèÿ ïî ÁÏ;ÂÑÏ;266;Ðåãèñòðàöèÿ;äîñüå;0;AUTO
ÎÑÖ Ñàìàðà;Àðõèâ ¹1 Ñàìàðà;RG 0001 266 00 02;Ðåãèñòðàöèÿ ïî ÁÏ;ÂÑÏ;266;Ðåãèñòðàöèÿ;äîñüå;0;AUTO
ÎÑÖ Âîðîíåæ;Âíå ïîäðàçäåëåíèé;RG 0001 246 00 02;Ðåãèñòðàöèÿ ïî ÁÏ;ÂÑÏ;246;Ðåãèñòðàöèÿ;äîñüå;0;AUTO
ÎÑÖ Âîðîíåæ;Àðõèâ ¹1 Âîðîíåæ;RG 0001 246 00 02;Ðåãèñòðàöèÿ ïî ÁÏ;ÂÑÏ;246;Ðåãèñòðàöèÿ;äîñüå;0;AUTO
ÎÑÖ Âîðîíåæ;Àðõèâ ¹3 Êàëèíèíãðàä;RG 0001 246 00 02;Ðåãèñòðàöèÿ ïî ÁÏ;ÂÑÏ;246;Ðåãèñòðàöèÿ;äîñüå;0;AUTO
ÎÑÖ Âîðîíåæ;Àðõèâ ¹4 Ñàíêò-Ïåòåðáóðã;RG 0001 246 00 02;Ðåãèñòðàöèÿ ïî ÁÏ;ÂÑÏ;246;Ðåãèñòðàöèÿ;äîñüå;0;AUTO
ÎÑÖ Ìîñêâà;Âíå ïîäðàçäåëåíèé;RG 0001 246 00 02;Ðåãèñòðàöèÿ ïî ÁÏ;ÂÑÏ;246;Ðåãèñòðàöèÿ;äîñüå;0;AUTO
ÎÑÖ Ìîñêâà;Àðõèâ ¹1 Òîìèëèíî;RG 0001 246 00 02;Ðåãèñòðàöèÿ ïî ÁÏ;ÂÑÏ;246;Ðåãèñòðàöèÿ;äîñüå;0;AUTO
ÎÑÖ Íèæíèé Íîâãîðîä;Âíå ïîäðàçäåëåíèé;RG 0001 246 00 02;Ðåãèñòðàöèÿ ïî ÁÏ;ÂÑÏ;246;Ðåãèñòðàöèÿ;äîñüå;0;AUTO
ÎÑÖ Íèæíèé Íîâãîðîä;Àðõèâ ¹1 Íèæíèé Íîâãîðîä;RG 0001 246 00 02;Ðåãèñòðàöèÿ ïî ÁÏ;ÂÑÏ;246;Ðåãèñòðàöèÿ;äîñüå;0;AUTO
ÎÑÖ Íîâîñèáèðñê;Âíå ïîäðàçäåëåíèé;RG 0001 246 00 02;Ðåãèñòðàöèÿ ïî ÁÏ;ÂÑÏ;246;Ðåãèñòðàöèÿ;äîñüå;0;AUTO
ÎÑÖ Íîâîñèáèðñê;Àðõèâ ¹1 Íîâîñèáèðñê;RG 0001 246 00 02;Ðåãèñòðàöèÿ ïî ÁÏ;ÂÑÏ;246;Ðåãèñòðàöèÿ;äîñüå;0;AUTO
ÎÑÖ Íîâîñèáèðñê;Àðõèâ ¹3 Åêàòåðèíáóðã;RG 0001 246 00 02;Ðåãèñòðàöèÿ ïî ÁÏ;ÂÑÏ;246;Ðåãèñòðàöèÿ;äîñüå;0;AUTO
ÎÑÖ Ñàìàðà;Âíå ïîäðàçäåëåíèé;RG 0001 246 00 02;Ðåãèñòðàöèÿ ïî ÁÏ;ÂÑÏ;246;Ðåãèñòðàöèÿ;äîñüå;0;AUTO
ÎÑÖ Ñàìàðà;Àðõèâ ¹1 Ñàìàðà;RG 0001 246 00 02;Ðåãèñòðàöèÿ ïî ÁÏ;ÂÑÏ;246;Ðåãèñòðàöèÿ;äîñüå;0;AUTO
ÎÑÖ Âîðîíåæ;Âíå ïîäðàçäåëåíèé;RG 0001 244 00 02;Ðåãèñòðàöèÿ ïî ÁÏ;ÂÑÏ;244;Ðåãèñòðàöèÿ;äîñüå;0;AUTO
ÎÑÖ Âîðîíåæ;Àðõèâ ¹1 Âîðîíåæ;RG 0001 244 00 02;Ðåãèñòðàöèÿ ïî ÁÏ;ÂÑÏ;244;Ðåãèñòðàöèÿ;äîñüå;0;AUTO
ÎÑÖ Âîðîíåæ;Àðõèâ ¹3 Êàëèíèíãðàä;RG 0001 244 00 02;Ðåãèñòðàöèÿ ïî ÁÏ;ÂÑÏ;244;Ðåãèñòðàöèÿ;äîñüå;0;AUTO
ÎÑÖ Âîðîíåæ;Àðõèâ ¹4 Ñàíêò-Ïåòåðáóðã;RG 0001 244 00 02;Ðåãèñòðàöèÿ ïî ÁÏ;ÂÑÏ;244;Ðåãèñòðàöèÿ;äîñüå;0;AUTO
ÎÑÖ Ìîñêâà;Âíå ïîäðàçäåëåíèé;RG 0001 244 00 02;Ðåãèñòðàöèÿ ïî ÁÏ;ÂÑÏ;244;Ðåãèñòðàöèÿ;äîñüå;0;AUTO
ÎÑÖ Ìîñêâà;Àðõèâ ¹1 Òîìèëèíî;RG 0001 244 00 02;Ðåãèñòðàöèÿ ïî ÁÏ;ÂÑÏ;244;Ðåãèñòðàöèÿ;äîñüå;0;AUTO
ÎÑÖ Íèæíèé Íîâãîðîä;Âíå ïîäðàçäåëåíèé;RG 0001 244 00 02;Ðåãèñòðàöèÿ ïî ÁÏ;ÂÑÏ;244;Ðåãèñòðàöèÿ;äîñüå;0;AUTO
ÎÑÖ Íèæíèé Íîâãîðîä;Àðõèâ ¹1 Íèæíèé Íîâãîðîä;RG 0001 244 00 02;Ðåãèñòðàöèÿ ïî ÁÏ;ÂÑÏ;244;Ðåãèñòðàöèÿ;äîñüå;0;AUTO
ÎÑÖ Íîâîñèáèðñê;Âíå ïîäðàçäåëåíèé;RG 0001 244 00 02;Ðåãèñòðàöèÿ ïî ÁÏ;ÂÑÏ;244;Ðåãèñòðàöèÿ;äîñüå;0;AUTO
ÎÑÖ Íîâîñèáèðñê;Àðõèâ ¹1 Íîâîñèáèðñê;RG 0001 244 00 02;Ðåãèñòðàöèÿ ïî ÁÏ;ÂÑÏ;244;Ðåãèñòðàöèÿ;äîñüå;0;AUTO
ÎÑÖ Íîâîñèáèðñê;Àðõèâ ¹3 Åêàòåðèíáóðã;RG 0001 244 00 02;Ðåãèñòðàöèÿ ïî ÁÏ;ÂÑÏ;244;Ðåãèñòðàöèÿ;äîñüå;0;AUTO
ÎÑÖ Ñàìàðà;Âíå ïîäðàçäåëåíèé;RG 0001 244 00 02;Ðåãèñòðàöèÿ ïî ÁÏ;ÂÑÏ;244;Ðåãèñòðàöèÿ;äîñüå;0;AUTO
ÎÑÖ Ñàìàðà;Àðõèâ ¹1 Ñàìàðà;RG 0001 244 00 02;Ðåãèñòðàöèÿ ïî ÁÏ;ÂÑÏ;244;Ðåãèñòðàöèÿ;äîñüå;0;AUTO
ÎÑÖ Âîðîíåæ;Âíå ïîäðàçäåëåíèé;RG 0001 267 00 02;Ðåãèñòðàöèÿ ïî ÁÏ;ÂÑÏ;267;Ðåãèñòðàöèÿ;äîñüå;0;AUTO
ÎÑÖ Âîðîíåæ;Àðõèâ ¹1 Âîðîíåæ;RG 0001 267 00 02;Ðåãèñòðàöèÿ ïî ÁÏ;ÂÑÏ;267;Ðåãèñòðàöèÿ;äîñüå;0;AUTO
ÎÑÖ Âîðîíåæ;Àðõèâ ¹3 Êàëèíèíãðàä;RG 0001 267 00 02;Ðåãèñòðàöèÿ ïî ÁÏ;ÂÑÏ;267;Ðåãèñòðàöèÿ;äîñüå;0;AUTO
ÎÑÖ Âîðîíåæ;Àðõèâ ¹4 Ñàíêò-Ïåòåðáóðã;RG 0001 267 00 02;Ðåãèñòðàöèÿ ïî ÁÏ;ÂÑÏ;267;Ðåãèñòðàöèÿ;äîñüå;0;AUTO
ÎÑÖ Ìîñêâà;Âíå ïîäðàçäåëåíèé;RG 0001 267 00 02;Ðåãèñòðàöèÿ ïî ÁÏ;ÂÑÏ;267;Ðåãèñòðàöèÿ;äîñüå;0;AUTO
ÎÑÖ Ìîñêâà;Àðõèâ ¹1 Òîìèëèíî;RG 0001 267 00 02;Ðåãèñòðàöèÿ ïî ÁÏ;ÂÑÏ;267;Ðåãèñòðàöèÿ;äîñüå;0;AUTO
ÎÑÖ Íèæíèé Íîâãîðîä;Âíå ïîäðàçäåëåíèé;RG 0001 267 00 02;Ðåãèñòðàöèÿ ïî ÁÏ;ÂÑÏ;267;Ðåãèñòðàöèÿ;äîñüå;0;AUTO
ÎÑÖ Íèæíèé Íîâãîðîä;Àðõèâ ¹1 Íèæíèé Íîâãîðîä;RG 0001 267 00 02;Ðåãèñòðàöèÿ ïî ÁÏ;ÂÑÏ;267;Ðåãèñòðàöèÿ;äîñüå;0;AUTO
ÎÑÖ Íîâîñèáèðñê;Âíå ïîäðàçäåëåíèé;RG 0001 267 00 02;Ðåãèñòðàöèÿ ïî ÁÏ;ÂÑÏ;267;Ðåãèñòðàöèÿ;äîñüå;0;AUTO
ÎÑÖ Íîâîñèáèðñê;Àðõèâ ¹1 Íîâîñèáèðñê;RG 0001 267 00 02;Ðåãèñòðàöèÿ ïî ÁÏ;ÂÑÏ;267;Ðåãèñòðàöèÿ;äîñüå;0;AUTO
ÎÑÖ Íîâîñèáèðñê;Àðõèâ ¹3 Åêàòåðèíáóðã;RG 0001 267 00 02;Ðåãèñòðàöèÿ ïî ÁÏ;ÂÑÏ;267;Ðåãèñòðàöèÿ;äîñüå;0;AUTO
ÎÑÖ Ñàìàðà;Âíå ïîäðàçäåëåíèé;RG 0001 267 00 02;Ðåãèñòðàöèÿ ïî ÁÏ;ÂÑÏ;267;Ðåãèñòðàöèÿ;äîñüå;0;AUTO
ÎÑÖ Ñàìàðà;Àðõèâ ¹1 Ñàìàðà;RG 0001 267 00 02;Ðåãèñòðàöèÿ ïî ÁÏ;ÂÑÏ;267;Ðåãèñòðàöèÿ;äîñüå;0;AUTO
ÎÑÖ Âîðîíåæ;Âíå ïîäðàçäåëåíèé;RG 0001 268 00 02;Ðåãèñòðàöèÿ ïî ÁÏ;ÂÑÏ;268;Ðåãèñòðàöèÿ;äîñüå;0;AUTO
ÎÑÖ Âîðîíåæ;Àðõèâ ¹1 Âîðîíåæ;RG 0001 268 00 02;Ðåãèñòðàöèÿ ïî ÁÏ;ÂÑÏ;268;Ðåãèñòðàöèÿ;äîñüå;7,933;AUTO
ÎÑÖ Âîðîíåæ;Àðõèâ ¹3 Êàëèíèíãðàä;RG 0001 268 00 02;Ðåãèñòðàöèÿ ïî ÁÏ;ÂÑÏ;268;Ðåãèñòðàöèÿ;äîñüå;7,055;AUTO
ÎÑÖ Âîðîíåæ;Àðõèâ ¹4 Ñàíêò-Ïåòåðáóðã;RG 0001 268 00 02;Ðåãèñòðàöèÿ ïî ÁÏ;ÂÑÏ;268;Ðåãèñòðàöèÿ;äîñüå;5,849;AUTO
ÎÑÖ Ìîñêâà;Âíå ïîäðàçäåëåíèé;RG 0001 268 00 02;Ðåãèñòðàöèÿ ïî ÁÏ;ÂÑÏ;268;Ðåãèñòðàöèÿ;äîñüå;0;AUTO
ÎÑÖ Ìîñêâà;Àðõèâ ¹1 Òîìèëèíî;RG 0001 268 00 02;Ðåãèñòðàöèÿ ïî ÁÏ;ÂÑÏ;268;Ðåãèñòðàöèÿ;äîñüå;8;AUTO
ÎÑÖ Íèæíèé Íîâãîðîä;Âíå ïîäðàçäåëåíèé;RG 0001 268 00 02;Ðåãèñòðàöèÿ ïî ÁÏ;ÂÑÏ;268;Ðåãèñòðàöèÿ;äîñüå;0;AUTO
ÎÑÖ Íèæíèé Íîâãîðîä;Àðõèâ ¹1 Íèæíèé Íîâãîðîä;RG 0001 268 00 02;Ðåãèñòðàöèÿ ïî ÁÏ;ÂÑÏ;268;Ðåãèñòðàöèÿ;äîñüå;6;AUTO
ÎÑÖ Íîâîñèáèðñê;Âíå ïîäðàçäåëåíèé;RG 0001 268 00 02;Ðåãèñòðàöèÿ ïî ÁÏ;ÂÑÏ;268;Ðåãèñòðàöèÿ;äîñüå;0;AUTO
ÎÑÖ Íîâîñèáèðñê;Àðõèâ ¹1 Íîâîñèáèðñê;RG 0001 268 00 02;Ðåãèñòðàöèÿ ïî ÁÏ;ÂÑÏ;268;Ðåãèñòðàöèÿ;äîñüå;5,967;AUTO
ÎÑÖ Íîâîñèáèðñê;Àðõèâ ¹3 Åêàòåðèíáóðã;RG 0001 268 00 02;Ðåãèñòðàöèÿ ïî ÁÏ;ÂÑÏ;268;Ðåãèñòðàöèÿ;äîñüå;6;AUTO
ÎÑÖ Ñàìàðà;Âíå ïîäðàçäåëåíèé;RG 0001 268 00 02;Ðåãèñòðàöèÿ ïî ÁÏ;ÂÑÏ;268;Ðåãèñòðàöèÿ;äîñüå;0;AUTO
ÎÑÖ Ñàìàðà;Àðõèâ ¹1 Ñàìàðà;RG 0001 268 00 02;Ðåãèñòðàöèÿ ïî ÁÏ;ÂÑÏ;268;Ðåãèñòðàöèÿ;äîñüå;7,867;AUTO
ÎÑÖ Âîðîíåæ;Âíå ïîäðàçäåëåíèé;RG 0001 281 00 02;Ðåãèñòðàöèÿ ïî ÁÏ;ÂÑÏ;281;Ðåãèñòðàöèÿ;äîñüå;0;AUTO
ÎÑÖ Âîðîíåæ;Àðõèâ ¹1 Âîðîíåæ;RG 0001 281 00 02;Ðåãèñòðàöèÿ ïî ÁÏ;ÂÑÏ;281;Ðåãèñòðàöèÿ;äîñüå;0;AUTO
ÎÑÖ Âîðîíåæ;Àðõèâ ¹3 Êàëèíèíãðàä;RG 0001 281 00 02;Ðåãèñòðàöèÿ ïî ÁÏ;ÂÑÏ;281;Ðåãèñòðàöèÿ;äîñüå;0;AUTO
ÎÑÖ Âîðîíåæ;Àðõèâ ¹4 Ñàíêò-Ïåòåðáóðã;RG 0001 281 00 02;Ðåãèñòðàöèÿ ïî ÁÏ;ÂÑÏ;281;Ðåãèñòðàöèÿ;äîñüå;0;AUTO
ÎÑÖ Ìîñêâà;Âíå ïîäðàçäåëåíèé;RG 0001 281 00 02;Ðåãèñòðàöèÿ ïî ÁÏ;ÂÑÏ;281;Ðåãèñòðàöèÿ;äîñüå;0;AUTO
ÎÑÖ Ìîñêâà;Àðõèâ ¹1 Òîìèëèíî;RG 0001 281 00 02;Ðåãèñòðàöèÿ ïî ÁÏ;ÂÑÏ;281;Ðåãèñòðàöèÿ;äîñüå;0;AUTO
ÎÑÖ Íèæíèé Íîâãîðîä;Âíå ïîäðàçäåëåíèé;RG 0001 281 00 02;Ðåãèñòðàöèÿ ïî ÁÏ;ÂÑÏ;281;Ðåãèñòðàöèÿ;äîñüå;0;AUTO
ÎÑÖ Íèæíèé Íîâãîðîä;Àðõèâ ¹1 Íèæíèé Íîâãîðîä;RG 0001 281 00 02;Ðåãèñòðàöèÿ ïî ÁÏ;ÂÑÏ;281;Ðåãèñòðàöèÿ;äîñüå;0;AUTO
ÎÑÖ Íîâîñèáèðñê;Âíå ïîäðàçäåëåíèé;RG 0001 281 00 02;Ðåãèñòðàöèÿ ïî ÁÏ;ÂÑÏ;281;Ðåãèñòðàöèÿ;äîñüå;0;AUTO
ÎÑÖ Íîâîñèáèðñê;Àðõèâ ¹1 Íîâîñèáèðñê;RG 0001 281 00 02;Ðåãèñòðàöèÿ ïî ÁÏ;ÂÑÏ;281;Ðåãèñòðàöèÿ;äîñüå;0;AUTO
ÎÑÖ Íîâîñèáèðñê;Àðõèâ ¹3 Åêàòåðèíáóðã;RG 0001 281 00 02;Ðåãèñòðàöèÿ ïî ÁÏ;ÂÑÏ;281;Ðåãèñòðàöèÿ;äîñüå;0;AUTO
ÎÑÖ Ñàìàðà;Âíå ïîäðàçäåëåíèé;RG 0001 281 00 02;Ðåãèñòðàöèÿ ïî ÁÏ;ÂÑÏ;281;Ðåãèñòðàöèÿ;äîñüå;0;AUTO
ÎÑÖ Ñàìàðà;Àðõèâ ¹1 Ñàìàðà;RG 0001 281 00 02;Ðåãèñòðàöèÿ ïî ÁÏ;ÂÑÏ;281;Ðåãèñòðàöèÿ;äîñüå;0;AUTO
ÎÑÖ Âîðîíåæ;Âíå ïîäðàçäåëåíèé;RG 0001 293 00 02;Ðåãèñòðàöèÿ ïî ÁÏ;ÂÑÏ;293;Ðåãèñòðàöèÿ;äîñüå;0;AUTO
ÎÑÖ Âîðîíåæ;Àðõèâ ¹1 Âîðîíåæ;RG 0001 293 00 02;Ðåãèñòðàöèÿ ïî ÁÏ;ÂÑÏ;293;Ðåãèñòðàöèÿ;äîñüå;0;AUTO
ÎÑÖ Âîðîíåæ;Àðõèâ ¹3 Êàëèíèíãðàä;RG 0001 293 00 02;Ðåãèñòðàöèÿ ïî ÁÏ;ÂÑÏ;293;Ðåãèñòðàöèÿ;äîñüå;0;AUTO
ÎÑÖ Âîðîíåæ;Àðõèâ ¹4 Ñàíêò-Ïåòåðáóðã;RG 0001 293 00 02;Ðåãèñòðàöèÿ ïî ÁÏ;ÂÑÏ;293;Ðåãèñòðàöèÿ;äîñüå;0;AUTO
ÎÑÖ Ìîñêâà;Âíå ïîäðàçäåëåíèé;RG 0001 293 00 02;Ðåãèñòðàöèÿ ïî ÁÏ;ÂÑÏ;293;Ðåãèñòðàöèÿ;äîñüå;0;AUTO
ÎÑÖ Ìîñêâà;Àðõèâ ¹1 Òîìèëèíî;RG 0001 293 00 02;Ðåãèñòðàöèÿ ïî ÁÏ;ÂÑÏ;293;Ðåãèñòðàöèÿ;äîñüå;0;AUTO
ÎÑÖ Íèæíèé Íîâãîðîä;Âíå ïîäðàçäåëåíèé;RG 0001 293 00 02;Ðåãèñòðàöèÿ ïî ÁÏ;ÂÑÏ;293;Ðåãèñòðàöèÿ;äîñüå;0;AUTO
ÎÑÖ Íèæíèé Íîâãîðîä;Àðõèâ ¹1 Íèæíèé Íîâãîðîä;RG 0001 293 00 02;Ðåãèñòðàöèÿ ïî ÁÏ;ÂÑÏ;293;Ðåãèñòðàöèÿ;äîñüå;0;AUTO
ÎÑÖ Íîâîñèáèðñê;Âíå ïîäðàçäåëåíèé;RG 0001 293 00 02;Ðåãèñòðàöèÿ ïî ÁÏ;ÂÑÏ;293;Ðåãèñòðàöèÿ;äîñüå;0;AUTO
ÎÑÖ Íîâîñèáèðñê;Àðõèâ ¹1 Íîâîñèáèðñê;RG 0001 293 00 02;Ðåãèñòðàöèÿ ïî ÁÏ;ÂÑÏ;293;Ðåãèñòðàöèÿ;äîñüå;0;AUTO
ÎÑÖ Íîâîñèáèðñê;Àðõèâ ¹3 Åêàòåðèíáóðã;RG 0001 293 00 02;Ðåãèñòðàöèÿ ïî ÁÏ;ÂÑÏ;293;Ðåãèñòðàöèÿ;äîñüå;0;AUTO
ÎÑÖ Ñàìàðà;Âíå ïîäðàçäåëåíèé;RG 0001 293 00 02;Ðåãèñòðàöèÿ ïî ÁÏ;ÂÑÏ;293;Ðåãèñòðàöèÿ;äîñüå;0;AUTO
ÎÑÖ Ñàìàðà;Àðõèâ ¹1 Ñàìàðà;RG 0001 293 00 02;Ðåãèñòðàöèÿ ïî ÁÏ;ÂÑÏ;293;Ðåãèñòðàöèÿ;äîñüå;0;AUTO
ÎÑÖ Âîðîíåæ;Âíå ïîäðàçäåëåíèé;RG 0001 294 00 02;Ðåãèñòðàöèÿ ïî ÁÏ;ÂÑÏ;294;Ðåãèñòðàöèÿ;äîñüå;0;AUTO
ÎÑÖ Âîðîíåæ;Àðõèâ ¹1 Âîðîíåæ;RG 0001 294 00 02;Ðåãèñòðàöèÿ ïî ÁÏ;ÂÑÏ;294;Ðåãèñòðàöèÿ;äîñüå;0;AUTO
ÎÑÖ Âîðîíåæ;Àðõèâ ¹3 Êàëèíèíãðàä;RG 0001 294 00 02;Ðåãèñòðàöèÿ ïî ÁÏ;ÂÑÏ;294;Ðåãèñòðàöèÿ;äîñüå;0;AUTO
ÎÑÖ Âîðîíåæ;Àðõèâ ¹4 Ñàíêò-Ïåòåðáóðã;RG 0001 294 00 02;Ðåãèñòðàöèÿ ïî ÁÏ;ÂÑÏ;294;Ðåãèñòðàöèÿ;äîñüå;0;AUTO
ÎÑÖ Ìîñêâà;Âíå ïîäðàçäåëåíèé;RG 0001 294 00 02;Ðåãèñòðàöèÿ ïî ÁÏ;ÂÑÏ;294;Ðåãèñòðàöèÿ;äîñüå;0;AUTO
ÎÑÖ Ìîñêâà;Àðõèâ ¹1 Òîìèëèíî;RG 0001 294 00 02;Ðåãèñòðàöèÿ ïî ÁÏ;ÂÑÏ;294;Ðåãèñòðàöèÿ;äîñüå;0;AUTO
ÎÑÖ Íèæíèé Íîâãîðîä;Âíå ïîäðàçäåëåíèé;RG 0001 294 00 02;Ðåãèñòðàöèÿ ïî ÁÏ;ÂÑÏ;294;Ðåãèñòðàöèÿ;äîñüå;0;AUTO
ÎÑÖ Íèæíèé Íîâãîðîä;Àðõèâ ¹1 Íèæíèé Íîâãîðîä;RG 0001 294 00 02;Ðåãèñòðàöèÿ ïî ÁÏ;ÂÑÏ;294;Ðåãèñòðàöèÿ;äîñüå;0;AUTO
ÎÑÖ Íîâîñèáèðñê;Âíå ïîäðàçäåëåíèé;RG 0001 294 00 02;Ðåãèñòðàöèÿ ïî ÁÏ;ÂÑÏ;294;Ðåãèñòðàöèÿ;äîñüå;0;AUTO
ÎÑÖ Íîâîñèáèðñê;Àðõèâ ¹1 Íîâîñèáèðñê;RG 0001 294 00 02;Ðåãèñòðàöèÿ ïî ÁÏ;ÂÑÏ;294;Ðåãèñòðàöèÿ;äîñüå;0;AUTO
ÎÑÖ Íîâîñèáèðñê;Àðõèâ ¹3 Åêàòåðèíáóðã;RG 0001 294 00 02;Ðåãèñòðàöèÿ ïî ÁÏ;ÂÑÏ;294;Ðåãèñòðàöèÿ;äîñüå;0;AUTO
ÎÑÖ Ñàìàðà;Âíå ïîäðàçäåëåíèé;RG 0001 294 00 02;Ðåãèñòðàöèÿ ïî ÁÏ;ÂÑÏ;294;Ðåãèñòðàöèÿ;äîñüå;0;AUTO
ÎÑÖ Ñàìàðà;Àðõèâ ¹1 Ñàìàðà;RG 0001 294 00 02;Ðåãèñòðàöèÿ ïî ÁÏ;ÂÑÏ;294;Ðåãèñòðàöèÿ;äîñüå;0;AUTO
ÎÑÖ Âîðîíåæ;Âíå ïîäðàçäåëåíèé;RG 0001 295 00 02;Ðåãèñòðàöèÿ ïî ÁÏ;ÂÑÏ;295;Ðåãèñòðàöèÿ;äîñüå;0;AUTO
ÎÑÖ Âîðîíåæ;Àðõèâ ¹1 Âîðîíåæ;RG 0001 295 00 02;Ðåãèñòðàöèÿ ïî ÁÏ;ÂÑÏ;295;Ðåãèñòðàöèÿ;äîñüå;0;AUTO
ÎÑÖ Âîðîíåæ;Àðõèâ ¹3 Êàëèíèíãðàä;RG 0001 295 00 02;Ðåãèñòðàöèÿ ïî ÁÏ;ÂÑÏ;295;Ðåãèñòðàöèÿ;äîñüå;0;AUTO
ÎÑÖ Âîðîíåæ;Àðõèâ ¹4 Ñàíêò-Ïåòåðáóðã;RG 0001 295 00 02;Ðåãèñòðàöèÿ ïî ÁÏ;ÂÑÏ;295;Ðåãèñòðàöèÿ;äîñüå;0;AUTO
ÎÑÖ Ìîñêâà;Âíå ïîäðàçäåëåíèé;RG 0001 295 00 02;Ðåãèñòðàöèÿ ïî ÁÏ;ÂÑÏ;295;Ðåãèñòðàöèÿ;äîñüå;0;AUTO
ÎÑÖ Ìîñêâà;Àðõèâ ¹1 Òîìèëèíî;RG 0001 295 00 02;Ðåãèñòðàöèÿ ïî ÁÏ;ÂÑÏ;295;Ðåãèñòðàöèÿ;äîñüå;0;AUTO
ÎÑÖ Íèæíèé Íîâãîðîä;Âíå ïîäðàçäåëåíèé;RG 0001 295 00 02;Ðåãèñòðàöèÿ ïî ÁÏ;ÂÑÏ;295;Ðåãèñòðàöèÿ;äîñüå;0;AUTO
ÎÑÖ Íèæíèé Íîâãîðîä;Àðõèâ ¹1 Íèæíèé Íîâãîðîä;RG 0001 295 00 02;Ðåãèñòðàöèÿ ïî ÁÏ;ÂÑÏ;295;Ðåãèñòðàöèÿ;äîñüå;0;AUTO
ÎÑÖ Íîâîñèáèðñê;Âíå ïîäðàçäåëåíèé;RG 0001 295 00 02;Ðåãèñòðàöèÿ ïî ÁÏ;ÂÑÏ;295;Ðåãèñòðàöèÿ;äîñüå;0;AUTO
ÎÑÖ Íîâîñèáèðñê;Àðõèâ ¹1 Íîâîñèáèðñê;RG 0001 295 00 02;Ðåãèñòðàöèÿ ïî ÁÏ;ÂÑÏ;295;Ðåãèñòðàöèÿ;äîñüå;0;AUTO
ÎÑÖ Íîâîñèáèðñê;Àðõèâ ¹3 Åêàòåðèíáóðã;RG 0001 295 00 02;Ðåãèñòðàöèÿ ïî ÁÏ;ÂÑÏ;295;Ðåãèñòðàöèÿ;äîñüå;0;AUTO
ÎÑÖ Ñàìàðà;Âíå ïîäðàçäåëåíèé;RG 0001 295 00 02;Ðåãèñòðàöèÿ ïî ÁÏ;ÂÑÏ;295;Ðåãèñòðàöèÿ;äîñüå;0;AUTO
ÎÑÖ Ñàìàðà;Àðõèâ ¹1 Ñàìàðà;RG 0001 295 00 02;Ðåãèñòðàöèÿ ïî ÁÏ;ÂÑÏ;295;Ðåãèñòðàöèÿ;äîñüå;0;AUTO
ÎÑÖ Âîðîíåæ;Âíå ïîäðàçäåëåíèé;RG 0001 002 00 03;Ðåãèñòðàöèÿ ïî ÁÏ;ÂÐÓÊ;02;Ðåãèñòðàöèÿ;äîñüå;0;AUTO
ÎÑÖ Âîðîíåæ;Àðõèâ ¹1 Âîðîíåæ;RG 0001 002 00 03;Ðåãèñòðàöèÿ ïî ÁÏ;ÂÐÓÊ;02;Ðåãèñòðàöèÿ;äîñüå;95;AUTO
ÎÑÖ Âîðîíåæ;Àðõèâ ¹3 Êàëèíèíãðàä;RG 0001 002 00 03;Ðåãèñòðàöèÿ ïî ÁÏ;ÂÐÓÊ;02;Ðåãèñòðàöèÿ;äîñüå;92,382;AUTO
ÎÑÖ Âîðîíåæ;Àðõèâ ¹4 Ñàíêò-Ïåòåðáóðã;RG 0001 002 00 03;Ðåãèñòðàöèÿ ïî ÁÏ;ÂÐÓÊ;02;Ðåãèñòðàöèÿ;äîñüå;79,827;AUTO
ÎÑÖ Ìîñêâà;Âíå ïîäðàçäåëåíèé;RG 0001 002 00 03;Ðåãèñòðàöèÿ ïî ÁÏ;ÂÐÓÊ;02;Ðåãèñòðàöèÿ;äîñüå;0;AUTO
ÎÑÖ Ìîñêâà;Àðõèâ ¹1 Òîìèëèíî;RG 0001 002 00 03;Ðåãèñòðàöèÿ ïî ÁÏ;ÂÐÓÊ;02;Ðåãèñòðàöèÿ;äîñüå;86,692;AUTO
ÎÑÖ Íèæíèé Íîâãîðîä;Âíå ïîäðàçäåëåíèé;RG 0001 002 00 03;Ðåãèñòðàöèÿ ïî ÁÏ;ÂÐÓÊ;02;Ðåãèñòðàöèÿ;äîñüå;0;AUTO
ÎÑÖ Íèæíèé Íîâãîðîä;Àðõèâ ¹1 Íèæíèé Íîâãîðîä;RG 0001 002 00 03;Ðåãèñòðàöèÿ ïî ÁÏ;ÂÐÓÊ;02;Ðåãèñòðàöèÿ;äîñüå;93,028;AUTO
ÎÑÖ Íîâîñèáèðñê;Âíå ïîäðàçäåëåíèé;RG 0001 002 00 03;Ðåãèñòðàöèÿ ïî ÁÏ;ÂÐÓÊ;02;Ðåãèñòðàöèÿ;äîñüå;0;AUTO
ÎÑÖ Íîâîñèáèðñê;Àðõèâ ¹1 Íîâîñèáèðñê;RG 0001 002 00 03;Ðåãèñòðàöèÿ ïî ÁÏ;ÂÐÓÊ;02;Ðåãèñòðàöèÿ;äîñüå;82;AUTO
ÎÑÖ Íîâîñèáèðñê;Àðõèâ ¹3 Åêàòåðèíáóðã;RG 0001 002 00 03;Ðåãèñòðàöèÿ ïî ÁÏ;ÂÐÓÊ;02;Ðåãèñòðàöèÿ;äîñüå;85;AUTO
ÎÑÖ Ñàìàðà;Âíå ïîäðàçäåëåíèé;RG 0001 002 00 03;Ðåãèñòðàöèÿ ïî ÁÏ;ÂÐÓÊ;02;Ðåãèñòðàöèÿ;äîñüå;0;AUTO
ÎÑÖ Ñàìàðà;Àðõèâ ¹1 Ñàìàðà;RG 0001 002 00 03;Ðåãèñòðàöèÿ ïî ÁÏ;ÂÐÓÊ;02;Ðåãèñòðàöèÿ;äîñüå;90;AUTO
ÎÑÖ Âîðîíåæ;Âíå ïîäðàçäåëåíèé;RG 0001 013 00 03;Ðåãèñòðàöèÿ ïî ÁÏ;ÂÐÓÊ;13;Ðåãèñòðàöèÿ;äîñüå;0;AUTO
ÎÑÖ Âîðîíåæ;Àðõèâ ¹1 Âîðîíåæ;RG 0001 013 00 03;Ðåãèñòðàöèÿ ïî ÁÏ;ÂÐÓÊ;13;Ðåãèñòðàöèÿ;äîñüå;93,3;AUTO
ÎÑÖ Âîðîíåæ;Àðõèâ ¹3 Êàëèíèíãðàä;RG 0001 013 00 03;Ðåãèñòðàöèÿ ïî ÁÏ;ÂÐÓÊ;13;Ðåãèñòðàöèÿ;äîñüå;81,968;AUTO
ÎÑÖ Âîðîíåæ;Àðõèâ ¹4 Ñàíêò-Ïåòåðáóðã;RG 0001 013 00 03;Ðåãèñòðàöèÿ ïî ÁÏ;ÂÐÓÊ;13;Ðåãèñòðàöèÿ;äîñüå;87,124;AUTO
ÎÑÖ Ìîñêâà;Âíå ïîäðàçäåëåíèé;RG 0001 013 00 03;Ðåãèñòðàöèÿ ïî ÁÏ;ÂÐÓÊ;13;Ðåãèñòðàöèÿ;äîñüå;0;AUTO
ÎÑÖ Ìîñêâà;Àðõèâ ¹1 Òîìèëèíî;RG 0001 013 00 03;Ðåãèñòðàöèÿ ïî ÁÏ;ÂÐÓÊ;13;Ðåãèñòðàöèÿ;äîñüå;86,692;AUTO
ÎÑÖ Íèæíèé Íîâãîðîä;Âíå ïîäðàçäåëåíèé;RG 0001 013 00 03;Ðåãèñòðàöèÿ ïî ÁÏ;ÂÐÓÊ;13;Ðåãèñòðàöèÿ;äîñüå;0;AUTO
ÎÑÖ Íèæíèé Íîâãîðîä;Àðõèâ ¹1 Íèæíèé Íîâãîðîä;RG 0001 013 00 03;Ðåãèñòðàöèÿ ïî ÁÏ;ÂÐÓÊ;13;Ðåãèñòðàöèÿ;äîñüå;93,031;AUTO
ÎÑÖ Íîâîñèáèðñê;Âíå ïîäðàçäåëåíèé;RG 0001 013 00 03;Ðåãèñòðàöèÿ ïî ÁÏ;ÂÐÓÊ;13;Ðåãèñòðàöèÿ;äîñüå;0;AUTO
ÎÑÖ Íîâîñèáèðñê;Àðõèâ ¹1 Íîâîñèáèðñê;RG 0001 013 00 03;Ðåãèñòðàöèÿ ïî ÁÏ;ÂÐÓÊ;13;Ðåãèñòðàöèÿ;äîñüå;82,033;AUTO
ÎÑÖ Íîâîñèáèðñê;Àðõèâ ¹3 Åêàòåðèíáóðã;RG 0001 013 00 03;Ðåãèñòðàöèÿ ïî ÁÏ;ÂÐÓÊ;13;Ðåãèñòðàöèÿ;äîñüå;85;AUTO
ÎÑÖ Ñàìàðà;Âíå ïîäðàçäåëåíèé;RG 0001 013 00 03;Ðåãèñòðàöèÿ ïî ÁÏ;ÂÐÓÊ;13;Ðåãèñòðàöèÿ;äîñüå;0;AUTO
ÎÑÖ Ñàìàðà;Àðõèâ ¹1 Ñàìàðà;RG 0001 013 00 03;Ðåãèñòðàöèÿ ïî ÁÏ;ÂÐÓÊ;13;Ðåãèñòðàöèÿ;äîñüå;91,3;AUTO
ÎÑÖ Âîðîíåæ;Âíå ïîäðàçäåëåíèé;RG 0001 001 00 03;Ðåãèñòðàöèÿ ïî ÁÏ;ÂÐÓÊ;01;Ðåãèñòðàöèÿ;äîñüå;0;AUTO
ÎÑÖ Âîðîíåæ;Àðõèâ ¹1 Âîðîíåæ;RG 0001 001 00 03;Ðåãèñòðàöèÿ ïî ÁÏ;ÂÐÓÊ;01;Ðåãèñòðàöèÿ;äîñüå;82;AUTO
ÎÑÖ Âîðîíåæ;Àðõèâ ¹3 Êàëèíèíãðàä;RG 0001 001 00 03;Ðåãèñòðàöèÿ ïî ÁÏ;ÂÐÓÊ;01;Ðåãèñòðàöèÿ;äîñüå;79,606;AUTO
ÎÑÖ Âîðîíåæ;Àðõèâ ¹4 Ñàíêò-Ïåòåðáóðã;RG 0001 001 00 03;Ðåãèñòðàöèÿ ïî ÁÏ;ÂÐÓÊ;01;Ðåãèñòðàöèÿ;äîñüå;79,864;AUTO
ÎÑÖ Ìîñêâà;Âíå ïîäðàçäåëåíèé;RG 0001 001 00 03;Ðåãèñòðàöèÿ ïî ÁÏ;ÂÐÓÊ;01;Ðåãèñòðàöèÿ;äîñüå;0;AUTO
ÎÑÖ Ìîñêâà;Àðõèâ ¹1 Òîìèëèíî;RG 0001 001 00 03;Ðåãèñòðàöèÿ ïî ÁÏ;ÂÐÓÊ;01;Ðåãèñòðàöèÿ;äîñüå;86,692;AUTO
ÎÑÖ Íèæíèé Íîâãîðîä;Âíå ïîäðàçäåëåíèé;RG 0001 001 00 03;Ðåãèñòðàöèÿ ïî ÁÏ;ÂÐÓÊ;01;Ðåãèñòðàöèÿ;äîñüå;0;AUTO
ÎÑÖ Íèæíèé Íîâãîðîä;Àðõèâ ¹1 Íèæíèé Íîâãîðîä;RG 0001 001 00 03;Ðåãèñòðàöèÿ ïî ÁÏ;ÂÐÓÊ;01;Ðåãèñòðàöèÿ;äîñüå;86,463;AUTO
ÎÑÖ Íîâîñèáèðñê;Âíå ïîäðàçäåëåíèé;RG 0001 001 00 03;Ðåãèñòðàöèÿ ïî ÁÏ;ÂÐÓÊ;01;Ðåãèñòðàöèÿ;äîñüå;0;AUTO
ÎÑÖ Íîâîñèáèðñê;Àðõèâ ¹1 Íîâîñèáèðñê;RG 0001 001 00 03;Ðåãèñòðàöèÿ ïî ÁÏ;ÂÐÓÊ;01;Ðåãèñòðàöèÿ;äîñüå;82;AUTO
ÎÑÖ Íîâîñèáèðñê;Àðõèâ ¹3 Åêàòåðèíáóðã;RG 0001 001 00 03;Ðåãèñòðàöèÿ ïî ÁÏ;ÂÐÓÊ;01;Ðåãèñòðàöèÿ;äîñüå;90;AUTO
ÎÑÖ Ñàìàðà;Âíå ïîäðàçäåëåíèé;RG 0001 001 00 03;Ðåãèñòðàöèÿ ïî ÁÏ;ÂÐÓÊ;01;Ðåãèñòðàöèÿ;äîñüå;0;AUTO
ÎÑÖ Ñàìàðà;Àðõèâ ¹1 Ñàìàðà;RG 0001 001 00 03;Ðåãèñòðàöèÿ ïî ÁÏ;ÂÐÓÊ;01;Ðåãèñòðàöèÿ;äîñüå;60;AUTO
ÎÑÖ Âîðîíåæ;Âíå ïîäðàçäåëåíèé;RG 0001 233 00 03;Ðåãèñòðàöèÿ ïî ÁÏ;ÂÐÓÊ;233;Ðåãèñòðàöèÿ;äîñüå;0;AUTO
ÎÑÖ Âîðîíåæ;Àðõèâ ¹1 Âîðîíåæ;RG 0001 233 00 03;Ðåãèñòðàöèÿ ïî ÁÏ;ÂÐÓÊ;233;Ðåãèñòðàöèÿ;äîñüå;95;AUTO
ÎÑÖ Âîðîíåæ;Àðõèâ ¹3 Êàëèíèíãðàä;RG 0001 233 00 03;Ðåãèñòðàöèÿ ïî ÁÏ;ÂÐÓÊ;233;Ðåãèñòðàöèÿ;äîñüå;81,733;AUTO
ÎÑÖ Âîðîíåæ;Àðõèâ ¹4 Ñàíêò-Ïåòåðáóðã;RG 0001 233 00 03;Ðåãèñòðàöèÿ ïî ÁÏ;ÂÐÓÊ;233;Ðåãèñòðàöèÿ;äîñüå;82,014;AUTO
ÎÑÖ Ìîñêâà;Âíå ïîäðàçäåëåíèé;RG 0001 233 00 03;Ðåãèñòðàöèÿ ïî ÁÏ;ÂÐÓÊ;233;Ðåãèñòðàöèÿ;äîñüå;0;AUTO
ÎÑÖ Ìîñêâà;Àðõèâ ¹1 Òîìèëèíî;RG 0001 233 00 03;Ðåãèñòðàöèÿ ïî ÁÏ;ÂÐÓÊ;233;Ðåãèñòðàöèÿ;äîñüå;90,1;AUTO
ÎÑÖ Íèæíèé Íîâãîðîä;Âíå ïîäðàçäåëåíèé;RG 0001 233 00 03;Ðåãèñòðàöèÿ ïî ÁÏ;ÂÐÓÊ;233;Ðåãèñòðàöèÿ;äîñüå;0;AUTO
ÎÑÖ Íèæíèé Íîâãîðîä;Àðõèâ ¹1 Íèæíèé Íîâãîðîä;RG 0001 233 00 03;Ðåãèñòðàöèÿ ïî ÁÏ;ÂÐÓÊ;233;Ðåãèñòðàöèÿ;äîñüå;93,074;AUTO
ÎÑÖ Íîâîñèáèðñê;Âíå ïîäðàçäåëåíèé;RG 0001 233 00 03;Ðåãèñòðàöèÿ ïî ÁÏ;ÂÐÓÊ;233;Ðåãèñòðàöèÿ;äîñüå;0;AUTO
ÎÑÖ Íîâîñèáèðñê;Àðõèâ ¹1 Íîâîñèáèðñê;RG 0001 233 00 03;Ðåãèñòðàöèÿ ïî ÁÏ;ÂÐÓÊ;233;Ðåãèñòðàöèÿ;äîñüå;82;AUTO
ÎÑÖ Íîâîñèáèðñê;Àðõèâ ¹3 Åêàòåðèíáóðã;RG 0001 233 00 03;Ðåãèñòðàöèÿ ïî ÁÏ;ÂÐÓÊ;233;Ðåãèñòðàöèÿ;äîñüå;87;AUTO
ÎÑÖ Ñàìàðà;Âíå ïîäðàçäåëåíèé;RG 0001 233 00 03;Ðåãèñòðàöèÿ ïî ÁÏ;ÂÐÓÊ;233;Ðåãèñòðàöèÿ;äîñüå;0;AUTO
ÎÑÖ Ñàìàðà;Àðõèâ ¹1 Ñàìàðà;RG 0001 233 00 03;Ðåãèñòðàöèÿ ïî ÁÏ;ÂÐÓÊ;233;Ðåãèñòðàöèÿ;äîñüå;90,667;AUTO
ÎÑÖ Âîðîíåæ;Âíå ïîäðàçäåëåíèé;RG 0001 007 00 03;Ðåãèñòðàöèÿ ïî ÁÏ;ÂÐÓÊ;07;Ðåãèñòðàöèÿ;äîñüå;0;AUTO
ÎÑÖ Âîðîíåæ;Àðõèâ ¹1 Âîðîíåæ;RG 0001 007 00 03;Ðåãèñòðàöèÿ ïî ÁÏ;ÂÐÓÊ;07;Ðåãèñòðàöèÿ;äîñüå;95;AUTO
ÎÑÖ Âîðîíåæ;Àðõèâ ¹3 Êàëèíèíãðàä;RG 0001 007 00 03;Ðåãèñòðàöèÿ ïî ÁÏ;ÂÐÓÊ;07;Ðåãèñòðàöèÿ;äîñüå;81,771;AUTO
ÎÑÖ Âîðîíåæ;Àðõèâ ¹4 Ñàíêò-Ïåòåðáóðã;RG 0001 007 00 03;Ðåãèñòðàöèÿ ïî ÁÏ;ÂÐÓÊ;07;Ðåãèñòðàöèÿ;äîñüå;82,267;AUTO
ÎÑÖ Ìîñêâà;Âíå ïîäðàçäåëåíèé;RG 0001 007 00 03;Ðåãèñòðàöèÿ ïî ÁÏ;ÂÐÓÊ;07;Ðåãèñòðàöèÿ;äîñüå;0;AUTO
ÎÑÖ Ìîñêâà;Àðõèâ ¹1 Òîìèëèíî;RG 0001 007 00 03;Ðåãèñòðàöèÿ ïî ÁÏ;ÂÐÓÊ;07;Ðåãèñòðàöèÿ;äîñüå;86,692;AUTO
ÎÑÖ Íèæíèé Íîâãîðîä;Âíå ïîäðàçäåëåíèé;RG 0001 007 00 03;Ðåãèñòðàöèÿ ïî ÁÏ;ÂÐÓÊ;07;Ðåãèñòðàöèÿ;äîñüå;0;AUTO
ÎÑÖ Íèæíèé Íîâãîðîä;Àðõèâ ¹1 Íèæíèé Íîâãîðîä;RG 0001 007 00 03;Ðåãèñòðàöèÿ ïî ÁÏ;ÂÐÓÊ;07;Ðåãèñòðàöèÿ;äîñüå;93,028;AUTO
ÎÑÖ Íîâîñèáèðñê;Âíå ïîäðàçäåëåíèé;RG 0001 007 00 03;Ðåãèñòðàöèÿ ïî ÁÏ;ÂÐÓÊ;07;Ðåãèñòðàöèÿ;äîñüå;0;AUTO
ÎÑÖ Íîâîñèáèðñê;Àðõèâ ¹1 Íîâîñèáèðñê;RG 0001 007 00 03;Ðåãèñòðàöèÿ ïî ÁÏ;ÂÐÓÊ;07;Ðåãèñòðàöèÿ;äîñüå;85,033;AUTO
ÎÑÖ Íîâîñèáèðñê;Àðõèâ ¹3 Åêàòåðèíáóðã;RG 0001 007 00 03;Ðåãèñòðàöèÿ ïî ÁÏ;ÂÐÓÊ;07;Ðåãèñòðàöèÿ;äîñüå;85;AUTO
ÎÑÖ Ñàìàðà;Âíå ïîäðàçäåëåíèé;RG 0001 007 00 03;Ðåãèñòðàöèÿ ïî ÁÏ;ÂÐÓÊ;07;Ðåãèñòðàöèÿ;äîñüå;0;AUTO
ÎÑÖ Ñàìàðà;Àðõèâ ¹1 Ñàìàðà;RG 0001 007 00 03;Ðåãèñòðàöèÿ ïî ÁÏ;ÂÐÓÊ;07;Ðåãèñòðàöèÿ;äîñüå;85;AUTO
ÎÑÖ Âîðîíåæ;Âíå ïîäðàçäåëåíèé;RG 0001 058 00 03;Ðåãèñòðàöèÿ ïî ÁÏ;ÂÐÓÊ;58;Ðåãèñòðàöèÿ;äîñüå;0;AUTO
ÎÑÖ Âîðîíåæ;Àðõèâ ¹1 Âîðîíåæ;RG 0001 058 00 03;Ðåãèñòðàöèÿ ïî ÁÏ;ÂÐÓÊ;58;Ðåãèñòðàöèÿ;äîñüå;82,433;AUTO
ÎÑÖ Âîðîíåæ;Àðõèâ ¹3 Êàëèíèíãðàä;RG 0001 058 00 03;Ðåãèñòðàöèÿ ïî ÁÏ;ÂÐÓÊ;58;Ðåãèñòðàöèÿ;äîñüå;0;AUTO
ÎÑÖ Âîðîíåæ;Àðõèâ ¹4 Ñàíêò-Ïåòåðáóðã;RG 0001 058 00 03;Ðåãèñòðàöèÿ ïî ÁÏ;ÂÐÓÊ;58;Ðåãèñòðàöèÿ;äîñüå;80,044;AUTO
ÎÑÖ Ìîñêâà;Âíå ïîäðàçäåëåíèé;RG 0001 058 00 03;Ðåãèñòðàöèÿ ïî ÁÏ;ÂÐÓÊ;58;Ðåãèñòðàöèÿ;äîñüå;0;AUTO
ÎÑÖ Ìîñêâà;Àðõèâ ¹1 Òîìèëèíî;RG 0001 058 00 03;Ðåãèñòðàöèÿ ïî ÁÏ;ÂÐÓÊ;58;Ðåãèñòðàöèÿ;äîñüå;82,988;AUTO
ÎÑÖ Íèæíèé Íîâãîðîä;Âíå ïîäðàçäåëåíèé;RG 0001 058 00 03;Ðåãèñòðàöèÿ ïî ÁÏ;ÂÐÓÊ;58;Ðåãèñòðàöèÿ;äîñüå;0;AUTO
ÎÑÖ Íèæíèé Íîâãîðîä;Àðõèâ ¹1 Íèæíèé Íîâãîðîä;RG 0001 058 00 03;Ðåãèñòðàöèÿ ïî ÁÏ;ÂÐÓÊ;58;Ðåãèñòðàöèÿ;äîñüå;0;AUTO
ÎÑÖ Íîâîñèáèðñê;Âíå ïîäðàçäåëåíèé;RG 0001 058 00 03;Ðåãèñòðàöèÿ ïî ÁÏ;ÂÐÓÊ;58;Ðåãèñòðàöèÿ;äîñüå;0;AUTO
ÎÑÖ Íîâîñèáèðñê;Àðõèâ ¹1 Íîâîñèáèðñê;RG 0001 058 00 03;Ðåãèñòðàöèÿ ïî ÁÏ;ÂÐÓÊ;58;Ðåãèñòðàöèÿ;äîñüå;82,033;AUTO
ÎÑÖ Íîâîñèáèðñê;Àðõèâ ¹3 Åêàòåðèíáóðã;RG 0001 058 00 03;Ðåãèñòðàöèÿ ïî ÁÏ;ÂÐÓÊ;58;Ðåãèñòðàöèÿ;äîñüå;0;AUTO
ÎÑÖ Ñàìàðà;Âíå ïîäðàçäåëåíèé;RG 0001 058 00 03;Ðåãèñòðàöèÿ ïî ÁÏ;ÂÐÓÊ;58;Ðåãèñòðàöèÿ;äîñüå;0;AUTO
ÎÑÖ Ñàìàðà;Àðõèâ ¹1 Ñàìàðà;RG 0001 058 00 03;Ðåãèñòðàöèÿ ïî ÁÏ;ÂÐÓÊ;58;Ðåãèñòðàöèÿ;äîñüå;60;AUTO
ÎÑÖ Âîðîíåæ;Âíå ïîäðàçäåëåíèé;RG 0001 028 00 03;Ðåãèñòðàöèÿ ïî ÁÏ;ÂÐÓÊ;28;Ðåãèñòðàöèÿ;äîñüå;0;AUTO
ÎÑÖ Âîðîíåæ;Àðõèâ ¹1 Âîðîíåæ;RG 0001 028 00 03;Ðåãèñòðàöèÿ ïî ÁÏ;ÂÐÓÊ;28;Ðåãèñòðàöèÿ;äîñüå;72,516;AUTO
ÎÑÖ Âîðîíåæ;Àðõèâ ¹3 Êàëèíèíãðàä;RG 0001 028 00 03;Ðåãèñòðàöèÿ ïî ÁÏ;ÂÐÓÊ;28;Ðåãèñòðàöèÿ;äîñüå;65,25;AUTO
ÎÑÖ Âîðîíåæ;Àðõèâ ¹4 Ñàíêò-Ïåòåðáóðã;RG 0001 028 00 03;Ðåãèñòðàöèÿ ïî ÁÏ;ÂÐÓÊ;28;Ðåãèñòðàöèÿ;äîñüå;69,379;AUTO
ÎÑÖ Ìîñêâà;Âíå ïîäðàçäåëåíèé;RG 0001 028 00 03;Ðåãèñòðàöèÿ ïî ÁÏ;ÂÐÓÊ;28;Ðåãèñòðàöèÿ;äîñüå;0;AUTO
ÎÑÖ Ìîñêâà;Àðõèâ ¹1 Òîìèëèíî;RG 0001 028 00 03;Ðåãèñòðàöèÿ ïî ÁÏ;ÂÐÓÊ;28;Ðåãèñòðàöèÿ;äîñüå;69;AUTO
ÎÑÖ Íèæíèé Íîâãîðîä;Âíå ïîäðàçäåëåíèé;RG 0001 028 00 03;Ðåãèñòðàöèÿ ïî ÁÏ;ÂÐÓÊ;28;Ðåãèñòðàöèÿ;äîñüå;0;AUTO
ÎÑÖ Íèæíèé Íîâãîðîä;Àðõèâ ¹1 Íèæíèé Íîâãîðîä;RG 0001 028 00 03;Ðåãèñòðàöèÿ ïî ÁÏ;ÂÐÓÊ;28;Ðåãèñòðàöèÿ;äîñüå;72,548;AUTO
ÎÑÖ Íîâîñèáèðñê;Âíå ïîäðàçäåëåíèé;RG 0001 028 00 03;Ðåãèñòðàöèÿ ïî ÁÏ;ÂÐÓÊ;28;Ðåãèñòðàöèÿ;äîñüå;0;AUTO
ÎÑÖ Íîâîñèáèðñê;Àðõèâ ¹1 Íîâîñèáèðñê;RG 0001 028 00 03;Ðåãèñòðàöèÿ ïî ÁÏ;ÂÐÓÊ;28;Ðåãèñòðàöèÿ;äîñüå;70;AUTO
ÎÑÖ Íîâîñèáèðñê;Àðõèâ ¹3 Åêàòåðèíáóðã;RG 0001 028 00 03;Ðåãèñòðàöèÿ ïî ÁÏ;ÂÐÓÊ;28;Ðåãèñòðàöèÿ;äîñüå;73,133;AUTO
ÎÑÖ Ñàìàðà;Âíå ïîäðàçäåëåíèé;RG 0001 028 00 03;Ðåãèñòðàöèÿ ïî ÁÏ;ÂÐÓÊ;28;Ðåãèñòðàöèÿ;äîñüå;0;AUTO
ÎÑÖ Ñàìàðà;Àðõèâ ¹1 Ñàìàðà;RG 0001 028 00 03;Ðåãèñòðàöèÿ ïî ÁÏ;ÂÐÓÊ;28;Ðåãèñòðàöèÿ;äîñüå;73,133;AUTO
ÎÑÖ Âîðîíåæ;Âíå ïîäðàçäåëåíèé;RG 0001 019 00 03;Ðåãèñòðàöèÿ ïî ÁÏ;ÂÐÓÊ;19;Ðåãèñòðàöèÿ;äîñüå;0;AUTO
ÎÑÖ Âîðîíåæ;Àðõèâ ¹1 Âîðîíåæ;RG 0001 019 00 03;Ðåãèñòðàöèÿ ïî ÁÏ;ÂÐÓÊ;19;Ðåãèñòðàöèÿ;äîñüå;95;AUTO
ÎÑÖ Âîðîíåæ;Àðõèâ ¹3 Êàëèíèíãðàä;RG 0001 019 00 03;Ðåãèñòðàöèÿ ïî ÁÏ;ÂÐÓÊ;19;Ðåãèñòðàöèÿ;äîñüå;0;AUTO
ÎÑÖ Âîðîíåæ;Àðõèâ ¹4 Ñàíêò-Ïåòåðáóðã;RG 0001 019 00 03;Ðåãèñòðàöèÿ ïî ÁÏ;ÂÐÓÊ;19;Ðåãèñòðàöèÿ;äîñüå;80,367;AUTO
ÎÑÖ Ìîñêâà;Âíå ïîäðàçäåëåíèé;RG 0001 019 00 03;Ðåãèñòðàöèÿ ïî ÁÏ;ÂÐÓÊ;19;Ðåãèñòðàöèÿ;äîñüå;0;AUTO
ÎÑÖ Ìîñêâà;Àðõèâ ¹1 Òîìèëèíî;RG 0001 019 00 03;Ðåãèñòðàöèÿ ïî ÁÏ;ÂÐÓÊ;19;Ðåãèñòðàöèÿ;äîñüå;86,692;AUTO
ÎÑÖ Íèæíèé Íîâãîðîä;Âíå ïîäðàçäåëåíèé;RG 0001 019 00 03;Ðåãèñòðàöèÿ ïî ÁÏ;ÂÐÓÊ;19;Ðåãèñòðàöèÿ;äîñüå;0;AUTO
ÎÑÖ Íèæíèé Íîâãîðîä;Àðõèâ ¹1 Íèæíèé Íîâãîðîä;RG 0001 019 00 03;Ðåãèñòðàöèÿ ïî ÁÏ;ÂÐÓÊ;19;Ðåãèñòðàöèÿ;äîñüå;95,082;AUTO
ÎÑÖ Íîâîñèáèðñê;Âíå ïîäðàçäåëåíèé;RG 0001 019 00 03;Ðåãèñòðàöèÿ ïî ÁÏ;ÂÐÓÊ;19;Ðåãèñòðàöèÿ;äîñüå;0;AUTO
ÎÑÖ Íîâîñèáèðñê;Àðõèâ ¹1 Íîâîñèáèðñê;RG 0001 019 00 03;Ðåãèñòðàöèÿ ïî ÁÏ;ÂÐÓÊ;19;Ðåãèñòðàöèÿ;äîñüå;85,433;AUTO
ÎÑÖ Íîâîñèáèðñê;Àðõèâ ¹3 Åêàòåðèíáóðã;RG 0001 019 00 03;Ðåãèñòðàöèÿ ïî ÁÏ;ÂÐÓÊ;19;Ðåãèñòðàöèÿ;äîñüå;84,2;AUTO
ÎÑÖ Ñàìàðà;Âíå ïîäðàçäåëåíèé;RG 0001 019 00 03;Ðåãèñòðàöèÿ ïî ÁÏ;ÂÐÓÊ;19;Ðåãèñòðàöèÿ;äîñüå;0;AUTO
ÎÑÖ Ñàìàðà;Àðõèâ ¹1 Ñàìàðà;RG 0001 019 00 03;Ðåãèñòðàöèÿ ïî ÁÏ;ÂÐÓÊ;19;Ðåãèñòðàöèÿ;äîñüå;95,9;AUTO
ÎÑÖ Âîðîíåæ;Âíå ïîäðàçäåëåíèé;RG 0001 243 00 03;Ðåãèñòðàöèÿ ïî ÁÏ;ÂÐÓÊ;243;Ðåãèñòðàöèÿ;äîñüå;0;AUTO
ÎÑÖ Âîðîíåæ;Àðõèâ ¹1 Âîðîíåæ;RG 0001 243 00 03;Ðåãèñòðàöèÿ ïî ÁÏ;ÂÐÓÊ;243;Ðåãèñòðàöèÿ;äîñüå;95;AUTO
ÎÑÖ Âîðîíåæ;Àðõèâ ¹3 Êàëèíèíãðàä;RG 0001 243 00 03;Ðåãèñòðàöèÿ ïî ÁÏ;ÂÐÓÊ;243;Ðåãèñòðàöèÿ;äîñüå;0;AUTO
ÎÑÖ Âîðîíåæ;Àðõèâ ¹4 Ñàíêò-Ïåòåðáóðã;RG 0001 243 00 03;Ðåãèñòðàöèÿ ïî ÁÏ;ÂÐÓÊ;243;Ðåãèñòðàöèÿ;äîñüå;97,5;AUTO
ÎÑÖ Ìîñêâà;Âíå ïîäðàçäåëåíèé;RG 0001 243 00 03;Ðåãèñòðàöèÿ ïî ÁÏ;ÂÐÓÊ;243;Ðåãèñòðàöèÿ;äîñüå;0;AUTO
ÎÑÖ Ìîñêâà;Àðõèâ ¹1 Òîìèëèíî;RG 0001 243 00 03;Ðåãèñòðàöèÿ ïî ÁÏ;ÂÐÓÊ;243;Ðåãèñòðàöèÿ;äîñüå;86,692;AUTO
ÎÑÖ Íèæíèé Íîâãîðîä;Âíå ïîäðàçäåëåíèé;RG 0001 243 00 03;Ðåãèñòðàöèÿ ïî ÁÏ;ÂÐÓÊ;243;Ðåãèñòðàöèÿ;äîñüå;0;AUTO
ÎÑÖ Íèæíèé Íîâãîðîä;Àðõèâ ¹1 Íèæíèé Íîâãîðîä;RG 0001 243 00 03;Ðåãèñòðàöèÿ ïî ÁÏ;ÂÐÓÊ;243;Ðåãèñòðàöèÿ;äîñüå;95,033;AUTO
ÎÑÖ Íîâîñèáèðñê;Âíå ïîäðàçäåëåíèé;RG 0001 243 00 03;Ðåãèñòðàöèÿ ïî ÁÏ;ÂÐÓÊ;243;Ðåãèñòðàöèÿ;äîñüå;0;AUTO
ÎÑÖ Íîâîñèáèðñê;Àðõèâ ¹1 Íîâîñèáèðñê;RG 0001 243 00 03;Ðåãèñòðàöèÿ ïî ÁÏ;ÂÐÓÊ;243;Ðåãèñòðàöèÿ;äîñüå;90;AUTO
ÎÑÖ Íîâîñèáèðñê;Àðõèâ ¹3 Åêàòåðèíáóðã;RG 0001 243 00 03;Ðåãèñòðàöèÿ ïî ÁÏ;ÂÐÓÊ;243;Ðåãèñòðàöèÿ;äîñüå;92;AUTO
ÎÑÖ Ñàìàðà;Âíå ïîäðàçäåëåíèé;RG 0001 243 00 03;Ðåãèñòðàöèÿ ïî ÁÏ;ÂÐÓÊ;243;Ðåãèñòðàöèÿ;äîñüå;0;AUTO
ÎÑÖ Ñàìàðà;Àðõèâ ¹1 Ñàìàðà;RG 0001 243 00 03;Ðåãèñòðàöèÿ ïî ÁÏ;ÂÐÓÊ;243;Ðåãèñòðàöèÿ;äîñüå;95,5;AUTO
ÎÑÖ Âîðîíåæ;Âíå ïîäðàçäåëåíèé;RG 0001 016 00 03;Ðåãèñòðàöèÿ ïî ÁÏ;ÂÐÓÊ;16;Ðåãèñòðàöèÿ;äîñüå;0;AUTO
ÎÑÖ Âîðîíåæ;Àðõèâ ¹1 Âîðîíåæ;RG 0001 016 00 03;Ðåãèñòðàöèÿ ïî ÁÏ;ÂÐÓÊ;16;Ðåãèñòðàöèÿ;äîñüå;86,867;AUTO
ÎÑÖ Âîðîíåæ;Àðõèâ ¹3 Êàëèíèíãðàä;RG 0001 016 00 03;Ðåãèñòðàöèÿ ïî ÁÏ;ÂÐÓÊ;16;Ðåãèñòðàöèÿ;äîñüå;77,976;AUTO
ÎÑÖ Âîðîíåæ;Àðõèâ ¹4 Ñàíêò-Ïåòåðáóðã;RG 0001 016 00 03;Ðåãèñòðàöèÿ ïî ÁÏ;ÂÐÓÊ;16;Ðåãèñòðàöèÿ;äîñüå;60;AUTO
ÎÑÖ Ìîñêâà;Âíå ïîäðàçäåëåíèé;RG 0001 016 00 03;Ðåãèñòðàöèÿ ïî ÁÏ;ÂÐÓÊ;16;Ðåãèñòðàöèÿ;äîñüå;0;AUTO
ÎÑÖ Ìîñêâà;Àðõèâ ¹1 Òîìèëèíî;RG 0001 016 00 03;Ðåãèñòðàöèÿ ïî ÁÏ;ÂÐÓÊ;16;Ðåãèñòðàöèÿ;äîñüå;86,692;AUTO
ÎÑÖ Íèæíèé Íîâãîðîä;Âíå ïîäðàçäåëåíèé;RG 0001 016 00 03;Ðåãèñòðàöèÿ ïî ÁÏ;ÂÐÓÊ;16;Ðåãèñòðàöèÿ;äîñüå;0;AUTO
ÎÑÖ Íèæíèé Íîâãîðîä;Àðõèâ ¹1 Íèæíèé Íîâãîðîä;RG 0001 016 00 03;Ðåãèñòðàöèÿ ïî ÁÏ;ÂÐÓÊ;16;Ðåãèñòðàöèÿ;äîñüå;86,433;AUTO
ÎÑÖ Íîâîñèáèðñê;Âíå ïîäðàçäåëåíèé;RG 0001 016 00 03;Ðåãèñòðàöèÿ ïî ÁÏ;ÂÐÓÊ;16;Ðåãèñòðàöèÿ;äîñüå;0;AUTO
ÎÑÖ Íîâîñèáèðñê;Àðõèâ ¹1 Íîâîñèáèðñê;RG 0001 016 00 03;Ðåãèñòðàöèÿ ïî ÁÏ;ÂÐÓÊ;16;Ðåãèñòðàöèÿ;äîñüå;81,367;AUTO
ÎÑÖ Íîâîñèáèðñê;Àðõèâ ¹3 Åêàòåðèíáóðã;RG 0001 016 00 03;Ðåãèñòðàöèÿ ïî ÁÏ;ÂÐÓÊ;16;Ðåãèñòðàöèÿ;äîñüå;85;AUTO
ÎÑÖ Ñàìàðà;Âíå ïîäðàçäåëåíèé;RG 0001 016 00 03;Ðåãèñòðàöèÿ ïî ÁÏ;ÂÐÓÊ;16;Ðåãèñòðàöèÿ;äîñüå;0;AUTO
ÎÑÖ Ñàìàðà;Àðõèâ ¹1 Ñàìàðà;RG 0001 016 00 03;Ðåãèñòðàöèÿ ïî ÁÏ;ÂÐÓÊ;16;Ðåãèñòðàöèÿ;äîñüå;60;AUTO
ÎÑÖ Âîðîíåæ;Âíå ïîäðàçäåëåíèé;RG 0001 027 00 03;Ðåãèñòðàöèÿ ïî ÁÏ;ÂÐÓÊ;27;Ðåãèñòðàöèÿ;äîñüå;0;AUTO
ÎÑÖ Âîðîíåæ;Àðõèâ ¹1 Âîðîíåæ;RG 0001 027 00 03;Ðåãèñòðàöèÿ ïî ÁÏ;ÂÐÓÊ;27;Ðåãèñòðàöèÿ;äîñüå;92,383;AUTO
ÎÑÖ Âîðîíåæ;Àðõèâ ¹3 Êàëèíèíãðàä;RG 0001 027 00 03;Ðåãèñòðàöèÿ ïî ÁÏ;ÂÐÓÊ;27;Ðåãèñòðàöèÿ;äîñüå;82,067;AUTO
ÎÑÖ Âîðîíåæ;Àðõèâ ¹4 Ñàíêò-Ïåòåðáóðã;RG 0001 027 00 03;Ðåãèñòðàöèÿ ïî ÁÏ;ÂÐÓÊ;27;Ðåãèñòðàöèÿ;äîñüå;80,044;AUTO
ÎÑÖ Ìîñêâà;Âíå ïîäðàçäåëåíèé;RG 0001 027 00 03;Ðåãèñòðàöèÿ ïî ÁÏ;ÂÐÓÊ;27;Ðåãèñòðàöèÿ;äîñüå;0;AUTO
ÎÑÖ Ìîñêâà;Àðõèâ ¹1 Òîìèëèíî;RG 0001 027 00 03;Ðåãèñòðàöèÿ ïî ÁÏ;ÂÐÓÊ;27;Ðåãèñòðàöèÿ;äîñüå;86,692;AUTO
ÎÑÖ Íèæíèé Íîâãîðîä;Âíå ïîäðàçäåëåíèé;RG 0001 027 00 03;Ðåãèñòðàöèÿ ïî ÁÏ;ÂÐÓÊ;27;Ðåãèñòðàöèÿ;äîñüå;0;AUTO
ÎÑÖ Íèæíèé Íîâãîðîä;Àðõèâ ¹1 Íèæíèé Íîâãîðîä;RG 0001 027 00 03;Ðåãèñòðàöèÿ ïî ÁÏ;ÂÐÓÊ;27;Ðåãèñòðàöèÿ;äîñüå;93,028;AUTO
ÎÑÖ Íîâîñèáèðñê;Âíå ïîäðàçäåëåíèé;RG 0001 027 00 03;Ðåãèñòðàöèÿ ïî ÁÏ;ÂÐÓÊ;27;Ðåãèñòðàöèÿ;äîñüå;0;AUTO
ÎÑÖ Íîâîñèáèðñê;Àðõèâ ¹1 Íîâîñèáèðñê;RG 0001 027 00 03;Ðåãèñòðàöèÿ ïî ÁÏ;ÂÐÓÊ;27;Ðåãèñòðàöèÿ;äîñüå;82;AUTO
ÎÑÖ Íîâîñèáèðñê;Àðõèâ ¹3 Åêàòåðèíáóðã;RG 0001 027 00 03;Ðåãèñòðàöèÿ ïî ÁÏ;ÂÐÓÊ;27;Ðåãèñòðàöèÿ;äîñüå;86;AUTO
ÎÑÖ Ñàìàðà;Âíå ïîäðàçäåëåíèé;RG 0001 027 00 03;Ðåãèñòðàöèÿ ïî ÁÏ;ÂÐÓÊ;27;Ðåãèñòðàöèÿ;äîñüå;0;AUTO
ÎÑÖ Ñàìàðà;Àðõèâ ¹1 Ñàìàðà;RG 0001 027 00 03;Ðåãèñòðàöèÿ ïî ÁÏ;ÂÐÓÊ;27;Ðåãèñòðàöèÿ;äîñüå;85,367;AUTO
ÎÑÖ Âîðîíåæ;Âíå ïîäðàçäåëåíèé;RG 0001 035 00 03;Ðåãèñòðàöèÿ ïî ÁÏ;ÂÐÓÊ;35;Ðåãèñòðàöèÿ;äîñüå;0;AUTO
ÎÑÖ Âîðîíåæ;Àðõèâ ¹1 Âîðîíåæ;RG 0001 035 00 03;Ðåãèñòðàöèÿ ïî ÁÏ;ÂÐÓÊ;35;Ðåãèñòðàöèÿ;äîñüå;95;AUTO
ÎÑÖ Âîðîíåæ;Àðõèâ ¹3 Êàëèíèíãðàä;RG 0001 035 00 03;Ðåãèñòðàöèÿ ïî ÁÏ;ÂÐÓÊ;35;Ðåãèñòðàöèÿ;äîñüå;81,633;AUTO
ÎÑÖ Âîðîíåæ;Àðõèâ ¹4 Ñàíêò-Ïåòåðáóðã;RG 0001 035 00 03;Ðåãèñòðàöèÿ ïî ÁÏ;ÂÐÓÊ;35;Ðåãèñòðàöèÿ;äîñüå;80,044;AUTO
ÎÑÖ Ìîñêâà;Âíå ïîäðàçäåëåíèé;RG 0001 035 00 03;Ðåãèñòðàöèÿ ïî ÁÏ;ÂÐÓÊ;35;Ðåãèñòðàöèÿ;äîñüå;0;AUTO
ÎÑÖ Ìîñêâà;Àðõèâ ¹1 Òîìèëèíî;RG 0001 035 00 03;Ðåãèñòðàöèÿ ïî ÁÏ;ÂÐÓÊ;35;Ðåãèñòðàöèÿ;äîñüå;86,692;AUTO
ÎÑÖ Íèæíèé Íîâãîðîä;Âíå ïîäðàçäåëåíèé;RG 0001 035 00 03;Ðåãèñòðàöèÿ ïî ÁÏ;ÂÐÓÊ;35;Ðåãèñòðàöèÿ;äîñüå;0;AUTO
ÎÑÖ Íèæíèé Íîâãîðîä;Àðõèâ ¹1 Íèæíèé Íîâãîðîä;RG 0001 035 00 03;Ðåãèñòðàöèÿ ïî ÁÏ;ÂÐÓÊ;35;Ðåãèñòðàöèÿ;äîñüå;93,028;AUTO
ÎÑÖ Íîâîñèáèðñê;Âíå ïîäðàçäåëåíèé;RG 0001 035 00 03;Ðåãèñòðàöèÿ ïî ÁÏ;ÂÐÓÊ;35;Ðåãèñòðàöèÿ;äîñüå;0;AUTO
ÎÑÖ Íîâîñèáèðñê;Àðõèâ ¹1 Íîâîñèáèðñê;RG 0001 035 00 03;Ðåãèñòðàöèÿ ïî ÁÏ;ÂÐÓÊ;35;Ðåãèñòðàöèÿ;äîñüå;82;AUTO
ÎÑÖ Íîâîñèáèðñê;Àðõèâ ¹3 Åêàòåðèíáóðã;RG 0001 035 00 03;Ðåãèñòðàöèÿ ïî ÁÏ;ÂÐÓÊ;35;Ðåãèñòðàöèÿ;äîñüå;85;AUTO
ÎÑÖ Ñàìàðà;Âíå ïîäðàçäåëåíèé;RG 0001 035 00 03;Ðåãèñòðàöèÿ ïî ÁÏ;ÂÐÓÊ;35;Ðåãèñòðàöèÿ;äîñüå;0;AUTO
ÎÑÖ Ñàìàðà;Àðõèâ ¹1 Ñàìàðà;RG 0001 035 00 03;Ðåãèñòðàöèÿ ïî ÁÏ;ÂÐÓÊ;35;Ðåãèñòðàöèÿ;äîñüå;92,7;AUTO
ÎÑÖ Âîðîíåæ;Âíå ïîäðàçäåëåíèé;RG 0001 005 00 03;Ðåãèñòðàöèÿ ïî ÁÏ;ÂÐÓÊ;05;Ðåãèñòðàöèÿ;äîñüå;0;AUTO
ÎÑÖ Âîðîíåæ;Àðõèâ ¹1 Âîðîíåæ;RG 0001 005 00 03;Ðåãèñòðàöèÿ ïî ÁÏ;ÂÐÓÊ;05;Ðåãèñòðàöèÿ;äîñüå;95;AUTO
ÎÑÖ Âîðîíåæ;Àðõèâ ¹3 Êàëèíèíãðàä;RG 0001 005 00 03;Ðåãèñòðàöèÿ ïî ÁÏ;ÂÐÓÊ;05;Ðåãèñòðàöèÿ;äîñüå;81,618;AUTO
ÎÑÖ Âîðîíåæ;Àðõèâ ¹4 Ñàíêò-Ïåòåðáóðã;RG 0001 005 00 03;Ðåãèñòðàöèÿ ïî ÁÏ;ÂÐÓÊ;05;Ðåãèñòðàöèÿ;äîñüå;80,2;AUTO
ÎÑÖ Ìîñêâà;Âíå ïîäðàçäåëåíèé;RG 0001 005 00 03;Ðåãèñòðàöèÿ ïî ÁÏ;ÂÐÓÊ;05;Ðåãèñòðàöèÿ;äîñüå;0;AUTO
ÎÑÖ Ìîñêâà;Àðõèâ ¹1 Òîìèëèíî;RG 0001 005 00 03;Ðåãèñòðàöèÿ ïî ÁÏ;ÂÐÓÊ;05;Ðåãèñòðàöèÿ;äîñüå;86,692;AUTO
ÎÑÖ Íèæíèé Íîâãîðîä;Âíå ïîäðàçäåëåíèé;RG 0001 005 00 03;Ðåãèñòðàöèÿ ïî ÁÏ;ÂÐÓÊ;05;Ðåãèñòðàöèÿ;äîñüå;0;AUTO
ÎÑÖ Íèæíèé Íîâãîðîä;Àðõèâ ¹1 Íèæíèé Íîâãîðîä;RG 0001 005 00 03;Ðåãèñòðàöèÿ ïî ÁÏ;ÂÐÓÊ;05;Ðåãèñòðàöèÿ;äîñüå;93,028;AUTO
ÎÑÖ Íîâîñèáèðñê;Âíå ïîäðàçäåëåíèé;RG 0001 005 00 03;Ðåãèñòðàöèÿ ïî ÁÏ;ÂÐÓÊ;05;Ðåãèñòðàöèÿ;äîñüå;0;AUTO
ÎÑÖ Íîâîñèáèðñê;Àðõèâ ¹1 Íîâîñèáèðñê;RG 0001 005 00 03;Ðåãèñòðàöèÿ ïî ÁÏ;ÂÐÓÊ;05;Ðåãèñòðàöèÿ;äîñüå;84,367;AUTO
ÎÑÖ Íîâîñèáèðñê;Àðõèâ ¹3 Åêàòåðèíáóðã;RG 0001 005 00 03;Ðåãèñòðàöèÿ ïî ÁÏ;ÂÐÓÊ;05;Ðåãèñòðàöèÿ;äîñüå;85;AUTO
ÎÑÖ Ñàìàðà;Âíå ïîäðàçäåëåíèé;RG 0001 005 00 03;Ðåãèñòðàöèÿ ïî ÁÏ;ÂÐÓÊ;05;Ðåãèñòðàöèÿ;äîñüå;0;AUTO
ÎÑÖ Ñàìàðà;Àðõèâ ¹1 Ñàìàðà;RG 0001 005 00 03;Ðåãèñòðàöèÿ ïî ÁÏ;ÂÐÓÊ;05;Ðåãèñòðàöèÿ;äîñüå;90;AUTO
ÎÑÖ Âîðîíåæ;Âíå ïîäðàçäåëåíèé;RG 0001 201 00 03;Ðåãèñòðàöèÿ ïî ÁÏ;ÂÐÓÊ;201;Ðåãèñòðàöèÿ;äîñüå;0;AUTO
ÎÑÖ Âîðîíåæ;Àðõèâ ¹1 Âîðîíåæ;RG 0001 201 00 03;Ðåãèñòðàöèÿ ïî ÁÏ;ÂÐÓÊ;201;Ðåãèñòðàöèÿ;äîñüå;110;AUTO
ÎÑÖ Âîðîíåæ;Àðõèâ ¹3 Êàëèíèíãðàä;RG 0001 201 00 03;Ðåãèñòðàöèÿ ïî ÁÏ;ÂÐÓÊ;201;Ðåãèñòðàöèÿ;äîñüå;95,437;AUTO
ÎÑÖ Âîðîíåæ;Àðõèâ ¹4 Ñàíêò-Ïåòåðáóðã;RG 0001 201 00 03;Ðåãèñòðàöèÿ ïî ÁÏ;ÂÐÓÊ;201;Ðåãèñòðàöèÿ;äîñüå;90,267;AUTO
ÎÑÖ Ìîñêâà;Âíå ïîäðàçäåëåíèé;RG 0001 201 00 03;Ðåãèñòðàöèÿ ïî ÁÏ;ÂÐÓÊ;201;Ðåãèñòðàöèÿ;äîñüå;0;AUTO
ÎÑÖ Ìîñêâà;Àðõèâ ¹1 Òîìèëèíî;RG 0001 201 00 03;Ðåãèñòðàöèÿ ïî ÁÏ;ÂÐÓÊ;201;Ðåãèñòðàöèÿ;äîñüå;109,733;AUTO
ÎÑÖ Íèæíèé Íîâãîðîä;Âíå ïîäðàçäåëåíèé;RG 0001 201 00 03;Ðåãèñòðàöèÿ ïî ÁÏ;ÂÐÓÊ;201;Ðåãèñòðàöèÿ;äîñüå;0;AUTO
ÎÑÖ Íèæíèé Íîâãîðîä;Àðõèâ ¹1 Íèæíèé Íîâãîðîä;RG 0001 201 00 03;Ðåãèñòðàöèÿ ïî ÁÏ;ÂÐÓÊ;201;Ðåãèñòðàöèÿ;äîñüå;114,767;AUTO
ÎÑÖ Íîâîñèáèðñê;Âíå ïîäðàçäåëåíèé;RG 0001 201 00 03;Ðåãèñòðàöèÿ ïî ÁÏ;ÂÐÓÊ;201;Ðåãèñòðàöèÿ;äîñüå;0;AUTO
ÎÑÖ Íîâîñèáèðñê;Àðõèâ ¹1 Íîâîñèáèðñê;RG 0001 201 00 03;Ðåãèñòðàöèÿ ïî ÁÏ;ÂÐÓÊ;201;Ðåãèñòðàöèÿ;äîñüå;110,1;AUTO
ÎÑÖ Íîâîñèáèðñê;Àðõèâ ¹3 Åêàòåðèíáóðã;RG 0001 201 00 03;Ðåãèñòðàöèÿ ïî ÁÏ;ÂÐÓÊ;201;Ðåãèñòðàöèÿ;äîñüå;110;AUTO
ÎÑÖ Ñàìàðà;Âíå ïîäðàçäåëåíèé;RG 0001 201 00 03;Ðåãèñòðàöèÿ ïî ÁÏ;ÂÐÓÊ;201;Ðåãèñòðàöèÿ;äîñüå;0;AUTO
ÎÑÖ Ñàìàðà;Àðõèâ ¹1 Ñàìàðà;RG 0001 201 00 03;Ðåãèñòðàöèÿ ïî ÁÏ;ÂÐÓÊ;201;Ðåãèñòðàöèÿ;äîñüå;109,167;AUTO
ÎÑÖ Âîðîíåæ;Âíå ïîäðàçäåëåíèé;RG 0001 048 00 03;Ðåãèñòðàöèÿ ïî ÁÏ;ÂÐÓÊ;48;Ðåãèñòðàöèÿ;äîñüå;0;AUTO
ÎÑÖ Âîðîíåæ;Àðõèâ ¹1 Âîðîíåæ;RG 0001 048 00 03;Ðåãèñòðàöèÿ ïî ÁÏ;ÂÐÓÊ;48;Ðåãèñòðàöèÿ;äîñüå;110;AUTO
ÎÑÖ Âîðîíåæ;Àðõèâ ¹3 Êàëèíèíãðàä;RG 0001 048 00 03;Ðåãèñòðàöèÿ ïî ÁÏ;ÂÐÓÊ;48;Ðåãèñòðàöèÿ;äîñüå;94,156;AUTO
ÎÑÖ Âîðîíåæ;Àðõèâ ¹4 Ñàíêò-Ïåòåðáóðã;RG 0001 048 00 03;Ðåãèñòðàöèÿ ïî ÁÏ;ÂÐÓÊ;48;Ðåãèñòðàöèÿ;äîñüå;90,2;AUTO
ÎÑÖ Ìîñêâà;Âíå ïîäðàçäåëåíèé;RG 0001 048 00 03;Ðåãèñòðàöèÿ ïî ÁÏ;ÂÐÓÊ;48;Ðåãèñòðàöèÿ;äîñüå;0;AUTO
ÎÑÖ Ìîñêâà;Àðõèâ ¹1 Òîìèëèíî;RG 0001 048 00 03;Ðåãèñòðàöèÿ ïî ÁÏ;ÂÐÓÊ;48;Ðåãèñòðàöèÿ;äîñüå;105,222;AUTO
ÎÑÖ Íèæíèé Íîâãîðîä;Âíå ïîäðàçäåëåíèé;RG 0001 048 00 03;Ðåãèñòðàöèÿ ïî ÁÏ;ÂÐÓÊ;48;Ðåãèñòðàöèÿ;äîñüå;0;AUTO
ÎÑÖ Íèæíèé Íîâãîðîä;Àðõèâ ¹1 Íèæíèé Íîâãîðîä;RG 0001 048 00 03;Ðåãèñòðàöèÿ ïî ÁÏ;ÂÐÓÊ;48;Ðåãèñòðàöèÿ;äîñüå;107,079;AUTO
ÎÑÖ Íîâîñèáèðñê;Âíå ïîäðàçäåëåíèé;RG 0001 048 00 03;Ðåãèñòðàöèÿ ïî ÁÏ;ÂÐÓÊ;48;Ðåãèñòðàöèÿ;äîñüå;0;AUTO
ÎÑÖ Íîâîñèáèðñê;Àðõèâ ¹1 Íîâîñèáèðñê;RG 0001 048 00 03;Ðåãèñòðàöèÿ ïî ÁÏ;ÂÐÓÊ;48;Ðåãèñòðàöèÿ;äîñüå;110;AUTO
ÎÑÖ Íîâîñèáèðñê;Àðõèâ ¹3 Åêàòåðèíáóðã;RG 0001 048 00 03;Ðåãèñòðàöèÿ ïî ÁÏ;ÂÐÓÊ;48;Ðåãèñòðàöèÿ;äîñüå;110;AUTO
ÎÑÖ Ñàìàðà;Âíå ïîäðàçäåëåíèé;RG 0001 048 00 03;Ðåãèñòðàöèÿ ïî ÁÏ;ÂÐÓÊ;48;Ðåãèñòðàöèÿ;äîñüå;0;AUTO
ÎÑÖ Ñàìàðà;Àðõèâ ¹1 Ñàìàðà;RG 0001 048 00 03;Ðåãèñòðàöèÿ ïî ÁÏ;ÂÐÓÊ;48;Ðåãèñòðàöèÿ;äîñüå;109,867;AUTO
ÎÑÖ Âîðîíåæ;Âíå ïîäðàçäåëåíèé;RG 0001 049 00 03;Ðåãèñòðàöèÿ ïî ÁÏ;ÂÐÓÊ;49;Ðåãèñòðàöèÿ;äîñüå;0;AUTO
ÎÑÖ Âîðîíåæ;Àðõèâ ¹1 Âîðîíåæ;RG 0001 049 00 03;Ðåãèñòðàöèÿ ïî ÁÏ;ÂÐÓÊ;49;Ðåãèñòðàöèÿ;äîñüå;110;AUTO
ÎÑÖ Âîðîíåæ;Àðõèâ ¹3 Êàëèíèíãðàä;RG 0001 049 00 03;Ðåãèñòðàöèÿ ïî ÁÏ;ÂÐÓÊ;49;Ðåãèñòðàöèÿ;äîñüå;94,143;AUTO
ÎÑÖ Âîðîíåæ;Àðõèâ ¹4 Ñàíêò-Ïåòåðáóðã;RG 0001 049 00 03;Ðåãèñòðàöèÿ ïî ÁÏ;ÂÐÓÊ;49;Ðåãèñòðàöèÿ;äîñüå;90,267;AUTO
ÎÑÖ Ìîñêâà;Âíå ïîäðàçäåëåíèé;RG 0001 049 00 03;Ðåãèñòðàöèÿ ïî ÁÏ;ÂÐÓÊ;49;Ðåãèñòðàöèÿ;äîñüå;0;AUTO
ÎÑÖ Ìîñêâà;Àðõèâ ¹1 Òîìèëèíî;RG 0001 049 00 03;Ðåãèñòðàöèÿ ïî ÁÏ;ÂÐÓÊ;49;Ðåãèñòðàöèÿ;äîñüå;105,222;AUTO
ÎÑÖ Íèæíèé Íîâãîðîä;Âíå ïîäðàçäåëåíèé;RG 0001 049 00 03;Ðåãèñòðàöèÿ ïî ÁÏ;ÂÐÓÊ;49;Ðåãèñòðàöèÿ;äîñüå;0;AUTO
ÎÑÖ Íèæíèé Íîâãîðîä;Àðõèâ ¹1 Íèæíèé Íîâãîðîä;RG 0001 049 00 03;Ðåãèñòðàöèÿ ïî ÁÏ;ÂÐÓÊ;49;Ðåãèñòðàöèÿ;äîñüå;107,556;AUTO
ÎÑÖ Íîâîñèáèðñê;Âíå ïîäðàçäåëåíèé;RG 0001 049 00 03;Ðåãèñòðàöèÿ ïî ÁÏ;ÂÐÓÊ;49;Ðåãèñòðàöèÿ;äîñüå;0;AUTO
ÎÑÖ Íîâîñèáèðñê;Àðõèâ ¹1 Íîâîñèáèðñê;RG 0001 049 00 03;Ðåãèñòðàöèÿ ïî ÁÏ;ÂÐÓÊ;49;Ðåãèñòðàöèÿ;äîñüå;110;AUTO
ÎÑÖ Íîâîñèáèðñê;Àðõèâ ¹3 Åêàòåðèíáóðã;RG 0001 049 00 03;Ðåãèñòðàöèÿ ïî ÁÏ;ÂÐÓÊ;49;Ðåãèñòðàöèÿ;äîñüå;110;AUTO
ÎÑÖ Ñàìàðà;Âíå ïîäðàçäåëåíèé;RG 0001 049 00 03;Ðåãèñòðàöèÿ ïî ÁÏ;ÂÐÓÊ;49;Ðåãèñòðàöèÿ;äîñüå;0;AUTO
ÎÑÖ Ñàìàðà;Àðõèâ ¹1 Ñàìàðà;RG 0001 049 00 03;Ðåãèñòðàöèÿ ïî ÁÏ;ÂÐÓÊ;49;Ðåãèñòðàöèÿ;äîñüå;97,1;AUTO
ÎÑÖ Âîðîíåæ;Âíå ïîäðàçäåëåíèé;RG 0001 050 00 03;Ðåãèñòðàöèÿ ïî ÁÏ;ÂÐÓÊ;50;Ðåãèñòðàöèÿ;äîñüå;0;AUTO
ÎÑÖ Âîðîíåæ;Àðõèâ ¹1 Âîðîíåæ;RG 0001 050 00 03;Ðåãèñòðàöèÿ ïî ÁÏ;ÂÐÓÊ;50;Ðåãèñòðàöèÿ;äîñüå;101,167;AUTO
ÎÑÖ Âîðîíåæ;Àðõèâ ¹3 Êàëèíèíãðàä;RG 0001 050 00 03;Ðåãèñòðàöèÿ ïî ÁÏ;ÂÐÓÊ;50;Ðåãèñòðàöèÿ;äîñüå;106,387;AUTO
ÎÑÖ Âîðîíåæ;Àðõèâ ¹4 Ñàíêò-Ïåòåðáóðã;RG 0001 050 00 03;Ðåãèñòðàöèÿ ïî ÁÏ;ÂÐÓÊ;50;Ðåãèñòðàöèÿ;äîñüå;101;AUTO
ÎÑÖ Ìîñêâà;Âíå ïîäðàçäåëåíèé;RG 0001 050 00 03;Ðåãèñòðàöèÿ ïî ÁÏ;ÂÐÓÊ;50;Ðåãèñòðàöèÿ;äîñüå;0;AUTO
ÎÑÖ Ìîñêâà;Àðõèâ ¹1 Òîìèëèíî;RG 0001 050 00 03;Ðåãèñòðàöèÿ ïî ÁÏ;ÂÐÓÊ;50;Ðåãèñòðàöèÿ;äîñüå;109,733;AUTO
ÎÑÖ Íèæíèé Íîâãîðîä;Âíå ïîäðàçäåëåíèé;RG 0001 050 00 03;Ðåãèñòðàöèÿ ïî ÁÏ;ÂÐÓÊ;50;Ðåãèñòðàöèÿ;äîñüå;0;AUTO
ÎÑÖ Íèæíèé Íîâãîðîä;Àðõèâ ¹1 Íèæíèé Íîâãîðîä;RG 0001 050 00 03;Ðåãèñòðàöèÿ ïî ÁÏ;ÂÐÓÊ;50;Ðåãèñòðàöèÿ;äîñüå;107,333;AUTO
ÎÑÖ Íîâîñèáèðñê;Âíå ïîäðàçäåëåíèé;RG 0001 050 00 03;Ðåãèñòðàöèÿ ïî ÁÏ;ÂÐÓÊ;50;Ðåãèñòðàöèÿ;äîñüå;0;AUTO
ÎÑÖ Íîâîñèáèðñê;Àðõèâ ¹1 Íîâîñèáèðñê;RG 0001 050 00 03;Ðåãèñòðàöèÿ ïî ÁÏ;ÂÐÓÊ;50;Ðåãèñòðàöèÿ;äîñüå;105,593;AUTO
ÎÑÖ Íîâîñèáèðñê;Àðõèâ ¹3 Åêàòåðèíáóðã;RG 0001 050 00 03;Ðåãèñòðàöèÿ ïî ÁÏ;ÂÐÓÊ;50;Ðåãèñòðàöèÿ;äîñüå;110;AUTO
ÎÑÖ Ñàìàðà;Âíå ïîäðàçäåëåíèé;RG 0001 050 00 03;Ðåãèñòðàöèÿ ïî ÁÏ;ÂÐÓÊ;50;Ðåãèñòðàöèÿ;äîñüå;0;AUTO
ÎÑÖ Ñàìàðà;Àðõèâ ¹1 Ñàìàðà;RG 0001 050 00 03;Ðåãèñòðàöèÿ ïî ÁÏ;ÂÐÓÊ;50;Ðåãèñòðàöèÿ;äîñüå;111,633;AUTO
ÎÑÖ Âîðîíåæ;Âíå ïîäðàçäåëåíèé;RG 0001 248 00 03;Ðåãèñòðàöèÿ ïî ÁÏ;ÂÐÓÊ;248;Ðåãèñòðàöèÿ;äîñüå;0;AUTO
ÎÑÖ Âîðîíåæ;Àðõèâ ¹1 Âîðîíåæ;RG 0001 248 00 03;Ðåãèñòðàöèÿ ïî ÁÏ;ÂÐÓÊ;248;Ðåãèñòðàöèÿ;äîñüå;0;AUTO
ÎÑÖ Âîðîíåæ;Àðõèâ ¹3 Êàëèíèíãðàä;RG 0001 248 00 03;Ðåãèñòðàöèÿ ïî ÁÏ;ÂÐÓÊ;248;Ðåãèñòðàöèÿ;äîñüå;0;AUTO
ÎÑÖ Âîðîíåæ;Àðõèâ ¹4 Ñàíêò-Ïåòåðáóðã;RG 0001 248 00 03;Ðåãèñòðàöèÿ ïî ÁÏ;ÂÐÓÊ;248;Ðåãèñòðàöèÿ;äîñüå;0;AUTO
ÎÑÖ Ìîñêâà;Âíå ïîäðàçäåëåíèé;RG 0001 248 00 03;Ðåãèñòðàöèÿ ïî ÁÏ;ÂÐÓÊ;248;Ðåãèñòðàöèÿ;äîñüå;0;AUTO
ÎÑÖ Ìîñêâà;Àðõèâ ¹1 Òîìèëèíî;RG 0001 248 00 03;Ðåãèñòðàöèÿ ïî ÁÏ;ÂÐÓÊ;248;Ðåãèñòðàöèÿ;äîñüå;0;AUTO
ÎÑÖ Íèæíèé Íîâãîðîä;Âíå ïîäðàçäåëåíèé;RG 0001 248 00 03;Ðåãèñòðàöèÿ ïî ÁÏ;ÂÐÓÊ;248;Ðåãèñòðàöèÿ;äîñüå;0;AUTO
ÎÑÖ Íèæíèé Íîâãîðîä;Àðõèâ ¹1 Íèæíèé Íîâãîðîä;RG 0001 248 00 03;Ðåãèñòðàöèÿ ïî ÁÏ;ÂÐÓÊ;248;Ðåãèñòðàöèÿ;äîñüå;0;AUTO
ÎÑÖ Íîâîñèáèðñê;Âíå ïîäðàçäåëåíèé;RG 0001 248 00 03;Ðåãèñòðàöèÿ ïî ÁÏ;ÂÐÓÊ;248;Ðåãèñòðàöèÿ;äîñüå;0;AUTO
ÎÑÖ Íîâîñèáèðñê;Àðõèâ ¹1 Íîâîñèáèðñê;RG 0001 248 00 03;Ðåãèñòðàöèÿ ïî ÁÏ;ÂÐÓÊ;248;Ðåãèñòðàöèÿ;äîñüå;0;AUTO
ÎÑÖ Íîâîñèáèðñê;Àðõèâ ¹3 Åêàòåðèíáóðã;RG 0001 248 00 03;Ðåãèñòðàöèÿ ïî ÁÏ;ÂÐÓÊ;248;Ðåãèñòðàöèÿ;äîñüå;0;AUTO
ÎÑÖ Ñàìàðà;Âíå ïîäðàçäåëåíèé;RG 0001 248 00 03;Ðåãèñòðàöèÿ ïî ÁÏ;ÂÐÓÊ;248;Ðåãèñòðàöèÿ;äîñüå;0;AUTO
ÎÑÖ Ñàìàðà;Àðõèâ ¹1 Ñàìàðà;RG 0001 248 00 03;Ðåãèñòðàöèÿ ïî ÁÏ;ÂÐÓÊ;248;Ðåãèñòðàöèÿ;äîñüå;0;AUTO
ÎÑÖ Âîðîíåæ;Âíå ïîäðàçäåëåíèé;RG 0001 200 00 03;Ðåãèñòðàöèÿ ïî ÁÏ;ÂÐÓÊ;200;Ðåãèñòðàöèÿ;äîñüå;0;AUTO
ÎÑÖ Âîðîíåæ;Àðõèâ ¹1 Âîðîíåæ;RG 0001 200 00 03;Ðåãèñòðàöèÿ ïî ÁÏ;ÂÐÓÊ;200;Ðåãèñòðàöèÿ;äîñüå;110;AUTO
ÎÑÖ Âîðîíåæ;Àðõèâ ¹3 Êàëèíèíãðàä;RG 0001 200 00 03;Ðåãèñòðàöèÿ ïî ÁÏ;ÂÐÓÊ;200;Ðåãèñòðàöèÿ;äîñüå;85,935;AUTO
ÎÑÖ Âîðîíåæ;Àðõèâ ¹4 Ñàíêò-Ïåòåðáóðã;RG 0001 200 00 03;Ðåãèñòðàöèÿ ïî ÁÏ;ÂÐÓÊ;200;Ðåãèñòðàöèÿ;äîñüå;90,267;AUTO
ÎÑÖ Ìîñêâà;Âíå ïîäðàçäåëåíèé;RG 0001 200 00 03;Ðåãèñòðàöèÿ ïî ÁÏ;ÂÐÓÊ;200;Ðåãèñòðàöèÿ;äîñüå;0;AUTO
ÎÑÖ Ìîñêâà;Àðõèâ ¹1 Òîìèëèíî;RG 0001 200 00 03;Ðåãèñòðàöèÿ ïî ÁÏ;ÂÐÓÊ;200;Ðåãèñòðàöèÿ;äîñüå;105,333;AUTO
ÎÑÖ Íèæíèé Íîâãîðîä;Âíå ïîäðàçäåëåíèé;RG 0001 200 00 03;Ðåãèñòðàöèÿ ïî ÁÏ;ÂÐÓÊ;200;Ðåãèñòðàöèÿ;äîñüå;0;AUTO
ÎÑÖ Íèæíèé Íîâãîðîä;Àðõèâ ¹1 Íèæíèé Íîâãîðîä;RG 0001 200 00 03;Ðåãèñòðàöèÿ ïî ÁÏ;ÂÐÓÊ;200;Ðåãèñòðàöèÿ;äîñüå;109,967;AUTO
ÎÑÖ Íîâîñèáèðñê;Âíå ïîäðàçäåëåíèé;RG 0001 200 00 03;Ðåãèñòðàöèÿ ïî ÁÏ;ÂÐÓÊ;200;Ðåãèñòðàöèÿ;äîñüå;0;AUTO
ÎÑÖ Íîâîñèáèðñê;Àðõèâ ¹1 Íîâîñèáèðñê;RG 0001 200 00 03;Ðåãèñòðàöèÿ ïî ÁÏ;ÂÐÓÊ;200;Ðåãèñòðàöèÿ;äîñüå;110,033;AUTO
ÎÑÖ Íîâîñèáèðñê;Àðõèâ ¹3 Åêàòåðèíáóðã;RG 0001 200 00 03;Ðåãèñòðàöèÿ ïî ÁÏ;ÂÐÓÊ;200;Ðåãèñòðàöèÿ;äîñüå;110;AUTO
ÎÑÖ Ñàìàðà;Âíå ïîäðàçäåëåíèé;RG 0001 200 00 03;Ðåãèñòðàöèÿ ïî ÁÏ;ÂÐÓÊ;200;Ðåãèñòðàöèÿ;äîñüå;0;AUTO
ÎÑÖ Ñàìàðà;Àðõèâ ¹1 Ñàìàðà;RG 0001 200 00 03;Ðåãèñòðàöèÿ ïî ÁÏ;ÂÐÓÊ;200;Ðåãèñòðàöèÿ;äîñüå;98,433;AUTO
ÎÑÖ Âîðîíåæ;Âíå ïîäðàçäåëåíèé;RG 0001 046 00 03;Ðåãèñòðàöèÿ ïî ÁÏ;ÂÐÓÊ;46;Ðåãèñòðàöèÿ;äîñüå;0;AUTO
ÎÑÖ Âîðîíåæ;Àðõèâ ¹1 Âîðîíåæ;RG 0001 046 00 03;Ðåãèñòðàöèÿ ïî ÁÏ;ÂÐÓÊ;46;Ðåãèñòðàöèÿ;äîñüå;101,119;AUTO
ÎÑÖ Âîðîíåæ;Àðõèâ ¹3 Êàëèíèíãðàä;RG 0001 046 00 03;Ðåãèñòðàöèÿ ïî ÁÏ;ÂÐÓÊ;46;Ðåãèñòðàöèÿ;äîñüå;106,375;AUTO
ÎÑÖ Âîðîíåæ;Àðõèâ ¹4 Ñàíêò-Ïåòåðáóðã;RG 0001 046 00 03;Ðåãèñòðàöèÿ ïî ÁÏ;ÂÐÓÊ;46;Ðåãèñòðàöèÿ;äîñüå;100,567;AUTO
ÎÑÖ Ìîñêâà;Âíå ïîäðàçäåëåíèé;RG 0001 046 00 03;Ðåãèñòðàöèÿ ïî ÁÏ;ÂÐÓÊ;46;Ðåãèñòðàöèÿ;äîñüå;0;AUTO
ÎÑÖ Ìîñêâà;Àðõèâ ¹1 Òîìèëèíî;RG 0001 046 00 03;Ðåãèñòðàöèÿ ïî ÁÏ;ÂÐÓÊ;46;Ðåãèñòðàöèÿ;äîñüå;105,222;AUTO
ÎÑÖ Íèæíèé Íîâãîðîä;Âíå ïîäðàçäåëåíèé;RG 0001 046 00 03;Ðåãèñòðàöèÿ ïî ÁÏ;ÂÐÓÊ;46;Ðåãèñòðàöèÿ;äîñüå;0;AUTO
ÎÑÖ Íèæíèé Íîâãîðîä;Àðõèâ ¹1 Íèæíèé Íîâãîðîä;RG 0001 046 00 03;Ðåãèñòðàöèÿ ïî ÁÏ;ÂÐÓÊ;46;Ðåãèñòðàöèÿ;äîñüå;107,079;AUTO
ÎÑÖ Íîâîñèáèðñê;Âíå ïîäðàçäåëåíèé;RG 0001 046 00 03;Ðåãèñòðàöèÿ ïî ÁÏ;ÂÐÓÊ;46;Ðåãèñòðàöèÿ;äîñüå;0;AUTO
ÎÑÖ Íîâîñèáèðñê;Àðõèâ ¹1 Íîâîñèáèðñê;RG 0001 046 00 03;Ðåãèñòðàöèÿ ïî ÁÏ;ÂÐÓÊ;46;Ðåãèñòðàöèÿ;äîñüå;105,593;AUTO
ÎÑÖ Íîâîñèáèðñê;Àðõèâ ¹3 Åêàòåðèíáóðã;RG 0001 046 00 03;Ðåãèñòðàöèÿ ïî ÁÏ;ÂÐÓÊ;46;Ðåãèñòðàöèÿ;äîñüå;110;AUTO
ÎÑÖ Ñàìàðà;Âíå ïîäðàçäåëåíèé;RG 0001 046 00 03;Ðåãèñòðàöèÿ ïî ÁÏ;ÂÐÓÊ;46;Ðåãèñòðàöèÿ;äîñüå;0;AUTO
ÎÑÖ Ñàìàðà;Àðõèâ ¹1 Ñàìàðà;RG 0001 046 00 03;Ðåãèñòðàöèÿ ïî ÁÏ;ÂÐÓÊ;46;Ðåãèñòðàöèÿ;äîñüå;103,528;AUTO
ÎÑÖ Âîðîíåæ;Âíå ïîäðàçäåëåíèé;RG 0001 047 00 03;Ðåãèñòðàöèÿ ïî ÁÏ;ÂÐÓÊ;47;Ðåãèñòðàöèÿ;äîñüå;0;AUTO
ÎÑÖ Âîðîíåæ;Àðõèâ ¹1 Âîðîíåæ;RG 0001 047 00 03;Ðåãèñòðàöèÿ ïî ÁÏ;ÂÐÓÊ;47;Ðåãèñòðàöèÿ;äîñüå;95,742;AUTO
ÎÑÖ Âîðîíåæ;Àðõèâ ¹3 Êàëèíèíãðàä;RG 0001 047 00 03;Ðåãèñòðàöèÿ ïî ÁÏ;ÂÐÓÊ;47;Ðåãèñòðàöèÿ;äîñüå;106,681;AUTO
ÎÑÖ Âîðîíåæ;Àðõèâ ¹4 Ñàíêò-Ïåòåðáóðã;RG 0001 047 00 03;Ðåãèñòðàöèÿ ïî ÁÏ;ÂÐÓÊ;47;Ðåãèñòðàöèÿ;äîñüå;100;AUTO
ÎÑÖ Ìîñêâà;Âíå ïîäðàçäåëåíèé;RG 0001 047 00 03;Ðåãèñòðàöèÿ ïî ÁÏ;ÂÐÓÊ;47;Ðåãèñòðàöèÿ;äîñüå;0;AUTO
ÎÑÖ Ìîñêâà;Àðõèâ ¹1 Òîìèëèíî;RG 0001 047 00 03;Ðåãèñòðàöèÿ ïî ÁÏ;ÂÐÓÊ;47;Ðåãèñòðàöèÿ;äîñüå;105,222;AUTO
ÎÑÖ Íèæíèé Íîâãîðîä;Âíå ïîäðàçäåëåíèé;RG 0001 047 00 03;Ðåãèñòðàöèÿ ïî ÁÏ;ÂÐÓÊ;47;Ðåãèñòðàöèÿ;äîñüå;0;AUTO
ÎÑÖ Íèæíèé Íîâãîðîä;Àðõèâ ¹1 Íèæíèé Íîâãîðîä;RG 0001 047 00 03;Ðåãèñòðàöèÿ ïî ÁÏ;ÂÐÓÊ;47;Ðåãèñòðàöèÿ;äîñüå;107,243;AUTO
ÎÑÖ Íîâîñèáèðñê;Âíå ïîäðàçäåëåíèé;RG 0001 047 00 03;Ðåãèñòðàöèÿ ïî ÁÏ;ÂÐÓÊ;47;Ðåãèñòðàöèÿ;äîñüå;0;AUTO
ÎÑÖ Íîâîñèáèðñê;Àðõèâ ¹1 Íîâîñèáèðñê;RG 0001 047 00 03;Ðåãèñòðàöèÿ ïî ÁÏ;ÂÐÓÊ;47;Ðåãèñòðàöèÿ;äîñüå;105,593;AUTO
ÎÑÖ Íîâîñèáèðñê;Àðõèâ ¹3 Åêàòåðèíáóðã;RG 0001 047 00 03;Ðåãèñòðàöèÿ ïî ÁÏ;ÂÐÓÊ;47;Ðåãèñòðàöèÿ;äîñüå;110;AUTO
ÎÑÖ Ñàìàðà;Âíå ïîäðàçäåëåíèé;RG 0001 047 00 03;Ðåãèñòðàöèÿ ïî ÁÏ;ÂÐÓÊ;47;Ðåãèñòðàöèÿ;äîñüå;0;AUTO
ÎÑÖ Ñàìàðà;Àðõèâ ¹1 Ñàìàðà;RG 0001 047 00 03;Ðåãèñòðàöèÿ ïî ÁÏ;ÂÐÓÊ;47;Ðåãèñòðàöèÿ;äîñüå;102,421;AUTO
ÎÑÖ Âîðîíåæ;Âíå ïîäðàçäåëåíèé;RG 0001 232 00 03;Ðåãèñòðàöèÿ ïî ÁÏ;ÂÐÓÊ;232;Ðåãèñòðàöèÿ;äîñüå;0;AUTO
ÎÑÖ Âîðîíåæ;Àðõèâ ¹1 Âîðîíåæ;RG 0001 232 00 03;Ðåãèñòðàöèÿ ïî ÁÏ;ÂÐÓÊ;232;Ðåãèñòðàöèÿ;äîñüå;103,167;AUTO
ÎÑÖ Âîðîíåæ;Àðõèâ ¹3 Êàëèíèíãðàä;RG 0001 232 00 03;Ðåãèñòðàöèÿ ïî ÁÏ;ÂÐÓÊ;232;Ðåãèñòðàöèÿ;äîñüå;107,667;AUTO
ÎÑÖ Âîðîíåæ;Àðõèâ ¹4 Ñàíêò-Ïåòåðáóðã;RG 0001 232 00 03;Ðåãèñòðàöèÿ ïî ÁÏ;ÂÐÓÊ;232;Ðåãèñòðàöèÿ;äîñüå;100;AUTO
ÎÑÖ Ìîñêâà;Âíå ïîäðàçäåëåíèé;RG 0001 232 00 03;Ðåãèñòðàöèÿ ïî ÁÏ;ÂÐÓÊ;232;Ðåãèñòðàöèÿ;äîñüå;0;AUTO
ÎÑÖ Ìîñêâà;Àðõèâ ¹1 Òîìèëèíî;RG 0001 232 00 03;Ðåãèñòðàöèÿ ïî ÁÏ;ÂÐÓÊ;232;Ðåãèñòðàöèÿ;äîñüå;105,222;AUTO
ÎÑÖ Íèæíèé Íîâãîðîä;Âíå ïîäðàçäåëåíèé;RG 0001 232 00 03;Ðåãèñòðàöèÿ ïî ÁÏ;ÂÐÓÊ;232;Ðåãèñòðàöèÿ;äîñüå;0;AUTO
ÎÑÖ Íèæíèé Íîâãîðîä;Àðõèâ ¹1 Íèæíèé Íîâãîðîä;RG 0001 232 00 03;Ðåãèñòðàöèÿ ïî ÁÏ;ÂÐÓÊ;232;Ðåãèñòðàöèÿ;äîñüå;107,556;AUTO
ÎÑÖ Íîâîñèáèðñê;Âíå ïîäðàçäåëåíèé;RG 0001 232 00 03;Ðåãèñòðàöèÿ ïî ÁÏ;ÂÐÓÊ;232;Ðåãèñòðàöèÿ;äîñüå;0;AUTO
ÎÑÖ Íîâîñèáèðñê;Àðõèâ ¹1 Íîâîñèáèðñê;RG 0001 232 00 03;Ðåãèñòðàöèÿ ïî ÁÏ;ÂÐÓÊ;232;Ðåãèñòðàöèÿ;äîñüå;100;AUTO
ÎÑÖ Íîâîñèáèðñê;Àðõèâ ¹3 Åêàòåðèíáóðã;RG 0001 232 00 03;Ðåãèñòðàöèÿ ïî ÁÏ;ÂÐÓÊ;232;Ðåãèñòðàöèÿ;äîñüå;110;AUTO
ÎÑÖ Ñàìàðà;Âíå ïîäðàçäåëåíèé;RG 0001 232 00 03;Ðåãèñòðàöèÿ ïî ÁÏ;ÂÐÓÊ;232;Ðåãèñòðàöèÿ;äîñüå;0;AUTO
ÎÑÖ Ñàìàðà;Àðõèâ ¹1 Ñàìàðà;RG 0001 232 00 03;Ðåãèñòðàöèÿ ïî ÁÏ;ÂÐÓÊ;232;Ðåãèñòðàöèÿ;äîñüå;107,556;AUTO
ÎÑÖ Âîðîíåæ;Âíå ïîäðàçäåëåíèé;RG 0001 263 00 03;Ðåãèñòðàöèÿ ïî ÁÏ;ÂÐÓÊ;263;Ðåãèñòðàöèÿ;äîñüå;0;AUTO
ÎÑÖ Âîðîíåæ;Àðõèâ ¹1 Âîðîíåæ;RG 0001 263 00 03;Ðåãèñòðàöèÿ ïî ÁÏ;ÂÐÓÊ;263;Ðåãèñòðàöèÿ;äîñüå;0;AUTO
ÎÑÖ Âîðîíåæ;Àðõèâ ¹3 Êàëèíèíãðàä;RG 0001 263 00 03;Ðåãèñòðàöèÿ ïî ÁÏ;ÂÐÓÊ;263;Ðåãèñòðàöèÿ;äîñüå;0;AUTO
ÎÑÖ Âîðîíåæ;Àðõèâ ¹4 Ñàíêò-Ïåòåðáóðã;RG 0001 263 00 03;Ðåãèñòðàöèÿ ïî ÁÏ;ÂÐÓÊ;263;Ðåãèñòðàöèÿ;äîñüå;0;AUTO
ÎÑÖ Ìîñêâà;Âíå ïîäðàçäåëåíèé;RG 0001 263 00 03;Ðåãèñòðàöèÿ ïî ÁÏ;ÂÐÓÊ;263;Ðåãèñòðàöèÿ;äîñüå;0;AUTO
ÎÑÖ Ìîñêâà;Àðõèâ ¹1 Òîìèëèíî;RG 0001 263 00 03;Ðåãèñòðàöèÿ ïî ÁÏ;ÂÐÓÊ;263;Ðåãèñòðàöèÿ;äîñüå;0;AUTO
ÎÑÖ Íèæíèé Íîâãîðîä;Âíå ïîäðàçäåëåíèé;RG 0001 263 00 03;Ðåãèñòðàöèÿ ïî ÁÏ;ÂÐÓÊ;263;Ðåãèñòðàöèÿ;äîñüå;0;AUTO
ÎÑÖ Íèæíèé Íîâãîðîä;Àðõèâ ¹1 Íèæíèé Íîâãîðîä;RG 0001 263 00 03;Ðåãèñòðàöèÿ ïî ÁÏ;ÂÐÓÊ;263;Ðåãèñòðàöèÿ;äîñüå;0;AUTO
ÎÑÖ Íîâîñèáèðñê;Âíå ïîäðàçäåëåíèé;RG 0001 263 00 03;Ðåãèñòðàöèÿ ïî ÁÏ;ÂÐÓÊ;263;Ðåãèñòðàöèÿ;äîñüå;0;AUTO
ÎÑÖ Íîâîñèáèðñê;Àðõèâ ¹1 Íîâîñèáèðñê;RG 0001 263 00 03;Ðåãèñòðàöèÿ ïî ÁÏ;ÂÐÓÊ;263;Ðåãèñòðàöèÿ;äîñüå;0;AUTO
ÎÑÖ Íîâîñèáèðñê;Àðõèâ ¹3 Åêàòåðèíáóðã;RG 0001 263 00 03;Ðåãèñòðàöèÿ ïî ÁÏ;ÂÐÓÊ;263;Ðåãèñòðàöèÿ;äîñüå;0;AUTO
ÎÑÖ Ñàìàðà;Âíå ïîäðàçäåëåíèé;RG 0001 263 00 03;Ðåãèñòðàöèÿ ïî ÁÏ;ÂÐÓÊ;263;Ðåãèñòðàöèÿ;äîñüå;0;AUTO
ÎÑÖ Ñàìàðà;Àðõèâ ¹1 Ñàìàðà;RG 0001 263 00 03;Ðåãèñòðàöèÿ ïî ÁÏ;ÂÐÓÊ;263;Ðåãèñòðàöèÿ;äîñüå;0;AUTO
ÎÑÖ Âîðîíåæ;Âíå ïîäðàçäåëåíèé;RG 0001 003 00 03;Ðåãèñòðàöèÿ ïî ÁÏ;ÂÐÓÊ;03;Ðåãèñòðàöèÿ;äîñüå;0;AUTO
ÎÑÖ Âîðîíåæ;Àðõèâ ¹1 Âîðîíåæ;RG 0001 003 00 03;Ðåãèñòðàöèÿ ïî ÁÏ;ÂÐÓÊ;03;Ðåãèñòðàöèÿ;äîñüå;95;AUTO
ÎÑÖ Âîðîíåæ;Àðõèâ ¹3 Êàëèíèíãðàä;RG 0001 003 00 03;Ðåãèñòðàöèÿ ïî ÁÏ;ÂÐÓÊ;03;Ðåãèñòðàöèÿ;äîñüå;81,125;AUTO
ÎÑÖ Âîðîíåæ;Àðõèâ ¹4 Ñàíêò-Ïåòåðáóðã;RG 0001 003 00 03;Ðåãèñòðàöèÿ ïî ÁÏ;ÂÐÓÊ;03;Ðåãèñòðàöèÿ;äîñüå;86,783;AUTO
ÎÑÖ Ìîñêâà;Âíå ïîäðàçäåëåíèé;RG 0001 003 00 03;Ðåãèñòðàöèÿ ïî ÁÏ;ÂÐÓÊ;03;Ðåãèñòðàöèÿ;äîñüå;0;AUTO
ÎÑÖ Ìîñêâà;Àðõèâ ¹1 Òîìèëèíî;RG 0001 003 00 03;Ðåãèñòðàöèÿ ïî ÁÏ;ÂÐÓÊ;03;Ðåãèñòðàöèÿ;äîñüå;86,692;AUTO
ÎÑÖ Íèæíèé Íîâãîðîä;Âíå ïîäðàçäåëåíèé;RG 0001 003 00 03;Ðåãèñòðàöèÿ ïî ÁÏ;ÂÐÓÊ;03;Ðåãèñòðàöèÿ;äîñüå;0;AUTO
ÎÑÖ Íèæíèé Íîâãîðîä;Àðõèâ ¹1 Íèæíèé Íîâãîðîä;RG 0001 003 00 03;Ðåãèñòðàöèÿ ïî ÁÏ;ÂÐÓÊ;03;Ðåãèñòðàöèÿ;äîñüå;93;AUTO
ÎÑÖ Íîâîñèáèðñê;Âíå ïîäðàçäåëåíèé;RG 0001 003 00 03;Ðåãèñòðàöèÿ ïî ÁÏ;ÂÐÓÊ;03;Ðåãèñòðàöèÿ;äîñüå;0;AUTO
ÎÑÖ Íîâîñèáèðñê;Àðõèâ ¹1 Íîâîñèáèðñê;RG 0001 003 00 03;Ðåãèñòðàöèÿ ïî ÁÏ;ÂÐÓÊ;03;Ðåãèñòðàöèÿ;äîñüå;82;AUTO
ÎÑÖ Íîâîñèáèðñê;Àðõèâ ¹3 Åêàòåðèíáóðã;RG 0001 003 00 03;Ðåãèñòðàöèÿ ïî ÁÏ;ÂÐÓÊ;03;Ðåãèñòðàöèÿ;äîñüå;85;AUTO
ÎÑÖ Ñàìàðà;Âíå ïîäðàçäåëåíèé;RG 0001 003 00 03;Ðåãèñòðàöèÿ ïî ÁÏ;ÂÐÓÊ;03;Ðåãèñòðàöèÿ;äîñüå;0;AUTO
ÎÑÖ Ñàìàðà;Àðõèâ ¹1 Ñàìàðà;RG 0001 003 00 03;Ðåãèñòðàöèÿ ïî ÁÏ;ÂÐÓÊ;03;Ðåãèñòðàöèÿ;äîñüå;86,6;AUTO
ÎÑÖ Âîðîíåæ;Âíå ïîäðàçäåëåíèé;RG 0001 212 00 03;Ðåãèñòðàöèÿ ïî ÁÏ;ÂÐÓÊ;212;Ðåãèñòðàöèÿ;äîñüå;0;AUTO
ÎÑÖ Âîðîíåæ;Àðõèâ ¹1 Âîðîíåæ;RG 0001 212 00 03;Ðåãèñòðàöèÿ ïî ÁÏ;ÂÐÓÊ;212;Ðåãèñòðàöèÿ;äîñüå;92,933;AUTO
ÎÑÖ Âîðîíåæ;Àðõèâ ¹3 Êàëèíèíãðàä;RG 0001 212 00 03;Ðåãèñòðàöèÿ ïî ÁÏ;ÂÐÓÊ;212;Ðåãèñòðàöèÿ;äîñüå;79,387;AUTO
ÎÑÖ Âîðîíåæ;Àðõèâ ¹4 Ñàíêò-Ïåòåðáóðã;RG 0001 212 00 03;Ðåãèñòðàöèÿ ïî ÁÏ;ÂÐÓÊ;212;Ðåãèñòðàöèÿ;äîñüå;83,805;AUTO
ÎÑÖ Ìîñêâà;Âíå ïîäðàçäåëåíèé;RG 0001 212 00 03;Ðåãèñòðàöèÿ ïî ÁÏ;ÂÐÓÊ;212;Ðåãèñòðàöèÿ;äîñüå;0;AUTO
ÎÑÖ Ìîñêâà;Àðõèâ ¹1 Òîìèëèíî;RG 0001 212 00 03;Ðåãèñòðàöèÿ ïî ÁÏ;ÂÐÓÊ;212;Ðåãèñòðàöèÿ;äîñüå;85,597;AUTO
ÎÑÖ Íèæíèé Íîâãîðîä;Âíå ïîäðàçäåëåíèé;RG 0001 212 00 03;Ðåãèñòðàöèÿ ïî ÁÏ;ÂÐÓÊ;212;Ðåãèñòðàöèÿ;äîñüå;0;AUTO
ÎÑÖ Íèæíèé Íîâãîðîä;Àðõèâ ¹1 Íèæíèé Íîâãîðîä;RG 0001 212 00 03;Ðåãèñòðàöèÿ ïî ÁÏ;ÂÐÓÊ;212;Ðåãèñòðàöèÿ;äîñüå;90;AUTO
ÎÑÖ Íîâîñèáèðñê;Âíå ïîäðàçäåëåíèé;RG 0001 212 00 03;Ðåãèñòðàöèÿ ïî ÁÏ;ÂÐÓÊ;212;Ðåãèñòðàöèÿ;äîñüå;0;AUTO
ÎÑÖ Íîâîñèáèðñê;Àðõèâ ¹1 Íîâîñèáèðñê;RG 0001 212 00 03;Ðåãèñòðàöèÿ ïî ÁÏ;ÂÐÓÊ;212;Ðåãèñòðàöèÿ;äîñüå;82;AUTO
ÎÑÖ Íîâîñèáèðñê;Àðõèâ ¹3 Åêàòåðèíáóðã;RG 0001 212 00 03;Ðåãèñòðàöèÿ ïî ÁÏ;ÂÐÓÊ;212;Ðåãèñòðàöèÿ;äîñüå;90;AUTO
ÎÑÖ Ñàìàðà;Âíå ïîäðàçäåëåíèé;RG 0001 212 00 03;Ðåãèñòðàöèÿ ïî ÁÏ;ÂÐÓÊ;212;Ðåãèñòðàöèÿ;äîñüå;0;AUTO
ÎÑÖ Ñàìàðà;Àðõèâ ¹1 Ñàìàðà;RG 0001 212 00 03;Ðåãèñòðàöèÿ ïî ÁÏ;ÂÐÓÊ;212;Ðåãèñòðàöèÿ;äîñüå;85;AUTO
ÎÑÖ Âîðîíåæ;Âíå ïîäðàçäåëåíèé;RG 0001 099 00 03;Ðåãèñòðàöèÿ ïî ÁÏ;ÂÐÓÊ;99;Ðåãèñòðàöèÿ;äîñüå;0;AUTO
ÎÑÖ Âîðîíåæ;Àðõèâ ¹1 Âîðîíåæ;RG 0001 099 00 03;Ðåãèñòðàöèÿ ïî ÁÏ;ÂÐÓÊ;99;Ðåãèñòðàöèÿ;äîñüå;0;AUTO
ÎÑÖ Âîðîíåæ;Àðõèâ ¹3 Êàëèíèíãðàä;RG 0001 099 00 03;Ðåãèñòðàöèÿ ïî ÁÏ;ÂÐÓÊ;99;Ðåãèñòðàöèÿ;äîñüå;0;AUTO
ÎÑÖ Âîðîíåæ;Àðõèâ ¹4 Ñàíêò-Ïåòåðáóðã;RG 0001 099 00 03;Ðåãèñòðàöèÿ ïî ÁÏ;ÂÐÓÊ;99;Ðåãèñòðàöèÿ;äîñüå;0;AUTO
ÎÑÖ Ìîñêâà;Âíå ïîäðàçäåëåíèé;RG 0001 099 00 03;Ðåãèñòðàöèÿ ïî ÁÏ;ÂÐÓÊ;99;Ðåãèñòðàöèÿ;äîñüå;0;AUTO
ÎÑÖ Ìîñêâà;Àðõèâ ¹1 Òîìèëèíî;RG 0001 099 00 03;Ðåãèñòðàöèÿ ïî ÁÏ;ÂÐÓÊ;99;Ðåãèñòðàöèÿ;äîñüå;0;AUTO
ÎÑÖ Íèæíèé Íîâãîðîä;Âíå ïîäðàçäåëåíèé;RG 0001 099 00 03;Ðåãèñòðàöèÿ ïî ÁÏ;ÂÐÓÊ;99;Ðåãèñòðàöèÿ;äîñüå;0;AUTO
ÎÑÖ Íèæíèé Íîâãîðîä;Àðõèâ ¹1 Íèæíèé Íîâãîðîä;RG 0001 099 00 03;Ðåãèñòðàöèÿ ïî ÁÏ;ÂÐÓÊ;99;Ðåãèñòðàöèÿ;äîñüå;0;AUTO
ÎÑÖ Íîâîñèáèðñê;Âíå ïîäðàçäåëåíèé;RG 0001 099 00 03;Ðåãèñòðàöèÿ ïî ÁÏ;ÂÐÓÊ;99;Ðåãèñòðàöèÿ;äîñüå;0;AUTO
ÎÑÖ Íîâîñèáèðñê;Àðõèâ ¹1 Íîâîñèáèðñê;RG 0001 099 00 03;Ðåãèñòðàöèÿ ïî ÁÏ;ÂÐÓÊ;99;Ðåãèñòðàöèÿ;äîñüå;0;AUTO
ÎÑÖ Íîâîñèáèðñê;Àðõèâ ¹3 Åêàòåðèíáóðã;RG 0001 099 00 03;Ðåãèñòðàöèÿ ïî ÁÏ;ÂÐÓÊ;99;Ðåãèñòðàöèÿ;äîñüå;0;AUTO
ÎÑÖ Ñàìàðà;Âíå ïîäðàçäåëåíèé;RG 0001 099 00 03;Ðåãèñòðàöèÿ ïî ÁÏ;ÂÐÓÊ;99;Ðåãèñòðàöèÿ;äîñüå;0;AUTO
ÎÑÖ Ñàìàðà;Àðõèâ ¹1 Ñàìàðà;RG 0001 099 00 03;Ðåãèñòðàöèÿ ïî ÁÏ;ÂÐÓÊ;99;Ðåãèñòðàöèÿ;äîñüå;0;AUTO
ÎÑÖ Âîðîíåæ;Âíå ïîäðàçäåëåíèé;RG 0001 141 00 03;Ðåãèñòðàöèÿ ïî ÁÏ;ÂÐÓÊ;141;Ðåãèñòðàöèÿ;äîñüå;0;AUTO
ÎÑÖ Âîðîíåæ;Àðõèâ ¹1 Âîðîíåæ;RG 0001 141 00 03;Ðåãèñòðàöèÿ ïî ÁÏ;ÂÐÓÊ;141;Ðåãèñòðàöèÿ;äîñüå;95;AUTO
ÎÑÖ Âîðîíåæ;Àðõèâ ¹3 Êàëèíèíãðàä;RG 0001 141 00 03;Ðåãèñòðàöèÿ ïî ÁÏ;ÂÐÓÊ;141;Ðåãèñòðàöèÿ;äîñüå;83,267;AUTO
ÎÑÖ Âîðîíåæ;Àðõèâ ¹4 Ñàíêò-Ïåòåðáóðã;RG 0001 141 00 03;Ðåãèñòðàöèÿ ïî ÁÏ;ÂÐÓÊ;141;Ðåãèñòðàöèÿ;äîñüå;82,333;AUTO
ÎÑÖ Ìîñêâà;Âíå ïîäðàçäåëåíèé;RG 0001 141 00 03;Ðåãèñòðàöèÿ ïî ÁÏ;ÂÐÓÊ;141;Ðåãèñòðàöèÿ;äîñüå;0;AUTO
ÎÑÖ Ìîñêâà;Àðõèâ ¹1 Òîìèëèíî;RG 0001 141 00 03;Ðåãèñòðàöèÿ ïî ÁÏ;ÂÐÓÊ;141;Ðåãèñòðàöèÿ;äîñüå;92;AUTO
ÎÑÖ Íèæíèé Íîâãîðîä;Âíå ïîäðàçäåëåíèé;RG 0001 141 00 03;Ðåãèñòðàöèÿ ïî ÁÏ;ÂÐÓÊ;141;Ðåãèñòðàöèÿ;äîñüå;0;AUTO
ÎÑÖ Íèæíèé Íîâãîðîä;Àðõèâ ¹1 Íèæíèé Íîâãîðîä;RG 0001 141 00 03;Ðåãèñòðàöèÿ ïî ÁÏ;ÂÐÓÊ;141;Ðåãèñòðàöèÿ;äîñüå;90;AUTO
ÎÑÖ Íîâîñèáèðñê;Âíå ïîäðàçäåëåíèé;RG 0001 141 00 03;Ðåãèñòðàöèÿ ïî ÁÏ;ÂÐÓÊ;141;Ðåãèñòðàöèÿ;äîñüå;0;AUTO
ÎÑÖ Íîâîñèáèðñê;Àðõèâ ¹1 Íîâîñèáèðñê;RG 0001 141 00 03;Ðåãèñòðàöèÿ ïî ÁÏ;ÂÐÓÊ;141;Ðåãèñòðàöèÿ;äîñüå;82;AUTO
ÎÑÖ Íîâîñèáèðñê;Àðõèâ ¹3 Åêàòåðèíáóðã;RG 0001 141 00 03;Ðåãèñòðàöèÿ ïî ÁÏ;ÂÐÓÊ;141;Ðåãèñòðàöèÿ;äîñüå;85;AUTO
ÎÑÖ Ñàìàðà;Âíå ïîäðàçäåëåíèé;RG 0001 141 00 03;Ðåãèñòðàöèÿ ïî ÁÏ;ÂÐÓÊ;141;Ðåãèñòðàöèÿ;äîñüå;0;AUTO
ÎÑÖ Ñàìàðà;Àðõèâ ¹1 Ñàìàðà;RG 0001 141 00 03;Ðåãèñòðàöèÿ ïî ÁÏ;ÂÐÓÊ;141;Ðåãèñòðàöèÿ;äîñüå;95,8;AUTO
ÎÑÖ Âîðîíåæ;Âíå ïîäðàçäåëåíèé;RG 0001 148 00 03;Ðåãèñòðàöèÿ ïî ÁÏ;ÂÐÓÊ;148;Ðåãèñòðàöèÿ;äîñüå;0;AUTO
ÎÑÖ Âîðîíåæ;Àðõèâ ¹1 Âîðîíåæ;RG 0001 148 00 03;Ðåãèñòðàöèÿ ïî ÁÏ;ÂÐÓÊ;148;Ðåãèñòðàöèÿ;äîñüå;95;AUTO
ÎÑÖ Âîðîíåæ;Àðõèâ ¹3 Êàëèíèíãðàä;RG 0001 148 00 03;Ðåãèñòðàöèÿ ïî ÁÏ;ÂÐÓÊ;148;Ðåãèñòðàöèÿ;äîñüå;83,033;AUTO
ÎÑÖ Âîðîíåæ;Àðõèâ ¹4 Ñàíêò-Ïåòåðáóðã;RG 0001 148 00 03;Ðåãèñòðàöèÿ ïî ÁÏ;ÂÐÓÊ;148;Ðåãèñòðàöèÿ;äîñüå;82,333;AUTO
ÎÑÖ Ìîñêâà;Âíå ïîäðàçäåëåíèé;RG 0001 148 00 03;Ðåãèñòðàöèÿ ïî ÁÏ;ÂÐÓÊ;148;Ðåãèñòðàöèÿ;äîñüå;0;AUTO
ÎÑÖ Ìîñêâà;Àðõèâ ¹1 Òîìèëèíî;RG 0001 148 00 03;Ðåãèñòðàöèÿ ïî ÁÏ;ÂÐÓÊ;148;Ðåãèñòðàöèÿ;äîñüå;92;AUTO
ÎÑÖ Íèæíèé Íîâãîðîä;Âíå ïîäðàçäåëåíèé;RG 0001 148 00 03;Ðåãèñòðàöèÿ ïî ÁÏ;ÂÐÓÊ;148;Ðåãèñòðàöèÿ;äîñüå;0;AUTO
ÎÑÖ Íèæíèé Íîâãîðîä;Àðõèâ ¹1 Íèæíèé Íîâãîðîä;RG 0001 148 00 03;Ðåãèñòðàöèÿ ïî ÁÏ;ÂÐÓÊ;148;Ðåãèñòðàöèÿ;äîñüå;90;AUTO
ÎÑÖ Íîâîñèáèðñê;Âíå ïîäðàçäåëåíèé;RG 0001 148 00 03;Ðåãèñòðàöèÿ ïî ÁÏ;ÂÐÓÊ;148;Ðåãèñòðàöèÿ;äîñüå;0;AUTO
ÎÑÖ Íîâîñèáèðñê;Àðõèâ ¹1 Íîâîñèáèðñê;RG 0001 148 00 03;Ðåãèñòðàöèÿ ïî ÁÏ;ÂÐÓÊ;148;Ðåãèñòðàöèÿ;äîñüå;82;AUTO
ÎÑÖ Íîâîñèáèðñê;Àðõèâ ¹3 Åêàòåðèíáóðã;RG 0001 148 00 03;Ðåãèñòðàöèÿ ïî ÁÏ;ÂÐÓÊ;148;Ðåãèñòðàöèÿ;äîñüå;85;AUTO
ÎÑÖ Ñàìàðà;Âíå ïîäðàçäåëåíèé;RG 0001 148 00 03;Ðåãèñòðàöèÿ ïî ÁÏ;ÂÐÓÊ;148;Ðåãèñòðàöèÿ;äîñüå;0;AUTO
ÎÑÖ Ñàìàðà;Àðõèâ ¹1 Ñàìàðà;RG 0001 148 00 03;Ðåãèñòðàöèÿ ïî ÁÏ;ÂÐÓÊ;148;Ðåãèñòðàöèÿ;äîñüå;90;AUTO
ÎÑÖ Âîðîíåæ;Âíå ïîäðàçäåëåíèé;RG 0001 149 00 03;Ðåãèñòðàöèÿ ïî ÁÏ;ÂÐÓÊ;149;Ðåãèñòðàöèÿ;äîñüå;0;AUTO
ÎÑÖ Âîðîíåæ;Àðõèâ ¹1 Âîðîíåæ;RG 0001 149 00 03;Ðåãèñòðàöèÿ ïî ÁÏ;ÂÐÓÊ;149;Ðåãèñòðàöèÿ;äîñüå;95;AUTO
ÎÑÖ Âîðîíåæ;Àðõèâ ¹3 Êàëèíèíãðàä;RG 0001 149 00 03;Ðåãèñòðàöèÿ ïî ÁÏ;ÂÐÓÊ;149;Ðåãèñòðàöèÿ;äîñüå;83,067;AUTO
ÎÑÖ Âîðîíåæ;Àðõèâ ¹4 Ñàíêò-Ïåòåðáóðã;RG 0001 149 00 03;Ðåãèñòðàöèÿ ïî ÁÏ;ÂÐÓÊ;149;Ðåãèñòðàöèÿ;äîñüå;82,333;AUTO
ÎÑÖ Ìîñêâà;Âíå ïîäðàçäåëåíèé;RG 0001 149 00 03;Ðåãèñòðàöèÿ ïî ÁÏ;ÂÐÓÊ;149;Ðåãèñòðàöèÿ;äîñüå;0;AUTO
ÎÑÖ Ìîñêâà;Àðõèâ ¹1 Òîìèëèíî;RG 0001 149 00 03;Ðåãèñòðàöèÿ ïî ÁÏ;ÂÐÓÊ;149;Ðåãèñòðàöèÿ;äîñüå;92;AUTO
ÎÑÖ Íèæíèé Íîâãîðîä;Âíå ïîäðàçäåëåíèé;RG 0001 149 00 03;Ðåãèñòðàöèÿ ïî ÁÏ;ÂÐÓÊ;149;Ðåãèñòðàöèÿ;äîñüå;0;AUTO
ÎÑÖ Íèæíèé Íîâãîðîä;Àðõèâ ¹1 Íèæíèé Íîâãîðîä;RG 0001 149 00 03;Ðåãèñòðàöèÿ ïî ÁÏ;ÂÐÓÊ;149;Ðåãèñòðàöèÿ;äîñüå;90;AUTO
ÎÑÖ Íîâîñèáèðñê;Âíå ïîäðàçäåëåíèé;RG 0001 149 00 03;Ðåãèñòðàöèÿ ïî ÁÏ;ÂÐÓÊ;149;Ðåãèñòðàöèÿ;äîñüå;0;AUTO
ÎÑÖ Íîâîñèáèðñê;Àðõèâ ¹1 Íîâîñèáèðñê;RG 0001 149 00 03;Ðåãèñòðàöèÿ ïî ÁÏ;ÂÐÓÊ;149;Ðåãèñòðàöèÿ;äîñüå;82;AUTO
ÎÑÖ Íîâîñèáèðñê;Àðõèâ ¹3 Åêàòåðèíáóðã;RG 0001 149 00 03;Ðåãèñòðàöèÿ ïî ÁÏ;ÂÐÓÊ;149;Ðåãèñòðàöèÿ;äîñüå;85;AUTO
ÎÑÖ Ñàìàðà;Âíå ïîäðàçäåëåíèé;RG 0001 149 00 03;Ðåãèñòðàöèÿ ïî ÁÏ;ÂÐÓÊ;149;Ðåãèñòðàöèÿ;äîñüå;0;AUTO
ÎÑÖ Ñàìàðà;Àðõèâ ¹1 Ñàìàðà;RG 0001 149 00 03;Ðåãèñòðàöèÿ ïî ÁÏ;ÂÐÓÊ;149;Ðåãèñòðàöèÿ;äîñüå;96,433;AUTO
ÎÑÖ Âîðîíåæ;Âíå ïîäðàçäåëåíèé;RG 0001 011 00 03;Ðåãèñòðàöèÿ ïî ÁÏ;ÂÐÓÊ;11;Ðåãèñòðàöèÿ;äîñüå;0;AUTO
ÎÑÖ Âîðîíåæ;Àðõèâ ¹1 Âîðîíåæ;RG 0001 011 00 03;Ðåãèñòðàöèÿ ïî ÁÏ;ÂÐÓÊ;11;Ðåãèñòðàöèÿ;äîñüå;91,267;AUTO
ÎÑÖ Âîðîíåæ;Àðõèâ ¹3 Êàëèíèíãðàä;RG 0001 011 00 03;Ðåãèñòðàöèÿ ïî ÁÏ;ÂÐÓÊ;11;Ðåãèñòðàöèÿ;äîñüå;0;AUTO
ÎÑÖ Âîðîíåæ;Àðõèâ ¹4 Ñàíêò-Ïåòåðáóðã;RG 0001 011 00 03;Ðåãèñòðàöèÿ ïî ÁÏ;ÂÐÓÊ;11;Ðåãèñòðàöèÿ;äîñüå;80;AUTO
ÎÑÖ Ìîñêâà;Âíå ïîäðàçäåëåíèé;RG 0001 011 00 03;Ðåãèñòðàöèÿ ïî ÁÏ;ÂÐÓÊ;11;Ðåãèñòðàöèÿ;äîñüå;0;AUTO
ÎÑÖ Ìîñêâà;Àðõèâ ¹1 Òîìèëèíî;RG 0001 011 00 03;Ðåãèñòðàöèÿ ïî ÁÏ;ÂÐÓÊ;11;Ðåãèñòðàöèÿ;äîñüå;85,533;AUTO
ÎÑÖ Íèæíèé Íîâãîðîä;Âíå ïîäðàçäåëåíèé;RG 0001 011 00 03;Ðåãèñòðàöèÿ ïî ÁÏ;ÂÐÓÊ;11;Ðåãèñòðàöèÿ;äîñüå;0;AUTO
ÎÑÖ Íèæíèé Íîâãîðîä;Àðõèâ ¹1 Íèæíèé Íîâãîðîä;RG 0001 011 00 03;Ðåãèñòðàöèÿ ïî ÁÏ;ÂÐÓÊ;11;Ðåãèñòðàöèÿ;äîñüå;90;AUTO
ÎÑÖ Íîâîñèáèðñê;Âíå ïîäðàçäåëåíèé;RG 0001 011 00 03;Ðåãèñòðàöèÿ ïî ÁÏ;ÂÐÓÊ;11;Ðåãèñòðàöèÿ;äîñüå;0;AUTO
ÎÑÖ Íîâîñèáèðñê;Àðõèâ ¹1 Íîâîñèáèðñê;RG 0001 011 00 03;Ðåãèñòðàöèÿ ïî ÁÏ;ÂÐÓÊ;11;Ðåãèñòðàöèÿ;äîñüå;82;AUTO
ÎÑÖ Íîâîñèáèðñê;Àðõèâ ¹3 Åêàòåðèíáóðã;RG 0001 011 00 03;Ðåãèñòðàöèÿ ïî ÁÏ;ÂÐÓÊ;11;Ðåãèñòðàöèÿ;äîñüå;85;AUTO
ÎÑÖ Ñàìàðà;Âíå ïîäðàçäåëåíèé;RG 0001 011 00 03;Ðåãèñòðàöèÿ ïî ÁÏ;ÂÐÓÊ;11;Ðåãèñòðàöèÿ;äîñüå;0;AUTO
ÎÑÖ Ñàìàðà;Àðõèâ ¹1 Ñàìàðà;RG 0001 011 00 03;Ðåãèñòðàöèÿ ïî ÁÏ;ÂÐÓÊ;11;Ðåãèñòðàöèÿ;äîñüå;90;AUTO
ÎÑÖ Âîðîíåæ;Âíå ïîäðàçäåëåíèé;RG 0001 021 00 03;Ðåãèñòðàöèÿ ïî ÁÏ;ÂÐÓÊ;21;Ðåãèñòðàöèÿ;äîñüå;0;AUTO
ÎÑÖ Âîðîíåæ;Àðõèâ ¹1 Âîðîíåæ;RG 0001 021 00 03;Ðåãèñòðàöèÿ ïî ÁÏ;ÂÐÓÊ;21;Ðåãèñòðàöèÿ;äîñüå;95;AUTO
ÎÑÖ Âîðîíåæ;Àðõèâ ¹3 Êàëèíèíãðàä;RG 0001 021 00 03;Ðåãèñòðàöèÿ ïî ÁÏ;ÂÐÓÊ;21;Ðåãèñòðàöèÿ;äîñüå;82,645;AUTO
ÎÑÖ Âîðîíåæ;Àðõèâ ¹4 Ñàíêò-Ïåòåðáóðã;RG 0001 021 00 03;Ðåãèñòðàöèÿ ïî ÁÏ;ÂÐÓÊ;21;Ðåãèñòðàöèÿ;äîñüå;94,5;AUTO
ÎÑÖ Ìîñêâà;Âíå ïîäðàçäåëåíèé;RG 0001 021 00 03;Ðåãèñòðàöèÿ ïî ÁÏ;ÂÐÓÊ;21;Ðåãèñòðàöèÿ;äîñüå;0;AUTO
ÎÑÖ Ìîñêâà;Àðõèâ ¹1 Òîìèëèíî;RG 0001 021 00 03;Ðåãèñòðàöèÿ ïî ÁÏ;ÂÐÓÊ;21;Ðåãèñòðàöèÿ;äîñüå;86,692;AUTO
ÎÑÖ Íèæíèé Íîâãîðîä;Âíå ïîäðàçäåëåíèé;RG 0001 021 00 03;Ðåãèñòðàöèÿ ïî ÁÏ;ÂÐÓÊ;21;Ðåãèñòðàöèÿ;äîñüå;0;AUTO
ÎÑÖ Íèæíèé Íîâãîðîä;Àðõèâ ¹1 Íèæíèé Íîâãîðîä;RG 0001 021 00 03;Ðåãèñòðàöèÿ ïî ÁÏ;ÂÐÓÊ;21;Ðåãèñòðàöèÿ;äîñüå;94,9;AUTO
ÎÑÖ Íîâîñèáèðñê;Âíå ïîäðàçäåëåíèé;RG 0001 021 00 03;Ðåãèñòðàöèÿ ïî ÁÏ;ÂÐÓÊ;21;Ðåãèñòðàöèÿ;äîñüå;0;AUTO
ÎÑÖ Íîâîñèáèðñê;Àðõèâ ¹1 Íîâîñèáèðñê;RG 0001 021 00 03;Ðåãèñòðàöèÿ ïî ÁÏ;ÂÐÓÊ;21;Ðåãèñòðàöèÿ;äîñüå;85,533;AUTO
ÎÑÖ Íîâîñèáèðñê;Àðõèâ ¹3 Åêàòåðèíáóðã;RG 0001 021 00 03;Ðåãèñòðàöèÿ ïî ÁÏ;ÂÐÓÊ;21;Ðåãèñòðàöèÿ;äîñüå;86;AUTO
ÎÑÖ Ñàìàðà;Âíå ïîäðàçäåëåíèé;RG 0001 021 00 03;Ðåãèñòðàöèÿ ïî ÁÏ;ÂÐÓÊ;21;Ðåãèñòðàöèÿ;äîñüå;0;AUTO
ÎÑÖ Ñàìàðà;Àðõèâ ¹1 Ñàìàðà;RG 0001 021 00 03;Ðåãèñòðàöèÿ ïî ÁÏ;ÂÐÓÊ;21;Ðåãèñòðàöèÿ;äîñüå;96,033;AUTO
ÎÑÖ Âîðîíåæ;Âíå ïîäðàçäåëåíèé;RG 0001 211 00 03;Ðåãèñòðàöèÿ ïî ÁÏ;ÂÐÓÊ;211;Ðåãèñòðàöèÿ;äîñüå;0;AUTO
ÎÑÖ Âîðîíåæ;Àðõèâ ¹1 Âîðîíåæ;RG 0001 211 00 03;Ðåãèñòðàöèÿ ïî ÁÏ;ÂÐÓÊ;211;Ðåãèñòðàöèÿ;äîñüå;29,767;AUTO
ÎÑÖ Âîðîíåæ;Àðõèâ ¹3 Êàëèíèíãðàä;RG 0001 211 00 03;Ðåãèñòðàöèÿ ïî ÁÏ;ÂÐÓÊ;211;Ðåãèñòðàöèÿ;äîñüå;26,019;AUTO
ÎÑÖ Âîðîíåæ;Àðõèâ ¹4 Ñàíêò-Ïåòåðáóðã;RG 0001 211 00 03;Ðåãèñòðàöèÿ ïî ÁÏ;ÂÐÓÊ;211;Ðåãèñòðàöèÿ;äîñüå;27,767;AUTO
ÎÑÖ Ìîñêâà;Âíå ïîäðàçäåëåíèé;RG 0001 211 00 03;Ðåãèñòðàöèÿ ïî ÁÏ;ÂÐÓÊ;211;Ðåãèñòðàöèÿ;äîñüå;0;AUTO
ÎÑÖ Ìîñêâà;Àðõèâ ¹1 Òîìèëèíî;RG 0001 211 00 03;Ðåãèñòðàöèÿ ïî ÁÏ;ÂÐÓÊ;211;Ðåãèñòðàöèÿ;äîñüå;30;AUTO
ÎÑÖ Íèæíèé Íîâãîðîä;Âíå ïîäðàçäåëåíèé;RG 0001 211 00 03;Ðåãèñòðàöèÿ ïî ÁÏ;ÂÐÓÊ;211;Ðåãèñòðàöèÿ;äîñüå;0;AUTO
ÎÑÖ Íèæíèé Íîâãîðîä;Àðõèâ ¹1 Íèæíèé Íîâãîðîä;RG 0001 211 00 03;Ðåãèñòðàöèÿ ïî ÁÏ;ÂÐÓÊ;211;Ðåãèñòðàöèÿ;äîñüå;26,831;AUTO
ÎÑÖ Íîâîñèáèðñê;Âíå ïîäðàçäåëåíèé;RG 0001 211 00 03;Ðåãèñòðàöèÿ ïî ÁÏ;ÂÐÓÊ;211;Ðåãèñòðàöèÿ;äîñüå;0;AUTO
ÎÑÖ Íîâîñèáèðñê;Àðõèâ ¹1 Íîâîñèáèðñê;RG 0001 211 00 03;Ðåãèñòðàöèÿ ïî ÁÏ;ÂÐÓÊ;211;Ðåãèñòðàöèÿ;äîñüå;29;AUTO
ÎÑÖ Íîâîñèáèðñê;Àðõèâ ¹3 Åêàòåðèíáóðã;RG 0001 211 00 03;Ðåãèñòðàöèÿ ïî ÁÏ;ÂÐÓÊ;211;Ðåãèñòðàöèÿ;äîñüå;28,465;AUTO
ÎÑÖ Ñàìàðà;Âíå ïîäðàçäåëåíèé;RG 0001 211 00 03;Ðåãèñòðàöèÿ ïî ÁÏ;ÂÐÓÊ;211;Ðåãèñòðàöèÿ;äîñüå;0;AUTO
ÎÑÖ Ñàìàðà;Àðõèâ ¹1 Ñàìàðà;RG 0001 211 00 03;Ðåãèñòðàöèÿ ïî ÁÏ;ÂÐÓÊ;211;Ðåãèñòðàöèÿ;äîñüå;27,242;AUTO
ÎÑÖ Âîðîíåæ;Âíå ïîäðàçäåëåíèé;RG 0001 020 00 03;Ðåãèñòðàöèÿ ïî ÁÏ;ÂÐÓÊ;20;Ðåãèñòðàöèÿ;äîñüå;0;AUTO
ÎÑÖ Âîðîíåæ;Àðõèâ ¹1 Âîðîíåæ;RG 0001 020 00 03;Ðåãèñòðàöèÿ ïî ÁÏ;ÂÐÓÊ;20;Ðåãèñòðàöèÿ;äîñüå;0;AUTO
ÎÑÖ Âîðîíåæ;Àðõèâ ¹3 Êàëèíèíãðàä;RG 0001 020 00 03;Ðåãèñòðàöèÿ ïî ÁÏ;ÂÐÓÊ;20;Ðåãèñòðàöèÿ;äîñüå;0;AUTO
ÎÑÖ Âîðîíåæ;Àðõèâ ¹4 Ñàíêò-Ïåòåðáóðã;RG 0001 020 00 03;Ðåãèñòðàöèÿ ïî ÁÏ;ÂÐÓÊ;20;Ðåãèñòðàöèÿ;äîñüå;0;AUTO
ÎÑÖ Ìîñêâà;Âíå ïîäðàçäåëåíèé;RG 0001 020 00 03;Ðåãèñòðàöèÿ ïî ÁÏ;ÂÐÓÊ;20;Ðåãèñòðàöèÿ;äîñüå;0;AUTO
ÎÑÖ Ìîñêâà;Àðõèâ ¹1 Òîìèëèíî;RG 0001 020 00 03;Ðåãèñòðàöèÿ ïî ÁÏ;ÂÐÓÊ;20;Ðåãèñòðàöèÿ;äîñüå;0;AUTO
ÎÑÖ Íèæíèé Íîâãîðîä;Âíå ïîäðàçäåëåíèé;RG 0001 020 00 03;Ðåãèñòðàöèÿ ïî ÁÏ;ÂÐÓÊ;20;Ðåãèñòðàöèÿ;äîñüå;0;AUTO
ÎÑÖ Íèæíèé Íîâãîðîä;Àðõèâ ¹1 Íèæíèé Íîâãîðîä;RG 0001 020 00 03;Ðåãèñòðàöèÿ ïî ÁÏ;ÂÐÓÊ;20;Ðåãèñòðàöèÿ;äîñüå;0;AUTO
ÎÑÖ Íîâîñèáèðñê;Âíå ïîäðàçäåëåíèé;RG 0001 020 00 03;Ðåãèñòðàöèÿ ïî ÁÏ;ÂÐÓÊ;20;Ðåãèñòðàöèÿ;äîñüå;0;AUTO
ÎÑÖ Íîâîñèáèðñê;Àðõèâ ¹1 Íîâîñèáèðñê;RG 0001 020 00 03;Ðåãèñòðàöèÿ ïî ÁÏ;ÂÐÓÊ;20;Ðåãèñòðàöèÿ;äîñüå;0;AUTO
ÎÑÖ Íîâîñèáèðñê;Àðõèâ ¹3 Åêàòåðèíáóðã;RG 0001 020 00 03;Ðåãèñòðàöèÿ ïî ÁÏ;ÂÐÓÊ;20;Ðåãèñòðàöèÿ;äîñüå;0;AUTO
ÎÑÖ Ñàìàðà;Âíå ïîäðàçäåëåíèé;RG 0001 020 00 03;Ðåãèñòðàöèÿ ïî ÁÏ;ÂÐÓÊ;20;Ðåãèñòðàöèÿ;äîñüå;0;AUTO
ÎÑÖ Ñàìàðà;Àðõèâ ¹1 Ñàìàðà;RG 0001 020 00 03;Ðåãèñòðàöèÿ ïî ÁÏ;ÂÐÓÊ;20;Ðåãèñòðàöèÿ;äîñüå;0;AUTO
ÎÑÖ Âîðîíåæ;Âíå ïîäðàçäåëåíèé;RG 0001 241 00 03;Ðåãèñòðàöèÿ ïî ÁÏ;ÂÐÓÊ;241;Ðåãèñòðàöèÿ;äîñüå;0;AUTO
ÎÑÖ Âîðîíåæ;Àðõèâ ¹1 Âîðîíåæ;RG 0001 241 00 03;Ðåãèñòðàöèÿ ïî ÁÏ;ÂÐÓÊ;241;Ðåãèñòðàöèÿ;äîñüå;0;AUTO
ÎÑÖ Âîðîíåæ;Àðõèâ ¹3 Êàëèíèíãðàä;RG 0001 241 00 03;Ðåãèñòðàöèÿ ïî ÁÏ;ÂÐÓÊ;241;Ðåãèñòðàöèÿ;äîñüå;0;AUTO
ÎÑÖ Âîðîíåæ;Àðõèâ ¹4 Ñàíêò-Ïåòåðáóðã;RG 0001 241 00 03;Ðåãèñòðàöèÿ ïî ÁÏ;ÂÐÓÊ;241;Ðåãèñòðàöèÿ;äîñüå;0;AUTO
ÎÑÖ Ìîñêâà;Âíå ïîäðàçäåëåíèé;RG 0001 241 00 03;Ðåãèñòðàöèÿ ïî ÁÏ;ÂÐÓÊ;241;Ðåãèñòðàöèÿ;äîñüå;0;AUTO
ÎÑÖ Ìîñêâà;Àðõèâ ¹1 Òîìèëèíî;RG 0001 241 00 03;Ðåãèñòðàöèÿ ïî ÁÏ;ÂÐÓÊ;241;Ðåãèñòðàöèÿ;äîñüå;0;AUTO
ÎÑÖ Íèæíèé Íîâãîðîä;Âíå ïîäðàçäåëåíèé;RG 0001 241 00 03;Ðåãèñòðàöèÿ ïî ÁÏ;ÂÐÓÊ;241;Ðåãèñòðàöèÿ;äîñüå;0;AUTO
ÎÑÖ Íèæíèé Íîâãîðîä;Àðõèâ ¹1 Íèæíèé Íîâãîðîä;RG 0001 241 00 03;Ðåãèñòðàöèÿ ïî ÁÏ;ÂÐÓÊ;241;Ðåãèñòðàöèÿ;äîñüå;90;AUTO
ÎÑÖ Íîâîñèáèðñê;Âíå ïîäðàçäåëåíèé;RG 0001 241 00 03;Ðåãèñòðàöèÿ ïî ÁÏ;ÂÐÓÊ;241;Ðåãèñòðàöèÿ;äîñüå;0;AUTO
ÎÑÖ Íîâîñèáèðñê;Àðõèâ ¹1 Íîâîñèáèðñê;RG 0001 241 00 03;Ðåãèñòðàöèÿ ïî ÁÏ;ÂÐÓÊ;241;Ðåãèñòðàöèÿ;äîñüå;0;AUTO
ÎÑÖ Íîâîñèáèðñê;Àðõèâ ¹3 Åêàòåðèíáóðã;RG 0001 241 00 03;Ðåãèñòðàöèÿ ïî ÁÏ;ÂÐÓÊ;241;Ðåãèñòðàöèÿ;äîñüå;0;AUTO
ÎÑÖ Ñàìàðà;Âíå ïîäðàçäåëåíèé;RG 0001 241 00 03;Ðåãèñòðàöèÿ ïî ÁÏ;ÂÐÓÊ;241;Ðåãèñòðàöèÿ;äîñüå;0;AUTO
ÎÑÖ Ñàìàðà;Àðõèâ ¹1 Ñàìàðà;RG 0001 241 00 03;Ðåãèñòðàöèÿ ïî ÁÏ;ÂÐÓÊ;241;Ðåãèñòðàöèÿ;äîñüå;0;AUTO
ÎÑÖ Âîðîíåæ;Âíå ïîäðàçäåëåíèé;RG 0001 043 00 03;Ðåãèñòðàöèÿ ïî ÁÏ;ÂÐÓÊ;43;Ðåãèñòðàöèÿ;äîñüå;0;AUTO
ÎÑÖ Âîðîíåæ;Àðõèâ ¹1 Âîðîíåæ;RG 0001 043 00 03;Ðåãèñòðàöèÿ ïî ÁÏ;ÂÐÓÊ;43;Ðåãèñòðàöèÿ;äîñüå;84,367;AUTO
ÎÑÖ Âîðîíåæ;Àðõèâ ¹3 Êàëèíèíãðàä;RG 0001 043 00 03;Ðåãèñòðàöèÿ ïî ÁÏ;ÂÐÓÊ;43;Ðåãèñòðàöèÿ;äîñüå;0;AUTO
ÎÑÖ Âîðîíåæ;Àðõèâ ¹4 Ñàíêò-Ïåòåðáóðã;RG 0001 043 00 03;Ðåãèñòðàöèÿ ïî ÁÏ;ÂÐÓÊ;43;Ðåãèñòðàöèÿ;äîñüå;60;AUTO
ÎÑÖ Ìîñêâà;Âíå ïîäðàçäåëåíèé;RG 0001 043 00 03;Ðåãèñòðàöèÿ ïî ÁÏ;ÂÐÓÊ;43;Ðåãèñòðàöèÿ;äîñüå;0;AUTO
ÎÑÖ Ìîñêâà;Àðõèâ ¹1 Òîìèëèíî;RG 0001 043 00 03;Ðåãèñòðàöèÿ ïî ÁÏ;ÂÐÓÊ;43;Ðåãèñòðàöèÿ;äîñüå;84,525;AUTO
ÎÑÖ Íèæíèé Íîâãîðîä;Âíå ïîäðàçäåëåíèé;RG 0001 043 00 03;Ðåãèñòðàöèÿ ïî ÁÏ;ÂÐÓÊ;43;Ðåãèñòðàöèÿ;äîñüå;0;AUTO
ÎÑÖ Íèæíèé Íîâãîðîä;Àðõèâ ¹1 Íèæíèé Íîâãîðîä;RG 0001 043 00 03;Ðåãèñòðàöèÿ ïî ÁÏ;ÂÐÓÊ;43;Ðåãèñòðàöèÿ;äîñüå;84,633;AUTO
ÎÑÖ Íîâîñèáèðñê;Âíå ïîäðàçäåëåíèé;RG 0001 043 00 03;Ðåãèñòðàöèÿ ïî ÁÏ;ÂÐÓÊ;43;Ðåãèñòðàöèÿ;äîñüå;0;AUTO
ÎÑÖ Íîâîñèáèðñê;Àðõèâ ¹1 Íîâîñèáèðñê;RG 0001 043 00 03;Ðåãèñòðàöèÿ ïî ÁÏ;ÂÐÓÊ;43;Ðåãèñòðàöèÿ;äîñüå;84,502;AUTO
ÎÑÖ Íîâîñèáèðñê;Àðõèâ ¹3 Åêàòåðèíáóðã;RG 0001 043 00 03;Ðåãèñòðàöèÿ ïî ÁÏ;ÂÐÓÊ;43;Ðåãèñòðàöèÿ;äîñüå;85;AUTO
ÎÑÖ Ñàìàðà;Âíå ïîäðàçäåëåíèé;RG 0001 043 00 03;Ðåãèñòðàöèÿ ïî ÁÏ;ÂÐÓÊ;43;Ðåãèñòðàöèÿ;äîñüå;0;AUTO
ÎÑÖ Ñàìàðà;Àðõèâ ¹1 Ñàìàðà;RG 0001 043 00 03;Ðåãèñòðàöèÿ ïî ÁÏ;ÂÐÓÊ;43;Ðåãèñòðàöèÿ;äîñüå;60;AUTO
ÎÑÖ Âîðîíåæ;Âíå ïîäðàçäåëåíèé;RG 0001 012 00 03;Ðåãèñòðàöèÿ ïî ÁÏ;ÂÐÓÊ;12;Ðåãèñòðàöèÿ;äîñüå;0;AUTO
ÎÑÖ Âîðîíåæ;Àðõèâ ¹1 Âîðîíåæ;RG 0001 012 00 03;Ðåãèñòðàöèÿ ïî ÁÏ;ÂÐÓÊ;12;Ðåãèñòðàöèÿ;äîñüå;0;AUTO
ÎÑÖ Âîðîíåæ;Àðõèâ ¹3 Êàëèíèíãðàä;RG 0001 012 00 03;Ðåãèñòðàöèÿ ïî ÁÏ;ÂÐÓÊ;12;Ðåãèñòðàöèÿ;äîñüå;0;AUTO
ÎÑÖ Âîðîíåæ;Àðõèâ ¹4 Ñàíêò-Ïåòåðáóðã;RG 0001 012 00 03;Ðåãèñòðàöèÿ ïî ÁÏ;ÂÐÓÊ;12;Ðåãèñòðàöèÿ;äîñüå;0;AUTO
ÎÑÖ Ìîñêâà;Âíå ïîäðàçäåëåíèé;RG 0001 012 00 03;Ðåãèñòðàöèÿ ïî ÁÏ;ÂÐÓÊ;12;Ðåãèñòðàöèÿ;äîñüå;0;AUTO
ÎÑÖ Ìîñêâà;Àðõèâ ¹1 Òîìèëèíî;RG 0001 012 00 03;Ðåãèñòðàöèÿ ïî ÁÏ;ÂÐÓÊ;12;Ðåãèñòðàöèÿ;äîñüå;0;AUTO
ÎÑÖ Íèæíèé Íîâãîðîä;Âíå ïîäðàçäåëåíèé;RG 0001 012 00 03;Ðåãèñòðàöèÿ ïî ÁÏ;ÂÐÓÊ;12;Ðåãèñòðàöèÿ;äîñüå;0;AUTO
ÎÑÖ Íèæíèé Íîâãîðîä;Àðõèâ ¹1 Íèæíèé Íîâãîðîä;RG 0001 012 00 03;Ðåãèñòðàöèÿ ïî ÁÏ;ÂÐÓÊ;12;Ðåãèñòðàöèÿ;äîñüå;93;AUTO
ÎÑÖ Íîâîñèáèðñê;Âíå ïîäðàçäåëåíèé;RG 0001 012 00 03;Ðåãèñòðàöèÿ ïî ÁÏ;ÂÐÓÊ;12;Ðåãèñòðàöèÿ;äîñüå;0;AUTO
ÎÑÖ Íîâîñèáèðñê;Àðõèâ ¹1 Íîâîñèáèðñê;RG 0001 012 00 03;Ðåãèñòðàöèÿ ïî ÁÏ;ÂÐÓÊ;12;Ðåãèñòðàöèÿ;äîñüå;0;AUTO
ÎÑÖ Íîâîñèáèðñê;Àðõèâ ¹3 Åêàòåðèíáóðã;RG 0001 012 00 03;Ðåãèñòðàöèÿ ïî ÁÏ;ÂÐÓÊ;12;Ðåãèñòðàöèÿ;äîñüå;0;AUTO
ÎÑÖ Ñàìàðà;Âíå ïîäðàçäåëåíèé;RG 0001 012 00 03;Ðåãèñòðàöèÿ ïî ÁÏ;ÂÐÓÊ;12;Ðåãèñòðàöèÿ;äîñüå;0;AUTO
ÎÑÖ Ñàìàðà;Àðõèâ ¹1 Ñàìàðà;RG 0001 012 00 03;Ðåãèñòðàöèÿ ïî ÁÏ;ÂÐÓÊ;12;Ðåãèñòðàöèÿ;äîñüå;0;AUTO
ÎÑÖ Âîðîíåæ;Âíå ïîäðàçäåëåíèé;RG 0001 236 00 03;Ðåãèñòðàöèÿ ïî ÁÏ;ÂÐÓÊ;236;Ðåãèñòðàöèÿ;äîñüå;0;AUTO
ÎÑÖ Âîðîíåæ;Àðõèâ ¹1 Âîðîíåæ;RG 0001 236 00 03;Ðåãèñòðàöèÿ ïî ÁÏ;ÂÐÓÊ;236;Ðåãèñòðàöèÿ;äîñüå;0;AUTO
ÎÑÖ Âîðîíåæ;Àðõèâ ¹3 Êàëèíèíãðàä;RG 0001 236 00 03;Ðåãèñòðàöèÿ ïî ÁÏ;ÂÐÓÊ;236;Ðåãèñòðàöèÿ;äîñüå;0;AUTO
ÎÑÖ Âîðîíåæ;Àðõèâ ¹4 Ñàíêò-Ïåòåðáóðã;RG 0001 236 00 03;Ðåãèñòðàöèÿ ïî ÁÏ;ÂÐÓÊ;236;Ðåãèñòðàöèÿ;äîñüå;0;AUTO
ÎÑÖ Ìîñêâà;Âíå ïîäðàçäåëåíèé;RG 0001 236 00 03;Ðåãèñòðàöèÿ ïî ÁÏ;ÂÐÓÊ;236;Ðåãèñòðàöèÿ;äîñüå;0;AUTO
ÎÑÖ Ìîñêâà;Àðõèâ ¹1 Òîìèëèíî;RG 0001 236 00 03;Ðåãèñòðàöèÿ ïî ÁÏ;ÂÐÓÊ;236;Ðåãèñòðàöèÿ;äîñüå;0;AUTO
ÎÑÖ Íèæíèé Íîâãîðîä;Âíå ïîäðàçäåëåíèé;RG 0001 236 00 03;Ðåãèñòðàöèÿ ïî ÁÏ;ÂÐÓÊ;236;Ðåãèñòðàöèÿ;äîñüå;0;AUTO
ÎÑÖ Íèæíèé Íîâãîðîä;Àðõèâ ¹1 Íèæíèé Íîâãîðîä;RG 0001 236 00 03;Ðåãèñòðàöèÿ ïî ÁÏ;ÂÐÓÊ;236;Ðåãèñòðàöèÿ;äîñüå;75;AUTO
ÎÑÖ Íîâîñèáèðñê;Âíå ïîäðàçäåëåíèé;RG 0001 236 00 03;Ðåãèñòðàöèÿ ïî ÁÏ;ÂÐÓÊ;236;Ðåãèñòðàöèÿ;äîñüå;0;AUTO
ÎÑÖ Íîâîñèáèðñê;Àðõèâ ¹1 Íîâîñèáèðñê;RG 0001 236 00 03;Ðåãèñòðàöèÿ ïî ÁÏ;ÂÐÓÊ;236;Ðåãèñòðàöèÿ;äîñüå;0;AUTO
ÎÑÖ Íîâîñèáèðñê;Àðõèâ ¹3 Åêàòåðèíáóðã;RG 0001 236 00 03;Ðåãèñòðàöèÿ ïî ÁÏ;ÂÐÓÊ;236;Ðåãèñòðàöèÿ;äîñüå;0;AUTO
ÎÑÖ Ñàìàðà;Âíå ïîäðàçäåëåíèé;RG 0001 236 00 03;Ðåãèñòðàöèÿ ïî ÁÏ;ÂÐÓÊ;236;Ðåãèñòðàöèÿ;äîñüå;0;AUTO
ÎÑÖ Ñàìàðà;Àðõèâ ¹1 Ñàìàðà;RG 0001 236 00 03;Ðåãèñòðàöèÿ ïî ÁÏ;ÂÐÓÊ;236;Ðåãèñòðàöèÿ;äîñüå;72;AUTO
ÎÑÖ Âîðîíåæ;Âíå ïîäðàçäåëåíèé;RG 0001 238 00 03;Ðåãèñòðàöèÿ ïî ÁÏ;ÂÐÓÊ;238;Ðåãèñòðàöèÿ;äîñüå;0;AUTO
ÎÑÖ Âîðîíåæ;Àðõèâ ¹1 Âîðîíåæ;RG 0001 238 00 03;Ðåãèñòðàöèÿ ïî ÁÏ;ÂÐÓÊ;238;Ðåãèñòðàöèÿ;äîñüå;95;AUTO
ÎÑÖ Âîðîíåæ;Àðõèâ ¹3 Êàëèíèíãðàä;RG 0001 238 00 03;Ðåãèñòðàöèÿ ïî ÁÏ;ÂÐÓÊ;238;Ðåãèñòðàöèÿ;äîñüå;0;AUTO
ÎÑÖ Âîðîíåæ;Àðõèâ ¹4 Ñàíêò-Ïåòåðáóðã;RG 0001 238 00 03;Ðåãèñòðàöèÿ ïî ÁÏ;ÂÐÓÊ;238;Ðåãèñòðàöèÿ;äîñüå;81,133;AUTO
ÎÑÖ Ìîñêâà;Âíå ïîäðàçäåëåíèé;RG 0001 238 00 03;Ðåãèñòðàöèÿ ïî ÁÏ;ÂÐÓÊ;238;Ðåãèñòðàöèÿ;äîñüå;0;AUTO
ÎÑÖ Ìîñêâà;Àðõèâ ¹1 Òîìèëèíî;RG 0001 238 00 03;Ðåãèñòðàöèÿ ïî ÁÏ;ÂÐÓÊ;238;Ðåãèñòðàöèÿ;äîñüå;86,692;AUTO
ÎÑÖ Íèæíèé Íîâãîðîä;Âíå ïîäðàçäåëåíèé;RG 0001 238 00 03;Ðåãèñòðàöèÿ ïî ÁÏ;ÂÐÓÊ;238;Ðåãèñòðàöèÿ;äîñüå;0;AUTO
ÎÑÖ Íèæíèé Íîâãîðîä;Àðõèâ ¹1 Íèæíèé Íîâãîðîä;RG 0001 238 00 03;Ðåãèñòðàöèÿ ïî ÁÏ;ÂÐÓÊ;238;Ðåãèñòðàöèÿ;äîñüå;95,031;AUTO
ÎÑÖ Íîâîñèáèðñê;Âíå ïîäðàçäåëåíèé;RG 0001 238 00 03;Ðåãèñòðàöèÿ ïî ÁÏ;ÂÐÓÊ;238;Ðåãèñòðàöèÿ;äîñüå;0;AUTO
ÎÑÖ Íîâîñèáèðñê;Àðõèâ ¹1 Íîâîñèáèðñê;RG 0001 238 00 03;Ðåãèñòðàöèÿ ïî ÁÏ;ÂÐÓÊ;238;Ðåãèñòðàöèÿ;äîñüå;82;AUTO
ÎÑÖ Íîâîñèáèðñê;Àðõèâ ¹3 Åêàòåðèíáóðã;RG 0001 238 00 03;Ðåãèñòðàöèÿ ïî ÁÏ;ÂÐÓÊ;238;Ðåãèñòðàöèÿ;äîñüå;89;AUTO
ÎÑÖ Ñàìàðà;Âíå ïîäðàçäåëåíèé;RG 0001 238 00 03;Ðåãèñòðàöèÿ ïî ÁÏ;ÂÐÓÊ;238;Ðåãèñòðàöèÿ;äîñüå;0;AUTO
ÎÑÖ Ñàìàðà;Àðõèâ ¹1 Ñàìàðà;RG 0001 238 00 03;Ðåãèñòðàöèÿ ïî ÁÏ;ÂÐÓÊ;238;Ðåãèñòðàöèÿ;äîñüå;90;AUTO
ÎÑÖ Âîðîíåæ;Âíå ïîäðàçäåëåíèé;RG 0001 234 00 03;Ðåãèñòðàöèÿ ïî ÁÏ;ÂÐÓÊ;234;Ðåãèñòðàöèÿ;äîñüå;0;AUTO
ÎÑÖ Âîðîíåæ;Àðõèâ ¹1 Âîðîíåæ;RG 0001 234 00 03;Ðåãèñòðàöèÿ ïî ÁÏ;ÂÐÓÊ;234;Ðåãèñòðàöèÿ;äîñüå;95;AUTO
ÎÑÖ Âîðîíåæ;Àðõèâ ¹3 Êàëèíèíãðàä;RG 0001 234 00 03;Ðåãèñòðàöèÿ ïî ÁÏ;ÂÐÓÊ;234;Ðåãèñòðàöèÿ;äîñüå;82,933;AUTO
ÎÑÖ Âîðîíåæ;Àðõèâ ¹4 Ñàíêò-Ïåòåðáóðã;RG 0001 234 00 03;Ðåãèñòðàöèÿ ïî ÁÏ;ÂÐÓÊ;234;Ðåãèñòðàöèÿ;äîñüå;80,044;AUTO
ÎÑÖ Ìîñêâà;Âíå ïîäðàçäåëåíèé;RG 0001 234 00 03;Ðåãèñòðàöèÿ ïî ÁÏ;ÂÐÓÊ;234;Ðåãèñòðàöèÿ;äîñüå;0;AUTO
ÎÑÖ Ìîñêâà;Àðõèâ ¹1 Òîìèëèíî;RG 0001 234 00 03;Ðåãèñòðàöèÿ ïî ÁÏ;ÂÐÓÊ;234;Ðåãèñòðàöèÿ;äîñüå;86,692;AUTO
ÎÑÖ Íèæíèé Íîâãîðîä;Âíå ïîäðàçäåëåíèé;RG 0001 234 00 03;Ðåãèñòðàöèÿ ïî ÁÏ;ÂÐÓÊ;234;Ðåãèñòðàöèÿ;äîñüå;0;AUTO
ÎÑÖ Íèæíèé Íîâãîðîä;Àðõèâ ¹1 Íèæíèé Íîâãîðîä;RG 0001 234 00 03;Ðåãèñòðàöèÿ ïî ÁÏ;ÂÐÓÊ;234;Ðåãèñòðàöèÿ;äîñüå;90;AUTO
ÎÑÖ Íîâîñèáèðñê;Âíå ïîäðàçäåëåíèé;RG 0001 234 00 03;Ðåãèñòðàöèÿ ïî ÁÏ;ÂÐÓÊ;234;Ðåãèñòðàöèÿ;äîñüå;0;AUTO
ÎÑÖ Íîâîñèáèðñê;Àðõèâ ¹1 Íîâîñèáèðñê;RG 0001 234 00 03;Ðåãèñòðàöèÿ ïî ÁÏ;ÂÐÓÊ;234;Ðåãèñòðàöèÿ;äîñüå;82;AUTO
ÎÑÖ Íîâîñèáèðñê;Àðõèâ ¹3 Åêàòåðèíáóðã;RG 0001 234 00 03;Ðåãèñòðàöèÿ ïî ÁÏ;ÂÐÓÊ;234;Ðåãèñòðàöèÿ;äîñüå;85;AUTO
ÎÑÖ Ñàìàðà;Âíå ïîäðàçäåëåíèé;RG 0001 234 00 03;Ðåãèñòðàöèÿ ïî ÁÏ;ÂÐÓÊ;234;Ðåãèñòðàöèÿ;äîñüå;0;AUTO
ÎÑÖ Ñàìàðà;Àðõèâ ¹1 Ñàìàðà;RG 0001 234 00 03;Ðåãèñòðàöèÿ ïî ÁÏ;ÂÐÓÊ;234;Ðåãèñòðàöèÿ;äîñüå;93,525;AUTO
ÎÑÖ Âîðîíåæ;Âíå ïîäðàçäåëåíèé;RG 0001 042 00 03;Ðåãèñòðàöèÿ ïî ÁÏ;ÂÐÓÊ;42;Ðåãèñòðàöèÿ;äîñüå;0;AUTO
ÎÑÖ Âîðîíåæ;Àðõèâ ¹1 Âîðîíåæ;RG 0001 042 00 03;Ðåãèñòðàöèÿ ïî ÁÏ;ÂÐÓÊ;42;Ðåãèñòðàöèÿ;äîñüå;93,033;AUTO
ÎÑÖ Âîðîíåæ;Àðõèâ ¹3 Êàëèíèíãðàä;RG 0001 042 00 03;Ðåãèñòðàöèÿ ïî ÁÏ;ÂÐÓÊ;42;Ðåãèñòðàöèÿ;äîñüå;79,433;AUTO
ÎÑÖ Âîðîíåæ;Àðõèâ ¹4 Ñàíêò-Ïåòåðáóðã;RG 0001 042 00 03;Ðåãèñòðàöèÿ ïî ÁÏ;ÂÐÓÊ;42;Ðåãèñòðàöèÿ;äîñüå;84,771;AUTO
ÎÑÖ Ìîñêâà;Âíå ïîäðàçäåëåíèé;RG 0001 042 00 03;Ðåãèñòðàöèÿ ïî ÁÏ;ÂÐÓÊ;42;Ðåãèñòðàöèÿ;äîñüå;0;AUTO
ÎÑÖ Ìîñêâà;Àðõèâ ¹1 Òîìèëèíî;RG 0001 042 00 03;Ðåãèñòðàöèÿ ïî ÁÏ;ÂÐÓÊ;42;Ðåãèñòðàöèÿ;äîñüå;86,4;AUTO
ÎÑÖ Íèæíèé Íîâãîðîä;Âíå ïîäðàçäåëåíèé;RG 0001 042 00 03;Ðåãèñòðàöèÿ ïî ÁÏ;ÂÐÓÊ;42;Ðåãèñòðàöèÿ;äîñüå;0;AUTO
ÎÑÖ Íèæíèé Íîâãîðîä;Àðõèâ ¹1 Íèæíèé Íîâãîðîä;RG 0001 042 00 03;Ðåãèñòðàöèÿ ïî ÁÏ;ÂÐÓÊ;42;Ðåãèñòðàöèÿ;äîñüå;93;AUTO
ÎÑÖ Íîâîñèáèðñê;Âíå ïîäðàçäåëåíèé;RG 0001 042 00 03;Ðåãèñòðàöèÿ ïî ÁÏ;ÂÐÓÊ;42;Ðåãèñòðàöèÿ;äîñüå;0;AUTO
ÎÑÖ Íîâîñèáèðñê;Àðõèâ ¹1 Íîâîñèáèðñê;RG 0001 042 00 03;Ðåãèñòðàöèÿ ïî ÁÏ;ÂÐÓÊ;42;Ðåãèñòðàöèÿ;äîñüå;82;AUTO
ÎÑÖ Íîâîñèáèðñê;Àðõèâ ¹3 Åêàòåðèíáóðã;RG 0001 042 00 03;Ðåãèñòðàöèÿ ïî ÁÏ;ÂÐÓÊ;42;Ðåãèñòðàöèÿ;äîñüå;90;AUTO
ÎÑÖ Ñàìàðà;Âíå ïîäðàçäåëåíèé;RG 0001 042 00 03;Ðåãèñòðàöèÿ ïî ÁÏ;ÂÐÓÊ;42;Ðåãèñòðàöèÿ;äîñüå;0;AUTO
ÎÑÖ Ñàìàðà;Àðõèâ ¹1 Ñàìàðà;RG 0001 042 00 03;Ðåãèñòðàöèÿ ïî ÁÏ;ÂÐÓÊ;42;Ðåãèñòðàöèÿ;äîñüå;83,273;AUTO
ÎÑÖ Âîðîíåæ;Âíå ïîäðàçäåëåíèé;RG 0001 213 00 03;Ðåãèñòðàöèÿ ïî ÁÏ;ÂÐÓÊ;213;Ðåãèñòðàöèÿ;äîñüå;0;AUTO
ÎÑÖ Âîðîíåæ;Àðõèâ ¹1 Âîðîíåæ;RG 0001 213 00 03;Ðåãèñòðàöèÿ ïî ÁÏ;ÂÐÓÊ;213;Ðåãèñòðàöèÿ;äîñüå;93,667;AUTO
ÎÑÖ Âîðîíåæ;Àðõèâ ¹3 Êàëèíèíãðàä;RG 0001 213 00 03;Ðåãèñòðàöèÿ ïî ÁÏ;ÂÐÓÊ;213;Ðåãèñòðàöèÿ;äîñüå;82,419;AUTO
ÎÑÖ Âîðîíåæ;Àðõèâ ¹4 Ñàíêò-Ïåòåðáóðã;RG 0001 213 00 03;Ðåãèñòðàöèÿ ïî ÁÏ;ÂÐÓÊ;213;Ðåãèñòðàöèÿ;äîñüå;80,044;AUTO
ÎÑÖ Ìîñêâà;Âíå ïîäðàçäåëåíèé;RG 0001 213 00 03;Ðåãèñòðàöèÿ ïî ÁÏ;ÂÐÓÊ;213;Ðåãèñòðàöèÿ;äîñüå;0;AUTO
ÎÑÖ Ìîñêâà;Àðõèâ ¹1 Òîìèëèíî;RG 0001 213 00 03;Ðåãèñòðàöèÿ ïî ÁÏ;ÂÐÓÊ;213;Ðåãèñòðàöèÿ;äîñüå;86,692;AUTO
ÎÑÖ Íèæíèé Íîâãîðîä;Âíå ïîäðàçäåëåíèé;RG 0001 213 00 03;Ðåãèñòðàöèÿ ïî ÁÏ;ÂÐÓÊ;213;Ðåãèñòðàöèÿ;äîñüå;0;AUTO
ÎÑÖ Íèæíèé Íîâãîðîä;Àðõèâ ¹1 Íèæíèé Íîâãîðîä;RG 0001 213 00 03;Ðåãèñòðàöèÿ ïî ÁÏ;ÂÐÓÊ;213;Ðåãèñòðàöèÿ;äîñüå;90;AUTO
ÎÑÖ Íîâîñèáèðñê;Âíå ïîäðàçäåëåíèé;RG 0001 213 00 03;Ðåãèñòðàöèÿ ïî ÁÏ;ÂÐÓÊ;213;Ðåãèñòðàöèÿ;äîñüå;0;AUTO
ÎÑÖ Íîâîñèáèðñê;Àðõèâ ¹1 Íîâîñèáèðñê;RG 0001 213 00 03;Ðåãèñòðàöèÿ ïî ÁÏ;ÂÐÓÊ;213;Ðåãèñòðàöèÿ;äîñüå;82;AUTO
ÎÑÖ Íîâîñèáèðñê;Àðõèâ ¹3 Åêàòåðèíáóðã;RG 0001 213 00 03;Ðåãèñòðàöèÿ ïî ÁÏ;ÂÐÓÊ;213;Ðåãèñòðàöèÿ;äîñüå;85;AUTO
ÎÑÖ Ñàìàðà;Âíå ïîäðàçäåëåíèé;RG 0001 213 00 03;Ðåãèñòðàöèÿ ïî ÁÏ;ÂÐÓÊ;213;Ðåãèñòðàöèÿ;äîñüå;0;AUTO
ÎÑÖ Ñàìàðà;Àðõèâ ¹1 Ñàìàðà;RG 0001 213 00 03;Ðåãèñòðàöèÿ ïî ÁÏ;ÂÐÓÊ;213;Ðåãèñòðàöèÿ;äîñüå;90;AUTO
ÎÑÖ Âîðîíåæ;Âíå ïîäðàçäåëåíèé;RG 0001 256 00 03;Ðåãèñòðàöèÿ ïî ÁÏ;ÂÐÓÊ;256;Ðåãèñòðàöèÿ;äîñüå;0;AUTO
ÎÑÖ Âîðîíåæ;Àðõèâ ¹1 Âîðîíåæ;RG 0001 256 00 03;Ðåãèñòðàöèÿ ïî ÁÏ;ÂÐÓÊ;256;Ðåãèñòðàöèÿ;äîñüå;0;AUTO
ÎÑÖ Âîðîíåæ;Àðõèâ ¹3 Êàëèíèíãðàä;RG 0001 256 00 03;Ðåãèñòðàöèÿ ïî ÁÏ;ÂÐÓÊ;256;Ðåãèñòðàöèÿ;äîñüå;0;AUTO
ÎÑÖ Âîðîíåæ;Àðõèâ ¹4 Ñàíêò-Ïåòåðáóðã;RG 0001 256 00 03;Ðåãèñòðàöèÿ ïî ÁÏ;ÂÐÓÊ;256;Ðåãèñòðàöèÿ;äîñüå;0;AUTO
ÎÑÖ Ìîñêâà;Âíå ïîäðàçäåëåíèé;RG 0001 256 00 03;Ðåãèñòðàöèÿ ïî ÁÏ;ÂÐÓÊ;256;Ðåãèñòðàöèÿ;äîñüå;0;AUTO
ÎÑÖ Ìîñêâà;Àðõèâ ¹1 Òîìèëèíî;RG 0001 256 00 03;Ðåãèñòðàöèÿ ïî ÁÏ;ÂÐÓÊ;256;Ðåãèñòðàöèÿ;äîñüå;0;AUTO
ÎÑÖ Íèæíèé Íîâãîðîä;Âíå ïîäðàçäåëåíèé;RG 0001 256 00 03;Ðåãèñòðàöèÿ ïî ÁÏ;ÂÐÓÊ;256;Ðåãèñòðàöèÿ;äîñüå;0;AUTO
ÎÑÖ Íèæíèé Íîâãîðîä;Àðõèâ ¹1 Íèæíèé Íîâãîðîä;RG 0001 256 00 03;Ðåãèñòðàöèÿ ïî ÁÏ;ÂÐÓÊ;256;Ðåãèñòðàöèÿ;äîñüå;0;AUTO
ÎÑÖ Íîâîñèáèðñê;Âíå ïîäðàçäåëåíèé;RG 0001 256 00 03;Ðåãèñòðàöèÿ ïî ÁÏ;ÂÐÓÊ;256;Ðåãèñòðàöèÿ;äîñüå;0;AUTO
ÎÑÖ Íîâîñèáèðñê;Àðõèâ ¹1 Íîâîñèáèðñê;RG 0001 256 00 03;Ðåãèñòðàöèÿ ïî ÁÏ;ÂÐÓÊ;256;Ðåãèñòðàöèÿ;äîñüå;0;AUTO
ÎÑÖ Íîâîñèáèðñê;Àðõèâ ¹3 Åêàòåðèíáóðã;RG 0001 256 00 03;Ðåãèñòðàöèÿ ïî ÁÏ;ÂÐÓÊ;256;Ðåãèñòðàöèÿ;äîñüå;0;AUTO
ÎÑÖ Ñàìàðà;Âíå ïîäðàçäåëåíèé;RG 0001 256 00 03;Ðåãèñòðàöèÿ ïî ÁÏ;ÂÐÓÊ;256;Ðåãèñòðàöèÿ;äîñüå;0;AUTO
ÎÑÖ Ñàìàðà;Àðõèâ ¹1 Ñàìàðà;RG 0001 256 00 03;Ðåãèñòðàöèÿ ïî ÁÏ;ÂÐÓÊ;256;Ðåãèñòðàöèÿ;äîñüå;0;AUTO
ÎÑÖ Âîðîíåæ;Âíå ïîäðàçäåëåíèé;RG 0001 253 00 03;Ðåãèñòðàöèÿ ïî ÁÏ;ÂÐÓÊ;253;Ðåãèñòðàöèÿ;äîñüå;0;AUTO
ÎÑÖ Âîðîíåæ;Àðõèâ ¹1 Âîðîíåæ;RG 0001 253 00 03;Ðåãèñòðàöèÿ ïî ÁÏ;ÂÐÓÊ;253;Ðåãèñòðàöèÿ;äîñüå;90,5;AUTO
ÎÑÖ Âîðîíåæ;Àðõèâ ¹3 Êàëèíèíãðàä;RG 0001 253 00 03;Ðåãèñòðàöèÿ ïî ÁÏ;ÂÐÓÊ;253;Ðåãèñòðàöèÿ;äîñüå;0;AUTO
ÎÑÖ Âîðîíåæ;Àðõèâ ¹4 Ñàíêò-Ïåòåðáóðã;RG 0001 253 00 03;Ðåãèñòðàöèÿ ïî ÁÏ;ÂÐÓÊ;253;Ðåãèñòðàöèÿ;äîñüå;60;AUTO
ÎÑÖ Ìîñêâà;Âíå ïîäðàçäåëåíèé;RG 0001 253 00 03;Ðåãèñòðàöèÿ ïî ÁÏ;ÂÐÓÊ;253;Ðåãèñòðàöèÿ;äîñüå;0;AUTO
ÎÑÖ Ìîñêâà;Àðõèâ ¹1 Òîìèëèíî;RG 0001 253 00 03;Ðåãèñòðàöèÿ ïî ÁÏ;ÂÐÓÊ;253;Ðåãèñòðàöèÿ;äîñüå;86,692;AUTO
ÎÑÖ Íèæíèé Íîâãîðîä;Âíå ïîäðàçäåëåíèé;RG 0001 253 00 03;Ðåãèñòðàöèÿ ïî ÁÏ;ÂÐÓÊ;253;Ðåãèñòðàöèÿ;äîñüå;0;AUTO
ÎÑÖ Íèæíèé Íîâãîðîä;Àðõèâ ¹1 Íèæíèé Íîâãîðîä;RG 0001 253 00 03;Ðåãèñòðàöèÿ ïî ÁÏ;ÂÐÓÊ;253;Ðåãèñòðàöèÿ;äîñüå;90;AUTO
ÎÑÖ Íîâîñèáèðñê;Âíå ïîäðàçäåëåíèé;RG 0001 253 00 03;Ðåãèñòðàöèÿ ïî ÁÏ;ÂÐÓÊ;253;Ðåãèñòðàöèÿ;äîñüå;0;AUTO
ÎÑÖ Íîâîñèáèðñê;Àðõèâ ¹1 Íîâîñèáèðñê;RG 0001 253 00 03;Ðåãèñòðàöèÿ ïî ÁÏ;ÂÐÓÊ;253;Ðåãèñòðàöèÿ;äîñüå;82;AUTO
ÎÑÖ Íîâîñèáèðñê;Àðõèâ ¹3 Åêàòåðèíáóðã;RG 0001 253 00 03;Ðåãèñòðàöèÿ ïî ÁÏ;ÂÐÓÊ;253;Ðåãèñòðàöèÿ;äîñüå;85;AUTO
ÎÑÖ Ñàìàðà;Âíå ïîäðàçäåëåíèé;RG 0001 253 00 03;Ðåãèñòðàöèÿ ïî ÁÏ;ÂÐÓÊ;253;Ðåãèñòðàöèÿ;äîñüå;0;AUTO
ÎÑÖ Ñàìàðà;Àðõèâ ¹1 Ñàìàðà;RG 0001 253 00 03;Ðåãèñòðàöèÿ ïî ÁÏ;ÂÐÓÊ;253;Ðåãèñòðàöèÿ;äîñüå;85,6;AUTO
ÎÑÖ Âîðîíåæ;Âíå ïîäðàçäåëåíèé;RG 0001 254 00 03;Ðåãèñòðàöèÿ ïî ÁÏ;ÂÐÓÊ;254;Ðåãèñòðàöèÿ;äîñüå;0;AUTO
ÎÑÖ Âîðîíåæ;Àðõèâ ¹1 Âîðîíåæ;RG 0001 254 00 03;Ðåãèñòðàöèÿ ïî ÁÏ;ÂÐÓÊ;254;Ðåãèñòðàöèÿ;äîñüå;90,467;AUTO
ÎÑÖ Âîðîíåæ;Àðõèâ ¹3 Êàëèíèíãðàä;RG 0001 254 00 03;Ðåãèñòðàöèÿ ïî ÁÏ;ÂÐÓÊ;254;Ðåãèñòðàöèÿ;äîñüå;0;AUTO
ÎÑÖ Âîðîíåæ;Àðõèâ ¹4 Ñàíêò-Ïåòåðáóðã;RG 0001 254 00 03;Ðåãèñòðàöèÿ ïî ÁÏ;ÂÐÓÊ;254;Ðåãèñòðàöèÿ;äîñüå;60;AUTO
ÎÑÖ Ìîñêâà;Âíå ïîäðàçäåëåíèé;RG 0001 254 00 03;Ðåãèñòðàöèÿ ïî ÁÏ;ÂÐÓÊ;254;Ðåãèñòðàöèÿ;äîñüå;0;AUTO
ÎÑÖ Ìîñêâà;Àðõèâ ¹1 Òîìèëèíî;RG 0001 254 00 03;Ðåãèñòðàöèÿ ïî ÁÏ;ÂÐÓÊ;254;Ðåãèñòðàöèÿ;äîñüå;86,692;AUTO
ÎÑÖ Íèæíèé Íîâãîðîä;Âíå ïîäðàçäåëåíèé;RG 0001 254 00 03;Ðåãèñòðàöèÿ ïî ÁÏ;ÂÐÓÊ;254;Ðåãèñòðàöèÿ;äîñüå;0;AUTO
ÎÑÖ Íèæíèé Íîâãîðîä;Àðõèâ ¹1 Íèæíèé Íîâãîðîä;RG 0001 254 00 03;Ðåãèñòðàöèÿ ïî ÁÏ;ÂÐÓÊ;254;Ðåãèñòðàöèÿ;äîñüå;90;AUTO
ÎÑÖ Íîâîñèáèðñê;Âíå ïîäðàçäåëåíèé;RG 0001 254 00 03;Ðåãèñòðàöèÿ ïî ÁÏ;ÂÐÓÊ;254;Ðåãèñòðàöèÿ;äîñüå;0;AUTO
ÎÑÖ Íîâîñèáèðñê;Àðõèâ ¹1 Íîâîñèáèðñê;RG 0001 254 00 03;Ðåãèñòðàöèÿ ïî ÁÏ;ÂÐÓÊ;254;Ðåãèñòðàöèÿ;äîñüå;82;AUTO
ÎÑÖ Íîâîñèáèðñê;Àðõèâ ¹3 Åêàòåðèíáóðã;RG 0001 254 00 03;Ðåãèñòðàöèÿ ïî ÁÏ;ÂÐÓÊ;254;Ðåãèñòðàöèÿ;äîñüå;85;AUTO
ÎÑÖ Ñàìàðà;Âíå ïîäðàçäåëåíèé;RG 0001 254 00 03;Ðåãèñòðàöèÿ ïî ÁÏ;ÂÐÓÊ;254;Ðåãèñòðàöèÿ;äîñüå;0;AUTO
ÎÑÖ Ñàìàðà;Àðõèâ ¹1 Ñàìàðà;RG 0001 254 00 03;Ðåãèñòðàöèÿ ïî ÁÏ;ÂÐÓÊ;254;Ðåãèñòðàöèÿ;äîñüå;90;AUTO
ÎÑÖ Âîðîíåæ;Âíå ïîäðàçäåëåíèé;RG 0001 038 00 03;Ðåãèñòðàöèÿ ïî ÁÏ;ÂÐÓÊ;38;Ðåãèñòðàöèÿ;äîñüå;0;AUTO
ÎÑÖ Âîðîíåæ;Àðõèâ ¹1 Âîðîíåæ;RG 0001 038 00 03;Ðåãèñòðàöèÿ ïî ÁÏ;ÂÐÓÊ;38;Ðåãèñòðàöèÿ;äîñüå;93,002;AUTO
ÎÑÖ Âîðîíåæ;Àðõèâ ¹3 Êàëèíèíãðàä;RG 0001 038 00 03;Ðåãèñòðàöèÿ ïî ÁÏ;ÂÐÓÊ;38;Ðåãèñòðàöèÿ;äîñüå;79,333;AUTO
ÎÑÖ Âîðîíåæ;Àðõèâ ¹4 Ñàíêò-Ïåòåðáóðã;RG 0001 038 00 03;Ðåãèñòðàöèÿ ïî ÁÏ;ÂÐÓÊ;38;Ðåãèñòðàöèÿ;äîñüå;84,924;AUTO
ÎÑÖ Ìîñêâà;Âíå ïîäðàçäåëåíèé;RG 0001 038 00 03;Ðåãèñòðàöèÿ ïî ÁÏ;ÂÐÓÊ;38;Ðåãèñòðàöèÿ;äîñüå;0;AUTO
ÎÑÖ Ìîñêâà;Àðõèâ ¹1 Òîìèëèíî;RG 0001 038 00 03;Ðåãèñòðàöèÿ ïî ÁÏ;ÂÐÓÊ;38;Ðåãèñòðàöèÿ;äîñüå;86,692;AUTO
ÎÑÖ Íèæíèé Íîâãîðîä;Âíå ïîäðàçäåëåíèé;RG 0001 038 00 03;Ðåãèñòðàöèÿ ïî ÁÏ;ÂÐÓÊ;38;Ðåãèñòðàöèÿ;äîñüå;0;AUTO
ÎÑÖ Íèæíèé Íîâãîðîä;Àðõèâ ¹1 Íèæíèé Íîâãîðîä;RG 0001 038 00 03;Ðåãèñòðàöèÿ ïî ÁÏ;ÂÐÓÊ;38;Ðåãèñòðàöèÿ;äîñüå;93,028;AUTO
ÎÑÖ Íîâîñèáèðñê;Âíå ïîäðàçäåëåíèé;RG 0001 038 00 03;Ðåãèñòðàöèÿ ïî ÁÏ;ÂÐÓÊ;38;Ðåãèñòðàöèÿ;äîñüå;0;AUTO
ÎÑÖ Íîâîñèáèðñê;Àðõèâ ¹1 Íîâîñèáèðñê;RG 0001 038 00 03;Ðåãèñòðàöèÿ ïî ÁÏ;ÂÐÓÊ;38;Ðåãèñòðàöèÿ;äîñüå;82;AUTO
ÎÑÖ Íîâîñèáèðñê;Àðõèâ ¹3 Åêàòåðèíáóðã;RG 0001 038 00 03;Ðåãèñòðàöèÿ ïî ÁÏ;ÂÐÓÊ;38;Ðåãèñòðàöèÿ;äîñüå;90;AUTO
ÎÑÖ Ñàìàðà;Âíå ïîäðàçäåëåíèé;RG 0001 038 00 03;Ðåãèñòðàöèÿ ïî ÁÏ;ÂÐÓÊ;38;Ðåãèñòðàöèÿ;äîñüå;0;AUTO
ÎÑÖ Ñàìàðà;Àðõèâ ¹1 Ñàìàðà;RG 0001 038 00 03;Ðåãèñòðàöèÿ ïî ÁÏ;ÂÐÓÊ;38;Ðåãèñòðàöèÿ;äîñüå;85,133;AUTO
ÎÑÖ Âîðîíåæ;Âíå ïîäðàçäåëåíèé;RG 0001 039 00 03;Ðåãèñòðàöèÿ ïî ÁÏ;ÂÐÓÊ;39;Ðåãèñòðàöèÿ;äîñüå;0;AUTO
ÎÑÖ Âîðîíåæ;Àðõèâ ¹1 Âîðîíåæ;RG 0001 039 00 03;Ðåãèñòðàöèÿ ïî ÁÏ;ÂÐÓÊ;39;Ðåãèñòðàöèÿ;äîñüå;93,002;AUTO
ÎÑÖ Âîðîíåæ;Àðõèâ ¹3 Êàëèíèíãðàä;RG 0001 039 00 03;Ðåãèñòðàöèÿ ïî ÁÏ;ÂÐÓÊ;39;Ðåãèñòðàöèÿ;äîñüå;82,033;AUTO
ÎÑÖ Âîðîíåæ;Àðõèâ ¹4 Ñàíêò-Ïåòåðáóðã;RG 0001 039 00 03;Ðåãèñòðàöèÿ ïî ÁÏ;ÂÐÓÊ;39;Ðåãèñòðàöèÿ;äîñüå;82,556;AUTO
ÎÑÖ Ìîñêâà;Âíå ïîäðàçäåëåíèé;RG 0001 039 00 03;Ðåãèñòðàöèÿ ïî ÁÏ;ÂÐÓÊ;39;Ðåãèñòðàöèÿ;äîñüå;0;AUTO
ÎÑÖ Ìîñêâà;Àðõèâ ¹1 Òîìèëèíî;RG 0001 039 00 03;Ðåãèñòðàöèÿ ïî ÁÏ;ÂÐÓÊ;39;Ðåãèñòðàöèÿ;äîñüå;86,692;AUTO
ÎÑÖ Íèæíèé Íîâãîðîä;Âíå ïîäðàçäåëåíèé;RG 0001 039 00 03;Ðåãèñòðàöèÿ ïî ÁÏ;ÂÐÓÊ;39;Ðåãèñòðàöèÿ;äîñüå;0;AUTO
ÎÑÖ Íèæíèé Íîâãîðîä;Àðõèâ ¹1 Íèæíèé Íîâãîðîä;RG 0001 039 00 03;Ðåãèñòðàöèÿ ïî ÁÏ;ÂÐÓÊ;39;Ðåãèñòðàöèÿ;äîñüå;93,009;AUTO
ÎÑÖ Íîâîñèáèðñê;Âíå ïîäðàçäåëåíèé;RG 0001 039 00 03;Ðåãèñòðàöèÿ ïî ÁÏ;ÂÐÓÊ;39;Ðåãèñòðàöèÿ;äîñüå;0;AUTO
ÎÑÖ Íîâîñèáèðñê;Àðõèâ ¹1 Íîâîñèáèðñê;RG 0001 039 00 03;Ðåãèñòðàöèÿ ïî ÁÏ;ÂÐÓÊ;39;Ðåãèñòðàöèÿ;äîñüå;82;AUTO
ÎÑÖ Íîâîñèáèðñê;Àðõèâ ¹3 Åêàòåðèíáóðã;RG 0001 039 00 03;Ðåãèñòðàöèÿ ïî ÁÏ;ÂÐÓÊ;39;Ðåãèñòðàöèÿ;äîñüå;85;AUTO
ÎÑÖ Ñàìàðà;Âíå ïîäðàçäåëåíèé;RG 0001 039 00 03;Ðåãèñòðàöèÿ ïî ÁÏ;ÂÐÓÊ;39;Ðåãèñòðàöèÿ;äîñüå;0;AUTO
ÎÑÖ Ñàìàðà;Àðõèâ ¹1 Ñàìàðà;RG 0001 039 00 03;Ðåãèñòðàöèÿ ïî ÁÏ;ÂÐÓÊ;39;Ðåãèñòðàöèÿ;äîñüå;86,767;AUTO
ÎÑÖ Âîðîíåæ;Âíå ïîäðàçäåëåíèé;RG 0001 237 00 03;Ðåãèñòðàöèÿ ïî ÁÏ;ÂÐÓÊ;237;Ðåãèñòðàöèÿ;äîñüå;0;AUTO
ÎÑÖ Âîðîíåæ;Àðõèâ ¹1 Âîðîíåæ;RG 0001 237 00 03;Ðåãèñòðàöèÿ ïî ÁÏ;ÂÐÓÊ;237;Ðåãèñòðàöèÿ;äîñüå;82,333;AUTO
ÎÑÖ Âîðîíåæ;Àðõèâ ¹3 Êàëèíèíãðàä;RG 0001 237 00 03;Ðåãèñòðàöèÿ ïî ÁÏ;ÂÐÓÊ;237;Ðåãèñòðàöèÿ;äîñüå;0;AUTO
ÎÑÖ Âîðîíåæ;Àðõèâ ¹4 Ñàíêò-Ïåòåðáóðã;RG 0001 237 00 03;Ðåãèñòðàöèÿ ïî ÁÏ;ÂÐÓÊ;237;Ðåãèñòðàöèÿ;äîñüå;60;AUTO
ÎÑÖ Ìîñêâà;Âíå ïîäðàçäåëåíèé;RG 0001 237 00 03;Ðåãèñòðàöèÿ ïî ÁÏ;ÂÐÓÊ;237;Ðåãèñòðàöèÿ;äîñüå;0;AUTO
ÎÑÖ Ìîñêâà;Àðõèâ ¹1 Òîìèëèíî;RG 0001 237 00 03;Ðåãèñòðàöèÿ ïî ÁÏ;ÂÐÓÊ;237;Ðåãèñòðàöèÿ;äîñüå;82,5;AUTO
ÎÑÖ Íèæíèé Íîâãîðîä;Âíå ïîäðàçäåëåíèé;RG 0001 237 00 03;Ðåãèñòðàöèÿ ïî ÁÏ;ÂÐÓÊ;237;Ðåãèñòðàöèÿ;äîñüå;0;AUTO
ÎÑÖ Íèæíèé Íîâãîðîä;Àðõèâ ¹1 Íèæíèé Íîâãîðîä;RG 0001 237 00 03;Ðåãèñòðàöèÿ ïî ÁÏ;ÂÐÓÊ;237;Ðåãèñòðàöèÿ;äîñüå;82,4;AUTO
ÎÑÖ Íîâîñèáèðñê;Âíå ïîäðàçäåëåíèé;RG 0001 237 00 03;Ðåãèñòðàöèÿ ïî ÁÏ;ÂÐÓÊ;237;Ðåãèñòðàöèÿ;äîñüå;0;AUTO
ÎÑÖ Íîâîñèáèðñê;Àðõèâ ¹1 Íîâîñèáèðñê;RG 0001 237 00 03;Ðåãèñòðàöèÿ ïî ÁÏ;ÂÐÓÊ;237;Ðåãèñòðàöèÿ;äîñüå;82,067;AUTO
ÎÑÖ Íîâîñèáèðñê;Àðõèâ ¹3 Åêàòåðèíáóðã;RG 0001 237 00 03;Ðåãèñòðàöèÿ ïî ÁÏ;ÂÐÓÊ;237;Ðåãèñòðàöèÿ;äîñüå;0;AUTO
ÎÑÖ Ñàìàðà;Âíå ïîäðàçäåëåíèé;RG 0001 237 00 03;Ðåãèñòðàöèÿ ïî ÁÏ;ÂÐÓÊ;237;Ðåãèñòðàöèÿ;äîñüå;0;AUTO
ÎÑÖ Ñàìàðà;Àðõèâ ¹1 Ñàìàðà;RG 0001 237 00 03;Ðåãèñòðàöèÿ ïî ÁÏ;ÂÐÓÊ;237;Ðåãèñòðàöèÿ;äîñüå;60;AUTO
ÎÑÖ Âîðîíåæ;Âíå ïîäðàçäåëåíèé;RG 0001 247 00 03;Ðåãèñòðàöèÿ ïî ÁÏ;ÂÐÓÊ;247;Ðåãèñòðàöèÿ;äîñüå;0;AUTO
ÎÑÖ Âîðîíåæ;Àðõèâ ¹1 Âîðîíåæ;RG 0001 247 00 03;Ðåãèñòðàöèÿ ïî ÁÏ;ÂÐÓÊ;247;Ðåãèñòðàöèÿ;äîñüå;0;AUTO
ÎÑÖ Âîðîíåæ;Àðõèâ ¹3 Êàëèíèíãðàä;RG 0001 247 00 03;Ðåãèñòðàöèÿ ïî ÁÏ;ÂÐÓÊ;247;Ðåãèñòðàöèÿ;äîñüå;0;AUTO
ÎÑÖ Âîðîíåæ;Àðõèâ ¹4 Ñàíêò-Ïåòåðáóðã;RG 0001 247 00 03;Ðåãèñòðàöèÿ ïî ÁÏ;ÂÐÓÊ;247;Ðåãèñòðàöèÿ;äîñüå;0;AUTO
ÎÑÖ Ìîñêâà;Âíå ïîäðàçäåëåíèé;RG 0001 247 00 03;Ðåãèñòðàöèÿ ïî ÁÏ;ÂÐÓÊ;247;Ðåãèñòðàöèÿ;äîñüå;0;AUTO
ÎÑÖ Ìîñêâà;Àðõèâ ¹1 Òîìèëèíî;RG 0001 247 00 03;Ðåãèñòðàöèÿ ïî ÁÏ;ÂÐÓÊ;247;Ðåãèñòðàöèÿ;äîñüå;0;AUTO
ÎÑÖ Íèæíèé Íîâãîðîä;Âíå ïîäðàçäåëåíèé;RG 0001 247 00 03;Ðåãèñòðàöèÿ ïî ÁÏ;ÂÐÓÊ;247;Ðåãèñòðàöèÿ;äîñüå;0;AUTO
ÎÑÖ Íèæíèé Íîâãîðîä;Àðõèâ ¹1 Íèæíèé Íîâãîðîä;RG 0001 247 00 03;Ðåãèñòðàöèÿ ïî ÁÏ;ÂÐÓÊ;247;Ðåãèñòðàöèÿ;äîñüå;0;AUTO
ÎÑÖ Íîâîñèáèðñê;Âíå ïîäðàçäåëåíèé;RG 0001 247 00 03;Ðåãèñòðàöèÿ ïî ÁÏ;ÂÐÓÊ;247;Ðåãèñòðàöèÿ;äîñüå;0;AUTO
ÎÑÖ Íîâîñèáèðñê;Àðõèâ ¹1 Íîâîñèáèðñê;RG 0001 247 00 03;Ðåãèñòðàöèÿ ïî ÁÏ;ÂÐÓÊ;247;Ðåãèñòðàöèÿ;äîñüå;0;AUTO
ÎÑÖ Íîâîñèáèðñê;Àðõèâ ¹3 Åêàòåðèíáóðã;RG 0001 247 00 03;Ðåãèñòðàöèÿ ïî ÁÏ;ÂÐÓÊ;247;Ðåãèñòðàöèÿ;äîñüå;0;AUTO
ÎÑÖ Ñàìàðà;Âíå ïîäðàçäåëåíèé;RG 0001 247 00 03;Ðåãèñòðàöèÿ ïî ÁÏ;ÂÐÓÊ;247;Ðåãèñòðàöèÿ;äîñüå;0;AUTO
ÎÑÖ Ñàìàðà;Àðõèâ ¹1 Ñàìàðà;RG 0001 247 00 03;Ðåãèñòðàöèÿ ïî ÁÏ;ÂÐÓÊ;247;Ðåãèñòðàöèÿ;äîñüå;0;AUTO
ÎÑÖ Âîðîíåæ;Âíå ïîäðàçäåëåíèé;RG 0001 264 00 03;Ðåãèñòðàöèÿ ïî ÁÏ;ÂÐÓÊ;264;Ðåãèñòðàöèÿ;äîñüå;0;AUTO
ÎÑÖ Âîðîíåæ;Àðõèâ ¹1 Âîðîíåæ;RG 0001 264 00 03;Ðåãèñòðàöèÿ ïî ÁÏ;ÂÐÓÊ;264;Ðåãèñòðàöèÿ;äîñüå;0;AUTO
ÎÑÖ Âîðîíåæ;Àðõèâ ¹3 Êàëèíèíãðàä;RG 0001 264 00 03;Ðåãèñòðàöèÿ ïî ÁÏ;ÂÐÓÊ;264;Ðåãèñòðàöèÿ;äîñüå;0;AUTO
ÎÑÖ Âîðîíåæ;Àðõèâ ¹4 Ñàíêò-Ïåòåðáóðã;RG 0001 264 00 03;Ðåãèñòðàöèÿ ïî ÁÏ;ÂÐÓÊ;264;Ðåãèñòðàöèÿ;äîñüå;0;AUTO
ÎÑÖ Ìîñêâà;Âíå ïîäðàçäåëåíèé;RG 0001 264 00 03;Ðåãèñòðàöèÿ ïî ÁÏ;ÂÐÓÊ;264;Ðåãèñòðàöèÿ;äîñüå;0;AUTO
ÎÑÖ Ìîñêâà;Àðõèâ ¹1 Òîìèëèíî;RG 0001 264 00 03;Ðåãèñòðàöèÿ ïî ÁÏ;ÂÐÓÊ;264;Ðåãèñòðàöèÿ;äîñüå;0;AUTO
ÎÑÖ Íèæíèé Íîâãîðîä;Âíå ïîäðàçäåëåíèé;RG 0001 264 00 03;Ðåãèñòðàöèÿ ïî ÁÏ;ÂÐÓÊ;264;Ðåãèñòðàöèÿ;äîñüå;0;AUTO
ÎÑÖ Íèæíèé Íîâãîðîä;Àðõèâ ¹1 Íèæíèé Íîâãîðîä;RG 0001 264 00 03;Ðåãèñòðàöèÿ ïî ÁÏ;ÂÐÓÊ;264;Ðåãèñòðàöèÿ;äîñüå;0;AUTO
ÎÑÖ Íîâîñèáèðñê;Âíå ïîäðàçäåëåíèé;RG 0001 264 00 03;Ðåãèñòðàöèÿ ïî ÁÏ;ÂÐÓÊ;264;Ðåãèñòðàöèÿ;äîñüå;0;AUTO
ÎÑÖ Íîâîñèáèðñê;Àðõèâ ¹1 Íîâîñèáèðñê;RG 0001 264 00 03;Ðåãèñòðàöèÿ ïî ÁÏ;ÂÐÓÊ;264;Ðåãèñòðàöèÿ;äîñüå;0;AUTO
ÎÑÖ Íîâîñèáèðñê;Àðõèâ ¹3 Åêàòåðèíáóðã;RG 0001 264 00 03;Ðåãèñòðàöèÿ ïî ÁÏ;ÂÐÓÊ;264;Ðåãèñòðàöèÿ;äîñüå;0;AUTO
ÎÑÖ Ñàìàðà;Âíå ïîäðàçäåëåíèé;RG 0001 264 00 03;Ðåãèñòðàöèÿ ïî ÁÏ;ÂÐÓÊ;264;Ðåãèñòðàöèÿ;äîñüå;0;AUTO
ÎÑÖ Ñàìàðà;Àðõèâ ¹1 Ñàìàðà;RG 0001 264 00 03;Ðåãèñòðàöèÿ ïî ÁÏ;ÂÐÓÊ;264;Ðåãèñòðàöèÿ;äîñüå;0;AUTO
ÎÑÖ Âîðîíåæ;Âíå ïîäðàçäåëåíèé;RG 0001 245 00 03;Ðåãèñòðàöèÿ ïî ÁÏ;ÂÐÓÊ;245;Ðåãèñòðàöèÿ;äîñüå;0;AUTO
ÎÑÖ Âîðîíåæ;Àðõèâ ¹1 Âîðîíåæ;RG 0001 245 00 03;Ðåãèñòðàöèÿ ïî ÁÏ;ÂÐÓÊ;245;Ðåãèñòðàöèÿ;äîñüå;0;AUTO
ÎÑÖ Âîðîíåæ;Àðõèâ ¹3 Êàëèíèíãðàä;RG 0001 245 00 03;Ðåãèñòðàöèÿ ïî ÁÏ;ÂÐÓÊ;245;Ðåãèñòðàöèÿ;äîñüå;0;AUTO
ÎÑÖ Âîðîíåæ;Àðõèâ ¹4 Ñàíêò-Ïåòåðáóðã;RG 0001 245 00 03;Ðåãèñòðàöèÿ ïî ÁÏ;ÂÐÓÊ;245;Ðåãèñòðàöèÿ;äîñüå;0;AUTO
ÎÑÖ Ìîñêâà;Âíå ïîäðàçäåëåíèé;RG 0001 245 00 03;Ðåãèñòðàöèÿ ïî ÁÏ;ÂÐÓÊ;245;Ðåãèñòðàöèÿ;äîñüå;0;AUTO
ÎÑÖ Ìîñêâà;Àðõèâ ¹1 Òîìèëèíî;RG 0001 245 00 03;Ðåãèñòðàöèÿ ïî ÁÏ;ÂÐÓÊ;245;Ðåãèñòðàöèÿ;äîñüå;0;AUTO
ÎÑÖ Íèæíèé Íîâãîðîä;Âíå ïîäðàçäåëåíèé;RG 0001 245 00 03;Ðåãèñòðàöèÿ ïî ÁÏ;ÂÐÓÊ;245;Ðåãèñòðàöèÿ;äîñüå;0;AUTO
ÎÑÖ Íèæíèé Íîâãîðîä;Àðõèâ ¹1 Íèæíèé Íîâãîðîä;RG 0001 245 00 03;Ðåãèñòðàöèÿ ïî ÁÏ;ÂÐÓÊ;245;Ðåãèñòðàöèÿ;äîñüå;0;AUTO
ÎÑÖ Íîâîñèáèðñê;Âíå ïîäðàçäåëåíèé;RG 0001 245 00 03;Ðåãèñòðàöèÿ ïî ÁÏ;ÂÐÓÊ;245;Ðåãèñòðàöèÿ;äîñüå;0;AUTO
ÎÑÖ Íîâîñèáèðñê;Àðõèâ ¹1 Íîâîñèáèðñê;RG 0001 245 00 03;Ðåãèñòðàöèÿ ïî ÁÏ;ÂÐÓÊ;245;Ðåãèñòðàöèÿ;äîñüå;0;AUTO
ÎÑÖ Íîâîñèáèðñê;Àðõèâ ¹3 Åêàòåðèíáóðã;RG 0001 245 00 03;Ðåãèñòðàöèÿ ïî ÁÏ;ÂÐÓÊ;245;Ðåãèñòðàöèÿ;äîñüå;0;AUTO
ÎÑÖ Ñàìàðà;Âíå ïîäðàçäåëåíèé;RG 0001 245 00 03;Ðåãèñòðàöèÿ ïî ÁÏ;ÂÐÓÊ;245;Ðåãèñòðàöèÿ;äîñüå;0;AUTO
ÎÑÖ Ñàìàðà;Àðõèâ ¹1 Ñàìàðà;RG 0001 245 00 03;Ðåãèñòðàöèÿ ïî ÁÏ;ÂÐÓÊ;245;Ðåãèñòðàöèÿ;äîñüå;0;AUTO
ÎÑÖ Âîðîíåæ;Âíå ïîäðàçäåëåíèé;RG 0001 098 00 03;Ðåãèñòðàöèÿ ïî ÁÏ;ÂÐÓÊ;98;Ðåãèñòðàöèÿ;äîñüå;0;AUTO
ÎÑÖ Âîðîíåæ;Àðõèâ ¹1 Âîðîíåæ;RG 0001 098 00 03;Ðåãèñòðàöèÿ ïî ÁÏ;ÂÐÓÊ;98;Ðåãèñòðàöèÿ;äîñüå;0;AUTO
ÎÑÖ Âîðîíåæ;Àðõèâ ¹3 Êàëèíèíãðàä;RG 0001 098 00 03;Ðåãèñòðàöèÿ ïî ÁÏ;ÂÐÓÊ;98;Ðåãèñòðàöèÿ;äîñüå;0;AUTO
ÎÑÖ Âîðîíåæ;Àðõèâ ¹4 Ñàíêò-Ïåòåðáóðã;RG 0001 098 00 03;Ðåãèñòðàöèÿ ïî ÁÏ;ÂÐÓÊ;98;Ðåãèñòðàöèÿ;äîñüå;90,967;AUTO
ÎÑÖ Ìîñêâà;Âíå ïîäðàçäåëåíèé;RG 0001 098 00 03;Ðåãèñòðàöèÿ ïî ÁÏ;ÂÐÓÊ;98;Ðåãèñòðàöèÿ;äîñüå;0;AUTO
ÎÑÖ Ìîñêâà;Àðõèâ ¹1 Òîìèëèíî;RG 0001 098 00 03;Ðåãèñòðàöèÿ ïî ÁÏ;ÂÐÓÊ;98;Ðåãèñòðàöèÿ;äîñüå;0;AUTO
ÎÑÖ Íèæíèé Íîâãîðîä;Âíå ïîäðàçäåëåíèé;RG 0001 098 00 03;Ðåãèñòðàöèÿ ïî ÁÏ;ÂÐÓÊ;98;Ðåãèñòðàöèÿ;äîñüå;0;AUTO
ÎÑÖ Íèæíèé Íîâãîðîä;Àðõèâ ¹1 Íèæíèé Íîâãîðîä;RG 0001 098 00 03;Ðåãèñòðàöèÿ ïî ÁÏ;ÂÐÓÊ;98;Ðåãèñòðàöèÿ;äîñüå;90,1;AUTO
ÎÑÖ Íîâîñèáèðñê;Âíå ïîäðàçäåëåíèé;RG 0001 098 00 03;Ðåãèñòðàöèÿ ïî ÁÏ;ÂÐÓÊ;98;Ðåãèñòðàöèÿ;äîñüå;0;AUTO
ÎÑÖ Íîâîñèáèðñê;Àðõèâ ¹1 Íîâîñèáèðñê;RG 0001 098 00 03;Ðåãèñòðàöèÿ ïî ÁÏ;ÂÐÓÊ;98;Ðåãèñòðàöèÿ;äîñüå;0;AUTO
ÎÑÖ Íîâîñèáèðñê;Àðõèâ ¹3 Åêàòåðèíáóðã;RG 0001 098 00 03;Ðåãèñòðàöèÿ ïî ÁÏ;ÂÐÓÊ;98;Ðåãèñòðàöèÿ;äîñüå;88;AUTO
ÎÑÖ Ñàìàðà;Âíå ïîäðàçäåëåíèé;RG 0001 098 00 03;Ðåãèñòðàöèÿ ïî ÁÏ;ÂÐÓÊ;98;Ðåãèñòðàöèÿ;äîñüå;0;AUTO
ÎÑÖ Ñàìàðà;Àðõèâ ¹1 Ñàìàðà;RG 0001 098 00 03;Ðåãèñòðàöèÿ ïî ÁÏ;ÂÐÓÊ;98;Ðåãèñòðàöèÿ;äîñüå;0;AUTO
ÎÑÖ Âîðîíåæ;Âíå ïîäðàçäåëåíèé;RG 0001 235 00 03;Ðåãèñòðàöèÿ ïî ÁÏ;ÂÐÓÊ;235;Ðåãèñòðàöèÿ;äîñüå;0;AUTO
ÎÑÖ Âîðîíåæ;Àðõèâ ¹1 Âîðîíåæ;RG 0001 235 00 03;Ðåãèñòðàöèÿ ïî ÁÏ;ÂÐÓÊ;235;Ðåãèñòðàöèÿ;äîñüå;0;AUTO
ÎÑÖ Âîðîíåæ;Àðõèâ ¹3 Êàëèíèíãðàä;RG 0001 235 00 03;Ðåãèñòðàöèÿ ïî ÁÏ;ÂÐÓÊ;235;Ðåãèñòðàöèÿ;äîñüå;0;AUTO
ÎÑÖ Âîðîíåæ;Àðõèâ ¹4 Ñàíêò-Ïåòåðáóðã;RG 0001 235 00 03;Ðåãèñòðàöèÿ ïî ÁÏ;ÂÐÓÊ;235;Ðåãèñòðàöèÿ;äîñüå;0;AUTO
ÎÑÖ Ìîñêâà;Âíå ïîäðàçäåëåíèé;RG 0001 235 00 03;Ðåãèñòðàöèÿ ïî ÁÏ;ÂÐÓÊ;235;Ðåãèñòðàöèÿ;äîñüå;0;AUTO
ÎÑÖ Ìîñêâà;Àðõèâ ¹1 Òîìèëèíî;RG 0001 235 00 03;Ðåãèñòðàöèÿ ïî ÁÏ;ÂÐÓÊ;235;Ðåãèñòðàöèÿ;äîñüå;0;AUTO
ÎÑÖ Íèæíèé Íîâãîðîä;Âíå ïîäðàçäåëåíèé;RG 0001 235 00 03;Ðåãèñòðàöèÿ ïî ÁÏ;ÂÐÓÊ;235;Ðåãèñòðàöèÿ;äîñüå;0;AUTO
ÎÑÖ Íèæíèé Íîâãîðîä;Àðõèâ ¹1 Íèæíèé Íîâãîðîä;RG 0001 235 00 03;Ðåãèñòðàöèÿ ïî ÁÏ;ÂÐÓÊ;235;Ðåãèñòðàöèÿ;äîñüå;0;AUTO
ÎÑÖ Íîâîñèáèðñê;Âíå ïîäðàçäåëåíèé;RG 0001 235 00 03;Ðåãèñòðàöèÿ ïî ÁÏ;ÂÐÓÊ;235;Ðåãèñòðàöèÿ;äîñüå;0;AUTO
ÎÑÖ Íîâîñèáèðñê;Àðõèâ ¹1 Íîâîñèáèðñê;RG 0001 235 00 03;Ðåãèñòðàöèÿ ïî ÁÏ;ÂÐÓÊ;235;Ðåãèñòðàöèÿ;äîñüå;0;AUTO
ÎÑÖ Íîâîñèáèðñê;Àðõèâ ¹3 Åêàòåðèíáóðã;RG 0001 235 00 03;Ðåãèñòðàöèÿ ïî ÁÏ;ÂÐÓÊ;235;Ðåãèñòðàöèÿ;äîñüå;0;AUTO
ÎÑÖ Ñàìàðà;Âíå ïîäðàçäåëåíèé;RG 0001 235 00 03;Ðåãèñòðàöèÿ ïî ÁÏ;ÂÐÓÊ;235;Ðåãèñòðàöèÿ;äîñüå;0;AUTO
ÎÑÖ Ñàìàðà;Àðõèâ ¹1 Ñàìàðà;RG 0001 235 00 03;Ðåãèñòðàöèÿ ïî ÁÏ;ÂÐÓÊ;235;Ðåãèñòðàöèÿ;äîñüå;0;AUTO
ÎÑÖ Âîðîíåæ;Âíå ïîäðàçäåëåíèé;RG 0001 223 00 03;Ðåãèñòðàöèÿ ïî ÁÏ;ÂÐÓÊ;223;Ðåãèñòðàöèÿ;äîñüå;0;AUTO
ÎÑÖ Âîðîíåæ;Àðõèâ ¹1 Âîðîíåæ;RG 0001 223 00 03;Ðåãèñòðàöèÿ ïî ÁÏ;ÂÐÓÊ;223;Ðåãèñòðàöèÿ;äîñüå;80;AUTO
ÎÑÖ Âîðîíåæ;Àðõèâ ¹3 Êàëèíèíãðàä;RG 0001 223 00 03;Ðåãèñòðàöèÿ ïî ÁÏ;ÂÐÓÊ;223;Ðåãèñòðàöèÿ;äîñüå;0;AUTO
ÎÑÖ Âîðîíåæ;Àðõèâ ¹4 Ñàíêò-Ïåòåðáóðã;RG 0001 223 00 03;Ðåãèñòðàöèÿ ïî ÁÏ;ÂÐÓÊ;223;Ðåãèñòðàöèÿ;äîñüå;75;AUTO
ÎÑÖ Ìîñêâà;Âíå ïîäðàçäåëåíèé;RG 0001 223 00 03;Ðåãèñòðàöèÿ ïî ÁÏ;ÂÐÓÊ;223;Ðåãèñòðàöèÿ;äîñüå;0;AUTO
ÎÑÖ Ìîñêâà;Àðõèâ ¹1 Òîìèëèíî;RG 0001 223 00 03;Ðåãèñòðàöèÿ ïî ÁÏ;ÂÐÓÊ;223;Ðåãèñòðàöèÿ;äîñüå;74,669;AUTO
ÎÑÖ Íèæíèé Íîâãîðîä;Âíå ïîäðàçäåëåíèé;RG 0001 223 00 03;Ðåãèñòðàöèÿ ïî ÁÏ;ÂÐÓÊ;223;Ðåãèñòðàöèÿ;äîñüå;0;AUTO
ÎÑÖ Íèæíèé Íîâãîðîä;Àðõèâ ¹1 Íèæíèé Íîâãîðîä;RG 0001 223 00 03;Ðåãèñòðàöèÿ ïî ÁÏ;ÂÐÓÊ;223;Ðåãèñòðàöèÿ;äîñüå;75;AUTO
ÎÑÖ Íîâîñèáèðñê;Âíå ïîäðàçäåëåíèé;RG 0001 223 00 03;Ðåãèñòðàöèÿ ïî ÁÏ;ÂÐÓÊ;223;Ðåãèñòðàöèÿ;äîñüå;0;AUTO
ÎÑÖ Íîâîñèáèðñê;Àðõèâ ¹1 Íîâîñèáèðñê;RG 0001 223 00 03;Ðåãèñòðàöèÿ ïî ÁÏ;ÂÐÓÊ;223;Ðåãèñòðàöèÿ;äîñüå;80;AUTO
ÎÑÖ Íîâîñèáèðñê;Àðõèâ ¹3 Åêàòåðèíáóðã;RG 0001 223 00 03;Ðåãèñòðàöèÿ ïî ÁÏ;ÂÐÓÊ;223;Ðåãèñòðàöèÿ;äîñüå;72,5;AUTO
ÎÑÖ Ñàìàðà;Âíå ïîäðàçäåëåíèé;RG 0001 223 00 03;Ðåãèñòðàöèÿ ïî ÁÏ;ÂÐÓÊ;223;Ðåãèñòðàöèÿ;äîñüå;0;AUTO
ÎÑÖ Ñàìàðà;Àðõèâ ¹1 Ñàìàðà;RG 0001 223 00 03;Ðåãèñòðàöèÿ ïî ÁÏ;ÂÐÓÊ;223;Ðåãèñòðàöèÿ;äîñüå;80;AUTO
ÎÑÖ Âîðîíåæ;Âíå ïîäðàçäåëåíèé;RG 0001 224 00 03;Ðåãèñòðàöèÿ ïî ÁÏ;ÂÐÓÊ;224;Ðåãèñòðàöèÿ;äîñüå;0;AUTO
ÎÑÖ Âîðîíåæ;Àðõèâ ¹1 Âîðîíåæ;RG 0001 224 00 03;Ðåãèñòðàöèÿ ïî ÁÏ;ÂÐÓÊ;224;Ðåãèñòðàöèÿ;äîñüå;80;AUTO
ÎÑÖ Âîðîíåæ;Àðõèâ ¹3 Êàëèíèíãðàä;RG 0001 224 00 03;Ðåãèñòðàöèÿ ïî ÁÏ;ÂÐÓÊ;224;Ðåãèñòðàöèÿ;äîñüå;0;AUTO
ÎÑÖ Âîðîíåæ;Àðõèâ ¹4 Ñàíêò-Ïåòåðáóðã;RG 0001 224 00 03;Ðåãèñòðàöèÿ ïî ÁÏ;ÂÐÓÊ;224;Ðåãèñòðàöèÿ;äîñüå;75;AUTO
ÎÑÖ Ìîñêâà;Âíå ïîäðàçäåëåíèé;RG 0001 224 00 03;Ðåãèñòðàöèÿ ïî ÁÏ;ÂÐÓÊ;224;Ðåãèñòðàöèÿ;äîñüå;0;AUTO
ÎÑÖ Ìîñêâà;Àðõèâ ¹1 Òîìèëèíî;RG 0001 224 00 03;Ðåãèñòðàöèÿ ïî ÁÏ;ÂÐÓÊ;224;Ðåãèñòðàöèÿ;äîñüå;74,669;AUTO
ÎÑÖ Íèæíèé Íîâãîðîä;Âíå ïîäðàçäåëåíèé;RG 0001 224 00 03;Ðåãèñòðàöèÿ ïî ÁÏ;ÂÐÓÊ;224;Ðåãèñòðàöèÿ;äîñüå;0;AUTO
ÎÑÖ Íèæíèé Íîâãîðîä;Àðõèâ ¹1 Íèæíèé Íîâãîðîä;RG 0001 224 00 03;Ðåãèñòðàöèÿ ïî ÁÏ;ÂÐÓÊ;224;Ðåãèñòðàöèÿ;äîñüå;75,067;AUTO
ÎÑÖ Íîâîñèáèðñê;Âíå ïîäðàçäåëåíèé;RG 0001 224 00 03;Ðåãèñòðàöèÿ ïî ÁÏ;ÂÐÓÊ;224;Ðåãèñòðàöèÿ;äîñüå;0;AUTO
ÎÑÖ Íîâîñèáèðñê;Àðõèâ ¹1 Íîâîñèáèðñê;RG 0001 224 00 03;Ðåãèñòðàöèÿ ïî ÁÏ;ÂÐÓÊ;224;Ðåãèñòðàöèÿ;äîñüå;80;AUTO
ÎÑÖ Íîâîñèáèðñê;Àðõèâ ¹3 Åêàòåðèíáóðã;RG 0001 224 00 03;Ðåãèñòðàöèÿ ïî ÁÏ;ÂÐÓÊ;224;Ðåãèñòðàöèÿ;äîñüå;72,5;AUTO
ÎÑÖ Ñàìàðà;Âíå ïîäðàçäåëåíèé;RG 0001 224 00 03;Ðåãèñòðàöèÿ ïî ÁÏ;ÂÐÓÊ;224;Ðåãèñòðàöèÿ;äîñüå;0;AUTO
ÎÑÖ Ñàìàðà;Àðõèâ ¹1 Ñàìàðà;RG 0001 224 00 03;Ðåãèñòðàöèÿ ïî ÁÏ;ÂÐÓÊ;224;Ðåãèñòðàöèÿ;äîñüå;73;AUTO
ÎÑÖ Âîðîíåæ;Âíå ïîäðàçäåëåíèé;RG 0001 225 00 03;Ðåãèñòðàöèÿ ïî ÁÏ;ÂÐÓÊ;225;Ðåãèñòðàöèÿ;äîñüå;0;AUTO
ÎÑÖ Âîðîíåæ;Àðõèâ ¹1 Âîðîíåæ;RG 0001 225 00 03;Ðåãèñòðàöèÿ ïî ÁÏ;ÂÐÓÊ;225;Ðåãèñòðàöèÿ;äîñüå;80;AUTO
ÎÑÖ Âîðîíåæ;Àðõèâ ¹3 Êàëèíèíãðàä;RG 0001 225 00 03;Ðåãèñòðàöèÿ ïî ÁÏ;ÂÐÓÊ;225;Ðåãèñòðàöèÿ;äîñüå;0;AUTO
ÎÑÖ Âîðîíåæ;Àðõèâ ¹4 Ñàíêò-Ïåòåðáóðã;RG 0001 225 00 03;Ðåãèñòðàöèÿ ïî ÁÏ;ÂÐÓÊ;225;Ðåãèñòðàöèÿ;äîñüå;75;AUTO
ÎÑÖ Ìîñêâà;Âíå ïîäðàçäåëåíèé;RG 0001 225 00 03;Ðåãèñòðàöèÿ ïî ÁÏ;ÂÐÓÊ;225;Ðåãèñòðàöèÿ;äîñüå;0;AUTO
ÎÑÖ Ìîñêâà;Àðõèâ ¹1 Òîìèëèíî;RG 0001 225 00 03;Ðåãèñòðàöèÿ ïî ÁÏ;ÂÐÓÊ;225;Ðåãèñòðàöèÿ;äîñüå;74,669;AUTO
ÎÑÖ Íèæíèé Íîâãîðîä;Âíå ïîäðàçäåëåíèé;RG 0001 225 00 03;Ðåãèñòðàöèÿ ïî ÁÏ;ÂÐÓÊ;225;Ðåãèñòðàöèÿ;äîñüå;0;AUTO
ÎÑÖ Íèæíèé Íîâãîðîä;Àðõèâ ¹1 Íèæíèé Íîâãîðîä;RG 0001 225 00 03;Ðåãèñòðàöèÿ ïî ÁÏ;ÂÐÓÊ;225;Ðåãèñòðàöèÿ;äîñüå;75;AUTO
ÎÑÖ Íîâîñèáèðñê;Âíå ïîäðàçäåëåíèé;RG 0001 225 00 03;Ðåãèñòðàöèÿ ïî ÁÏ;ÂÐÓÊ;225;Ðåãèñòðàöèÿ;äîñüå;0;AUTO
ÎÑÖ Íîâîñèáèðñê;Àðõèâ ¹1 Íîâîñèáèðñê;RG 0001 225 00 03;Ðåãèñòðàöèÿ ïî ÁÏ;ÂÐÓÊ;225;Ðåãèñòðàöèÿ;äîñüå;80;AUTO
ÎÑÖ Íîâîñèáèðñê;Àðõèâ ¹3 Åêàòåðèíáóðã;RG 0001 225 00 03;Ðåãèñòðàöèÿ ïî ÁÏ;ÂÐÓÊ;225;Ðåãèñòðàöèÿ;äîñüå;72,5;AUTO
ÎÑÖ Ñàìàðà;Âíå ïîäðàçäåëåíèé;RG 0001 225 00 03;Ðåãèñòðàöèÿ ïî ÁÏ;ÂÐÓÊ;225;Ðåãèñòðàöèÿ;äîñüå;0;AUTO
ÎÑÖ Ñàìàðà;Àðõèâ ¹1 Ñàìàðà;RG 0001 225 00 03;Ðåãèñòðàöèÿ ïî ÁÏ;ÂÐÓÊ;225;Ðåãèñòðàöèÿ;äîñüå;80;AUTO
ÎÑÖ Âîðîíåæ;Âíå ïîäðàçäåëåíèé;RG 0001 226 00 03;Ðåãèñòðàöèÿ ïî ÁÏ;ÂÐÓÊ;226;Ðåãèñòðàöèÿ;äîñüå;0;AUTO
ÎÑÖ Âîðîíåæ;Àðõèâ ¹1 Âîðîíåæ;RG 0001 226 00 03;Ðåãèñòðàöèÿ ïî ÁÏ;ÂÐÓÊ;226;Ðåãèñòðàöèÿ;äîñüå;80;AUTO
ÎÑÖ Âîðîíåæ;Àðõèâ ¹3 Êàëèíèíãðàä;RG 0001 226 00 03;Ðåãèñòðàöèÿ ïî ÁÏ;ÂÐÓÊ;226;Ðåãèñòðàöèÿ;äîñüå;0;AUTO
ÎÑÖ Âîðîíåæ;Àðõèâ ¹4 Ñàíêò-Ïåòåðáóðã;RG 0001 226 00 03;Ðåãèñòðàöèÿ ïî ÁÏ;ÂÐÓÊ;226;Ðåãèñòðàöèÿ;äîñüå;75;AUTO
ÎÑÖ Ìîñêâà;Âíå ïîäðàçäåëåíèé;RG 0001 226 00 03;Ðåãèñòðàöèÿ ïî ÁÏ;ÂÐÓÊ;226;Ðåãèñòðàöèÿ;äîñüå;0;AUTO
ÎÑÖ Ìîñêâà;Àðõèâ ¹1 Òîìèëèíî;RG 0001 226 00 03;Ðåãèñòðàöèÿ ïî ÁÏ;ÂÐÓÊ;226;Ðåãèñòðàöèÿ;äîñüå;74,669;AUTO
ÎÑÖ Íèæíèé Íîâãîðîä;Âíå ïîäðàçäåëåíèé;RG 0001 226 00 03;Ðåãèñòðàöèÿ ïî ÁÏ;ÂÐÓÊ;226;Ðåãèñòðàöèÿ;äîñüå;0;AUTO
ÎÑÖ Íèæíèé Íîâãîðîä;Àðõèâ ¹1 Íèæíèé Íîâãîðîä;RG 0001 226 00 03;Ðåãèñòðàöèÿ ïî ÁÏ;ÂÐÓÊ;226;Ðåãèñòðàöèÿ;äîñüå;75;AUTO
ÎÑÖ Íîâîñèáèðñê;Âíå ïîäðàçäåëåíèé;RG 0001 226 00 03;Ðåãèñòðàöèÿ ïî ÁÏ;ÂÐÓÊ;226;Ðåãèñòðàöèÿ;äîñüå;0;AUTO
ÎÑÖ Íîâîñèáèðñê;Àðõèâ ¹1 Íîâîñèáèðñê;RG 0001 226 00 03;Ðåãèñòðàöèÿ ïî ÁÏ;ÂÐÓÊ;226;Ðåãèñòðàöèÿ;äîñüå;80;AUTO
ÎÑÖ Íîâîñèáèðñê;Àðõèâ ¹3 Åêàòåðèíáóðã;RG 0001 226 00 03;Ðåãèñòðàöèÿ ïî ÁÏ;ÂÐÓÊ;226;Ðåãèñòðàöèÿ;äîñüå;72,5;AUTO
ÎÑÖ Ñàìàðà;Âíå ïîäðàçäåëåíèé;RG 0001 226 00 03;Ðåãèñòðàöèÿ ïî ÁÏ;ÂÐÓÊ;226;Ðåãèñòðàöèÿ;äîñüå;0;AUTO
ÎÑÖ Ñàìàðà;Àðõèâ ¹1 Ñàìàðà;RG 0001 226 00 03;Ðåãèñòðàöèÿ ïî ÁÏ;ÂÐÓÊ;226;Ðåãèñòðàöèÿ;äîñüå;80;AUTO
ÎÑÖ Âîðîíåæ;Âíå ïîäðàçäåëåíèé;RG 0001 227 00 03;Ðåãèñòðàöèÿ ïî ÁÏ;ÂÐÓÊ;227;Ðåãèñòðàöèÿ;äîñüå;0;AUTO
ÎÑÖ Âîðîíåæ;Àðõèâ ¹1 Âîðîíåæ;RG 0001 227 00 03;Ðåãèñòðàöèÿ ïî ÁÏ;ÂÐÓÊ;227;Ðåãèñòðàöèÿ;äîñüå;80;AUTO
ÎÑÖ Âîðîíåæ;Àðõèâ ¹3 Êàëèíèíãðàä;RG 0001 227 00 03;Ðåãèñòðàöèÿ ïî ÁÏ;ÂÐÓÊ;227;Ðåãèñòðàöèÿ;äîñüå;0;AUTO
ÎÑÖ Âîðîíåæ;Àðõèâ ¹4 Ñàíêò-Ïåòåðáóðã;RG 0001 227 00 03;Ðåãèñòðàöèÿ ïî ÁÏ;ÂÐÓÊ;227;Ðåãèñòðàöèÿ;äîñüå;75;AUTO
ÎÑÖ Ìîñêâà;Âíå ïîäðàçäåëåíèé;RG 0001 227 00 03;Ðåãèñòðàöèÿ ïî ÁÏ;ÂÐÓÊ;227;Ðåãèñòðàöèÿ;äîñüå;0;AUTO
ÎÑÖ Ìîñêâà;Àðõèâ ¹1 Òîìèëèíî;RG 0001 227 00 03;Ðåãèñòðàöèÿ ïî ÁÏ;ÂÐÓÊ;227;Ðåãèñòðàöèÿ;äîñüå;74,669;AUTO
ÎÑÖ Íèæíèé Íîâãîðîä;Âíå ïîäðàçäåëåíèé;RG 0001 227 00 03;Ðåãèñòðàöèÿ ïî ÁÏ;ÂÐÓÊ;227;Ðåãèñòðàöèÿ;äîñüå;0;AUTO
ÎÑÖ Íèæíèé Íîâãîðîä;Àðõèâ ¹1 Íèæíèé Íîâãîðîä;RG 0001 227 00 03;Ðåãèñòðàöèÿ ïî ÁÏ;ÂÐÓÊ;227;Ðåãèñòðàöèÿ;äîñüå;75;AUTO
ÎÑÖ Íîâîñèáèðñê;Âíå ïîäðàçäåëåíèé;RG 0001 227 00 03;Ðåãèñòðàöèÿ ïî ÁÏ;ÂÐÓÊ;227;Ðåãèñòðàöèÿ;äîñüå;0;AUTO
ÎÑÖ Íîâîñèáèðñê;Àðõèâ ¹1 Íîâîñèáèðñê;RG 0001 227 00 03;Ðåãèñòðàöèÿ ïî ÁÏ;ÂÐÓÊ;227;Ðåãèñòðàöèÿ;äîñüå;80;AUTO
ÎÑÖ Íîâîñèáèðñê;Àðõèâ ¹3 Åêàòåðèíáóðã;RG 0001 227 00 03;Ðåãèñòðàöèÿ ïî ÁÏ;ÂÐÓÊ;227;Ðåãèñòðàöèÿ;äîñüå;72,5;AUTO
ÎÑÖ Ñàìàðà;Âíå ïîäðàçäåëåíèé;RG 0001 227 00 03;Ðåãèñòðàöèÿ ïî ÁÏ;ÂÐÓÊ;227;Ðåãèñòðàöèÿ;äîñüå;0;AUTO
ÎÑÖ Ñàìàðà;Àðõèâ ¹1 Ñàìàðà;RG 0001 227 00 03;Ðåãèñòðàöèÿ ïî ÁÏ;ÂÐÓÊ;227;Ðåãèñòðàöèÿ;äîñüå;80;AUTO
ÎÑÖ Âîðîíåæ;Âíå ïîäðàçäåëåíèé;RG 0001 228 00 03;Ðåãèñòðàöèÿ ïî ÁÏ;ÂÐÓÊ;228;Ðåãèñòðàöèÿ;äîñüå;0;AUTO
ÎÑÖ Âîðîíåæ;Àðõèâ ¹1 Âîðîíåæ;RG 0001 228 00 03;Ðåãèñòðàöèÿ ïî ÁÏ;ÂÐÓÊ;228;Ðåãèñòðàöèÿ;äîñüå;80;AUTO
ÎÑÖ Âîðîíåæ;Àðõèâ ¹3 Êàëèíèíãðàä;RG 0001 228 00 03;Ðåãèñòðàöèÿ ïî ÁÏ;ÂÐÓÊ;228;Ðåãèñòðàöèÿ;äîñüå;0;AUTO
ÎÑÖ Âîðîíåæ;Àðõèâ ¹4 Ñàíêò-Ïåòåðáóðã;RG 0001 228 00 03;Ðåãèñòðàöèÿ ïî ÁÏ;ÂÐÓÊ;228;Ðåãèñòðàöèÿ;äîñüå;75;AUTO
ÎÑÖ Ìîñêâà;Âíå ïîäðàçäåëåíèé;RG 0001 228 00 03;Ðåãèñòðàöèÿ ïî ÁÏ;ÂÐÓÊ;228;Ðåãèñòðàöèÿ;äîñüå;0;AUTO
ÎÑÖ Ìîñêâà;Àðõèâ ¹1 Òîìèëèíî;RG 0001 228 00 03;Ðåãèñòðàöèÿ ïî ÁÏ;ÂÐÓÊ;228;Ðåãèñòðàöèÿ;äîñüå;74,669;AUTO
ÎÑÖ Íèæíèé Íîâãîðîä;Âíå ïîäðàçäåëåíèé;RG 0001 228 00 03;Ðåãèñòðàöèÿ ïî ÁÏ;ÂÐÓÊ;228;Ðåãèñòðàöèÿ;äîñüå;0;AUTO
ÎÑÖ Íèæíèé Íîâãîðîä;Àðõèâ ¹1 Íèæíèé Íîâãîðîä;RG 0001 228 00 03;Ðåãèñòðàöèÿ ïî ÁÏ;ÂÐÓÊ;228;Ðåãèñòðàöèÿ;äîñüå;75;AUTO
ÎÑÖ Íîâîñèáèðñê;Âíå ïîäðàçäåëåíèé;RG 0001 228 00 03;Ðåãèñòðàöèÿ ïî ÁÏ;ÂÐÓÊ;228;Ðåãèñòðàöèÿ;äîñüå;0;AUTO
ÎÑÖ Íîâîñèáèðñê;Àðõèâ ¹1 Íîâîñèáèðñê;RG 0001 228 00 03;Ðåãèñòðàöèÿ ïî ÁÏ;ÂÐÓÊ;228;Ðåãèñòðàöèÿ;äîñüå;80;AUTO
ÎÑÖ Íîâîñèáèðñê;Àðõèâ ¹3 Åêàòåðèíáóðã;RG 0001 228 00 03;Ðåãèñòðàöèÿ ïî ÁÏ;ÂÐÓÊ;228;Ðåãèñòðàöèÿ;äîñüå;72,5;AUTO
ÎÑÖ Ñàìàðà;Âíå ïîäðàçäåëåíèé;RG 0001 228 00 03;Ðåãèñòðàöèÿ ïî ÁÏ;ÂÐÓÊ;228;Ðåãèñòðàöèÿ;äîñüå;0;AUTO
ÎÑÖ Ñàìàðà;Àðõèâ ¹1 Ñàìàðà;RG 0001 228 00 03;Ðåãèñòðàöèÿ ïî ÁÏ;ÂÐÓÊ;228;Ðåãèñòðàöèÿ;äîñüå;80;AUTO
ÎÑÖ Âîðîíåæ;Âíå ïîäðàçäåëåíèé;RG 0001 229 00 03;Ðåãèñòðàöèÿ ïî ÁÏ;ÂÐÓÊ;229;Ðåãèñòðàöèÿ;äîñüå;0;AUTO
ÎÑÖ Âîðîíåæ;Àðõèâ ¹1 Âîðîíåæ;RG 0001 229 00 03;Ðåãèñòðàöèÿ ïî ÁÏ;ÂÐÓÊ;229;Ðåãèñòðàöèÿ;äîñüå;80;AUTO
ÎÑÖ Âîðîíåæ;Àðõèâ ¹3 Êàëèíèíãðàä;RG 0001 229 00 03;Ðåãèñòðàöèÿ ïî ÁÏ;ÂÐÓÊ;229;Ðåãèñòðàöèÿ;äîñüå;0;AUTO
ÎÑÖ Âîðîíåæ;Àðõèâ ¹4 Ñàíêò-Ïåòåðáóðã;RG 0001 229 00 03;Ðåãèñòðàöèÿ ïî ÁÏ;ÂÐÓÊ;229;Ðåãèñòðàöèÿ;äîñüå;75;AUTO
ÎÑÖ Ìîñêâà;Âíå ïîäðàçäåëåíèé;RG 0001 229 00 03;Ðåãèñòðàöèÿ ïî ÁÏ;ÂÐÓÊ;229;Ðåãèñòðàöèÿ;äîñüå;0;AUTO
ÎÑÖ Ìîñêâà;Àðõèâ ¹1 Òîìèëèíî;RG 0001 229 00 03;Ðåãèñòðàöèÿ ïî ÁÏ;ÂÐÓÊ;229;Ðåãèñòðàöèÿ;äîñüå;74,669;AUTO
ÎÑÖ Íèæíèé Íîâãîðîä;Âíå ïîäðàçäåëåíèé;RG 0001 229 00 03;Ðåãèñòðàöèÿ ïî ÁÏ;ÂÐÓÊ;229;Ðåãèñòðàöèÿ;äîñüå;0;AUTO
ÎÑÖ Íèæíèé Íîâãîðîä;Àðõèâ ¹1 Íèæíèé Íîâãîðîä;RG 0001 229 00 03;Ðåãèñòðàöèÿ ïî ÁÏ;ÂÐÓÊ;229;Ðåãèñòðàöèÿ;äîñüå;75;AUTO
ÎÑÖ Íîâîñèáèðñê;Âíå ïîäðàçäåëåíèé;RG 0001 229 00 03;Ðåãèñòðàöèÿ ïî ÁÏ;ÂÐÓÊ;229;Ðåãèñòðàöèÿ;äîñüå;0;AUTO
ÎÑÖ Íîâîñèáèðñê;Àðõèâ ¹1 Íîâîñèáèðñê;RG 0001 229 00 03;Ðåãèñòðàöèÿ ïî ÁÏ;ÂÐÓÊ;229;Ðåãèñòðàöèÿ;äîñüå;80;AUTO
ÎÑÖ Íîâîñèáèðñê;Àðõèâ ¹3 Åêàòåðèíáóðã;RG 0001 229 00 03;Ðåãèñòðàöèÿ ïî ÁÏ;ÂÐÓÊ;229;Ðåãèñòðàöèÿ;äîñüå;72,5;AUTO
ÎÑÖ Ñàìàðà;Âíå ïîäðàçäåëåíèé;RG 0001 229 00 03;Ðåãèñòðàöèÿ ïî ÁÏ;ÂÐÓÊ;229;Ðåãèñòðàöèÿ;äîñüå;0;AUTO
ÎÑÖ Ñàìàðà;Àðõèâ ¹1 Ñàìàðà;RG 0001 229 00 03;Ðåãèñòðàöèÿ ïî ÁÏ;ÂÐÓÊ;229;Ðåãèñòðàöèÿ;äîñüå;80;AUTO
ÎÑÖ Âîðîíåæ;Âíå ïîäðàçäåëåíèé;RG 0001 230 00 03;Ðåãèñòðàöèÿ ïî ÁÏ;ÂÐÓÊ;230;Ðåãèñòðàöèÿ;äîñüå;0;AUTO
ÎÑÖ Âîðîíåæ;Àðõèâ ¹1 Âîðîíåæ;RG 0001 230 00 03;Ðåãèñòðàöèÿ ïî ÁÏ;ÂÐÓÊ;230;Ðåãèñòðàöèÿ;äîñüå;80;AUTO
ÎÑÖ Âîðîíåæ;Àðõèâ ¹3 Êàëèíèíãðàä;RG 0001 230 00 03;Ðåãèñòðàöèÿ ïî ÁÏ;ÂÐÓÊ;230;Ðåãèñòðàöèÿ;äîñüå;79,367;AUTO
ÎÑÖ Âîðîíåæ;Àðõèâ ¹4 Ñàíêò-Ïåòåðáóðã;RG 0001 230 00 03;Ðåãèñòðàöèÿ ïî ÁÏ;ÂÐÓÊ;230;Ðåãèñòðàöèÿ;äîñüå;75;AUTO
ÎÑÖ Ìîñêâà;Âíå ïîäðàçäåëåíèé;RG 0001 230 00 03;Ðåãèñòðàöèÿ ïî ÁÏ;ÂÐÓÊ;230;Ðåãèñòðàöèÿ;äîñüå;0;AUTO
ÎÑÖ Ìîñêâà;Àðõèâ ¹1 Òîìèëèíî;RG 0001 230 00 03;Ðåãèñòðàöèÿ ïî ÁÏ;ÂÐÓÊ;230;Ðåãèñòðàöèÿ;äîñüå;74,669;AUTO
ÎÑÖ Íèæíèé Íîâãîðîä;Âíå ïîäðàçäåëåíèé;RG 0001 230 00 03;Ðåãèñòðàöèÿ ïî ÁÏ;ÂÐÓÊ;230;Ðåãèñòðàöèÿ;äîñüå;0;AUTO
ÎÑÖ Íèæíèé Íîâãîðîä;Àðõèâ ¹1 Íèæíèé Íîâãîðîä;RG 0001 230 00 03;Ðåãèñòðàöèÿ ïî ÁÏ;ÂÐÓÊ;230;Ðåãèñòðàöèÿ;äîñüå;75;AUTO
ÎÑÖ Íîâîñèáèðñê;Âíå ïîäðàçäåëåíèé;RG 0001 230 00 03;Ðåãèñòðàöèÿ ïî ÁÏ;ÂÐÓÊ;230;Ðåãèñòðàöèÿ;äîñüå;0;AUTO
ÎÑÖ Íîâîñèáèðñê;Àðõèâ ¹1 Íîâîñèáèðñê;RG 0001 230 00 03;Ðåãèñòðàöèÿ ïî ÁÏ;ÂÐÓÊ;230;Ðåãèñòðàöèÿ;äîñüå;80;AUTO
ÎÑÖ Íîâîñèáèðñê;Àðõèâ ¹3 Åêàòåðèíáóðã;RG 0001 230 00 03;Ðåãèñòðàöèÿ ïî ÁÏ;ÂÐÓÊ;230;Ðåãèñòðàöèÿ;äîñüå;72,5;AUTO
ÎÑÖ Ñàìàðà;Âíå ïîäðàçäåëåíèé;RG 0001 230 00 03;Ðåãèñòðàöèÿ ïî ÁÏ;ÂÐÓÊ;230;Ðåãèñòðàöèÿ;äîñüå;0;AUTO
ÎÑÖ Ñàìàðà;Àðõèâ ¹1 Ñàìàðà;RG 0001 230 00 03;Ðåãèñòðàöèÿ ïî ÁÏ;ÂÐÓÊ;230;Ðåãèñòðàöèÿ;äîñüå;80;AUTO
ÎÑÖ Âîðîíåæ;Âíå ïîäðàçäåëåíèé;RG 0001 255 00 03;Ðåãèñòðàöèÿ ïî ÁÏ;ÂÐÓÊ;255;Ðåãèñòðàöèÿ;äîñüå;0;AUTO
ÎÑÖ Âîðîíåæ;Àðõèâ ¹1 Âîðîíåæ;RG 0001 255 00 03;Ðåãèñòðàöèÿ ïî ÁÏ;ÂÐÓÊ;255;Ðåãèñòðàöèÿ;äîñüå;0;AUTO
ÎÑÖ Âîðîíåæ;Àðõèâ ¹3 Êàëèíèíãðàä;RG 0001 255 00 03;Ðåãèñòðàöèÿ ïî ÁÏ;ÂÐÓÊ;255;Ðåãèñòðàöèÿ;äîñüå;0;AUTO
ÎÑÖ Âîðîíåæ;Àðõèâ ¹4 Ñàíêò-Ïåòåðáóðã;RG 0001 255 00 03;Ðåãèñòðàöèÿ ïî ÁÏ;ÂÐÓÊ;255;Ðåãèñòðàöèÿ;äîñüå;0;AUTO
ÎÑÖ Ìîñêâà;Âíå ïîäðàçäåëåíèé;RG 0001 255 00 03;Ðåãèñòðàöèÿ ïî ÁÏ;ÂÐÓÊ;255;Ðåãèñòðàöèÿ;äîñüå;0;AUTO
ÎÑÖ Ìîñêâà;Àðõèâ ¹1 Òîìèëèíî;RG 0001 255 00 03;Ðåãèñòðàöèÿ ïî ÁÏ;ÂÐÓÊ;255;Ðåãèñòðàöèÿ;äîñüå;92;AUTO
ÎÑÖ Íèæíèé Íîâãîðîä;Âíå ïîäðàçäåëåíèé;RG 0001 255 00 03;Ðåãèñòðàöèÿ ïî ÁÏ;ÂÐÓÊ;255;Ðåãèñòðàöèÿ;äîñüå;0;AUTO
ÎÑÖ Íèæíèé Íîâãîðîä;Àðõèâ ¹1 Íèæíèé Íîâãîðîä;RG 0001 255 00 03;Ðåãèñòðàöèÿ ïî ÁÏ;ÂÐÓÊ;255;Ðåãèñòðàöèÿ;äîñüå;90;AUTO
ÎÑÖ Íîâîñèáèðñê;Âíå ïîäðàçäåëåíèé;RG 0001 255 00 03;Ðåãèñòðàöèÿ ïî ÁÏ;ÂÐÓÊ;255;Ðåãèñòðàöèÿ;äîñüå;0;AUTO
ÎÑÖ Íîâîñèáèðñê;Àðõèâ ¹1 Íîâîñèáèðñê;RG 0001 255 00 03;Ðåãèñòðàöèÿ ïî ÁÏ;ÂÐÓÊ;255;Ðåãèñòðàöèÿ;äîñüå;0;AUTO
ÎÑÖ Íîâîñèáèðñê;Àðõèâ ¹3 Åêàòåðèíáóðã;RG 0001 255 00 03;Ðåãèñòðàöèÿ ïî ÁÏ;ÂÐÓÊ;255;Ðåãèñòðàöèÿ;äîñüå;0;AUTO
ÎÑÖ Ñàìàðà;Âíå ïîäðàçäåëåíèé;RG 0001 255 00 03;Ðåãèñòðàöèÿ ïî ÁÏ;ÂÐÓÊ;255;Ðåãèñòðàöèÿ;äîñüå;0;AUTO
ÎÑÖ Ñàìàðà;Àðõèâ ¹1 Ñàìàðà;RG 0001 255 00 03;Ðåãèñòðàöèÿ ïî ÁÏ;ÂÐÓÊ;255;Ðåãèñòðàöèÿ;äîñüå;0;AUTO
ÎÑÖ Âîðîíåæ;Âíå ïîäðàçäåëåíèé;RG 0001 260 00 03;Ðåãèñòðàöèÿ ïî ÁÏ;ÂÐÓÊ;260;Ðåãèñòðàöèÿ;äîñüå;0;AUTO
ÎÑÖ Âîðîíåæ;Àðõèâ ¹1 Âîðîíåæ;RG 0001 260 00 03;Ðåãèñòðàöèÿ ïî ÁÏ;ÂÐÓÊ;260;Ðåãèñòðàöèÿ;äîñüå;0;AUTO
ÎÑÖ Âîðîíåæ;Àðõèâ ¹3 Êàëèíèíãðàä;RG 0001 260 00 03;Ðåãèñòðàöèÿ ïî ÁÏ;ÂÐÓÊ;260;Ðåãèñòðàöèÿ;äîñüå;0;AUTO
ÎÑÖ Âîðîíåæ;Àðõèâ ¹4 Ñàíêò-Ïåòåðáóðã;RG 0001 260 00 03;Ðåãèñòðàöèÿ ïî ÁÏ;ÂÐÓÊ;260;Ðåãèñòðàöèÿ;äîñüå;0;AUTO
ÎÑÖ Ìîñêâà;Âíå ïîäðàçäåëåíèé;RG 0001 260 00 03;Ðåãèñòðàöèÿ ïî ÁÏ;ÂÐÓÊ;260;Ðåãèñòðàöèÿ;äîñüå;0;AUTO
ÎÑÖ Ìîñêâà;Àðõèâ ¹1 Òîìèëèíî;RG 0001 260 00 03;Ðåãèñòðàöèÿ ïî ÁÏ;ÂÐÓÊ;260;Ðåãèñòðàöèÿ;äîñüå;96,967;AUTO
ÎÑÖ Íèæíèé Íîâãîðîä;Âíå ïîäðàçäåëåíèé;RG 0001 260 00 03;Ðåãèñòðàöèÿ ïî ÁÏ;ÂÐÓÊ;260;Ðåãèñòðàöèÿ;äîñüå;0;AUTO
ÎÑÖ Íèæíèé Íîâãîðîä;Àðõèâ ¹1 Íèæíèé Íîâãîðîä;RG 0001 260 00 03;Ðåãèñòðàöèÿ ïî ÁÏ;ÂÐÓÊ;260;Ðåãèñòðàöèÿ;äîñüå;90;AUTO
ÎÑÖ Íîâîñèáèðñê;Âíå ïîäðàçäåëåíèé;RG 0001 260 00 03;Ðåãèñòðàöèÿ ïî ÁÏ;ÂÐÓÊ;260;Ðåãèñòðàöèÿ;äîñüå;0;AUTO
ÎÑÖ Íîâîñèáèðñê;Àðõèâ ¹1 Íîâîñèáèðñê;RG 0001 260 00 03;Ðåãèñòðàöèÿ ïî ÁÏ;ÂÐÓÊ;260;Ðåãèñòðàöèÿ;äîñüå;0;AUTO
ÎÑÖ Íîâîñèáèðñê;Àðõèâ ¹3 Åêàòåðèíáóðã;RG 0001 260 00 03;Ðåãèñòðàöèÿ ïî ÁÏ;ÂÐÓÊ;260;Ðåãèñòðàöèÿ;äîñüå;0;AUTO
ÎÑÖ Ñàìàðà;Âíå ïîäðàçäåëåíèé;RG 0001 260 00 03;Ðåãèñòðàöèÿ ïî ÁÏ;ÂÐÓÊ;260;Ðåãèñòðàöèÿ;äîñüå;0;AUTO
ÎÑÖ Ñàìàðà;Àðõèâ ¹1 Ñàìàðà;RG 0001 260 00 03;Ðåãèñòðàöèÿ ïî ÁÏ;ÂÐÓÊ;260;Ðåãèñòðàöèÿ;äîñüå;0;AUTO
ÎÑÖ Âîðîíåæ;Âíå ïîäðàçäåëåíèé;RG 0001 266 00 03;Ðåãèñòðàöèÿ ïî ÁÏ;ÂÐÓÊ;266;Ðåãèñòðàöèÿ;äîñüå;0;AUTO
ÎÑÖ Âîðîíåæ;Àðõèâ ¹1 Âîðîíåæ;RG 0001 266 00 03;Ðåãèñòðàöèÿ ïî ÁÏ;ÂÐÓÊ;266;Ðåãèñòðàöèÿ;äîñüå;0;AUTO
ÎÑÖ Âîðîíåæ;Àðõèâ ¹3 Êàëèíèíãðàä;RG 0001 266 00 03;Ðåãèñòðàöèÿ ïî ÁÏ;ÂÐÓÊ;266;Ðåãèñòðàöèÿ;äîñüå;0;AUTO
ÎÑÖ Âîðîíåæ;Àðõèâ ¹4 Ñàíêò-Ïåòåðáóðã;RG 0001 266 00 03;Ðåãèñòðàöèÿ ïî ÁÏ;ÂÐÓÊ;266;Ðåãèñòðàöèÿ;äîñüå;0;AUTO
ÎÑÖ Ìîñêâà;Âíå ïîäðàçäåëåíèé;RG 0001 266 00 03;Ðåãèñòðàöèÿ ïî ÁÏ;ÂÐÓÊ;266;Ðåãèñòðàöèÿ;äîñüå;0;AUTO
ÎÑÖ Ìîñêâà;Àðõèâ ¹1 Òîìèëèíî;RG 0001 266 00 03;Ðåãèñòðàöèÿ ïî ÁÏ;ÂÐÓÊ;266;Ðåãèñòðàöèÿ;äîñüå;0;AUTO
ÎÑÖ Íèæíèé Íîâãîðîä;Âíå ïîäðàçäåëåíèé;RG 0001 266 00 03;Ðåãèñòðàöèÿ ïî ÁÏ;ÂÐÓÊ;266;Ðåãèñòðàöèÿ;äîñüå;0;AUTO
ÎÑÖ Íèæíèé Íîâãîðîä;Àðõèâ ¹1 Íèæíèé Íîâãîðîä;RG 0001 266 00 03;Ðåãèñòðàöèÿ ïî ÁÏ;ÂÐÓÊ;266;Ðåãèñòðàöèÿ;äîñüå;0;AUTO
ÎÑÖ Íîâîñèáèðñê;Âíå ïîäðàçäåëåíèé;RG 0001 266 00 03;Ðåãèñòðàöèÿ ïî ÁÏ;ÂÐÓÊ;266;Ðåãèñòðàöèÿ;äîñüå;0;AUTO
ÎÑÖ Íîâîñèáèðñê;Àðõèâ ¹1 Íîâîñèáèðñê;RG 0001 266 00 03;Ðåãèñòðàöèÿ ïî ÁÏ;ÂÐÓÊ;266;Ðåãèñòðàöèÿ;äîñüå;0;AUTO
ÎÑÖ Íîâîñèáèðñê;Àðõèâ ¹3 Åêàòåðèíáóðã;RG 0001 266 00 03;Ðåãèñòðàöèÿ ïî ÁÏ;ÂÐÓÊ;266;Ðåãèñòðàöèÿ;äîñüå;0;AUTO
ÎÑÖ Ñàìàðà;Âíå ïîäðàçäåëåíèé;RG 0001 266 00 03;Ðåãèñòðàöèÿ ïî ÁÏ;ÂÐÓÊ;266;Ðåãèñòðàöèÿ;äîñüå;0;AUTO
ÎÑÖ Ñàìàðà;Àðõèâ ¹1 Ñàìàðà;RG 0001 266 00 03;Ðåãèñòðàöèÿ ïî ÁÏ;ÂÐÓÊ;266;Ðåãèñòðàöèÿ;äîñüå;0;AUTO
ÎÑÖ Âîðîíåæ;Âíå ïîäðàçäåëåíèé;RG 0001 222 00 03;Ðåãèñòðàöèÿ ïî ÁÏ;ÂÐÓÊ;222;Ðåãèñòðàöèÿ;äîñüå;0;AUTO
ÎÑÖ Âîðîíåæ;Àðõèâ ¹1 Âîðîíåæ;RG 0001 222 00 03;Ðåãèñòðàöèÿ ïî ÁÏ;ÂÐÓÊ;222;Ðåãèñòðàöèÿ;äîñüå;93,2;AUTO
ÎÑÖ Âîðîíåæ;Àðõèâ ¹3 Êàëèíèíãðàä;RG 0001 222 00 03;Ðåãèñòðàöèÿ ïî ÁÏ;ÂÐÓÊ;222;Ðåãèñòðàöèÿ;äîñüå;82,367;AUTO
ÎÑÖ Âîðîíåæ;Àðõèâ ¹4 Ñàíêò-Ïåòåðáóðã;RG 0001 222 00 03;Ðåãèñòðàöèÿ ïî ÁÏ;ÂÐÓÊ;222;Ðåãèñòðàöèÿ;äîñüå;80,044;AUTO
ÎÑÖ Ìîñêâà;Âíå ïîäðàçäåëåíèé;RG 0001 222 00 03;Ðåãèñòðàöèÿ ïî ÁÏ;ÂÐÓÊ;222;Ðåãèñòðàöèÿ;äîñüå;0;AUTO
ÎÑÖ Ìîñêâà;Àðõèâ ¹1 Òîìèëèíî;RG 0001 222 00 03;Ðåãèñòðàöèÿ ïî ÁÏ;ÂÐÓÊ;222;Ðåãèñòðàöèÿ;äîñüå;86,692;AUTO
ÎÑÖ Íèæíèé Íîâãîðîä;Âíå ïîäðàçäåëåíèé;RG 0001 222 00 03;Ðåãèñòðàöèÿ ïî ÁÏ;ÂÐÓÊ;222;Ðåãèñòðàöèÿ;äîñüå;0;AUTO
ÎÑÖ Íèæíèé Íîâãîðîä;Àðõèâ ¹1 Íèæíèé Íîâãîðîä;RG 0001 222 00 03;Ðåãèñòðàöèÿ ïî ÁÏ;ÂÐÓÊ;222;Ðåãèñòðàöèÿ;äîñüå;90;AUTO
ÎÑÖ Íîâîñèáèðñê;Âíå ïîäðàçäåëåíèé;RG 0001 222 00 03;Ðåãèñòðàöèÿ ïî ÁÏ;ÂÐÓÊ;222;Ðåãèñòðàöèÿ;äîñüå;0;AUTO
ÎÑÖ Íîâîñèáèðñê;Àðõèâ ¹1 Íîâîñèáèðñê;RG 0001 222 00 03;Ðåãèñòðàöèÿ ïî ÁÏ;ÂÐÓÊ;222;Ðåãèñòðàöèÿ;äîñüå;82;AUTO
ÎÑÖ Íîâîñèáèðñê;Àðõèâ ¹3 Åêàòåðèíáóðã;RG 0001 222 00 03;Ðåãèñòðàöèÿ ïî ÁÏ;ÂÐÓÊ;222;Ðåãèñòðàöèÿ;äîñüå;85;AUTO
ÎÑÖ Ñàìàðà;Âíå ïîäðàçäåëåíèé;RG 0001 222 00 03;Ðåãèñòðàöèÿ ïî ÁÏ;ÂÐÓÊ;222;Ðåãèñòðàöèÿ;äîñüå;0;AUTO
ÎÑÖ Ñàìàðà;Àðõèâ ¹1 Ñàìàðà;RG 0001 222 00 03;Ðåãèñòðàöèÿ ïî ÁÏ;ÂÐÓÊ;222;Ðåãèñòðàöèÿ;äîñüå;90;AUTO
ÎÑÖ Âîðîíåæ;Âíå ïîäðàçäåëåíèé;RG 0001 239 00 03;Ðåãèñòðàöèÿ ïî ÁÏ;ÂÐÓÊ;239;Ðåãèñòðàöèÿ;äîñüå;0;AUTO
ÎÑÖ Âîðîíåæ;Àðõèâ ¹1 Âîðîíåæ;RG 0001 239 00 03;Ðåãèñòðàöèÿ ïî ÁÏ;ÂÐÓÊ;239;Ðåãèñòðàöèÿ;äîñüå;90,017;AUTO
ÎÑÖ Âîðîíåæ;Àðõèâ ¹3 Êàëèíèíãðàä;RG 0001 239 00 03;Ðåãèñòðàöèÿ ïî ÁÏ;ÂÐÓÊ;239;Ðåãèñòðàöèÿ;äîñüå;83,433;AUTO
ÎÑÖ Âîðîíåæ;Àðõèâ ¹4 Ñàíêò-Ïåòåðáóðã;RG 0001 239 00 03;Ðåãèñòðàöèÿ ïî ÁÏ;ÂÐÓÊ;239;Ðåãèñòðàöèÿ;äîñüå;60;AUTO
ÎÑÖ Ìîñêâà;Âíå ïîäðàçäåëåíèé;RG 0001 239 00 03;Ðåãèñòðàöèÿ ïî ÁÏ;ÂÐÓÊ;239;Ðåãèñòðàöèÿ;äîñüå;0;AUTO
ÎÑÖ Ìîñêâà;Àðõèâ ¹1 Òîìèëèíî;RG 0001 239 00 03;Ðåãèñòðàöèÿ ïî ÁÏ;ÂÐÓÊ;239;Ðåãèñòðàöèÿ;äîñüå;86,692;AUTO
ÎÑÖ Íèæíèé Íîâãîðîä;Âíå ïîäðàçäåëåíèé;RG 0001 239 00 03;Ðåãèñòðàöèÿ ïî ÁÏ;ÂÐÓÊ;239;Ðåãèñòðàöèÿ;äîñüå;0;AUTO
ÎÑÖ Íèæíèé Íîâãîðîä;Àðõèâ ¹1 Íèæíèé Íîâãîðîä;RG 0001 239 00 03;Ðåãèñòðàöèÿ ïî ÁÏ;ÂÐÓÊ;239;Ðåãèñòðàöèÿ;äîñüå;94,867;AUTO
ÎÑÖ Íîâîñèáèðñê;Âíå ïîäðàçäåëåíèé;RG 0001 239 00 03;Ðåãèñòðàöèÿ ïî ÁÏ;ÂÐÓÊ;239;Ðåãèñòðàöèÿ;äîñüå;0;AUTO
ÎÑÖ Íîâîñèáèðñê;Àðõèâ ¹1 Íîâîñèáèðñê;RG 0001 239 00 03;Ðåãèñòðàöèÿ ïî ÁÏ;ÂÐÓÊ;239;Ðåãèñòðàöèÿ;äîñüå;82;AUTO
ÎÑÖ Íîâîñèáèðñê;Àðõèâ ¹3 Åêàòåðèíáóðã;RG 0001 239 00 03;Ðåãèñòðàöèÿ ïî ÁÏ;ÂÐÓÊ;239;Ðåãèñòðàöèÿ;äîñüå;85;AUTO
ÎÑÖ Ñàìàðà;Âíå ïîäðàçäåëåíèé;RG 0001 239 00 03;Ðåãèñòðàöèÿ ïî ÁÏ;ÂÐÓÊ;239;Ðåãèñòðàöèÿ;äîñüå;0;AUTO
ÎÑÖ Ñàìàðà;Àðõèâ ¹1 Ñàìàðà;RG 0001 239 00 03;Ðåãèñòðàöèÿ ïî ÁÏ;ÂÐÓÊ;239;Ðåãèñòðàöèÿ;äîñüå;86,433;AUTO
ÎÑÖ Âîðîíåæ;Âíå ïîäðàçäåëåíèé;RG 0001 246 00 03;Ðåãèñòðàöèÿ ïî ÁÏ;ÂÐÓÊ;246;Ðåãèñòðàöèÿ;äîñüå;0;AUTO
ÎÑÖ Âîðîíåæ;Àðõèâ ¹1 Âîðîíåæ;RG 0001 246 00 03;Ðåãèñòðàöèÿ ïî ÁÏ;ÂÐÓÊ;246;Ðåãèñòðàöèÿ;äîñüå;0;AUTO
ÎÑÖ Âîðîíåæ;Àðõèâ ¹3 Êàëèíèíãðàä;RG 0001 246 00 03;Ðåãèñòðàöèÿ ïî ÁÏ;ÂÐÓÊ;246;Ðåãèñòðàöèÿ;äîñüå;0;AUTO
ÎÑÖ Âîðîíåæ;Àðõèâ ¹4 Ñàíêò-Ïåòåðáóðã;RG 0001 246 00 03;Ðåãèñòðàöèÿ ïî ÁÏ;ÂÐÓÊ;246;Ðåãèñòðàöèÿ;äîñüå;0;AUTO
ÎÑÖ Ìîñêâà;Âíå ïîäðàçäåëåíèé;RG 0001 246 00 03;Ðåãèñòðàöèÿ ïî ÁÏ;ÂÐÓÊ;246;Ðåãèñòðàöèÿ;äîñüå;0;AUTO
ÎÑÖ Ìîñêâà;Àðõèâ ¹1 Òîìèëèíî;RG 0001 246 00 03;Ðåãèñòðàöèÿ ïî ÁÏ;ÂÐÓÊ;246;Ðåãèñòðàöèÿ;äîñüå;0;AUTO
ÎÑÖ Íèæíèé Íîâãîðîä;Âíå ïîäðàçäåëåíèé;RG 0001 246 00 03;Ðåãèñòðàöèÿ ïî ÁÏ;ÂÐÓÊ;246;Ðåãèñòðàöèÿ;äîñüå;0;AUTO
ÎÑÖ Íèæíèé Íîâãîðîä;Àðõèâ ¹1 Íèæíèé Íîâãîðîä;RG 0001 246 00 03;Ðåãèñòðàöèÿ ïî ÁÏ;ÂÐÓÊ;246;Ðåãèñòðàöèÿ;äîñüå;0;AUTO
ÎÑÖ Íîâîñèáèðñê;Âíå ïîäðàçäåëåíèé;RG 0001 246 00 03;Ðåãèñòðàöèÿ ïî ÁÏ;ÂÐÓÊ;246;Ðåãèñòðàöèÿ;äîñüå;0;AUTO
ÎÑÖ Íîâîñèáèðñê;Àðõèâ ¹1 Íîâîñèáèðñê;RG 0001 246 00 03;Ðåãèñòðàöèÿ ïî ÁÏ;ÂÐÓÊ;246;Ðåãèñòðàöèÿ;äîñüå;0;AUTO
ÎÑÖ Íîâîñèáèðñê;Àðõèâ ¹3 Åêàòåðèíáóðã;RG 0001 246 00 03;Ðåãèñòðàöèÿ ïî ÁÏ;ÂÐÓÊ;246;Ðåãèñòðàöèÿ;äîñüå;0;AUTO
ÎÑÖ Ñàìàðà;Âíå ïîäðàçäåëåíèé;RG 0001 246 00 03;Ðåãèñòðàöèÿ ïî ÁÏ;ÂÐÓÊ;246;Ðåãèñòðàöèÿ;äîñüå;0;AUTO
ÎÑÖ Ñàìàðà;Àðõèâ ¹1 Ñàìàðà;RG 0001 246 00 03;Ðåãèñòðàöèÿ ïî ÁÏ;ÂÐÓÊ;246;Ðåãèñòðàöèÿ;äîñüå;0;AUTO
ÎÑÖ Âîðîíåæ;Âíå ïîäðàçäåëåíèé;RG 0001 244 00 03;Ðåãèñòðàöèÿ ïî ÁÏ;ÂÐÓÊ;244;Ðåãèñòðàöèÿ;äîñüå;0;AUTO
ÎÑÖ Âîðîíåæ;Àðõèâ ¹1 Âîðîíåæ;RG 0001 244 00 03;Ðåãèñòðàöèÿ ïî ÁÏ;ÂÐÓÊ;244;Ðåãèñòðàöèÿ;äîñüå;0;AUTO
ÎÑÖ Âîðîíåæ;Àðõèâ ¹3 Êàëèíèíãðàä;RG 0001 244 00 03;Ðåãèñòðàöèÿ ïî ÁÏ;ÂÐÓÊ;244;Ðåãèñòðàöèÿ;äîñüå;0;AUTO
ÎÑÖ Âîðîíåæ;Àðõèâ ¹4 Ñàíêò-Ïåòåðáóðã;RG 0001 244 00 03;Ðåãèñòðàöèÿ ïî ÁÏ;ÂÐÓÊ;244;Ðåãèñòðàöèÿ;äîñüå;0;AUTO
ÎÑÖ Ìîñêâà;Âíå ïîäðàçäåëåíèé;RG 0001 244 00 03;Ðåãèñòðàöèÿ ïî ÁÏ;ÂÐÓÊ;244;Ðåãèñòðàöèÿ;äîñüå;0;AUTO
ÎÑÖ Ìîñêâà;Àðõèâ ¹1 Òîìèëèíî;RG 0001 244 00 03;Ðåãèñòðàöèÿ ïî ÁÏ;ÂÐÓÊ;244;Ðåãèñòðàöèÿ;äîñüå;0;AUTO
ÎÑÖ Íèæíèé Íîâãîðîä;Âíå ïîäðàçäåëåíèé;RG 0001 244 00 03;Ðåãèñòðàöèÿ ïî ÁÏ;ÂÐÓÊ;244;Ðåãèñòðàöèÿ;äîñüå;0;AUTO
ÎÑÖ Íèæíèé Íîâãîðîä;Àðõèâ ¹1 Íèæíèé Íîâãîðîä;RG 0001 244 00 03;Ðåãèñòðàöèÿ ïî ÁÏ;ÂÐÓÊ;244;Ðåãèñòðàöèÿ;äîñüå;0;AUTO
ÎÑÖ Íîâîñèáèðñê;Âíå ïîäðàçäåëåíèé;RG 0001 244 00 03;Ðåãèñòðàöèÿ ïî ÁÏ;ÂÐÓÊ;244;Ðåãèñòðàöèÿ;äîñüå;0;AUTO
ÎÑÖ Íîâîñèáèðñê;Àðõèâ ¹1 Íîâîñèáèðñê;RG 0001 244 00 03;Ðåãèñòðàöèÿ ïî ÁÏ;ÂÐÓÊ;244;Ðåãèñòðàöèÿ;äîñüå;0;AUTO
ÎÑÖ Íîâîñèáèðñê;Àðõèâ ¹3 Åêàòåðèíáóðã;RG 0001 244 00 03;Ðåãèñòðàöèÿ ïî ÁÏ;ÂÐÓÊ;244;Ðåãèñòðàöèÿ;äîñüå;0;AUTO
ÎÑÖ Ñàìàðà;Âíå ïîäðàçäåëåíèé;RG 0001 244 00 03;Ðåãèñòðàöèÿ ïî ÁÏ;ÂÐÓÊ;244;Ðåãèñòðàöèÿ;äîñüå;0;AUTO
ÎÑÖ Ñàìàðà;Àðõèâ ¹1 Ñàìàðà;RG 0001 244 00 03;Ðåãèñòðàöèÿ ïî ÁÏ;ÂÐÓÊ;244;Ðåãèñòðàöèÿ;äîñüå;0;AUTO
ÎÑÖ Âîðîíåæ;Âíå ïîäðàçäåëåíèé;RG 0001 242 00 03;Ðåãèñòðàöèÿ ÁÏ;ÂÐÓÊ;242;Ðåãèñòðàöèÿ;ØÊ;0;AUTO
ÎÑÖ Ìîñêâà;Âíå ïîäðàçäåëåíèé;RG 0001 242 00 03;Ðåãèñòðàöèÿ ÁÏ;ÂÐÓÊ;242;Ðåãèñòðàöèÿ;ØÊ;0;AUTO
ÎÑÖ Íèæíèé Íîâãîðîä;Âíå ïîäðàçäåëåíèé;RG 0001 242 00 03;Ðåãèñòðàöèÿ ÁÏ;ÂÐÓÊ;242;Ðåãèñòðàöèÿ;ØÊ;0;AUTO
ÎÑÖ Íîâîñèáèðñê;Âíå ïîäðàçäåëåíèé;RG 0001 242 00 03;Ðåãèñòðàöèÿ ÁÏ;ÂÐÓÊ;242;Ðåãèñòðàöèÿ;ØÊ;0;AUTO
ÎÑÖ Ñàìàðà;Âíå ïîäðàçäåëåíèé;RG 0001 242 00 03;Ðåãèñòðàöèÿ ÁÏ;ÂÐÓÊ;242;Ðåãèñòðàöèÿ;ØÊ;0;AUTO
ÎÑÖ Âîðîíåæ;Âíå ïîäðàçäåëåíèé;RG 0001 267 00 03;Ðåãèñòðàöèÿ ïî ÁÏ;ÂÐÓÊ;267;Ðåãèñòðàöèÿ;äîñüå;0;AUTO
ÎÑÖ Âîðîíåæ;Àðõèâ ¹1 Âîðîíåæ;RG 0001 267 00 03;Ðåãèñòðàöèÿ ïî ÁÏ;ÂÐÓÊ;267;Ðåãèñòðàöèÿ;äîñüå;0;AUTO
ÎÑÖ Âîðîíåæ;Àðõèâ ¹3 Êàëèíèíãðàä;RG 0001 267 00 03;Ðåãèñòðàöèÿ ïî ÁÏ;ÂÐÓÊ;267;Ðåãèñòðàöèÿ;äîñüå;0;AUTO
ÎÑÖ Âîðîíåæ;Àðõèâ ¹4 Ñàíêò-Ïåòåðáóðã;RG 0001 267 00 03;Ðåãèñòðàöèÿ ïî ÁÏ;ÂÐÓÊ;267;Ðåãèñòðàöèÿ;äîñüå;0;AUTO
ÎÑÖ Ìîñêâà;Âíå ïîäðàçäåëåíèé;RG 0001 267 00 03;Ðåãèñòðàöèÿ ïî ÁÏ;ÂÐÓÊ;267;Ðåãèñòðàöèÿ;äîñüå;0;AUTO
ÎÑÖ Ìîñêâà;Àðõèâ ¹1 Òîìèëèíî;RG 0001 267 00 03;Ðåãèñòðàöèÿ ïî ÁÏ;ÂÐÓÊ;267;Ðåãèñòðàöèÿ;äîñüå;0;AUTO
ÎÑÖ Íèæíèé Íîâãîðîä;Âíå ïîäðàçäåëåíèé;RG 0001 267 00 03;Ðåãèñòðàöèÿ ïî ÁÏ;ÂÐÓÊ;267;Ðåãèñòðàöèÿ;äîñüå;0;AUTO
ÎÑÖ Íèæíèé Íîâãîðîä;Àðõèâ ¹1 Íèæíèé Íîâãîðîä;RG 0001 267 00 03;Ðåãèñòðàöèÿ ïî ÁÏ;ÂÐÓÊ;267;Ðåãèñòðàöèÿ;äîñüå;0;AUTO
ÎÑÖ Íîâîñèáèðñê;Âíå ïîäðàçäåëåíèé;RG 0001 267 00 03;Ðåãèñòðàöèÿ ïî ÁÏ;ÂÐÓÊ;267;Ðåãèñòðàöèÿ;äîñüå;0;AUTO
ÎÑÖ Íîâîñèáèðñê;Àðõèâ ¹1 Íîâîñèáèðñê;RG 0001 267 00 03;Ðåãèñòðàöèÿ ïî ÁÏ;ÂÐÓÊ;267;Ðåãèñòðàöèÿ;äîñüå;0;AUTO
ÎÑÖ Íîâîñèáèðñê;Àðõèâ ¹3 Åêàòåðèíáóðã;RG 0001 267 00 03;Ðåãèñòðàöèÿ ïî ÁÏ;ÂÐÓÊ;267;Ðåãèñòðàöèÿ;äîñüå;0;AUTO
ÎÑÖ Ñàìàðà;Âíå ïîäðàçäåëåíèé;RG 0001 267 00 03;Ðåãèñòðàöèÿ ïî ÁÏ;ÂÐÓÊ;267;Ðåãèñòðàöèÿ;äîñüå;0;AUTO
ÎÑÖ Ñàìàðà;Àðõèâ ¹1 Ñàìàðà;RG 0001 267 00 03;Ðåãèñòðàöèÿ ïî ÁÏ;ÂÐÓÊ;267;Ðåãèñòðàöèÿ;äîñüå;0;AUTO
ÎÑÖ Âîðîíåæ;Âíå ïîäðàçäåëåíèé;RG 0001 268 00 03;Ðåãèñòðàöèÿ ïî ÁÏ;ÂÐÓÊ;268;Ðåãèñòðàöèÿ;äîñüå;0;AUTO
ÎÑÖ Âîðîíåæ;Àðõèâ ¹1 Âîðîíåæ;RG 0001 268 00 03;Ðåãèñòðàöèÿ ïî ÁÏ;ÂÐÓÊ;268;Ðåãèñòðàöèÿ;äîñüå;92,333;AUTO
ÎÑÖ Âîðîíåæ;Àðõèâ ¹3 Êàëèíèíãðàä;RG 0001 268 00 03;Ðåãèñòðàöèÿ ïî ÁÏ;ÂÐÓÊ;268;Ðåãèñòðàöèÿ;äîñüå;81,367;AUTO
ÎÑÖ Âîðîíåæ;Àðõèâ ¹4 Ñàíêò-Ïåòåðáóðã;RG 0001 268 00 03;Ðåãèñòðàöèÿ ïî ÁÏ;ÂÐÓÊ;268;Ðåãèñòðàöèÿ;äîñüå;82,556;AUTO
ÎÑÖ Ìîñêâà;Âíå ïîäðàçäåëåíèé;RG 0001 268 00 03;Ðåãèñòðàöèÿ ïî ÁÏ;ÂÐÓÊ;268;Ðåãèñòðàöèÿ;äîñüå;0;AUTO
ÎÑÖ Ìîñêâà;Àðõèâ ¹1 Òîìèëèíî;RG 0001 268 00 03;Ðåãèñòðàöèÿ ïî ÁÏ;ÂÐÓÊ;268;Ðåãèñòðàöèÿ;äîñüå;86,692;AUTO
ÎÑÖ Íèæíèé Íîâãîðîä;Âíå ïîäðàçäåëåíèé;RG 0001 268 00 03;Ðåãèñòðàöèÿ ïî ÁÏ;ÂÐÓÊ;268;Ðåãèñòðàöèÿ;äîñüå;0;AUTO
ÎÑÖ Íèæíèé Íîâãîðîä;Àðõèâ ¹1 Íèæíèé Íîâãîðîä;RG 0001 268 00 03;Ðåãèñòðàöèÿ ïî ÁÏ;ÂÐÓÊ;268;Ðåãèñòðàöèÿ;äîñüå;90;AUTO
ÎÑÖ Íîâîñèáèðñê;Âíå ïîäðàçäåëåíèé;RG 0001 268 00 03;Ðåãèñòðàöèÿ ïî ÁÏ;ÂÐÓÊ;268;Ðåãèñòðàöèÿ;äîñüå;0;AUTO
ÎÑÖ Íîâîñèáèðñê;Àðõèâ ¹1 Íîâîñèáèðñê;RG 0001 268 00 03;Ðåãèñòðàöèÿ ïî ÁÏ;ÂÐÓÊ;268;Ðåãèñòðàöèÿ;äîñüå;75;AUTO
ÎÑÖ Íîâîñèáèðñê;Àðõèâ ¹3 Åêàòåðèíáóðã;RG 0001 268 00 03;Ðåãèñòðàöèÿ ïî ÁÏ;ÂÐÓÊ;268;Ðåãèñòðàöèÿ;äîñüå;85;AUTO
ÎÑÖ Ñàìàðà;Âíå ïîäðàçäåëåíèé;RG 0001 268 00 03;Ðåãèñòðàöèÿ ïî ÁÏ;ÂÐÓÊ;268;Ðåãèñòðàöèÿ;äîñüå;0;AUTO
ÎÑÖ Ñàìàðà;Àðõèâ ¹1 Ñàìàðà;RG 0001 268 00 03;Ðåãèñòðàöèÿ ïî ÁÏ;ÂÐÓÊ;268;Ðåãèñòðàöèÿ;äîñüå;97,667;AUTO
ÎÑÖ Âîðîíåæ;Âíå ïîäðàçäåëåíèé;RG 0001 281 00 03;Ðåãèñòðàöèÿ ïî ÁÏ;ÂÐÓÊ;281;Ðåãèñòðàöèÿ;äîñüå;0;AUTO
ÎÑÖ Âîðîíåæ;Àðõèâ ¹1 Âîðîíåæ;RG 0001 281 00 03;Ðåãèñòðàöèÿ ïî ÁÏ;ÂÐÓÊ;281;Ðåãèñòðàöèÿ;äîñüå;0;AUTO
ÎÑÖ Âîðîíåæ;Àðõèâ ¹3 Êàëèíèíãðàä;RG 0001 281 00 03;Ðåãèñòðàöèÿ ïî ÁÏ;ÂÐÓÊ;281;Ðåãèñòðàöèÿ;äîñüå;0;AUTO
ÎÑÖ Âîðîíåæ;Àðõèâ ¹4 Ñàíêò-Ïåòåðáóðã;RG 0001 281 00 03;Ðåãèñòðàöèÿ ïî ÁÏ;ÂÐÓÊ;281;Ðåãèñòðàöèÿ;äîñüå;0;AUTO
ÎÑÖ Ìîñêâà;Âíå ïîäðàçäåëåíèé;RG 0001 281 00 03;Ðåãèñòðàöèÿ ïî ÁÏ;ÂÐÓÊ;281;Ðåãèñòðàöèÿ;äîñüå;0;AUTO
ÎÑÖ Ìîñêâà;Àðõèâ ¹1 Òîìèëèíî;RG 0001 281 00 03;Ðåãèñòðàöèÿ ïî ÁÏ;ÂÐÓÊ;281;Ðåãèñòðàöèÿ;äîñüå;0;AUTO
ÎÑÖ Íèæíèé Íîâãîðîä;Âíå ïîäðàçäåëåíèé;RG 0001 281 00 03;Ðåãèñòðàöèÿ ïî ÁÏ;ÂÐÓÊ;281;Ðåãèñòðàöèÿ;äîñüå;0;AUTO
ÎÑÖ Íèæíèé Íîâãîðîä;Àðõèâ ¹1 Íèæíèé Íîâãîðîä;RG 0001 281 00 03;Ðåãèñòðàöèÿ ïî ÁÏ;ÂÐÓÊ;281;Ðåãèñòðàöèÿ;äîñüå;0;AUTO
ÎÑÖ Íîâîñèáèðñê;Âíå ïîäðàçäåëåíèé;RG 0001 281 00 03;Ðåãèñòðàöèÿ ïî ÁÏ;ÂÐÓÊ;281;Ðåãèñòðàöèÿ;äîñüå;0;AUTO
ÎÑÖ Íîâîñèáèðñê;Àðõèâ ¹1 Íîâîñèáèðñê;RG 0001 281 00 03;Ðåãèñòðàöèÿ ïî ÁÏ;ÂÐÓÊ;281;Ðåãèñòðàöèÿ;äîñüå;0;AUTO
ÎÑÖ Íîâîñèáèðñê;Àðõèâ ¹3 Åêàòåðèíáóðã;RG 0001 281 00 03;Ðåãèñòðàöèÿ ïî ÁÏ;ÂÐÓÊ;281;Ðåãèñòðàöèÿ;äîñüå;0;AUTO
ÎÑÖ Ñàìàðà;Âíå ïîäðàçäåëåíèé;RG 0001 281 00 03;Ðåãèñòðàöèÿ ïî ÁÏ;ÂÐÓÊ;281;Ðåãèñòðàöèÿ;äîñüå;0;AUTO
ÎÑÖ Ñàìàðà;Àðõèâ ¹1 Ñàìàðà;RG 0001 281 00 03;Ðåãèñòðàöèÿ ïî ÁÏ;ÂÐÓÊ;281;Ðåãèñòðàöèÿ;äîñüå;0;AUTO
ÎÑÖ Âîðîíåæ;Âíå ïîäðàçäåëåíèé;RG 0001 293 00 03;Ðåãèñòðàöèÿ ïî ÁÏ;ÂÐÓÊ;293;Ðåãèñòðàöèÿ;äîñüå;0;AUTO
ÎÑÖ Âîðîíåæ;Àðõèâ ¹1 Âîðîíåæ;RG 0001 293 00 03;Ðåãèñòðàöèÿ ïî ÁÏ;ÂÐÓÊ;293;Ðåãèñòðàöèÿ;äîñüå;0;AUTO
ÎÑÖ Âîðîíåæ;Àðõèâ ¹3 Êàëèíèíãðàä;RG 0001 293 00 03;Ðåãèñòðàöèÿ ïî ÁÏ;ÂÐÓÊ;293;Ðåãèñòðàöèÿ;äîñüå;0;AUTO
ÎÑÖ Âîðîíåæ;Àðõèâ ¹4 Ñàíêò-Ïåòåðáóðã;RG 0001 293 00 03;Ðåãèñòðàöèÿ ïî ÁÏ;ÂÐÓÊ;293;Ðåãèñòðàöèÿ;äîñüå;75;AUTO
ÎÑÖ Ìîñêâà;Âíå ïîäðàçäåëåíèé;RG 0001 293 00 03;Ðåãèñòðàöèÿ ïî ÁÏ;ÂÐÓÊ;293;Ðåãèñòðàöèÿ;äîñüå;0;AUTO
ÎÑÖ Ìîñêâà;Àðõèâ ¹1 Òîìèëèíî;RG 0001 293 00 03;Ðåãèñòðàöèÿ ïî ÁÏ;ÂÐÓÊ;293;Ðåãèñòðàöèÿ;äîñüå;74,669;AUTO
ÎÑÖ Íèæíèé Íîâãîðîä;Âíå ïîäðàçäåëåíèé;RG 0001 293 00 03;Ðåãèñòðàöèÿ ïî ÁÏ;ÂÐÓÊ;293;Ðåãèñòðàöèÿ;äîñüå;0;AUTO
ÎÑÖ Íèæíèé Íîâãîðîä;Àðõèâ ¹1 Íèæíèé Íîâãîðîä;RG 0001 293 00 03;Ðåãèñòðàöèÿ ïî ÁÏ;ÂÐÓÊ;293;Ðåãèñòðàöèÿ;äîñüå;75;AUTO
ÎÑÖ Íîâîñèáèðñê;Âíå ïîäðàçäåëåíèé;RG 0001 293 00 03;Ðåãèñòðàöèÿ ïî ÁÏ;ÂÐÓÊ;293;Ðåãèñòðàöèÿ;äîñüå;0;AUTO
ÎÑÖ Íîâîñèáèðñê;Àðõèâ ¹1 Íîâîñèáèðñê;RG 0001 293 00 03;Ðåãèñòðàöèÿ ïî ÁÏ;ÂÐÓÊ;293;Ðåãèñòðàöèÿ;äîñüå;75;AUTO
ÎÑÖ Íîâîñèáèðñê;Àðõèâ ¹3 Åêàòåðèíáóðã;RG 0001 293 00 03;Ðåãèñòðàöèÿ ïî ÁÏ;ÂÐÓÊ;293;Ðåãèñòðàöèÿ;äîñüå;75;AUTO
ÎÑÖ Ñàìàðà;Âíå ïîäðàçäåëåíèé;RG 0001 293 00 03;Ðåãèñòðàöèÿ ïî ÁÏ;ÂÐÓÊ;293;Ðåãèñòðàöèÿ;äîñüå;0;AUTO
ÎÑÖ Ñàìàðà;Àðõèâ ¹1 Ñàìàðà;RG 0001 293 00 03;Ðåãèñòðàöèÿ ïî ÁÏ;ÂÐÓÊ;293;Ðåãèñòðàöèÿ;äîñüå;75;AUTO
ÎÑÖ Âîðîíåæ;Âíå ïîäðàçäåëåíèé;RG 0001 294 00 03;Ðåãèñòðàöèÿ ïî ÁÏ;ÂÐÓÊ;294;Ðåãèñòðàöèÿ;äîñüå;0;AUTO
ÎÑÖ Âîðîíåæ;Àðõèâ ¹1 Âîðîíåæ;RG 0001 294 00 03;Ðåãèñòðàöèÿ ïî ÁÏ;ÂÐÓÊ;294;Ðåãèñòðàöèÿ;äîñüå;0;AUTO
ÎÑÖ Âîðîíåæ;Àðõèâ ¹3 Êàëèíèíãðàä;RG 0001 294 00 03;Ðåãèñòðàöèÿ ïî ÁÏ;ÂÐÓÊ;294;Ðåãèñòðàöèÿ;äîñüå;0;AUTO
ÎÑÖ Âîðîíåæ;Àðõèâ ¹4 Ñàíêò-Ïåòåðáóðã;RG 0001 294 00 03;Ðåãèñòðàöèÿ ïî ÁÏ;ÂÐÓÊ;294;Ðåãèñòðàöèÿ;äîñüå;75,05;AUTO
ÎÑÖ Ìîñêâà;Âíå ïîäðàçäåëåíèé;RG 0001 294 00 03;Ðåãèñòðàöèÿ ïî ÁÏ;ÂÐÓÊ;294;Ðåãèñòðàöèÿ;äîñüå;0;AUTO
ÎÑÖ Ìîñêâà;Àðõèâ ¹1 Òîìèëèíî;RG 0001 294 00 03;Ðåãèñòðàöèÿ ïî ÁÏ;ÂÐÓÊ;294;Ðåãèñòðàöèÿ;äîñüå;74,669;AUTO
ÎÑÖ Íèæíèé Íîâãîðîä;Âíå ïîäðàçäåëåíèé;RG 0001 294 00 03;Ðåãèñòðàöèÿ ïî ÁÏ;ÂÐÓÊ;294;Ðåãèñòðàöèÿ;äîñüå;0;AUTO
ÎÑÖ Íèæíèé Íîâãîðîä;Àðõèâ ¹1 Íèæíèé Íîâãîðîä;RG 0001 294 00 03;Ðåãèñòðàöèÿ ïî ÁÏ;ÂÐÓÊ;294;Ðåãèñòðàöèÿ;äîñüå;75,033;AUTO
ÎÑÖ Íîâîñèáèðñê;Âíå ïîäðàçäåëåíèé;RG 0001 294 00 03;Ðåãèñòðàöèÿ ïî ÁÏ;ÂÐÓÊ;294;Ðåãèñòðàöèÿ;äîñüå;0;AUTO
ÎÑÖ Íîâîñèáèðñê;Àðõèâ ¹1 Íîâîñèáèðñê;RG 0001 294 00 03;Ðåãèñòðàöèÿ ïî ÁÏ;ÂÐÓÊ;294;Ðåãèñòðàöèÿ;äîñüå;74,867;AUTO
ÎÑÖ Íîâîñèáèðñê;Àðõèâ ¹3 Åêàòåðèíáóðã;RG 0001 294 00 03;Ðåãèñòðàöèÿ ïî ÁÏ;ÂÐÓÊ;294;Ðåãèñòðàöèÿ;äîñüå;75;AUTO
ÎÑÖ Ñàìàðà;Âíå ïîäðàçäåëåíèé;RG 0001 294 00 03;Ðåãèñòðàöèÿ ïî ÁÏ;ÂÐÓÊ;294;Ðåãèñòðàöèÿ;äîñüå;0;AUTO
ÎÑÖ Ñàìàðà;Àðõèâ ¹1 Ñàìàðà;RG 0001 294 00 03;Ðåãèñòðàöèÿ ïî ÁÏ;ÂÐÓÊ;294;Ðåãèñòðàöèÿ;äîñüå;75;AUTO
ÎÑÖ Âîðîíåæ;Âíå ïîäðàçäåëåíèé;RG 0001 295 00 03;Ðåãèñòðàöèÿ ïî ÁÏ;ÂÐÓÊ;295;Ðåãèñòðàöèÿ;äîñüå;0;AUTO
ÎÑÖ Âîðîíåæ;Àðõèâ ¹1 Âîðîíåæ;RG 0001 295 00 03;Ðåãèñòðàöèÿ ïî ÁÏ;ÂÐÓÊ;295;Ðåãèñòðàöèÿ;äîñüå;0;AUTO
ÎÑÖ Âîðîíåæ;Àðõèâ ¹3 Êàëèíèíãðàä;RG 0001 295 00 03;Ðåãèñòðàöèÿ ïî ÁÏ;ÂÐÓÊ;295;Ðåãèñòðàöèÿ;äîñüå;0;AUTO
ÎÑÖ Âîðîíåæ;Àðõèâ ¹4 Ñàíêò-Ïåòåðáóðã;RG 0001 295 00 03;Ðåãèñòðàöèÿ ïî ÁÏ;ÂÐÓÊ;295;Ðåãèñòðàöèÿ;äîñüå;75;AUTO
ÎÑÖ Ìîñêâà;Âíå ïîäðàçäåëåíèé;RG 0001 295 00 03;Ðåãèñòðàöèÿ ïî ÁÏ;ÂÐÓÊ;295;Ðåãèñòðàöèÿ;äîñüå;0;AUTO
ÎÑÖ Ìîñêâà;Àðõèâ ¹1 Òîìèëèíî;RG 0001 295 00 03;Ðåãèñòðàöèÿ ïî ÁÏ;ÂÐÓÊ;295;Ðåãèñòðàöèÿ;äîñüå;74,669;AUTO
ÎÑÖ Íèæíèé Íîâãîðîä;Âíå ïîäðàçäåëåíèé;RG 0001 295 00 03;Ðåãèñòðàöèÿ ïî ÁÏ;ÂÐÓÊ;295;Ðåãèñòðàöèÿ;äîñüå;0;AUTO
ÎÑÖ Íèæíèé Íîâãîðîä;Àðõèâ ¹1 Íèæíèé Íîâãîðîä;RG 0001 295 00 03;Ðåãèñòðàöèÿ ïî ÁÏ;ÂÐÓÊ;295;Ðåãèñòðàöèÿ;äîñüå;75,033;AUTO
ÎÑÖ Íîâîñèáèðñê;Âíå ïîäðàçäåëåíèé;RG 0001 295 00 03;Ðåãèñòðàöèÿ ïî ÁÏ;ÂÐÓÊ;295;Ðåãèñòðàöèÿ;äîñüå;0;AUTO
ÎÑÖ Íîâîñèáèðñê;Àðõèâ ¹1 Íîâîñèáèðñê;RG 0001 295 00 03;Ðåãèñòðàöèÿ ïî ÁÏ;ÂÐÓÊ;295;Ðåãèñòðàöèÿ;äîñüå;75,067;AUTO
ÎÑÖ Íîâîñèáèðñê;Àðõèâ ¹3 Åêàòåðèíáóðã;RG 0001 295 00 03;Ðåãèñòðàöèÿ ïî ÁÏ;ÂÐÓÊ;295;Ðåãèñòðàöèÿ;äîñüå;75,133;AUTO
ÎÑÖ Ñàìàðà;Âíå ïîäðàçäåëåíèé;RG 0001 295 00 03;Ðåãèñòðàöèÿ ïî ÁÏ;ÂÐÓÊ;295;Ðåãèñòðàöèÿ;äîñüå;0;AUTO
ÎÑÖ Ñàìàðà;Àðõèâ ¹1 Ñàìàðà;RG 0001 295 00 03;Ðåãèñòðàöèÿ ïî ÁÏ;ÂÐÓÊ;295;Ðåãèñòðàöèÿ;äîñüå;75;AUTO
ÎÑÖ Âîðîíåæ;Âíå ïîäðàçäåëåíèé;RG 0001 002 00 51;Ðåãèñòðàöèÿ ïî ÁÏ (Èñò. Ôîíä íå ÄÁÎ);Ðåã.;02;Ðåãèñòðàöèÿ;äîñüå;0;AUTO
ÎÑÖ Âîðîíåæ;Àðõèâ ¹1 Âîðîíåæ;RG 0001 002 00 51;Ðåãèñòðàöèÿ ïî ÁÏ (Èñò. Ôîíä íå ÄÁÎ);Ðåã.;02;Ðåãèñòðàöèÿ;äîñüå;0;AUTO
ÎÑÖ Âîðîíåæ;Àðõèâ ¹3 Êàëèíèíãðàä;RG 0001 002 00 51;Ðåãèñòðàöèÿ ïî ÁÏ (Èñò. Ôîíä íå ÄÁÎ);Ðåã.;02;Ðåãèñòðàöèÿ;äîñüå;0;AUTO
ÎÑÖ Âîðîíåæ;Àðõèâ ¹4 Ñàíêò-Ïåòåðáóðã;RG 0001 002 00 51;Ðåãèñòðàöèÿ ïî ÁÏ (Èñò. Ôîíä íå ÄÁÎ);Ðåã.;02;Ðåãèñòðàöèÿ;äîñüå;0;AUTO
ÎÑÖ Ìîñêâà;Âíå ïîäðàçäåëåíèé;RG 0001 002 00 51;Ðåãèñòðàöèÿ ïî ÁÏ (Èñò. Ôîíä íå ÄÁÎ);Ðåã.;02;Ðåãèñòðàöèÿ;äîñüå;0;AUTO
ÎÑÖ Ìîñêâà;Àðõèâ ¹1 Òîìèëèíî;RG 0001 002 00 51;Ðåãèñòðàöèÿ ïî ÁÏ (Èñò. Ôîíä íå ÄÁÎ);Ðåã.;02;Ðåãèñòðàöèÿ;äîñüå;0;AUTO
ÎÑÖ Íèæíèé Íîâãîðîä;Âíå ïîäðàçäåëåíèé;RG 0001 002 00 51;Ðåãèñòðàöèÿ ïî ÁÏ (Èñò. Ôîíä íå ÄÁÎ);Ðåã.;02;Ðåãèñòðàöèÿ;äîñüå;0;AUTO
ÎÑÖ Íèæíèé Íîâãîðîä;Àðõèâ ¹1 Íèæíèé Íîâãîðîä;RG 0001 002 00 51;Ðåãèñòðàöèÿ ïî ÁÏ (Èñò. Ôîíä íå ÄÁÎ);Ðåã.;02;Ðåãèñòðàöèÿ;äîñüå;0;AUTO
ÎÑÖ Íîâîñèáèðñê;Âíå ïîäðàçäåëåíèé;RG 0001 002 00 51;Ðåãèñòðàöèÿ ïî ÁÏ (Èñò. Ôîíä íå ÄÁÎ);Ðåã.;02;Ðåãèñòðàöèÿ;äîñüå;0;AUTO
ÎÑÖ Íîâîñèáèðñê;Àðõèâ ¹1 Íîâîñèáèðñê;RG 0001 002 00 51;Ðåãèñòðàöèÿ ïî ÁÏ (Èñò. Ôîíä íå ÄÁÎ);Ðåã.;02;Ðåãèñòðàöèÿ;äîñüå;0;AUTO
ÎÑÖ Íîâîñèáèðñê;Àðõèâ ¹3 Åêàòåðèíáóðã;RG 0001 002 00 51;Ðåãèñòðàöèÿ ïî ÁÏ (Èñò. Ôîíä íå ÄÁÎ);Ðåã.;02;Ðåãèñòðàöèÿ;äîñüå;0;AUTO
ÎÑÖ Ñàìàðà;Âíå ïîäðàçäåëåíèé;RG 0001 002 00 51;Ðåãèñòðàöèÿ ïî ÁÏ (Èñò. Ôîíä íå ÄÁÎ);Ðåã.;02;Ðåãèñòðàöèÿ;äîñüå;0;AUTO
ÎÑÖ Ñàìàðà;Àðõèâ ¹1 Ñàìàðà;RG 0001 002 00 51;Ðåãèñòðàöèÿ ïî ÁÏ (Èñò. Ôîíä íå ÄÁÎ);Ðåã.;02;Ðåãèñòðàöèÿ;äîñüå;0;AUTO
ÎÑÖ Âîðîíåæ;Âíå ïîäðàçäåëåíèé;RG 0001 013 00 51;Ðåãèñòðàöèÿ ïî ÁÏ (Èñò. Ôîíä íå ÄÁÎ);Ðåã.;13;Ðåãèñòðàöèÿ;äîñüå;0;AUTO
ÎÑÖ Âîðîíåæ;Àðõèâ ¹1 Âîðîíåæ;RG 0001 013 00 51;Ðåãèñòðàöèÿ ïî ÁÏ (Èñò. Ôîíä íå ÄÁÎ);Ðåã.;13;Ðåãèñòðàöèÿ;äîñüå;39;AUTO
ÎÑÖ Âîðîíåæ;Àðõèâ ¹3 Êàëèíèíãðàä;RG 0001 013 00 51;Ðåãèñòðàöèÿ ïî ÁÏ (Èñò. Ôîíä íå ÄÁÎ);Ðåã.;13;Ðåãèñòðàöèÿ;äîñüå;59;AUTO
ÎÑÖ Âîðîíåæ;Àðõèâ ¹4 Ñàíêò-Ïåòåðáóðã;RG 0001 013 00 51;Ðåãèñòðàöèÿ ïî ÁÏ (Èñò. Ôîíä íå ÄÁÎ);Ðåã.;13;Ðåãèñòðàöèÿ;äîñüå;29;AUTO
ÎÑÖ Ìîñêâà;Âíå ïîäðàçäåëåíèé;RG 0001 013 00 51;Ðåãèñòðàöèÿ ïî ÁÏ (Èñò. Ôîíä íå ÄÁÎ);Ðåã.;13;Ðåãèñòðàöèÿ;äîñüå;0;AUTO
ÎÑÖ Ìîñêâà;Àðõèâ ¹1 Òîìèëèíî;RG 0001 013 00 51;Ðåãèñòðàöèÿ ïî ÁÏ (Èñò. Ôîíä íå ÄÁÎ);Ðåã.;13;Ðåãèñòðàöèÿ;äîñüå;31,097;AUTO
ÎÑÖ Íèæíèé Íîâãîðîä;Âíå ïîäðàçäåëåíèé;RG 0001 013 00 51;Ðåãèñòðàöèÿ ïî ÁÏ (Èñò. Ôîíä íå ÄÁÎ);Ðåã.;13;Ðåãèñòðàöèÿ;äîñüå;0;AUTO
ÎÑÖ Íèæíèé Íîâãîðîä;Àðõèâ ¹1 Íèæíèé Íîâãîðîä;RG 0001 013 00 51;Ðåãèñòðàöèÿ ïî ÁÏ (Èñò. Ôîíä íå ÄÁÎ);Ðåã.;13;Ðåãèñòðàöèÿ;äîñüå;39;AUTO
ÎÑÖ Íîâîñèáèðñê;Âíå ïîäðàçäåëåíèé;RG 0001 013 00 51;Ðåãèñòðàöèÿ ïî ÁÏ (Èñò. Ôîíä íå ÄÁÎ);Ðåã.;13;Ðåãèñòðàöèÿ;äîñüå;0;AUTO
ÎÑÖ Íîâîñèáèðñê;Àðõèâ ¹1 Íîâîñèáèðñê;RG 0001 013 00 51;Ðåãèñòðàöèÿ ïî ÁÏ (Èñò. Ôîíä íå ÄÁÎ);Ðåã.;13;Ðåãèñòðàöèÿ;äîñüå;29;AUTO
ÎÑÖ Íîâîñèáèðñê;Àðõèâ ¹3 Åêàòåðèíáóðã;RG 0001 013 00 51;Ðåãèñòðàöèÿ ïî ÁÏ (Èñò. Ôîíä íå ÄÁÎ);Ðåã.;13;Ðåãèñòðàöèÿ;äîñüå;29;AUTO
ÎÑÖ Ñàìàðà;Âíå ïîäðàçäåëåíèé;RG 0001 013 00 51;Ðåãèñòðàöèÿ ïî ÁÏ (Èñò. Ôîíä íå ÄÁÎ);Ðåã.;13;Ðåãèñòðàöèÿ;äîñüå;0;AUTO
ÎÑÖ Ñàìàðà;Àðõèâ ¹1 Ñàìàðà;RG 0001 013 00 51;Ðåãèñòðàöèÿ ïî ÁÏ (Èñò. Ôîíä íå ÄÁÎ);Ðåã.;13;Ðåãèñòðàöèÿ;äîñüå;29;AUTO
ÎÑÖ Âîðîíåæ;Âíå ïîäðàçäåëåíèé;RG 0001 001 00 51;Ðåãèñòðàöèÿ ïî ÁÏ (Èñò. Ôîíä íå ÄÁÎ);Ðåã.;01;Ðåãèñòðàöèÿ;äîñüå;0;AUTO
ÎÑÖ Âîðîíåæ;Àðõèâ ¹1 Âîðîíåæ;RG 0001 001 00 51;Ðåãèñòðàöèÿ ïî ÁÏ (Èñò. Ôîíä íå ÄÁÎ);Ðåã.;01;Ðåãèñòðàöèÿ;äîñüå;33;AUTO
ÎÑÖ Âîðîíåæ;Àðõèâ ¹3 Êàëèíèíãðàä;RG 0001 001 00 51;Ðåãèñòðàöèÿ ïî ÁÏ (Èñò. Ôîíä íå ÄÁÎ);Ðåã.;01;Ðåãèñòðàöèÿ;äîñüå;0;AUTO
ÎÑÖ Âîðîíåæ;Àðõèâ ¹4 Ñàíêò-Ïåòåðáóðã;RG 0001 001 00 51;Ðåãèñòðàöèÿ ïî ÁÏ (Èñò. Ôîíä íå ÄÁÎ);Ðåã.;01;Ðåãèñòðàöèÿ;äîñüå;29;AUTO
ÎÑÖ Ìîñêâà;Âíå ïîäðàçäåëåíèé;RG 0001 001 00 51;Ðåãèñòðàöèÿ ïî ÁÏ (Èñò. Ôîíä íå ÄÁÎ);Ðåã.;01;Ðåãèñòðàöèÿ;äîñüå;0;AUTO
ÎÑÖ Ìîñêâà;Àðõèâ ¹1 Òîìèëèíî;RG 0001 001 00 51;Ðåãèñòðàöèÿ ïî ÁÏ (Èñò. Ôîíä íå ÄÁÎ);Ðåã.;01;Ðåãèñòðàöèÿ;äîñüå;31,063;AUTO
ÎÑÖ Íèæíèé Íîâãîðîä;Âíå ïîäðàçäåëåíèé;RG 0001 001 00 51;Ðåãèñòðàöèÿ ïî ÁÏ (Èñò. Ôîíä íå ÄÁÎ);Ðåã.;01;Ðåãèñòðàöèÿ;äîñüå;0;AUTO
ÎÑÖ Íèæíèé Íîâãîðîä;Àðõèâ ¹1 Íèæíèé Íîâãîðîä;RG 0001 001 00 51;Ðåãèñòðàöèÿ ïî ÁÏ (Èñò. Ôîíä íå ÄÁÎ);Ðåã.;01;Ðåãèñòðàöèÿ;äîñüå;32,023;AUTO
ÎÑÖ Íîâîñèáèðñê;Âíå ïîäðàçäåëåíèé;RG 0001 001 00 51;Ðåãèñòðàöèÿ ïî ÁÏ (Èñò. Ôîíä íå ÄÁÎ);Ðåã.;01;Ðåãèñòðàöèÿ;äîñüå;0;AUTO
ÎÑÖ Íîâîñèáèðñê;Àðõèâ ¹1 Íîâîñèáèðñê;RG 0001 001 00 51;Ðåãèñòðàöèÿ ïî ÁÏ (Èñò. Ôîíä íå ÄÁÎ);Ðåã.;01;Ðåãèñòðàöèÿ;äîñüå;29;AUTO
ÎÑÖ Íîâîñèáèðñê;Àðõèâ ¹3 Åêàòåðèíáóðã;RG 0001 001 00 51;Ðåãèñòðàöèÿ ïî ÁÏ (Èñò. Ôîíä íå ÄÁÎ);Ðåã.;01;Ðåãèñòðàöèÿ;äîñüå;29;AUTO
ÎÑÖ Ñàìàðà;Âíå ïîäðàçäåëåíèé;RG 0001 001 00 51;Ðåãèñòðàöèÿ ïî ÁÏ (Èñò. Ôîíä íå ÄÁÎ);Ðåã.;01;Ðåãèñòðàöèÿ;äîñüå;0;AUTO
ÎÑÖ Ñàìàðà;Àðõèâ ¹1 Ñàìàðà;RG 0001 001 00 51;Ðåãèñòðàöèÿ ïî ÁÏ (Èñò. Ôîíä íå ÄÁÎ);Ðåã.;01;Ðåãèñòðàöèÿ;äîñüå;29;AUTO
ÎÑÖ Âîðîíåæ;Âíå ïîäðàçäåëåíèé;RG 0001 003 00 51;Ðåãèñòðàöèÿ ïî ÁÏ (Èñò. Ôîíä íå ÄÁÎ);Ðåã.;03;Ðåãèñòðàöèÿ;äîñüå;0;AUTO
ÎÑÖ Âîðîíåæ;Àðõèâ ¹1 Âîðîíåæ;RG 0001 003 00 51;Ðåãèñòðàöèÿ ïî ÁÏ (Èñò. Ôîíä íå ÄÁÎ);Ðåã.;03;Ðåãèñòðàöèÿ;äîñüå;39;AUTO
ÎÑÖ Âîðîíåæ;Àðõèâ ¹3 Êàëèíèíãðàä;RG 0001 003 00 51;Ðåãèñòðàöèÿ ïî ÁÏ (Èñò. Ôîíä íå ÄÁÎ);Ðåã.;03;Ðåãèñòðàöèÿ;äîñüå;59;AUTO
ÎÑÖ Âîðîíåæ;Àðõèâ ¹4 Ñàíêò-Ïåòåðáóðã;RG 0001 003 00 51;Ðåãèñòðàöèÿ ïî ÁÏ (Èñò. Ôîíä íå ÄÁÎ);Ðåã.;03;Ðåãèñòðàöèÿ;äîñüå;29;AUTO
ÎÑÖ Ìîñêâà;Âíå ïîäðàçäåëåíèé;RG 0001 003 00 51;Ðåãèñòðàöèÿ ïî ÁÏ (Èñò. Ôîíä íå ÄÁÎ);Ðåã.;03;Ðåãèñòðàöèÿ;äîñüå;0;AUTO
ÎÑÖ Ìîñêâà;Àðõèâ ¹1 Òîìèëèíî;RG 0001 003 00 51;Ðåãèñòðàöèÿ ïî ÁÏ (Èñò. Ôîíä íå ÄÁÎ);Ðåã.;03;Ðåãèñòðàöèÿ;äîñüå;36;AUTO
ÎÑÖ Íèæíèé Íîâãîðîä;Âíå ïîäðàçäåëåíèé;RG 0001 003 00 51;Ðåãèñòðàöèÿ ïî ÁÏ (Èñò. Ôîíä íå ÄÁÎ);Ðåã.;03;Ðåãèñòðàöèÿ;äîñüå;0;AUTO
ÎÑÖ Íèæíèé Íîâãîðîä;Àðõèâ ¹1 Íèæíèé Íîâãîðîä;RG 0001 003 00 51;Ðåãèñòðàöèÿ ïî ÁÏ (Èñò. Ôîíä íå ÄÁÎ);Ðåã.;03;Ðåãèñòðàöèÿ;äîñüå;39;AUTO
ÎÑÖ Íîâîñèáèðñê;Âíå ïîäðàçäåëåíèé;RG 0001 003 00 51;Ðåãèñòðàöèÿ ïî ÁÏ (Èñò. Ôîíä íå ÄÁÎ);Ðåã.;03;Ðåãèñòðàöèÿ;äîñüå;0;AUTO
ÎÑÖ Íîâîñèáèðñê;Àðõèâ ¹1 Íîâîñèáèðñê;RG 0001 003 00 51;Ðåãèñòðàöèÿ ïî ÁÏ (Èñò. Ôîíä íå ÄÁÎ);Ðåã.;03;Ðåãèñòðàöèÿ;äîñüå;29;AUTO
ÎÑÖ Íîâîñèáèðñê;Àðõèâ ¹3 Åêàòåðèíáóðã;RG 0001 003 00 51;Ðåãèñòðàöèÿ ïî ÁÏ (Èñò. Ôîíä íå ÄÁÎ);Ðåã.;03;Ðåãèñòðàöèÿ;äîñüå;29;AUTO
ÎÑÖ Ñàìàðà;Âíå ïîäðàçäåëåíèé;RG 0001 003 00 51;Ðåãèñòðàöèÿ ïî ÁÏ (Èñò. Ôîíä íå ÄÁÎ);Ðåã.;03;Ðåãèñòðàöèÿ;äîñüå;0;AUTO
ÎÑÖ Ñàìàðà;Àðõèâ ¹1 Ñàìàðà;RG 0001 003 00 51;Ðåãèñòðàöèÿ ïî ÁÏ (Èñò. Ôîíä íå ÄÁÎ);Ðåã.;03;Ðåãèñòðàöèÿ;äîñüå;28;AUTO
ÎÑÖ Âîðîíåæ;Âíå ïîäðàçäåëåíèé;RG 0001 002 00 52;Ðåãèñòðàöèÿ ïî ÁÏ (Èñò. Ôîíä íå ÄÁÎ);ÂÑÏ;02;Ðåãèñòðàöèÿ;äîñüå;0;AUTO
ÎÑÖ Âîðîíåæ;Àðõèâ ¹1 Âîðîíåæ;RG 0001 002 00 52;Ðåãèñòðàöèÿ ïî ÁÏ (Èñò. Ôîíä íå ÄÁÎ);ÂÑÏ;02;Ðåãèñòðàöèÿ;äîñüå;0;AUTO
ÎÑÖ Âîðîíåæ;Àðõèâ ¹3 Êàëèíèíãðàä;RG 0001 002 00 52;Ðåãèñòðàöèÿ ïî ÁÏ (Èñò. Ôîíä íå ÄÁÎ);ÂÑÏ;02;Ðåãèñòðàöèÿ;äîñüå;0;AUTO
ÎÑÖ Âîðîíåæ;Àðõèâ ¹4 Ñàíêò-Ïåòåðáóðã;RG 0001 002 00 52;Ðåãèñòðàöèÿ ïî ÁÏ (Èñò. Ôîíä íå ÄÁÎ);ÂÑÏ;02;Ðåãèñòðàöèÿ;äîñüå;0;AUTO
ÎÑÖ Ìîñêâà;Âíå ïîäðàçäåëåíèé;RG 0001 002 00 52;Ðåãèñòðàöèÿ ïî ÁÏ (Èñò. Ôîíä íå ÄÁÎ);ÂÑÏ;02;Ðåãèñòðàöèÿ;äîñüå;0;AUTO
ÎÑÖ Ìîñêâà;Àðõèâ ¹1 Òîìèëèíî;RG 0001 002 00 52;Ðåãèñòðàöèÿ ïî ÁÏ (Èñò. Ôîíä íå ÄÁÎ);ÂÑÏ;02;Ðåãèñòðàöèÿ;äîñüå;0;AUTO
ÎÑÖ Íèæíèé Íîâãîðîä;Âíå ïîäðàçäåëåíèé;RG 0001 002 00 52;Ðåãèñòðàöèÿ ïî ÁÏ (Èñò. Ôîíä íå ÄÁÎ);ÂÑÏ;02;Ðåãèñòðàöèÿ;äîñüå;0;AUTO
ÎÑÖ Íèæíèé Íîâãîðîä;Àðõèâ ¹1 Íèæíèé Íîâãîðîä;RG 0001 002 00 52;Ðåãèñòðàöèÿ ïî ÁÏ (Èñò. Ôîíä íå ÄÁÎ);ÂÑÏ;02;Ðåãèñòðàöèÿ;äîñüå;0;AUTO
ÎÑÖ Íîâîñèáèðñê;Âíå ïîäðàçäåëåíèé;RG 0001 002 00 52;Ðåãèñòðàöèÿ ïî ÁÏ (Èñò. Ôîíä íå ÄÁÎ);ÂÑÏ;02;Ðåãèñòðàöèÿ;äîñüå;0;AUTO
ÎÑÖ Íîâîñèáèðñê;Àðõèâ ¹1 Íîâîñèáèðñê;RG 0001 002 00 52;Ðåãèñòðàöèÿ ïî ÁÏ (Èñò. Ôîíä íå ÄÁÎ);ÂÑÏ;02;Ðåãèñòðàöèÿ;äîñüå;0;AUTO
ÎÑÖ Íîâîñèáèðñê;Àðõèâ ¹3 Åêàòåðèíáóðã;RG 0001 002 00 52;Ðåãèñòðàöèÿ ïî ÁÏ (Èñò. Ôîíä íå ÄÁÎ);ÂÑÏ;02;Ðåãèñòðàöèÿ;äîñüå;0;AUTO
ÎÑÖ Ñàìàðà;Âíå ïîäðàçäåëåíèé;RG 0001 002 00 52;Ðåãèñòðàöèÿ ïî ÁÏ (Èñò. Ôîíä íå ÄÁÎ);ÂÑÏ;02;Ðåãèñòðàöèÿ;äîñüå;0;AUTO
ÎÑÖ Ñàìàðà;Àðõèâ ¹1 Ñàìàðà;RG 0001 002 00 52;Ðåãèñòðàöèÿ ïî ÁÏ (Èñò. Ôîíä íå ÄÁÎ);ÂÑÏ;02;Ðåãèñòðàöèÿ;äîñüå;0;AUTO
ÎÑÖ Âîðîíåæ;Âíå ïîäðàçäåëåíèé;RG 0001 013 00 52;Ðåãèñòðàöèÿ ïî ÁÏ (Èñò. Ôîíä íå ÄÁÎ);ÂÑÏ;13;Ðåãèñòðàöèÿ;äîñüå;0;AUTO
ÎÑÖ Âîðîíåæ;Àðõèâ ¹1 Âîðîíåæ;RG 0001 013 00 52;Ðåãèñòðàöèÿ ïî ÁÏ (Èñò. Ôîíä íå ÄÁÎ);ÂÑÏ;13;Ðåãèñòðàöèÿ;äîñüå;0;AUTO
ÎÑÖ Âîðîíåæ;Àðõèâ ¹3 Êàëèíèíãðàä;RG 0001 013 00 52;Ðåãèñòðàöèÿ ïî ÁÏ (Èñò. Ôîíä íå ÄÁÎ);ÂÑÏ;13;Ðåãèñòðàöèÿ;äîñüå;0;AUTO
ÎÑÖ Âîðîíåæ;Àðõèâ ¹4 Ñàíêò-Ïåòåðáóðã;RG 0001 013 00 52;Ðåãèñòðàöèÿ ïî ÁÏ (Èñò. Ôîíä íå ÄÁÎ);ÂÑÏ;13;Ðåãèñòðàöèÿ;äîñüå;0;AUTO
ÎÑÖ Ìîñêâà;Âíå ïîäðàçäåëåíèé;RG 0001 013 00 52;Ðåãèñòðàöèÿ ïî ÁÏ (Èñò. Ôîíä íå ÄÁÎ);ÂÑÏ;13;Ðåãèñòðàöèÿ;äîñüå;0;AUTO
ÎÑÖ Ìîñêâà;Àðõèâ ¹1 Òîìèëèíî;RG 0001 013 00 52;Ðåãèñòðàöèÿ ïî ÁÏ (Èñò. Ôîíä íå ÄÁÎ);ÂÑÏ;13;Ðåãèñòðàöèÿ;äîñüå;0;AUTO
ÎÑÖ Íèæíèé Íîâãîðîä;Âíå ïîäðàçäåëåíèé;RG 0001 013 00 52;Ðåãèñòðàöèÿ ïî ÁÏ (Èñò. Ôîíä íå ÄÁÎ);ÂÑÏ;13;Ðåãèñòðàöèÿ;äîñüå;0;AUTO
ÎÑÖ Íèæíèé Íîâãîðîä;Àðõèâ ¹1 Íèæíèé Íîâãîðîä;RG 0001 013 00 52;Ðåãèñòðàöèÿ ïî ÁÏ (Èñò. Ôîíä íå ÄÁÎ);ÂÑÏ;13;Ðåãèñòðàöèÿ;äîñüå;0;AUTO
ÎÑÖ Íîâîñèáèðñê;Âíå ïîäðàçäåëåíèé;RG 0001 013 00 52;Ðåãèñòðàöèÿ ïî ÁÏ (Èñò. Ôîíä íå ÄÁÎ);ÂÑÏ;13;Ðåãèñòðàöèÿ;äîñüå;0;AUTO
ÎÑÖ Íîâîñèáèðñê;Àðõèâ ¹1 Íîâîñèáèðñê;RG 0001 013 00 52;Ðåãèñòðàöèÿ ïî ÁÏ (Èñò. Ôîíä íå ÄÁÎ);ÂÑÏ;13;Ðåãèñòðàöèÿ;äîñüå;0;AUTO
ÎÑÖ Íîâîñèáèðñê;Àðõèâ ¹3 Åêàòåðèíáóðã;RG 0001 013 00 52;Ðåãèñòðàöèÿ ïî ÁÏ (Èñò. Ôîíä íå ÄÁÎ);ÂÑÏ;13;Ðåãèñòðàöèÿ;äîñüå;0;AUTO
ÎÑÖ Ñàìàðà;Âíå ïîäðàçäåëåíèé;RG 0001 013 00 52;Ðåãèñòðàöèÿ ïî ÁÏ (Èñò. Ôîíä íå ÄÁÎ);ÂÑÏ;13;Ðåãèñòðàöèÿ;äîñüå;0;AUTO
ÎÑÖ Ñàìàðà;Àðõèâ ¹1 Ñàìàðà;RG 0001 013 00 52;Ðåãèñòðàöèÿ ïî ÁÏ (Èñò. Ôîíä íå ÄÁÎ);ÂÑÏ;13;Ðåãèñòðàöèÿ;äîñüå;0;AUTO
ÎÑÖ Âîðîíåæ;Âíå ïîäðàçäåëåíèé;RG 0001 001 00 52;Ðåãèñòðàöèÿ ïî ÁÏ (Èñò. Ôîíä íå ÄÁÎ);ÂÑÏ;01;Ðåãèñòðàöèÿ;äîñüå;0;AUTO
ÎÑÖ Âîðîíåæ;Àðõèâ ¹1 Âîðîíåæ;RG 0001 001 00 52;Ðåãèñòðàöèÿ ïî ÁÏ (Èñò. Ôîíä íå ÄÁÎ);ÂÑÏ;01;Ðåãèñòðàöèÿ;äîñüå;0;AUTO
ÎÑÖ Âîðîíåæ;Àðõèâ ¹3 Êàëèíèíãðàä;RG 0001 001 00 52;Ðåãèñòðàöèÿ ïî ÁÏ (Èñò. Ôîíä íå ÄÁÎ);ÂÑÏ;01;Ðåãèñòðàöèÿ;äîñüå;0;AUTO
ÎÑÖ Âîðîíåæ;Àðõèâ ¹4 Ñàíêò-Ïåòåðáóðã;RG 0001 001 00 52;Ðåãèñòðàöèÿ ïî ÁÏ (Èñò. Ôîíä íå ÄÁÎ);ÂÑÏ;01;Ðåãèñòðàöèÿ;äîñüå;0;AUTO
ÎÑÖ Ìîñêâà;Âíå ïîäðàçäåëåíèé;RG 0001 001 00 52;Ðåãèñòðàöèÿ ïî ÁÏ (Èñò. Ôîíä íå ÄÁÎ);ÂÑÏ;01;Ðåãèñòðàöèÿ;äîñüå;0;AUTO
ÎÑÖ Ìîñêâà;Àðõèâ ¹1 Òîìèëèíî;RG 0001 001 00 52;Ðåãèñòðàöèÿ ïî ÁÏ (Èñò. Ôîíä íå ÄÁÎ);ÂÑÏ;01;Ðåãèñòðàöèÿ;äîñüå;0;AUTO
ÎÑÖ Íèæíèé Íîâãîðîä;Âíå ïîäðàçäåëåíèé;RG 0001 001 00 52;Ðåãèñòðàöèÿ ïî ÁÏ (Èñò. Ôîíä íå ÄÁÎ);ÂÑÏ;01;Ðåãèñòðàöèÿ;äîñüå;0;AUTO
ÎÑÖ Íèæíèé Íîâãîðîä;Àðõèâ ¹1 Íèæíèé Íîâãîðîä;RG 0001 001 00 52;Ðåãèñòðàöèÿ ïî ÁÏ (Èñò. Ôîíä íå ÄÁÎ);ÂÑÏ;01;Ðåãèñòðàöèÿ;äîñüå;0;AUTO
ÎÑÖ Íîâîñèáèðñê;Âíå ïîäðàçäåëåíèé;RG 0001 001 00 52;Ðåãèñòðàöèÿ ïî ÁÏ (Èñò. Ôîíä íå ÄÁÎ);ÂÑÏ;01;Ðåãèñòðàöèÿ;äîñüå;0;AUTO
ÎÑÖ Íîâîñèáèðñê;Àðõèâ ¹1 Íîâîñèáèðñê;RG 0001 001 00 52;Ðåãèñòðàöèÿ ïî ÁÏ (Èñò. Ôîíä íå ÄÁÎ);ÂÑÏ;01;Ðåãèñòðàöèÿ;äîñüå;0;AUTO
ÎÑÖ Íîâîñèáèðñê;Àðõèâ ¹3 Åêàòåðèíáóðã;RG 0001 001 00 52;Ðåãèñòðàöèÿ ïî ÁÏ (Èñò. Ôîíä íå ÄÁÎ);ÂÑÏ;01;Ðåãèñòðàöèÿ;äîñüå;0;AUTO
ÎÑÖ Ñàìàðà;Âíå ïîäðàçäåëåíèé;RG 0001 001 00 52;Ðåãèñòðàöèÿ ïî ÁÏ (Èñò. Ôîíä íå ÄÁÎ);ÂÑÏ;01;Ðåãèñòðàöèÿ;äîñüå;0;AUTO
ÎÑÖ Ñàìàðà;Àðõèâ ¹1 Ñàìàðà;RG 0001 001 00 52;Ðåãèñòðàöèÿ ïî ÁÏ (Èñò. Ôîíä íå ÄÁÎ);ÂÑÏ;01;Ðåãèñòðàöèÿ;äîñüå;0;AUTO
ÎÑÖ Âîðîíåæ;Âíå ïîäðàçäåëåíèé;RG 0001 003 00 52;Ðåãèñòðàöèÿ ïî ÁÏ (Èñò. Ôîíä íå ÄÁÎ);ÂÑÏ;03;Ðåãèñòðàöèÿ;äîñüå;0;AUTO
ÎÑÖ Âîðîíåæ;Àðõèâ ¹1 Âîðîíåæ;RG 0001 003 00 52;Ðåãèñòðàöèÿ ïî ÁÏ (Èñò. Ôîíä íå ÄÁÎ);ÂÑÏ;03;Ðåãèñòðàöèÿ;äîñüå;0;AUTO
ÎÑÖ Âîðîíåæ;Àðõèâ ¹3 Êàëèíèíãðàä;RG 0001 003 00 52;Ðåãèñòðàöèÿ ïî ÁÏ (Èñò. Ôîíä íå ÄÁÎ);ÂÑÏ;03;Ðåãèñòðàöèÿ;äîñüå;0;AUTO
ÎÑÖ Âîðîíåæ;Àðõèâ ¹4 Ñàíêò-Ïåòåðáóðã;RG 0001 003 00 52;Ðåãèñòðàöèÿ ïî ÁÏ (Èñò. Ôîíä íå ÄÁÎ);ÂÑÏ;03;Ðåãèñòðàöèÿ;äîñüå;0;AUTO
ÎÑÖ Ìîñêâà;Âíå ïîäðàçäåëåíèé;RG 0001 003 00 52;Ðåãèñòðàöèÿ ïî ÁÏ (Èñò. Ôîíä íå ÄÁÎ);ÂÑÏ;03;Ðåãèñòðàöèÿ;äîñüå;0;AUTO
ÎÑÖ Ìîñêâà;Àðõèâ ¹1 Òîìèëèíî;RG 0001 003 00 52;Ðåãèñòðàöèÿ ïî ÁÏ (Èñò. Ôîíä íå ÄÁÎ);ÂÑÏ;03;Ðåãèñòðàöèÿ;äîñüå;0;AUTO
ÎÑÖ Íèæíèé Íîâãîðîä;Âíå ïîäðàçäåëåíèé;RG 0001 003 00 52;Ðåãèñòðàöèÿ ïî ÁÏ (Èñò. Ôîíä íå ÄÁÎ);ÂÑÏ;03;Ðåãèñòðàöèÿ;äîñüå;0;AUTO
ÎÑÖ Íèæíèé Íîâãîðîä;Àðõèâ ¹1 Íèæíèé Íîâãîðîä;RG 0001 003 00 52;Ðåãèñòðàöèÿ ïî ÁÏ (Èñò. Ôîíä íå ÄÁÎ);ÂÑÏ;03;Ðåãèñòðàöèÿ;äîñüå;0;AUTO
ÎÑÖ Íîâîñèáèðñê;Âíå ïîäðàçäåëåíèé;RG 0001 003 00 52;Ðåãèñòðàöèÿ ïî ÁÏ (Èñò. Ôîíä íå ÄÁÎ);ÂÑÏ;03;Ðåãèñòðàöèÿ;äîñüå;0;AUTO
ÎÑÖ Íîâîñèáèðñê;Àðõèâ ¹1 Íîâîñèáèðñê;RG 0001 003 00 52;Ðåãèñòðàöèÿ ïî ÁÏ (Èñò. Ôîíä íå ÄÁÎ);ÂÑÏ;03;Ðåãèñòðàöèÿ;äîñüå;0;AUTO
ÎÑÖ Íîâîñèáèðñê;Àðõèâ ¹3 Åêàòåðèíáóðã;RG 0001 003 00 52;Ðåãèñòðàöèÿ ïî ÁÏ (Èñò. Ôîíä íå ÄÁÎ);ÂÑÏ;03;Ðåãèñòðàöèÿ;äîñüå;0;AUTO
ÎÑÖ Ñàìàðà;Âíå ïîäðàçäåëåíèé;RG 0001 003 00 52;Ðåãèñòðàöèÿ ïî ÁÏ (Èñò. Ôîíä íå ÄÁÎ);ÂÑÏ;03;Ðåãèñòðàöèÿ;äîñüå;0;AUTO
ÎÑÖ Ñàìàðà;Àðõèâ ¹1 Ñàìàðà;RG 0001 003 00 52;Ðåãèñòðàöèÿ ïî ÁÏ (Èñò. Ôîíä íå ÄÁÎ);ÂÑÏ;03;Ðåãèñòðàöèÿ;äîñüå;0;AUTO
ÎÑÖ Âîðîíåæ;Âíå ïîäðàçäåëåíèé;RG 0001 002 00 53;Ðåãèñòðàöèÿ ïî ÁÏ (Èñò. Ôîíä íå ÄÁÎ);ÂÐÓÊ;02;Ðåãèñòðàöèÿ;äîñüå;0;AUTO
ÎÑÖ Âîðîíåæ;Àðõèâ ¹1 Âîðîíåæ;RG 0001 002 00 53;Ðåãèñòðàöèÿ ïî ÁÏ (Èñò. Ôîíä íå ÄÁÎ);ÂÐÓÊ;02;Ðåãèñòðàöèÿ;äîñüå;0;AUTO
ÎÑÖ Âîðîíåæ;Àðõèâ ¹3 Êàëèíèíãðàä;RG 0001 002 00 53;Ðåãèñòðàöèÿ ïî ÁÏ (Èñò. Ôîíä íå ÄÁÎ);ÂÐÓÊ;02;Ðåãèñòðàöèÿ;äîñüå;0;AUTO
ÎÑÖ Âîðîíåæ;Àðõèâ ¹4 Ñàíêò-Ïåòåðáóðã;RG 0001 002 00 53;Ðåãèñòðàöèÿ ïî ÁÏ (Èñò. Ôîíä íå ÄÁÎ);ÂÐÓÊ;02;Ðåãèñòðàöèÿ;äîñüå;0;AUTO
ÎÑÖ Ìîñêâà;Âíå ïîäðàçäåëåíèé;RG 0001 002 00 53;Ðåãèñòðàöèÿ ïî ÁÏ (Èñò. Ôîíä íå ÄÁÎ);ÂÐÓÊ;02;Ðåãèñòðàöèÿ;äîñüå;0;AUTO
ÎÑÖ Ìîñêâà;Àðõèâ ¹1 Òîìèëèíî;RG 0001 002 00 53;Ðåãèñòðàöèÿ ïî ÁÏ (Èñò. Ôîíä íå ÄÁÎ);ÂÐÓÊ;02;Ðåãèñòðàöèÿ;äîñüå;0;AUTO
ÎÑÖ Íèæíèé Íîâãîðîä;Âíå ïîäðàçäåëåíèé;RG 0001 002 00 53;Ðåãèñòðàöèÿ ïî ÁÏ (Èñò. Ôîíä íå ÄÁÎ);ÂÐÓÊ;02;Ðåãèñòðàöèÿ;äîñüå;0;AUTO
ÎÑÖ Íèæíèé Íîâãîðîä;Àðõèâ ¹1 Íèæíèé Íîâãîðîä;RG 0001 002 00 53;Ðåãèñòðàöèÿ ïî ÁÏ (Èñò. Ôîíä íå ÄÁÎ);ÂÐÓÊ;02;Ðåãèñòðàöèÿ;äîñüå;0;AUTO
ÎÑÖ Íîâîñèáèðñê;Âíå ïîäðàçäåëåíèé;RG 0001 002 00 53;Ðåãèñòðàöèÿ ïî ÁÏ (Èñò. Ôîíä íå ÄÁÎ);ÂÐÓÊ;02;Ðåãèñòðàöèÿ;äîñüå;0;AUTO
ÎÑÖ Íîâîñèáèðñê;Àðõèâ ¹1 Íîâîñèáèðñê;RG 0001 002 00 53;Ðåãèñòðàöèÿ ïî ÁÏ (Èñò. Ôîíä íå ÄÁÎ);ÂÐÓÊ;02;Ðåãèñòðàöèÿ;äîñüå;0;AUTO
ÎÑÖ Íîâîñèáèðñê;Àðõèâ ¹3 Åêàòåðèíáóðã;RG 0001 002 00 53;Ðåãèñòðàöèÿ ïî ÁÏ (Èñò. Ôîíä íå ÄÁÎ);ÂÐÓÊ;02;Ðåãèñòðàöèÿ;äîñüå;0;AUTO
ÎÑÖ Ñàìàðà;Âíå ïîäðàçäåëåíèé;RG 0001 002 00 53;Ðåãèñòðàöèÿ ïî ÁÏ (Èñò. Ôîíä íå ÄÁÎ);ÂÐÓÊ;02;Ðåãèñòðàöèÿ;äîñüå;0;AUTO
ÎÑÖ Ñàìàðà;Àðõèâ ¹1 Ñàìàðà;RG 0001 002 00 53;Ðåãèñòðàöèÿ ïî ÁÏ (Èñò. Ôîíä íå ÄÁÎ);ÂÐÓÊ;02;Ðåãèñòðàöèÿ;äîñüå;0;AUTO
ÎÑÖ Âîðîíåæ;Âíå ïîäðàçäåëåíèé;RG 0001 013 00 53;Ðåãèñòðàöèÿ ïî ÁÏ (Èñò. Ôîíä íå ÄÁÎ);ÂÐÓÊ;13;Ðåãèñòðàöèÿ;äîñüå;0;AUTO
ÎÑÖ Âîðîíåæ;Àðõèâ ¹1 Âîðîíåæ;RG 0001 013 00 53;Ðåãèñòðàöèÿ ïî ÁÏ (Èñò. Ôîíä íå ÄÁÎ);ÂÐÓÊ;13;Ðåãèñòðàöèÿ;äîñüå;96;AUTO
ÎÑÖ Âîðîíåæ;Àðõèâ ¹3 Êàëèíèíãðàä;RG 0001 013 00 53;Ðåãèñòðàöèÿ ïî ÁÏ (Èñò. Ôîíä íå ÄÁÎ);ÂÐÓÊ;13;Ðåãèñòðàöèÿ;äîñüå;60;AUTO
ÎÑÖ Âîðîíåæ;Àðõèâ ¹4 Ñàíêò-Ïåòåðáóðã;RG 0001 013 00 53;Ðåãèñòðàöèÿ ïî ÁÏ (Èñò. Ôîíä íå ÄÁÎ);ÂÐÓÊ;13;Ðåãèñòðàöèÿ;äîñüå;60;AUTO
ÎÑÖ Ìîñêâà;Âíå ïîäðàçäåëåíèé;RG 0001 013 00 53;Ðåãèñòðàöèÿ ïî ÁÏ (Èñò. Ôîíä íå ÄÁÎ);ÂÐÓÊ;13;Ðåãèñòðàöèÿ;äîñüå;0;AUTO
ÎÑÖ Ìîñêâà;Àðõèâ ¹1 Òîìèëèíî;RG 0001 013 00 53;Ðåãèñòðàöèÿ ïî ÁÏ (Èñò. Ôîíä íå ÄÁÎ);ÂÐÓÊ;13;Ðåãèñòðàöèÿ;äîñüå;120;AUTO
ÎÑÖ Íèæíèé Íîâãîðîä;Âíå ïîäðàçäåëåíèé;RG 0001 013 00 53;Ðåãèñòðàöèÿ ïî ÁÏ (Èñò. Ôîíä íå ÄÁÎ);ÂÐÓÊ;13;Ðåãèñòðàöèÿ;äîñüå;0;AUTO
ÎÑÖ Íèæíèé Íîâãîðîä;Àðõèâ ¹1 Íèæíèé Íîâãîðîä;RG 0001 013 00 53;Ðåãèñòðàöèÿ ïî ÁÏ (Èñò. Ôîíä íå ÄÁÎ);ÂÐÓÊ;13;Ðåãèñòðàöèÿ;äîñüå;93;AUTO
ÎÑÖ Íîâîñèáèðñê;Âíå ïîäðàçäåëåíèé;RG 0001 013 00 53;Ðåãèñòðàöèÿ ïî ÁÏ (Èñò. Ôîíä íå ÄÁÎ);ÂÐÓÊ;13;Ðåãèñòðàöèÿ;äîñüå;0;AUTO
ÎÑÖ Íîâîñèáèðñê;Àðõèâ ¹1 Íîâîñèáèðñê;RG 0001 013 00 53;Ðåãèñòðàöèÿ ïî ÁÏ (Èñò. Ôîíä íå ÄÁÎ);ÂÐÓÊ;13;Ðåãèñòðàöèÿ;äîñüå;75;AUTO
ÎÑÖ Íîâîñèáèðñê;Àðõèâ ¹3 Åêàòåðèíáóðã;RG 0001 013 00 53;Ðåãèñòðàöèÿ ïî ÁÏ (Èñò. Ôîíä íå ÄÁÎ);ÂÐÓÊ;13;Ðåãèñòðàöèÿ;äîñüå;75;AUTO
ÎÑÖ Ñàìàðà;Âíå ïîäðàçäåëåíèé;RG 0001 013 00 53;Ðåãèñòðàöèÿ ïî ÁÏ (Èñò. Ôîíä íå ÄÁÎ);ÂÐÓÊ;13;Ðåãèñòðàöèÿ;äîñüå;0;AUTO
ÎÑÖ Ñàìàðà;Àðõèâ ¹1 Ñàìàðà;RG 0001 013 00 53;Ðåãèñòðàöèÿ ïî ÁÏ (Èñò. Ôîíä íå ÄÁÎ);ÂÐÓÊ;13;Ðåãèñòðàöèÿ;äîñüå;63;AUTO
ÎÑÖ Âîðîíåæ;Âíå ïîäðàçäåëåíèé;RG 0001 001 00 53;Ðåãèñòðàöèÿ ïî ÁÏ (Èñò. Ôîíä íå ÄÁÎ);ÂÐÓÊ;01;Ðåãèñòðàöèÿ;äîñüå;0;AUTO
ÎÑÖ Âîðîíåæ;Àðõèâ ¹1 Âîðîíåæ;RG 0001 001 00 53;Ðåãèñòðàöèÿ ïî ÁÏ (Èñò. Ôîíä íå ÄÁÎ);ÂÐÓÊ;01;Ðåãèñòðàöèÿ;äîñüå;96;AUTO
ÎÑÖ Âîðîíåæ;Àðõèâ ¹3 Êàëèíèíãðàä;RG 0001 001 00 53;Ðåãèñòðàöèÿ ïî ÁÏ (Èñò. Ôîíä íå ÄÁÎ);ÂÐÓÊ;01;Ðåãèñòðàöèÿ;äîñüå;60;AUTO
ÎÑÖ Âîðîíåæ;Àðõèâ ¹4 Ñàíêò-Ïåòåðáóðã;RG 0001 001 00 53;Ðåãèñòðàöèÿ ïî ÁÏ (Èñò. Ôîíä íå ÄÁÎ);ÂÐÓÊ;01;Ðåãèñòðàöèÿ;äîñüå;60;AUTO
ÎÑÖ Ìîñêâà;Âíå ïîäðàçäåëåíèé;RG 0001 001 00 53;Ðåãèñòðàöèÿ ïî ÁÏ (Èñò. Ôîíä íå ÄÁÎ);ÂÐÓÊ;01;Ðåãèñòðàöèÿ;äîñüå;0;AUTO
ÎÑÖ Ìîñêâà;Àðõèâ ¹1 Òîìèëèíî;RG 0001 001 00 53;Ðåãèñòðàöèÿ ïî ÁÏ (Èñò. Ôîíä íå ÄÁÎ);ÂÐÓÊ;01;Ðåãèñòðàöèÿ;äîñüå;120;AUTO
ÎÑÖ Íèæíèé Íîâãîðîä;Âíå ïîäðàçäåëåíèé;RG 0001 001 00 53;Ðåãèñòðàöèÿ ïî ÁÏ (Èñò. Ôîíä íå ÄÁÎ);ÂÐÓÊ;01;Ðåãèñòðàöèÿ;äîñüå;0;AUTO
ÎÑÖ Íèæíèé Íîâãîðîä;Àðõèâ ¹1 Íèæíèé Íîâãîðîä;RG 0001 001 00 53;Ðåãèñòðàöèÿ ïî ÁÏ (Èñò. Ôîíä íå ÄÁÎ);ÂÐÓÊ;01;Ðåãèñòðàöèÿ;äîñüå;93;AUTO
ÎÑÖ Íîâîñèáèðñê;Âíå ïîäðàçäåëåíèé;RG 0001 001 00 53;Ðåãèñòðàöèÿ ïî ÁÏ (Èñò. Ôîíä íå ÄÁÎ);ÂÐÓÊ;01;Ðåãèñòðàöèÿ;äîñüå;0;AUTO
ÎÑÖ Íîâîñèáèðñê;Àðõèâ ¹1 Íîâîñèáèðñê;RG 0001 001 00 53;Ðåãèñòðàöèÿ ïî ÁÏ (Èñò. Ôîíä íå ÄÁÎ);ÂÐÓÊ;01;Ðåãèñòðàöèÿ;äîñüå;75;AUTO
ÎÑÖ Íîâîñèáèðñê;Àðõèâ ¹3 Åêàòåðèíáóðã;RG 0001 001 00 53;Ðåãèñòðàöèÿ ïî ÁÏ (Èñò. Ôîíä íå ÄÁÎ);ÂÐÓÊ;01;Ðåãèñòðàöèÿ;äîñüå;0;AUTO
ÎÑÖ Ñàìàðà;Âíå ïîäðàçäåëåíèé;RG 0001 001 00 53;Ðåãèñòðàöèÿ ïî ÁÏ (Èñò. Ôîíä íå ÄÁÎ);ÂÐÓÊ;01;Ðåãèñòðàöèÿ;äîñüå;0;AUTO
ÎÑÖ Ñàìàðà;Àðõèâ ¹1 Ñàìàðà;RG 0001 001 00 53;Ðåãèñòðàöèÿ ïî ÁÏ (Èñò. Ôîíä íå ÄÁÎ);ÂÐÓÊ;01;Ðåãèñòðàöèÿ;äîñüå;63;AUTO
ÎÑÖ Âîðîíåæ;Âíå ïîäðàçäåëåíèé;RG 0001 003 00 53;Ðåãèñòðàöèÿ ïî ÁÏ (Èñò. Ôîíä íå ÄÁÎ);ÂÐÓÊ;03;Ðåãèñòðàöèÿ;äîñüå;0;AUTO
ÎÑÖ Âîðîíåæ;Àðõèâ ¹1 Âîðîíåæ;RG 0001 003 00 53;Ðåãèñòðàöèÿ ïî ÁÏ (Èñò. Ôîíä íå ÄÁÎ);ÂÐÓÊ;03;Ðåãèñòðàöèÿ;äîñüå;96;AUTO
ÎÑÖ Âîðîíåæ;Àðõèâ ¹3 Êàëèíèíãðàä;RG 0001 003 00 53;Ðåãèñòðàöèÿ ïî ÁÏ (Èñò. Ôîíä íå ÄÁÎ);ÂÐÓÊ;03;Ðåãèñòðàöèÿ;äîñüå;60;AUTO
ÎÑÖ Âîðîíåæ;Àðõèâ ¹4 Ñàíêò-Ïåòåðáóðã;RG 0001 003 00 53;Ðåãèñòðàöèÿ ïî ÁÏ (Èñò. Ôîíä íå ÄÁÎ);ÂÐÓÊ;03;Ðåãèñòðàöèÿ;äîñüå;60;AUTO
ÎÑÖ Ìîñêâà;Âíå ïîäðàçäåëåíèé;RG 0001 003 00 53;Ðåãèñòðàöèÿ ïî ÁÏ (Èñò. Ôîíä íå ÄÁÎ);ÂÐÓÊ;03;Ðåãèñòðàöèÿ;äîñüå;0;AUTO
ÎÑÖ Ìîñêâà;Àðõèâ ¹1 Òîìèëèíî;RG 0001 003 00 53;Ðåãèñòðàöèÿ ïî ÁÏ (Èñò. Ôîíä íå ÄÁÎ);ÂÐÓÊ;03;Ðåãèñòðàöèÿ;äîñüå;120;AUTO
ÎÑÖ Íèæíèé Íîâãîðîä;Âíå ïîäðàçäåëåíèé;RG 0001 003 00 53;Ðåãèñòðàöèÿ ïî ÁÏ (Èñò. Ôîíä íå ÄÁÎ);ÂÐÓÊ;03;Ðåãèñòðàöèÿ;äîñüå;0;AUTO
ÎÑÖ Íèæíèé Íîâãîðîä;Àðõèâ ¹1 Íèæíèé Íîâãîðîä;RG 0001 003 00 53;Ðåãèñòðàöèÿ ïî ÁÏ (Èñò. Ôîíä íå ÄÁÎ);ÂÐÓÊ;03;Ðåãèñòðàöèÿ;äîñüå;93;AUTO
ÎÑÖ Íîâîñèáèðñê;Âíå ïîäðàçäåëåíèé;RG 0001 003 00 53;Ðåãèñòðàöèÿ ïî ÁÏ (Èñò. Ôîíä íå ÄÁÎ);ÂÐÓÊ;03;Ðåãèñòðàöèÿ;äîñüå;0;AUTO
ÎÑÖ Íîâîñèáèðñê;Àðõèâ ¹1 Íîâîñèáèðñê;RG 0001 003 00 53;Ðåãèñòðàöèÿ ïî ÁÏ (Èñò. Ôîíä íå ÄÁÎ);ÂÐÓÊ;03;Ðåãèñòðàöèÿ;äîñüå;75;AUTO
ÎÑÖ Íîâîñèáèðñê;Àðõèâ ¹3 Åêàòåðèíáóðã;RG 0001 003 00 53;Ðåãèñòðàöèÿ ïî ÁÏ (Èñò. Ôîíä íå ÄÁÎ);ÂÐÓÊ;03;Ðåãèñòðàöèÿ;äîñüå;75;AUTO
ÎÑÖ Ñàìàðà;Âíå ïîäðàçäåëåíèé;RG 0001 003 00 53;Ðåãèñòðàöèÿ ïî ÁÏ (Èñò. Ôîíä íå ÄÁÎ);ÂÐÓÊ;03;Ðåãèñòðàöèÿ;äîñüå;0;AUTO
ÎÑÖ Ñàìàðà;Àðõèâ ¹1 Ñàìàðà;RG 0001 003 00 53;Ðåãèñòðàöèÿ ïî ÁÏ (Èñò. Ôîíä íå ÄÁÎ);ÂÐÓÊ;03;Ðåãèñòðàöèÿ;äîñüå;63;AUTO
ÎÑÖ Âîðîíåæ;Âíå ïîäðàçäåëåíèé;RG 0001 280 00 01;Ðåãèñòðàöèÿ ïî ÁÏ;Ðåã.;280;Ðåãèñòðàöèÿ;äîñüå;0;AUTO
ÎÑÖ Âîðîíåæ;Àðõèâ ¹1 Âîðîíåæ;RG 0001 280 00 01;Ðåãèñòðàöèÿ ïî ÁÏ;Ðåã.;280;Ðåãèñòðàöèÿ;äîñüå;0;AUTO
ÎÑÖ Âîðîíåæ;Àðõèâ ¹3 Êàëèíèíãðàä;RG 0001 280 00 01;Ðåãèñòðàöèÿ ïî ÁÏ;Ðåã.;280;Ðåãèñòðàöèÿ;äîñüå;19;AUTO
ÎÑÖ Âîðîíåæ;Àðõèâ ¹4 Ñàíêò-Ïåòåðáóðã;RG 0001 280 00 01;Ðåãèñòðàöèÿ ïî ÁÏ;Ðåã.;280;Ðåãèñòðàöèÿ;äîñüå;18,325;AUTO
ÎÑÖ Ìîñêâà;Âíå ïîäðàçäåëåíèé;RG 0001 280 00 01;Ðåãèñòðàöèÿ ïî ÁÏ;Ðåã.;280;Ðåãèñòðàöèÿ;äîñüå;0;AUTO
ÎÑÖ Ìîñêâà;Àðõèâ ¹1 Òîìèëèíî;RG 0001 280 00 01;Ðåãèñòðàöèÿ ïî ÁÏ;Ðåã.;280;Ðåãèñòðàöèÿ;äîñüå;21,667;AUTO
ÎÑÖ Íèæíèé Íîâãîðîä;Âíå ïîäðàçäåëåíèé;RG 0001 280 00 01;Ðåãèñòðàöèÿ ïî ÁÏ;Ðåã.;280;Ðåãèñòðàöèÿ;äîñüå;0;AUTO
ÎÑÖ Íèæíèé Íîâãîðîä;Àðõèâ ¹1 Íèæíèé Íîâãîðîä;RG 0001 280 00 01;Ðåãèñòðàöèÿ ïî ÁÏ;Ðåã.;280;Ðåãèñòðàöèÿ;äîñüå;21,56;AUTO
ÎÑÖ Íîâîñèáèðñê;Âíå ïîäðàçäåëåíèé;RG 0001 280 00 01;Ðåãèñòðàöèÿ ïî ÁÏ;Ðåã.;280;Ðåãèñòðàöèÿ;äîñüå;0;AUTO
ÎÑÖ Íîâîñèáèðñê;Àðõèâ ¹1 Íîâîñèáèðñê;RG 0001 280 00 01;Ðåãèñòðàöèÿ ïî ÁÏ;Ðåã.;280;Ðåãèñòðàöèÿ;äîñüå;21,1;AUTO
ÎÑÖ Íîâîñèáèðñê;Àðõèâ ¹3 Åêàòåðèíáóðã;RG 0001 280 00 01;Ðåãèñòðàöèÿ ïî ÁÏ;Ðåã.;280;Ðåãèñòðàöèÿ;äîñüå;21,333;AUTO
ÎÑÖ Ñàìàðà;Âíå ïîäðàçäåëåíèé;RG 0001 280 00 01;Ðåãèñòðàöèÿ ïî ÁÏ;Ðåã.;280;Ðåãèñòðàöèÿ;äîñüå;0;AUTO
ÎÑÖ Ñàìàðà;Àðõèâ ¹1 Ñàìàðà;RG 0001 280 00 01;Ðåãèñòðàöèÿ ïî ÁÏ;Ðåã.;280;Ðåãèñòðàöèÿ;äîñüå;21,756;AUTO
ÎÑÖ Âîðîíåæ;Âíå ïîäðàçäåëåíèé;RG 0001 280 00 02;Ðåãèñòðàöèÿ ïî ÁÏ;ÂÑÏ;280;Ðåãèñòðàöèÿ;äîñüå;0;AUTO
ÎÑÖ Âîðîíåæ;Àðõèâ ¹1 Âîðîíåæ;RG 0001 280 00 02;Ðåãèñòðàöèÿ ïî ÁÏ;ÂÑÏ;280;Ðåãèñòðàöèÿ;äîñüå;0;AUTO
ÎÑÖ Âîðîíåæ;Àðõèâ ¹3 Êàëèíèíãðàä;RG 0001 280 00 02;Ðåãèñòðàöèÿ ïî ÁÏ;ÂÑÏ;280;Ðåãèñòðàöèÿ;äîñüå;14;AUTO
ÎÑÖ Âîðîíåæ;Àðõèâ ¹4 Ñàíêò-Ïåòåðáóðã;RG 0001 280 00 02;Ðåãèñòðàöèÿ ïî ÁÏ;ÂÑÏ;280;Ðåãèñòðàöèÿ;äîñüå;11,933;AUTO
ÎÑÖ Ìîñêâà;Âíå ïîäðàçäåëåíèé;RG 0001 280 00 02;Ðåãèñòðàöèÿ ïî ÁÏ;ÂÑÏ;280;Ðåãèñòðàöèÿ;äîñüå;0;AUTO
ÎÑÖ Ìîñêâà;Àðõèâ ¹1 Òîìèëèíî;RG 0001 280 00 02;Ðåãèñòðàöèÿ ïî ÁÏ;ÂÑÏ;280;Ðåãèñòðàöèÿ;äîñüå;12,419;AUTO
ÎÑÖ Íèæíèé Íîâãîðîä;Âíå ïîäðàçäåëåíèé;RG 0001 280 00 02;Ðåãèñòðàöèÿ ïî ÁÏ;ÂÑÏ;280;Ðåãèñòðàöèÿ;äîñüå;0;AUTO
ÎÑÖ Íèæíèé Íîâãîðîä;Àðõèâ ¹1 Íèæíèé Íîâãîðîä;RG 0001 280 00 02;Ðåãèñòðàöèÿ ïî ÁÏ;ÂÑÏ;280;Ðåãèñòðàöèÿ;äîñüå;13,038;AUTO
ÎÑÖ Íîâîñèáèðñê;Âíå ïîäðàçäåëåíèé;RG 0001 280 00 02;Ðåãèñòðàöèÿ ïî ÁÏ;ÂÑÏ;280;Ðåãèñòðàöèÿ;äîñüå;0;AUTO
ÎÑÖ Íîâîñèáèðñê;Àðõèâ ¹1 Íîâîñèáèðñê;RG 0001 280 00 02;Ðåãèñòðàöèÿ ïî ÁÏ;ÂÑÏ;280;Ðåãèñòðàöèÿ;äîñüå;12,067;AUTO
ÎÑÖ Íîâîñèáèðñê;Àðõèâ ¹3 Åêàòåðèíáóðã;RG 0001 280 00 02;Ðåãèñòðàöèÿ ïî ÁÏ;ÂÑÏ;280;Ðåãèñòðàöèÿ;äîñüå;14,578;AUTO
ÎÑÖ Ñàìàðà;Âíå ïîäðàçäåëåíèé;RG 0001 280 00 02;Ðåãèñòðàöèÿ ïî ÁÏ;ÂÑÏ;280;Ðåãèñòðàöèÿ;äîñüå;0;AUTO
ÎÑÖ Ñàìàðà;Àðõèâ ¹1 Ñàìàðà;RG 0001 280 00 02;Ðåãèñòðàöèÿ ïî ÁÏ;ÂÑÏ;280;Ðåãèñòðàöèÿ;äîñüå;14,548;AUTO
ÎÑÖ Âîðîíåæ;Âíå ïîäðàçäåëåíèé;RG 0001 280 00 03;Ðåãèñòðàöèÿ ïî ÁÏ;ÂÐÓÊ;280;Ðåãèñòðàöèÿ;äîñüå;0;AUTO
ÎÑÖ Âîðîíåæ;Àðõèâ ¹1 Âîðîíåæ;RG 0001 280 00 03;Ðåãèñòðàöèÿ ïî ÁÏ;ÂÐÓÊ;280;Ðåãèñòðàöèÿ;äîñüå;90,3;AUTO
ÎÑÖ Âîðîíåæ;Àðõèâ ¹3 Êàëèíèíãðàä;RG 0001 280 00 03;Ðåãèñòðàöèÿ ïî ÁÏ;ÂÐÓÊ;280;Ðåãèñòðàöèÿ;äîñüå;78,433;AUTO
ÎÑÖ Âîðîíåæ;Àðõèâ ¹4 Ñàíêò-Ïåòåðáóðã;RG 0001 280 00 03;Ðåãèñòðàöèÿ ïî ÁÏ;ÂÐÓÊ;280;Ðåãèñòðàöèÿ;äîñüå;82,333;AUTO
ÎÑÖ Ìîñêâà;Âíå ïîäðàçäåëåíèé;RG 0001 280 00 03;Ðåãèñòðàöèÿ ïî ÁÏ;ÂÐÓÊ;280;Ðåãèñòðàöèÿ;äîñüå;0;AUTO
ÎÑÖ Ìîñêâà;Àðõèâ ¹1 Òîìèëèíî;RG 0001 280 00 03;Ðåãèñòðàöèÿ ïî ÁÏ;ÂÐÓÊ;280;Ðåãèñòðàöèÿ;äîñüå;86,692;AUTO
ÎÑÖ Íèæíèé Íîâãîðîä;Âíå ïîäðàçäåëåíèé;RG 0001 280 00 03;Ðåãèñòðàöèÿ ïî ÁÏ;ÂÐÓÊ;280;Ðåãèñòðàöèÿ;äîñüå;0;AUTO
ÎÑÖ Íèæíèé Íîâãîðîä;Àðõèâ ¹1 Íèæíèé Íîâãîðîä;RG 0001 280 00 03;Ðåãèñòðàöèÿ ïî ÁÏ;ÂÐÓÊ;280;Ðåãèñòðàöèÿ;äîñüå;60;AUTO
ÎÑÖ Íîâîñèáèðñê;Âíå ïîäðàçäåëåíèé;RG 0001 280 00 03;Ðåãèñòðàöèÿ ïî ÁÏ;ÂÐÓÊ;280;Ðåãèñòðàöèÿ;äîñüå;0;AUTO
ÎÑÖ Íîâîñèáèðñê;Àðõèâ ¹1 Íîâîñèáèðñê;RG 0001 280 00 03;Ðåãèñòðàöèÿ ïî ÁÏ;ÂÐÓÊ;280;Ðåãèñòðàöèÿ;äîñüå;82;AUTO
ÎÑÖ Íîâîñèáèðñê;Àðõèâ ¹3 Åêàòåðèíáóðã;RG 0001 280 00 03;Ðåãèñòðàöèÿ ïî ÁÏ;ÂÐÓÊ;280;Ðåãèñòðàöèÿ;äîñüå;85;AUTO
ÎÑÖ Ñàìàðà;Âíå ïîäðàçäåëåíèé;RG 0001 280 00 03;Ðåãèñòðàöèÿ ïî ÁÏ;ÂÐÓÊ;280;Ðåãèñòðàöèÿ;äîñüå;0;AUTO
ÎÑÖ Ñàìàðà;Àðõèâ ¹1 Ñàìàðà;RG 0001 280 00 03;Ðåãèñòðàöèÿ ïî ÁÏ;ÂÐÓÊ;280;Ðåãèñòðàöèÿ;äîñüå;85,167;AUTO
ÎÑÖ Âîðîíåæ;Àðõèâ ¹1 Âîðîíåæ;RG 0001 273 00 03;Ðåãèñòðàöèÿ ïî ÁÏ;ÂÐÓÊ;273;Ðåãèñòðàöèÿ;äîñüå;80;AUTO
ÎÑÖ Âîðîíåæ;Àðõèâ ¹3 Êàëèíèíãðàä;RG 0001 273 00 03;Ðåãèñòðàöèÿ ïî ÁÏ;ÂÐÓÊ;273;Ðåãèñòðàöèÿ;äîñüå;75,395;AUTO
ÎÑÖ Âîðîíåæ;Àðõèâ ¹4 Ñàíêò-Ïåòåðáóðã;RG 0001 273 00 03;Ðåãèñòðàöèÿ ïî ÁÏ;ÂÐÓÊ;273;Ðåãèñòðàöèÿ;äîñüå;0;AUTO
ÎÑÖ Ìîñêâà;Âíå ïîäðàçäåëåíèé;RG 0001 273 00 03;Ðåãèñòðàöèÿ ïî ÁÏ;ÂÐÓÊ;273;Ðåãèñòðàöèÿ;äîñüå;0;AUTO
ÎÑÖ Ìîñêâà;Àðõèâ ¹1 Òîìèëèíî;RG 0001 273 00 03;Ðåãèñòðàöèÿ ïî ÁÏ;ÂÐÓÊ;273;Ðåãèñòðàöèÿ;äîñüå;0;AUTO
ÎÑÖ Íèæíèé Íîâãîðîä;Âíå ïîäðàçäåëåíèé;RG 0001 273 00 03;Ðåãèñòðàöèÿ ïî ÁÏ;ÂÐÓÊ;273;Ðåãèñòðàöèÿ;äîñüå;0;AUTO
ÎÑÖ Íèæíèé Íîâãîðîä;Àðõèâ ¹1 Íèæíèé Íîâãîðîä;RG 0001 273 00 03;Ðåãèñòðàöèÿ ïî ÁÏ;ÂÐÓÊ;273;Ðåãèñòðàöèÿ;äîñüå;80,4;AUTO
ÎÑÖ Íîâîñèáèðñê;Âíå ïîäðàçäåëåíèé;RG 0001 273 00 03;Ðåãèñòðàöèÿ ïî ÁÏ;ÂÐÓÊ;273;Ðåãèñòðàöèÿ;äîñüå;0;AUTO
ÎÑÖ Íîâîñèáèðñê;Àðõèâ ¹1 Íîâîñèáèðñê;RG 0001 273 00 03;Ðåãèñòðàöèÿ ïî ÁÏ;ÂÐÓÊ;273;Ðåãèñòðàöèÿ;äîñüå;0;AUTO
ÎÑÖ Íîâîñèáèðñê;Àðõèâ ¹3 Åêàòåðèíáóðã;RG 0001 273 00 03;Ðåãèñòðàöèÿ ïî ÁÏ;ÂÐÓÊ;273;Ðåãèñòðàöèÿ;äîñüå;70;AUTO
ÎÑÖ Ñàìàðà;Âíå ïîäðàçäåëåíèé;RG 0001 273 00 03;Ðåãèñòðàöèÿ ïî ÁÏ;ÂÐÓÊ;273;Ðåãèñòðàöèÿ;äîñüå;0;AUTO
ÎÑÖ Ñàìàðà;Àðõèâ ¹1 Ñàìàðà;RG 0001 273 00 03;Ðåãèñòðàöèÿ ïî ÁÏ;ÂÐÓÊ;273;Ðåãèñòðàöèÿ;äîñüå;80;AUTO
ÎÑÖ Âîðîíåæ;Àðõèâ ¹4 Ñàíêò-Ïåòåðáóðã;BX 0085 000 00 01;Ðåãèñòðàöèÿ FB;-;00;Ðåãèñòðàöèÿ;Íåò;17,258;AUTO
ÎÑÖ Âîðîíåæ;Âíå ïîäðàçäåëåíèé;RG 0001 006 00 01;Ðåãèñòðàöèÿ ïî ÁÏ;Ðåã.;6;Ðåãèñòðàöèÿ;äîñüå;0;AUTO
ÎÑÖ Âîðîíåæ;Àðõèâ ¹1 Âîðîíåæ;RG 0001 006 00 01;Ðåãèñòðàöèÿ ïî ÁÏ;Ðåã.;6;Ðåãèñòðàöèÿ;äîñüå;0;AUTO
ÎÑÖ Âîðîíåæ;Àðõèâ ¹3 Êàëèíèíãðàä;RG 0001 006 00 01;Ðåãèñòðàöèÿ ïî ÁÏ;Ðåã.;6;Ðåãèñòðàöèÿ;äîñüå;19,8;AUTO
ÎÑÖ Âîðîíåæ;Àðõèâ ¹4 Ñàíêò-Ïåòåðáóðã;RG 0001 006 00 01;Ðåãèñòðàöèÿ ïî ÁÏ;Ðåã.;6;Ðåãèñòðàöèÿ;äîñüå;24,547;AUTO
ÎÑÖ Ìîñêâà;Âíå ïîäðàçäåëåíèé;RG 0001 006 00 01;Ðåãèñòðàöèÿ ïî ÁÏ;Ðåã.;6;Ðåãèñòðàöèÿ;äîñüå;0;AUTO
ÎÑÖ Ìîñêâà;Àðõèâ ¹1 Òîìèëèíî;RG 0001 006 00 01;Ðåãèñòðàöèÿ ïî ÁÏ;Ðåã.;6;Ðåãèñòðàöèÿ;äîñüå;0;AUTO
ÎÑÖ Íèæíèé Íîâãîðîä;Âíå ïîäðàçäåëåíèé;RG 0001 006 00 01;Ðåãèñòðàöèÿ ïî ÁÏ;Ðåã.;6;Ðåãèñòðàöèÿ;äîñüå;0;AUTO
ÎÑÖ Íèæíèé Íîâãîðîä;Àðõèâ ¹1 Íèæíèé Íîâãîðîä;RG 0001 006 00 01;Ðåãèñòðàöèÿ ïî ÁÏ;Ðåã.;6;Ðåãèñòðàöèÿ;äîñüå;0;AUTO
ÎÑÖ Íîâîñèáèðñê;Âíå ïîäðàçäåëåíèé;RG 0001 006 00 01;Ðåãèñòðàöèÿ ïî ÁÏ;Ðåã.;6;Ðåãèñòðàöèÿ;äîñüå;0;AUTO
ÎÑÖ Íîâîñèáèðñê;Àðõèâ ¹1 Íîâîñèáèðñê;RG 0001 006 00 01;Ðåãèñòðàöèÿ ïî ÁÏ;Ðåã.;6;Ðåãèñòðàöèÿ;äîñüå;17,867;AUTO
ÎÑÖ Íîâîñèáèðñê;Àðõèâ ¹3 Åêàòåðèíáóðã;RG 0001 006 00 01;Ðåãèñòðàöèÿ ïî ÁÏ;Ðåã.;6;Ðåãèñòðàöèÿ;äîñüå;19,733;AUTO
ÎÑÖ Ñàìàðà;Âíå ïîäðàçäåëåíèé;RG 0001 006 00 01;Ðåãèñòðàöèÿ ïî ÁÏ;Ðåã.;6;Ðåãèñòðàöèÿ;äîñüå;0;AUTO
ÎÑÖ Ñàìàðà;Àðõèâ ¹1 Ñàìàðà;RG 0001 006 00 01;Ðåãèñòðàöèÿ ïî ÁÏ;Ðåã.;6;Ðåãèñòðàöèÿ;äîñüå;25;AUTO
ÎÑÖ Âîðîíåæ;Âíå ïîäðàçäåëåíèé;RG 0001 006 00 02;Ðåãèñòðàöèÿ ïî ÁÏ;ÂÑÏ;6;Ðåãèñòðàöèÿ;äîñüå;0;AUTO
ÎÑÖ Âîðîíåæ;Àðõèâ ¹1 Âîðîíåæ;RG 0001 006 00 02;Ðåãèñòðàöèÿ ïî ÁÏ;ÂÑÏ;6;Ðåãèñòðàöèÿ;äîñüå;0;AUTO
ÎÑÖ Âîðîíåæ;Àðõèâ ¹3 Êàëèíèíãðàä;RG 0001 006 00 02;Ðåãèñòðàöèÿ ïî ÁÏ;ÂÑÏ;6;Ðåãèñòðàöèÿ;äîñüå;13,9;AUTO
ÎÑÖ Âîðîíåæ;Àðõèâ ¹4 Ñàíêò-Ïåòåðáóðã;RG 0001 006 00 02;Ðåãèñòðàöèÿ ïî ÁÏ;ÂÑÏ;6;Ðåãèñòðàöèÿ;äîñüå;18;AUTO
ÎÑÖ Ìîñêâà;Âíå ïîäðàçäåëåíèé;RG 0001 006 00 02;Ðåãèñòðàöèÿ ïî ÁÏ;ÂÑÏ;6;Ðåãèñòðàöèÿ;äîñüå;0;AUTO
ÎÑÖ Ìîñêâà;Àðõèâ ¹1 Òîìèëèíî;RG 0001 006 00 02;Ðåãèñòðàöèÿ ïî ÁÏ;ÂÑÏ;6;Ðåãèñòðàöèÿ;äîñüå;0;AUTO
ÎÑÖ Íèæíèé Íîâãîðîä;Âíå ïîäðàçäåëåíèé;RG 0001 006 00 02;Ðåãèñòðàöèÿ ïî ÁÏ;ÂÑÏ;6;Ðåãèñòðàöèÿ;äîñüå;0;AUTO
ÎÑÖ Íèæíèé Íîâãîðîä;Àðõèâ ¹1 Íèæíèé Íîâãîðîä;RG 0001 006 00 02;Ðåãèñòðàöèÿ ïî ÁÏ;ÂÑÏ;6;Ðåãèñòðàöèÿ;äîñüå;0;AUTO
ÎÑÖ Íîâîñèáèðñê;Âíå ïîäðàçäåëåíèé;RG 0001 006 00 02;Ðåãèñòðàöèÿ ïî ÁÏ;ÂÑÏ;6;Ðåãèñòðàöèÿ;äîñüå;0;AUTO
ÎÑÖ Íîâîñèáèðñê;Àðõèâ ¹1 Íîâîñèáèðñê;RG 0001 006 00 02;Ðåãèñòðàöèÿ ïî ÁÏ;ÂÑÏ;6;Ðåãèñòðàöèÿ;äîñüå;17,216;AUTO
ÎÑÖ Íîâîñèáèðñê;Àðõèâ ¹3 Åêàòåðèíáóðã;RG 0001 006 00 02;Ðåãèñòðàöèÿ ïî ÁÏ;ÂÑÏ;6;Ðåãèñòðàöèÿ;äîñüå;17,6;AUTO
ÎÑÖ Ñàìàðà;Âíå ïîäðàçäåëåíèé;RG 0001 006 00 02;Ðåãèñòðàöèÿ ïî ÁÏ;ÂÑÏ;6;Ðåãèñòðàöèÿ;äîñüå;0;AUTO
ÎÑÖ Ñàìàðà;Àðõèâ ¹1 Ñàìàðà;RG 0001 006 00 02;Ðåãèñòðàöèÿ ïî ÁÏ;ÂÑÏ;6;Ðåãèñòðàöèÿ;äîñüå;17;AUTO
ÎÑÖ Âîðîíåæ;Âíå ïîäðàçäåëåíèé;RG 0001 006 00 03;Ðåãèñòðàöèÿ ïî ÁÏ;ÂÐÓÊ;6;Ðåãèñòðàöèÿ;äîñüå;0;AUTO
ÎÑÖ Âîðîíåæ;Àðõèâ ¹1 Âîðîíåæ;RG 0001 006 00 03;Ðåãèñòðàöèÿ ïî ÁÏ;ÂÐÓÊ;6;Ðåãèñòðàöèÿ;äîñüå;95;AUTO
ÎÑÖ Âîðîíåæ;Àðõèâ ¹3 Êàëèíèíãðàä;RG 0001 006 00 03;Ðåãèñòðàöèÿ ïî ÁÏ;ÂÐÓÊ;6;Ðåãèñòðàöèÿ;äîñüå;80,867;AUTO
ÎÑÖ Âîðîíåæ;Àðõèâ ¹4 Ñàíêò-Ïåòåðáóðã;RG 0001 006 00 03;Ðåãèñòðàöèÿ ïî ÁÏ;ÂÐÓÊ;6;Ðåãèñòðàöèÿ;äîñüå;80,044;AUTO
ÎÑÖ Ìîñêâà;Âíå ïîäðàçäåëåíèé;RG 0001 006 00 03;Ðåãèñòðàöèÿ ïî ÁÏ;ÂÐÓÊ;6;Ðåãèñòðàöèÿ;äîñüå;0;AUTO
ÎÑÖ Ìîñêâà;Àðõèâ ¹1 Òîìèëèíî;RG 0001 006 00 03;Ðåãèñòðàöèÿ ïî ÁÏ;ÂÐÓÊ;6;Ðåãèñòðàöèÿ;äîñüå;90,733;AUTO
ÎÑÖ Íèæíèé Íîâãîðîä;Âíå ïîäðàçäåëåíèé;RG 0001 006 00 03;Ðåãèñòðàöèÿ ïî ÁÏ;ÂÐÓÊ;6;Ðåãèñòðàöèÿ;äîñüå;0;AUTO
ÎÑÖ Íèæíèé Íîâãîðîä;Àðõèâ ¹1 Íèæíèé Íîâãîðîä;RG 0001 006 00 03;Ðåãèñòðàöèÿ ïî ÁÏ;ÂÐÓÊ;6;Ðåãèñòðàöèÿ;äîñüå;0;AUTO
ÎÑÖ Íîâîñèáèðñê;Âíå ïîäðàçäåëåíèé;RG 0001 006 00 03;Ðåãèñòðàöèÿ ïî ÁÏ;ÂÐÓÊ;6;Ðåãèñòðàöèÿ;äîñüå;0;AUTO
ÎÑÖ Íîâîñèáèðñê;Àðõèâ ¹1 Íîâîñèáèðñê;RG 0001 006 00 03;Ðåãèñòðàöèÿ ïî ÁÏ;ÂÐÓÊ;6;Ðåãèñòðàöèÿ;äîñüå;84,25;AUTO
ÎÑÖ Íîâîñèáèðñê;Àðõèâ ¹3 Åêàòåðèíáóðã;RG 0001 006 00 03;Ðåãèñòðàöèÿ ïî ÁÏ;ÂÐÓÊ;6;Ðåãèñòðàöèÿ;äîñüå;85;AUTO
ÎÑÖ Ñàìàðà;Âíå ïîäðàçäåëåíèé;RG 0001 006 00 03;Ðåãèñòðàöèÿ ïî ÁÏ;ÂÐÓÊ;6;Ðåãèñòðàöèÿ;äîñüå;0;AUTO
ÎÑÖ Ñàìàðà;Àðõèâ ¹1 Ñàìàðà;RG 0001 006 00 03;Ðåãèñòðàöèÿ ïî ÁÏ;ÂÐÓÊ;6;Ðåãèñòðàöèÿ;äîñüå;89,933;AUTO
ÎÑÖ Âîðîíåæ;Âíå ïîäðàçäåëåíèé;RG 0001 240 00 01;Ðåãèñòðàöèÿ ïî ÁÏ;Ðåã.;240;Ðåãèñòðàöèÿ;äîñüå;0;AUTO
ÎÑÖ Âîðîíåæ;Àðõèâ ¹1 Âîðîíåæ;RG 0001 240 00 01;Ðåãèñòðàöèÿ ïî ÁÏ;Ðåã.;240;Ðåãèñòðàöèÿ;äîñüå;0;AUTO
ÎÑÖ Âîðîíåæ;Àðõèâ ¹3 Êàëèíèíãðàä;RG 0001 240 00 01;Ðåãèñòðàöèÿ ïî ÁÏ;Ðåã.;240;Ðåãèñòðàöèÿ;äîñüå;0;AUTO
ÎÑÖ Âîðîíåæ;Àðõèâ ¹4 Ñàíêò-Ïåòåðáóðã;RG 0001 240 00 01;Ðåãèñòðàöèÿ ïî ÁÏ;Ðåã.;240;Ðåãèñòðàöèÿ;äîñüå;0;AUTO
ÎÑÖ Ìîñêâà;Âíå ïîäðàçäåëåíèé;RG 0001 240 00 01;Ðåãèñòðàöèÿ ïî ÁÏ;Ðåã.;240;Ðåãèñòðàöèÿ;äîñüå;0;AUTO
ÎÑÖ Ìîñêâà;Àðõèâ ¹1 Òîìèëèíî;RG 0001 240 00 01;Ðåãèñòðàöèÿ ïî ÁÏ;Ðåã.;240;Ðåãèñòðàöèÿ;äîñüå;60,2;AUTO
ÎÑÖ Íèæíèé Íîâãîðîä;Âíå ïîäðàçäåëåíèé;RG 0001 240 00 01;Ðåãèñòðàöèÿ ïî ÁÏ;Ðåã.;240;Ðåãèñòðàöèÿ;äîñüå;0;AUTO
ÎÑÖ Íèæíèé Íîâãîðîä;Àðõèâ ¹1 Íèæíèé Íîâãîðîä;RG 0001 240 00 01;Ðåãèñòðàöèÿ ïî ÁÏ;Ðåã.;240;Ðåãèñòðàöèÿ;äîñüå;0;AUTO
ÎÑÖ Íîâîñèáèðñê;Âíå ïîäðàçäåëåíèé;RG 0001 240 00 01;Ðåãèñòðàöèÿ ïî ÁÏ;Ðåã.;240;Ðåãèñòðàöèÿ;äîñüå;0;AUTO
ÎÑÖ Íîâîñèáèðñê;Àðõèâ ¹1 Íîâîñèáèðñê;RG 0001 240 00 01;Ðåãèñòðàöèÿ ïî ÁÏ;Ðåã.;240;Ðåãèñòðàöèÿ;äîñüå;0;AUTO
ÎÑÖ Íîâîñèáèðñê;Àðõèâ ¹3 Åêàòåðèíáóðã;RG 0001 240 00 01;Ðåãèñòðàöèÿ ïî ÁÏ;Ðåã.;240;Ðåãèñòðàöèÿ;äîñüå;0;AUTO
ÎÑÖ Ñàìàðà;Âíå ïîäðàçäåëåíèé;RG 0001 240 00 01;Ðåãèñòðàöèÿ ïî ÁÏ;Ðåã.;240;Ðåãèñòðàöèÿ;äîñüå;0;AUTO
ÎÑÖ Ñàìàðà;Àðõèâ ¹1 Ñàìàðà;RG 0001 240 00 01;Ðåãèñòðàöèÿ ïî ÁÏ;Ðåã.;240;Ðåãèñòðàöèÿ;äîñüå;0;AUTO
ÎÑÖ Âîðîíåæ;Âíå ïîäðàçäåëåíèé;RG 0001 240 00 02;Ðåãèñòðàöèÿ ïî ÁÏ;ÂÑÏ;240;Ðåãèñòðàöèÿ;äîñüå;0;AUTO
ÎÑÖ Âîðîíåæ;Àðõèâ ¹1 Âîðîíåæ;RG 0001 240 00 02;Ðåãèñòðàöèÿ ïî ÁÏ;ÂÑÏ;240;Ðåãèñòðàöèÿ;äîñüå;0;AUTO
ÎÑÖ Âîðîíåæ;Àðõèâ ¹3 Êàëèíèíãðàä;RG 0001 240 00 02;Ðåãèñòðàöèÿ ïî ÁÏ;ÂÑÏ;240;Ðåãèñòðàöèÿ;äîñüå;0;AUTO
ÎÑÖ Âîðîíåæ;Àðõèâ ¹4 Ñàíêò-Ïåòåðáóðã;RG 0001 240 00 02;Ðåãèñòðàöèÿ ïî ÁÏ;ÂÑÏ;240;Ðåãèñòðàöèÿ;äîñüå;0;AUTO
ÎÑÖ Ìîñêâà;Âíå ïîäðàçäåëåíèé;RG 0001 240 00 02;Ðåãèñòðàöèÿ ïî ÁÏ;ÂÑÏ;240;Ðåãèñòðàöèÿ;äîñüå;0;AUTO
ÎÑÖ Ìîñêâà;Àðõèâ ¹1 Òîìèëèíî;RG 0001 240 00 02;Ðåãèñòðàöèÿ ïî ÁÏ;ÂÑÏ;240;Ðåãèñòðàöèÿ;äîñüå;45,367;AUTO
ÎÑÖ Íèæíèé Íîâãîðîä;Âíå ïîäðàçäåëåíèé;RG 0001 240 00 02;Ðåãèñòðàöèÿ ïî ÁÏ;ÂÑÏ;240;Ðåãèñòðàöèÿ;äîñüå;0;AUTO
ÎÑÖ Íèæíèé Íîâãîðîä;Àðõèâ ¹1 Íèæíèé Íîâãîðîä;RG 0001 240 00 02;Ðåãèñòðàöèÿ ïî ÁÏ;ÂÑÏ;240;Ðåãèñòðàöèÿ;äîñüå;0;AUTO
ÎÑÖ Íîâîñèáèðñê;Âíå ïîäðàçäåëåíèé;RG 0001 240 00 02;Ðåãèñòðàöèÿ ïî ÁÏ;ÂÑÏ;240;Ðåãèñòðàöèÿ;äîñüå;0;AUTO
ÎÑÖ Íîâîñèáèðñê;Àðõèâ ¹1 Íîâîñèáèðñê;RG 0001 240 00 02;Ðåãèñòðàöèÿ ïî ÁÏ;ÂÑÏ;240;Ðåãèñòðàöèÿ;äîñüå;0;AUTO
ÎÑÖ Íîâîñèáèðñê;Àðõèâ ¹3 Åêàòåðèíáóðã;RG 0001 240 00 02;Ðåãèñòðàöèÿ ïî ÁÏ;ÂÑÏ;240;Ðåãèñòðàöèÿ;äîñüå;0;AUTO
ÎÑÖ Ñàìàðà;Âíå ïîäðàçäåëåíèé;RG 0001 240 00 02;Ðåãèñòðàöèÿ ïî ÁÏ;ÂÑÏ;240;Ðåãèñòðàöèÿ;äîñüå;0;AUTO
ÎÑÖ Ñàìàðà;Àðõèâ ¹1 Ñàìàðà;RG 0001 240 00 02;Ðåãèñòðàöèÿ ïî ÁÏ;ÂÑÏ;240;Ðåãèñòðàöèÿ;äîñüå;0;AUTO
ÎÑÖ Âîðîíåæ;Âíå ïîäðàçäåëåíèé;RG 0001 240 00 03;Ðåãèñòðàöèÿ ïî ÁÏ;ÂÐÓÊ;240;Ðåãèñòðàöèÿ;äîñüå;0;AUTO
ÎÑÖ Âîðîíåæ;Àðõèâ ¹1 Âîðîíåæ;RG 0001 240 00 03;Ðåãèñòðàöèÿ ïî ÁÏ;ÂÐÓÊ;240;Ðåãèñòðàöèÿ;äîñüå;82,1;AUTO
ÎÑÖ Âîðîíåæ;Àðõèâ ¹3 Êàëèíèíãðàä;RG 0001 240 00 03;Ðåãèñòðàöèÿ ïî ÁÏ;ÂÐÓÊ;240;Ðåãèñòðàöèÿ;äîñüå;0;AUTO
ÎÑÖ Âîðîíåæ;Àðõèâ ¹4 Ñàíêò-Ïåòåðáóðã;RG 0001 240 00 03;Ðåãèñòðàöèÿ ïî ÁÏ;ÂÐÓÊ;240;Ðåãèñòðàöèÿ;äîñüå;60;AUTO
ÎÑÖ Ìîñêâà;Âíå ïîäðàçäåëåíèé;RG 0001 240 00 03;Ðåãèñòðàöèÿ ïî ÁÏ;ÂÐÓÊ;240;Ðåãèñòðàöèÿ;äîñüå;0;AUTO
ÎÑÖ Ìîñêâà;Àðõèâ ¹1 Òîìèëèíî;RG 0001 240 00 03;Ðåãèñòðàöèÿ ïî ÁÏ;ÂÐÓÊ;240;Ðåãèñòðàöèÿ;äîñüå;82,167;AUTO
ÎÑÖ Íèæíèé Íîâãîðîä;Âíå ïîäðàçäåëåíèé;RG 0001 240 00 03;Ðåãèñòðàöèÿ ïî ÁÏ;ÂÐÓÊ;240;Ðåãèñòðàöèÿ;äîñüå;0;AUTO
ÎÑÖ Íèæíèé Íîâãîðîä;Àðõèâ ¹1 Íèæíèé Íîâãîðîä;RG 0001 240 00 03;Ðåãèñòðàöèÿ ïî ÁÏ;ÂÐÓÊ;240;Ðåãèñòðàöèÿ;äîñüå;82,133;AUTO
ÎÑÖ Íîâîñèáèðñê;Âíå ïîäðàçäåëåíèé;RG 0001 240 00 03;Ðåãèñòðàöèÿ ïî ÁÏ;ÂÐÓÊ;240;Ðåãèñòðàöèÿ;äîñüå;0;AUTO
ÎÑÖ Íîâîñèáèðñê;Àðõèâ ¹1 Íîâîñèáèðñê;RG 0001 240 00 03;Ðåãèñòðàöèÿ ïî ÁÏ;ÂÐÓÊ;240;Ðåãèñòðàöèÿ;äîñüå;82,033;AUTO
ÎÑÖ Íîâîñèáèðñê;Àðõèâ ¹3 Åêàòåðèíáóðã;RG 0001 240 00 03;Ðåãèñòðàöèÿ ïî ÁÏ;ÂÐÓÊ;240;Ðåãèñòðàöèÿ;äîñüå;0;AUTO
ÎÑÖ Ñàìàðà;Âíå ïîäðàçäåëåíèé;RG 0001 240 00 03;Ðåãèñòðàöèÿ ïî ÁÏ;ÂÐÓÊ;240;Ðåãèñòðàöèÿ;äîñüå;0;AUTO
ÎÑÖ Ñàìàðà;Àðõèâ ¹1 Ñàìàðà;RG 0001 240 00 03;Ðåãèñòðàöèÿ ïî ÁÏ;ÂÐÓÊ;240;Ðåãèñòðàöèÿ;äîñüå;60;AUTO
ÎÑÖ Âîðîíåæ;Âíå ïîäðàçäåëåíèé;RG 0001 273 00 01;Ðåãèñòðàöèÿ ïî ÁÏ;Ðåã.;273;Ðåãèñòðàöèÿ;äîñüå;0;AUTO
ÎÑÖ Âîðîíåæ;Àðõèâ ¹1 Âîðîíåæ;RG 0001 273 00 01;Ðåãèñòðàöèÿ ïî ÁÏ;Ðåã.;273;Ðåãèñòðàöèÿ;äîñüå;21,567;AUTO
ÎÑÖ Âîðîíåæ;Àðõèâ ¹3 Êàëèíèíãðàä;RG 0001 273 00 01;Ðåãèñòðàöèÿ ïî ÁÏ;Ðåã.;273;Ðåãèñòðàöèÿ;äîñüå;16,53;AUTO
ÎÑÖ Âîðîíåæ;Àðõèâ ¹4 Ñàíêò-Ïåòåðáóðã;RG 0001 273 00 01;Ðåãèñòðàöèÿ ïî ÁÏ;Ðåã.;273;Ðåãèñòðàöèÿ;äîñüå;21,8;AUTO
ÎÑÖ Ìîñêâà;Âíå ïîäðàçäåëåíèé;RG 0001 273 00 01;Ðåãèñòðàöèÿ ïî ÁÏ;Ðåã.;273;Ðåãèñòðàöèÿ;äîñüå;0;AUTO
ÎÑÖ Ìîñêâà;Àðõèâ ¹1 Òîìèëèíî;RG 0001 273 00 01;Ðåãèñòðàöèÿ ïî ÁÏ;Ðåã.;273;Ðåãèñòðàöèÿ;äîñüå;20,51;AUTO
ÎÑÖ Íèæíèé Íîâãîðîä;Âíå ïîäðàçäåëåíèé;RG 0001 273 00 01;Ðåãèñòðàöèÿ ïî ÁÏ;Ðåã.;273;Ðåãèñòðàöèÿ;äîñüå;0;AUTO
ÎÑÖ Íèæíèé Íîâãîðîä;Àðõèâ ¹1 Íèæíèé Íîâãîðîä;RG 0001 273 00 01;Ðåãèñòðàöèÿ ïî ÁÏ;Ðåã.;273;Ðåãèñòðàöèÿ;äîñüå;23;AUTO
ÎÑÖ Íîâîñèáèðñê;Âíå ïîäðàçäåëåíèé;RG 0001 273 00 01;Ðåãèñòðàöèÿ ïî ÁÏ;Ðåã.;273;Ðåãèñòðàöèÿ;äîñüå;0;AUTO
ÎÑÖ Íîâîñèáèðñê;Àðõèâ ¹1 Íîâîñèáèðñê;RG 0001 273 00 01;Ðåãèñòðàöèÿ ïî ÁÏ;Ðåã.;273;Ðåãèñòðàöèÿ;äîñüå;21,067;AUTO
ÎÑÖ Íîâîñèáèðñê;Àðõèâ ¹3 Åêàòåðèíáóðã;RG 0001 273 00 01;Ðåãèñòðàöèÿ ïî ÁÏ;Ðåã.;273;Ðåãèñòðàöèÿ;äîñüå;20,433;AUTO
ÎÑÖ Ñàìàðà;Âíå ïîäðàçäåëåíèé;RG 0001 273 00 01;Ðåãèñòðàöèÿ ïî ÁÏ;Ðåã.;273;Ðåãèñòðàöèÿ;äîñüå;0;AUTO
ÎÑÖ Ñàìàðà;Àðõèâ ¹1 Ñàìàðà;RG 0001 273 00 01;Ðåãèñòðàöèÿ ïî ÁÏ;Ðåã.;273;Ðåãèñòðàöèÿ;äîñüå;20;AUTO
ÎÑÖ Âîðîíåæ;Âíå ïîäðàçäåëåíèé;RG 0001 273 00 03;Ðåãèñòðàöèÿ ïî ÁÏ;ÂÐÓÊ;273;Ðåãèñòðàöèÿ;äîñüå;0;AUTO
ÎÑÖ Íîâîñèáèðñê;Àðõèâ ¹1 Íîâîñèáèðñê;BX 0085 000 00 01;Ðåãèñòðàöèÿ FB;-;00;Ðåãèñòðàöèÿ;Íåò;1;AUTO
ÎÑÖ Âîðîíåæ;Àðõèâ ¹1 Âîðîíåæ;BX 0085 000 00 01;Ðåãèñòðàöèÿ FB;-;00;Ðåãèñòðàöèÿ;Íåò;17,258;AUTO
ÎÑÖ Ñàìàðà;Àðõèâ ¹1 Ñàìàðà;BX 0085 000 00 01;Ðåãèñòðàöèÿ FB;-;00;Ðåãèñòðàöèÿ;Íåò;1;AUTO
ÎÑÖ Âîðîíåæ;Àðõèâ ¹3 Êàëèíèíãðàä;BX 0085 000 00 01;Ðåãèñòðàöèÿ FB;-;00;Ðåãèñòðàöèÿ;Íåò;14;AUTO
ÎÑÖ Ìîñêâà;Àðõèâ ¹1 Òîìèëèíî;BX 0085 000 00 01;Ðåãèñòðàöèÿ FB;-;00;Ðåãèñòðàöèÿ;Íåò;3;AUTO
ÎÑÖ Âîðîíåæ;Àðõèâ ¹1 Âîðîíåæ;RS 000 000 00 01;Ðàçìåùåíèå ÝÃÎ äîêóìåíòîâ/äîñüå â ÅÑÌ_âõîäÿùèé ïîòîê_ÎÁÙÈÉ ôàéë;-;00;Ðåãèñòðàöèÿ;ñòðàíèöà;8;RUCH
ÎÑÖ Âîðîíåæ;Àðõèâ ¹3 Êàëèíèíãðàä;RS 000 000 00 01;Ðàçìåùåíèå ÝÃÎ äîêóìåíòîâ/äîñüå â ÅÑÌ_âõîäÿùèé ïîòîê_ÎÁÙÈÉ ôàéë;-;00;Ðåãèñòðàöèÿ;ñòðàíèöà;8;RUCH
ÎÑÖ Âîðîíåæ;Àðõèâ ¹4 Ñàíêò-Ïåòåðáóðã;RS 000 000 00 01;Ðàçìåùåíèå ÝÃÎ äîêóìåíòîâ/äîñüå â ÅÑÌ_âõîäÿùèé ïîòîê_ÎÁÙÈÉ ôàéë;-;00;Ðåãèñòðàöèÿ;ñòðàíèöà;8;RUCH
ÎÑÖ Ìîñêâà;Àðõèâ ¹1 Òîìèëèíî;RS 000 000 00 01;Ðàçìåùåíèå ÝÃÎ äîêóìåíòîâ/äîñüå â ÅÑÌ_âõîäÿùèé ïîòîê_ÎÁÙÈÉ ôàéë;-;00;Ðåãèñòðàöèÿ;ñòðàíèöà;8;RUCH
ÎÑÖ Íèæíèé Íîâãîðîä;Àðõèâ ¹1 Íèæíèé Íîâãîðîä;RS 000 000 00 01;Ðàçìåùåíèå ÝÃÎ äîêóìåíòîâ/äîñüå â ÅÑÌ_âõîäÿùèé ïîòîê_ÎÁÙÈÉ ôàéë;-;00;Ðåãèñòðàöèÿ;ñòðàíèöà;8;RUCH
ÎÑÖ Íîâîñèáèðñê;Àðõèâ ¹1 Íîâîñèáèðñê;RS 000 000 00 01;Ðàçìåùåíèå ÝÃÎ äîêóìåíòîâ/äîñüå â ÅÑÌ_âõîäÿùèé ïîòîê_ÎÁÙÈÉ ôàéë;-;00;Ðåãèñòðàöèÿ;ñòðàíèöà;8;RUCH
ÎÑÖ Íîâîñèáèðñê;Àðõèâ ¹3 Åêàòåðèíáóðã;RS 000 000 00 01;Ðàçìåùåíèå ÝÃÎ äîêóìåíòîâ/äîñüå â ÅÑÌ_âõîäÿùèé ïîòîê_ÎÁÙÈÉ ôàéë;-;00;Ðåãèñòðàöèÿ;ñòðàíèöà;8;RUCH
ÎÑÖ Ñàìàðà;Àðõèâ ¹1 Ñàìàðà;RS 000 000 00 01;Ðàçìåùåíèå ÝÃÎ äîêóìåíòîâ/äîñüå â ÅÑÌ_âõîäÿùèé ïîòîê_ÎÁÙÈÉ ôàéë;-;00;Ðåãèñòðàöèÿ;ñòðàíèöà;8;RUCH
ÎÑÖ Âîðîíåæ;Àðõèâ ¹1 Âîðîíåæ;RS 000 000 00 02;Ðàçìåùåíèå ÝÃÎ äîêóìåíòîâ/äîñüå â ÅÑÌ_âõîäÿùèé ïîòîê_ÑÊÅËÅÒÎÍ;-;00;Ðåãèñòðàöèÿ;;12;RUCH
ÎÑÖ Âîðîíåæ;Àðõèâ ¹3 Êàëèíèíãðàä;RS 000 000 00 02;Ðàçìåùåíèå ÝÃÎ äîêóìåíòîâ/äîñüå â ÅÑÌ_âõîäÿùèé ïîòîê_ÑÊÅËÅÒÎÍ;-;00;Ðåãèñòðàöèÿ;;12;RUCH
ÎÑÖ Âîðîíåæ;Àðõèâ ¹4 Ñàíêò-Ïåòåðáóðã;RS 000 000 00 02;Ðàçìåùåíèå ÝÃÎ äîêóìåíòîâ/äîñüå â ÅÑÌ_âõîäÿùèé ïîòîê_ÑÊÅËÅÒÎÍ;-;00;Ðåãèñòðàöèÿ;;12;RUCH
ÎÑÖ Ìîñêâà;Àðõèâ ¹1 Òîìèëèíî;RS 000 000 00 02;Ðàçìåùåíèå ÝÃÎ äîêóìåíòîâ/äîñüå â ÅÑÌ_âõîäÿùèé ïîòîê_ÑÊÅËÅÒÎÍ;-;00;Ðåãèñòðàöèÿ;;12;RUCH
ÎÑÖ Íèæíèé Íîâãîðîä;Àðõèâ ¹1 Íèæíèé Íîâãîðîä;RS 000 000 00 02;Ðàçìåùåíèå ÝÃÎ äîêóìåíòîâ/äîñüå â ÅÑÌ_âõîäÿùèé ïîòîê_ÑÊÅËÅÒÎÍ;-;00;Ðåãèñòðàöèÿ;;12;RUCH
ÎÑÖ Íîâîñèáèðñê;Àðõèâ ¹1 Íîâîñèáèðñê;RS 000 000 00 02;Ðàçìåùåíèå ÝÃÎ äîêóìåíòîâ/äîñüå â ÅÑÌ_âõîäÿùèé ïîòîê_ÑÊÅËÅÒÎÍ;-;00;Ðåãèñòðàöèÿ;;12;RUCH
ÎÑÖ Íîâîñèáèðñê;Àðõèâ ¹3 Åêàòåðèíáóðã;RS 000 000 00 02;Ðàçìåùåíèå ÝÃÎ äîêóìåíòîâ/äîñüå â ÅÑÌ_âõîäÿùèé ïîòîê_ÑÊÅËÅÒÎÍ;-;00;Ðåãèñòðàöèÿ;;12;RUCH
ÎÑÖ Ñàìàðà;Àðõèâ ¹1 Ñàìàðà;RS 000 000 00 02;Ðàçìåùåíèå ÝÃÎ äîêóìåíòîâ/äîñüå â ÅÑÌ_âõîäÿùèé ïîòîê_ÑÊÅËÅÒÎÍ;-;00;Ðåãèñòðàöèÿ;;12;RUCH
ÎÑÖ Âîðîíåæ;Àðõèâ ¹1 Âîðîíåæ;BF 101 000 00 14;Îïèñü ïðèñóòñòâîâàë âíóòðè êîðîáà ïðè ïðîâåäåíèè êîíòðîëÿ ïîëíîòû êîðîáà;-;00;Ëîãèñòèêà;Äîêóìåíò;3,2;RUCH
ÎÑÖ Íèæíèé Íîâãîðîä;Àðõèâ ¹1 Íèæíèé Íîâãîðîä;BF 101 000 00 14;Îïèñü ïðèñóòñòâîâàë âíóòðè êîðîáà ïðè ïðîâåäåíèè êîíòðîëÿ ïîëíîòû êîðîáà;-;00;Ëîãèñòèêà;Äîêóìåíò;0;RUCH
ÎÑÖ Íîâîñèáèðñê;Àðõèâ ¹1 Íîâîñèáèðñê;BF 101 000 00 14;Îïèñü ïðèñóòñòâîâàë âíóòðè êîðîáà ïðè ïðîâåäåíèè êîíòðîëÿ ïîëíîòû êîðîáà;-;00;Ëîãèñòèêà;Äîêóìåíò;0;RUCH
ÎÑÖ Ñàìàðà;Àðõèâ ¹1 Ñàìàðà;BF 101 000 00 14;Îïèñü ïðèñóòñòâîâàë âíóòðè êîðîáà ïðè ïðîâåäåíèè êîíòðîëÿ ïîëíîòû êîðîáà;-;00;Ëîãèñòèêà;Äîêóìåíò;3,2;RUCH
ÎÑÖ Ìîñêâà;Àðõèâ ¹1 Òîìèëèíî;BF 101 000 00 14;Îïèñü ïðèñóòñòâîâàë âíóòðè êîðîáà ïðè ïðîâåäåíèè êîíòðîëÿ ïîëíîòû êîðîáà;-;00;Ëîãèñòèêà;Äîêóìåíò;0;RUCH
ÎÑÖ Íîâîñèáèðñê;Àðõèâ ¹3 Åêàòåðèíáóðã;BF 101 000 00 14;Îïèñü ïðèñóòñòâîâàë âíóòðè êîðîáà ïðè ïðîâåäåíèè êîíòðîëÿ ïîëíîòû êîðîáà;-;00;Ëîãèñòèêà;Äîêóìåíò;3,2;RUCH
ÎÑÖ Âîðîíåæ;Àðõèâ ¹3 Êàëèíèíãðàä;BF 101 000 00 14;Îïèñü ïðèñóòñòâîâàë âíóòðè êîðîáà ïðè ïðîâåäåíèè êîíòðîëÿ ïîëíîòû êîðîáà;-;00;Ëîãèñòèêà;Äîêóìåíò;0;RUCH
ÎÑÖ Âîðîíåæ;Àðõèâ ¹4 Ñàíêò-Ïåòåðáóðã;BF 101 000 00 14;Îïèñü ïðèñóòñòâîâàë âíóòðè êîðîáà ïðè ïðîâåäåíèè êîíòðîëÿ ïîëíîòû êîðîáà;-;00;Ëîãèñòèêà;Äîêóìåíò;0;RUCH
ÎÑÖ Âîðîíåæ;Àðõèâ ¹1 Âîðîíåæ;SZ 205 000 00 00;Îïåðàöèè ïî âûäà÷å îðèãèíàëîâ äîêóìåíòîâ (ØÊ) çàêàç÷èêó - ÀÑ ÖÀÐÑ (ïðè èçúÿòèè îðèãèíàëîâ äîêóìåíòîâ ïðè îôîðìëåíèè ðó÷íîãî àêòà ïðèåìà/ïåðåäà÷è) ïðîñòàâëåíèå îòìåòêè â æóðíàëå âûäà÷è îðèãèíàëîâ äîêóìåíòîâ;-;00;Çàïðîñû;ØÊ;155;RUCH
ÎÑÖ Âîðîíåæ;Àðõèâ ¹3 Êàëèíèíãðàä;SZ 205 000 00 00;Îïåðàöèè ïî âûäà÷å îðèãèíàëîâ äîêóìåíòîâ (ØÊ) çàêàç÷èêó - ÀÑ ÖÀÐÑ (ïðè èçúÿòèè îðèãèíàëîâ äîêóìåíòîâ ïðè îôîðìëåíèè ðó÷íîãî àêòà ïðèåìà/ïåðåäà÷è) ïðîñòàâëåíèå îòìåòêè â æóðíàëå âûäà÷è îðèãèíàëîâ äîêóìåíòîâ;-;00;Çàïðîñû;ØÊ;155;RUCH
ÎÑÖ Âîðîíåæ;Àðõèâ ¹4 Ñàíêò-Ïåòåðáóðã;SZ 205 000 00 00;Îïåðàöèè ïî âûäà÷å îðèãèíàëîâ äîêóìåíòîâ (ØÊ) çàêàç÷èêó - ÀÑ ÖÀÐÑ (ïðè èçúÿòèè îðèãèíàëîâ äîêóìåíòîâ ïðè îôîðìëåíèè ðó÷íîãî àêòà ïðèåìà/ïåðåäà÷è) ïðîñòàâëåíèå îòìåòêè â æóðíàëå âûäà÷è îðèãèíàëîâ äîêóìåíòîâ;-;00;Çàïðîñû;ØÊ;155;RUCH
ÎÑÖ Ìîñêâà;Àðõèâ ¹1 Òîìèëèíî;SZ 205 000 00 00;Îïåðàöèè ïî âûäà÷å îðèãèíàëîâ äîêóìåíòîâ (ØÊ) çàêàç÷èêó - ÀÑ ÖÀÐÑ (ïðè èçúÿòèè îðèãèíàëîâ äîêóìåíòîâ ïðè îôîðìëåíèè ðó÷íîãî àêòà ïðèåìà/ïåðåäà÷è) ïðîñòàâëåíèå îòìåòêè â æóðíàëå âûäà÷è îðèãèíàëîâ äîêóìåíòîâ;-;00;Çàïðîñû;ØÊ;120;RUCH
ÎÑÖ Íèæíèé Íîâãîðîä;Àðõèâ ¹1 Íèæíèé Íîâãîðîä;SZ 205 000 00 00;Îïåðàöèè ïî âûäà÷å îðèãèíàëîâ äîêóìåíòîâ (ØÊ) çàêàç÷èêó - ÀÑ ÖÀÐÑ (ïðè èçúÿòèè îðèãèíàëîâ äîêóìåíòîâ ïðè îôîðìëåíèè ðó÷íîãî àêòà ïðèåìà/ïåðåäà÷è) ïðîñòàâëåíèå îòìåòêè â æóðíàëå âûäà÷è îðèãèíàëîâ äîêóìåíòîâ;-;00;Çàïðîñû;ØÊ;60;RUCH
ÎÑÖ Íîâîñèáèðñê;Àðõèâ ¹1 Íîâîñèáèðñê;SZ 205 000 00 00;Îïåðàöèè ïî âûäà÷å îðèãèíàëîâ äîêóìåíòîâ (ØÊ) çàêàç÷èêó - ÀÑ ÖÀÐÑ (ïðè èçúÿòèè îðèãèíàëîâ äîêóìåíòîâ ïðè îôîðìëåíèè ðó÷íîãî àêòà ïðèåìà/ïåðåäà÷è) ïðîñòàâëåíèå îòìåòêè â æóðíàëå âûäà÷è îðèãèíàëîâ äîêóìåíòîâ;-;00;Çàïðîñû;ØÊ;100;RUCH
ÎÑÖ Íîâîñèáèðñê;Àðõèâ ¹3 Åêàòåðèíáóðã;SZ 205 000 00 00;Îïåðàöèè ïî âûäà÷å îðèãèíàëîâ äîêóìåíòîâ (ØÊ) çàêàç÷èêó - ÀÑ ÖÀÐÑ (ïðè èçúÿòèè îðèãèíàëîâ äîêóìåíòîâ ïðè îôîðìëåíèè ðó÷íîãî àêòà ïðèåìà/ïåðåäà÷è) ïðîñòàâëåíèå îòìåòêè â æóðíàëå âûäà÷è îðèãèíàëîâ äîêóìåíòîâ;-;00;Çàïðîñû;ØÊ;100;RUCH
ÎÑÖ Ñàìàðà;Àðõèâ ¹1 Ñàìàðà;SZ 205 000 00 00;Îïåðàöèè ïî âûäà÷å îðèãèíàëîâ äîêóìåíòîâ (ØÊ) çàêàç÷èêó - ÀÑ ÖÀÐÑ (ïðè èçúÿòèè îðèãèíàëîâ äîêóìåíòîâ ïðè îôîðìëåíèè ðó÷íîãî àêòà ïðèåìà/ïåðåäà÷è) ïðîñòàâëåíèå îòìåòêè â æóðíàëå âûäà÷è îðèãèíàëîâ äîêóìåíòîâ;-;00;Çàïðîñû;ØÊ;100;RUCH
ÎÑÖ Âîðîíåæ;Àðõèâ ¹1 Âîðîíåæ;RG 0011 000 00 01;ÄÂÀ_Ðåãèñòðàöèÿ â ÀÑ ÖÀÐÑ äîêóìåíòîâ çàâåðøåííîãî äåëîïðîèçâîäñòâà;-;00;Ðåãèñòðàöèÿ;Äåëî;71,605;AUTO
ÎÑÖ Âîðîíåæ;Àðõèâ ¹3 Êàëèíèíãðàä;RG 0011 000 00 01;ÄÂÀ_Ðåãèñòðàöèÿ â ÀÑ ÖÀÐÑ äîêóìåíòîâ çàâåðøåííîãî äåëîïðîèçâîäñòâà;-;00;Ðåãèñòðàöèÿ;Äåëî;60,784;AUTO
ÎÑÖ Âîðîíåæ;Àðõèâ ¹4 Ñàíêò-Ïåòåðáóðã;RG 0011 000 00 01;ÄÂÀ_Ðåãèñòðàöèÿ â ÀÑ ÖÀÐÑ äîêóìåíòîâ çàâåðøåííîãî äåëîïðîèçâîäñòâà;-;00;Ðåãèñòðàöèÿ;Äåëî;69,485;AUTO
ÎÑÖ Ìîñêâà;Àðõèâ ¹1 Òîìèëèíî;RG 0011 000 00 01;ÄÂÀ_Ðåãèñòðàöèÿ â ÀÑ ÖÀÐÑ äîêóìåíòîâ çàâåðøåííîãî äåëîïðîèçâîäñòâà;-;00;Ðåãèñòðàöèÿ;Äåëî;71,123;AUTO
ÎÑÖ Íèæíèé Íîâãîðîä;Àðõèâ ¹1 Íèæíèé Íîâãîðîä;RG 0011 000 00 01;ÄÂÀ_Ðåãèñòðàöèÿ â ÀÑ ÖÀÐÑ äîêóìåíòîâ çàâåðøåííîãî äåëîïðîèçâîäñòâà;-;00;Ðåãèñòðàöèÿ;Äåëî;74,167;AUTO
ÎÑÖ Íîâîñèáèðñê;Àðõèâ ¹1 Íîâîñèáèðñê;RG 0011 000 00 01;ÄÂÀ_Ðåãèñòðàöèÿ â ÀÑ ÖÀÐÑ äîêóìåíòîâ çàâåðøåííîãî äåëîïðîèçâîäñòâà;-;00;Ðåãèñòðàöèÿ;Äåëî;71;AUTO
ÎÑÖ Íîâîñèáèðñê;Àðõèâ ¹3 Åêàòåðèíáóðã;RG 0011 000 00 01;ÄÂÀ_Ðåãèñòðàöèÿ â ÀÑ ÖÀÐÑ äîêóìåíòîâ çàâåðøåííîãî äåëîïðîèçâîäñòâà;-;00;Ðåãèñòðàöèÿ;Äåëî;71;AUTO
ÎÑÖ Ñàìàðà;Àðõèâ ¹1 Ñàìàðà;RG 0011 000 00 01;ÄÂÀ_Ðåãèñòðàöèÿ â ÀÑ ÖÀÐÑ äîêóìåíòîâ çàâåðøåííîãî äåëîïðîèçâîäñòâà;-;00;Ðåãèñòðàöèÿ;Äåëî;66,426;AUTO
ÎÑÖ Ñàìàðà;Àðõèâ ¹1 Ñàìàðà;KD 000 000 00 00;Ôîðìèðîâàíèå óâåäîìëåíèÿ îá îòêëîíåíèè (äåôåêò);-;00;Ðåãèñòðàöèÿ;îòêëîíåíèå;57,133;AUTO
ÎÑÖ Íîâîñèáèðñê;Àðõèâ ¹3 Åêàòåðèíáóðã;KD 000 000 00 00;Ôîðìèðîâàíèå óâåäîìëåíèÿ îá îòêëîíåíèè (äåôåêò);-;00;Ðåãèñòðàöèÿ;îòêëîíåíèå;56,222;AUTO
ÎÑÖ Íîâîñèáèðñê;Àðõèâ ¹1 Íîâîñèáèðñê;KD 000 000 00 00;Ôîðìèðîâàíèå óâåäîìëåíèÿ îá îòêëîíåíèè (äåôåêò);-;00;Ðåãèñòðàöèÿ;îòêëîíåíèå;56,833;AUTO
ÎÑÖ Âîðîíåæ;Àðõèâ ¹4 Ñàíêò-Ïåòåðáóðã;KD 000 000 00 00;Ôîðìèðîâàíèå óâåäîìëåíèÿ îá îòêëîíåíèè (äåôåêò);-;00;Ðåãèñòðàöèÿ;îòêëîíåíèå;62,04;AUTO
ÎÑÖ Ìîñêâà;Àðõèâ ¹1 Òîìèëèíî;KD 000 000 00 00;Ôîðìèðîâàíèå óâåäîìëåíèÿ îá îòêëîíåíèè (äåôåêò);-;00;Ðåãèñòðàöèÿ;îòêëîíåíèå;54,55;AUTO
ÎÑÖ Âîðîíåæ;Àðõèâ ¹1 Âîðîíåæ;KD 000 000 00 00;Ôîðìèðîâàíèå óâåäîìëåíèÿ îá îòêëîíåíèè (äåôåêò);-;00;Ðåãèñòðàöèÿ;îòêëîíåíèå;57,64;AUTO
ÎÑÖ Âîðîíåæ;Àðõèâ ¹3 Êàëèíèíãðàä;KD 000 000 00 00;Ôîðìèðîâàíèå óâåäîìëåíèÿ îá îòêëîíåíèè (äåôåêò);-;00;Ðåãèñòðàöèÿ;îòêëîíåíèå;60,067;AUTO
ÎÑÖ Íèæíèé Íîâãîðîä;Àðõèâ ¹1 Íèæíèé Íîâãîðîä;KD 000 000 00 00;Ôîðìèðîâàíèå óâåäîìëåíèÿ îá îòêëîíåíèè (äåôåêò);-;00;Ðåãèñòðàöèÿ;îòêëîíåíèå;56,973;AUTO
ÎÑÖ Âîðîíåæ;Àðõèâ ¹1 Âîðîíåæ;SR 0088 000 00 01;Îòìåíà ðåãèñòðàöèè Äîêóìåíòà/Îïèñè/Ñøèâà;-;00;Ðåãèñòðàöèÿ;ØÊ;9,528;AUTO
ÎÑÖ Âîðîíåæ;Àðõèâ ¹3 Êàëèíèíãðàä;SR 0088 000 00 01;Îòìåíà ðåãèñòðàöèè Äîêóìåíòà/Îïèñè/Ñøèâà;-;00;Ðåãèñòðàöèÿ;ØÊ;9,533;AUTO
ÎÑÖ Âîðîíåæ;Àðõèâ ¹4 Ñàíêò-Ïåòåðáóðã;SR 0088 000 00 01;Îòìåíà ðåãèñòðàöèè Äîêóìåíòà/Îïèñè/Ñøèâà;-;00;Ðåãèñòðàöèÿ;ØÊ;8,834;AUTO
ÎÑÖ Ìîñêâà;Àðõèâ ¹1 Òîìèëèíî;SR 0088 000 00 01;Îòìåíà ðåãèñòðàöèè Äîêóìåíòà/Îïèñè/Ñøèâà;-;00;Ðåãèñòðàöèÿ;ØÊ;8,367;AUTO
ÎÑÖ Íèæíèé Íîâãîðîä;Àðõèâ ¹1 Íèæíèé Íîâãîðîä;SR 0088 000 00 01;Îòìåíà ðåãèñòðàöèè Äîêóìåíòà/Îïèñè/Ñøèâà;-;00;Ðåãèñòðàöèÿ;ØÊ;8,635;AUTO
ÎÑÖ Íîâîñèáèðñê;Àðõèâ ¹1 Íîâîñèáèðñê;SR 0088 000 00 01;Îòìåíà ðåãèñòðàöèè Äîêóìåíòà/Îïèñè/Ñøèâà;-;00;Ðåãèñòðàöèÿ;ØÊ;8,167;AUTO
ÎÑÖ Íîâîñèáèðñê;Àðõèâ ¹3 Åêàòåðèíáóðã;SR 0088 000 00 01;Îòìåíà ðåãèñòðàöèè Äîêóìåíòà/Îïèñè/Ñøèâà;-;00;Ðåãèñòðàöèÿ;ØÊ;8,133;AUTO
ÎÑÖ Ñàìàðà;Àðõèâ ¹1 Ñàìàðà;SR 0088 000 00 01;Îòìåíà ðåãèñòðàöèè Äîêóìåíòà/Îïèñè/Ñøèâà;-;00;Ðåãèñòðàöèÿ;ØÊ;8,553;AUTO
ÎÑÖ Âîðîíåæ;Àðõèâ ¹1 Âîðîíåæ;SR 0101 000 00 01;Îïèñü íåêîððåêòíà îôîðìëåíà| ïîñêîëüêó âñå âëîæåííûå äîêóìåíòû îòíîñÿòñÿ ê äðóãîìó äîãîâîðó;-;00;Ðåãèñòðàöèÿ;ØÊ;10,5;AUTO
ÎÑÖ Âîðîíåæ;Àðõèâ ¹3 Êàëèíèíãðàä;SR 0101 000 00 01;Îïèñü íåêîððåêòíà îôîðìëåíà| ïîñêîëüêó âñå âëîæåííûå äîêóìåíòû îòíîñÿòñÿ ê äðóãîìó äîãîâîðó;-;00;Ðåãèñòðàöèÿ;ØÊ;10,6;AUTO
ÎÑÖ Âîðîíåæ;Àðõèâ ¹4 Ñàíêò-Ïåòåðáóðã;SR 0101 000 00 01;Îïèñü íåêîððåêòíà îôîðìëåíà| ïîñêîëüêó âñå âëîæåííûå äîêóìåíòû îòíîñÿòñÿ ê äðóãîìó äîãîâîðó;-;00;Ðåãèñòðàöèÿ;ØÊ;9,679;AUTO
ÎÑÖ Ìîñêâà;Àðõèâ ¹1 Òîìèëèíî;SR 0101 000 00 01;Îïèñü íåêîððåêòíà îôîðìëåíà| ïîñêîëüêó âñå âëîæåííûå äîêóìåíòû îòíîñÿòñÿ ê äðóãîìó äîãîâîðó;-;00;Ðåãèñòðàöèÿ;ØÊ;9,323;AUTO
ÎÑÖ Íèæíèé Íîâãîðîä;Àðõèâ ¹1 Íèæíèé Íîâãîðîä;SR 0101 000 00 01;Îïèñü íåêîððåêòíà îôîðìëåíà| ïîñêîëüêó âñå âëîæåííûå äîêóìåíòû îòíîñÿòñÿ ê äðóãîìó äîãîâîðó;-;00;Ðåãèñòðàöèÿ;ØÊ;9,143;AUTO
ÎÑÖ Íîâîñèáèðñê;Àðõèâ ¹1 Íîâîñèáèðñê;SR 0101 000 00 01;Îïèñü íåêîððåêòíà îôîðìëåíà| ïîñêîëüêó âñå âëîæåííûå äîêóìåíòû îòíîñÿòñÿ ê äðóãîìó äîãîâîðó;-;00;Ðåãèñòðàöèÿ;ØÊ;9,233;AUTO
ÎÑÖ Íîâîñèáèðñê;Àðõèâ ¹3 Åêàòåðèíáóðã;SR 0101 000 00 01;Îïèñü íåêîððåêòíà îôîðìëåíà| ïîñêîëüêó âñå âëîæåííûå äîêóìåíòû îòíîñÿòñÿ ê äðóãîìó äîãîâîðó;-;00;Ðåãèñòðàöèÿ;ØÊ;9,3;AUTO
ÎÑÖ Ñàìàðà;Àðõèâ ¹1 Ñàìàðà;SR 0101 000 00 01;Îïèñü íåêîððåêòíà îôîðìëåíà| ïîñêîëüêó âñå âëîæåííûå äîêóìåíòû îòíîñÿòñÿ ê äðóãîìó äîãîâîðó;-;00;Ðåãèñòðàöèÿ;ØÊ;9,383;AUTO
ÎÑÖ Âîðîíåæ;Àðõèâ ¹4 Ñàíêò-Ïåòåðáóðã;SS 0097 000 00 01;Ðàçìåùåíèå ÝÃÎ äîêóìåíòîâ/äîñüå â ÅÑÌ ïî çàïðîñó (Ïðèêðåïëåíèå ÝÃÎ îáùèì òîìîì);-;00;Çàïðîñû;ÅÓ;68,7;AUTO
ÎÑÖ Âîðîíåæ;Àðõèâ ¹4 Ñàíêò-Ïåòåðáóðã;SS 0098 000 00 01;Ðàçìåùåíèå ÝÃÎ äîêóìåíòîâ/äîñüå â ÅÑÌ ïî çàïðîñó (Ïðèêðåïëåíèå ÝÃÎ ñêåëåòîí);-;00;Çàïðîñû;ÅÓ;123,667;AUTO
ÎÑÖ Ñàìàðà;Àðõèâ ¹1 Ñàìàðà;SS 0097 000 00 01;Ðàçìåùåíèå ÝÃÎ äîêóìåíòîâ/äîñüå â ÅÑÌ ïî çàïðîñó (Ïðèêðåïëåíèå ÝÃÎ îáùèì òîìîì);-;00;Çàïðîñû;ÅÓ;55;AUTO
ÎÑÖ Ñàìàðà;Àðõèâ ¹1 Ñàìàðà;SS 0098 000 00 01;Ðàçìåùåíèå ÝÃÎ äîêóìåíòîâ/äîñüå â ÅÑÌ ïî çàïðîñó (Ïðèêðåïëåíèå ÝÃÎ ñêåëåòîí);-;00;Çàïðîñû;ÅÓ;80;AUTO
ÎÑÖ Íîâîñèáèðñê;Àðõèâ ¹1 Íîâîñèáèðñê;SS 0097 000 00 01;Ðàçìåùåíèå ÝÃÎ äîêóìåíòîâ/äîñüå â ÅÑÌ ïî çàïðîñó (Ïðèêðåïëåíèå ÝÃÎ îáùèì òîìîì);-;00;Çàïðîñû;ÅÓ;62,833;AUTO
ÎÑÖ Íîâîñèáèðñê;Àðõèâ ¹1 Íîâîñèáèðñê;SS 0098 000 00 01;Ðàçìåùåíèå ÝÃÎ äîêóìåíòîâ/äîñüå â ÅÑÌ ïî çàïðîñó (Ïðèêðåïëåíèå ÝÃÎ ñêåëåòîí);-;00;Çàïðîñû;ÅÓ;123,733;AUTO
ÎÑÖ Íèæíèé Íîâãîðîä;Àðõèâ ¹1 Íèæíèé Íîâãîðîä;SS 0097 000 00 01;Ðàçìåùåíèå ÝÃÎ äîêóìåíòîâ/äîñüå â ÅÑÌ ïî çàïðîñó (Ïðèêðåïëåíèå ÝÃÎ îáùèì òîìîì);-;00;Çàïðîñû;ÅÓ;54,834;AUTO
ÎÑÖ Íèæíèé Íîâãîðîä;Àðõèâ ¹1 Íèæíèé Íîâãîðîä;SS 0098 000 00 01;Ðàçìåùåíèå ÝÃÎ äîêóìåíòîâ/äîñüå â ÅÑÌ ïî çàïðîñó (Ïðèêðåïëåíèå ÝÃÎ ñêåëåòîí);-;00;Çàïðîñû;ÅÓ;104,533;AUTO
ÎÑÖ Ìîñêâà;Àðõèâ ¹1 Òîìèëèíî;SS 0097 000 00 01;Ðàçìåùåíèå ÝÃÎ äîêóìåíòîâ/äîñüå â ÅÑÌ ïî çàïðîñó (Ïðèêðåïëåíèå ÝÃÎ îáùèì òîìîì);-;00;Çàïðîñû;ÅÓ;56,7;AUTO
ÎÑÖ Ìîñêâà;Àðõèâ ¹1 Òîìèëèíî;SS 0098 000 00 01;Ðàçìåùåíèå ÝÃÎ äîêóìåíòîâ/äîñüå â ÅÑÌ ïî çàïðîñó (Ïðèêðåïëåíèå ÝÃÎ ñêåëåòîí);-;00;Çàïðîñû;ÅÓ;112,867;AUTO
ÎÑÖ Âîðîíåæ;Àðõèâ ¹3 Êàëèíèíãðàä;SS 0097 000 00 01;Ðàçìåùåíèå ÝÃÎ äîêóìåíòîâ/äîñüå â ÅÑÌ ïî çàïðîñó (Ïðèêðåïëåíèå ÝÃÎ îáùèì òîìîì);-;00;Çàïðîñû;ÅÓ;61,133;AUTO
ÎÑÖ Âîðîíåæ;Àðõèâ ¹3 Êàëèíèíãðàä;SS 0098 000 00 01;Ðàçìåùåíèå ÝÃÎ äîêóìåíòîâ/äîñüå â ÅÑÌ ïî çàïðîñó (Ïðèêðåïëåíèå ÝÃÎ ñêåëåòîí);-;00;Çàïðîñû;ÅÓ;127,4;AUTO
ÎÑÖ Íîâîñèáèðñê;Àðõèâ ¹3 Åêàòåðèíáóðã;SS 0097 000 00 01;Ðàçìåùåíèå ÝÃÎ äîêóìåíòîâ/äîñüå â ÅÑÌ ïî çàïðîñó (Ïðèêðåïëåíèå ÝÃÎ îáùèì òîìîì);-;00;Çàïðîñû;ÅÓ;61,867;AUTO
ÎÑÖ Íîâîñèáèðñê;Àðõèâ ¹3 Åêàòåðèíáóðã;SS 0098 000 00 01;Ðàçìåùåíèå ÝÃÎ äîêóìåíòîâ/äîñüå â ÅÑÌ ïî çàïðîñó (Ïðèêðåïëåíèå ÝÃÎ ñêåëåòîí);-;00;Çàïðîñû;ÅÓ;122,9;AUTO
ÎÑÖ Âîðîíåæ;Àðõèâ ¹1 Âîðîíåæ;SS 0097 000 00 01;Ðàçìåùåíèå ÝÃÎ äîêóìåíòîâ/äîñüå â ÅÑÌ ïî çàïðîñó (Ïðèêðåïëåíèå ÝÃÎ îáùèì òîìîì);-;00;Çàïðîñû;ÅÓ;63,5;AUTO
ÎÑÖ Âîðîíåæ;Àðõèâ ¹1 Âîðîíåæ;SS 0098 000 00 01;Ðàçìåùåíèå ÝÃÎ äîêóìåíòîâ/äîñüå â ÅÑÌ ïî çàïðîñó (Ïðèêðåïëåíèå ÝÃÎ ñêåëåòîí);-;00;Çàïðîñû;ÅÓ;124,667;AUTO
ÎÑÖ Âîðîíåæ;Âíå ïîäðàçäåëåíèé;PR 016 000 00 00;Ïðîåêò_Ñîïðîâîæäåíèå íàåìíîãî ïåðñîíàëà/ïåðåìåùåíèå êîðîáîâ_ïàëëåò (èñò. ôîíä ÄÂÀ);-;00;Ïðîåêòû;ìèíóòà;0;RUCH
ÎÑÖ Âîðîíåæ;Âíå ïîäðàçäåëåíèé;PR 017 000 00 00;Ïðîåêò_ÀÊ èçúÿò ñ õðàíåíèÿ èç ÀËÁ (èñò. ôîíä ÄÂÀ);-;00;Ïðîåêòû;ÀÊ;0;RUCH
ÎÑÖ Âîðîíåæ;Àðõèâ ¹1 Âîðîíåæ;PR 016 000 00 00;Ïðîåêò_Ñîïðîâîæäåíèå íàåìíîãî ïåðñîíàëà/ïåðåìåùåíèå êîðîáîâ_ïàëëåò (èñò. ôîíä ÄÂÀ);-;00;Ïðîåêòû;ìèíóòà;60;RUCH
ÎÑÖ Âîðîíåæ;Àðõèâ ¹1 Âîðîíåæ;PR 017 000 00 00;Ïðîåêò_ÀÊ èçúÿò ñ õðàíåíèÿ èç ÀËÁ (èñò. ôîíä ÄÂÀ);-;00;Ïðîåêòû;ÀÊ;0;RUCH
ÎÑÖ Âîðîíåæ;Àðõèâ ¹3 Êàëèíèíãðàä;PR 016 000 00 00;Ïðîåêò_Ñîïðîâîæäåíèå íàåìíîãî ïåðñîíàëà/ïåðåìåùåíèå êîðîáîâ_ïàëëåò (èñò. ôîíä ÄÂÀ);-;00;Ïðîåêòû;ìèíóòà;60;RUCH
ÎÑÖ Âîðîíåæ;Àðõèâ ¹3 Êàëèíèíãðàä;PR 017 000 00 00;Ïðîåêò_ÀÊ èçúÿò ñ õðàíåíèÿ èç ÀËÁ (èñò. ôîíä ÄÂÀ);-;00;Ïðîåêòû;ÀÊ;0;RUCH
ÎÑÖ Âîðîíåæ;Àðõèâ ¹4 Ñàíêò-Ïåòåðáóðã;PR 016 000 00 00;Ïðîåêò_Ñîïðîâîæäåíèå íàåìíîãî ïåðñîíàëà/ïåðåìåùåíèå êîðîáîâ_ïàëëåò (èñò. ôîíä ÄÂÀ);-;00;Ïðîåêòû;ìèíóòà;60;RUCH
ÎÑÖ Âîðîíåæ;Àðõèâ ¹4 Ñàíêò-Ïåòåðáóðã;PR 017 000 00 00;Ïðîåêò_ÀÊ èçúÿò ñ õðàíåíèÿ èç ÀËÁ (èñò. ôîíä ÄÂÀ);-;00;Ïðîåêòû;ÀÊ;0;RUCH
ÎÑÖ Ìîñêâà;Âíå ïîäðàçäåëåíèé;PR 016 000 00 00;Ïðîåêò_Ñîïðîâîæäåíèå íàåìíîãî ïåðñîíàëà/ïåðåìåùåíèå êîðîáîâ_ïàëëåò (èñò. ôîíä ÄÂÀ);-;00;Ïðîåêòû;ìèíóòà;0;RUCH
ÎÑÖ Ìîñêâà;Âíå ïîäðàçäåëåíèé;PR 017 000 00 00;Ïðîåêò_ÀÊ èçúÿò ñ õðàíåíèÿ èç ÀËÁ (èñò. ôîíä ÄÂÀ);-;00;Ïðîåêòû;ÀÊ;0;RUCH
ÎÑÖ Ìîñêâà;Àðõèâ ¹1 Òîìèëèíî;PR 016 000 00 00;Ïðîåêò_Ñîïðîâîæäåíèå íàåìíîãî ïåðñîíàëà/ïåðåìåùåíèå êîðîáîâ_ïàëëåò (èñò. ôîíä ÄÂÀ);-;00;Ïðîåêòû;ìèíóòà;60;RUCH
ÎÑÖ Ìîñêâà;Àðõèâ ¹1 Òîìèëèíî;PR 017 000 00 00;Ïðîåêò_ÀÊ èçúÿò ñ õðàíåíèÿ èç ÀËÁ (èñò. ôîíä ÄÂÀ);-;00;Ïðîåêòû;ÀÊ;0;RUCH
ÎÑÖ Íèæíèé Íîâãîðîä;Âíå ïîäðàçäåëåíèé;PR 016 000 00 00;Ïðîåêò_Ñîïðîâîæäåíèå íàåìíîãî ïåðñîíàëà/ïåðåìåùåíèå êîðîáîâ_ïàëëåò (èñò. ôîíä ÄÂÀ);-;00;Ïðîåêòû;ìèíóòà;0;RUCH
ÎÑÖ Íèæíèé Íîâãîðîä;Âíå ïîäðàçäåëåíèé;PR 017 000 00 00;Ïðîåêò_ÀÊ èçúÿò ñ õðàíåíèÿ èç ÀËÁ (èñò. ôîíä ÄÂÀ);-;00;Ïðîåêòû;ÀÊ;0;RUCH
ÎÑÖ Íèæíèé Íîâãîðîä;Àðõèâ ¹1 Íèæíèé Íîâãîðîä;PR 016 000 00 00;Ïðîåêò_Ñîïðîâîæäåíèå íàåìíîãî ïåðñîíàëà/ïåðåìåùåíèå êîðîáîâ_ïàëëåò (èñò. ôîíä ÄÂÀ);-;00;Ïðîåêòû;ìèíóòà;60;RUCH
ÎÑÖ Íèæíèé Íîâãîðîä;Àðõèâ ¹1 Íèæíèé Íîâãîðîä;PR 017 000 00 00;Ïðîåêò_ÀÊ èçúÿò ñ õðàíåíèÿ èç ÀËÁ (èñò. ôîíä ÄÂÀ);-;00;Ïðîåêòû;ÀÊ;28;RUCH
ÎÑÖ Íîâîñèáèðñê;Âíå ïîäðàçäåëåíèé;PR 016 000 00 00;Ïðîåêò_Ñîïðîâîæäåíèå íàåìíîãî ïåðñîíàëà/ïåðåìåùåíèå êîðîáîâ_ïàëëåò (èñò. ôîíä ÄÂÀ);-;00;Ïðîåêòû;ìèíóòà;0;RUCH
ÎÑÖ Íîâîñèáèðñê;Âíå ïîäðàçäåëåíèé;PR 017 000 00 00;Ïðîåêò_ÀÊ èçúÿò ñ õðàíåíèÿ èç ÀËÁ (èñò. ôîíä ÄÂÀ);-;00;Ïðîåêòû;ÀÊ;0;RUCH
ÎÑÖ Íîâîñèáèðñê;Àðõèâ ¹1 Íîâîñèáèðñê;PR 016 000 00 00;Ïðîåêò_Ñîïðîâîæäåíèå íàåìíîãî ïåðñîíàëà/ïåðåìåùåíèå êîðîáîâ_ïàëëåò (èñò. ôîíä ÄÂÀ);-;00;Ïðîåêòû;ìèíóòà;60;RUCH
ÎÑÖ Íîâîñèáèðñê;Àðõèâ ¹1 Íîâîñèáèðñê;PR 017 000 00 00;Ïðîåêò_ÀÊ èçúÿò ñ õðàíåíèÿ èç ÀËÁ (èñò. ôîíä ÄÂÀ);-;00;Ïðîåêòû;ÀÊ;0;RUCH
ÎÑÖ Íîâîñèáèðñê;Àðõèâ ¹3 Åêàòåðèíáóðã;PR 016 000 00 00;Ïðîåêò_Ñîïðîâîæäåíèå íàåìíîãî ïåðñîíàëà/ïåðåìåùåíèå êîðîáîâ_ïàëëåò (èñò. ôîíä ÄÂÀ);-;00;Ïðîåêòû;ìèíóòà;60;RUCH
ÎÑÖ Íîâîñèáèðñê;Àðõèâ ¹3 Åêàòåðèíáóðã;PR 017 000 00 00;Ïðîåêò_ÀÊ èçúÿò ñ õðàíåíèÿ èç ÀËÁ (èñò. ôîíä ÄÂÀ);-;00;Ïðîåêòû;ÀÊ;0;RUCH
ÎÑÖ Ñàìàðà;Âíå ïîäðàçäåëåíèé;PR 016 000 00 00;Ïðîåêò_Ñîïðîâîæäåíèå íàåìíîãî ïåðñîíàëà/ïåðåìåùåíèå êîðîáîâ_ïàëëåò (èñò. ôîíä ÄÂÀ);-;00;Ïðîåêòû;ìèíóòà;0;RUCH
ÎÑÖ Ñàìàðà;Âíå ïîäðàçäåëåíèé;PR 017 000 00 00;Ïðîåêò_ÀÊ èçúÿò ñ õðàíåíèÿ èç ÀËÁ (èñò. ôîíä ÄÂÀ);-;00;Ïðîåêòû;ÀÊ;0;RUCH
ÎÑÖ Ñàìàðà;Àðõèâ ¹1 Ñàìàðà;PR 016 000 00 00;Ïðîåêò_Ñîïðîâîæäåíèå íàåìíîãî ïåðñîíàëà/ïåðåìåùåíèå êîðîáîâ_ïàëëåò (èñò. ôîíä ÄÂÀ);-;00;Ïðîåêòû;ìèíóòà;60;RUCH
ÎÑÖ Ñàìàðà;Àðõèâ ¹1 Ñàìàðà;PR 017 000 00 00;Ïðîåêò_ÀÊ èçúÿò ñ õðàíåíèÿ èç ÀËÁ (èñò. ôîíä ÄÂÀ);-;00;Ïðîåêòû;ÀÊ;28,029;RUCH
ÎÑÖ Âîðîíåæ;Âíå ïîäðàçäåëåíèé;LS 000 000 00 01;Ïðîåêò_ÀÊ ðàçìåùåí íà õðàíåíèå (èñò. ôîíä ÄÂÀ);-;00;Ïðîåêòû;ÀÊ;0;RUCH
ÎÑÖ Âîðîíåæ;Âíå ïîäðàçäåëåíèé;LS 000 000 00 02;Ïðîåêò_ÀÊ èçúÿò ñ õðàíåíèÿ (èñò. ôîíä ÄÂÀ);-;00;Ïðîåêòû;ÀÊ;0;RUCH
ÎÑÖ Âîðîíåæ;Âíå ïîäðàçäåëåíèé;LS 000 000 00 03;Ïðîåêò_ÀÊ ðàçìåùåí íà õðàíåíèå â ÀËÁ (èñò. ôîíä ÄÂÀ);-;00;Ïðîåêòû;ÀÊ;0;RUCH
ÎÑÖ Âîðîíåæ;Àðõèâ ¹1 Âîðîíåæ;LS 000 000 00 01;Ïðîåêò_ÀÊ ðàçìåùåí íà õðàíåíèå (èñò. ôîíä ÄÂÀ);-;00;Ïðîåêòû;ÀÊ;43,434;RUCH
ÎÑÖ Âîðîíåæ;Àðõèâ ¹1 Âîðîíåæ;LS 000 000 00 02;Ïðîåêò_ÀÊ èçúÿò ñ õðàíåíèÿ (èñò. ôîíä ÄÂÀ);-;00;Ïðîåêòû;ÀÊ;32,323;RUCH
ÎÑÖ Âîðîíåæ;Àðõèâ ¹1 Âîðîíåæ;LS 000 000 00 03;Ïðîåêò_ÀÊ ðàçìåùåí íà õðàíåíèå â ÀËÁ (èñò. ôîíä ÄÂÀ);-;00;Ïðîåêòû;ÀÊ;0;RUCH
ÎÑÖ Âîðîíåæ;Àðõèâ ¹3 Êàëèíèíãðàä;LS 000 000 00 01;Ïðîåêò_ÀÊ ðàçìåùåí íà õðàíåíèå (èñò. ôîíä ÄÂÀ);-;00;Ïðîåêòû;ÀÊ;43,377;RUCH
ÎÑÖ Âîðîíåæ;Àðõèâ ¹3 Êàëèíèíãðàä;LS 000 000 00 02;Ïðîåêò_ÀÊ èçúÿò ñ õðàíåíèÿ (èñò. ôîíä ÄÂÀ);-;00;Ïðîåêòû;ÀÊ;32,304;RUCH
ÎÑÖ Âîðîíåæ;Àðõèâ ¹3 Êàëèíèíãðàä;LS 000 000 00 03;Ïðîåêò_ÀÊ ðàçìåùåí íà õðàíåíèå â ÀËÁ (èñò. ôîíä ÄÂÀ);-;00;Ïðîåêòû;ÀÊ;0;RUCH
ÎÑÖ Âîðîíåæ;Àðõèâ ¹4 Ñàíêò-Ïåòåðáóðã;LS 000 000 00 01;Ïðîåêò_ÀÊ ðàçìåùåí íà õðàíåíèå (èñò. ôîíä ÄÂÀ);-;00;Ïðîåêòû;ÀÊ;43,115;RUCH
ÎÑÖ Âîðîíåæ;Àðõèâ ¹4 Ñàíêò-Ïåòåðáóðã;LS 000 000 00 02;Ïðîåêò_ÀÊ èçúÿò ñ õðàíåíèÿ (èñò. ôîíä ÄÂÀ);-;00;Ïðîåêòû;ÀÊ;32,235;RUCH
ÎÑÖ Âîðîíåæ;Àðõèâ ¹4 Ñàíêò-Ïåòåðáóðã;LS 000 000 00 03;Ïðîåêò_ÀÊ ðàçìåùåí íà õðàíåíèå â ÀËÁ (èñò. ôîíä ÄÂÀ);-;00;Ïðîåêòû;ÀÊ;0;RUCH
ÎÑÖ Ìîñêâà;Âíå ïîäðàçäåëåíèé;LS 000 000 00 01;Ïðîåêò_ÀÊ ðàçìåùåí íà õðàíåíèå (èñò. ôîíä ÄÂÀ);-;00;Ïðîåêòû;ÀÊ;0;RUCH
ÎÑÖ Ìîñêâà;Âíå ïîäðàçäåëåíèé;LS 000 000 00 02;Ïðîåêò_ÀÊ èçúÿò ñ õðàíåíèÿ (èñò. ôîíä ÄÂÀ);-;00;Ïðîåêòû;ÀÊ;0;RUCH
ÎÑÖ Ìîñêâà;Âíå ïîäðàçäåëåíèé;LS 000 000 00 03;Ïðîåêò_ÀÊ ðàçìåùåí íà õðàíåíèå â ÀËÁ (èñò. ôîíä ÄÂÀ);-;00;Ïðîåêòû;ÀÊ;0;RUCH
ÎÑÖ Ìîñêâà;Àðõèâ ¹1 Òîìèëèíî;LS 000 000 00 01;Ïðîåêò_ÀÊ ðàçìåùåí íà õðàíåíèå (èñò. ôîíä ÄÂÀ);-;00;Ïðîåêòû;ÀÊ;34;RUCH
ÎÑÖ Ìîñêâà;Àðõèâ ¹1 Òîìèëèíî;LS 000 000 00 02;Ïðîåêò_ÀÊ èçúÿò ñ õðàíåíèÿ (èñò. ôîíä ÄÂÀ);-;00;Ïðîåêòû;ÀÊ;29;RUCH
ÎÑÖ Ìîñêâà;Àðõèâ ¹1 Òîìèëèíî;LS 000 000 00 03;Ïðîåêò_ÀÊ ðàçìåùåí íà õðàíåíèå â ÀËÁ (èñò. ôîíä ÄÂÀ);-;00;Ïðîåêòû;ÀÊ;36;RUCH
ÎÑÖ Íèæíèé Íîâãîðîä;Âíå ïîäðàçäåëåíèé;LS 000 000 00 01;Ïðîåêò_ÀÊ ðàçìåùåí íà õðàíåíèå (èñò. ôîíä ÄÂÀ);-;00;Ïðîåêòû;ÀÊ;0;RUCH
ÎÑÖ Íèæíèé Íîâãîðîä;Âíå ïîäðàçäåëåíèé;LS 000 000 00 02;Ïðîåêò_ÀÊ èçúÿò ñ õðàíåíèÿ (èñò. ôîíä ÄÂÀ);-;00;Ïðîåêòû;ÀÊ;0;RUCH
ÎÑÖ Íèæíèé Íîâãîðîä;Âíå ïîäðàçäåëåíèé;LS 000 000 00 03;Ïðîåêò_ÀÊ ðàçìåùåí íà õðàíåíèå â ÀËÁ (èñò. ôîíä ÄÂÀ);-;00;Ïðîåêòû;ÀÊ;0;RUCH
ÎÑÖ Íèæíèé Íîâãîðîä;Àðõèâ ¹1 Íèæíèé Íîâãîðîä;LS 000 000 00 01;Ïðîåêò_ÀÊ ðàçìåùåí íà õðàíåíèå (èñò. ôîíä ÄÂÀ);-;00;Ïðîåêòû;ÀÊ;43,013;RUCH
ÎÑÖ Íèæíèé Íîâãîðîä;Àðõèâ ¹1 Íèæíèé Íîâãîðîä;LS 000 000 00 02;Ïðîåêò_ÀÊ èçúÿò ñ õðàíåíèÿ (èñò. ôîíä ÄÂÀ);-;00;Ïðîåêòû;ÀÊ;32,123;RUCH
ÎÑÖ Íèæíèé Íîâãîðîä;Àðõèâ ¹1 Íèæíèé Íîâãîðîä;LS 000 000 00 03;Ïðîåêò_ÀÊ ðàçìåùåí íà õðàíåíèå â ÀËÁ (èñò. ôîíä ÄÂÀ);-;00;Ïðîåêòû;ÀÊ;28;RUCH
ÎÑÖ Íîâîñèáèðñê;Âíå ïîäðàçäåëåíèé;LS 000 000 00 01;Ïðîåêò_ÀÊ ðàçìåùåí íà õðàíåíèå (èñò. ôîíä ÄÂÀ);-;00;Ïðîåêòû;ÀÊ;0;RUCH
ÎÑÖ Íîâîñèáèðñê;Âíå ïîäðàçäåëåíèé;LS 000 000 00 02;Ïðîåêò_ÀÊ èçúÿò ñ õðàíåíèÿ (èñò. ôîíä ÄÂÀ);-;00;Ïðîåêòû;ÀÊ;0;RUCH
ÎÑÖ Íîâîñèáèðñê;Âíå ïîäðàçäåëåíèé;LS 000 000 00 03;Ïðîåêò_ÀÊ ðàçìåùåí íà õðàíåíèå â ÀËÁ (èñò. ôîíä ÄÂÀ);-;00;Ïðîåêòû;ÀÊ;0;RUCH
ÎÑÖ Íîâîñèáèðñê;Àðõèâ ¹1 Íîâîñèáèðñê;LS 000 000 00 01;Ïðîåêò_ÀÊ ðàçìåùåí íà õðàíåíèå (èñò. ôîíä ÄÂÀ);-;00;Ïðîåêòû;ÀÊ;43;RUCH
ÎÑÖ Íîâîñèáèðñê;Àðõèâ ¹1 Íîâîñèáèðñê;LS 000 000 00 02;Ïðîåêò_ÀÊ èçúÿò ñ õðàíåíèÿ (èñò. ôîíä ÄÂÀ);-;00;Ïðîåêòû;ÀÊ;32;RUCH
ÎÑÖ Íîâîñèáèðñê;Àðõèâ ¹1 Íîâîñèáèðñê;LS 000 000 00 03;Ïðîåêò_ÀÊ ðàçìåùåí íà õðàíåíèå â ÀËÁ (èñò. ôîíä ÄÂÀ);-;00;Ïðîåêòû;ÀÊ;0;RUCH
ÎÑÖ Íîâîñèáèðñê;Àðõèâ ¹3 Åêàòåðèíáóðã;LS 000 000 00 01;Ïðîåêò_ÀÊ ðàçìåùåí íà õðàíåíèå (èñò. ôîíä ÄÂÀ);-;00;Ïðîåêòû;ÀÊ;43,072;RUCH
ÎÑÖ Íîâîñèáèðñê;Àðõèâ ¹3 Åêàòåðèíáóðã;LS 000 000 00 02;Ïðîåêò_ÀÊ èçúÿò ñ õðàíåíèÿ (èñò. ôîíä ÄÂÀ);-;00;Ïðîåêòû;ÀÊ;32,1;RUCH
ÎÑÖ Íîâîñèáèðñê;Àðõèâ ¹3 Åêàòåðèíáóðã;LS 000 000 00 03;Ïðîåêò_ÀÊ ðàçìåùåí íà õðàíåíèå â ÀËÁ (èñò. ôîíä ÄÂÀ);-;00;Ïðîåêòû;ÀÊ;0;RUCH
ÎÑÖ Ñàìàðà;Âíå ïîäðàçäåëåíèé;LS 000 000 00 01;Ïðîåêò_ÀÊ ðàçìåùåí íà õðàíåíèå (èñò. ôîíä ÄÂÀ);-;00;Ïðîåêòû;ÀÊ;0;RUCH
ÎÑÖ Ñàìàðà;Âíå ïîäðàçäåëåíèé;LS 000 000 00 02;Ïðîåêò_ÀÊ èçúÿò ñ õðàíåíèÿ (èñò. ôîíä ÄÂÀ);-;00;Ïðîåêòû;ÀÊ;0;RUCH
ÎÑÖ Ñàìàðà;Âíå ïîäðàçäåëåíèé;LS 000 000 00 03;Ïðîåêò_ÀÊ ðàçìåùåí íà õðàíåíèå â ÀËÁ (èñò. ôîíä ÄÂÀ);-;00;Ïðîåêòû;ÀÊ;0;RUCH
ÎÑÖ Ñàìàðà;Àðõèâ ¹1 Ñàìàðà;LS 000 000 00 01;Ïðîåêò_ÀÊ ðàçìåùåí íà õðàíåíèå (èñò. ôîíä ÄÂÀ);-;00;Ïðîåêòû;ÀÊ;43,031;RUCH
ÎÑÖ Ñàìàðà;Àðõèâ ¹1 Ñàìàðà;LS 000 000 00 02;Ïðîåêò_ÀÊ èçúÿò ñ õðàíåíèÿ (èñò. ôîíä ÄÂÀ);-;00;Ïðîåêòû;ÀÊ;32,386;RUCH
ÎÑÖ Ñàìàðà;Àðõèâ ¹1 Ñàìàðà;LS 000 000 00 03;Ïðîåêò_ÀÊ ðàçìåùåí íà õðàíåíèå â ÀËÁ (èñò. ôîíä ÄÂÀ);-;00;Ïðîåêòû;ÀÊ;28,03;RUCH
ÎÑÖ Âîðîíåæ;Âíå ïîäðàçäåëåíèé;PR 019 000 00 00;Ïðîåêò_Ïåðåñîðòèðîâêà/ïåðåîôîðìëåíèå äåë èñòîðè÷åñêîãî ôîíäà ÄÂÀ;-;00;Ïðîåêòû;Äåëî;0;RUCH
ÎÑÖ Âîðîíåæ;Àðõèâ ¹1 Âîðîíåæ;PR 019 000 00 00;Ïðîåêò_Ïåðåñîðòèðîâêà/ïåðåîôîðìëåíèå äåë èñòîðè÷åñêîãî ôîíäà ÄÂÀ;-;00;Ïðîåêòû;Äåëî;224,873;RUCH
ÎÑÖ Âîðîíåæ;Àðõèâ ¹3 Êàëèíèíãðàä;PR 019 000 00 00;Ïðîåêò_Ïåðåñîðòèðîâêà/ïåðåîôîðìëåíèå äåë èñòîðè÷åñêîãî ôîíäà ÄÂÀ;-;00;Ïðîåêòû;Äåëî;240,429;RUCH
ÎÑÖ Âîðîíåæ;Àðõèâ ¹4 Ñàíêò-Ïåòåðáóðã;PR 019 000 00 00;Ïðîåêò_Ïåðåñîðòèðîâêà/ïåðåîôîðìëåíèå äåë èñòîðè÷åñêîãî ôîíäà ÄÂÀ;-;00;Ïðîåêòû;Äåëî;225;RUCH
ÎÑÖ Ìîñêâà;Âíå ïîäðàçäåëåíèé;PR 019 000 00 00;Ïðîåêò_Ïåðåñîðòèðîâêà/ïåðåîôîðìëåíèå äåë èñòîðè÷åñêîãî ôîíäà ÄÂÀ;-;00;Ïðîåêòû;Äåëî;0;RUCH
ÎÑÖ Ìîñêâà;Àðõèâ ¹1 Òîìèëèíî;PR 019 000 00 00;Ïðîåêò_Ïåðåñîðòèðîâêà/ïåðåîôîðìëåíèå äåë èñòîðè÷åñêîãî ôîíäà ÄÂÀ;-;00;Ïðîåêòû;Äåëî;209,554;RUCH
ÎÑÖ Íèæíèé Íîâãîðîä;Âíå ïîäðàçäåëåíèé;PR 019 000 00 00;Ïðîåêò_Ïåðåñîðòèðîâêà/ïåðåîôîðìëåíèå äåë èñòîðè÷åñêîãî ôîíäà ÄÂÀ;-;00;Ïðîåêòû;Äåëî;0;RUCH
ÎÑÖ Íèæíèé Íîâãîðîä;Àðõèâ ¹1 Íèæíèé Íîâãîðîä;PR 019 000 00 00;Ïðîåêò_Ïåðåñîðòèðîâêà/ïåðåîôîðìëåíèå äåë èñòîðè÷åñêîãî ôîíäà ÄÂÀ;-;00;Ïðîåêòû;Äåëî;245,709;RUCH
ÎÑÖ Íîâîñèáèðñê;Âíå ïîäðàçäåëåíèé;PR 019 000 00 00;Ïðîåêò_Ïåðåñîðòèðîâêà/ïåðåîôîðìëåíèå äåë èñòîðè÷åñêîãî ôîíäà ÄÂÀ;-;00;Ïðîåêòû;Äåëî;0;RUCH
ÎÑÖ Íîâîñèáèðñê;Àðõèâ ¹1 Íîâîñèáèðñê;PR 019 000 00 00;Ïðîåêò_Ïåðåñîðòèðîâêà/ïåðåîôîðìëåíèå äåë èñòîðè÷åñêîãî ôîíäà ÄÂÀ;-;00;Ïðîåêòû;Äåëî;252,9;RUCH
ÎÑÖ Íîâîñèáèðñê;Àðõèâ ¹3 Åêàòåðèíáóðã;PR 019 000 00 00;Ïðîåêò_Ïåðåñîðòèðîâêà/ïåðåîôîðìëåíèå äåë èñòîðè÷åñêîãî ôîíäà ÄÂÀ;-;00;Ïðîåêòû;Äåëî;249,633;RUCH
ÎÑÖ Ñàìàðà;Âíå ïîäðàçäåëåíèé;PR 019 000 00 00;Ïðîåêò_Ïåðåñîðòèðîâêà/ïåðåîôîðìëåíèå äåë èñòîðè÷åñêîãî ôîíäà ÄÂÀ;-;00;Ïðîåêòû;Äåëî;0;RUCH
ÎÑÖ Ñàìàðà;Àðõèâ ¹1 Ñàìàðà;PR 019 000 00 00;Ïðîåêò_Ïåðåñîðòèðîâêà/ïåðåîôîðìëåíèå äåë èñòîðè÷åñêîãî ôîíäà ÄÂÀ;-;00;Ïðîåêòû;Äåëî;246,793;RUCH
ÎÑÖ Âîðîíåæ;Âíå ïîäðàçäåëåíèé;RG 0011 001 00 01;Ïðîåêò_Ðåãèñòðàöèÿ â ÀÑ ÖÀÐÑ äîêóìåíòîâ èñòîðè÷åñêîãî ôîíäà ÄÂÀ;-;-;Ïðîåêòû;Äåëî;0;AUTO
ÎÑÖ Âîðîíåæ;Àðõèâ ¹1 Âîðîíåæ;RG 0011 001 00 01;Ïðîåêò_Ðåãèñòðàöèÿ â ÀÑ ÖÀÐÑ äîêóìåíòîâ èñòîðè÷åñêîãî ôîíäà ÄÂÀ;-;-;Ïðîåêòû;Äåëî;64,019;AUTO
ÎÑÖ Âîðîíåæ;Àðõèâ ¹3 Êàëèíèíãðàä;RG 0011 001 00 01;Ïðîåêò_Ðåãèñòðàöèÿ â ÀÑ ÖÀÐÑ äîêóìåíòîâ èñòîðè÷åñêîãî ôîíäà ÄÂÀ;-;-;Ïðîåêòû;Äåëî;60,769;AUTO
ÎÑÖ Âîðîíåæ;Àðõèâ ¹4 Ñàíêò-Ïåòåðáóðã;RG 0011 001 00 01;Ïðîåêò_Ðåãèñòðàöèÿ â ÀÑ ÖÀÐÑ äîêóìåíòîâ èñòîðè÷åñêîãî ôîíäà ÄÂÀ;-;-;Ïðîåêòû;Äåëî;61,467;AUTO
ÎÑÖ Ìîñêâà;Âíå ïîäðàçäåëåíèé;RG 0011 001 00 01;Ïðîåêò_Ðåãèñòðàöèÿ â ÀÑ ÖÀÐÑ äîêóìåíòîâ èñòîðè÷åñêîãî ôîíäà ÄÂÀ;-;-;Ïðîåêòû;Äåëî;0;AUTO
ÎÑÖ Ìîñêâà;Àðõèâ ¹1 Òîìèëèíî;RG 0011 001 00 01;Ïðîåêò_Ðåãèñòðàöèÿ â ÀÑ ÖÀÐÑ äîêóìåíòîâ èñòîðè÷åñêîãî ôîíäà ÄÂÀ;-;-;Ïðîåêòû;Äåëî;62,026;AUTO
ÎÑÖ Íèæíèé Íîâãîðîä;Âíå ïîäðàçäåëåíèé;RG 0011 001 00 01;Ïðîåêò_Ðåãèñòðàöèÿ â ÀÑ ÖÀÐÑ äîêóìåíòîâ èñòîðè÷åñêîãî ôîíäà ÄÂÀ;-;-;Ïðîåêòû;Äåëî;0;AUTO
ÎÑÖ Íèæíèé Íîâãîðîä;Àðõèâ ¹1 Íèæíèé Íîâãîðîä;RG 0011 001 00 01;Ïðîåêò_Ðåãèñòðàöèÿ â ÀÑ ÖÀÐÑ äîêóìåíòîâ èñòîðè÷åñêîãî ôîíäà ÄÂÀ;-;-;Ïðîåêòû;Äåëî;69,762;AUTO
ÎÑÖ Íîâîñèáèðñê;Âíå ïîäðàçäåëåíèé;RG 0011 001 00 01;Ïðîåêò_Ðåãèñòðàöèÿ â ÀÑ ÖÀÐÑ äîêóìåíòîâ èñòîðè÷åñêîãî ôîíäà ÄÂÀ;-;-;Ïðîåêòû;Äåëî;0;AUTO
ÎÑÖ Íîâîñèáèðñê;Àðõèâ ¹1 Íîâîñèáèðñê;RG 0011 001 00 01;Ïðîåêò_Ðåãèñòðàöèÿ â ÀÑ ÖÀÐÑ äîêóìåíòîâ èñòîðè÷åñêîãî ôîíäà ÄÂÀ;-;-;Ïðîåêòû;Äåëî;58,101;AUTO
ÎÑÖ Íîâîñèáèðñê;Àðõèâ ¹3 Åêàòåðèíáóðã;RG 0011 001 00 01;Ïðîåêò_Ðåãèñòðàöèÿ â ÀÑ ÖÀÐÑ äîêóìåíòîâ èñòîðè÷åñêîãî ôîíäà ÄÂÀ;-;-;Ïðîåêòû;Äåëî;70,362;AUTO
ÎÑÖ Ñàìàðà;Âíå ïîäðàçäåëåíèé;RG 0011 001 00 01;Ïðîåêò_Ðåãèñòðàöèÿ â ÀÑ ÖÀÐÑ äîêóìåíòîâ èñòîðè÷åñêîãî ôîíäà ÄÂÀ;-;-;Ïðîåêòû;Äåëî;0;AUTO
ÎÑÖ Ñàìàðà;Àðõèâ ¹1 Ñàìàðà;RG 0011 001 00 01;Ïðîåêò_Ðåãèñòðàöèÿ â ÀÑ ÖÀÐÑ äîêóìåíòîâ èñòîðè÷åñêîãî ôîíäà ÄÂÀ;-;-;Ïðîåêòû;Äåëî;71,05;AUTO
ÎÑÖ Âîðîíåæ;Âíå ïîäðàçäåëåíèé;SL 104 000 00 00;Ïåðåêàðòîíèðîâàíèå_Îïèñü ïðèñóòñòâîâàëà âíóòðè êîðîáà ïðè ïðîâåäåíèè êîíòðîëÿ ïîëíîòû êîðîáà;-;00;Ëîãèñòèêà;äîêóìåíò;0;RUCH
ÎÑÖ Âîðîíåæ;Âíå ïîäðàçäåëåíèé;SL 105 000 00 00;Ïåðåêàðòîíèðîâàíèå_Ñøèâ ïðèñóòñòâîâàë âíóòðè êîðîáà ïðè ïðîâåäåíèè êîíòðîëÿ ïîëíîòû êîðîáà;-;00;Ëîãèñòèêà;äîêóìåíò;0;RUCH
ÎÑÖ Âîðîíåæ;Âíå ïîäðàçäåëåíèé;SL 106 000 00 00;Óïëîòíåíèå_Äîêóìåíò ïðèñóòñòâîâàë âíóòðè êîðîáà ïðè ïðîâåäåíèè êîíòðîëÿ ïîëíîòû êîðîáà;-;00;Ëîãèñòèêà;äîêóìåíò;0;RUCH
ÎÑÖ Âîðîíåæ;Âíå ïîäðàçäåëåíèé;SL 107 000 00 00;Óïëîòíåíèå_Îïèñü ïðèñóòñòâîâàëà âíóòðè êîðîáà ïðè ïðîâåäåíèè êîíòðîëÿ ïîëíîòû êîðîáà;-;00;Ëîãèñòèêà;äîêóìåíò;0;RUCH
ÎÑÖ Âîðîíåæ;Âíå ïîäðàçäåëåíèé;SL 108 000 00 00;Óïëîòíåíèå_Ñøèâ ïðèñóòñòâîâàë âíóòðè êîðîáà ïðè ïðîâåäåíèè êîíòðîëÿ ïîëíîòû êîðîáà;-;00;Ëîãèñòèêà;äîêóìåíò;0;RUCH
ÎÑÖ Âîðîíåæ;Âíå ïîäðàçäåëåíèé;SL 103 000 00 00;Ïåðåêàðòîíèðîâàíèå_Äîêóìåíò ïðèñóòñòâîâàë âíóòðè êîðîáà ïðè ïðîâåäåíèè êîíòðîëÿ ïîëíîòû êîðîáà;-;00;Ëîãèñòèêà;äîêóìåíò;0;RUCH
ÎÑÖ Âîðîíåæ;Àðõèâ ¹1 Âîðîíåæ;SL 104 000 00 00;Ïåðåêàðòîíèðîâàíèå_Îïèñü ïðèñóòñòâîâàëà âíóòðè êîðîáà ïðè ïðîâåäåíèè êîíòðîëÿ ïîëíîòû êîðîáà;-;00;Ëîãèñòèêà;äîêóìåíò;3,2;RUCH
ÎÑÖ Âîðîíåæ;Àðõèâ ¹1 Âîðîíåæ;SL 108 000 00 00;Óïëîòíåíèå_Ñøèâ ïðèñóòñòâîâàë âíóòðè êîðîáà ïðè ïðîâåäåíèè êîíòðîëÿ ïîëíîòû êîðîáà;-;00;Ëîãèñòèêà;äîêóìåíò;4,8;RUCH
ÎÑÖ Âîðîíåæ;Àðõèâ ¹1 Âîðîíåæ;SL 107 000 00 00;Óïëîòíåíèå_Îïèñü ïðèñóòñòâîâàëà âíóòðè êîðîáà ïðè ïðîâåäåíèè êîíòðîëÿ ïîëíîòû êîðîáà;-;00;Ëîãèñòèêà;äîêóìåíò;3,2;RUCH
ÎÑÖ Âîðîíåæ;Àðõèâ ¹1 Âîðîíåæ;SL 105 000 00 00;Ïåðåêàðòîíèðîâàíèå_Ñøèâ ïðèñóòñòâîâàë âíóòðè êîðîáà ïðè ïðîâåäåíèè êîíòðîëÿ ïîëíîòû êîðîáà;-;00;Ëîãèñòèêà;äîêóìåíò;4,8;RUCH
ÎÑÖ Âîðîíåæ;Àðõèâ ¹1 Âîðîíåæ;SL 103 000 00 00;Ïåðåêàðòîíèðîâàíèå_Äîêóìåíò ïðèñóòñòâîâàë âíóòðè êîðîáà ïðè ïðîâåäåíèè êîíòðîëÿ ïîëíîòû êîðîáà;-;00;Ëîãèñòèêà;äîêóìåíò;2;RUCH
ÎÑÖ Âîðîíåæ;Àðõèâ ¹1 Âîðîíåæ;SL 106 000 00 00;Óïëîòíåíèå_Äîêóìåíò ïðèñóòñòâîâàë âíóòðè êîðîáà ïðè ïðîâåäåíèè êîíòðîëÿ ïîëíîòû êîðîáà;-;00;Ëîãèñòèêà;äîêóìåíò;2;RUCH
ÎÑÖ Âîðîíåæ;Àðõèâ ¹3 Êàëèíèíãðàä;SL 107 000 00 00;Óïëîòíåíèå_Îïèñü ïðèñóòñòâîâàëà âíóòðè êîðîáà ïðè ïðîâåäåíèè êîíòðîëÿ ïîëíîòû êîðîáà;-;00;Ëîãèñòèêà;äîêóìåíò;3;RUCH
ÎÑÖ Âîðîíåæ;Àðõèâ ¹3 Êàëèíèíãðàä;SL 106 000 00 00;Óïëîòíåíèå_Äîêóìåíò ïðèñóòñòâîâàë âíóòðè êîðîáà ïðè ïðîâåäåíèè êîíòðîëÿ ïîëíîòû êîðîáà;-;00;Ëîãèñòèêà;äîêóìåíò;2;RUCH
ÎÑÖ Âîðîíåæ;Àðõèâ ¹3 Êàëèíèíãðàä;SL 105 000 00 00;Ïåðåêàðòîíèðîâàíèå_Ñøèâ ïðèñóòñòâîâàë âíóòðè êîðîáà ïðè ïðîâåäåíèè êîíòðîëÿ ïîëíîòû êîðîáà;-;00;Ëîãèñòèêà;äîêóìåíò;4,8;RUCH
ÎÑÖ Âîðîíåæ;Àðõèâ ¹3 Êàëèíèíãðàä;SL 103 000 00 00;Ïåðåêàðòîíèðîâàíèå_Äîêóìåíò ïðèñóòñòâîâàë âíóòðè êîðîáà ïðè ïðîâåäåíèè êîíòðîëÿ ïîëíîòû êîðîáà;-;00;Ëîãèñòèêà;äîêóìåíò;2;RUCH
ÎÑÖ Âîðîíåæ;Àðõèâ ¹3 Êàëèíèíãðàä;SL 104 000 00 00;Ïåðåêàðòîíèðîâàíèå_Îïèñü ïðèñóòñòâîâàëà âíóòðè êîðîáà ïðè ïðîâåäåíèè êîíòðîëÿ ïîëíîòû êîðîáà;-;00;Ëîãèñòèêà;äîêóìåíò;3,2;RUCH
ÎÑÖ Âîðîíåæ;Àðõèâ ¹3 Êàëèíèíãðàä;SL 108 000 00 00;Óïëîòíåíèå_Ñøèâ ïðèñóòñòâîâàë âíóòðè êîðîáà ïðè ïðîâåäåíèè êîíòðîëÿ ïîëíîòû êîðîáà;-;00;Ëîãèñòèêà;äîêóìåíò;3,2;RUCH
ÎÑÖ Âîðîíåæ;Àðõèâ ¹4 Ñàíêò-Ïåòåðáóðã;SL 103 000 00 00;Ïåðåêàðòîíèðîâàíèå_Äîêóìåíò ïðèñóòñòâîâàë âíóòðè êîðîáà ïðè ïðîâåäåíèè êîíòðîëÿ ïîëíîòû êîðîáà;-;00;Ëîãèñòèêà;äîêóìåíò;2;RUCH
ÎÑÖ Âîðîíåæ;Àðõèâ ¹4 Ñàíêò-Ïåòåðáóðã;SL 104 000 00 00;Ïåðåêàðòîíèðîâàíèå_Îïèñü ïðèñóòñòâîâàëà âíóòðè êîðîáà ïðè ïðîâåäåíèè êîíòðîëÿ ïîëíîòû êîðîáà;-;00;Ëîãèñòèêà;äîêóìåíò;3,2;RUCH
ÎÑÖ Âîðîíåæ;Àðõèâ ¹4 Ñàíêò-Ïåòåðáóðã;SL 105 000 00 00;Ïåðåêàðòîíèðîâàíèå_Ñøèâ ïðèñóòñòâîâàë âíóòðè êîðîáà ïðè ïðîâåäåíèè êîíòðîëÿ ïîëíîòû êîðîáà;-;00;Ëîãèñòèêà;äîêóìåíò;4,8;RUCH
ÎÑÖ Âîðîíåæ;Àðõèâ ¹4 Ñàíêò-Ïåòåðáóðã;SL 106 000 00 00;Óïëîòíåíèå_Äîêóìåíò ïðèñóòñòâîâàë âíóòðè êîðîáà ïðè ïðîâåäåíèè êîíòðîëÿ ïîëíîòû êîðîáà;-;00;Ëîãèñòèêà;äîêóìåíò;2;RUCH
ÎÑÖ Âîðîíåæ;Àðõèâ ¹4 Ñàíêò-Ïåòåðáóðã;SL 107 000 00 00;Óïëîòíåíèå_Îïèñü ïðèñóòñòâîâàëà âíóòðè êîðîáà ïðè ïðîâåäåíèè êîíòðîëÿ ïîëíîòû êîðîáà;-;00;Ëîãèñòèêà;äîêóìåíò;3,2;RUCH
ÎÑÖ Âîðîíåæ;Àðõèâ ¹4 Ñàíêò-Ïåòåðáóðã;SL 108 000 00 00;Óïëîòíåíèå_Ñøèâ ïðèñóòñòâîâàë âíóòðè êîðîáà ïðè ïðîâåäåíèè êîíòðîëÿ ïîëíîòû êîðîáà;-;00;Ëîãèñòèêà;äîêóìåíò;4,8;RUCH
ÎÑÖ Ìîñêâà;Âíå ïîäðàçäåëåíèé;SL 107 000 00 00;Óïëîòíåíèå_Îïèñü ïðèñóòñòâîâàëà âíóòðè êîðîáà ïðè ïðîâåäåíèè êîíòðîëÿ ïîëíîòû êîðîáà;-;00;Ëîãèñòèêà;äîêóìåíò;0;RUCH
ÎÑÖ Ìîñêâà;Âíå ïîäðàçäåëåíèé;SL 108 000 00 00;Óïëîòíåíèå_Ñøèâ ïðèñóòñòâîâàë âíóòðè êîðîáà ïðè ïðîâåäåíèè êîíòðîëÿ ïîëíîòû êîðîáà;-;00;Ëîãèñòèêà;äîêóìåíò;0;RUCH
ÎÑÖ Ìîñêâà;Âíå ïîäðàçäåëåíèé;SL 103 000 00 00;Ïåðåêàðòîíèðîâàíèå_Äîêóìåíò ïðèñóòñòâîâàë âíóòðè êîðîáà ïðè ïðîâåäåíèè êîíòðîëÿ ïîëíîòû êîðîáà;-;00;Ëîãèñòèêà;äîêóìåíò;0;RUCH
ÎÑÖ Ìîñêâà;Âíå ïîäðàçäåëåíèé;SL 105 000 00 00;Ïåðåêàðòîíèðîâàíèå_Ñøèâ ïðèñóòñòâîâàë âíóòðè êîðîáà ïðè ïðîâåäåíèè êîíòðîëÿ ïîëíîòû êîðîáà;-;00;Ëîãèñòèêà;äîêóìåíò;0;RUCH
ÎÑÖ Ìîñêâà;Âíå ïîäðàçäåëåíèé;SL 104 000 00 00;Ïåðåêàðòîíèðîâàíèå_Îïèñü ïðèñóòñòâîâàëà âíóòðè êîðîáà ïðè ïðîâåäåíèè êîíòðîëÿ ïîëíîòû êîðîáà;-;00;Ëîãèñòèêà;äîêóìåíò;0;RUCH
ÎÑÖ Ìîñêâà;Âíå ïîäðàçäåëåíèé;SL 106 000 00 00;Óïëîòíåíèå_Äîêóìåíò ïðèñóòñòâîâàë âíóòðè êîðîáà ïðè ïðîâåäåíèè êîíòðîëÿ ïîëíîòû êîðîáà;-;00;Ëîãèñòèêà;äîêóìåíò;0;RUCH
ÎÑÖ Ìîñêâà;Àðõèâ ¹1 Òîìèëèíî;SL 107 000 00 00;Óïëîòíåíèå_Îïèñü ïðèñóòñòâîâàëà âíóòðè êîðîáà ïðè ïðîâåäåíèè êîíòðîëÿ ïîëíîòû êîðîáà;-;00;Ëîãèñòèêà;äîêóìåíò;2,56;RUCH
ÎÑÖ Ìîñêâà;Àðõèâ ¹1 Òîìèëèíî;SL 103 000 00 00;Ïåðåêàðòîíèðîâàíèå_Äîêóìåíò ïðèñóòñòâîâàë âíóòðè êîðîáà ïðè ïðîâåäåíèè êîíòðîëÿ ïîëíîòû êîðîáà;-;00;Ëîãèñòèêà;äîêóìåíò;1,818;RUCH
ÎÑÖ Ìîñêâà;Àðõèâ ¹1 Òîìèëèíî;SL 108 000 00 00;Óïëîòíåíèå_Ñøèâ ïðèñóòñòâîâàë âíóòðè êîðîáà ïðè ïðîâåäåíèè êîíòðîëÿ ïîëíîòû êîðîáà;-;00;Ëîãèñòèêà;äîêóìåíò;4,8;RUCH
ÎÑÖ Ìîñêâà;Àðõèâ ¹1 Òîìèëèíî;SL 106 000 00 00;Óïëîòíåíèå_Äîêóìåíò ïðèñóòñòâîâàë âíóòðè êîðîáà ïðè ïðîâåäåíèè êîíòðîëÿ ïîëíîòû êîðîáà;-;00;Ëîãèñòèêà;äîêóìåíò;1,818;RUCH
ÎÑÖ Ìîñêâà;Àðõèâ ¹1 Òîìèëèíî;SL 105 000 00 00;Ïåðåêàðòîíèðîâàíèå_Ñøèâ ïðèñóòñòâîâàë âíóòðè êîðîáà ïðè ïðîâåäåíèè êîíòðîëÿ ïîëíîòû êîðîáà;-;00;Ëîãèñòèêà;äîêóìåíò;4,8;RUCH
ÎÑÖ Ìîñêâà;Àðõèâ ¹1 Òîìèëèíî;SL 104 000 00 00;Ïåðåêàðòîíèðîâàíèå_Îïèñü ïðèñóòñòâîâàëà âíóòðè êîðîáà ïðè ïðîâåäåíèè êîíòðîëÿ ïîëíîòû êîðîáà;-;00;Ëîãèñòèêà;äîêóìåíò;2,56;RUCH
ÎÑÖ Íèæíèé Íîâãîðîä;Âíå ïîäðàçäåëåíèé;SL 106 000 00 00;Óïëîòíåíèå_Äîêóìåíò ïðèñóòñòâîâàë âíóòðè êîðîáà ïðè ïðîâåäåíèè êîíòðîëÿ ïîëíîòû êîðîáà;-;00;Ëîãèñòèêà;äîêóìåíò;0;RUCH
ÎÑÖ Íèæíèé Íîâãîðîä;Âíå ïîäðàçäåëåíèé;SL 105 000 00 00;Ïåðåêàðòîíèðîâàíèå_Ñøèâ ïðèñóòñòâîâàë âíóòðè êîðîáà ïðè ïðîâåäåíèè êîíòðîëÿ ïîëíîòû êîðîáà;-;00;Ëîãèñòèêà;äîêóìåíò;0;RUCH
ÎÑÖ Íèæíèé Íîâãîðîä;Âíå ïîäðàçäåëåíèé;SL 107 000 00 00;Óïëîòíåíèå_Îïèñü ïðèñóòñòâîâàëà âíóòðè êîðîáà ïðè ïðîâåäåíèè êîíòðîëÿ ïîëíîòû êîðîáà;-;00;Ëîãèñòèêà;äîêóìåíò;0;RUCH
ÎÑÖ Íèæíèé Íîâãîðîä;Âíå ïîäðàçäåëåíèé;SL 108 000 00 00;Óïëîòíåíèå_Ñøèâ ïðèñóòñòâîâàë âíóòðè êîðîáà ïðè ïðîâåäåíèè êîíòðîëÿ ïîëíîòû êîðîáà;-;00;Ëîãèñòèêà;äîêóìåíò;0;RUCH
ÎÑÖ Íèæíèé Íîâãîðîä;Âíå ïîäðàçäåëåíèé;SL 104 000 00 00;Ïåðåêàðòîíèðîâàíèå_Îïèñü ïðèñóòñòâîâàëà âíóòðè êîðîáà ïðè ïðîâåäåíèè êîíòðîëÿ ïîëíîòû êîðîáà;-;00;Ëîãèñòèêà;äîêóìåíò;0;RUCH
ÎÑÖ Íèæíèé Íîâãîðîä;Âíå ïîäðàçäåëåíèé;SL 103 000 00 00;Ïåðåêàðòîíèðîâàíèå_Äîêóìåíò ïðèñóòñòâîâàë âíóòðè êîðîáà ïðè ïðîâåäåíèè êîíòðîëÿ ïîëíîòû êîðîáà;-;00;Ëîãèñòèêà;äîêóìåíò;0;RUCH
ÎÑÖ Íèæíèé Íîâãîðîä;Àðõèâ ¹1 Íèæíèé Íîâãîðîä;SL 103 000 00 00;Ïåðåêàðòîíèðîâàíèå_Äîêóìåíò ïðèñóòñòâîâàë âíóòðè êîðîáà ïðè ïðîâåäåíèè êîíòðîëÿ ïîëíîòû êîðîáà;-;00;Ëîãèñòèêà;äîêóìåíò;1,818;RUCH
ÎÑÖ Íèæíèé Íîâãîðîä;Àðõèâ ¹1 Íèæíèé Íîâãîðîä;SL 104 000 00 00;Ïåðåêàðòîíèðîâàíèå_Îïèñü ïðèñóòñòâîâàëà âíóòðè êîðîáà ïðè ïðîâåäåíèè êîíòðîëÿ ïîëíîòû êîðîáà;-;00;Ëîãèñòèêà;äîêóìåíò;2,56;RUCH
ÎÑÖ Íèæíèé Íîâãîðîä;Àðõèâ ¹1 Íèæíèé Íîâãîðîä;SL 105 000 00 00;Ïåðåêàðòîíèðîâàíèå_Ñøèâ ïðèñóòñòâîâàë âíóòðè êîðîáà ïðè ïðîâåäåíèè êîíòðîëÿ ïîëíîòû êîðîáà;-;00;Ëîãèñòèêà;äîêóìåíò;3,8;RUCH
ÎÑÖ Íèæíèé Íîâãîðîä;Àðõèâ ¹1 Íèæíèé Íîâãîðîä;SL 106 000 00 00;Óïëîòíåíèå_Äîêóìåíò ïðèñóòñòâîâàë âíóòðè êîðîáà ïðè ïðîâåäåíèè êîíòðîëÿ ïîëíîòû êîðîáà;-;00;Ëîãèñòèêà;äîêóìåíò;1,818;RUCH
ÎÑÖ Íèæíèé Íîâãîðîä;Àðõèâ ¹1 Íèæíèé Íîâãîðîä;SL 107 000 00 00;Óïëîòíåíèå_Îïèñü ïðèñóòñòâîâàëà âíóòðè êîðîáà ïðè ïðîâåäåíèè êîíòðîëÿ ïîëíîòû êîðîáà;-;00;Ëîãèñòèêà;äîêóìåíò;3,2;RUCH
ÎÑÖ Íèæíèé Íîâãîðîä;Àðõèâ ¹1 Íèæíèé Íîâãîðîä;SL 108 000 00 00;Óïëîòíåíèå_Ñøèâ ïðèñóòñòâîâàë âíóòðè êîðîáà ïðè ïðîâåäåíèè êîíòðîëÿ ïîëíîòû êîðîáà;-;00;Ëîãèñòèêà;äîêóìåíò;2,56;RUCH
ÎÑÖ Íîâîñèáèðñê;Âíå ïîäðàçäåëåíèé;SL 103 000 00 00;Ïåðåêàðòîíèðîâàíèå_Äîêóìåíò ïðèñóòñòâîâàë âíóòðè êîðîáà ïðè ïðîâåäåíèè êîíòðîëÿ ïîëíîòû êîðîáà;-;00;Ëîãèñòèêà;äîêóìåíò;0;RUCH
ÎÑÖ Íîâîñèáèðñê;Âíå ïîäðàçäåëåíèé;SL 108 000 00 00;Óïëîòíåíèå_Ñøèâ ïðèñóòñòâîâàë âíóòðè êîðîáà ïðè ïðîâåäåíèè êîíòðîëÿ ïîëíîòû êîðîáà;-;00;Ëîãèñòèêà;äîêóìåíò;0;RUCH
ÎÑÖ Íîâîñèáèðñê;Âíå ïîäðàçäåëåíèé;SL 107 000 00 00;Óïëîòíåíèå_Îïèñü ïðèñóòñòâîâàëà âíóòðè êîðîáà ïðè ïðîâåäåíèè êîíòðîëÿ ïîëíîòû êîðîáà;-;00;Ëîãèñòèêà;äîêóìåíò;0;RUCH
ÎÑÖ Íîâîñèáèðñê;Âíå ïîäðàçäåëåíèé;SL 106 000 00 00;Óïëîòíåíèå_Äîêóìåíò ïðèñóòñòâîâàë âíóòðè êîðîáà ïðè ïðîâåäåíèè êîíòðîëÿ ïîëíîòû êîðîáà;-;00;Ëîãèñòèêà;äîêóìåíò;0;RUCH
ÎÑÖ Íîâîñèáèðñê;Âíå ïîäðàçäåëåíèé;SL 104 000 00 00;Ïåðåêàðòîíèðîâàíèå_Îïèñü ïðèñóòñòâîâàëà âíóòðè êîðîáà ïðè ïðîâåäåíèè êîíòðîëÿ ïîëíîòû êîðîáà;-;00;Ëîãèñòèêà;äîêóìåíò;0;RUCH
ÎÑÖ Íîâîñèáèðñê;Âíå ïîäðàçäåëåíèé;SL 105 000 00 00;Ïåðåêàðòîíèðîâàíèå_Ñøèâ ïðèñóòñòâîâàë âíóòðè êîðîáà ïðè ïðîâåäåíèè êîíòðîëÿ ïîëíîòû êîðîáà;-;00;Ëîãèñòèêà;äîêóìåíò;0;RUCH
ÎÑÖ Íîâîñèáèðñê;Àðõèâ ¹1 Íîâîñèáèðñê;SL 108 000 00 00;Óïëîòíåíèå_Ñøèâ ïðèñóòñòâîâàë âíóòðè êîðîáà ïðè ïðîâåäåíèè êîíòðîëÿ ïîëíîòû êîðîáà;-;00;Ëîãèñòèêà;äîêóìåíò;3;RUCH
ÎÑÖ Íîâîñèáèðñê;Àðõèâ ¹1 Íîâîñèáèðñê;SL 107 000 00 00;Óïëîòíåíèå_Îïèñü ïðèñóòñòâîâàëà âíóòðè êîðîáà ïðè ïðîâåäåíèè êîíòðîëÿ ïîëíîòû êîðîáà;-;00;Ëîãèñòèêà;äîêóìåíò;3,2;RUCH
ÎÑÖ Íîâîñèáèðñê;Àðõèâ ¹1 Íîâîñèáèðñê;SL 106 000 00 00;Óïëîòíåíèå_Äîêóìåíò ïðèñóòñòâîâàë âíóòðè êîðîáà ïðè ïðîâåäåíèè êîíòðîëÿ ïîëíîòû êîðîáà;-;00;Ëîãèñòèêà;äîêóìåíò;2;RUCH
ÎÑÖ Íîâîñèáèðñê;Àðõèâ ¹1 Íîâîñèáèðñê;SL 103 000 00 00;Ïåðåêàðòîíèðîâàíèå_Äîêóìåíò ïðèñóòñòâîâàë âíóòðè êîðîáà ïðè ïðîâåäåíèè êîíòðîëÿ ïîëíîòû êîðîáà;-;00;Ëîãèñòèêà;äîêóìåíò;2;RUCH
ÎÑÖ Íîâîñèáèðñê;Àðõèâ ¹1 Íîâîñèáèðñê;SL 104 000 00 00;Ïåðåêàðòîíèðîâàíèå_Îïèñü ïðèñóòñòâîâàëà âíóòðè êîðîáà ïðè ïðîâåäåíèè êîíòðîëÿ ïîëíîòû êîðîáà;-;00;Ëîãèñòèêà;äîêóìåíò;3;RUCH
ÎÑÖ Íîâîñèáèðñê;Àðõèâ ¹1 Íîâîñèáèðñê;SL 105 000 00 00;Ïåðåêàðòîíèðîâàíèå_Ñøèâ ïðèñóòñòâîâàë âíóòðè êîðîáà ïðè ïðîâåäåíèè êîíòðîëÿ ïîëíîòû êîðîáà;-;00;Ëîãèñòèêà;äîêóìåíò;4;RUCH
ÎÑÖ Ñàìàðà;Âíå ïîäðàçäåëåíèé;SL 103 000 00 00;Ïåðåêàðòîíèðîâàíèå_Äîêóìåíò ïðèñóòñòâîâàë âíóòðè êîðîáà ïðè ïðîâåäåíèè êîíòðîëÿ ïîëíîòû êîðîáà;-;00;Ëîãèñòèêà;äîêóìåíò;0;RUCH
ÎÑÖ Ñàìàðà;Âíå ïîäðàçäåëåíèé;SL 108 000 00 00;Óïëîòíåíèå_Ñøèâ ïðèñóòñòâîâàë âíóòðè êîðîáà ïðè ïðîâåäåíèè êîíòðîëÿ ïîëíîòû êîðîáà;-;00;Ëîãèñòèêà;äîêóìåíò;0;RUCH
ÎÑÖ Ñàìàðà;Âíå ïîäðàçäåëåíèé;SL 107 000 00 00;Óïëîòíåíèå_Îïèñü ïðèñóòñòâîâàëà âíóòðè êîðîáà ïðè ïðîâåäåíèè êîíòðîëÿ ïîëíîòû êîðîáà;-;00;Ëîãèñòèêà;äîêóìåíò;0;RUCH
ÎÑÖ Ñàìàðà;Âíå ïîäðàçäåëåíèé;SL 106 000 00 00;Óïëîòíåíèå_Äîêóìåíò ïðèñóòñòâîâàë âíóòðè êîðîáà ïðè ïðîâåäåíèè êîíòðîëÿ ïîëíîòû êîðîáà;-;00;Ëîãèñòèêà;äîêóìåíò;0;RUCH
ÎÑÖ Ñàìàðà;Âíå ïîäðàçäåëåíèé;SL 105 000 00 00;Ïåðåêàðòîíèðîâàíèå_Ñøèâ ïðèñóòñòâîâàë âíóòðè êîðîáà ïðè ïðîâåäåíèè êîíòðîëÿ ïîëíîòû êîðîáà;-;00;Ëîãèñòèêà;äîêóìåíò;0;RUCH
ÎÑÖ Ñàìàðà;Âíå ïîäðàçäåëåíèé;SL 104 000 00 00;Ïåðåêàðòîíèðîâàíèå_Îïèñü ïðèñóòñòâîâàëà âíóòðè êîðîáà ïðè ïðîâåäåíèè êîíòðîëÿ ïîëíîòû êîðîáà;-;00;Ëîãèñòèêà;äîêóìåíò;0;RUCH
ÎÑÖ Íîâîñèáèðñê;Àðõèâ ¹3 Åêàòåðèíáóðã;SL 107 000 00 00;Óïëîòíåíèå_Îïèñü ïðèñóòñòâîâàëà âíóòðè êîðîáà ïðè ïðîâåäåíèè êîíòðîëÿ ïîëíîòû êîðîáà;-;00;Ëîãèñòèêà;äîêóìåíò;3,2;RUCH
ÎÑÖ Íîâîñèáèðñê;Àðõèâ ¹3 Åêàòåðèíáóðã;SL 106 000 00 00;Óïëîòíåíèå_Äîêóìåíò ïðèñóòñòâîâàë âíóòðè êîðîáà ïðè ïðîâåäåíèè êîíòðîëÿ ïîëíîòû êîðîáà;-;00;Ëîãèñòèêà;äîêóìåíò;2;RUCH
ÎÑÖ Íîâîñèáèðñê;Àðõèâ ¹3 Åêàòåðèíáóðã;SL 105 000 00 00;Ïåðåêàðòîíèðîâàíèå_Ñøèâ ïðèñóòñòâîâàë âíóòðè êîðîáà ïðè ïðîâåäåíèè êîíòðîëÿ ïîëíîòû êîðîáà;-;00;Ëîãèñòèêà;äîêóìåíò;4;RUCH
ÎÑÖ Íîâîñèáèðñê;Àðõèâ ¹3 Åêàòåðèíáóðã;SL 104 000 00 00;Ïåðåêàðòîíèðîâàíèå_Îïèñü ïðèñóòñòâîâàëà âíóòðè êîðîáà ïðè ïðîâåäåíèè êîíòðîëÿ ïîëíîòû êîðîáà;-;00;Ëîãèñòèêà;äîêóìåíò;3,2;RUCH
ÎÑÖ Íîâîñèáèðñê;Àðõèâ ¹3 Åêàòåðèíáóðã;SL 103 000 00 00;Ïåðåêàðòîíèðîâàíèå_Äîêóìåíò ïðèñóòñòâîâàë âíóòðè êîðîáà ïðè ïðîâåäåíèè êîíòðîëÿ ïîëíîòû êîðîáà;-;00;Ëîãèñòèêà;äîêóìåíò;2;RUCH
ÎÑÖ Íîâîñèáèðñê;Àðõèâ ¹3 Åêàòåðèíáóðã;SL 108 000 00 00;Óïëîòíåíèå_Ñøèâ ïðèñóòñòâîâàë âíóòðè êîðîáà ïðè ïðîâåäåíèè êîíòðîëÿ ïîëíîòû êîðîáà;-;00;Ëîãèñòèêà;äîêóìåíò;4;RUCH
ÎÑÖ Ñàìàðà;Àðõèâ ¹1 Ñàìàðà;SL 103 000 00 00;Ïåðåêàðòîíèðîâàíèå_Äîêóìåíò ïðèñóòñòâîâàë âíóòðè êîðîáà ïðè ïðîâåäåíèè êîíòðîëÿ ïîëíîòû êîðîáà;-;00;Ëîãèñòèêà;äîêóìåíò;2;RUCH
ÎÑÖ Ñàìàðà;Àðõèâ ¹1 Ñàìàðà;SL 104 000 00 00;Ïåðåêàðòîíèðîâàíèå_Îïèñü ïðèñóòñòâîâàëà âíóòðè êîðîáà ïðè ïðîâåäåíèè êîíòðîëÿ ïîëíîòû êîðîáà;-;00;Ëîãèñòèêà;äîêóìåíò;3,2;RUCH
ÎÑÖ Ñàìàðà;Àðõèâ ¹1 Ñàìàðà;SL 105 000 00 00;Ïåðåêàðòîíèðîâàíèå_Ñøèâ ïðèñóòñòâîâàë âíóòðè êîðîáà ïðè ïðîâåäåíèè êîíòðîëÿ ïîëíîòû êîðîáà;-;00;Ëîãèñòèêà;äîêóìåíò;3,8;RUCH
ÎÑÖ Ñàìàðà;Àðõèâ ¹1 Ñàìàðà;SL 106 000 00 00;Óïëîòíåíèå_Äîêóìåíò ïðèñóòñòâîâàë âíóòðè êîðîáà ïðè ïðîâåäåíèè êîíòðîëÿ ïîëíîòû êîðîáà;-;00;Ëîãèñòèêà;äîêóìåíò;2;RUCH
ÎÑÖ Ñàìàðà;Àðõèâ ¹1 Ñàìàðà;SL 107 000 00 00;Óïëîòíåíèå_Îïèñü ïðèñóòñòâîâàëà âíóòðè êîðîáà ïðè ïðîâåäåíèè êîíòðîëÿ ïîëíîòû êîðîáà;-;00;Ëîãèñòèêà;äîêóìåíò;3,2;RUCH
ÎÑÖ Ñàìàðà;Àðõèâ ¹1 Ñàìàðà;SL 108 000 00 00;Óïëîòíåíèå_Ñøèâ ïðèñóòñòâîâàë âíóòðè êîðîáà ïðè ïðîâåäåíèè êîíòðîëÿ ïîëíîòû êîðîáà;-;00;Ëîãèñòèêà;äîêóìåíò;3,8;RUCH
ÎÑÖ Âîðîíåæ;Âíå ïîäðàçäåëåíèé;PS 000 000 00 01;Ïðîåêò_Ñîçäàíèå çàÿâêè íà óíè÷òîæåíèå âðó÷íóþ;-;00;Çàïðîñû;ØÊ;0;AUTO
ÎÑÖ Âîðîíåæ;Âíå ïîäðàçäåëåíèé;PZ 001 000 00 00;Ïðîåêò_Çàêðûòèå çàÿâêè íà óíè÷òîæåíèå (ñîçäàíèå ZD íà âûäà÷ó);-;00;Çàïðîñû;ØÊ;0;AUTO
ÎÑÖ Âîðîíåæ;Àðõèâ ¹1 Âîðîíåæ;PS 000 000 00 01;Ïðîåêò_Ñîçäàíèå çàÿâêè íà óíè÷òîæåíèå âðó÷íóþ;-;00;Çàïðîñû;ØÊ;12,653;AUTO
ÎÑÖ Âîðîíåæ;Àðõèâ ¹1 Âîðîíåæ;PZ 001 000 00 00;Ïðîåêò_Çàêðûòèå çàÿâêè íà óíè÷òîæåíèå (ñîçäàíèå ZD íà âûäà÷ó);-;00;Çàïðîñû;ØÊ;4,463;AUTO
ÎÑÖ Âîðîíåæ;Àðõèâ ¹3 Êàëèíèíãðàä;PS 000 000 00 01;Ïðîåêò_Ñîçäàíèå çàÿâêè íà óíè÷òîæåíèå âðó÷íóþ;-;00;Çàïðîñû;ØÊ;10,105;AUTO
ÎÑÖ Âîðîíåæ;Àðõèâ ¹3 Êàëèíèíãðàä;PZ 001 000 00 00;Ïðîåêò_Çàêðûòèå çàÿâêè íà óíè÷òîæåíèå (ñîçäàíèå ZD íà âûäà÷ó);-;00;Çàïðîñû;ØÊ;5,152;AUTO
ÎÑÖ Âîðîíåæ;Àðõèâ ¹4 Ñàíêò-Ïåòåðáóðã;PS 000 000 00 01;Ïðîåêò_Ñîçäàíèå çàÿâêè íà óíè÷òîæåíèå âðó÷íóþ;-;00;Çàïðîñû;ØÊ;8,264;AUTO
ÎÑÖ Âîðîíåæ;Àðõèâ ¹4 Ñàíêò-Ïåòåðáóðã;PZ 001 000 00 00;Ïðîåêò_Çàêðûòèå çàÿâêè íà óíè÷òîæåíèå (ñîçäàíèå ZD íà âûäà÷ó);-;00;Çàïðîñû;ØÊ;5,294;AUTO
ÎÑÖ Ìîñêâà;Âíå ïîäðàçäåëåíèé;PS 000 000 00 01;Ïðîåêò_Ñîçäàíèå çàÿâêè íà óíè÷òîæåíèå âðó÷íóþ;-;00;Çàïðîñû;ØÊ;0;AUTO
ÎÑÖ Ìîñêâà;Âíå ïîäðàçäåëåíèé;PZ 001 000 00 00;Ïðîåêò_Çàêðûòèå çàÿâêè íà óíè÷òîæåíèå (ñîçäàíèå ZD íà âûäà÷ó);-;00;Çàïðîñû;ØÊ;0;AUTO
ÎÑÖ Ìîñêâà;Àðõèâ ¹1 Òîìèëèíî;PS 000 000 00 01;Ïðîåêò_Ñîçäàíèå çàÿâêè íà óíè÷òîæåíèå âðó÷íóþ;-;00;Çàïðîñû;ØÊ;13,045;AUTO
ÎÑÖ Ìîñêâà;Àðõèâ ¹1 Òîìèëèíî;PZ 001 000 00 00;Ïðîåêò_Çàêðûòèå çàÿâêè íà óíè÷òîæåíèå (ñîçäàíèå ZD íà âûäà÷ó);-;00;Çàïðîñû;ØÊ;5;AUTO
ÎÑÖ Íèæíèé Íîâãîðîä;Âíå ïîäðàçäåëåíèé;PS 000 000 00 01;Ïðîåêò_Ñîçäàíèå çàÿâêè íà óíè÷òîæåíèå âðó÷íóþ;-;00;Çàïðîñû;ØÊ;0;AUTO
ÎÑÖ Íèæíèé Íîâãîðîä;Âíå ïîäðàçäåëåíèé;PZ 001 000 00 00;Ïðîåêò_Çàêðûòèå çàÿâêè íà óíè÷òîæåíèå (ñîçäàíèå ZD íà âûäà÷ó);-;00;Çàïðîñû;ØÊ;0;AUTO
ÎÑÖ Íèæíèé Íîâãîðîä;Àðõèâ ¹1 Íèæíèé Íîâãîðîä;PS 000 000 00 01;Ïðîåêò_Ñîçäàíèå çàÿâêè íà óíè÷òîæåíèå âðó÷íóþ;-;00;Çàïðîñû;ØÊ;12;AUTO
ÎÑÖ Íèæíèé Íîâãîðîä;Àðõèâ ¹1 Íèæíèé Íîâãîðîä;PZ 001 000 00 00;Ïðîåêò_Çàêðûòèå çàÿâêè íà óíè÷òîæåíèå (ñîçäàíèå ZD íà âûäà÷ó);-;00;Çàïðîñû;ØÊ;4,01;AUTO
ÎÑÖ Íîâîñèáèðñê;Âíå ïîäðàçäåëåíèé;PS 000 000 00 01;Ïðîåêò_Ñîçäàíèå çàÿâêè íà óíè÷òîæåíèå âðó÷íóþ;-;00;Çàïðîñû;ØÊ;0;AUTO
ÎÑÖ Íîâîñèáèðñê;Âíå ïîäðàçäåëåíèé;PZ 001 000 00 00;Ïðîåêò_Çàêðûòèå çàÿâêè íà óíè÷òîæåíèå (ñîçäàíèå ZD íà âûäà÷ó);-;00;Çàïðîñû;ØÊ;0;AUTO
ÎÑÖ Íîâîñèáèðñê;Àðõèâ ¹1 Íîâîñèáèðñê;PS 000 000 00 01;Ïðîåêò_Ñîçäàíèå çàÿâêè íà óíè÷òîæåíèå âðó÷íóþ;-;00;Çàïðîñû;ØÊ;13,444;AUTO
ÎÑÖ Íîâîñèáèðñê;Àðõèâ ¹1 Íîâîñèáèðñê;PZ 001 000 00 00;Ïðîåêò_Çàêðûòèå çàÿâêè íà óíè÷òîæåíèå (ñîçäàíèå ZD íà âûäà÷ó);-;00;Çàïðîñû;ØÊ;0;AUTO
ÎÑÖ Íîâîñèáèðñê;Àðõèâ ¹3 Åêàòåðèíáóðã;PS 000 000 00 01;Ïðîåêò_Ñîçäàíèå çàÿâêè íà óíè÷òîæåíèå âðó÷íóþ;-;00;Çàïðîñû;ØÊ;13,617;AUTO
ÎÑÖ Íîâîñèáèðñê;Àðõèâ ¹3 Åêàòåðèíáóðã;PZ 001 000 00 00;Ïðîåêò_Çàêðûòèå çàÿâêè íà óíè÷òîæåíèå (ñîçäàíèå ZD íà âûäà÷ó);-;00;Çàïðîñû;ØÊ;0;AUTO
ÎÑÖ Ñàìàðà;Âíå ïîäðàçäåëåíèé;PS 000 000 00 01;Ïðîåêò_Ñîçäàíèå çàÿâêè íà óíè÷òîæåíèå âðó÷íóþ;-;00;Çàïðîñû;ØÊ;0;AUTO
ÎÑÖ Ñàìàðà;Âíå ïîäðàçäåëåíèé;PZ 001 000 00 00;Ïðîåêò_Çàêðûòèå çàÿâêè íà óíè÷òîæåíèå (ñîçäàíèå ZD íà âûäà÷ó);-;00;Çàïðîñû;ØÊ;0;AUTO
ÎÑÖ Ñàìàðà;Àðõèâ ¹1 Ñàìàðà;PS 000 000 00 01;Ïðîåêò_Ñîçäàíèå çàÿâêè íà óíè÷òîæåíèå âðó÷íóþ;-;00;Çàïðîñû;ØÊ;10,651;AUTO
ÎÑÖ Ñàìàðà;Àðõèâ ¹1 Ñàìàðà;PZ 001 000 00 00;Ïðîåêò_Çàêðûòèå çàÿâêè íà óíè÷òîæåíèå (ñîçäàíèå ZD íà âûäà÷ó);-;00;Çàïðîñû;ØÊ;5,893;AUTO
ÎÑÖ Âîðîíåæ;Âíå ïîäðàçäåëåíèé;PR 020 000 00 00;Ïðîåêò_ÀÊ èçúÿò ñ õðàíåíèÿ (Âûáîðêà ÌÁÊ è Âêëàäîâ);;;Ïðîåêòû;AK;0;RUCH
ÎÑÖ Âîðîíåæ;Âíå ïîäðàçäåëåíèé;PR 020 000 00 01;Ïðîåêò_ÀÊ èçúÿò ñ õðàíåíèÿ èç ÀËÁ (Âûáîðêà ÌÁÊ è Âêëàäîâ);;;Ïðîåêòû;AK;0;RUCH
ÎÑÖ Âîðîíåæ;Âíå ïîäðàçäåëåíèé;PR 021 000 00 00;Ïðîåêò_ÀÊ ðàçìåùåí íà õðàíåíèå (Âûáîðêà ÌÁÊ è Âêëàäîâ);;;Ïðîåêòû;AK;0;RUCH
ÎÑÖ Âîðîíåæ;Âíå ïîäðàçäåëåíèé;PR 021 000 00 01;Ïðîåêò_ÀÊ ðàçìåùåí íà õðàíåíèå â ÀËÁ (Âûáîðêà ÌÁÊ è Âêëàäîâ);;;Ïðîåêòû;AK;0;RUCH
ÎÑÖ Âîðîíåæ;Âíå ïîäðàçäåëåíèé;PR 022 000 00 00;Ïðîåêò_Äîêóìåíò/Îïèñü ïîìåùåí â àðõèâíûé/ôàéëîâûé êîðîá (Âûáîðêà ÌÁÊ è Âêëàäîâ);;;Ïðîåêòû;Äîêóìåíò;0;RUCH
ÎÑÖ Âîðîíåæ;Âíå ïîäðàçäåëåíèé;PR 023 000 00 00;Ïðîåêò_Îòïðàâëåíî â ÑË èç ÑÎÇ ZL ÖÀÐÑ (Âûáîðêà ÌÁÊ è Âêëàäîâ);;;Ïðîåêòû;ØÊ;0;RUCH
ÎÑÖ Âîðîíåæ;Âíå ïîäðàçäåëåíèé;PR 024 000 00 00;Ïðîåêò_Ïðèíÿòî â ÑÎÇ èç ÑË LZ ÖÀÐÑ äëÿ óíè÷òîæåíèÿ (Âûáîðêà ÌÁÊ è Âêëàäîâ);;;Ïðîåêòû;ØÊ;0;RUCH
ÎÑÖ Âîðîíåæ;Âíå ïîäðàçäåëåíèé;PR 025 000 00 00;Ïðîåêò_Ñáîðêà ÀÊ/ÔÊ (Âûáîðêà ÌÁÊ è Âêëàäîâ);;;Ïðîåêòû;AK;0;RUCH
ÎÑÖ Âîðîíåæ;Àðõèâ ¹1 Âîðîíåæ;PR 020 000 00 00;Ïðîåêò_ÀÊ èçúÿò ñ õðàíåíèÿ (Âûáîðêà ÌÁÊ è Âêëàäîâ);;;Ïðîåêòû;AK;32;RUCH
ÎÑÖ Âîðîíåæ;Àðõèâ ¹1 Âîðîíåæ;PR 020 000 00 01;Ïðîåêò_ÀÊ èçúÿò ñ õðàíåíèÿ èç ÀËÁ (Âûáîðêà ÌÁÊ è Âêëàäîâ);;;Ïðîåêòû;AK;0;RUCH
ÎÑÖ Âîðîíåæ;Àðõèâ ¹1 Âîðîíåæ;PR 021 000 00 00;Ïðîåêò_ÀÊ ðàçìåùåí íà õðàíåíèå (Âûáîðêà ÌÁÊ è Âêëàäîâ);;;Ïðîåêòû;AK;43;RUCH
ÎÑÖ Âîðîíåæ;Àðõèâ ¹1 Âîðîíåæ;PR 021 000 00 01;Ïðîåêò_ÀÊ ðàçìåùåí íà õðàíåíèå â ÀËÁ (Âûáîðêà ÌÁÊ è Âêëàäîâ);;;Ïðîåêòû;AK;0;RUCH
ÎÑÖ Âîðîíåæ;Àðõèâ ¹1 Âîðîíåæ;PR 022 000 00 00;Ïðîåêò_Äîêóìåíò/Îïèñü ïîìåùåí â àðõèâíûé/ôàéëîâûé êîðîá (Âûáîðêà ÌÁÊ è Âêëàäîâ);;;Ïðîåêòû;Äîêóìåíò;9;RUCH
ÎÑÖ Âîðîíåæ;Àðõèâ ¹1 Âîðîíåæ;PR 023 000 00 00;Ïðîåêò_Îòïðàâëåíî â ÑË èç ÑÎÇ ZL ÖÀÐÑ (Âûáîðêà ÌÁÊ è Âêëàäîâ);;;Ïðîåêòû;ØÊ;5,016;RUCH
ÎÑÖ Âîðîíåæ;Àðõèâ ¹1 Âîðîíåæ;PR 024 000 00 00;Ïðîåêò_Ïðèíÿòî â ÑÎÇ èç ÑË LZ ÖÀÐÑ äëÿ óíè÷òîæåíèÿ (Âûáîðêà ÌÁÊ è Âêëàäîâ);;;Ïðîåêòû;ØÊ;6;RUCH
ÎÑÖ Âîðîíåæ;Àðõèâ ¹1 Âîðîíåæ;PR 025 000 00 00;Ïðîåêò_Ñáîðêà ÀÊ/ÔÊ (Âûáîðêà ÌÁÊ è Âêëàäîâ);;;Ïðîåêòû;AK;12;RUCH
ÎÑÖ Âîðîíåæ;Àðõèâ ¹3 Êàëèíèíãðàä;PR 020 000 00 00;Ïðîåêò_ÀÊ èçúÿò ñ õðàíåíèÿ (Âûáîðêà ÌÁÊ è Âêëàäîâ);;;Ïðîåêòû;AK;32;RUCH
ÎÑÖ Âîðîíåæ;Àðõèâ ¹3 Êàëèíèíãðàä;PR 020 000 00 01;Ïðîåêò_ÀÊ èçúÿò ñ õðàíåíèÿ èç ÀËÁ (Âûáîðêà ÌÁÊ è Âêëàäîâ);;;Ïðîåêòû;AK;0;RUCH
ÎÑÖ Âîðîíåæ;Àðõèâ ¹3 Êàëèíèíãðàä;PR 021 000 00 00;Ïðîåêò_ÀÊ ðàçìåùåí íà õðàíåíèå (Âûáîðêà ÌÁÊ è Âêëàäîâ);;;Ïðîåêòû;AK;43;RUCH
ÎÑÖ Âîðîíåæ;Àðõèâ ¹3 Êàëèíèíãðàä;PR 021 000 00 01;Ïðîåêò_ÀÊ ðàçìåùåí íà õðàíåíèå â ÀËÁ (Âûáîðêà ÌÁÊ è Âêëàäîâ);;;Ïðîåêòû;AK;0;RUCH
ÎÑÖ Âîðîíåæ;Àðõèâ ¹3 Êàëèíèíãðàä;PR 022 000 00 00;Ïðîåêò_Äîêóìåíò/Îïèñü ïîìåùåí â àðõèâíûé/ôàéëîâûé êîðîá (Âûáîðêà ÌÁÊ è Âêëàäîâ);;;Ïðîåêòû;Äîêóìåíò;8;RUCH
ÎÑÖ Âîðîíåæ;Àðõèâ ¹3 Êàëèíèíãðàä;PR 023 000 00 00;Ïðîåêò_Îòïðàâëåíî â ÑË èç ÑÎÇ ZL ÖÀÐÑ (Âûáîðêà ÌÁÊ è Âêëàäîâ);;;Ïðîåêòû;ØÊ;3,698;RUCH
ÎÑÖ Âîðîíåæ;Àðõèâ ¹3 Êàëèíèíãðàä;PR 024 000 00 00;Ïðîåêò_Ïðèíÿòî â ÑÎÇ èç ÑË LZ ÖÀÐÑ äëÿ óíè÷òîæåíèÿ (Âûáîðêà ÌÁÊ è Âêëàäîâ);;;Ïðîåêòû;ØÊ;7;RUCH
ÎÑÖ Âîðîíåæ;Àðõèâ ¹3 Êàëèíèíãðàä;PR 025 000 00 00;Ïðîåêò_Ñáîðêà ÀÊ/ÔÊ (Âûáîðêà ÌÁÊ è Âêëàäîâ);;;Ïðîåêòû;AK;12;RUCH
ÎÑÖ Âîðîíåæ;Àðõèâ ¹4 Ñàíêò-Ïåòåðáóðã;PR 020 000 00 00;Ïðîåêò_ÀÊ èçúÿò ñ õðàíåíèÿ (Âûáîðêà ÌÁÊ è Âêëàäîâ);;;Ïðîåêòû;AK;32;RUCH
ÎÑÖ Âîðîíåæ;Àðõèâ ¹4 Ñàíêò-Ïåòåðáóðã;PR 020 000 00 01;Ïðîåêò_ÀÊ èçúÿò ñ õðàíåíèÿ èç ÀËÁ (Âûáîðêà ÌÁÊ è Âêëàäîâ);;;Ïðîåêòû;AK;0;RUCH
ÎÑÖ Âîðîíåæ;Àðõèâ ¹4 Ñàíêò-Ïåòåðáóðã;PR 021 000 00 00;Ïðîåêò_ÀÊ ðàçìåùåí íà õðàíåíèå (Âûáîðêà ÌÁÊ è Âêëàäîâ);;;Ïðîåêòû;AK;43;RUCH
ÎÑÖ Âîðîíåæ;Àðõèâ ¹4 Ñàíêò-Ïåòåðáóðã;PR 021 000 00 01;Ïðîåêò_ÀÊ ðàçìåùåí íà õðàíåíèå â ÀËÁ (Âûáîðêà ÌÁÊ è Âêëàäîâ);;;Ïðîåêòû;AK;0;RUCH
ÎÑÖ Âîðîíåæ;Àðõèâ ¹4 Ñàíêò-Ïåòåðáóðã;PR 022 000 00 00;Ïðîåêò_Äîêóìåíò/Îïèñü ïîìåùåí â àðõèâíûé/ôàéëîâûé êîðîá (Âûáîðêà ÌÁÊ è Âêëàäîâ);;;Ïðîåêòû;Äîêóìåíò;9;RUCH
ÎÑÖ Âîðîíåæ;Àðõèâ ¹4 Ñàíêò-Ïåòåðáóðã;PR 023 000 00 00;Ïðîåêò_Îòïðàâëåíî â ÑË èç ÑÎÇ ZL ÖÀÐÑ (Âûáîðêà ÌÁÊ è Âêëàäîâ);;;Ïðîåêòû;ØÊ;4,091;RUCH
ÎÑÖ Âîðîíåæ;Àðõèâ ¹4 Ñàíêò-Ïåòåðáóðã;PR 024 000 00 00;Ïðîåêò_Ïðèíÿòî â ÑÎÇ èç ÑË LZ ÖÀÐÑ äëÿ óíè÷òîæåíèÿ (Âûáîðêà ÌÁÊ è Âêëàäîâ);;;Ïðîåêòû;ØÊ;7;RUCH
ÎÑÖ Âîðîíåæ;Àðõèâ ¹4 Ñàíêò-Ïåòåðáóðã;PR 025 000 00 00;Ïðîåêò_Ñáîðêà ÀÊ/ÔÊ (Âûáîðêà ÌÁÊ è Âêëàäîâ);;;Ïðîåêòû;AK;12;RUCH
ÎÑÖ Ìîñêâà;Âíå ïîäðàçäåëåíèé;PR 020 000 00 00;Ïðîåêò_ÀÊ èçúÿò ñ õðàíåíèÿ (Âûáîðêà ÌÁÊ è Âêëàäîâ);;;Ïðîåêòû;AK;0;RUCH
ÎÑÖ Ìîñêâà;Âíå ïîäðàçäåëåíèé;PR 020 000 00 01;Ïðîåêò_ÀÊ èçúÿò ñ õðàíåíèÿ èç ÀËÁ (Âûáîðêà ÌÁÊ è Âêëàäîâ);;;Ïðîåêòû;AK;0;RUCH
ÎÑÖ Ìîñêâà;Âíå ïîäðàçäåëåíèé;PR 021 000 00 00;Ïðîåêò_ÀÊ ðàçìåùåí íà õðàíåíèå (Âûáîðêà ÌÁÊ è Âêëàäîâ);;;Ïðîåêòû;AK;0;RUCH
ÎÑÖ Ìîñêâà;Âíå ïîäðàçäåëåíèé;PR 021 000 00 01;Ïðîåêò_ÀÊ ðàçìåùåí íà õðàíåíèå â ÀËÁ (Âûáîðêà ÌÁÊ è Âêëàäîâ);;;Ïðîåêòû;AK;0;RUCH
ÎÑÖ Ìîñêâà;Âíå ïîäðàçäåëåíèé;PR 022 000 00 00;Ïðîåêò_Äîêóìåíò/Îïèñü ïîìåùåí â àðõèâíûé/ôàéëîâûé êîðîá (Âûáîðêà ÌÁÊ è Âêëàäîâ);;;Ïðîåêòû;Äîêóìåíò;0;RUCH
ÎÑÖ Ìîñêâà;Âíå ïîäðàçäåëåíèé;PR 023 000 00 00;Ïðîåêò_Îòïðàâëåíî â ÑË èç ÑÎÇ ZL ÖÀÐÑ (Âûáîðêà ÌÁÊ è Âêëàäîâ);;;Ïðîåêòû;ØÊ;0;RUCH
ÎÑÖ Ìîñêâà;Âíå ïîäðàçäåëåíèé;PR 024 000 00 00;Ïðîåêò_Ïðèíÿòî â ÑÎÇ èç ÑË LZ ÖÀÐÑ äëÿ óíè÷òîæåíèÿ (Âûáîðêà ÌÁÊ è Âêëàäîâ);;;Ïðîåêòû;ØÊ;0;RUCH
ÎÑÖ Ìîñêâà;Âíå ïîäðàçäåëåíèé;PR 025 000 00 00;Ïðîåêò_Ñáîðêà ÀÊ/ÔÊ (Âûáîðêà ÌÁÊ è Âêëàäîâ);;;Ïðîåêòû;AK;0;RUCH
ÎÑÖ Ìîñêâà;Àðõèâ ¹1 Òîìèëèíî;PR 020 000 00 00;Ïðîåêò_ÀÊ èçúÿò ñ õðàíåíèÿ (Âûáîðêà ÌÁÊ è Âêëàäîâ);;;Ïðîåêòû;AK;29,091;RUCH
ÎÑÖ Ìîñêâà;Àðõèâ ¹1 Òîìèëèíî;PR 020 000 00 01;Ïðîåêò_ÀÊ èçúÿò ñ õðàíåíèÿ èç ÀËÁ (Âûáîðêà ÌÁÊ è Âêëàäîâ);;;Ïðîåêòû;AK;0;RUCH
ÎÑÖ Ìîñêâà;Àðõèâ ¹1 Òîìèëèíî;PR 021 000 00 00;Ïðîåêò_ÀÊ ðàçìåùåí íà õðàíåíèå (Âûáîðêà ÌÁÊ è Âêëàäîâ);;;Ïðîåêòû;AK;34;RUCH
ÎÑÖ Ìîñêâà;Àðõèâ ¹1 Òîìèëèíî;PR 021 000 00 01;Ïðîåêò_ÀÊ ðàçìåùåí íà õðàíåíèå â ÀËÁ (Âûáîðêà ÌÁÊ è Âêëàäîâ);;;Ïðîåêòû;AK;36;RUCH
ÎÑÖ Ìîñêâà;Àðõèâ ¹1 Òîìèëèíî;PR 022 000 00 00;Ïðîåêò_Äîêóìåíò/Îïèñü ïîìåùåí â àðõèâíûé/ôàéëîâûé êîðîá (Âûáîðêà ÌÁÊ è Âêëàäîâ);;;Ïðîåêòû;Äîêóìåíò;5,76;RUCH
ÎÑÖ Ìîñêâà;Àðõèâ ¹1 Òîìèëèíî;PR 023 000 00 00;Ïðîåêò_Îòïðàâëåíî â ÑË èç ÑÎÇ ZL ÖÀÐÑ (Âûáîðêà ÌÁÊ è Âêëàäîâ);;;Ïðîåêòû;ØÊ;5,712;RUCH
ÎÑÖ Ìîñêâà;Àðõèâ ¹1 Òîìèëèíî;PR 024 000 00 00;Ïðîåêò_Ïðèíÿòî â ÑÎÇ èç ÑË LZ ÖÀÐÑ äëÿ óíè÷òîæåíèÿ (Âûáîðêà ÌÁÊ è Âêëàäîâ);;;Ïðîåêòû;ØÊ;7;RUCH
ÎÑÖ Ìîñêâà;Àðõèâ ¹1 Òîìèëèíî;PR 025 000 00 00;Ïðîåêò_Ñáîðêà ÀÊ/ÔÊ (Âûáîðêà ÌÁÊ è Âêëàäîâ);;;Ïðîåêòû;AK;0;RUCH
ÎÑÖ Íèæíèé Íîâãîðîä;Âíå ïîäðàçäåëåíèé;PR 020 000 00 00;Ïðîåêò_ÀÊ èçúÿò ñ õðàíåíèÿ (Âûáîðêà ÌÁÊ è Âêëàäîâ);;;Ïðîåêòû;AK;0;RUCH
ÎÑÖ Íèæíèé Íîâãîðîä;Âíå ïîäðàçäåëåíèé;PR 020 000 00 01;Ïðîåêò_ÀÊ èçúÿò ñ õðàíåíèÿ èç ÀËÁ (Âûáîðêà ÌÁÊ è Âêëàäîâ);;;Ïðîåêòû;AK;0;RUCH
ÎÑÖ Íèæíèé Íîâãîðîä;Âíå ïîäðàçäåëåíèé;PR 021 000 00 00;Ïðîåêò_ÀÊ ðàçìåùåí íà õðàíåíèå (Âûáîðêà ÌÁÊ è Âêëàäîâ);;;Ïðîåêòû;AK;0;RUCH
ÎÑÖ Íèæíèé Íîâãîðîä;Âíå ïîäðàçäåëåíèé;PR 021 000 00 01;Ïðîåêò_ÀÊ ðàçìåùåí íà õðàíåíèå â ÀËÁ (Âûáîðêà ÌÁÊ è Âêëàäîâ);;;Ïðîåêòû;AK;0;RUCH
ÎÑÖ Íèæíèé Íîâãîðîä;Âíå ïîäðàçäåëåíèé;PR 022 000 00 00;Ïðîåêò_Äîêóìåíò/Îïèñü ïîìåùåí â àðõèâíûé/ôàéëîâûé êîðîá (Âûáîðêà ÌÁÊ è Âêëàäîâ);;;Ïðîåêòû;Äîêóìåíò;0;RUCH
ÎÑÖ Íèæíèé Íîâãîðîä;Âíå ïîäðàçäåëåíèé;PR 023 000 00 00;Ïðîåêò_Îòïðàâëåíî â ÑË èç ÑÎÇ ZL ÖÀÐÑ (Âûáîðêà ÌÁÊ è Âêëàäîâ);;;Ïðîåêòû;ØÊ;0;RUCH
ÎÑÖ Íèæíèé Íîâãîðîä;Âíå ïîäðàçäåëåíèé;PR 024 000 00 00;Ïðîåêò_Ïðèíÿòî â ÑÎÇ èç ÑË LZ ÖÀÐÑ äëÿ óíè÷òîæåíèÿ (Âûáîðêà ÌÁÊ è Âêëàäîâ);;;Ïðîåêòû;ØÊ;0;RUCH
ÎÑÖ Íèæíèé Íîâãîðîä;Âíå ïîäðàçäåëåíèé;PR 025 000 00 00;Ïðîåêò_Ñáîðêà ÀÊ/ÔÊ (Âûáîðêà ÌÁÊ è Âêëàäîâ);;;Ïðîåêòû;AK;0;RUCH
ÎÑÖ Íèæíèé Íîâãîðîä;Àðõèâ ¹1 Íèæíèé Íîâãîðîä;PR 020 000 00 00;Ïðîåêò_ÀÊ èçúÿò ñ õðàíåíèÿ (Âûáîðêà ÌÁÊ è Âêëàäîâ);;;Ïðîåêòû;AK;32;RUCH
ÎÑÖ Íèæíèé Íîâãîðîä;Àðõèâ ¹1 Íèæíèé Íîâãîðîä;PR 020 000 00 01;Ïðîåêò_ÀÊ èçúÿò ñ õðàíåíèÿ èç ÀËÁ (Âûáîðêà ÌÁÊ è Âêëàäîâ);;;Ïðîåêòû;AK;28;RUCH
ÎÑÖ Íèæíèé Íîâãîðîä;Àðõèâ ¹1 Íèæíèé Íîâãîðîä;PR 021 000 00 00;Ïðîåêò_ÀÊ ðàçìåùåí íà õðàíåíèå (Âûáîðêà ÌÁÊ è Âêëàäîâ);;;Ïðîåêòû;AK;43;RUCH
ÎÑÖ Íèæíèé Íîâãîðîä;Àðõèâ ¹1 Íèæíèé Íîâãîðîä;PR 021 000 00 01;Ïðîåêò_ÀÊ ðàçìåùåí íà õðàíåíèå â ÀËÁ (Âûáîðêà ÌÁÊ è Âêëàäîâ);;;Ïðîåêòû;AK;28;RUCH
ÎÑÖ Íèæíèé Íîâãîðîä;Àðõèâ ¹1 Íèæíèé Íîâãîðîä;PR 022 000 00 00;Ïðîåêò_Äîêóìåíò/Îïèñü ïîìåùåí â àðõèâíûé/ôàéëîâûé êîðîá (Âûáîðêà ÌÁÊ è Âêëàäîâ);;;Ïðîåêòû;Äîêóìåíò;8;RUCH
ÎÑÖ Íèæíèé Íîâãîðîä;Àðõèâ ¹1 Íèæíèé Íîâãîðîä;PR 023 000 00 00;Ïðîåêò_Îòïðàâëåíî â ÑË èç ÑÎÇ ZL ÖÀÐÑ (Âûáîðêà ÌÁÊ è Âêëàäîâ);;;Ïðîåêòû;ØÊ;5;RUCH
ÎÑÖ Íèæíèé Íîâãîðîä;Àðõèâ ¹1 Íèæíèé Íîâãîðîä;PR 024 000 00 00;Ïðîåêò_Ïðèíÿòî â ÑÎÇ èç ÑË LZ ÖÀÐÑ äëÿ óíè÷òîæåíèÿ (Âûáîðêà ÌÁÊ è Âêëàäîâ);;;Ïðîåêòû;ØÊ;6;RUCH
ÎÑÖ Íèæíèé Íîâãîðîä;Àðõèâ ¹1 Íèæíèé Íîâãîðîä;PR 025 000 00 00;Ïðîåêò_Ñáîðêà ÀÊ/ÔÊ (Âûáîðêà ÌÁÊ è Âêëàäîâ);;;Ïðîåêòû;AK;12;RUCH
ÎÑÖ Íîâîñèáèðñê;Âíå ïîäðàçäåëåíèé;PR 020 000 00 00;Ïðîåêò_ÀÊ èçúÿò ñ õðàíåíèÿ (Âûáîðêà ÌÁÊ è Âêëàäîâ);;;Ïðîåêòû;AK;0;RUCH
ÎÑÖ Íîâîñèáèðñê;Âíå ïîäðàçäåëåíèé;PR 020 000 00 01;Ïðîåêò_ÀÊ èçúÿò ñ õðàíåíèÿ èç ÀËÁ (Âûáîðêà ÌÁÊ è Âêëàäîâ);;;Ïðîåêòû;AK;0;RUCH
ÎÑÖ Íîâîñèáèðñê;Âíå ïîäðàçäåëåíèé;PR 021 000 00 00;Ïðîåêò_ÀÊ ðàçìåùåí íà õðàíåíèå (Âûáîðêà ÌÁÊ è Âêëàäîâ);;;Ïðîåêòû;AK;0;RUCH
ÎÑÖ Íîâîñèáèðñê;Âíå ïîäðàçäåëåíèé;PR 021 000 00 01;Ïðîåêò_ÀÊ ðàçìåùåí íà õðàíåíèå â ÀËÁ (Âûáîðêà ÌÁÊ è Âêëàäîâ);;;Ïðîåêòû;AK;0;RUCH
ÎÑÖ Íîâîñèáèðñê;Âíå ïîäðàçäåëåíèé;PR 022 000 00 00;Ïðîåêò_Äîêóìåíò/Îïèñü ïîìåùåí â àðõèâíûé/ôàéëîâûé êîðîá (Âûáîðêà ÌÁÊ è Âêëàäîâ);;;Ïðîåêòû;Äîêóìåíò;0;RUCH
ÎÑÖ Íîâîñèáèðñê;Âíå ïîäðàçäåëåíèé;PR 023 000 00 00;Ïðîåêò_Îòïðàâëåíî â ÑË èç ÑÎÇ ZL ÖÀÐÑ (Âûáîðêà ÌÁÊ è Âêëàäîâ);;;Ïðîåêòû;ØÊ;0;RUCH
ÎÑÖ Íîâîñèáèðñê;Âíå ïîäðàçäåëåíèé;PR 024 000 00 00;Ïðîåêò_Ïðèíÿòî â ÑÎÇ èç ÑË LZ ÖÀÐÑ äëÿ óíè÷òîæåíèÿ (Âûáîðêà ÌÁÊ è Âêëàäîâ);;;Ïðîåêòû;ØÊ;0;RUCH
ÎÑÖ Íîâîñèáèðñê;Âíå ïîäðàçäåëåíèé;PR 025 000 00 00;Ïðîåêò_Ñáîðêà ÀÊ/ÔÊ (Âûáîðêà ÌÁÊ è Âêëàäîâ);;;Ïðîåêòû;AK;0;RUCH
ÎÑÖ Íîâîñèáèðñê;Àðõèâ ¹1 Íîâîñèáèðñê;PR 020 000 00 00;Ïðîåêò_ÀÊ èçúÿò ñ õðàíåíèÿ (Âûáîðêà ÌÁÊ è Âêëàäîâ);;;Ïðîåêòû;AK;32;RUCH
ÎÑÖ Íîâîñèáèðñê;Àðõèâ ¹1 Íîâîñèáèðñê;PR 020 000 00 01;Ïðîåêò_ÀÊ èçúÿò ñ õðàíåíèÿ èç ÀËÁ (Âûáîðêà ÌÁÊ è Âêëàäîâ);;;Ïðîåêòû;AK;0;RUCH
ÎÑÖ Íîâîñèáèðñê;Àðõèâ ¹1 Íîâîñèáèðñê;PR 021 000 00 00;Ïðîåêò_ÀÊ ðàçìåùåí íà õðàíåíèå (Âûáîðêà ÌÁÊ è Âêëàäîâ);;;Ïðîåêòû;AK;43;RUCH
ÎÑÖ Íîâîñèáèðñê;Àðõèâ ¹1 Íîâîñèáèðñê;PR 021 000 00 01;Ïðîåêò_ÀÊ ðàçìåùåí íà õðàíåíèå â ÀËÁ (Âûáîðêà ÌÁÊ è Âêëàäîâ);;;Ïðîåêòû;AK;0;RUCH
ÎÑÖ Íîâîñèáèðñê;Àðõèâ ¹1 Íîâîñèáèðñê;PR 022 000 00 00;Ïðîåêò_Äîêóìåíò/Îïèñü ïîìåùåí â àðõèâíûé/ôàéëîâûé êîðîá (Âûáîðêà ÌÁÊ è Âêëàäîâ);;;Ïðîåêòû;Äîêóìåíò;8;RUCH
ÎÑÖ Íîâîñèáèðñê;Àðõèâ ¹1 Íîâîñèáèðñê;PR 023 000 00 00;Ïðîåêò_Îòïðàâëåíî â ÑË èç ÑÎÇ ZL ÖÀÐÑ (Âûáîðêà ÌÁÊ è Âêëàäîâ);;;Ïðîåêòû;ØÊ;5;RUCH
ÎÑÖ Íîâîñèáèðñê;Àðõèâ ¹1 Íîâîñèáèðñê;PR 024 000 00 00;Ïðîåêò_Ïðèíÿòî â ÑÎÇ èç ÑË LZ ÖÀÐÑ äëÿ óíè÷òîæåíèÿ (Âûáîðêà ÌÁÊ è Âêëàäîâ);;;Ïðîåêòû;ØÊ;7;RUCH
ÎÑÖ Íîâîñèáèðñê;Àðõèâ ¹1 Íîâîñèáèðñê;PR 025 000 00 00;Ïðîåêò_Ñáîðêà ÀÊ/ÔÊ (Âûáîðêà ÌÁÊ è Âêëàäîâ);;;Ïðîåêòû;AK;12;RUCH
ÎÑÖ Íîâîñèáèðñê;Àðõèâ ¹3 Åêàòåðèíáóðã;PR 020 000 00 00;Ïðîåêò_ÀÊ èçúÿò ñ õðàíåíèÿ (Âûáîðêà ÌÁÊ è Âêëàäîâ);;;Ïðîåêòû;AK;32;RUCH
ÎÑÖ Íîâîñèáèðñê;Àðõèâ ¹3 Åêàòåðèíáóðã;PR 020 000 00 01;Ïðîåêò_ÀÊ èçúÿò ñ õðàíåíèÿ èç ÀËÁ (Âûáîðêà ÌÁÊ è Âêëàäîâ);;;Ïðîåêòû;AK;0;RUCH
ÎÑÖ Íîâîñèáèðñê;Àðõèâ ¹3 Åêàòåðèíáóðã;PR 021 000 00 00;Ïðîåêò_ÀÊ ðàçìåùåí íà õðàíåíèå (Âûáîðêà ÌÁÊ è Âêëàäîâ);;;Ïðîåêòû;AK;43;RUCH
ÎÑÖ Íîâîñèáèðñê;Àðõèâ ¹3 Åêàòåðèíáóðã;PR 021 000 00 01;Ïðîåêò_ÀÊ ðàçìåùåí íà õðàíåíèå â ÀËÁ (Âûáîðêà ÌÁÊ è Âêëàäîâ);;;Ïðîåêòû;AK;0;RUCH
ÎÑÖ Íîâîñèáèðñê;Àðõèâ ¹3 Åêàòåðèíáóðã;PR 022 000 00 00;Ïðîåêò_Äîêóìåíò/Îïèñü ïîìåùåí â àðõèâíûé/ôàéëîâûé êîðîá (Âûáîðêà ÌÁÊ è Âêëàäîâ);;;Ïðîåêòû;Äîêóìåíò;3,329;RUCH
ÎÑÖ Íîâîñèáèðñê;Àðõèâ ¹3 Åêàòåðèíáóðã;PR 023 000 00 00;Ïðîåêò_Îòïðàâëåíî â ÑË èç ÑÎÇ ZL ÖÀÐÑ (Âûáîðêà ÌÁÊ è Âêëàäîâ);;;Ïðîåêòû;ØÊ;2,505;RUCH
ÎÑÖ Íîâîñèáèðñê;Àðõèâ ¹3 Åêàòåðèíáóðã;PR 024 000 00 00;Ïðîåêò_Ïðèíÿòî â ÑÎÇ èç ÑË LZ ÖÀÐÑ äëÿ óíè÷òîæåíèÿ (Âûáîðêà ÌÁÊ è Âêëàäîâ);;;Ïðîåêòû;ØÊ;3,215;RUCH
ÎÑÖ Íîâîñèáèðñê;Àðõèâ ¹3 Åêàòåðèíáóðã;PR 025 000 00 00;Ïðîåêò_Ñáîðêà ÀÊ/ÔÊ (Âûáîðêà ÌÁÊ è Âêëàäîâ);;;Ïðîåêòû;AK;12;RUCH
ÎÑÖ Ñàìàðà;Âíå ïîäðàçäåëåíèé;PR 020 000 00 00;Ïðîåêò_ÀÊ èçúÿò ñ õðàíåíèÿ (Âûáîðêà ÌÁÊ è Âêëàäîâ);;;Ïðîåêòû;AK;0;RUCH
ÎÑÖ Ñàìàðà;Âíå ïîäðàçäåëåíèé;PR 020 000 00 01;Ïðîåêò_ÀÊ èçúÿò ñ õðàíåíèÿ èç ÀËÁ (Âûáîðêà ÌÁÊ è Âêëàäîâ);;;Ïðîåêòû;AK;0;RUCH
ÎÑÖ Ñàìàðà;Âíå ïîäðàçäåëåíèé;PR 021 000 00 00;Ïðîåêò_ÀÊ ðàçìåùåí íà õðàíåíèå (Âûáîðêà ÌÁÊ è Âêëàäîâ);;;Ïðîåêòû;AK;0;RUCH
ÎÑÖ Ñàìàðà;Âíå ïîäðàçäåëåíèé;PR 021 000 00 01;Ïðîåêò_ÀÊ ðàçìåùåí íà õðàíåíèå â ÀËÁ (Âûáîðêà ÌÁÊ è Âêëàäîâ);;;Ïðîåêòû;AK;0;RUCH
ÎÑÖ Ñàìàðà;Âíå ïîäðàçäåëåíèé;PR 022 000 00 00;Ïðîåêò_Äîêóìåíò/Îïèñü ïîìåùåí â àðõèâíûé/ôàéëîâûé êîðîá (Âûáîðêà ÌÁÊ è Âêëàäîâ);;;Ïðîåêòû;Äîêóìåíò;0;RUCH
ÎÑÖ Ñàìàðà;Âíå ïîäðàçäåëåíèé;PR 023 000 00 00;Ïðîåêò_Îòïðàâëåíî â ÑË èç ÑÎÇ ZL ÖÀÐÑ (Âûáîðêà ÌÁÊ è Âêëàäîâ);;;Ïðîåêòû;ØÊ;0;RUCH
ÎÑÖ Ñàìàðà;Âíå ïîäðàçäåëåíèé;PR 024 000 00 00;Ïðîåêò_Ïðèíÿòî â ÑÎÇ èç ÑË LZ ÖÀÐÑ äëÿ óíè÷òîæåíèÿ (Âûáîðêà ÌÁÊ è Âêëàäîâ);;;Ïðîåêòû;ØÊ;0;RUCH
ÎÑÖ Ñàìàðà;Âíå ïîäðàçäåëåíèé;PR 025 000 00 00;Ïðîåêò_Ñáîðêà ÀÊ/ÔÊ (Âûáîðêà ÌÁÊ è Âêëàäîâ);;;Ïðîåêòû;AK;0;RUCH
ÎÑÖ Ñàìàðà;Àðõèâ ¹1 Ñàìàðà;PR 020 000 00 00;Ïðîåêò_ÀÊ èçúÿò ñ õðàíåíèÿ (Âûáîðêà ÌÁÊ è Âêëàäîâ);;;Ïðîåêòû;AK;32;RUCH
ÎÑÖ Ñàìàðà;Àðõèâ ¹1 Ñàìàðà;PR 020 000 00 01;Ïðîåêò_ÀÊ èçúÿò ñ õðàíåíèÿ èç ÀËÁ (Âûáîðêà ÌÁÊ è Âêëàäîâ);;;Ïðîåêòû;AK;28,029;RUCH
ÎÑÖ Ñàìàðà;Àðõèâ ¹1 Ñàìàðà;PR 021 000 00 00;Ïðîåêò_ÀÊ ðàçìåùåí íà õðàíåíèå (Âûáîðêà ÌÁÊ è Âêëàäîâ);;;Ïðîåêòû;AK;43;RUCH
ÎÑÖ Ñàìàðà;Àðõèâ ¹1 Ñàìàðà;PR 021 000 00 01;Ïðîåêò_ÀÊ ðàçìåùåí íà õðàíåíèå â ÀËÁ (Âûáîðêà ÌÁÊ è Âêëàäîâ);;;Ïðîåêòû;AK;28;RUCH
ÎÑÖ Ñàìàðà;Àðõèâ ¹1 Ñàìàðà;PR 022 000 00 00;Ïðîåêò_Äîêóìåíò/Îïèñü ïîìåùåí â àðõèâíûé/ôàéëîâûé êîðîá (Âûáîðêà ÌÁÊ è Âêëàäîâ);;;Ïðîåêòû;Äîêóìåíò;8;RUCH
ÎÑÖ Ñàìàðà;Àðõèâ ¹1 Ñàìàðà;PR 023 000 00 00;Ïðîåêò_Îòïðàâëåíî â ÑË èç ÑÎÇ ZL ÖÀÐÑ (Âûáîðêà ÌÁÊ è Âêëàäîâ);;;Ïðîåêòû;ØÊ;5,983;RUCH
ÎÑÖ Ñàìàðà;Àðõèâ ¹1 Ñàìàðà;PR 024 000 00 00;Ïðîåêò_Ïðèíÿòî â ÑÎÇ èç ÑË LZ ÖÀÐÑ äëÿ óíè÷òîæåíèÿ (Âûáîðêà ÌÁÊ è Âêëàäîâ);;;Ïðîåêòû;ØÊ;6;RUCH
ÎÑÖ Ñàìàðà;Àðõèâ ¹1 Ñàìàðà;PR 025 000 00 00;Ïðîåêò_Ñáîðêà ÀÊ/ÔÊ (Âûáîðêà ÌÁÊ è Âêëàäîâ);;;Ïðîåêòû;AK;12;RUCH
ÎÑÖ Âîðîíåæ;Âíå ïîäðàçäåëåíèé;IA 003 000 00 01;Ðàçðàáîòêà ÑÓÀ;-;00;Íåïðîèçâîäñòâåííûå;Ìèíóòà;60;RUCH
ÎÑÖ Âîðîíåæ;Âíå ïîäðàçäåëåíèé;IA 003 000 00 02;Ðàçðàáîòêà/Ñîïðîâîæäåíèå Êàäðèëü;-;00;Íåïðîèçâîäñòâåííûå;Ìèíóòà;60;RUCH
ÎÑÖ Âîðîíåæ;Âíå ïîäðàçäåëåíèé;IA 003 000 00 03;Ñîïðîâîæäåíèå Êóáûøêà;-;00;Íåïðîèçâîäñòâåííûå;Ìèíóòà;60;RUCH
ÎÑÖ Âîðîíåæ;Âíå ïîäðàçäåëåíèé;IA 003 000 00 04;Îáðàáîòêà äàííûõ;-;00;Íåïðîèçâîäñòâåííûå;Ìèíóòà;60;RUCH
ÎÑÖ Íèæíèé Íîâãîðîä;Àðõèâ ¹1 Íèæíèé Íîâãîðîä;NO 026 008 00 00;Ïðèåì è àíàëèç òåëåôîííîãî îáðàùåíèÿ;-;00;ÑÏÀÑ;;19,6;RUCH
ÎÑÖ Íèæíèé Íîâãîðîä;Àðõèâ ¹1 Íèæíèé Íîâãîðîä;NO 026 009 00 00;Ðåãèñòðàöèÿ îáðàùåíèÿ â ÑáåðÄÐÓÃå;-;00;ÑÏÀÑ;;94,733;RUCH
ÎÑÖ Íèæíèé Íîâãîðîä;Àðõèâ ¹1 Íèæíèé Íîâãîðîä;NO 026 010 00 00;Çàïðîñ äîïîëíèòåëüíîé èíôîðìàöèè ó êëèåíòà ïî òåëåôîíó;-;00;ÑÏÀÑ;;35,3;RUCH
ÎÑÖ Íèæíèé Íîâãîðîä;Àðõèâ ¹1 Íèæíèé Íîâãîðîä;NO 026 011 00 00;Èñïîëíåíèå çàïðîñà 1-îé ëèíèåé ïîääåðæêè ïðè òåëåôîííîé êîíñóëüòàöèè;-;00;ÑÏÀÑ;;178,433;RUCH
ÎÑÖ Íèæíèé Íîâãîðîä;Àðõèâ ¹1 Íèæíèé Íîâãîðîä;NO 026 012 00 00;Ïåðåíàïðàâëåíèå çàïðîñà â ñîîòâåòñòâèè ñ çîíîé êîìïåòåíöèè;-;00;ÑÏÀÑ;;227,6;RUCH
ÎÑÖ Íèæíèé Íîâãîðîä;Àðõèâ ¹1 Íèæíèé Íîâãîðîä;NO 026 013 00 00;Àíàëèç è ïðèíÿòèå â ðàáîòó îáðàùåíèÿ;-;00;ÑÏÀÑ;;32,6;RUCH
ÎÑÖ Íèæíèé Íîâãîðîä;Àðõèâ ¹1 Íèæíèé Íîâãîðîä;NO 026 014 00 00;Çàïðîñ äîïîëíèòåëüíîé èíôîðìàöèè ó êëèåíòà;-;00;ÑÏÀÑ;;34,267;RUCH
ÎÑÖ Íèæíèé Íîâãîðîä;Àðõèâ ¹1 Íèæíèé Íîâãîðîä;NO 026 015 00 00;Îáðàáîòêà çàïðîñà ïî äîïîëíèòåëüíîé èíôîðìàöèè ó êëèåíòà;-;00;ÑÏÀÑ;;37,567;RUCH
ÎÑÖ Íèæíèé Íîâãîðîä;Àðõèâ ¹1 Íèæíèé Íîâãîðîä;NO 026 016 00 00;Çàêðûòèå çàïðîñà áåç èñïîëíåíèÿ;-;00;ÑÏÀÑ;;49,8;RUCH
ÎÑÖ Íèæíèé Íîâãîðîä;Àðõèâ ¹1 Íèæíèé Íîâãîðîä;NO 026 017 00 00;Ïåðåíàïðàâëåíèå çàïðîñà â ñëó÷àå íåêîððåêòíîãî íàçíà÷åíèÿ â ÐÃ ÑÏÀÑà;-;00;ÑÏÀÑ;;31,067;RUCH
ÎÑÖ Íèæíèé Íîâãîðîä;Àðõèâ ¹1 Íèæíèé Íîâãîðîä;KS 018 000 00 00;Çàêðûòèå îáðàùåíèÿ ïî çâîíêó;-;00;ÑÏÀÑ;;31,733;AUTO
ÎÑÖ Íèæíèé Íîâãîðîä;Àðõèâ ¹1 Íèæíèé Íîâãîðîä;KS 019 000 00 00;Çàêðûòèå çàïðîñà ïîñëå ïîëó÷åíèÿ îòâåòà îò ÐÃ ÄÈÒ ÑèÁ;-;00;ÑÏÀÑ;;89,9;AUTO
ÎÑÖ Íèæíèé Íîâãîðîä;Àðõèâ ¹1 Íèæíèé Íîâãîðîä;KS 020 000 00 00;Èñïîëíåíèå çàïðîñà 1-îé ëèíèåé ïîääåðæêè;-;00;ÑÏÀÑ;;289,533;AUTO
ÎÑÖ Âîðîíåæ;Âíå ïîäðàçäåëåíèé;SZ 026 000 00 01;"""Ôîðìèðîâàíèå çàäàíèé ïðè ""Ðó÷íîì ïîäáîðå""| çàïîëíåíèå Æóðíàëîâ: ó÷åòà êîðîáîâ ÎÑÃ| âûäà÷è îðèãèíàëîâ äîêóìåíòîâ| ó÷åòà ïî çàÿâêàì â ÀÑ ÖÀÐÑ (îòâåòû êëèåíòàì)| ïî ÊÎÄ ÞË""";-;00;Çàïðîñû;çàïèñü/ ñòðîêà;0;RUCH
ÎÑÖ Âîðîíåæ;Àðõèâ ¹1 Âîðîíåæ;SZ 026 000 00 01;"""Ôîðìèðîâàíèå çàäàíèé ïðè ""Ðó÷íîì ïîäáîðå""| çàïîëíåíèå Æóðíàëîâ: ó÷åòà êîðîáîâ ÎÑÃ| âûäà÷è îðèãèíàëîâ äîêóìåíòîâ| ó÷åòà ïî çàÿâêàì â ÀÑ ÖÀÐÑ (îòâåòû êëèåíòàì)| ïî ÊÎÄ ÞË""";-;00;Çàïðîñû;çàïèñü/ ñòðîêà;27,705;RUCH
ÎÑÖ Âîðîíåæ;Àðõèâ ¹3 Êàëèíèíãðàä;SZ 026 000 00 01;"""Ôîðìèðîâàíèå çàäàíèé ïðè ""Ðó÷íîì ïîäáîðå""| çàïîëíåíèå Æóðíàëîâ: ó÷åòà êîðîáîâ ÎÑÃ| âûäà÷è îðèãèíàëîâ äîêóìåíòîâ| ó÷åòà ïî çàÿâêàì â ÀÑ ÖÀÐÑ (îòâåòû êëèåíòàì)| ïî ÊÎÄ ÞË""";-;00;Çàïðîñû;çàïèñü/ ñòðîêà;28,553;RUCH
ÎÑÖ Âîðîíåæ;Àðõèâ ¹4 Ñàíêò-Ïåòåðáóðã;SZ 026 000 00 01;"""Ôîðìèðîâàíèå çàäàíèé ïðè ""Ðó÷íîì ïîäáîðå""| çàïîëíåíèå Æóðíàëîâ: ó÷åòà êîðîáîâ ÎÑÃ| âûäà÷è îðèãèíàëîâ äîêóìåíòîâ| ó÷åòà ïî çàÿâêàì â ÀÑ ÖÀÐÑ (îòâåòû êëèåíòàì)| ïî ÊÎÄ ÞË""";-;00;Çàïðîñû;çàïèñü/ ñòðîêà;28,974;RUCH
ÎÑÖ Ìîñêâà;Âíå ïîäðàçäåëåíèé;SZ 026 000 00 01;"""Ôîðìèðîâàíèå çàäàíèé ïðè ""Ðó÷íîì ïîäáîðå""| çàïîëíåíèå Æóðíàëîâ: ó÷åòà êîðîáîâ ÎÑÃ| âûäà÷è îðèãèíàëîâ äîêóìåíòîâ| ó÷åòà ïî çàÿâêàì â ÀÑ ÖÀÐÑ (îòâåòû êëèåíòàì)| ïî ÊÎÄ ÞË""";-;00;Çàïðîñû;çàïèñü/ ñòðîêà;0;RUCH
ÎÑÖ Ìîñêâà;Àðõèâ ¹1 Òîìèëèíî;SZ 026 000 00 01;"""Ôîðìèðîâàíèå çàäàíèé ïðè ""Ðó÷íîì ïîäáîðå""| çàïîëíåíèå Æóðíàëîâ: ó÷åòà êîðîáîâ ÎÑÃ| âûäà÷è îðèãèíàëîâ äîêóìåíòîâ| ó÷åòà ïî çàÿâêàì â ÀÑ ÖÀÐÑ (îòâåòû êëèåíòàì)| ïî ÊÎÄ ÞË""";-;00;Çàïðîñû;çàïèñü/ ñòðîêà;29,043;RUCH
ÎÑÖ Íèæíèé Íîâãîðîä;Âíå ïîäðàçäåëåíèé;SZ 026 000 00 01;"""Ôîðìèðîâàíèå çàäàíèé ïðè ""Ðó÷íîì ïîäáîðå""| çàïîëíåíèå Æóðíàëîâ: ó÷åòà êîðîáîâ ÎÑÃ| âûäà÷è îðèãèíàëîâ äîêóìåíòîâ| ó÷åòà ïî çàÿâêàì â ÀÑ ÖÀÐÑ (îòâåòû êëèåíòàì)| ïî ÊÎÄ ÞË""";-;00;Çàïðîñû;çàïèñü/ ñòðîêà;0;RUCH
ÎÑÖ Íèæíèé Íîâãîðîä;Àðõèâ ¹1 Íèæíèé Íîâãîðîä;SZ 026 000 00 01;"""Ôîðìèðîâàíèå çàäàíèé ïðè ""Ðó÷íîì ïîäáîðå""| çàïîëíåíèå Æóðíàëîâ: ó÷åòà êîðîáîâ ÎÑÃ| âûäà÷è îðèãèíàëîâ äîêóìåíòîâ| ó÷åòà ïî çàÿâêàì â ÀÑ ÖÀÐÑ (îòâåòû êëèåíòàì)| ïî ÊÎÄ ÞË""";-;00;Çàïðîñû;çàïèñü/ ñòðîêà;0;RUCH
ÎÑÖ Íîâîñèáèðñê;Âíå ïîäðàçäåëåíèé;SZ 026 000 00 01;"""Ôîðìèðîâàíèå çàäàíèé ïðè ""Ðó÷íîì ïîäáîðå""| çàïîëíåíèå Æóðíàëîâ: ó÷åòà êîðîáîâ ÎÑÃ| âûäà÷è îðèãèíàëîâ äîêóìåíòîâ| ó÷åòà ïî çàÿâêàì â ÀÑ ÖÀÐÑ (îòâåòû êëèåíòàì)| ïî ÊÎÄ ÞË""";-;00;Çàïðîñû;çàïèñü/ ñòðîêà;0;RUCH
ÎÑÖ Íîâîñèáèðñê;Àðõèâ ¹1 Íîâîñèáèðñê;SZ 026 000 00 01;"""Ôîðìèðîâàíèå çàäàíèé ïðè ""Ðó÷íîì ïîäáîðå""| çàïîëíåíèå Æóðíàëîâ: ó÷åòà êîðîáîâ ÎÑÃ| âûäà÷è îðèãèíàëîâ äîêóìåíòîâ| ó÷åòà ïî çàÿâêàì â ÀÑ ÖÀÐÑ (îòâåòû êëèåíòàì)| ïî ÊÎÄ ÞË""";-;00;Çàïðîñû;çàïèñü/ ñòðîêà;29,931;RUCH
ÎÑÖ Ñàìàðà;Âíå ïîäðàçäåëåíèé;SZ 026 000 00 01;"""Ôîðìèðîâàíèå çàäàíèé ïðè ""Ðó÷íîì ïîäáîðå""| çàïîëíåíèå Æóðíàëîâ: ó÷åòà êîðîáîâ ÎÑÃ| âûäà÷è îðèãèíàëîâ äîêóìåíòîâ| ó÷åòà ïî çàÿâêàì â ÀÑ ÖÀÐÑ (îòâåòû êëèåíòàì)| ïî ÊÎÄ ÞË""";-;00;Çàïðîñû;çàïèñü/ ñòðîêà;0;RUCH
ÎÑÖ Íîâîñèáèðñê;Àðõèâ ¹3 Åêàòåðèíáóðã;SZ 026 000 00 01;"""Ôîðìèðîâàíèå çàäàíèé ïðè ""Ðó÷íîì ïîäáîðå""| çàïîëíåíèå Æóðíàëîâ: ó÷åòà êîðîáîâ ÎÑÃ| âûäà÷è îðèãèíàëîâ äîêóìåíòîâ| ó÷åòà ïî çàÿâêàì â ÀÑ ÖÀÐÑ (îòâåòû êëèåíòàì)| ïî ÊÎÄ ÞË""";-;00;Çàïðîñû;çàïèñü/ ñòðîêà;29,744;RUCH
ÎÑÖ Ñàìàðà;Àðõèâ ¹1 Ñàìàðà;SZ 026 000 00 01;"""Ôîðìèðîâàíèå çàäàíèé ïðè ""Ðó÷íîì ïîäáîðå""| çàïîëíåíèå Æóðíàëîâ: ó÷åòà êîðîáîâ ÎÑÃ| âûäà÷è îðèãèíàëîâ äîêóìåíòîâ| ó÷åòà ïî çàÿâêàì â ÀÑ ÖÀÐÑ (îòâåòû êëèåíòàì)| ïî ÊÎÄ ÞË""";-;00;Çàïðîñû;çàïèñü/ ñòðîêà;30;RUCH
ÎÑÖ Âîðîíåæ;Âíå ïîäðàçäåëåíèé;SZ 033 000 00 01;Êîíòðîëü âîçâðàòà Äîñüå êëèåíòîâ/ äîêóìåíòîâ èç ïîäðàçäåëåíèé Áàíêà â ÑÖ Àðõèâ (ïðè âûäà÷å îðèãèíàëîâ âî âðåìåííîå ïîëüçîâàíèå) - ÀÑ ÖÀÐÑ;-;00;Çàïðîñû;äîêóìåíò;0;RUCH
ÎÑÖ Âîðîíåæ;Àðõèâ ¹1 Âîðîíåæ;SZ 033 000 00 01;Êîíòðîëü âîçâðàòà Äîñüå êëèåíòîâ/ äîêóìåíòîâ èç ïîäðàçäåëåíèé Áàíêà â ÑÖ Àðõèâ (ïðè âûäà÷å îðèãèíàëîâ âî âðåìåííîå ïîëüçîâàíèå) - ÀÑ ÖÀÐÑ;-;00;Çàïðîñû;äîêóìåíò;120;RUCH
ÎÑÖ Âîðîíåæ;Àðõèâ ¹3 Êàëèíèíãðàä;SZ 033 000 00 01;Êîíòðîëü âîçâðàòà Äîñüå êëèåíòîâ/ äîêóìåíòîâ èç ïîäðàçäåëåíèé Áàíêà â ÑÖ Àðõèâ (ïðè âûäà÷å îðèãèíàëîâ âî âðåìåííîå ïîëüçîâàíèå) - ÀÑ ÖÀÐÑ;-;00;Çàïðîñû;äîêóìåíò;120;RUCH
ÎÑÖ Âîðîíåæ;Àðõèâ ¹4 Ñàíêò-Ïåòåðáóðã;SZ 033 000 00 01;Êîíòðîëü âîçâðàòà Äîñüå êëèåíòîâ/ äîêóìåíòîâ èç ïîäðàçäåëåíèé Áàíêà â ÑÖ Àðõèâ (ïðè âûäà÷å îðèãèíàëîâ âî âðåìåííîå ïîëüçîâàíèå) - ÀÑ ÖÀÐÑ;-;00;Çàïðîñû;äîêóìåíò;120;RUCH
ÎÑÖ Ìîñêâà;Âíå ïîäðàçäåëåíèé;SZ 033 000 00 01;Êîíòðîëü âîçâðàòà Äîñüå êëèåíòîâ/ äîêóìåíòîâ èç ïîäðàçäåëåíèé Áàíêà â ÑÖ Àðõèâ (ïðè âûäà÷å îðèãèíàëîâ âî âðåìåííîå ïîëüçîâàíèå) - ÀÑ ÖÀÐÑ;-;00;Çàïðîñû;äîêóìåíò;0;RUCH
ÎÑÖ Ìîñêâà;Àðõèâ ¹1 Òîìèëèíî;SZ 033 000 00 01;Êîíòðîëü âîçâðàòà Äîñüå êëèåíòîâ/ äîêóìåíòîâ èç ïîäðàçäåëåíèé Áàíêà â ÑÖ Àðõèâ (ïðè âûäà÷å îðèãèíàëîâ âî âðåìåííîå ïîëüçîâàíèå) - ÀÑ ÖÀÐÑ;-;00;Çàïðîñû;äîêóìåíò;120;RUCH
ÎÑÖ Íèæíèé Íîâãîðîä;Âíå ïîäðàçäåëåíèé;SZ 033 000 00 01;Êîíòðîëü âîçâðàòà Äîñüå êëèåíòîâ/ äîêóìåíòîâ èç ïîäðàçäåëåíèé Áàíêà â ÑÖ Àðõèâ (ïðè âûäà÷å îðèãèíàëîâ âî âðåìåííîå ïîëüçîâàíèå) - ÀÑ ÖÀÐÑ;-;00;Çàïðîñû;äîêóìåíò;0;RUCH
ÎÑÖ Íèæíèé Íîâãîðîä;Àðõèâ ¹1 Íèæíèé Íîâãîðîä;SZ 033 000 00 01;Êîíòðîëü âîçâðàòà Äîñüå êëèåíòîâ/ äîêóìåíòîâ èç ïîäðàçäåëåíèé Áàíêà â ÑÖ Àðõèâ (ïðè âûäà÷å îðèãèíàëîâ âî âðåìåííîå ïîëüçîâàíèå) - ÀÑ ÖÀÐÑ;-;00;Çàïðîñû;äîêóìåíò;120;RUCH
ÎÑÖ Íîâîñèáèðñê;Âíå ïîäðàçäåëåíèé;SZ 033 000 00 01;Êîíòðîëü âîçâðàòà Äîñüå êëèåíòîâ/ äîêóìåíòîâ èç ïîäðàçäåëåíèé Áàíêà â ÑÖ Àðõèâ (ïðè âûäà÷å îðèãèíàëîâ âî âðåìåííîå ïîëüçîâàíèå) - ÀÑ ÖÀÐÑ;-;00;Çàïðîñû;äîêóìåíò;0;RUCH
ÎÑÖ Íîâîñèáèðñê;Àðõèâ ¹1 Íîâîñèáèðñê;SZ 033 000 00 01;Êîíòðîëü âîçâðàòà Äîñüå êëèåíòîâ/ äîêóìåíòîâ èç ïîäðàçäåëåíèé Áàíêà â ÑÖ Àðõèâ (ïðè âûäà÷å îðèãèíàëîâ âî âðåìåííîå ïîëüçîâàíèå) - ÀÑ ÖÀÐÑ;-;00;Çàïðîñû;äîêóìåíò;120;RUCH
ÎÑÖ Ñàìàðà;Âíå ïîäðàçäåëåíèé;SZ 033 000 00 01;Êîíòðîëü âîçâðàòà Äîñüå êëèåíòîâ/ äîêóìåíòîâ èç ïîäðàçäåëåíèé Áàíêà â ÑÖ Àðõèâ (ïðè âûäà÷å îðèãèíàëîâ âî âðåìåííîå ïîëüçîâàíèå) - ÀÑ ÖÀÐÑ;-;00;Çàïðîñû;äîêóìåíò;0;RUCH
ÎÑÖ Íîâîñèáèðñê;Àðõèâ ¹3 Åêàòåðèíáóðã;SZ 033 000 00 01;Êîíòðîëü âîçâðàòà Äîñüå êëèåíòîâ/ äîêóìåíòîâ èç ïîäðàçäåëåíèé Áàíêà â ÑÖ Àðõèâ (ïðè âûäà÷å îðèãèíàëîâ âî âðåìåííîå ïîëüçîâàíèå) - ÀÑ ÖÀÐÑ;-;00;Çàïðîñû;äîêóìåíò;120;RUCH
ÎÑÖ Ñàìàðà;Àðõèâ ¹1 Ñàìàðà;SZ 033 000 00 01;Êîíòðîëü âîçâðàòà Äîñüå êëèåíòîâ/ äîêóìåíòîâ èç ïîäðàçäåëåíèé Áàíêà â ÑÖ Àðõèâ (ïðè âûäà÷å îðèãèíàëîâ âî âðåìåííîå ïîëüçîâàíèå) - ÀÑ ÖÀÐÑ;-;00;Çàïðîñû;äîêóìåíò;120;RUCH
ÎÑÖ Âîðîíåæ;Âíå ïîäðàçäåëåíèé;SZ 043 000 00 01;Îïåðàöèè ïðè âîçâðàòå Àêòà ïðèåìà-ïåðåäà÷è ïðè âûäà÷å îðèãèíàëîâ äîêóìåíòîâ (ïðè èçúÿòèè îðèãèíàëîâ äîêóìåíòîâ| ïðè îôîðìëåíèè ðó÷íîãî àêòà ïðèåìà-ïåðåäà÷è) - ÖÀÐÑ;-;00;Çàïðîñû;äîêóìåíò;0;RUCH
ÎÑÖ Âîðîíåæ;Àðõèâ ¹1 Âîðîíåæ;SZ 043 000 00 01;Îïåðàöèè ïðè âîçâðàòå Àêòà ïðèåìà-ïåðåäà÷è ïðè âûäà÷å îðèãèíàëîâ äîêóìåíòîâ (ïðè èçúÿòèè îðèãèíàëîâ äîêóìåíòîâ| ïðè îôîðìëåíèè ðó÷íîãî àêòà ïðèåìà-ïåðåäà÷è) - ÖÀÐÑ;-;00;Çàïðîñû;äîêóìåíò;30,316;RUCH
ÎÑÖ Âîðîíåæ;Àðõèâ ¹3 Êàëèíèíãðàä;SZ 043 000 00 01;Îïåðàöèè ïðè âîçâðàòå Àêòà ïðèåìà-ïåðåäà÷è ïðè âûäà÷å îðèãèíàëîâ äîêóìåíòîâ (ïðè èçúÿòèè îðèãèíàëîâ äîêóìåíòîâ| ïðè îôîðìëåíèè ðó÷íîãî àêòà ïðèåìà-ïåðåäà÷è) - ÖÀÐÑ;-;00;Çàïðîñû;äîêóìåíò;30,316;RUCH
ÎÑÖ Âîðîíåæ;Àðõèâ ¹4 Ñàíêò-Ïåòåðáóðã;SZ 043 000 00 01;Îïåðàöèè ïðè âîçâðàòå Àêòà ïðèåìà-ïåðåäà÷è ïðè âûäà÷å îðèãèíàëîâ äîêóìåíòîâ (ïðè èçúÿòèè îðèãèíàëîâ äîêóìåíòîâ| ïðè îôîðìëåíèè ðó÷íîãî àêòà ïðèåìà-ïåðåäà÷è) - ÖÀÐÑ;-;00;Çàïðîñû;äîêóìåíò;30,316;RUCH
ÎÑÖ Ìîñêâà;Âíå ïîäðàçäåëåíèé;SZ 043 000 00 01;Îïåðàöèè ïðè âîçâðàòå Àêòà ïðèåìà-ïåðåäà÷è ïðè âûäà÷å îðèãèíàëîâ äîêóìåíòîâ (ïðè èçúÿòèè îðèãèíàëîâ äîêóìåíòîâ| ïðè îôîðìëåíèè ðó÷íîãî àêòà ïðèåìà-ïåðåäà÷è) - ÖÀÐÑ;-;00;Çàïðîñû;äîêóìåíò;0;RUCH
ÎÑÖ Ìîñêâà;Àðõèâ ¹1 Òîìèëèíî;SZ 043 000 00 01;Îïåðàöèè ïðè âîçâðàòå Àêòà ïðèåìà-ïåðåäà÷è ïðè âûäà÷å îðèãèíàëîâ äîêóìåíòîâ (ïðè èçúÿòèè îðèãèíàëîâ äîêóìåíòîâ| ïðè îôîðìëåíèè ðó÷íîãî àêòà ïðèåìà-ïåðåäà÷è) - ÖÀÐÑ;-;00;Çàïðîñû;äîêóìåíò;30,316;RUCH
ÎÑÖ Íèæíèé Íîâãîðîä;Âíå ïîäðàçäåëåíèé;SZ 043 000 00 01;Îïåðàöèè ïðè âîçâðàòå Àêòà ïðèåìà-ïåðåäà÷è ïðè âûäà÷å îðèãèíàëîâ äîêóìåíòîâ (ïðè èçúÿòèè îðèãèíàëîâ äîêóìåíòîâ| ïðè îôîðìëåíèè ðó÷íîãî àêòà ïðèåìà-ïåðåäà÷è) - ÖÀÐÑ;-;00;Çàïðîñû;äîêóìåíò;0;RUCH
ÎÑÖ Íèæíèé Íîâãîðîä;Àðõèâ ¹1 Íèæíèé Íîâãîðîä;SZ 043 000 00 01;Îïåðàöèè ïðè âîçâðàòå Àêòà ïðèåìà-ïåðåäà÷è ïðè âûäà÷å îðèãèíàëîâ äîêóìåíòîâ (ïðè èçúÿòèè îðèãèíàëîâ äîêóìåíòîâ| ïðè îôîðìëåíèè ðó÷íîãî àêòà ïðèåìà-ïåðåäà÷è) - ÖÀÐÑ;-;00;Çàïðîñû;äîêóìåíò;30,316;RUCH
ÎÑÖ Íîâîñèáèðñê;Âíå ïîäðàçäåëåíèé;SZ 043 000 00 01;Îïåðàöèè ïðè âîçâðàòå Àêòà ïðèåìà-ïåðåäà÷è ïðè âûäà÷å îðèãèíàëîâ äîêóìåíòîâ (ïðè èçúÿòèè îðèãèíàëîâ äîêóìåíòîâ| ïðè îôîðìëåíèè ðó÷íîãî àêòà ïðèåìà-ïåðåäà÷è) - ÖÀÐÑ;-;00;Çàïðîñû;äîêóìåíò;0;RUCH
ÎÑÖ Íîâîñèáèðñê;Àðõèâ ¹1 Íîâîñèáèðñê;SZ 043 000 00 01;Îïåðàöèè ïðè âîçâðàòå Àêòà ïðèåìà-ïåðåäà÷è ïðè âûäà÷å îðèãèíàëîâ äîêóìåíòîâ (ïðè èçúÿòèè îðèãèíàëîâ äîêóìåíòîâ| ïðè îôîðìëåíèè ðó÷íîãî àêòà ïðèåìà-ïåðåäà÷è) - ÖÀÐÑ;-;00;Çàïðîñû;äîêóìåíò;30,316;RUCH
ÎÑÖ Ñàìàðà;Âíå ïîäðàçäåëåíèé;SZ 043 000 00 01;Îïåðàöèè ïðè âîçâðàòå Àêòà ïðèåìà-ïåðåäà÷è ïðè âûäà÷å îðèãèíàëîâ äîêóìåíòîâ (ïðè èçúÿòèè îðèãèíàëîâ äîêóìåíòîâ| ïðè îôîðìëåíèè ðó÷íîãî àêòà ïðèåìà-ïåðåäà÷è) - ÖÀÐÑ;-;00;Çàïðîñû;äîêóìåíò;0;RUCH
ÎÑÖ Íîâîñèáèðñê;Àðõèâ ¹3 Åêàòåðèíáóðã;SZ 043 000 00 01;Îïåðàöèè ïðè âîçâðàòå Àêòà ïðèåìà-ïåðåäà÷è ïðè âûäà÷å îðèãèíàëîâ äîêóìåíòîâ (ïðè èçúÿòèè îðèãèíàëîâ äîêóìåíòîâ| ïðè îôîðìëåíèè ðó÷íîãî àêòà ïðèåìà-ïåðåäà÷è) - ÖÀÐÑ;-;00;Çàïðîñû;äîêóìåíò;30,316;RUCH
ÎÑÖ Ñàìàðà;Àðõèâ ¹1 Ñàìàðà;SZ 043 000 00 01;Îïåðàöèè ïðè âîçâðàòå Àêòà ïðèåìà-ïåðåäà÷è ïðè âûäà÷å îðèãèíàëîâ äîêóìåíòîâ (ïðè èçúÿòèè îðèãèíàëîâ äîêóìåíòîâ| ïðè îôîðìëåíèè ðó÷íîãî àêòà ïðèåìà-ïåðåäà÷è) - ÖÀÐÑ;-;00;Çàïðîñû;äîêóìåíò;30,316;RUCH
ÎÑÖ Âîðîíåæ;Âíå ïîäðàçäåëåíèé;SZ 054 000 00 01;Îôîðìëåíèå ïåðåäà÷è Äîêóìåíòîâ ïðè âûåìêå/ ïåðåäà÷å äîêóìåíòîâ öåññèè - ÖÀÐÑ;-;00;Çàïðîñû;îòïðàâêà;0;RUCH
ÎÑÖ Âîðîíåæ;Àðõèâ ¹1 Âîðîíåæ;SZ 054 000 00 01;Îôîðìëåíèå ïåðåäà÷è Äîêóìåíòîâ ïðè âûåìêå/ ïåðåäà÷å äîêóìåíòîâ öåññèè - ÖÀÐÑ;-;00;Çàïðîñû;îòïðàâêà;1440;RUCH
ÎÑÖ Âîðîíåæ;Àðõèâ ¹3 Êàëèíèíãðàä;SZ 054 000 00 01;Îôîðìëåíèå ïåðåäà÷è Äîêóìåíòîâ ïðè âûåìêå/ ïåðåäà÷å äîêóìåíòîâ öåññèè - ÖÀÐÑ;-;00;Çàïðîñû;îòïðàâêà;1440;RUCH
ÎÑÖ Âîðîíåæ;Àðõèâ ¹4 Ñàíêò-Ïåòåðáóðã;SZ 054 000 00 01;Îôîðìëåíèå ïåðåäà÷è Äîêóìåíòîâ ïðè âûåìêå/ ïåðåäà÷å äîêóìåíòîâ öåññèè - ÖÀÐÑ;-;00;Çàïðîñû;îòïðàâêà;1440;RUCH
ÎÑÖ Ìîñêâà;Âíå ïîäðàçäåëåíèé;SZ 054 000 00 01;Îôîðìëåíèå ïåðåäà÷è Äîêóìåíòîâ ïðè âûåìêå/ ïåðåäà÷å äîêóìåíòîâ öåññèè - ÖÀÐÑ;-;00;Çàïðîñû;îòïðàâêà;0;RUCH
ÎÑÖ Ìîñêâà;Àðõèâ ¹1 Òîìèëèíî;SZ 054 000 00 01;Îôîðìëåíèå ïåðåäà÷è Äîêóìåíòîâ ïðè âûåìêå/ ïåðåäà÷å äîêóìåíòîâ öåññèè - ÖÀÐÑ;-;00;Çàïðîñû;îòïðàâêà;1440;RUCH
ÎÑÖ Íèæíèé Íîâãîðîä;Âíå ïîäðàçäåëåíèé;SZ 054 000 00 01;Îôîðìëåíèå ïåðåäà÷è Äîêóìåíòîâ ïðè âûåìêå/ ïåðåäà÷å äîêóìåíòîâ öåññèè - ÖÀÐÑ;-;00;Çàïðîñû;îòïðàâêà;0;RUCH
ÎÑÖ Íèæíèé Íîâãîðîä;Àðõèâ ¹1 Íèæíèé Íîâãîðîä;SZ 054 000 00 01;Îôîðìëåíèå ïåðåäà÷è Äîêóìåíòîâ ïðè âûåìêå/ ïåðåäà÷å äîêóìåíòîâ öåññèè - ÖÀÐÑ;-;00;Çàïðîñû;îòïðàâêà;1440;RUCH
ÎÑÖ Íîâîñèáèðñê;Âíå ïîäðàçäåëåíèé;SZ 054 000 00 01;Îôîðìëåíèå ïåðåäà÷è Äîêóìåíòîâ ïðè âûåìêå/ ïåðåäà÷å äîêóìåíòîâ öåññèè - ÖÀÐÑ;-;00;Çàïðîñû;îòïðàâêà;0;RUCH
ÎÑÖ Íîâîñèáèðñê;Àðõèâ ¹1 Íîâîñèáèðñê;SZ 054 000 00 01;Îôîðìëåíèå ïåðåäà÷è Äîêóìåíòîâ ïðè âûåìêå/ ïåðåäà÷å äîêóìåíòîâ öåññèè - ÖÀÐÑ;-;00;Çàïðîñû;îòïðàâêà;1440;RUCH
ÎÑÖ Ñàìàðà;Âíå ïîäðàçäåëåíèé;SZ 054 000 00 01;Îôîðìëåíèå ïåðåäà÷è Äîêóìåíòîâ ïðè âûåìêå/ ïåðåäà÷å äîêóìåíòîâ öåññèè - ÖÀÐÑ;-;00;Çàïðîñû;îòïðàâêà;0;RUCH
ÎÑÖ Íîâîñèáèðñê;Àðõèâ ¹3 Åêàòåðèíáóðã;SZ 054 000 00 01;Îôîðìëåíèå ïåðåäà÷è Äîêóìåíòîâ ïðè âûåìêå/ ïåðåäà÷å äîêóìåíòîâ öåññèè - ÖÀÐÑ;-;00;Çàïðîñû;îòïðàâêà;1440;RUCH
ÎÑÖ Ñàìàðà;Àðõèâ ¹1 Ñàìàðà;SZ 054 000 00 01;Îôîðìëåíèå ïåðåäà÷è Äîêóìåíòîâ ïðè âûåìêå/ ïåðåäà÷å äîêóìåíòîâ öåññèè - ÖÀÐÑ;-;00;Çàïðîñû;îòïðàâêà;1440;RUCH
ÎÑÖ Âîðîíåæ;Âíå ïîäðàçäåëåíèé;SZ 060 000 00 01;Ïîèñê äîêóìåíòà (âñå âèäû äîêóìåíòîâ) â ÀÊ ïî çàÿâêå â ÀÑ ÖÀÐC| â òîì ÷èñëå ñøèâû ÄÄ;-;00;Çàïðîñû;äåëî/ïà÷êà;0;RUCH
ÎÑÖ Âîðîíåæ;Àðõèâ ¹1 Âîðîíåæ;SZ 060 000 00 01;Ïîèñê äîêóìåíòà (âñå âèäû äîêóìåíòîâ) â ÀÊ ïî çàÿâêå â ÀÑ ÖÀÐC| â òîì ÷èñëå ñøèâû ÄÄ;-;00;Çàïðîñû;äåëî/ïà÷êà;240;RUCH
ÎÑÖ Âîðîíåæ;Àðõèâ ¹3 Êàëèíèíãðàä;SZ 060 000 00 01;Ïîèñê äîêóìåíòà (âñå âèäû äîêóìåíòîâ) â ÀÊ ïî çàÿâêå â ÀÑ ÖÀÐC| â òîì ÷èñëå ñøèâû ÄÄ;-;00;Çàïðîñû;äåëî/ïà÷êà;225,867;RUCH
ÎÑÖ Âîðîíåæ;Àðõèâ ¹4 Ñàíêò-Ïåòåðáóðã;SZ 060 000 00 01;Ïîèñê äîêóìåíòà (âñå âèäû äîêóìåíòîâ) â ÀÊ ïî çàÿâêå â ÀÑ ÖÀÐC| â òîì ÷èñëå ñøèâû ÄÄ;-;00;Çàïðîñû;äåëî/ïà÷êà;223,156;RUCH
ÎÑÖ Ìîñêâà;Âíå ïîäðàçäåëåíèé;SZ 060 000 00 01;Ïîèñê äîêóìåíòà (âñå âèäû äîêóìåíòîâ) â ÀÊ ïî çàÿâêå â ÀÑ ÖÀÐC| â òîì ÷èñëå ñøèâû ÄÄ;-;00;Çàïðîñû;äåëî/ïà÷êà;0;RUCH
ÎÑÖ Ìîñêâà;Àðõèâ ¹1 Òîìèëèíî;SZ 060 000 00 01;Ïîèñê äîêóìåíòà (âñå âèäû äîêóìåíòîâ) â ÀÊ ïî çàÿâêå â ÀÑ ÖÀÐC| â òîì ÷èñëå ñøèâû ÄÄ;-;00;Çàïðîñû;äåëî/ïà÷êà;220,3;RUCH
ÎÑÖ Íèæíèé Íîâãîðîä;Âíå ïîäðàçäåëåíèé;SZ 060 000 00 01;Ïîèñê äîêóìåíòà (âñå âèäû äîêóìåíòîâ) â ÀÊ ïî çàÿâêå â ÀÑ ÖÀÐC| â òîì ÷èñëå ñøèâû ÄÄ;-;00;Çàïðîñû;äåëî/ïà÷êà;0;RUCH
ÎÑÖ Íèæíèé Íîâãîðîä;Àðõèâ ¹1 Íèæíèé Íîâãîðîä;SZ 060 000 00 01;Ïîèñê äîêóìåíòà (âñå âèäû äîêóìåíòîâ) â ÀÊ ïî çàÿâêå â ÀÑ ÖÀÐC| â òîì ÷èñëå ñøèâû ÄÄ;-;00;Çàïðîñû;äåëî/ïà÷êà;235,633;RUCH
ÎÑÖ Íîâîñèáèðñê;Âíå ïîäðàçäåëåíèé;SZ 060 000 00 01;Ïîèñê äîêóìåíòà (âñå âèäû äîêóìåíòîâ) â ÀÊ ïî çàÿâêå â ÀÑ ÖÀÐC| â òîì ÷èñëå ñøèâû ÄÄ;-;00;Çàïðîñû;äåëî/ïà÷êà;0;RUCH
ÎÑÖ Íîâîñèáèðñê;Àðõèâ ¹1 Íîâîñèáèðñê;SZ 060 000 00 01;Ïîèñê äîêóìåíòà (âñå âèäû äîêóìåíòîâ) â ÀÊ ïî çàÿâêå â ÀÑ ÖÀÐC| â òîì ÷èñëå ñøèâû ÄÄ;-;00;Çàïðîñû;äåëî/ïà÷êà;239,833;RUCH
ÎÑÖ Ñàìàðà;Âíå ïîäðàçäåëåíèé;SZ 060 000 00 01;Ïîèñê äîêóìåíòà (âñå âèäû äîêóìåíòîâ) â ÀÊ ïî çàÿâêå â ÀÑ ÖÀÐC| â òîì ÷èñëå ñøèâû ÄÄ;-;00;Çàïðîñû;äåëî/ïà÷êà;0;RUCH
ÎÑÖ Íîâîñèáèðñê;Àðõèâ ¹3 Åêàòåðèíáóðã;SZ 060 000 00 01;Ïîèñê äîêóìåíòà (âñå âèäû äîêóìåíòîâ) â ÀÊ ïî çàÿâêå â ÀÑ ÖÀÐC| â òîì ÷èñëå ñøèâû ÄÄ;-;00;Çàïðîñû;äåëî/ïà÷êà;239,8;RUCH
ÎÑÖ Ñàìàðà;Àðõèâ ¹1 Ñàìàðà;SZ 060 000 00 01;Ïîèñê äîêóìåíòà (âñå âèäû äîêóìåíòîâ) â ÀÊ ïî çàÿâêå â ÀÑ ÖÀÐC| â òîì ÷èñëå ñøèâû ÄÄ;-;00;Çàïðîñû;äåëî/ïà÷êà;240;RUCH
ÎÑÖ Âîðîíåæ;Âíå ïîäðàçäåëåíèé;SZ 069 000 00 01;Ïîèñê äîêóìåíòîâ ïðè âíåñèñòåìíîì ðàçìåùåíèè (îòñóòñòâóåò ïîøòó÷íàÿ ðåãèñòðàöèÿ| ëèáî íàõîäèòñÿ âíå ìåñòà ïîñòîÿííîãî õðàíåíèÿ) - ÀÑ ÖÀÐÑ;-;00;Çàïðîñû;äîêóìåíò;0;RUCH
ÎÑÖ Âîðîíåæ;Àðõèâ ¹1 Âîðîíåæ;SZ 069 000 00 01;Ïîèñê äîêóìåíòîâ ïðè âíåñèñòåìíîì ðàçìåùåíèè (îòñóòñòâóåò ïîøòó÷íàÿ ðåãèñòðàöèÿ| ëèáî íàõîäèòñÿ âíå ìåñòà ïîñòîÿííîãî õðàíåíèÿ) - ÀÑ ÖÀÐÑ;-;00;Çàïðîñû;äîêóìåíò;279,433;RUCH
ÎÑÖ Âîðîíåæ;Àðõèâ ¹3 Êàëèíèíãðàä;SZ 069 000 00 01;Ïîèñê äîêóìåíòîâ ïðè âíåñèñòåìíîì ðàçìåùåíèè (îòñóòñòâóåò ïîøòó÷íàÿ ðåãèñòðàöèÿ| ëèáî íàõîäèòñÿ âíå ìåñòà ïîñòîÿííîãî õðàíåíèÿ) - ÀÑ ÖÀÐÑ;-;00;Çàïðîñû;äîêóìåíò;276,529;RUCH
ÎÑÖ Âîðîíåæ;Àðõèâ ¹4 Ñàíêò-Ïåòåðáóðã;SZ 069 000 00 01;Ïîèñê äîêóìåíòîâ ïðè âíåñèñòåìíîì ðàçìåùåíèè (îòñóòñòâóåò ïîøòó÷íàÿ ðåãèñòðàöèÿ| ëèáî íàõîäèòñÿ âíå ìåñòà ïîñòîÿííîãî õðàíåíèÿ) - ÀÑ ÖÀÐÑ;-;00;Çàïðîñû;äîêóìåíò;0;RUCH
ÎÑÖ Ìîñêâà;Âíå ïîäðàçäåëåíèé;SZ 069 000 00 01;Ïîèñê äîêóìåíòîâ ïðè âíåñèñòåìíîì ðàçìåùåíèè (îòñóòñòâóåò ïîøòó÷íàÿ ðåãèñòðàöèÿ| ëèáî íàõîäèòñÿ âíå ìåñòà ïîñòîÿííîãî õðàíåíèÿ) - ÀÑ ÖÀÐÑ;-;00;Çàïðîñû;äîêóìåíò;0;RUCH
ÎÑÖ Ìîñêâà;Àðõèâ ¹1 Òîìèëèíî;SZ 069 000 00 01;Ïîèñê äîêóìåíòîâ ïðè âíåñèñòåìíîì ðàçìåùåíèè (îòñóòñòâóåò ïîøòó÷íàÿ ðåãèñòðàöèÿ| ëèáî íàõîäèòñÿ âíå ìåñòà ïîñòîÿííîãî õðàíåíèÿ) - ÀÑ ÖÀÐÑ;-;00;Çàïðîñû;äîêóìåíò;159,794;RUCH
ÎÑÖ Íèæíèé Íîâãîðîä;Âíå ïîäðàçäåëåíèé;SZ 069 000 00 01;Ïîèñê äîêóìåíòîâ ïðè âíåñèñòåìíîì ðàçìåùåíèè (îòñóòñòâóåò ïîøòó÷íàÿ ðåãèñòðàöèÿ| ëèáî íàõîäèòñÿ âíå ìåñòà ïîñòîÿííîãî õðàíåíèÿ) - ÀÑ ÖÀÐÑ;-;00;Çàïðîñû;äîêóìåíò;0;RUCH
ÎÑÖ Íèæíèé Íîâãîðîä;Àðõèâ ¹1 Íèæíèé Íîâãîðîä;SZ 069 000 00 01;Ïîèñê äîêóìåíòîâ ïðè âíåñèñòåìíîì ðàçìåùåíèè (îòñóòñòâóåò ïîøòó÷íàÿ ðåãèñòðàöèÿ| ëèáî íàõîäèòñÿ âíå ìåñòà ïîñòîÿííîãî õðàíåíèÿ) - ÀÑ ÖÀÐÑ;-;00;Çàïðîñû;äîêóìåíò;231,5;RUCH
ÎÑÖ Íîâîñèáèðñê;Âíå ïîäðàçäåëåíèé;SZ 069 000 00 01;Ïîèñê äîêóìåíòîâ ïðè âíåñèñòåìíîì ðàçìåùåíèè (îòñóòñòâóåò ïîøòó÷íàÿ ðåãèñòðàöèÿ| ëèáî íàõîäèòñÿ âíå ìåñòà ïîñòîÿííîãî õðàíåíèÿ) - ÀÑ ÖÀÐÑ;-;00;Çàïðîñû;äîêóìåíò;0;RUCH
ÎÑÖ Íîâîñèáèðñê;Àðõèâ ¹1 Íîâîñèáèðñê;SZ 069 000 00 01;Ïîèñê äîêóìåíòîâ ïðè âíåñèñòåìíîì ðàçìåùåíèè (îòñóòñòâóåò ïîøòó÷íàÿ ðåãèñòðàöèÿ| ëèáî íàõîäèòñÿ âíå ìåñòà ïîñòîÿííîãî õðàíåíèÿ) - ÀÑ ÖÀÐÑ;-;00;Çàïðîñû;äîêóìåíò;296,351;RUCH
ÎÑÖ Ñàìàðà;Âíå ïîäðàçäåëåíèé;SZ 069 000 00 01;Ïîèñê äîêóìåíòîâ ïðè âíåñèñòåìíîì ðàçìåùåíèè (îòñóòñòâóåò ïîøòó÷íàÿ ðåãèñòðàöèÿ| ëèáî íàõîäèòñÿ âíå ìåñòà ïîñòîÿííîãî õðàíåíèÿ) - ÀÑ ÖÀÐÑ;-;00;Çàïðîñû;äîêóìåíò;0;RUCH
ÎÑÖ Íîâîñèáèðñê;Àðõèâ ¹3 Åêàòåðèíáóðã;SZ 069 000 00 01;Ïîèñê äîêóìåíòîâ ïðè âíåñèñòåìíîì ðàçìåùåíèè (îòñóòñòâóåò ïîøòó÷íàÿ ðåãèñòðàöèÿ| ëèáî íàõîäèòñÿ âíå ìåñòà ïîñòîÿííîãî õðàíåíèÿ) - ÀÑ ÖÀÐÑ;-;00;Çàïðîñû;äîêóìåíò;298,4;RUCH
ÎÑÖ Ñàìàðà;Àðõèâ ¹1 Ñàìàðà;SZ 069 000 00 01;Ïîèñê äîêóìåíòîâ ïðè âíåñèñòåìíîì ðàçìåùåíèè (îòñóòñòâóåò ïîøòó÷íàÿ ðåãèñòðàöèÿ| ëèáî íàõîäèòñÿ âíå ìåñòà ïîñòîÿííîãî õðàíåíèÿ) - ÀÑ ÖÀÐÑ;-;00;Çàïðîñû;äîêóìåíò;284,533;RUCH
ÎÑÖ Âîðîíåæ;Âíå ïîäðàçäåëåíèé;SZ 070 000 00 01;Ïîèñê äàííûõ ïî Êëèåíòó â ðàçëè÷íûõ ÀÑ (ÅÊÑ| ÅÊÏ| ÀÁÝÄ| ÁÁÌÎ| Êëèåíòû è ñ÷åòû è äð.)| çà èñêëþ÷åíèåì ÀÑ ÖÀÐÑ;-;00;Çàïðîñû;çàïðîñ â ÀÑ;0;RUCH
ÎÑÖ Âîðîíåæ;Àðõèâ ¹1 Âîðîíåæ;SZ 070 000 00 01;Ïîèñê äàííûõ ïî Êëèåíòó â ðàçëè÷íûõ ÀÑ (ÅÊÑ| ÅÊÏ| ÀÁÝÄ| ÁÁÌÎ| Êëèåíòû è ñ÷åòû è äð.)| çà èñêëþ÷åíèåì ÀÑ ÖÀÐÑ;-;00;Çàïðîñû;çàïðîñ â ÀÑ;150;RUCH
ÎÑÖ Âîðîíåæ;Àðõèâ ¹3 Êàëèíèíãðàä;SZ 070 000 00 01;Ïîèñê äàííûõ ïî Êëèåíòó â ðàçëè÷íûõ ÀÑ (ÅÊÑ| ÅÊÏ| ÀÁÝÄ| ÁÁÌÎ| Êëèåíòû è ñ÷åòû è äð.)| çà èñêëþ÷åíèåì ÀÑ ÖÀÐÑ;-;00;Çàïðîñû;çàïðîñ â ÀÑ;150;RUCH
ÎÑÖ Âîðîíåæ;Àðõèâ ¹4 Ñàíêò-Ïåòåðáóðã;SZ 070 000 00 01;Ïîèñê äàííûõ ïî Êëèåíòó â ðàçëè÷íûõ ÀÑ (ÅÊÑ| ÅÊÏ| ÀÁÝÄ| ÁÁÌÎ| Êëèåíòû è ñ÷åòû è äð.)| çà èñêëþ÷åíèåì ÀÑ ÖÀÐÑ;-;00;Çàïðîñû;çàïðîñ â ÀÑ;150;RUCH
ÎÑÖ Ìîñêâà;Âíå ïîäðàçäåëåíèé;SZ 070 000 00 01;Ïîèñê äàííûõ ïî Êëèåíòó â ðàçëè÷íûõ ÀÑ (ÅÊÑ| ÅÊÏ| ÀÁÝÄ| ÁÁÌÎ| Êëèåíòû è ñ÷åòû è äð.)| çà èñêëþ÷åíèåì ÀÑ ÖÀÐÑ;-;00;Çàïðîñû;çàïðîñ â ÀÑ;0;RUCH
ÎÑÖ Ìîñêâà;Àðõèâ ¹1 Òîìèëèíî;SZ 070 000 00 01;Ïîèñê äàííûõ ïî Êëèåíòó â ðàçëè÷íûõ ÀÑ (ÅÊÑ| ÅÊÏ| ÀÁÝÄ| ÁÁÌÎ| Êëèåíòû è ñ÷åòû è äð.)| çà èñêëþ÷åíèåì ÀÑ ÖÀÐÑ;-;00;Çàïðîñû;çàïðîñ â ÀÑ;140;RUCH
ÎÑÖ Íèæíèé Íîâãîðîä;Âíå ïîäðàçäåëåíèé;SZ 070 000 00 01;Ïîèñê äàííûõ ïî Êëèåíòó â ðàçëè÷íûõ ÀÑ (ÅÊÑ| ÅÊÏ| ÀÁÝÄ| ÁÁÌÎ| Êëèåíòû è ñ÷åòû è äð.)| çà èñêëþ÷åíèåì ÀÑ ÖÀÐÑ;-;00;Çàïðîñû;çàïðîñ â ÀÑ;0;RUCH
ÎÑÖ Íèæíèé Íîâãîðîä;Àðõèâ ¹1 Íèæíèé Íîâãîðîä;SZ 070 000 00 01;Ïîèñê äàííûõ ïî Êëèåíòó â ðàçëè÷íûõ ÀÑ (ÅÊÑ| ÅÊÏ| ÀÁÝÄ| ÁÁÌÎ| Êëèåíòû è ñ÷åòû è äð.)| çà èñêëþ÷åíèåì ÀÑ ÖÀÐÑ;-;00;Çàïðîñû;çàïðîñ â ÀÑ;120;RUCH
ÎÑÖ Íîâîñèáèðñê;Âíå ïîäðàçäåëåíèé;SZ 070 000 00 01;Ïîèñê äàííûõ ïî Êëèåíòó â ðàçëè÷íûõ ÀÑ (ÅÊÑ| ÅÊÏ| ÀÁÝÄ| ÁÁÌÎ| Êëèåíòû è ñ÷åòû è äð.)| çà èñêëþ÷åíèåì ÀÑ ÖÀÐÑ;-;00;Çàïðîñû;çàïðîñ â ÀÑ;0;RUCH
ÎÑÖ Íîâîñèáèðñê;Àðõèâ ¹1 Íîâîñèáèðñê;SZ 070 000 00 01;Ïîèñê äàííûõ ïî Êëèåíòó â ðàçëè÷íûõ ÀÑ (ÅÊÑ| ÅÊÏ| ÀÁÝÄ| ÁÁÌÎ| Êëèåíòû è ñ÷åòû è äð.)| çà èñêëþ÷åíèåì ÀÑ ÖÀÐÑ;-;00;Çàïðîñû;çàïðîñ â ÀÑ;150;RUCH
ÎÑÖ Ñàìàðà;Âíå ïîäðàçäåëåíèé;SZ 070 000 00 01;Ïîèñê äàííûõ ïî Êëèåíòó â ðàçëè÷íûõ ÀÑ (ÅÊÑ| ÅÊÏ| ÀÁÝÄ| ÁÁÌÎ| Êëèåíòû è ñ÷åòû è äð.)| çà èñêëþ÷åíèåì ÀÑ ÖÀÐÑ;-;00;Çàïðîñû;çàïðîñ â ÀÑ;0;RUCH
ÎÑÖ Íîâîñèáèðñê;Àðõèâ ¹3 Åêàòåðèíáóðã;SZ 070 000 00 01;Ïîèñê äàííûõ ïî Êëèåíòó â ðàçëè÷íûõ ÀÑ (ÅÊÑ| ÅÊÏ| ÀÁÝÄ| ÁÁÌÎ| Êëèåíòû è ñ÷åòû è äð.)| çà èñêëþ÷åíèåì ÀÑ ÖÀÐÑ;-;00;Çàïðîñû;çàïðîñ â ÀÑ;150;RUCH
ÎÑÖ Ñàìàðà;Àðõèâ ¹1 Ñàìàðà;SZ 070 000 00 01;Ïîèñê äàííûõ ïî Êëèåíòó â ðàçëè÷íûõ ÀÑ (ÅÊÑ| ÅÊÏ| ÀÁÝÄ| ÁÁÌÎ| Êëèåíòû è ñ÷åòû è äð.)| çà èñêëþ÷åíèåì ÀÑ ÖÀÐÑ;-;00;Çàïðîñû;çàïðîñ â ÀÑ;120;RUCH
ÎÑÖ Âîðîíåæ;Âíå ïîäðàçäåëåíèé;SZ 073 000 00 01;Ïîèñê íàëè÷èÿ äîêóìåíòà â äîñüå (ïðè çàïðîñå íà äîêóìåíò)  - ÀÑ ÖÀÐÑ (êðîìå ÊÎÄ ÞË);-;00;Çàïðîñû;äîêóìåíò;0;RUCH
ÎÑÖ Âîðîíåæ;Àðõèâ ¹1 Âîðîíåæ;SZ 073 000 00 01;Ïîèñê íàëè÷èÿ äîêóìåíòà â äîñüå (ïðè çàïðîñå íà äîêóìåíò)  - ÀÑ ÖÀÐÑ (êðîìå ÊÎÄ ÞË);-;00;Çàïðîñû;äîêóìåíò;40;RUCH
ÎÑÖ Âîðîíåæ;Àðõèâ ¹3 Êàëèíèíãðàä;SZ 073 000 00 01;Ïîèñê íàëè÷èÿ äîêóìåíòà â äîñüå (ïðè çàïðîñå íà äîêóìåíò)  - ÀÑ ÖÀÐÑ (êðîìå ÊÎÄ ÞË);-;00;Çàïðîñû;äîêóìåíò;40;RUCH
ÎÑÖ Âîðîíåæ;Àðõèâ ¹4 Ñàíêò-Ïåòåðáóðã;SZ 073 000 00 01;Ïîèñê íàëè÷èÿ äîêóìåíòà â äîñüå (ïðè çàïðîñå íà äîêóìåíò)  - ÀÑ ÖÀÐÑ (êðîìå ÊÎÄ ÞË);-;00;Çàïðîñû;äîêóìåíò;40;RUCH
ÎÑÖ Ìîñêâà;Âíå ïîäðàçäåëåíèé;SZ 073 000 00 01;Ïîèñê íàëè÷èÿ äîêóìåíòà â äîñüå (ïðè çàïðîñå íà äîêóìåíò)  - ÀÑ ÖÀÐÑ (êðîìå ÊÎÄ ÞË);-;00;Çàïðîñû;äîêóìåíò;0;RUCH
ÎÑÖ Ìîñêâà;Àðõèâ ¹1 Òîìèëèíî;SZ 073 000 00 01;Ïîèñê íàëè÷èÿ äîêóìåíòà â äîñüå (ïðè çàïðîñå íà äîêóìåíò)  - ÀÑ ÖÀÐÑ (êðîìå ÊÎÄ ÞË);-;00;Çàïðîñû;äîêóìåíò;13;RUCH
ÎÑÖ Íèæíèé Íîâãîðîä;Âíå ïîäðàçäåëåíèé;SZ 073 000 00 01;Ïîèñê íàëè÷èÿ äîêóìåíòà â äîñüå (ïðè çàïðîñå íà äîêóìåíò)  - ÀÑ ÖÀÐÑ (êðîìå ÊÎÄ ÞË);-;00;Çàïðîñû;äîêóìåíò;0;RUCH
ÎÑÖ Íèæíèé Íîâãîðîä;Àðõèâ ¹1 Íèæíèé Íîâãîðîä;SZ 073 000 00 01;Ïîèñê íàëè÷èÿ äîêóìåíòà â äîñüå (ïðè çàïðîñå íà äîêóìåíò)  - ÀÑ ÖÀÐÑ (êðîìå ÊÎÄ ÞË);-;00;Çàïðîñû;äîêóìåíò;34,7;RUCH
ÎÑÖ Íîâîñèáèðñê;Âíå ïîäðàçäåëåíèé;SZ 073 000 00 01;Ïîèñê íàëè÷èÿ äîêóìåíòà â äîñüå (ïðè çàïðîñå íà äîêóìåíò)  - ÀÑ ÖÀÐÑ (êðîìå ÊÎÄ ÞË);-;00;Çàïðîñû;äîêóìåíò;0;RUCH
ÎÑÖ Íîâîñèáèðñê;Àðõèâ ¹1 Íîâîñèáèðñê;SZ 073 000 00 01;Ïîèñê íàëè÷èÿ äîêóìåíòà â äîñüå (ïðè çàïðîñå íà äîêóìåíò)  - ÀÑ ÖÀÐÑ (êðîìå ÊÎÄ ÞË);-;00;Çàïðîñû;äîêóìåíò;30;RUCH
ÎÑÖ Ñàìàðà;Âíå ïîäðàçäåëåíèé;SZ 073 000 00 01;Ïîèñê íàëè÷èÿ äîêóìåíòà â äîñüå (ïðè çàïðîñå íà äîêóìåíò)  - ÀÑ ÖÀÐÑ (êðîìå ÊÎÄ ÞË);-;00;Çàïðîñû;äîêóìåíò;0;RUCH
ÎÑÖ Íîâîñèáèðñê;Àðõèâ ¹3 Åêàòåðèíáóðã;SZ 073 000 00 01;Ïîèñê íàëè÷èÿ äîêóìåíòà â äîñüå (ïðè çàïðîñå íà äîêóìåíò)  - ÀÑ ÖÀÐÑ (êðîìå ÊÎÄ ÞË);-;00;Çàïðîñû;äîêóìåíò;40;RUCH
ÎÑÖ Ñàìàðà;Àðõèâ ¹1 Ñàìàðà;SZ 073 000 00 01;Ïîèñê íàëè÷èÿ äîêóìåíòà â äîñüå (ïðè çàïðîñå íà äîêóìåíò)  - ÀÑ ÖÀÐÑ (êðîìå ÊÎÄ ÞË);-;00;Çàïðîñû;äîêóìåíò;30;RUCH
ÎÑÖ Âîðîíåæ;Âíå ïîäðàçäåëåíèé;SZ 183 000 00 00;Ïðèåì è èñïîëíåíèå âíóòðåííåé çàÿâêè;-;00;Çàïðîñû;çàÿâêà;0;RUCH
ÎÑÖ Âîðîíåæ;Âíå ïîäðàçäåëåíèé;SZ 184 000 00 00;Äîáàâëåíèå ØÊ âî âíóòðåííþþ çàÿâêó;-;00;Çàïðîñû;ØÊ;0;RUCH
ÎÑÖ Âîðîíåæ;Âíå ïîäðàçäåëåíèé;SZ 185 000 00 00;Çàêðûòèå âíóòðåííåé çàÿâêè;-;00;Çàïðîñû;çàÿâêà;0;RUCH
ÎÑÖ Âîðîíåæ;Àðõèâ ¹1 Âîðîíåæ;SZ 183 000 00 00;Ïðèåì è èñïîëíåíèå âíóòðåííåé çàÿâêè;-;00;Çàïðîñû;çàÿâêà;722,044;RUCH
ÎÑÖ Âîðîíåæ;Àðõèâ ¹1 Âîðîíåæ;SZ 184 000 00 00;Äîáàâëåíèå ØÊ âî âíóòðåííþþ çàÿâêó;-;00;Çàïðîñû;ØÊ;39,093;RUCH
ÎÑÖ Âîðîíåæ;Àðõèâ ¹1 Âîðîíåæ;SZ 185 000 00 00;Çàêðûòèå âíóòðåííåé çàÿâêè;-;00;Çàïðîñû;çàÿâêà;81,135;RUCH
ÎÑÖ Âîðîíåæ;Àðõèâ ¹3 Êàëèíèíãðàä;SZ 183 000 00 00;Ïðèåì è èñïîëíåíèå âíóòðåííåé çàÿâêè;-;00;Çàïðîñû;çàÿâêà;351,267;RUCH
ÎÑÖ Âîðîíåæ;Àðõèâ ¹3 Êàëèíèíãðàä;SZ 184 000 00 00;Äîáàâëåíèå ØÊ âî âíóòðåííþþ çàÿâêó;-;00;Çàïðîñû;ØÊ;40,113;RUCH
ÎÑÖ Âîðîíåæ;Àðõèâ ¹3 Êàëèíèíãðàä;SZ 185 000 00 00;Çàêðûòèå âíóòðåííåé çàÿâêè;-;00;Çàïðîñû;çàÿâêà;79,167;RUCH
ÎÑÖ Âîðîíåæ;Àðõèâ ¹4 Ñàíêò-Ïåòåðáóðã;SZ 183 000 00 00;Ïðèåì è èñïîëíåíèå âíóòðåííåé çàÿâêè;-;00;Çàïðîñû;çàÿâêà;365,919;RUCH
ÎÑÖ Âîðîíåæ;Àðõèâ ¹4 Ñàíêò-Ïåòåðáóðã;SZ 184 000 00 00;Äîáàâëåíèå ØÊ âî âíóòðåííþþ çàÿâêó;-;00;Çàïðîñû;ØÊ;31,133;RUCH
ÎÑÖ Âîðîíåæ;Àðõèâ ¹4 Ñàíêò-Ïåòåðáóðã;SZ 185 000 00 00;Çàêðûòèå âíóòðåííåé çàÿâêè;-;00;Çàïðîñû;çàÿâêà;53;RUCH
ÎÑÖ Ìîñêâà;Âíå ïîäðàçäåëåíèé;SZ 183 000 00 00;Ïðèåì è èñïîëíåíèå âíóòðåííåé çàÿâêè;-;00;Çàïðîñû;çàÿâêà;0;RUCH
ÎÑÖ Ìîñêâà;Âíå ïîäðàçäåëåíèé;SZ 184 000 00 00;Äîáàâëåíèå ØÊ âî âíóòðåííþþ çàÿâêó;-;00;Çàïðîñû;ØÊ;0;RUCH
ÎÑÖ Ìîñêâà;Âíå ïîäðàçäåëåíèé;SZ 185 000 00 00;Çàêðûòèå âíóòðåííåé çàÿâêè;-;00;Çàïðîñû;çàÿâêà;0;RUCH
ÎÑÖ Ìîñêâà;Àðõèâ ¹1 Òîìèëèíî;SZ 183 000 00 00;Ïðèåì è èñïîëíåíèå âíóòðåííåé çàÿâêè;-;00;Çàïðîñû;çàÿâêà;720,325;RUCH
ÎÑÖ Ìîñêâà;Àðõèâ ¹1 Òîìèëèíî;SZ 184 000 00 00;Äîáàâëåíèå ØÊ âî âíóòðåííþþ çàÿâêó;-;00;Çàïðîñû;ØÊ;30,678;RUCH
ÎÑÖ Ìîñêâà;Àðõèâ ¹1 Òîìèëèíî;SZ 185 000 00 00;Çàêðûòèå âíóòðåííåé çàÿâêè;-;00;Çàïðîñû;çàÿâêà;81;RUCH
ÎÑÖ Íèæíèé Íîâãîðîä;Âíå ïîäðàçäåëåíèé;SZ 183 000 00 00;Ïðèåì è èñïîëíåíèå âíóòðåííåé çàÿâêè;-;00;Çàïðîñû;çàÿâêà;0;RUCH
ÎÑÖ Íèæíèé Íîâãîðîä;Âíå ïîäðàçäåëåíèé;SZ 184 000 00 00;Äîáàâëåíèå ØÊ âî âíóòðåííþþ çàÿâêó;-;00;Çàïðîñû;ØÊ;0;RUCH
ÎÑÖ Íèæíèé Íîâãîðîä;Âíå ïîäðàçäåëåíèé;SZ 185 000 00 00;Çàêðûòèå âíóòðåííåé çàÿâêè;-;00;Çàïðîñû;çàÿâêà;0;RUCH
ÎÑÖ Íèæíèé Íîâãîðîä;Àðõèâ ¹1 Íèæíèé Íîâãîðîä;SZ 183 000 00 00;Ïðèåì è èñïîëíåíèå âíóòðåííåé çàÿâêè;-;00;Çàïðîñû;çàÿâêà;686,233;RUCH
ÎÑÖ Íèæíèé Íîâãîðîä;Àðõèâ ¹1 Íèæíèé Íîâãîðîä;SZ 184 000 00 00;Äîáàâëåíèå ØÊ âî âíóòðåííþþ çàÿâêó;-;00;Çàïðîñû;ØÊ;35,442;RUCH
ÎÑÖ Íèæíèé Íîâãîðîä;Àðõèâ ¹1 Íèæíèé Íîâãîðîä;SZ 185 000 00 00;Çàêðûòèå âíóòðåííåé çàÿâêè;-;00;Çàïðîñû;çàÿâêà;80,899;RUCH
ÎÑÖ Íîâîñèáèðñê;Âíå ïîäðàçäåëåíèé;SZ 183 000 00 00;Ïðèåì è èñïîëíåíèå âíóòðåííåé çàÿâêè;-;00;Çàïðîñû;çàÿâêà;0;RUCH
ÎÑÖ Íîâîñèáèðñê;Âíå ïîäðàçäåëåíèé;SZ 184 000 00 00;Äîáàâëåíèå ØÊ âî âíóòðåííþþ çàÿâêó;-;00;Çàïðîñû;ØÊ;0;RUCH
ÎÑÖ Íîâîñèáèðñê;Âíå ïîäðàçäåëåíèé;SZ 185 000 00 00;Çàêðûòèå âíóòðåííåé çàÿâêè;-;00;Çàïðîñû;çàÿâêà;0;RUCH
ÎÑÖ Íîâîñèáèðñê;Àðõèâ ¹1 Íîâîñèáèðñê;SZ 183 000 00 00;Ïðèåì è èñïîëíåíèå âíóòðåííåé çàÿâêè;-;00;Çàïðîñû;çàÿâêà;682,028;RUCH
ÎÑÖ Íîâîñèáèðñê;Àðõèâ ¹1 Íîâîñèáèðñê;SZ 184 000 00 00;Äîáàâëåíèå ØÊ âî âíóòðåííþþ çàÿâêó;-;00;Çàïðîñû;ØÊ;40,38;RUCH
ÎÑÖ Íîâîñèáèðñê;Àðõèâ ¹1 Íîâîñèáèðñê;SZ 185 000 00 00;Çàêðûòèå âíóòðåííåé çàÿâêè;-;00;Çàïðîñû;çàÿâêà;81,235;RUCH
ÎÑÖ Íîâîñèáèðñê;Àðõèâ ¹3 Åêàòåðèíáóðã;SZ 183 000 00 00;Ïðèåì è èñïîëíåíèå âíóòðåííåé çàÿâêè;-;00;Çàïðîñû;çàÿâêà;710,833;RUCH
ÎÑÖ Íîâîñèáèðñê;Àðõèâ ¹3 Åêàòåðèíáóðã;SZ 184 000 00 00;Äîáàâëåíèå ØÊ âî âíóòðåííþþ çàÿâêó;-;00;Çàïðîñû;ØÊ;40,171;RUCH
ÎÑÖ Íîâîñèáèðñê;Àðõèâ ¹3 Åêàòåðèíáóðã;SZ 185 000 00 00;Çàêðûòèå âíóòðåííåé çàÿâêè;-;00;Çàïðîñû;çàÿâêà;75,025;RUCH
ÎÑÖ Ñàìàðà;Âíå ïîäðàçäåëåíèé;SZ 183 000 00 00;Ïðèåì è èñïîëíåíèå âíóòðåííåé çàÿâêè;-;00;Çàïðîñû;çàÿâêà;0;RUCH
ÎÑÖ Ñàìàðà;Âíå ïîäðàçäåëåíèé;SZ 184 000 00 00;Äîáàâëåíèå ØÊ âî âíóòðåííþþ çàÿâêó;-;00;Çàïðîñû;ØÊ;0;RUCH
ÎÑÖ Ñàìàðà;Âíå ïîäðàçäåëåíèé;SZ 185 000 00 00;Çàêðûòèå âíóòðåííåé çàÿâêè;-;00;Çàïðîñû;çàÿâêà;0;RUCH
ÎÑÖ Ñàìàðà;Àðõèâ ¹1 Ñàìàðà;SZ 183 000 00 00;Ïðèåì è èñïîëíåíèå âíóòðåííåé çàÿâêè;-;00;Çàïðîñû;çàÿâêà;671,149;RUCH
ÎÑÖ Ñàìàðà;Àðõèâ ¹1 Ñàìàðà;SZ 184 000 00 00;Äîáàâëåíèå ØÊ âî âíóòðåííþþ çàÿâêó;-;00;Çàïðîñû;ØÊ;37,468;RUCH
ÎÑÖ Ñàìàðà;Àðõèâ ¹1 Ñàìàðà;SZ 185 000 00 00;Çàêðûòèå âíóòðåííåé çàÿâêè;-;00;Çàïðîñû;çàÿâêà;81,013;RUCH
ÎÑÖ Âîðîíåæ;Âíå ïîäðàçäåëåíèé;ZZ 001 000 00 00;Çàêðûòèå ãëîáàëüíîé çàÿâêè;-;00;Çàïðîñû;çàÿâêà;0;AUTO
ÎÑÖ Âîðîíåæ;Àðõèâ ¹1 Âîðîíåæ;ZZ 001 000 00 00;Çàêðûòèå ãëîáàëüíîé çàÿâêè;-;00;Çàïðîñû;çàÿâêà;0;AUTO
ÎÑÖ Âîðîíåæ;Àðõèâ ¹3 Êàëèíèíãðàä;ZZ 001 000 00 00;Çàêðûòèå ãëîáàëüíîé çàÿâêè;-;00;Çàïðîñû;çàÿâêà;0;AUTO
ÎÑÖ Âîðîíåæ;Àðõèâ ¹4 Ñàíêò-Ïåòåðáóðã;ZZ 001 000 00 00;Çàêðûòèå ãëîáàëüíîé çàÿâêè;-;00;Çàïðîñû;çàÿâêà;0;AUTO
ÎÑÖ Ìîñêâà;Âíå ïîäðàçäåëåíèé;ZZ 001 000 00 00;Çàêðûòèå ãëîáàëüíîé çàÿâêè;-;00;Çàïðîñû;çàÿâêà;0;AUTO
ÎÑÖ Ìîñêâà;Àðõèâ ¹1 Òîìèëèíî;ZZ 001 000 00 00;Çàêðûòèå ãëîáàëüíîé çàÿâêè;-;00;Çàïðîñû;çàÿâêà;0;AUTO
ÎÑÖ Íèæíèé Íîâãîðîä;Âíå ïîäðàçäåëåíèé;ZZ 001 000 00 00;Çàêðûòèå ãëîáàëüíîé çàÿâêè;-;00;Çàïðîñû;çàÿâêà;0;AUTO
ÎÑÖ Íèæíèé Íîâãîðîä;Àðõèâ ¹1 Íèæíèé Íîâãîðîä;ZZ 001 000 00 00;Çàêðûòèå ãëîáàëüíîé çàÿâêè;-;00;Çàïðîñû;çàÿâêà;12,083;AUTO
ÎÑÖ Íîâîñèáèðñê;Âíå ïîäðàçäåëåíèé;ZZ 001 000 00 00;Çàêðûòèå ãëîáàëüíîé çàÿâêè;-;00;Çàïðîñû;çàÿâêà;0;AUTO
ÎÑÖ Íîâîñèáèðñê;Àðõèâ ¹1 Íîâîñèáèðñê;ZZ 001 000 00 00;Çàêðûòèå ãëîáàëüíîé çàÿâêè;-;00;Çàïðîñû;çàÿâêà;16,161;AUTO
ÎÑÖ Íîâîñèáèðñê;Àðõèâ ¹3 Åêàòåðèíáóðã;ZZ 001 000 00 00;Çàêðûòèå ãëîáàëüíîé çàÿâêè;-;00;Çàïðîñû;çàÿâêà;0;AUTO
ÎÑÖ Ñàìàðà;Âíå ïîäðàçäåëåíèé;ZZ 001 000 00 00;Çàêðûòèå ãëîáàëüíîé çàÿâêè;-;00;Çàïðîñû;çàÿâêà;0;AUTO
ÎÑÖ Ñàìàðà;Àðõèâ ¹1 Ñàìàðà;ZZ 001 000 00 00;Çàêðûòèå ãëîáàëüíîé çàÿâêè;-;00;Çàïðîñû;çàÿâêà;0;AUTO
ÎÑÖ Âîðîíåæ;Âíå ïîäðàçäåëåíèé;ZO 000 000 00 01;Çàêðûòèå îáðàùåíèÿ êëèåíòà;-;00;Êîíñóëüòèðîâàíèå;îáðàùåíèå;0;AUTO
ÎÑÖ Âîðîíåæ;Âíå ïîäðàçäåëåíèé;NO 000 000 00 01;Ïðèåì îáðàùåíèÿ â ðàáîòó;-;00;Êîíñóëüòèðîâàíèå;îáðàùåíèå;66;RUCH
ÎÑÖ Âîðîíåæ;Âíå ïîäðàçäåëåíèé;NO 000 000 00 02;Ïîèñê äîãîâîðà âî ôðîíòàëüíîé ñèñòåìå;-;00;Êîíñóëüòèðîâàíèå;îáðàùåíèå;101;RUCH
ÎÑÖ Âîðîíåæ;Âíå ïîäðàçäåëåíèé;NO 000 000 00 03;Çàïðîñ èíôîðìàöèè ó êëèåíòà;-;00;Êîíñóëüòèðîâàíèå;îáðàùåíèå;107;RUCH
ÎÑÖ Âîðîíåæ;Âíå ïîäðàçäåëåíèé;NO 000 000 00 04;Îçíàêîìëåíèå ñ îòâåòîì êëèåíòà;-;00;Êîíñóëüòèðîâàíèå;îáðàùåíèå;24;RUCH
ÎÑÖ Âîðîíåæ;Âíå ïîäðàçäåëåíèé;NO 000 000 00 05;Ïåðåíàçíà÷åíèå îáðàùåíèÿ;-;00;Êîíñóëüòèðîâàíèå;îáðàùåíèå;37;RUCH
ÎÑÖ Âîðîíåæ;Âíå ïîäðàçäåëåíèé;NO 000 000 00 06;Ïîâòîðíàÿ âûãðóçêà çàïèñè äîãîâîðà èç ôðîíòàëüíîé ñèñòåìû;-;00;Êîíñóëüòèðîâàíèå;îáðàùåíèå;257;RUCH
ÎÑÖ Âîðîíåæ;Àðõèâ ¹1 Âîðîíåæ;ZO 000 000 00 01;Çàêðûòèå îáðàùåíèÿ êëèåíòà;-;00;Êîíñóëüòèðîâàíèå;îáðàùåíèå;0;AUTO
ÎÑÖ Âîðîíåæ;Àðõèâ ¹1 Âîðîíåæ;NO 000 000 00 01;Ïðèåì îáðàùåíèÿ â ðàáîòó;-;00;Êîíñóëüòèðîâàíèå;îáðàùåíèå;0;RUCH
ÎÑÖ Âîðîíåæ;Àðõèâ ¹1 Âîðîíåæ;NO 000 000 00 02;Ïîèñê äîãîâîðà âî ôðîíòàëüíîé ñèñòåìå;-;00;Êîíñóëüòèðîâàíèå;îáðàùåíèå;0;RUCH
ÎÑÖ Âîðîíåæ;Àðõèâ ¹1 Âîðîíåæ;NO 000 000 00 03;Çàïðîñ èíôîðìàöèè ó êëèåíòà;-;00;Êîíñóëüòèðîâàíèå;îáðàùåíèå;0;RUCH
ÎÑÖ Âîðîíåæ;Àðõèâ ¹1 Âîðîíåæ;NO 000 000 00 04;Îçíàêîìëåíèå ñ îòâåòîì êëèåíòà;-;00;Êîíñóëüòèðîâàíèå;îáðàùåíèå;0;RUCH
ÎÑÖ Âîðîíåæ;Àðõèâ ¹1 Âîðîíåæ;NO 000 000 00 05;Ïåðåíàçíà÷åíèå îáðàùåíèÿ;-;00;Êîíñóëüòèðîâàíèå;îáðàùåíèå;0;RUCH
ÎÑÖ Âîðîíåæ;Àðõèâ ¹1 Âîðîíåæ;NO 000 000 00 06;Ïîâòîðíàÿ âûãðóçêà çàïèñè äîãîâîðà èç ôðîíòàëüíîé ñèñòåìû;-;00;Êîíñóëüòèðîâàíèå;îáðàùåíèå;0;RUCH
ÎÑÖ Âîðîíåæ;Àðõèâ ¹3 Êàëèíèíãðàä;ZO 000 000 00 01;Çàêðûòèå îáðàùåíèÿ êëèåíòà;-;00;Êîíñóëüòèðîâàíèå;îáðàùåíèå;0;AUTO
ÎÑÖ Âîðîíåæ;Àðõèâ ¹3 Êàëèíèíãðàä;NO 000 000 00 01;Ïðèåì îáðàùåíèÿ â ðàáîòó;-;00;Êîíñóëüòèðîâàíèå;îáðàùåíèå;0;RUCH
ÎÑÖ Âîðîíåæ;Àðõèâ ¹3 Êàëèíèíãðàä;NO 000 000 00 02;Ïîèñê äîãîâîðà âî ôðîíòàëüíîé ñèñòåìå;-;00;Êîíñóëüòèðîâàíèå;îáðàùåíèå;0;RUCH
ÎÑÖ Âîðîíåæ;Àðõèâ ¹3 Êàëèíèíãðàä;NO 000 000 00 03;Çàïðîñ èíôîðìàöèè ó êëèåíòà;-;00;Êîíñóëüòèðîâàíèå;îáðàùåíèå;0;RUCH
ÎÑÖ Âîðîíåæ;Àðõèâ ¹3 Êàëèíèíãðàä;NO 000 000 00 04;Îçíàêîìëåíèå ñ îòâåòîì êëèåíòà;-;00;Êîíñóëüòèðîâàíèå;îáðàùåíèå;0;RUCH
ÎÑÖ Âîðîíåæ;Àðõèâ ¹3 Êàëèíèíãðàä;NO 000 000 00 05;Ïåðåíàçíà÷åíèå îáðàùåíèÿ;-;00;Êîíñóëüòèðîâàíèå;îáðàùåíèå;0;RUCH
ÎÑÖ Âîðîíåæ;Àðõèâ ¹3 Êàëèíèíãðàä;NO 000 000 00 06;Ïîâòîðíàÿ âûãðóçêà çàïèñè äîãîâîðà èç ôðîíòàëüíîé ñèñòåìû;-;00;Êîíñóëüòèðîâàíèå;îáðàùåíèå;0;RUCH
ÎÑÖ Âîðîíåæ;Àðõèâ ¹4 Ñàíêò-Ïåòåðáóðã;ZO 000 000 00 01;Çàêðûòèå îáðàùåíèÿ êëèåíòà;-;00;Êîíñóëüòèðîâàíèå;îáðàùåíèå;0;AUTO
ÎÑÖ Âîðîíåæ;Àðõèâ ¹4 Ñàíêò-Ïåòåðáóðã;NO 000 000 00 01;Ïðèåì îáðàùåíèÿ â ðàáîòó;-;00;Êîíñóëüòèðîâàíèå;îáðàùåíèå;0;RUCH
ÎÑÖ Âîðîíåæ;Àðõèâ ¹4 Ñàíêò-Ïåòåðáóðã;NO 000 000 00 02;Ïîèñê äîãîâîðà âî ôðîíòàëüíîé ñèñòåìå;-;00;Êîíñóëüòèðîâàíèå;îáðàùåíèå;0;RUCH
ÎÑÖ Âîðîíåæ;Àðõèâ ¹4 Ñàíêò-Ïåòåðáóðã;NO 000 000 00 03;Çàïðîñ èíôîðìàöèè ó êëèåíòà;-;00;Êîíñóëüòèðîâàíèå;îáðàùåíèå;0;RUCH
ÎÑÖ Âîðîíåæ;Àðõèâ ¹4 Ñàíêò-Ïåòåðáóðã;NO 000 000 00 04;Îçíàêîìëåíèå ñ îòâåòîì êëèåíòà;-;00;Êîíñóëüòèðîâàíèå;îáðàùåíèå;0;RUCH
ÎÑÖ Âîðîíåæ;Àðõèâ ¹4 Ñàíêò-Ïåòåðáóðã;NO 000 000 00 05;Ïåðåíàçíà÷åíèå îáðàùåíèÿ;-;00;Êîíñóëüòèðîâàíèå;îáðàùåíèå;0;RUCH
ÎÑÖ Âîðîíåæ;Àðõèâ ¹4 Ñàíêò-Ïåòåðáóðã;NO 000 000 00 06;Ïîâòîðíàÿ âûãðóçêà çàïèñè äîãîâîðà èç ôðîíòàëüíîé ñèñòåìû;-;00;Êîíñóëüòèðîâàíèå;îáðàùåíèå;0;RUCH
ÎÑÖ Ìîñêâà;Âíå ïîäðàçäåëåíèé;ZO 000 000 00 01;Çàêðûòèå îáðàùåíèÿ êëèåíòà;-;00;Êîíñóëüòèðîâàíèå;îáðàùåíèå;0;AUTO
ÎÑÖ Ìîñêâà;Âíå ïîäðàçäåëåíèé;NO 000 000 00 01;Ïðèåì îáðàùåíèÿ â ðàáîòó;-;00;Êîíñóëüòèðîâàíèå;îáðàùåíèå;0;RUCH
ÎÑÖ Ìîñêâà;Âíå ïîäðàçäåëåíèé;NO 000 000 00 02;Ïîèñê äîãîâîðà âî ôðîíòàëüíîé ñèñòåìå;-;00;Êîíñóëüòèðîâàíèå;îáðàùåíèå;0;RUCH
ÎÑÖ Ìîñêâà;Âíå ïîäðàçäåëåíèé;NO 000 000 00 03;Çàïðîñ èíôîðìàöèè ó êëèåíòà;-;00;Êîíñóëüòèðîâàíèå;îáðàùåíèå;0;RUCH
ÎÑÖ Ìîñêâà;Âíå ïîäðàçäåëåíèé;NO 000 000 00 04;Îçíàêîìëåíèå ñ îòâåòîì êëèåíòà;-;00;Êîíñóëüòèðîâàíèå;îáðàùåíèå;0;RUCH
ÎÑÖ Ìîñêâà;Âíå ïîäðàçäåëåíèé;NO 000 000 00 05;Ïåðåíàçíà÷åíèå îáðàùåíèÿ;-;00;Êîíñóëüòèðîâàíèå;îáðàùåíèå;0;RUCH
ÎÑÖ Ìîñêâà;Âíå ïîäðàçäåëåíèé;NO 000 000 00 06;Ïîâòîðíàÿ âûãðóçêà çàïèñè äîãîâîðà èç ôðîíòàëüíîé ñèñòåìû;-;00;Êîíñóëüòèðîâàíèå;îáðàùåíèå;0;RUCH
ÎÑÖ Ìîñêâà;Àðõèâ ¹1 Òîìèëèíî;ZO 000 000 00 01;Çàêðûòèå îáðàùåíèÿ êëèåíòà;-;00;Êîíñóëüòèðîâàíèå;îáðàùåíèå;0;AUTO
ÎÑÖ Ìîñêâà;Àðõèâ ¹1 Òîìèëèíî;NO 000 000 00 01;Ïðèåì îáðàùåíèÿ â ðàáîòó;-;00;Êîíñóëüòèðîâàíèå;îáðàùåíèå;0;RUCH
ÎÑÖ Ìîñêâà;Àðõèâ ¹1 Òîìèëèíî;NO 000 000 00 02;Ïîèñê äîãîâîðà âî ôðîíòàëüíîé ñèñòåìå;-;00;Êîíñóëüòèðîâàíèå;îáðàùåíèå;0;RUCH
ÎÑÖ Ìîñêâà;Àðõèâ ¹1 Òîìèëèíî;NO 000 000 00 03;Çàïðîñ èíôîðìàöèè ó êëèåíòà;-;00;Êîíñóëüòèðîâàíèå;îáðàùåíèå;0;RUCH
ÎÑÖ Ìîñêâà;Àðõèâ ¹1 Òîìèëèíî;NO 000 000 00 04;Îçíàêîìëåíèå ñ îòâåòîì êëèåíòà;-;00;Êîíñóëüòèðîâàíèå;îáðàùåíèå;0;RUCH
ÎÑÖ Ìîñêâà;Àðõèâ ¹1 Òîìèëèíî;NO 000 000 00 05;Ïåðåíàçíà÷åíèå îáðàùåíèÿ;-;00;Êîíñóëüòèðîâàíèå;îáðàùåíèå;0;RUCH
ÎÑÖ Ìîñêâà;Àðõèâ ¹1 Òîìèëèíî;NO 000 000 00 06;Ïîâòîðíàÿ âûãðóçêà çàïèñè äîãîâîðà èç ôðîíòàëüíîé ñèñòåìû;-;00;Êîíñóëüòèðîâàíèå;îáðàùåíèå;0;RUCH
ÎÑÖ Íèæíèé Íîâãîðîä;Âíå ïîäðàçäåëåíèé;ZO 000 000 00 01;Çàêðûòèå îáðàùåíèÿ êëèåíòà;-;00;Êîíñóëüòèðîâàíèå;îáðàùåíèå;0;AUTO
ÎÑÖ Íèæíèé Íîâãîðîä;Âíå ïîäðàçäåëåíèé;NO 000 000 00 01;Ïðèåì îáðàùåíèÿ â ðàáîòó;-;00;Êîíñóëüòèðîâàíèå;îáðàùåíèå;0;RUCH
ÎÑÖ Íèæíèé Íîâãîðîä;Âíå ïîäðàçäåëåíèé;NO 000 000 00 02;Ïîèñê äîãîâîðà âî ôðîíòàëüíîé ñèñòåìå;-;00;Êîíñóëüòèðîâàíèå;îáðàùåíèå;0;RUCH
ÎÑÖ Íèæíèé Íîâãîðîä;Âíå ïîäðàçäåëåíèé;NO 000 000 00 03;Çàïðîñ èíôîðìàöèè ó êëèåíòà;-;00;Êîíñóëüòèðîâàíèå;îáðàùåíèå;0;RUCH
ÎÑÖ Íèæíèé Íîâãîðîä;Âíå ïîäðàçäåëåíèé;NO 000 000 00 04;Îçíàêîìëåíèå ñ îòâåòîì êëèåíòà;-;00;Êîíñóëüòèðîâàíèå;îáðàùåíèå;0;RUCH
ÎÑÖ Íèæíèé Íîâãîðîä;Âíå ïîäðàçäåëåíèé;NO 000 000 00 05;Ïåðåíàçíà÷åíèå îáðàùåíèÿ;-;00;Êîíñóëüòèðîâàíèå;îáðàùåíèå;0;RUCH
ÎÑÖ Íèæíèé Íîâãîðîä;Âíå ïîäðàçäåëåíèé;NO 000 000 00 06;Ïîâòîðíàÿ âûãðóçêà çàïèñè äîãîâîðà èç ôðîíòàëüíîé ñèñòåìû;-;00;Êîíñóëüòèðîâàíèå;îáðàùåíèå;0;RUCH
ÎÑÖ Íèæíèé Íîâãîðîä;Àðõèâ ¹1 Íèæíèé Íîâãîðîä;ZO 000 000 00 01;Çàêðûòèå îáðàùåíèÿ êëèåíòà;-;00;Êîíñóëüòèðîâàíèå;îáðàùåíèå;75,567;AUTO
ÎÑÖ Íèæíèé Íîâãîðîä;Àðõèâ ¹1 Íèæíèé Íîâãîðîä;NO 000 000 00 01;Ïðèåì îáðàùåíèÿ â ðàáîòó;-;00;Êîíñóëüòèðîâàíèå;îáðàùåíèå;0;RUCH
ÎÑÖ Íèæíèé Íîâãîðîä;Àðõèâ ¹1 Íèæíèé Íîâãîðîä;NO 000 000 00 02;Ïîèñê äîãîâîðà âî ôðîíòàëüíîé ñèñòåìå;-;00;Êîíñóëüòèðîâàíèå;îáðàùåíèå;0;RUCH
ÎÑÖ Íèæíèé Íîâãîðîä;Àðõèâ ¹1 Íèæíèé Íîâãîðîä;NO 000 000 00 03;Çàïðîñ èíôîðìàöèè ó êëèåíòà;-;00;Êîíñóëüòèðîâàíèå;îáðàùåíèå;34,267;RUCH
ÎÑÖ Íèæíèé Íîâãîðîä;Àðõèâ ¹1 Íèæíèé Íîâãîðîä;NO 000 000 00 04;Îçíàêîìëåíèå ñ îòâåòîì êëèåíòà;-;00;Êîíñóëüòèðîâàíèå;îáðàùåíèå;0;RUCH
ÎÑÖ Íèæíèé Íîâãîðîä;Àðõèâ ¹1 Íèæíèé Íîâãîðîä;NO 000 000 00 05;Ïåðåíàçíà÷åíèå îáðàùåíèÿ;-;00;Êîíñóëüòèðîâàíèå;îáðàùåíèå;0;RUCH
ÎÑÖ Íèæíèé Íîâãîðîä;Àðõèâ ¹1 Íèæíèé Íîâãîðîä;NO 000 000 00 06;Ïîâòîðíàÿ âûãðóçêà çàïèñè äîãîâîðà èç ôðîíòàëüíîé ñèñòåìû;-;00;Êîíñóëüòèðîâàíèå;îáðàùåíèå;0;RUCH
ÎÑÖ Íîâîñèáèðñê;Âíå ïîäðàçäåëåíèé;ZO 000 000 00 01;Çàêðûòèå îáðàùåíèÿ êëèåíòà;-;00;Êîíñóëüòèðîâàíèå;îáðàùåíèå;0;AUTO
ÎÑÖ Íîâîñèáèðñê;Âíå ïîäðàçäåëåíèé;NO 000 000 00 01;Ïðèåì îáðàùåíèÿ â ðàáîòó;-;00;Êîíñóëüòèðîâàíèå;îáðàùåíèå;0;RUCH
ÎÑÖ Íîâîñèáèðñê;Âíå ïîäðàçäåëåíèé;NO 000 000 00 02;Ïîèñê äîãîâîðà âî ôðîíòàëüíîé ñèñòåìå;-;00;Êîíñóëüòèðîâàíèå;îáðàùåíèå;0;RUCH
ÎÑÖ Íîâîñèáèðñê;Âíå ïîäðàçäåëåíèé;NO 000 000 00 03;Çàïðîñ èíôîðìàöèè ó êëèåíòà;-;00;Êîíñóëüòèðîâàíèå;îáðàùåíèå;0;RUCH
ÎÑÖ Íîâîñèáèðñê;Âíå ïîäðàçäåëåíèé;NO 000 000 00 04;Îçíàêîìëåíèå ñ îòâåòîì êëèåíòà;-;00;Êîíñóëüòèðîâàíèå;îáðàùåíèå;0;RUCH
ÎÑÖ Íîâîñèáèðñê;Âíå ïîäðàçäåëåíèé;NO 000 000 00 05;Ïåðåíàçíà÷åíèå îáðàùåíèÿ;-;00;Êîíñóëüòèðîâàíèå;îáðàùåíèå;0;RUCH
ÎÑÖ Íîâîñèáèðñê;Âíå ïîäðàçäåëåíèé;NO 000 000 00 06;Ïîâòîðíàÿ âûãðóçêà çàïèñè äîãîâîðà èç ôðîíòàëüíîé ñèñòåìû;-;00;Êîíñóëüòèðîâàíèå;îáðàùåíèå;0;RUCH
ÎÑÖ Íîâîñèáèðñê;Àðõèâ ¹1 Íîâîñèáèðñê;ZO 000 000 00 01;Çàêðûòèå îáðàùåíèÿ êëèåíòà;-;00;Êîíñóëüòèðîâàíèå;îáðàùåíèå;0;AUTO
ÎÑÖ Íîâîñèáèðñê;Àðõèâ ¹1 Íîâîñèáèðñê;NO 000 000 00 01;Ïðèåì îáðàùåíèÿ â ðàáîòó;-;00;Êîíñóëüòèðîâàíèå;îáðàùåíèå;0;RUCH
ÎÑÖ Íîâîñèáèðñê;Àðõèâ ¹1 Íîâîñèáèðñê;NO 000 000 00 02;Ïîèñê äîãîâîðà âî ôðîíòàëüíîé ñèñòåìå;-;00;Êîíñóëüòèðîâàíèå;îáðàùåíèå;0;RUCH
ÎÑÖ Íîâîñèáèðñê;Àðõèâ ¹1 Íîâîñèáèðñê;NO 000 000 00 03;Çàïðîñ èíôîðìàöèè ó êëèåíòà;-;00;Êîíñóëüòèðîâàíèå;îáðàùåíèå;0;RUCH
ÎÑÖ Íîâîñèáèðñê;Àðõèâ ¹1 Íîâîñèáèðñê;NO 000 000 00 04;Îçíàêîìëåíèå ñ îòâåòîì êëèåíòà;-;00;Êîíñóëüòèðîâàíèå;îáðàùåíèå;0;RUCH
ÎÑÖ Íîâîñèáèðñê;Àðõèâ ¹1 Íîâîñèáèðñê;NO 000 000 00 05;Ïåðåíàçíà÷åíèå îáðàùåíèÿ;-;00;Êîíñóëüòèðîâàíèå;îáðàùåíèå;0;RUCH
ÎÑÖ Íîâîñèáèðñê;Àðõèâ ¹1 Íîâîñèáèðñê;NO 000 000 00 06;Ïîâòîðíàÿ âûãðóçêà çàïèñè äîãîâîðà èç ôðîíòàëüíîé ñèñòåìû;-;00;Êîíñóëüòèðîâàíèå;îáðàùåíèå;0;RUCH
ÎÑÖ Íîâîñèáèðñê;Àðõèâ ¹3 Åêàòåðèíáóðã;ZO 000 000 00 01;Çàêðûòèå îáðàùåíèÿ êëèåíòà;-;00;Êîíñóëüòèðîâàíèå;îáðàùåíèå;0;AUTO
ÎÑÖ Íîâîñèáèðñê;Àðõèâ ¹3 Åêàòåðèíáóðã;NO 000 000 00 01;Ïðèåì îáðàùåíèÿ â ðàáîòó;-;00;Êîíñóëüòèðîâàíèå;îáðàùåíèå;0;RUCH
ÎÑÖ Íîâîñèáèðñê;Àðõèâ ¹3 Åêàòåðèíáóðã;NO 000 000 00 02;Ïîèñê äîãîâîðà âî ôðîíòàëüíîé ñèñòåìå;-;00;Êîíñóëüòèðîâàíèå;îáðàùåíèå;0;RUCH
ÎÑÖ Íîâîñèáèðñê;Àðõèâ ¹3 Åêàòåðèíáóðã;NO 000 000 00 03;Çàïðîñ èíôîðìàöèè ó êëèåíòà;-;00;Êîíñóëüòèðîâàíèå;îáðàùåíèå;0;RUCH
ÎÑÖ Íîâîñèáèðñê;Àðõèâ ¹3 Åêàòåðèíáóðã;NO 000 000 00 04;Îçíàêîìëåíèå ñ îòâåòîì êëèåíòà;-;00;Êîíñóëüòèðîâàíèå;îáðàùåíèå;0;RUCH
ÎÑÖ Íîâîñèáèðñê;Àðõèâ ¹3 Åêàòåðèíáóðã;NO 000 000 00 05;Ïåðåíàçíà÷åíèå îáðàùåíèÿ;-;00;Êîíñóëüòèðîâàíèå;îáðàùåíèå;0;RUCH
ÎÑÖ Íîâîñèáèðñê;Àðõèâ ¹3 Åêàòåðèíáóðã;NO 000 000 00 06;Ïîâòîðíàÿ âûãðóçêà çàïèñè äîãîâîðà èç ôðîíòàëüíîé ñèñòåìû;-;00;Êîíñóëüòèðîâàíèå;îáðàùåíèå;0;RUCH
ÎÑÖ Ñàìàðà;Âíå ïîäðàçäåëåíèé;ZO 000 000 00 01;Çàêðûòèå îáðàùåíèÿ êëèåíòà;-;00;Êîíñóëüòèðîâàíèå;îáðàùåíèå;0;AUTO
ÎÑÖ Ñàìàðà;Âíå ïîäðàçäåëåíèé;NO 000 000 00 01;Ïðèåì îáðàùåíèÿ â ðàáîòó;-;00;Êîíñóëüòèðîâàíèå;îáðàùåíèå;0;RUCH
ÎÑÖ Ñàìàðà;Âíå ïîäðàçäåëåíèé;NO 000 000 00 02;Ïîèñê äîãîâîðà âî ôðîíòàëüíîé ñèñòåìå;-;00;Êîíñóëüòèðîâàíèå;îáðàùåíèå;0;RUCH
ÎÑÖ Ñàìàðà;Âíå ïîäðàçäåëåíèé;NO 000 000 00 03;Çàïðîñ èíôîðìàöèè ó êëèåíòà;-;00;Êîíñóëüòèðîâàíèå;îáðàùåíèå;0;RUCH
ÎÑÖ Ñàìàðà;Âíå ïîäðàçäåëåíèé;NO 000 000 00 04;Îçíàêîìëåíèå ñ îòâåòîì êëèåíòà;-;00;Êîíñóëüòèðîâàíèå;îáðàùåíèå;0;RUCH
ÎÑÖ Ñàìàðà;Âíå ïîäðàçäåëåíèé;NO 000 000 00 05;Ïåðåíàçíà÷åíèå îáðàùåíèÿ;-;00;Êîíñóëüòèðîâàíèå;îáðàùåíèå;0;RUCH
ÎÑÖ Ñàìàðà;Âíå ïîäðàçäåëåíèé;NO 000 000 00 06;Ïîâòîðíàÿ âûãðóçêà çàïèñè äîãîâîðà èç ôðîíòàëüíîé ñèñòåìû;-;00;Êîíñóëüòèðîâàíèå;îáðàùåíèå;0;RUCH
ÎÑÖ Ñàìàðà;Àðõèâ ¹1 Ñàìàðà;ZO 000 000 00 01;Çàêðûòèå îáðàùåíèÿ êëèåíòà;-;00;Êîíñóëüòèðîâàíèå;îáðàùåíèå;0;AUTO
ÎÑÖ Ñàìàðà;Àðõèâ ¹1 Ñàìàðà;NO 000 000 00 01;Ïðèåì îáðàùåíèÿ â ðàáîòó;-;00;Êîíñóëüòèðîâàíèå;îáðàùåíèå;0;RUCH
ÎÑÖ Ñàìàðà;Àðõèâ ¹1 Ñàìàðà;NO 000 000 00 02;Ïîèñê äîãîâîðà âî ôðîíòàëüíîé ñèñòåìå;-;00;Êîíñóëüòèðîâàíèå;îáðàùåíèå;0;RUCH
ÎÑÖ Ñàìàðà;Àðõèâ ¹1 Ñàìàðà;NO 000 000 00 03;Çàïðîñ èíôîðìàöèè ó êëèåíòà;-;00;Êîíñóëüòèðîâàíèå;îáðàùåíèå;0;RUCH
ÎÑÖ Ñàìàðà;Àðõèâ ¹1 Ñàìàðà;NO 000 000 00 04;Îçíàêîìëåíèå ñ îòâåòîì êëèåíòà;-;00;Êîíñóëüòèðîâàíèå;îáðàùåíèå;0;RUCH
ÎÑÖ Ñàìàðà;Àðõèâ ¹1 Ñàìàðà;NO 000 000 00 05;Ïåðåíàçíà÷åíèå îáðàùåíèÿ;-;00;Êîíñóëüòèðîâàíèå;îáðàùåíèå;0;RUCH
ÎÑÖ Ñàìàðà;Àðõèâ ¹1 Ñàìàðà;NO 000 000 00 06;Ïîâòîðíàÿ âûãðóçêà çàïèñè äîãîâîðà èç ôðîíòàëüíîé ñèñòåìû;-;00;Êîíñóëüòèðîâàíèå;îáðàùåíèå;0;RUCH
ÎÑÖ Âîðîíåæ;Âíå ïîäðàçäåëåíèé;KS 021 000 00 00;Èíôîðìèðîâàíèå âíóòðåííåãî êëèåíòà â îòêàçå îò êîíñóëüòàöèè ñîòðóäíèêîâ ÂÑÏ;-;00;ÑÏÀÑ;;0;AUTO
ÎÑÖ Âîðîíåæ;Àðõèâ ¹1 Âîðîíåæ;KS 021 000 00 00;Èíôîðìèðîâàíèå âíóòðåííåãî êëèåíòà â îòêàçå îò êîíñóëüòàöèè ñîòðóäíèêîâ ÂÑÏ;-;00;ÑÏÀÑ;;0;AUTO
ÎÑÖ Âîðîíåæ;Àðõèâ ¹3 Êàëèíèíãðàä;KS 021 000 00 00;Èíôîðìèðîâàíèå âíóòðåííåãî êëèåíòà â îòêàçå îò êîíñóëüòàöèè ñîòðóäíèêîâ ÂÑÏ;-;00;ÑÏÀÑ;;0;AUTO
ÎÑÖ Âîðîíåæ;Àðõèâ ¹4 Ñàíêò-Ïåòåðáóðã;KS 021 000 00 00;Èíôîðìèðîâàíèå âíóòðåííåãî êëèåíòà â îòêàçå îò êîíñóëüòàöèè ñîòðóäíèêîâ ÂÑÏ;-;00;ÑÏÀÑ;;0;AUTO
ÎÑÖ Ìîñêâà;Âíå ïîäðàçäåëåíèé;KS 021 000 00 00;Èíôîðìèðîâàíèå âíóòðåííåãî êëèåíòà â îòêàçå îò êîíñóëüòàöèè ñîòðóäíèêîâ ÂÑÏ;-;00;ÑÏÀÑ;;0;AUTO
ÎÑÖ Ìîñêâà;Àðõèâ ¹1 Òîìèëèíî;KS 021 000 00 00;Èíôîðìèðîâàíèå âíóòðåííåãî êëèåíòà â îòêàçå îò êîíñóëüòàöèè ñîòðóäíèêîâ ÂÑÏ;-;00;ÑÏÀÑ;;0;AUTO
ÎÑÖ Íèæíèé Íîâãîðîä;Âíå ïîäðàçäåëåíèé;KS 021 000 00 00;Èíôîðìèðîâàíèå âíóòðåííåãî êëèåíòà â îòêàçå îò êîíñóëüòàöèè ñîòðóäíèêîâ ÂÑÏ;-;00;ÑÏÀÑ;;0;AUTO
ÎÑÖ Íèæíèé Íîâãîðîä;Àðõèâ ¹1 Íèæíèé Íîâãîðîä;KS 021 000 00 00;Èíôîðìèðîâàíèå âíóòðåííåãî êëèåíòà â îòêàçå îò êîíñóëüòàöèè ñîòðóäíèêîâ ÂÑÏ;-;00;ÑÏÀÑ;;43,6;AUTO
ÎÑÖ Íîâîñèáèðñê;Âíå ïîäðàçäåëåíèé;KS 021 000 00 00;Èíôîðìèðîâàíèå âíóòðåííåãî êëèåíòà â îòêàçå îò êîíñóëüòàöèè ñîòðóäíèêîâ ÂÑÏ;-;00;ÑÏÀÑ;;0;AUTO
ÎÑÖ Íîâîñèáèðñê;Àðõèâ ¹1 Íîâîñèáèðñê;KS 021 000 00 00;Èíôîðìèðîâàíèå âíóòðåííåãî êëèåíòà â îòêàçå îò êîíñóëüòàöèè ñîòðóäíèêîâ ÂÑÏ;-;00;ÑÏÀÑ;;0;AUTO
ÎÑÖ Íîâîñèáèðñê;Àðõèâ ¹3 Åêàòåðèíáóðã;KS 021 000 00 00;Èíôîðìèðîâàíèå âíóòðåííåãî êëèåíòà â îòêàçå îò êîíñóëüòàöèè ñîòðóäíèêîâ ÂÑÏ;-;00;ÑÏÀÑ;;0;AUTO
ÎÑÖ Ñàìàðà;Âíå ïîäðàçäåëåíèé;KS 021 000 00 00;Èíôîðìèðîâàíèå âíóòðåííåãî êëèåíòà â îòêàçå îò êîíñóëüòàöèè ñîòðóäíèêîâ ÂÑÏ;-;00;ÑÏÀÑ;;0;AUTO
ÎÑÖ Ñàìàðà;Àðõèâ ¹1 Ñàìàðà;KS 021 000 00 00;Èíôîðìèðîâàíèå âíóòðåííåãî êëèåíòà â îòêàçå îò êîíñóëüòàöèè ñîòðóäíèêîâ ÂÑÏ;-;00;ÑÏÀÑ;;0;AUTO
ÎÑÖ Âîðîíåæ;Âíå ïîäðàçäåëåíèé;SZ 186 000 00 00;Óòî÷íåíèå äàííûõ ïî çàÿâêàì ÀÑ ÖÀÐÑ ó ÂÊ/ñîòðóäíèêîâ àðõèâîâ äðóãèõ òåððèòîðèé;-;00;Çàïðîñû;ñîîáùåíèå;0;RUCH
ÎÑÖ Âîðîíåæ;Àðõèâ ¹1 Âîðîíåæ;SZ 186 000 00 00;Óòî÷íåíèå äàííûõ ïî çàÿâêàì ÀÑ ÖÀÐÑ ó ÂÊ/ñîòðóäíèêîâ àðõèâîâ äðóãèõ òåððèòîðèé;-;00;Çàïðîñû;ñîîáùåíèå;120;RUCH
ÎÑÖ Âîðîíåæ;Àðõèâ ¹3 Êàëèíèíãðàä;SZ 186 000 00 00;Óòî÷íåíèå äàííûõ ïî çàÿâêàì ÀÑ ÖÀÐÑ ó ÂÊ/ñîòðóäíèêîâ àðõèâîâ äðóãèõ òåððèòîðèé;-;00;Çàïðîñû;ñîîáùåíèå;120;RUCH
ÎÑÖ Âîðîíåæ;Àðõèâ ¹4 Ñàíêò-Ïåòåðáóðã;SZ 186 000 00 00;Óòî÷íåíèå äàííûõ ïî çàÿâêàì ÀÑ ÖÀÐÑ ó ÂÊ/ñîòðóäíèêîâ àðõèâîâ äðóãèõ òåððèòîðèé;-;00;Çàïðîñû;ñîîáùåíèå;120;RUCH
ÎÑÖ Ìîñêâà;Âíå ïîäðàçäåëåíèé;SZ 186 000 00 00;Óòî÷íåíèå äàííûõ ïî çàÿâêàì ÀÑ ÖÀÐÑ ó ÂÊ/ñîòðóäíèêîâ àðõèâîâ äðóãèõ òåððèòîðèé;-;00;Çàïðîñû;ñîîáùåíèå;0;RUCH
ÎÑÖ Ìîñêâà;Àðõèâ ¹1 Òîìèëèíî;SZ 186 000 00 00;Óòî÷íåíèå äàííûõ ïî çàÿâêàì ÀÑ ÖÀÐÑ ó ÂÊ/ñîòðóäíèêîâ àðõèâîâ äðóãèõ òåððèòîðèé;-;00;Çàïðîñû;ñîîáùåíèå;90;RUCH
ÎÑÖ Íèæíèé Íîâãîðîä;Âíå ïîäðàçäåëåíèé;SZ 186 000 00 00;Óòî÷íåíèå äàííûõ ïî çàÿâêàì ÀÑ ÖÀÐÑ ó ÂÊ/ñîòðóäíèêîâ àðõèâîâ äðóãèõ òåððèòîðèé;-;00;Çàïðîñû;ñîîáùåíèå;0;RUCH
ÎÑÖ Íèæíèé Íîâãîðîä;Àðõèâ ¹1 Íèæíèé Íîâãîðîä;SZ 186 000 00 00;Óòî÷íåíèå äàííûõ ïî çàÿâêàì ÀÑ ÖÀÐÑ ó ÂÊ/ñîòðóäíèêîâ àðõèâîâ äðóãèõ òåððèòîðèé;-;00;Çàïðîñû;ñîîáùåíèå;90;RUCH
ÎÑÖ Íîâîñèáèðñê;Âíå ïîäðàçäåëåíèé;SZ 186 000 00 00;Óòî÷íåíèå äàííûõ ïî çàÿâêàì ÀÑ ÖÀÐÑ ó ÂÊ/ñîòðóäíèêîâ àðõèâîâ äðóãèõ òåððèòîðèé;-;00;Çàïðîñû;ñîîáùåíèå;0;RUCH
ÎÑÖ Íîâîñèáèðñê;Àðõèâ ¹1 Íîâîñèáèðñê;SZ 186 000 00 00;Óòî÷íåíèå äàííûõ ïî çàÿâêàì ÀÑ ÖÀÐÑ ó ÂÊ/ñîòðóäíèêîâ àðõèâîâ äðóãèõ òåððèòîðèé;-;00;Çàïðîñû;ñîîáùåíèå;90;RUCH
ÎÑÖ Íîâîñèáèðñê;Àðõèâ ¹3 Åêàòåðèíáóðã;SZ 186 000 00 00;Óòî÷íåíèå äàííûõ ïî çàÿâêàì ÀÑ ÖÀÐÑ ó ÂÊ/ñîòðóäíèêîâ àðõèâîâ äðóãèõ òåððèòîðèé;-;00;Çàïðîñû;ñîîáùåíèå;90;RUCH
ÎÑÖ Ñàìàðà;Âíå ïîäðàçäåëåíèé;SZ 186 000 00 00;Óòî÷íåíèå äàííûõ ïî çàÿâêàì ÀÑ ÖÀÐÑ ó ÂÊ/ñîòðóäíèêîâ àðõèâîâ äðóãèõ òåððèòîðèé;-;00;Çàïðîñû;ñîîáùåíèå;0;RUCH
ÎÑÖ Ñàìàðà;Àðõèâ ¹1 Ñàìàðà;SZ 186 000 00 00;Óòî÷íåíèå äàííûõ ïî çàÿâêàì ÀÑ ÖÀÐÑ ó ÂÊ/ñîòðóäíèêîâ àðõèâîâ äðóãèõ òåððèòîðèé;-;00;Çàïðîñû;ñîîáùåíèå;90;RUCH
ÎÑÖ Âîðîíåæ;Àðõèâ ¹1 Âîðîíåæ;IZ 004 000 00 00;Îïåðàöèè ïî âûäà÷å îðèãèíàëîâ äîêóìåíòîâ  (ØÊ) çàêàç÷èêó - ÖÀÐÑ;-;00;Çàïðîñû;;121;AUTO
ÎÑÖ Âîðîíåæ;Àðõèâ ¹3 Êàëèíèíãðàä;IZ 004 000 00 00;Îïåðàöèè ïî âûäà÷å îðèãèíàëîâ äîêóìåíòîâ  (ØÊ) çàêàç÷èêó - ÖÀÐÑ;-;00;Çàïðîñû;;125,344;AUTO
ÎÑÖ Âîðîíåæ;Àðõèâ ¹4 Ñàíêò-Ïåòåðáóðã;IZ 004 000 00 00;Îïåðàöèè ïî âûäà÷å îðèãèíàëîâ äîêóìåíòîâ  (ØÊ) çàêàç÷èêó - ÖÀÐÑ;-;00;Çàïðîñû;;141,497;AUTO
ÎÑÖ Ìîñêâà;Àðõèâ ¹1 Òîìèëèíî;IZ 004 000 00 00;Îïåðàöèè ïî âûäà÷å îðèãèíàëîâ äîêóìåíòîâ  (ØÊ) çàêàç÷èêó - ÖÀÐÑ;-;00;Çàïðîñû;;115,033;AUTO
ÎÑÖ Íèæíèé Íîâãîðîä;Àðõèâ ¹1 Íèæíèé Íîâãîðîä;IZ 004 000 00 00;Îïåðàöèè ïî âûäà÷å îðèãèíàëîâ äîêóìåíòîâ  (ØÊ) çàêàç÷èêó - ÖÀÐÑ;-;00;Çàïðîñû;;100,485;AUTO
ÎÑÖ Íîâîñèáèðñê;Àðõèâ ¹1 Íîâîñèáèðñê;IZ 004 000 00 00;Îïåðàöèè ïî âûäà÷å îðèãèíàëîâ äîêóìåíòîâ  (ØÊ) çàêàç÷èêó - ÖÀÐÑ;-;00;Çàïðîñû;;141,3;AUTO
ÎÑÖ Íîâîñèáèðñê;Àðõèâ ¹3 Åêàòåðèíáóðã;IZ 004 000 00 00;Îïåðàöèè ïî âûäà÷å îðèãèíàëîâ äîêóìåíòîâ  (ØÊ) çàêàç÷èêó - ÖÀÐÑ;-;00;Çàïðîñû;;139,474;AUTO
ÎÑÖ Ñàìàðà;Àðõèâ ¹1 Ñàìàðà;IZ 004 000 00 00;Îïåðàöèè ïî âûäà÷å îðèãèíàëîâ äîêóìåíòîâ  (ØÊ) çàêàç÷èêó - ÖÀÐÑ;-;00;Çàïðîñû;;115;AUTO
ÎÑÖ Âîðîíåæ;Àðõèâ ¹1 Âîðîíåæ;PZ 001 001 00 00;Çàêðûòèå çàÿâêè íà óíè÷òîæåíèå (ñîçäàíèå ZD íà âûäà÷ó);-;00;Çàïðîñû;ØÊ;4,463;AUTO
ÎÑÖ Âîðîíåæ;Àðõèâ ¹3 Êàëèíèíãðàä;PZ 001 001 00 00;Çàêðûòèå çàÿâêè íà óíè÷òîæåíèå (ñîçäàíèå ZD íà âûäà÷ó);-;00;Çàïðîñû;ØÊ;5,184;AUTO
ÎÑÖ Âîðîíåæ;Àðõèâ ¹4 Ñàíêò-Ïåòåðáóðã;PZ 001 001 00 00;Çàêðûòèå çàÿâêè íà óíè÷òîæåíèå (ñîçäàíèå ZD íà âûäà÷ó);-;00;Çàïðîñû;ØÊ;5,294;AUTO
ÎÑÖ Ìîñêâà;Àðõèâ ¹1 Òîìèëèíî;PZ 001 001 00 00;Çàêðûòèå çàÿâêè íà óíè÷òîæåíèå (ñîçäàíèå ZD íà âûäà÷ó);-;00;Çàïðîñû;ØÊ;5;AUTO
ÎÑÖ Íèæíèé Íîâãîðîä;Àðõèâ ¹1 Íèæíèé Íîâãîðîä;PZ 001 001 00 00;Çàêðûòèå çàÿâêè íà óíè÷òîæåíèå (ñîçäàíèå ZD íà âûäà÷ó);-;00;Çàïðîñû;ØÊ;4,01;AUTO
ÎÑÖ Íîâîñèáèðñê;Àðõèâ ¹1 Íîâîñèáèðñê;PZ 001 001 00 00;Çàêðûòèå çàÿâêè íà óíè÷òîæåíèå (ñîçäàíèå ZD íà âûäà÷ó);-;00;Çàïðîñû;ØÊ;5,128;AUTO
ÎÑÖ Íîâîñèáèðñê;Àðõèâ ¹3 Åêàòåðèíáóðã;PZ 001 001 00 00;Çàêðûòèå çàÿâêè íà óíè÷òîæåíèå (ñîçäàíèå ZD íà âûäà÷ó);-;00;Çàïðîñû;ØÊ;5,6;AUTO
ÎÑÖ Ñàìàðà;Àðõèâ ¹1 Ñàìàðà;PZ 001 001 00 00;Çàêðûòèå çàÿâêè íà óíè÷òîæåíèå (ñîçäàíèå ZD íà âûäà÷ó);-;00;Çàïðîñû;ØÊ;5,893;AUTO
ÎÑÖ Âîðîíåæ;Âíå ïîäðàçäåëåíèé;BX 0089 000 00 01;Èçúÿòèå äîêóìåíòà èç îïèñè ïðè âûäà÷å îðèãèíàëîâ ÀÑ ÖÀÐÑ;-;00;Çàïðîñû;ØÊ;0;AUTO
ÎÑÖ Âîðîíåæ;Àðõèâ ¹1 Âîðîíåæ;BX 0089 000 00 01;Èçúÿòèå äîêóìåíòà èç îïèñè ïðè âûäà÷å îðèãèíàëîâ ÀÑ ÖÀÐÑ;-;00;Çàïðîñû;ØÊ;124;AUTO
ÎÑÖ Âîðîíåæ;Àðõèâ ¹3 Êàëèíèíãðàä;BX 0089 000 00 01;Èçúÿòèå äîêóìåíòà èç îïèñè ïðè âûäà÷å îðèãèíàëîâ ÀÑ ÖÀÐÑ;-;00;Çàïðîñû;ØÊ;124,833;AUTO
ÎÑÖ Âîðîíåæ;Àðõèâ ¹4 Ñàíêò-Ïåòåðáóðã;BX 0089 000 00 01;Èçúÿòèå äîêóìåíòà èç îïèñè ïðè âûäà÷å îðèãèíàëîâ ÀÑ ÖÀÐÑ;-;00;Çàïðîñû;ØÊ;80,489;AUTO
ÎÑÖ Ìîñêâà;Àðõèâ ¹1 Òîìèëèíî;BX 0089 000 00 01;Èçúÿòèå äîêóìåíòà èç îïèñè ïðè âûäà÷å îðèãèíàëîâ ÀÑ ÖÀÐÑ;-;00;Çàïðîñû;ØÊ;120,041;AUTO
ÎÑÖ Íèæíèé Íîâãîðîä;Àðõèâ ¹1 Íèæíèé Íîâãîðîä;BX 0089 000 00 01;Èçúÿòèå äîêóìåíòà èç îïèñè ïðè âûäà÷å îðèãèíàëîâ ÀÑ ÖÀÐÑ;-;00;Çàïðîñû;ØÊ;65,772;AUTO
ÎÑÖ Íîâîñèáèðñê;Àðõèâ ¹1 Íîâîñèáèðñê;BX 0089 000 00 01;Èçúÿòèå äîêóìåíòà èç îïèñè ïðè âûäà÷å îðèãèíàëîâ ÀÑ ÖÀÐÑ;-;00;Çàïðîñû;ØÊ;122,054;AUTO
ÎÑÖ Íîâîñèáèðñê;Àðõèâ ¹3 Åêàòåðèíáóðã;BX 0089 000 00 01;Èçúÿòèå äîêóìåíòà èç îïèñè ïðè âûäà÷å îðèãèíàëîâ ÀÑ ÖÀÐÑ;-;00;Çàïðîñû;ØÊ;118,8;AUTO
ÎÑÖ Ñàìàðà;Àðõèâ ¹1 Ñàìàðà;BX 0089 000 00 01;Èçúÿòèå äîêóìåíòà èç îïèñè ïðè âûäà÷å îðèãèíàëîâ ÀÑ ÖÀÐÑ;-;00;Çàïðîñû;ØÊ;126,743;AUTO
ÎÑÖ Âîðîíåæ;Âíå ïîäðàçäåëåíèé;PZ 002 000 00 00;Ñîçäàíèå çàÿâêè íà óíè÷òîæåíèå âðó÷íóþ;-;00;Çàïðîñû;ØÊ;0;AUTO
ÎÑÖ Âîðîíåæ;Àðõèâ ¹1 Âîðîíåæ;PZ 002 000 00 00;Ñîçäàíèå çàÿâêè íà óíè÷òîæåíèå âðó÷íóþ;-;00;Çàïðîñû;ØÊ;12,653;AUTO
ÎÑÖ Âîðîíåæ;Àðõèâ ¹3 Êàëèíèíãðàä;PZ 002 000 00 00;Ñîçäàíèå çàÿâêè íà óíè÷òîæåíèå âðó÷íóþ;-;00;Çàïðîñû;ØÊ;10,105;AUTO
ÎÑÖ Âîðîíåæ;Àðõèâ ¹4 Ñàíêò-Ïåòåðáóðã;PZ 002 000 00 00;Ñîçäàíèå çàÿâêè íà óíè÷òîæåíèå âðó÷íóþ;-;00;Çàïðîñû;ØÊ;8,264;AUTO
ÎÑÖ Ìîñêâà;Âíå ïîäðàçäåëåíèé;PZ 002 000 00 00;Ñîçäàíèå çàÿâêè íà óíè÷òîæåíèå âðó÷íóþ;-;00;Çàïðîñû;ØÊ;0;AUTO
ÎÑÖ Ìîñêâà;Àðõèâ ¹1 Òîìèëèíî;PZ 002 000 00 00;Ñîçäàíèå çàÿâêè íà óíè÷òîæåíèå âðó÷íóþ;-;00;Çàïðîñû;ØÊ;13,045;AUTO
ÎÑÖ Íèæíèé Íîâãîðîä;Âíå ïîäðàçäåëåíèé;PZ 002 000 00 00;Ñîçäàíèå çàÿâêè íà óíè÷òîæåíèå âðó÷íóþ;-;00;Çàïðîñû;ØÊ;0;AUTO
ÎÑÖ Íèæíèé Íîâãîðîä;Àðõèâ ¹1 Íèæíèé Íîâãîðîä;PZ 002 000 00 00;Ñîçäàíèå çàÿâêè íà óíè÷òîæåíèå âðó÷íóþ;-;00;Çàïðîñû;ØÊ;12;AUTO
ÎÑÖ Íîâîñèáèðñê;Âíå ïîäðàçäåëåíèé;PZ 002 000 00 00;Ñîçäàíèå çàÿâêè íà óíè÷òîæåíèå âðó÷íóþ;-;00;Çàïðîñû;ØÊ;0;AUTO
ÎÑÖ Íîâîñèáèðñê;Àðõèâ ¹1 Íîâîñèáèðñê;PZ 002 000 00 00;Ñîçäàíèå çàÿâêè íà óíè÷òîæåíèå âðó÷íóþ;-;00;Çàïðîñû;ØÊ;13,8;AUTO
ÎÑÖ Íîâîñèáèðñê;Àðõèâ ¹3 Åêàòåðèíáóðã;PZ 002 000 00 00;Ñîçäàíèå çàÿâêè íà óíè÷òîæåíèå âðó÷íóþ;-;00;Çàïðîñû;ØÊ;13,617;AUTO
ÎÑÖ Ñàìàðà;Âíå ïîäðàçäåëåíèé;PZ 002 000 00 00;Ñîçäàíèå çàÿâêè íà óíè÷òîæåíèå âðó÷íóþ;-;00;Çàïðîñû;ØÊ;0;AUTO
ÎÑÖ Ñàìàðà;Àðõèâ ¹1 Ñàìàðà;PZ 002 000 00 00;Ñîçäàíèå çàÿâêè íà óíè÷òîæåíèå âðó÷íóþ;-;00;Çàïðîñû;ØÊ;10,651;AUTO
ÎÑÖ Âîðîíåæ;Âíå ïîäðàçäåëåíèé;SZ 188 000 00 00;Ïåðåíîñ ñðîêîâ èñïîëíåíèÿ çàïðîñîâ â ÀÑ ÖÀÐÑ;-;00;Çàïðîñû;çàÿâêà;0;RUCH
ÎÑÖ Âîðîíåæ;Àðõèâ ¹1 Âîðîíåæ;SZ 188 000 00 00;Ïåðåíîñ ñðîêîâ èñïîëíåíèÿ çàïðîñîâ â ÀÑ ÖÀÐÑ;-;00;Çàïðîñû;çàÿâêà;16,5;RUCH
ÎÑÖ Âîðîíåæ;Àðõèâ ¹3 Êàëèíèíãðàä;SZ 188 000 00 00;Ïåðåíîñ ñðîêîâ èñïîëíåíèÿ çàïðîñîâ â ÀÑ ÖÀÐÑ;-;00;Çàïðîñû;çàÿâêà;19,776;RUCH
ÎÑÖ Âîðîíåæ;Àðõèâ ¹4 Ñàíêò-Ïåòåðáóðã;SZ 188 000 00 00;Ïåðåíîñ ñðîêîâ èñïîëíåíèÿ çàïðîñîâ â ÀÑ ÖÀÐÑ;-;00;Çàïðîñû;çàÿâêà;19,255;RUCH
ÎÑÖ Ìîñêâà;Âíå ïîäðàçäåëåíèé;SZ 188 000 00 00;Ïåðåíîñ ñðîêîâ èñïîëíåíèÿ çàïðîñîâ â ÀÑ ÖÀÐÑ;-;00;Çàïðîñû;çàÿâêà;0;RUCH
ÎÑÖ Ìîñêâà;Àðõèâ ¹1 Òîìèëèíî;SZ 188 000 00 00;Ïåðåíîñ ñðîêîâ èñïîëíåíèÿ çàïðîñîâ â ÀÑ ÖÀÐÑ;-;00;Çàïðîñû;çàÿâêà;18,8;RUCH
ÎÑÖ Íèæíèé Íîâãîðîä;Âíå ïîäðàçäåëåíèé;SZ 188 000 00 00;Ïåðåíîñ ñðîêîâ èñïîëíåíèÿ çàïðîñîâ â ÀÑ ÖÀÐÑ;-;00;Çàïðîñû;çàÿâêà;0;RUCH
ÎÑÖ Íèæíèé Íîâãîðîä;Àðõèâ ¹1 Íèæíèé Íîâãîðîä;SZ 188 000 00 00;Ïåðåíîñ ñðîêîâ èñïîëíåíèÿ çàïðîñîâ â ÀÑ ÖÀÐÑ;-;00;Çàïðîñû;çàÿâêà;17,7;RUCH
ÎÑÖ Íîâîñèáèðñê;Âíå ïîäðàçäåëåíèé;SZ 188 000 00 00;Ïåðåíîñ ñðîêîâ èñïîëíåíèÿ çàïðîñîâ â ÀÑ ÖÀÐÑ;-;00;Çàïðîñû;çàÿâêà;0;RUCH
ÎÑÖ Íîâîñèáèðñê;Àðõèâ ¹1 Íîâîñèáèðñê;SZ 188 000 00 00;Ïåðåíîñ ñðîêîâ èñïîëíåíèÿ çàïðîñîâ â ÀÑ ÖÀÐÑ;-;00;Çàïðîñû;çàÿâêà;17,867;RUCH
ÎÑÖ Ñàìàðà;Âíå ïîäðàçäåëåíèé;SZ 188 000 00 00;Ïåðåíîñ ñðîêîâ èñïîëíåíèÿ çàïðîñîâ â ÀÑ ÖÀÐÑ;-;00;Çàïðîñû;çàÿâêà;0;RUCH
ÎÑÖ Íîâîñèáèðñê;Àðõèâ ¹3 Åêàòåðèíáóðã;SZ 188 000 00 00;Ïåðåíîñ ñðîêîâ èñïîëíåíèÿ çàïðîñîâ â ÀÑ ÖÀÐÑ;-;00;Çàïðîñû;çàÿâêà;17;RUCH
ÎÑÖ Ñàìàðà;Àðõèâ ¹1 Ñàìàðà;SZ 188 000 00 00;Ïåðåíîñ ñðîêîâ èñïîëíåíèÿ çàïðîñîâ â ÀÑ ÖÀÐÑ;-;00;Çàïðîñû;çàÿâêà;18;RUCH
ÎÑÖ Âîðîíåæ;Âíå ïîäðàçäåëåíèé;RG 0001 292 00 01;Ðåãèñòðàöèÿ ïî ÁÏ;Ðåã.;292;Ðåãèñòðàöèÿ;äîñüå;0;AUTO
ÎÑÖ Âîðîíåæ;Âíå ïîäðàçäåëåíèé;RG 0001 292 00 02;Ðåãèñòðàöèÿ ïî ÁÏ;ÂÑÏ;292;Ðåãèñòðàöèÿ;äîñüå;0;AUTO
ÎÑÖ Âîðîíåæ;Âíå ïîäðàçäåëåíèé;RG 0001 292 00 03;Ðåãèñòðàöèÿ ïî ÁÏ;ÂÐÓÊ;292;Ðåãèñòðàöèÿ;äîñüå;0;AUTO
ÎÑÖ Âîðîíåæ;Àðõèâ ¹1 Âîðîíåæ;RG 0001 292 00 03;Ðåãèñòðàöèÿ ïî ÁÏ;ÂÐÓÊ;292;Ðåãèñòðàöèÿ;äîñüå;77,626;AUTO
ÎÑÖ Âîðîíåæ;Àðõèâ ¹1 Âîðîíåæ;RG 0001 292 00 01;Ðåãèñòðàöèÿ ïî ÁÏ;Ðåã.;292;Ðåãèñòðàöèÿ;äîñüå;27;AUTO
ÎÑÖ Âîðîíåæ;Àðõèâ ¹1 Âîðîíåæ;RG 0001 292 00 02;Ðåãèñòðàöèÿ ïî ÁÏ;ÂÑÏ;292;Ðåãèñòðàöèÿ;äîñüå;7,701;AUTO
ÎÑÖ Âîðîíåæ;Àðõèâ ¹3 Êàëèíèíãðàä;RG 0001 292 00 01;Ðåãèñòðàöèÿ ïî ÁÏ;Ðåã.;292;Ðåãèñòðàöèÿ;äîñüå;26,314;AUTO
ÎÑÖ Âîðîíåæ;Àðõèâ ¹3 Êàëèíèíãðàä;RG 0001 292 00 02;Ðåãèñòðàöèÿ ïî ÁÏ;ÂÑÏ;292;Ðåãèñòðàöèÿ;äîñüå;7,267;AUTO
ÎÑÖ Âîðîíåæ;Àðõèâ ¹3 Êàëèíèíãðàä;RG 0001 292 00 03;Ðåãèñòðàöèÿ ïî ÁÏ;ÂÐÓÊ;292;Ðåãèñòðàöèÿ;äîñüå;80,595;AUTO
ÎÑÖ Âîðîíåæ;Àðõèâ ¹4 Ñàíêò-Ïåòåðáóðã;RG 0001 292 00 03;Ðåãèñòðàöèÿ ïî ÁÏ;ÂÐÓÊ;292;Ðåãèñòðàöèÿ;äîñüå;72,062;AUTO
ÎÑÖ Âîðîíåæ;Àðõèâ ¹4 Ñàíêò-Ïåòåðáóðã;RG 0001 292 00 02;Ðåãèñòðàöèÿ ïî ÁÏ;ÂÑÏ;292;Ðåãèñòðàöèÿ;äîñüå;8,437;AUTO
ÎÑÖ Âîðîíåæ;Àðõèâ ¹4 Ñàíêò-Ïåòåðáóðã;RG 0001 292 00 01;Ðåãèñòðàöèÿ ïî ÁÏ;Ðåã.;292;Ðåãèñòðàöèÿ;äîñüå;27,167;AUTO
ÎÑÖ Ìîñêâà;Âíå ïîäðàçäåëåíèé;RG 0001 292 00 01;Ðåãèñòðàöèÿ ïî ÁÏ;Ðåã.;292;Ðåãèñòðàöèÿ;äîñüå;0;AUTO
ÎÑÖ Ìîñêâà;Âíå ïîäðàçäåëåíèé;RG 0001 292 00 02;Ðåãèñòðàöèÿ ïî ÁÏ;ÂÑÏ;292;Ðåãèñòðàöèÿ;äîñüå;0;AUTO
ÎÑÖ Ìîñêâà;Âíå ïîäðàçäåëåíèé;RG 0001 292 00 03;Ðåãèñòðàöèÿ ïî ÁÏ;ÂÐÓÊ;292;Ðåãèñòðàöèÿ;äîñüå;0;AUTO
ÎÑÖ Ìîñêâà;Àðõèâ ¹1 Òîìèëèíî;RG 0001 292 00 01;Ðåãèñòðàöèÿ ïî ÁÏ;Ðåã.;292;Ðåãèñòðàöèÿ;äîñüå;28,222;AUTO
ÎÑÖ Ìîñêâà;Àðõèâ ¹1 Òîìèëèíî;RG 0001 292 00 02;Ðåãèñòðàöèÿ ïî ÁÏ;ÂÑÏ;292;Ðåãèñòðàöèÿ;äîñüå;7,389;AUTO
ÎÑÖ Ìîñêâà;Àðõèâ ¹1 Òîìèëèíî;RG 0001 292 00 03;Ðåãèñòðàöèÿ ïî ÁÏ;ÂÐÓÊ;292;Ðåãèñòðàöèÿ;äîñüå;73,583;AUTO
ÎÑÖ Íèæíèé Íîâãîðîä;Âíå ïîäðàçäåëåíèé;RG 0001 292 00 01;Ðåãèñòðàöèÿ ïî ÁÏ;Ðåã.;292;Ðåãèñòðàöèÿ;äîñüå;0;AUTO
ÎÑÖ Íèæíèé Íîâãîðîä;Âíå ïîäðàçäåëåíèé;RG 0001 292 00 03;Ðåãèñòðàöèÿ ïî ÁÏ;ÂÐÓÊ;292;Ðåãèñòðàöèÿ;äîñüå;0;AUTO
ÎÑÖ Íèæíèé Íîâãîðîä;Âíå ïîäðàçäåëåíèé;RG 0001 292 00 02;Ðåãèñòðàöèÿ ïî ÁÏ;ÂÑÏ;292;Ðåãèñòðàöèÿ;äîñüå;0;AUTO
ÎÑÖ Íèæíèé Íîâãîðîä;Àðõèâ ¹1 Íèæíèé Íîâãîðîä;RG 0001 292 00 03;Ðåãèñòðàöèÿ ïî ÁÏ;ÂÐÓÊ;292;Ðåãèñòðàöèÿ;äîñüå;79,056;AUTO
ÎÑÖ Íèæíèé Íîâãîðîä;Àðõèâ ¹1 Íèæíèé Íîâãîðîä;RG 0001 292 00 01;Ðåãèñòðàöèÿ ïî ÁÏ;Ðåã.;292;Ðåãèñòðàöèÿ;äîñüå;24,033;AUTO
ÎÑÖ Íèæíèé Íîâãîðîä;Àðõèâ ¹1 Íèæíèé Íîâãîðîä;RG 0001 292 00 02;Ðåãèñòðàöèÿ ïî ÁÏ;ÂÑÏ;292;Ðåãèñòðàöèÿ;äîñüå;8,011;AUTO
ÎÑÖ Íîâîñèáèðñê;Âíå ïîäðàçäåëåíèé;RG 0001 292 00 01;Ðåãèñòðàöèÿ ïî ÁÏ;Ðåã.;292;Ðåãèñòðàöèÿ;äîñüå;0;AUTO
ÎÑÖ Íîâîñèáèðñê;Âíå ïîäðàçäåëåíèé;RG 0001 292 00 02;Ðåãèñòðàöèÿ ïî ÁÏ;ÂÑÏ;292;Ðåãèñòðàöèÿ;äîñüå;0;AUTO
ÎÑÖ Íîâîñèáèðñê;Âíå ïîäðàçäåëåíèé;RG 0001 292 00 03;Ðåãèñòðàöèÿ ïî ÁÏ;ÂÐÓÊ;292;Ðåãèñòðàöèÿ;äîñüå;0;AUTO
ÎÑÖ Íîâîñèáèðñê;Àðõèâ ¹1 Íîâîñèáèðñê;RG 0001 292 00 03;Ðåãèñòðàöèÿ ïî ÁÏ;ÂÐÓÊ;292;Ðåãèñòðàöèÿ;äîñüå;80,277;AUTO
ÎÑÖ Íîâîñèáèðñê;Àðõèâ ¹1 Íîâîñèáèðñê;RG 0001 292 00 01;Ðåãèñòðàöèÿ ïî ÁÏ;Ðåã.;292;Ðåãèñòðàöèÿ;äîñüå;28,005;AUTO
ÎÑÖ Íîâîñèáèðñê;Àðõèâ ¹1 Íîâîñèáèðñê;RG 0001 292 00 02;Ðåãèñòðàöèÿ ïî ÁÏ;ÂÑÏ;292;Ðåãèñòðàöèÿ;äîñüå;8,235;AUTO
ÎÑÖ Ñàìàðà;Âíå ïîäðàçäåëåíèé;RG 0001 292 00 01;Ðåãèñòðàöèÿ ïî ÁÏ;Ðåã.;292;Ðåãèñòðàöèÿ;äîñüå;0;AUTO
ÎÑÖ Ñàìàðà;Âíå ïîäðàçäåëåíèé;RG 0001 292 00 02;Ðåãèñòðàöèÿ ïî ÁÏ;ÂÑÏ;292;Ðåãèñòðàöèÿ;äîñüå;0;AUTO
ÎÑÖ Ñàìàðà;Âíå ïîäðàçäåëåíèé;RG 0001 292 00 03;Ðåãèñòðàöèÿ ïî ÁÏ;ÂÐÓÊ;292;Ðåãèñòðàöèÿ;äîñüå;0;AUTO
ÎÑÖ Íîâîñèáèðñê;Àðõèâ ¹3 Åêàòåðèíáóðã;RG 0001 292 00 01;Ðåãèñòðàöèÿ ïî ÁÏ;Ðåã.;292;Ðåãèñòðàöèÿ;äîñüå;24,1;AUTO
ÎÑÖ Íîâîñèáèðñê;Àðõèâ ¹3 Åêàòåðèíáóðã;RG 0001 292 00 02;Ðåãèñòðàöèÿ ïî ÁÏ;ÂÑÏ;292;Ðåãèñòðàöèÿ;äîñüå;7,7;AUTO
ÎÑÖ Íîâîñèáèðñê;Àðõèâ ¹3 Åêàòåðèíáóðã;RG 0001 292 00 03;Ðåãèñòðàöèÿ ïî ÁÏ;ÂÐÓÊ;292;Ðåãèñòðàöèÿ;äîñüå;78,033;AUTO
ÎÑÖ Ñàìàðà;Àðõèâ ¹1 Ñàìàðà;RG 0001 292 00 01;Ðåãèñòðàöèÿ ïî ÁÏ;Ðåã.;292;Ðåãèñòðàöèÿ;äîñüå;25,632;AUTO
ÎÑÖ Ñàìàðà;Àðõèâ ¹1 Ñàìàðà;RG 0001 292 00 02;Ðåãèñòðàöèÿ ïî ÁÏ;ÂÑÏ;292;Ðåãèñòðàöèÿ;äîñüå;8,747;AUTO
ÎÑÖ Ñàìàðà;Àðõèâ ¹1 Ñàìàðà;RG 0001 292 00 03;Ðåãèñòðàöèÿ ïî ÁÏ;ÂÐÓÊ;292;Ðåãèñòðàöèÿ;äîñüå;77,833;AUTO
ÎÑÖ Âîðîíåæ;Âíå ïîäðàçäåëåíèé;CP 0047 000 00 02;Ïåðåìàðêèðîâêà ÅÕ èñò.ôîíäà ÄÂÀ;-;00;Ðåãèñòðàöèÿ;Äîêóìåíò;0;AUTO
ÎÑÖ Âîðîíåæ;Àðõèâ ¹1 Âîðîíåæ;CP 0047 000 00 02;Ïåðåìàðêèðîâêà ÅÕ èñò.ôîíäà ÄÂÀ;-;00;Ðåãèñòðàöèÿ;Äîêóìåíò;63,22;AUTO
ÎÑÖ Âîðîíåæ;Àðõèâ ¹3 Êàëèíèíãðàä;CP 0047 000 00 02;Ïåðåìàðêèðîâêà ÅÕ èñò.ôîíäà ÄÂÀ;-;00;Ðåãèñòðàöèÿ;Äîêóìåíò;72,957;AUTO
ÎÑÖ Âîðîíåæ;Àðõèâ ¹4 Ñàíêò-Ïåòåðáóðã;CP 0047 000 00 02;Ïåðåìàðêèðîâêà ÅÕ èñò.ôîíäà ÄÂÀ;-;00;Ðåãèñòðàöèÿ;Äîêóìåíò;72,37;AUTO
ÎÑÖ Ìîñêâà;Âíå ïîäðàçäåëåíèé;CP 0047 000 00 02;Ïåðåìàðêèðîâêà ÅÕ èñò.ôîíäà ÄÂÀ;-;00;Ðåãèñòðàöèÿ;Äîêóìåíò;0;AUTO
ÎÑÖ Ìîñêâà;Àðõèâ ¹1 Òîìèëèíî;CP 0047 000 00 02;Ïåðåìàðêèðîâêà ÅÕ èñò.ôîíäà ÄÂÀ;-;00;Ðåãèñòðàöèÿ;Äîêóìåíò;69,876;AUTO
ÎÑÖ Íèæíèé Íîâãîðîä;Âíå ïîäðàçäåëåíèé;CP 0047 000 00 02;Ïåðåìàðêèðîâêà ÅÕ èñò.ôîíäà ÄÂÀ;-;00;Ðåãèñòðàöèÿ;Äîêóìåíò;0;AUTO
ÎÑÖ Íèæíèé Íîâãîðîä;Àðõèâ ¹1 Íèæíèé Íîâãîðîä;CP 0047 000 00 02;Ïåðåìàðêèðîâêà ÅÕ èñò.ôîíäà ÄÂÀ;-;00;Ðåãèñòðàöèÿ;Äîêóìåíò;63,233;AUTO
ÎÑÖ Íîâîñèáèðñê;Âíå ïîäðàçäåëåíèé;CP 0047 000 00 02;Ïåðåìàðêèðîâêà ÅÕ èñò.ôîíäà ÄÂÀ;-;00;Ðåãèñòðàöèÿ;Äîêóìåíò;0;AUTO
ÎÑÖ Íîâîñèáèðñê;Àðõèâ ¹1 Íîâîñèáèðñê;CP 0047 000 00 02;Ïåðåìàðêèðîâêà ÅÕ èñò.ôîíäà ÄÂÀ;-;00;Ðåãèñòðàöèÿ;Äîêóìåíò;72,471;AUTO
ÎÑÖ Ñàìàðà;Âíå ïîäðàçäåëåíèé;CP 0047 000 00 02;Ïåðåìàðêèðîâêà ÅÕ èñò.ôîíäà ÄÂÀ;-;00;Ðåãèñòðàöèÿ;Äîêóìåíò;0;AUTO
ÎÑÖ Íîâîñèáèðñê;Àðõèâ ¹3 Åêàòåðèíáóðã;CP 0047 000 00 02;Ïåðåìàðêèðîâêà ÅÕ èñò.ôîíäà ÄÂÀ;-;00;Ðåãèñòðàöèÿ;Äîêóìåíò;72,245;AUTO
ÎÑÖ Ñàìàðà;Àðõèâ ¹1 Ñàìàðà;CP 0047 000 00 02;Ïåðåìàðêèðîâêà ÅÕ èñò.ôîíäà ÄÂÀ;-;00;Ðåãèñòðàöèÿ;Äîêóìåíò;72,52;AUTO
ÎÑÖ Âîðîíåæ;Âíå ïîäðàçäåëåíèé;CP 0148 000 00 01;Ïðîåêò_Ïåðåðåãèñòðàöèÿ â ÀÑ ÖÀÐÑ äîêóìåíòîâ èñòîðè÷åñêîãî ôîíäà ÄÂÀ;-;00;Ïðîåêòû;Äîêóìåíò;0;AUTO
ÎÑÖ Âîðîíåæ;Àðõèâ ¹1 Âîðîíåæ;CP 0148 000 00 01;Ïðîåêò_Ïåðåðåãèñòðàöèÿ â ÀÑ ÖÀÐÑ äîêóìåíòîâ èñòîðè÷åñêîãî ôîíäà ÄÂÀ;-;00;Ïðîåêòû;Äîêóìåíò;76,421;AUTO
ÎÑÖ Âîðîíåæ;Àðõèâ ¹3 Êàëèíèíãðàä;CP 0148 000 00 01;Ïðîåêò_Ïåðåðåãèñòðàöèÿ â ÀÑ ÖÀÐÑ äîêóìåíòîâ èñòîðè÷åñêîãî ôîíäà ÄÂÀ;-;00;Ïðîåêòû;Äîêóìåíò;72,491;AUTO
ÎÑÖ Âîðîíåæ;Àðõèâ ¹4 Ñàíêò-Ïåòåðáóðã;CP 0148 000 00 01;Ïðîåêò_Ïåðåðåãèñòðàöèÿ â ÀÑ ÖÀÐÑ äîêóìåíòîâ èñòîðè÷åñêîãî ôîíäà ÄÂÀ;-;00;Ïðîåêòû;Äîêóìåíò;75,754;AUTO
ÎÑÖ Ìîñêâà;Âíå ïîäðàçäåëåíèé;CP 0148 000 00 01;Ïðîåêò_Ïåðåðåãèñòðàöèÿ â ÀÑ ÖÀÐÑ äîêóìåíòîâ èñòîðè÷åñêîãî ôîíäà ÄÂÀ;-;00;Ïðîåêòû;Äîêóìåíò;0;AUTO
ÎÑÖ Ìîñêâà;Àðõèâ ¹1 Òîìèëèíî;CP 0148 000 00 01;Ïðîåêò_Ïåðåðåãèñòðàöèÿ â ÀÑ ÖÀÐÑ äîêóìåíòîâ èñòîðè÷åñêîãî ôîíäà ÄÂÀ;-;00;Ïðîåêòû;Äîêóìåíò;85,174;AUTO
ÎÑÖ Íèæíèé Íîâãîðîä;Âíå ïîäðàçäåëåíèé;CP 0148 000 00 01;Ïðîåêò_Ïåðåðåãèñòðàöèÿ â ÀÑ ÖÀÐÑ äîêóìåíòîâ èñòîðè÷åñêîãî ôîíäà ÄÂÀ;-;00;Ïðîåêòû;Äîêóìåíò;0;AUTO
ÎÑÖ Íèæíèé Íîâãîðîä;Àðõèâ ¹1 Íèæíèé Íîâãîðîä;CP 0148 000 00 01;Ïðîåêò_Ïåðåðåãèñòðàöèÿ â ÀÑ ÖÀÐÑ äîêóìåíòîâ èñòîðè÷åñêîãî ôîíäà ÄÂÀ;-;00;Ïðîåêòû;Äîêóìåíò;72,639;AUTO
ÎÑÖ Íîâîñèáèðñê;Âíå ïîäðàçäåëåíèé;CP 0148 000 00 01;Ïðîåêò_Ïåðåðåãèñòðàöèÿ â ÀÑ ÖÀÐÑ äîêóìåíòîâ èñòîðè÷åñêîãî ôîíäà ÄÂÀ;-;00;Ïðîåêòû;Äîêóìåíò;0;AUTO
ÎÑÖ Íîâîñèáèðñê;Àðõèâ ¹1 Íîâîñèáèðñê;CP 0148 000 00 01;Ïðîåêò_Ïåðåðåãèñòðàöèÿ â ÀÑ ÖÀÐÑ äîêóìåíòîâ èñòîðè÷åñêîãî ôîíäà ÄÂÀ;-;00;Ïðîåêòû;Äîêóìåíò;83,429;AUTO
ÎÑÖ Ñàìàðà;Âíå ïîäðàçäåëåíèé;CP 0148 000 00 01;Ïðîåêò_Ïåðåðåãèñòðàöèÿ â ÀÑ ÖÀÐÑ äîêóìåíòîâ èñòîðè÷åñêîãî ôîíäà ÄÂÀ;-;00;Ïðîåêòû;Äîêóìåíò;0;AUTO
ÎÑÖ Íîâîñèáèðñê;Àðõèâ ¹3 Åêàòåðèíáóðã;CP 0148 000 00 01;Ïðîåêò_Ïåðåðåãèñòðàöèÿ â ÀÑ ÖÀÐÑ äîêóìåíòîâ èñòîðè÷åñêîãî ôîíäà ÄÂÀ;-;00;Ïðîåêòû;Äîêóìåíò;84,848;AUTO
ÎÑÖ Ñàìàðà;Àðõèâ ¹1 Ñàìàðà;CP 0148 000 00 01;Ïðîåêò_Ïåðåðåãèñòðàöèÿ â ÀÑ ÖÀÐÑ äîêóìåíòîâ èñòîðè÷åñêîãî ôîíäà ÄÂÀ;-;00;Ïðîåêòû;Äîêóìåíò;85,023;AUTO
ÎÑÖ Âîðîíåæ;Âíå ïîäðàçäåëåíèé;RS 001 000 00 01;Ïîäãîòîâêà ôàéëîâ äëÿ ñîçäàíèÿ çàÿâêè ðîáîòîì;-;00;Çàïðîñû;ñòðîêà;0;AUTO
ÎÑÖ Âîðîíåæ;Àðõèâ ¹1 Âîðîíåæ;RS 001 000 00 01;Ïîäãîòîâêà ôàéëîâ äëÿ ñîçäàíèÿ çàÿâêè ðîáîòîì;-;00;Çàïðîñû;ñòðîêà;1,501;AUTO
ÎÑÖ Âîðîíåæ;Àðõèâ ¹3 Êàëèíèíãðàä;RS 001 000 00 01;Ïîäãîòîâêà ôàéëîâ äëÿ ñîçäàíèÿ çàÿâêè ðîáîòîì;-;00;Çàïðîñû;ñòðîêà;0,785;AUTO
ÎÑÖ Âîðîíåæ;Àðõèâ ¹4 Ñàíêò-Ïåòåðáóðã;RS 001 000 00 01;Ïîäãîòîâêà ôàéëîâ äëÿ ñîçäàíèÿ çàÿâêè ðîáîòîì;-;00;Çàïðîñû;ñòðîêà;0,85;AUTO
ÎÑÖ Ìîñêâà;Âíå ïîäðàçäåëåíèé;RS 001 000 00 01;Ïîäãîòîâêà ôàéëîâ äëÿ ñîçäàíèÿ çàÿâêè ðîáîòîì;-;00;Çàïðîñû;ñòðîêà;0;AUTO
ÎÑÖ Ìîñêâà;Àðõèâ ¹1 Òîìèëèíî;RS 001 000 00 01;Ïîäãîòîâêà ôàéëîâ äëÿ ñîçäàíèÿ çàÿâêè ðîáîòîì;-;00;Çàïðîñû;ñòðîêà;1,391;AUTO
ÎÑÖ Íèæíèé Íîâãîðîä;Âíå ïîäðàçäåëåíèé;RS 001 000 00 01;Ïîäãîòîâêà ôàéëîâ äëÿ ñîçäàíèÿ çàÿâêè ðîáîòîì;-;00;Çàïðîñû;ñòðîêà;0;AUTO
ÎÑÖ Íèæíèé Íîâãîðîä;Àðõèâ ¹1 Íèæíèé Íîâãîðîä;RS 001 000 00 01;Ïîäãîòîâêà ôàéëîâ äëÿ ñîçäàíèÿ çàÿâêè ðîáîòîì;-;00;Çàïðîñû;ñòðîêà;1,126;AUTO
ÎÑÖ Íîâîñèáèðñê;Âíå ïîäðàçäåëåíèé;RS 001 000 00 01;Ïîäãîòîâêà ôàéëîâ äëÿ ñîçäàíèÿ çàÿâêè ðîáîòîì;-;00;Çàïðîñû;ñòðîêà;0;AUTO
ÎÑÖ Íîâîñèáèðñê;Àðõèâ ¹1 Íîâîñèáèðñê;RS 001 000 00 01;Ïîäãîòîâêà ôàéëîâ äëÿ ñîçäàíèÿ çàÿâêè ðîáîòîì;-;00;Çàïðîñû;ñòðîêà;1,339;AUTO
ÎÑÖ Ñàìàðà;Âíå ïîäðàçäåëåíèé;RS 001 000 00 01;Ïîäãîòîâêà ôàéëîâ äëÿ ñîçäàíèÿ çàÿâêè ðîáîòîì;-;00;Çàïðîñû;ñòðîêà;0;AUTO
ÎÑÖ Íîâîñèáèðñê;Àðõèâ ¹3 Åêàòåðèíáóðã;RS 001 000 00 01;Ïîäãîòîâêà ôàéëîâ äëÿ ñîçäàíèÿ çàÿâêè ðîáîòîì;-;00;Çàïðîñû;ñòðîêà;1,382;AUTO
ÎÑÖ Ñàìàðà;Àðõèâ ¹1 Ñàìàðà;RS 001 000 00 01;Ïîäãîòîâêà ôàéëîâ äëÿ ñîçäàíèÿ çàÿâêè ðîáîòîì;-;00;Çàïðîñû;ñòðîêà;0,701;AUTO
ÎÑÖ Âîðîíåæ;Àðõèâ ¹1 Âîðîíåæ;SL 111 000 00 00;Âûäà÷à è âîçâðàò íà õðàíåíèå ïî çàïðîñó êîðîáà ñ äîêóìåíòàìè ÇÄ (êðîìå ÀÀÕ);-;00;Ëîãèñòèêà;ÀÊ;0;RUCH
ÎÑÖ Âîðîíåæ;Àðõèâ ¹3 Êàëèíèíãðàä;SL 111 000 00 00;Âûäà÷à è âîçâðàò íà õðàíåíèå ïî çàïðîñó êîðîáà ñ äîêóìåíòàìè ÇÄ (êðîìå ÀÀÕ);-;00;Ëîãèñòèêà;ÀÊ;192;RUCH
ÎÑÖ Âîðîíåæ;Àðõèâ ¹4 Ñàíêò-Ïåòåðáóðã;SL 111 000 00 00;Âûäà÷à è âîçâðàò íà õðàíåíèå ïî çàïðîñó êîðîáà ñ äîêóìåíòàìè ÇÄ (êðîìå ÀÀÕ);-;00;Ëîãèñòèêà;ÀÊ;192;RUCH
ÎÑÖ Ìîñêâà;Àðõèâ ¹1 Òîìèëèíî;SL 111 000 00 00;Âûäà÷à è âîçâðàò íà õðàíåíèå ïî çàïðîñó êîðîáà ñ äîêóìåíòàìè ÇÄ (êðîìå ÀÀÕ);-;00;Ëîãèñòèêà;ÀÊ;153,6;RUCH
ÎÑÖ Íèæíèé Íîâãîðîä;Àðõèâ ¹1 Íèæíèé Íîâãîðîä;SL 111 000 00 00;Âûäà÷à è âîçâðàò íà õðàíåíèå ïî çàïðîñó êîðîáà ñ äîêóìåíòàìè ÇÄ (êðîìå ÀÀÕ);-;00;Ëîãèñòèêà;ÀÊ;192;RUCH
ÎÑÖ Íîâîñèáèðñê;Àðõèâ ¹1 Íîâîñèáèðñê;SL 111 000 00 00;Âûäà÷à è âîçâðàò íà õðàíåíèå ïî çàïðîñó êîðîáà ñ äîêóìåíòàìè ÇÄ (êðîìå ÀÀÕ);-;00;Ëîãèñòèêà;ÀÊ;192;RUCH
ÎÑÖ Íîâîñèáèðñê;Àðõèâ ¹3 Åêàòåðèíáóðã;SL 111 000 00 00;Âûäà÷à è âîçâðàò íà õðàíåíèå ïî çàïðîñó êîðîáà ñ äîêóìåíòàìè ÇÄ (êðîìå ÀÀÕ);-;00;Ëîãèñòèêà;ÀÊ;240;RUCH
ÎÑÖ Ñàìàðà;Àðõèâ ¹1 Ñàìàðà;SL 111 000 00 00;Âûäà÷à è âîçâðàò íà õðàíåíèå ïî çàïðîñó êîðîáà ñ äîêóìåíòàìè ÇÄ (êðîìå ÀÀÕ);-;00;Ëîãèñòèêà;ÀÊ;192;RUCH
ÎÑÖ Âîðîíåæ;Àðõèâ ¹1 Âîðîíåæ;SL 113 000 00 00;Çàíåñåíèå â òàáëèöó ñîîòâåòñòâèé ØÊ ÀÊ è ÎÑÃ (ïëîìáà);-;00;Ëîãèñòèêà;ÀÊ;46;RUCH
ÎÑÖ Âîðîíåæ;Àðõèâ ¹3 Êàëèíèíãðàä;SL 113 000 00 00;Çàíåñåíèå â òàáëèöó ñîîòâåòñòâèé ØÊ ÀÊ è ÎÑÃ (ïëîìáà);-;00;Ëîãèñòèêà;ÀÊ;0;RUCH
ÎÑÖ Âîðîíåæ;Àðõèâ ¹4 Ñàíêò-Ïåòåðáóðã;SL 113 000 00 00;Çàíåñåíèå â òàáëèöó ñîîòâåòñòâèé ØÊ ÀÊ è ÎÑÃ (ïëîìáà);-;00;Ëîãèñòèêà;ÀÊ;0;RUCH
ÎÑÖ Ìîñêâà;Àðõèâ ¹1 Òîìèëèíî;SL 113 000 00 00;Çàíåñåíèå â òàáëèöó ñîîòâåòñòâèé ØÊ ÀÊ è ÎÑÃ (ïëîìáà);-;00;Ëîãèñòèêà;ÀÊ;0;RUCH
ÎÑÖ Íèæíèé Íîâãîðîä;Àðõèâ ¹1 Íèæíèé Íîâãîðîä;SL 113 000 00 00;Çàíåñåíèå â òàáëèöó ñîîòâåòñòâèé ØÊ ÀÊ è ÎÑÃ (ïëîìáà);-;00;Ëîãèñòèêà;ÀÊ;0;RUCH
ÎÑÖ Íîâîñèáèðñê;Àðõèâ ¹1 Íîâîñèáèðñê;SL 113 000 00 00;Çàíåñåíèå â òàáëèöó ñîîòâåòñòâèé ØÊ ÀÊ è ÎÑÃ (ïëîìáà);-;00;Ëîãèñòèêà;ÀÊ;46;RUCH
ÎÑÖ Íîâîñèáèðñê;Àðõèâ ¹3 Åêàòåðèíáóðã;SL 113 000 00 00;Çàíåñåíèå â òàáëèöó ñîîòâåòñòâèé ØÊ ÀÊ è ÎÑÃ (ïëîìáà);-;00;Ëîãèñòèêà;ÀÊ;0;RUCH
ÎÑÖ Ñàìàðà;Àðõèâ ¹1 Ñàìàðà;SL 113 000 00 00;Çàíåñåíèå â òàáëèöó ñîîòâåòñòâèé ØÊ ÀÊ è ÎÑÃ (ïëîìáà);-;00;Ëîãèñòèêà;ÀÊ;46;RUCH
ÎÑÖ Âîðîíåæ;Àðõèâ ¹1 Âîðîíåæ;SL 114 000 00 00;Îáðàáîòêà îøèáîê íà NIO ñòàíöèè (ÀÀÕ);-;00;Ëîãèñòèêà;ÀÊ;46;RUCH
ÎÑÖ Âîðîíåæ;Àðõèâ ¹3 Êàëèíèíãðàä;SL 114 000 00 00;Îáðàáîòêà îøèáîê íà NIO ñòàíöèè (ÀÀÕ);-;00;Ëîãèñòèêà;ÀÊ;0;RUCH
ÎÑÖ Âîðîíåæ;Àðõèâ ¹4 Ñàíêò-Ïåòåðáóðã;SL 114 000 00 00;Îáðàáîòêà îøèáîê íà NIO ñòàíöèè (ÀÀÕ);-;00;Ëîãèñòèêà;ÀÊ;0;RUCH
ÎÑÖ Ìîñêâà;Àðõèâ ¹1 Òîìèëèíî;SL 114 000 00 00;Îáðàáîòêà îøèáîê íà NIO ñòàíöèè (ÀÀÕ);-;00;Ëîãèñòèêà;ÀÊ;69;RUCH
ÎÑÖ Íèæíèé Íîâãîðîä;Àðõèâ ¹1 Íèæíèé Íîâãîðîä;SL 114 000 00 00;Îáðàáîòêà îøèáîê íà NIO ñòàíöèè (ÀÀÕ);-;00;Ëîãèñòèêà;ÀÊ;80;RUCH
ÎÑÖ Íîâîñèáèðñê;Àðõèâ ¹1 Íîâîñèáèðñê;SL 114 000 00 00;Îáðàáîòêà îøèáîê íà NIO ñòàíöèè (ÀÀÕ);-;00;Ëîãèñòèêà;ÀÊ;46;RUCH
ÎÑÖ Íîâîñèáèðñê;Àðõèâ ¹3 Åêàòåðèíáóðã;SL 114 000 00 00;Îáðàáîòêà îøèáîê íà NIO ñòàíöèè (ÀÀÕ);-;00;Ëîãèñòèêà;ÀÊ;0;RUCH
ÎÑÖ Ñàìàðà;Àðõèâ ¹1 Ñàìàðà;SL 114 000 00 00;Îáðàáîòêà îøèáîê íà NIO ñòàíöèè (ÀÀÕ);-;00;Ëîãèñòèêà;ÀÊ;80;RUCH
ÎÑÖ Âîðîíåæ;Àðõèâ ¹1 Âîðîíåæ;SL 110 000 00 00;Ïîäáîð ÀÊ ïî Àêòàì íà óíè÷òîæåíèå äîêóìåíòîâ ÇÄ (êðîìå ÀÀÕ);-;00;Ëîãèñòèêà;ÀÊ;38;RUCH
ÎÑÖ Âîðîíåæ;Àðõèâ ¹3 Êàëèíèíãðàä;SL 110 000 00 00;Ïîäáîð ÀÊ ïî Àêòàì íà óíè÷òîæåíèå äîêóìåíòîâ ÇÄ (êðîìå ÀÀÕ);-;00;Ëîãèñòèêà;ÀÊ;38;RUCH
ÎÑÖ Âîðîíåæ;Àðõèâ ¹4 Ñàíêò-Ïåòåðáóðã;SL 110 000 00 00;Ïîäáîð ÀÊ ïî Àêòàì íà óíè÷òîæåíèå äîêóìåíòîâ ÇÄ (êðîìå ÀÀÕ);-;00;Ëîãèñòèêà;ÀÊ;38;RUCH
ÎÑÖ Ìîñêâà;Àðõèâ ¹1 Òîìèëèíî;SL 110 000 00 00;Ïîäáîð ÀÊ ïî Àêòàì íà óíè÷òîæåíèå äîêóìåíòîâ ÇÄ (êðîìå ÀÀÕ);-;00;Ëîãèñòèêà;ÀÊ;38;RUCH
ÎÑÖ Íèæíèé Íîâãîðîä;Àðõèâ ¹1 Íèæíèé Íîâãîðîä;SL 110 000 00 00;Ïîäáîð ÀÊ ïî Àêòàì íà óíè÷òîæåíèå äîêóìåíòîâ ÇÄ (êðîìå ÀÀÕ);-;00;Ëîãèñòèêà;ÀÊ;38;RUCH
ÎÑÖ Íîâîñèáèðñê;Àðõèâ ¹1 Íîâîñèáèðñê;SL 110 000 00 00;Ïîäáîð ÀÊ ïî Àêòàì íà óíè÷òîæåíèå äîêóìåíòîâ ÇÄ (êðîìå ÀÀÕ);-;00;Ëîãèñòèêà;ÀÊ;38;RUCH
ÎÑÖ Íîâîñèáèðñê;Àðõèâ ¹3 Åêàòåðèíáóðã;SL 110 000 00 00;Ïîäáîð ÀÊ ïî Àêòàì íà óíè÷òîæåíèå äîêóìåíòîâ ÇÄ (êðîìå ÀÀÕ);-;00;Ëîãèñòèêà;ÀÊ;38;RUCH
ÎÑÖ Ñàìàðà;Àðõèâ ¹1 Ñàìàðà;SL 110 000 00 00;Ïîäáîð ÀÊ ïî Àêòàì íà óíè÷òîæåíèå äîêóìåíòîâ ÇÄ (êðîìå ÀÀÕ);-;00;Ëîãèñòèêà;ÀÊ;38;RUCH
ÎÑÖ Âîðîíåæ;Àðõèâ ¹1 Âîðîíåæ;SL 112 000 00 00;Ðàçìåùåíèå/èçúÿòèå âðåìåííûõ êîðîáîâ/äèñêè ÄÝÂ/êîðîáîâ îòâåòñòâåííîãî õðàíåíèÿ;-;00;Ëîãèñòèêà;ÀÊ;46;RUCH
ÎÑÖ Âîðîíåæ;Àðõèâ ¹3 Êàëèíèíãðàä;SL 112 000 00 00;Ðàçìåùåíèå/èçúÿòèå âðåìåííûõ êîðîáîâ/äèñêè ÄÝÂ/êîðîáîâ îòâåòñòâåííîãî õðàíåíèÿ;-;00;Ëîãèñòèêà;ÀÊ;46;RUCH
ÎÑÖ Âîðîíåæ;Àðõèâ ¹4 Ñàíêò-Ïåòåðáóðã;SL 112 000 00 00;Ðàçìåùåíèå/èçúÿòèå âðåìåííûõ êîðîáîâ/äèñêè ÄÝÂ/êîðîáîâ îòâåòñòâåííîãî õðàíåíèÿ;-;00;Ëîãèñòèêà;ÀÊ;46;RUCH
ÎÑÖ Ìîñêâà;Àðõèâ ¹1 Òîìèëèíî;SL 112 000 00 00;Ðàçìåùåíèå/èçúÿòèå âðåìåííûõ êîðîáîâ/äèñêè ÄÝÂ/êîðîáîâ îòâåòñòâåííîãî õðàíåíèÿ;-;00;Ëîãèñòèêà;ÀÊ;36,8;RUCH
ÎÑÖ Íèæíèé Íîâãîðîä;Àðõèâ ¹1 Íèæíèé Íîâãîðîä;SL 112 000 00 00;Ðàçìåùåíèå/èçúÿòèå âðåìåííûõ êîðîáîâ/äèñêè ÄÝÂ/êîðîáîâ îòâåòñòâåííîãî õðàíåíèÿ;-;00;Ëîãèñòèêà;ÀÊ;46;RUCH
ÎÑÖ Íîâîñèáèðñê;Àðõèâ ¹1 Íîâîñèáèðñê;SL 112 000 00 00;Ðàçìåùåíèå/èçúÿòèå âðåìåííûõ êîðîáîâ/äèñêè ÄÝÂ/êîðîáîâ îòâåòñòâåííîãî õðàíåíèÿ;-;00;Ëîãèñòèêà;ÀÊ;46;RUCH
ÎÑÖ Íîâîñèáèðñê;Àðõèâ ¹3 Åêàòåðèíáóðã;SL 112 000 00 00;Ðàçìåùåíèå/èçúÿòèå âðåìåííûõ êîðîáîâ/äèñêè ÄÝÂ/êîðîáîâ îòâåòñòâåííîãî õðàíåíèÿ;-;00;Ëîãèñòèêà;ÀÊ;46;RUCH
ÎÑÖ Ñàìàðà;Àðõèâ ¹1 Ñàìàðà;SL 112 000 00 00;Ðàçìåùåíèå/èçúÿòèå âðåìåííûõ êîðîáîâ/äèñêè ÄÝÂ/êîðîáîâ îòâåòñòâåííîãî õðàíåíèÿ;-;00;Ëîãèñòèêà;ÀÊ;46;RUCH
ÎÑÖ Âîðîíåæ;Âíå ïîäðàçäåëåíèé;ZZ 002 000 00 00;Ïðèåì è àíàëèç ãëîáàëüíîé çàÿâêè;-;00;Çàïðîñû;çàÿâêà;0;AUTO
ÎÑÖ Âîðîíåæ;Àðõèâ ¹1 Âîðîíåæ;ZZ 002 000 00 00;Ïðèåì è àíàëèç ãëîáàëüíîé çàÿâêè;-;00;Çàïðîñû;çàÿâêà;0;AUTO
ÎÑÖ Âîðîíåæ;Àðõèâ ¹3 Êàëèíèíãðàä;ZZ 002 000 00 00;Ïðèåì è àíàëèç ãëîáàëüíîé çàÿâêè;-;00;Çàïðîñû;çàÿâêà;0;AUTO
ÎÑÖ Âîðîíåæ;Àðõèâ ¹4 Ñàíêò-Ïåòåðáóðã;ZZ 002 000 00 00;Ïðèåì è àíàëèç ãëîáàëüíîé çàÿâêè;-;00;Çàïðîñû;çàÿâêà;0;AUTO
ÎÑÖ Ìîñêâà;Âíå ïîäðàçäåëåíèé;ZZ 002 000 00 00;Ïðèåì è àíàëèç ãëîáàëüíîé çàÿâêè;-;00;Çàïðîñû;çàÿâêà;0;AUTO
ÎÑÖ Ìîñêâà;Àðõèâ ¹1 Òîìèëèíî;ZZ 002 000 00 00;Ïðèåì è àíàëèç ãëîáàëüíîé çàÿâêè;-;00;Çàïðîñû;çàÿâêà;0;AUTO
ÎÑÖ Íèæíèé Íîâãîðîä;Âíå ïîäðàçäåëåíèé;ZZ 002 000 00 00;Ïðèåì è àíàëèç ãëîáàëüíîé çàÿâêè;-;00;Çàïðîñû;çàÿâêà;0;AUTO
ÎÑÖ Íèæíèé Íîâãîðîä;Àðõèâ ¹1 Íèæíèé Íîâãîðîä;ZZ 002 000 00 00;Ïðèåì è àíàëèç ãëîáàëüíîé çàÿâêè;-;00;Çàïðîñû;çàÿâêà;98,5;AUTO
ÎÑÖ Íîâîñèáèðñê;Âíå ïîäðàçäåëåíèé;ZZ 002 000 00 00;Ïðèåì è àíàëèç ãëîáàëüíîé çàÿâêè;-;00;Çàïðîñû;çàÿâêà;0;AUTO
ÎÑÖ Íîâîñèáèðñê;Àðõèâ ¹1 Íîâîñèáèðñê;ZZ 002 000 00 00;Ïðèåì è àíàëèç ãëîáàëüíîé çàÿâêè;-;00;Çàïðîñû;çàÿâêà;93,164;AUTO
ÎÑÖ Ñàìàðà;Âíå ïîäðàçäåëåíèé;ZZ 002 000 00 00;Ïðèåì è àíàëèç ãëîáàëüíîé çàÿâêè;-;00;Çàïðîñû;çàÿâêà;0;AUTO
ÎÑÖ Íîâîñèáèðñê;Àðõèâ ¹3 Åêàòåðèíáóðã;ZZ 002 000 00 00;Ïðèåì è àíàëèç ãëîáàëüíîé çàÿâêè;-;00;Çàïðîñû;çàÿâêà;0;AUTO
ÎÑÖ Ñàìàðà;Àðõèâ ¹1 Ñàìàðà;ZZ 002 000 00 00;Ïðèåì è àíàëèç ãëîáàëüíîé çàÿâêè;-;00;Çàïðîñû;çàÿâêà;0;AUTO
ÎÑÖ Âîðîíåæ;Âíå ïîäðàçäåëåíèé;ZZ 003 000 00 01;Ñîçäàíèå âíóòðåííåé çàÿâêè äëÿ èñïîëíåíèÿ;-;00;Çàïðîñû;çàÿâêà;0;AUTO
ÎÑÖ Âîðîíåæ;Àðõèâ ¹1 Âîðîíåæ;ZZ 003 000 00 01;Ñîçäàíèå âíóòðåííåé çàÿâêè äëÿ èñïîëíåíèÿ;-;00;Çàïðîñû;çàÿâêà;60,071;AUTO
ÎÑÖ Âîðîíåæ;Àðõèâ ¹3 Êàëèíèíãðàä;ZZ 003 000 00 01;Ñîçäàíèå âíóòðåííåé çàÿâêè äëÿ èñïîëíåíèÿ;-;00;Çàïðîñû;çàÿâêà;65,667;AUTO
ÎÑÖ Âîðîíåæ;Àðõèâ ¹4 Ñàíêò-Ïåòåðáóðã;ZZ 003 000 00 01;Ñîçäàíèå âíóòðåííåé çàÿâêè äëÿ èñïîëíåíèÿ;-;00;Çàïðîñû;çàÿâêà;45,133;AUTO
ÎÑÖ Ìîñêâà;Âíå ïîäðàçäåëåíèé;ZZ 003 000 00 01;Ñîçäàíèå âíóòðåííåé çàÿâêè äëÿ èñïîëíåíèÿ;-;00;Çàïðîñû;çàÿâêà;0;AUTO
ÎÑÖ Ìîñêâà;Àðõèâ ¹1 Òîìèëèíî;ZZ 003 000 00 01;Ñîçäàíèå âíóòðåííåé çàÿâêè äëÿ èñïîëíåíèÿ;-;00;Çàïðîñû;çàÿâêà;65,178;AUTO
ÎÑÖ Íèæíèé Íîâãîðîä;Âíå ïîäðàçäåëåíèé;ZZ 003 000 00 01;Ñîçäàíèå âíóòðåííåé çàÿâêè äëÿ èñïîëíåíèÿ;-;00;Çàïðîñû;çàÿâêà;0;AUTO
ÎÑÖ Íèæíèé Íîâãîðîä;Àðõèâ ¹1 Íèæíèé Íîâãîðîä;ZZ 003 000 00 01;Ñîçäàíèå âíóòðåííåé çàÿâêè äëÿ èñïîëíåíèÿ;-;00;Çàïðîñû;çàÿâêà;50,125;AUTO
ÎÑÖ Íîâîñèáèðñê;Âíå ïîäðàçäåëåíèé;ZZ 003 000 00 01;Ñîçäàíèå âíóòðåííåé çàÿâêè äëÿ èñïîëíåíèÿ;-;00;Çàïðîñû;çàÿâêà;0;AUTO
ÎÑÖ Íîâîñèáèðñê;Àðõèâ ¹1 Íîâîñèáèðñê;ZZ 003 000 00 01;Ñîçäàíèå âíóòðåííåé çàÿâêè äëÿ èñïîëíåíèÿ;-;00;Çàïðîñû;çàÿâêà;69,8;AUTO
ÎÑÖ Ñàìàðà;Âíå ïîäðàçäåëåíèé;ZZ 003 000 00 01;Ñîçäàíèå âíóòðåííåé çàÿâêè äëÿ èñïîëíåíèÿ;-;00;Çàïðîñû;çàÿâêà;0;AUTO
ÎÑÖ Íîâîñèáèðñê;Àðõèâ ¹3 Åêàòåðèíáóðã;ZZ 003 000 00 01;Ñîçäàíèå âíóòðåííåé çàÿâêè äëÿ èñïîëíåíèÿ;-;00;Çàïðîñû;çàÿâêà;65,933;AUTO
ÎÑÖ Ñàìàðà;Àðõèâ ¹1 Ñàìàðà;ZZ 003 000 00 01;Ñîçäàíèå âíóòðåííåé çàÿâêè äëÿ èñïîëíåíèÿ;-;00;Çàïðîñû;çàÿâêà;50;AUTO
ÎÑÖ Âîðîíåæ;Âíå ïîäðàçäåëåíèé;ZZ 003 000 00 02;Ñîçäàíèå âíóòðåííåé çàÿâêè äëÿ èñïîëíåíèÿ (äëÿ çàêðûòèÿ ïðè íåäîñòàòî÷íîñòè ðåêâèçèòîâ);-;00;Çàïðîñû;çàÿâêà;0;AUTO
ÎÑÖ Âîðîíåæ;Àðõèâ ¹1 Âîðîíåæ;ZZ 003 000 00 02;Ñîçäàíèå âíóòðåííåé çàÿâêè äëÿ èñïîëíåíèÿ (äëÿ çàêðûòèÿ ïðè íåäîñòàòî÷íîñòè ðåêâèçèòîâ);-;00;Çàïðîñû;çàÿâêà;0;AUTO
ÎÑÖ Âîðîíåæ;Àðõèâ ¹3 Êàëèíèíãðàä;ZZ 003 000 00 02;Ñîçäàíèå âíóòðåííåé çàÿâêè äëÿ èñïîëíåíèÿ (äëÿ çàêðûòèÿ ïðè íåäîñòàòî÷íîñòè ðåêâèçèòîâ);-;00;Çàïðîñû;çàÿâêà;0;AUTO
ÎÑÖ Âîðîíåæ;Àðõèâ ¹4 Ñàíêò-Ïåòåðáóðã;ZZ 003 000 00 02;Ñîçäàíèå âíóòðåííåé çàÿâêè äëÿ èñïîëíåíèÿ (äëÿ çàêðûòèÿ ïðè íåäîñòàòî÷íîñòè ðåêâèçèòîâ);-;00;Çàïðîñû;çàÿâêà;0;AUTO
ÎÑÖ Ìîñêâà;Âíå ïîäðàçäåëåíèé;ZZ 003 000 00 02;Ñîçäàíèå âíóòðåííåé çàÿâêè äëÿ èñïîëíåíèÿ (äëÿ çàêðûòèÿ ïðè íåäîñòàòî÷íîñòè ðåêâèçèòîâ);-;00;Çàïðîñû;çàÿâêà;0;AUTO
ÎÑÖ Ìîñêâà;Àðõèâ ¹1 Òîìèëèíî;ZZ 003 000 00 02;Ñîçäàíèå âíóòðåííåé çàÿâêè äëÿ èñïîëíåíèÿ (äëÿ çàêðûòèÿ ïðè íåäîñòàòî÷íîñòè ðåêâèçèòîâ);-;00;Çàïðîñû;çàÿâêà;0;AUTO
ÎÑÖ Íèæíèé Íîâãîðîä;Âíå ïîäðàçäåëåíèé;ZZ 003 000 00 02;Ñîçäàíèå âíóòðåííåé çàÿâêè äëÿ èñïîëíåíèÿ (äëÿ çàêðûòèÿ ïðè íåäîñòàòî÷íîñòè ðåêâèçèòîâ);-;00;Çàïðîñû;çàÿâêà;0;AUTO
ÎÑÖ Íèæíèé Íîâãîðîä;Àðõèâ ¹1 Íèæíèé Íîâãîðîä;ZZ 003 000 00 02;Ñîçäàíèå âíóòðåííåé çàÿâêè äëÿ èñïîëíåíèÿ (äëÿ çàêðûòèÿ ïðè íåäîñòàòî÷íîñòè ðåêâèçèòîâ);-;00;Çàïðîñû;çàÿâêà;45,2;AUTO
ÎÑÖ Íîâîñèáèðñê;Âíå ïîäðàçäåëåíèé;ZZ 003 000 00 02;Ñîçäàíèå âíóòðåííåé çàÿâêè äëÿ èñïîëíåíèÿ (äëÿ çàêðûòèÿ ïðè íåäîñòàòî÷íîñòè ðåêâèçèòîâ);-;00;Çàïðîñû;çàÿâêà;0;AUTO
ÎÑÖ Íîâîñèáèðñê;Àðõèâ ¹1 Íîâîñèáèðñê;ZZ 003 000 00 02;Ñîçäàíèå âíóòðåííåé çàÿâêè äëÿ èñïîëíåíèÿ (äëÿ çàêðûòèÿ ïðè íåäîñòàòî÷íîñòè ðåêâèçèòîâ);-;00;Çàïðîñû;çàÿâêà;44;AUTO
ÎÑÖ Ñàìàðà;Âíå ïîäðàçäåëåíèé;ZZ 003 000 00 02;Ñîçäàíèå âíóòðåííåé çàÿâêè äëÿ èñïîëíåíèÿ (äëÿ çàêðûòèÿ ïðè íåäîñòàòî÷íîñòè ðåêâèçèòîâ);-;00;Çàïðîñû;çàÿâêà;0;AUTO
ÎÑÖ Íîâîñèáèðñê;Àðõèâ ¹3 Åêàòåðèíáóðã;ZZ 003 000 00 02;Ñîçäàíèå âíóòðåííåé çàÿâêè äëÿ èñïîëíåíèÿ (äëÿ çàêðûòèÿ ïðè íåäîñòàòî÷íîñòè ðåêâèçèòîâ);-;00;Çàïðîñû;çàÿâêà;0;AUTO
ÎÑÖ Ñàìàðà;Àðõèâ ¹1 Ñàìàðà;ZZ 003 000 00 02;Ñîçäàíèå âíóòðåííåé çàÿâêè äëÿ èñïîëíåíèÿ (äëÿ çàêðûòèÿ ïðè íåäîñòàòî÷íîñòè ðåêâèçèòîâ);-;00;Çàïðîñû;çàÿâêà;0;AUTO
ÎÑÖ Âîðîíåæ;Âíå ïîäðàçäåëåíèé;KI 000 000 00 01;Ïðèåì îáðàáîòêà è èñïîëíåíèå çàÿâêè íà êîðîáà ñ èñïîë.äîêóìåíòàìè;-;00;Çàïðîñû;êîðîá;0;AUTO
ÎÑÖ Âîðîíåæ;Àðõèâ ¹1 Âîðîíåæ;KI 000 000 00 01;Ïðèåì îáðàáîòêà è èñïîëíåíèå çàÿâêè íà êîðîáà ñ èñïîë.äîêóìåíòàìè;-;00;Çàïðîñû;êîðîá;0;AUTO
ÎÑÖ Âîðîíåæ;Àðõèâ ¹3 Êàëèíèíãðàä;KI 000 000 00 01;Ïðèåì îáðàáîòêà è èñïîëíåíèå çàÿâêè íà êîðîáà ñ èñïîë.äîêóìåíòàìè;-;00;Çàïðîñû;êîðîá;0;AUTO
ÎÑÖ Âîðîíåæ;Àðõèâ ¹4 Ñàíêò-Ïåòåðáóðã;KI 000 000 00 01;Ïðèåì îáðàáîòêà è èñïîëíåíèå çàÿâêè íà êîðîáà ñ èñïîë.äîêóìåíòàìè;-;00;Çàïðîñû;êîðîá;52,075;AUTO
ÎÑÖ Ìîñêâà;Âíå ïîäðàçäåëåíèé;KI 000 000 00 01;Ïðèåì îáðàáîòêà è èñïîëíåíèå çàÿâêè íà êîðîáà ñ èñïîë.äîêóìåíòàìè;-;00;Çàïðîñû;êîðîá;0;AUTO
ÎÑÖ Ìîñêâà;Àðõèâ ¹1 Òîìèëèíî;KI 000 000 00 01;Ïðèåì îáðàáîòêà è èñïîëíåíèå çàÿâêè íà êîðîáà ñ èñïîë.äîêóìåíòàìè;-;00;Çàïðîñû;êîðîá;0;AUTO
ÎÑÖ Íèæíèé Íîâãîðîä;Âíå ïîäðàçäåëåíèé;KI 000 000 00 01;Ïðèåì îáðàáîòêà è èñïîëíåíèå çàÿâêè íà êîðîáà ñ èñïîë.äîêóìåíòàìè;-;00;Çàïðîñû;êîðîá;0;AUTO
ÎÑÖ Íèæíèé Íîâãîðîä;Àðõèâ ¹1 Íèæíèé Íîâãîðîä;KI 000 000 00 01;Ïðèåì îáðàáîòêà è èñïîëíåíèå çàÿâêè íà êîðîáà ñ èñïîë.äîêóìåíòàìè;-;00;Çàïðîñû;êîðîá;0;AUTO
ÎÑÖ Íîâîñèáèðñê;Âíå ïîäðàçäåëåíèé;KI 000 000 00 01;Ïðèåì îáðàáîòêà è èñïîëíåíèå çàÿâêè íà êîðîáà ñ èñïîë.äîêóìåíòàìè;-;00;Çàïðîñû;êîðîá;0;AUTO
ÎÑÖ Íîâîñèáèðñê;Àðõèâ ¹1 Íîâîñèáèðñê;KI 000 000 00 01;Ïðèåì îáðàáîòêà è èñïîëíåíèå çàÿâêè íà êîðîáà ñ èñïîë.äîêóìåíòàìè;-;00;Çàïðîñû;êîðîá;0;AUTO
ÎÑÖ Ñàìàðà;Âíå ïîäðàçäåëåíèé;KI 000 000 00 01;Ïðèåì îáðàáîòêà è èñïîëíåíèå çàÿâêè íà êîðîáà ñ èñïîë.äîêóìåíòàìè;-;00;Çàïðîñû;êîðîá;0;AUTO
ÎÑÖ Íîâîñèáèðñê;Àðõèâ ¹3 Åêàòåðèíáóðã;KI 000 000 00 01;Ïðèåì îáðàáîòêà è èñïîëíåíèå çàÿâêè íà êîðîáà ñ èñïîë.äîêóìåíòàìè;-;00;Çàïðîñû;êîðîá;52,475;AUTO
ÎÑÖ Ñàìàðà;Àðõèâ ¹1 Ñàìàðà;KI 000 000 00 01;Ïðèåì îáðàáîòêà è èñïîëíåíèå çàÿâêè íà êîðîáà ñ èñïîë.äîêóìåíòàìè;-;00;Çàïðîñû;êîðîá;0;AUTO
ÎÑÖ Âîðîíåæ;Âíå ïîäðàçäåëåíèé;SZ 206 000 00 00;Ïðèåì îòðàáîòàííûõ êîðîáîâ ñ èñïîëíèòåëüíûìè äîêóìåíòàìè èç ÓÑÒÇÏ;-;00;Çàïðîñû;êîðîá;0;RUCH
ÎÑÖ Âîðîíåæ;Àðõèâ ¹1 Âîðîíåæ;SZ 206 000 00 00;Ïðèåì îòðàáîòàííûõ êîðîáîâ ñ èñïîëíèòåëüíûìè äîêóìåíòàìè èç ÓÑÒÇÏ;-;00;Çàïðîñû;êîðîá;0;RUCH
ÎÑÖ Âîðîíåæ;Àðõèâ ¹3 Êàëèíèíãðàä;SZ 206 000 00 00;Ïðèåì îòðàáîòàííûõ êîðîáîâ ñ èñïîëíèòåëüíûìè äîêóìåíòàìè èç ÓÑÒÇÏ;-;00;Çàïðîñû;êîðîá;0;RUCH
ÎÑÖ Âîðîíåæ;Àðõèâ ¹4 Ñàíêò-Ïåòåðáóðã;SZ 206 000 00 00;Ïðèåì îòðàáîòàííûõ êîðîáîâ ñ èñïîëíèòåëüíûìè äîêóìåíòàìè èç ÓÑÒÇÏ;-;00;Çàïðîñû;êîðîá;10,498;RUCH
ÎÑÖ Ìîñêâà;Âíå ïîäðàçäåëåíèé;SZ 206 000 00 00;Ïðèåì îòðàáîòàííûõ êîðîáîâ ñ èñïîëíèòåëüíûìè äîêóìåíòàìè èç ÓÑÒÇÏ;-;00;Çàïðîñû;êîðîá;0;RUCH
ÎÑÖ Ìîñêâà;Àðõèâ ¹1 Òîìèëèíî;SZ 206 000 00 00;Ïðèåì îòðàáîòàííûõ êîðîáîâ ñ èñïîëíèòåëüíûìè äîêóìåíòàìè èç ÓÑÒÇÏ;-;00;Çàïðîñû;êîðîá;0;RUCH
ÎÑÖ Íèæíèé Íîâãîðîä;Âíå ïîäðàçäåëåíèé;SZ 206 000 00 00;Ïðèåì îòðàáîòàííûõ êîðîáîâ ñ èñïîëíèòåëüíûìè äîêóìåíòàìè èç ÓÑÒÇÏ;-;00;Çàïðîñû;êîðîá;0;RUCH
ÎÑÖ Íèæíèé Íîâãîðîä;Àðõèâ ¹1 Íèæíèé Íîâãîðîä;SZ 206 000 00 00;Ïðèåì îòðàáîòàííûõ êîðîáîâ ñ èñïîëíèòåëüíûìè äîêóìåíòàìè èç ÓÑÒÇÏ;-;00;Çàïðîñû;êîðîá;0;RUCH
ÎÑÖ Íîâîñèáèðñê;Âíå ïîäðàçäåëåíèé;SZ 206 000 00 00;Ïðèåì îòðàáîòàííûõ êîðîáîâ ñ èñïîëíèòåëüíûìè äîêóìåíòàìè èç ÓÑÒÇÏ;-;00;Çàïðîñû;êîðîá;0;RUCH
ÎÑÖ Íîâîñèáèðñê;Àðõèâ ¹1 Íîâîñèáèðñê;SZ 206 000 00 00;Ïðèåì îòðàáîòàííûõ êîðîáîâ ñ èñïîëíèòåëüíûìè äîêóìåíòàìè èç ÓÑÒÇÏ;-;00;Çàïðîñû;êîðîá;0;RUCH
ÎÑÖ Ñàìàðà;Âíå ïîäðàçäåëåíèé;SZ 206 000 00 00;Ïðèåì îòðàáîòàííûõ êîðîáîâ ñ èñïîëíèòåëüíûìè äîêóìåíòàìè èç ÓÑÒÇÏ;-;00;Çàïðîñû;êîðîá;0;RUCH
ÎÑÖ Íîâîñèáèðñê;Àðõèâ ¹3 Åêàòåðèíáóðã;SZ 206 000 00 00;Ïðèåì îòðàáîòàííûõ êîðîáîâ ñ èñïîëíèòåëüíûìè äîêóìåíòàìè èç ÓÑÒÇÏ;-;00;Çàïðîñû;êîðîá;10,433;RUCH
ÎÑÖ Ñàìàðà;Àðõèâ ¹1 Ñàìàðà;SZ 206 000 00 00;Ïðèåì îòðàáîòàííûõ êîðîáîâ ñ èñïîëíèòåëüíûìè äîêóìåíòàìè èç ÓÑÒÇÏ;-;00;Çàïðîñû;êîðîá;0;RUCH
ÎÑÖ Âîðîíåæ;Âíå ïîäðàçäåëåíèé;RS 149 000 00 00;Ïðèâÿçêà ýëåêòðîííîãî äîêóìåíòà âðó÷íóþ ê ñóùåñòâóþùåìó â ÀÑ ÖÀÐÑ äîãîâîðó;;00;Ðåãèñòðàöèÿ;äîêóìåíò;0;AUTO
ÎÑÖ Âîðîíåæ;Àðõèâ ¹1 Âîðîíåæ;RS 149 000 00 00;Ïðèâÿçêà ýëåêòðîííîãî äîêóìåíòà âðó÷íóþ ê ñóùåñòâóþùåìó â ÀÑ ÖÀÐÑ äîãîâîðó;;00;Ðåãèñòðàöèÿ;äîêóìåíò;143,676;AUTO
ÎÑÖ Âîðîíåæ;Àðõèâ ¹3 Êàëèíèíãðàä;RS 149 000 00 00;Ïðèâÿçêà ýëåêòðîííîãî äîêóìåíòà âðó÷íóþ ê ñóùåñòâóþùåìó â ÀÑ ÖÀÐÑ äîãîâîðó;;00;Ðåãèñòðàöèÿ;äîêóìåíò;130,933;AUTO
ÎÑÖ Âîðîíåæ;Àðõèâ ¹4 Ñàíêò-Ïåòåðáóðã;RS 149 000 00 00;Ïðèâÿçêà ýëåêòðîííîãî äîêóìåíòà âðó÷íóþ ê ñóùåñòâóþùåìó â ÀÑ ÖÀÐÑ äîãîâîðó;;00;Ðåãèñòðàöèÿ;äîêóìåíò;143,033;AUTO
ÎÑÖ Ìîñêâà;Âíå ïîäðàçäåëåíèé;RS 149 000 00 00;Ïðèâÿçêà ýëåêòðîííîãî äîêóìåíòà âðó÷íóþ ê ñóùåñòâóþùåìó â ÀÑ ÖÀÐÑ äîãîâîðó;;00;Ðåãèñòðàöèÿ;äîêóìåíò;0;AUTO
ÎÑÖ Ìîñêâà;Àðõèâ ¹1 Òîìèëèíî;RS 149 000 00 00;Ïðèâÿçêà ýëåêòðîííîãî äîêóìåíòà âðó÷íóþ ê ñóùåñòâóþùåìó â ÀÑ ÖÀÐÑ äîãîâîðó;;00;Ðåãèñòðàöèÿ;äîêóìåíò;124,833;AUTO
ÎÑÖ Íèæíèé Íîâãîðîä;Âíå ïîäðàçäåëåíèé;RS 149 000 00 00;Ïðèâÿçêà ýëåêòðîííîãî äîêóìåíòà âðó÷íóþ ê ñóùåñòâóþùåìó â ÀÑ ÖÀÐÑ äîãîâîðó;;00;Ðåãèñòðàöèÿ;äîêóìåíò;0;AUTO
ÎÑÖ Íèæíèé Íîâãîðîä;Àðõèâ ¹1 Íèæíèé Íîâãîðîä;RS 149 000 00 00;Ïðèâÿçêà ýëåêòðîííîãî äîêóìåíòà âðó÷íóþ ê ñóùåñòâóþùåìó â ÀÑ ÖÀÐÑ äîãîâîðó;;00;Ðåãèñòðàöèÿ;äîêóìåíò;127,429;AUTO
ÎÑÖ Íîâîñèáèðñê;Âíå ïîäðàçäåëåíèé;RS 149 000 00 00;Ïðèâÿçêà ýëåêòðîííîãî äîêóìåíòà âðó÷íóþ ê ñóùåñòâóþùåìó â ÀÑ ÖÀÐÑ äîãîâîðó;;00;Ðåãèñòðàöèÿ;äîêóìåíò;0;AUTO
ÎÑÖ Íîâîñèáèðñê;Àðõèâ ¹1 Íîâîñèáèðñê;RS 149 000 00 00;Ïðèâÿçêà ýëåêòðîííîãî äîêóìåíòà âðó÷íóþ ê ñóùåñòâóþùåìó â ÀÑ ÖÀÐÑ äîãîâîðó;;00;Ðåãèñòðàöèÿ;äîêóìåíò;136,769;AUTO
ÎÑÖ Ñàìàðà;Âíå ïîäðàçäåëåíèé;RS 149 000 00 00;Ïðèâÿçêà ýëåêòðîííîãî äîêóìåíòà âðó÷íóþ ê ñóùåñòâóþùåìó â ÀÑ ÖÀÐÑ äîãîâîðó;;00;Ðåãèñòðàöèÿ;äîêóìåíò;0;AUTO
ÎÑÖ Íîâîñèáèðñê;Àðõèâ ¹3 Åêàòåðèíáóðã;RS 149 000 00 00;Ïðèâÿçêà ýëåêòðîííîãî äîêóìåíòà âðó÷íóþ ê ñóùåñòâóþùåìó â ÀÑ ÖÀÐÑ äîãîâîðó;;00;Ðåãèñòðàöèÿ;äîêóìåíò;131,119;AUTO
ÎÑÖ Ñàìàðà;Àðõèâ ¹1 Ñàìàðà;RS 149 000 00 00;Ïðèâÿçêà ýëåêòðîííîãî äîêóìåíòà âðó÷íóþ ê ñóùåñòâóþùåìó â ÀÑ ÖÀÐÑ äîãîâîðó;;00;Ðåãèñòðàöèÿ;äîêóìåíò;121,419;AUTO
ÎÑÖ Âîðîíåæ;Âíå ïîäðàçäåëåíèé;RS 147 000 00 00;Ñîçäàíèå íîâîé çàïèñè äîãîâîðà êëèåíòà â ÀÑ ÖÀÐÑ ÷åðåç ?Ðó÷íîé ó÷¸ò?;;00;Ðåãèñòðàöèÿ;çàïèñü;0;AUTO
ÎÑÖ Âîðîíåæ;Àðõèâ ¹1 Âîðîíåæ;RS 147 000 00 00;Ñîçäàíèå íîâîé çàïèñè äîãîâîðà êëèåíòà â ÀÑ ÖÀÐÑ ÷åðåç ?Ðó÷íîé ó÷¸ò?;;00;Ðåãèñòðàöèÿ;çàïèñü;0;AUTO
ÎÑÖ Âîðîíåæ;Àðõèâ ¹3 Êàëèíèíãðàä;RS 147 000 00 00;Ñîçäàíèå íîâîé çàïèñè äîãîâîðà êëèåíòà â ÀÑ ÖÀÐÑ ÷åðåç ?Ðó÷íîé ó÷¸ò?;;00;Ðåãèñòðàöèÿ;çàïèñü;60,233;AUTO
ÎÑÖ Âîðîíåæ;Àðõèâ ¹4 Ñàíêò-Ïåòåðáóðã;RS 147 000 00 00;Ñîçäàíèå íîâîé çàïèñè äîãîâîðà êëèåíòà â ÀÑ ÖÀÐÑ ÷åðåç ?Ðó÷íîé ó÷¸ò?;;00;Ðåãèñòðàöèÿ;çàïèñü;0;AUTO
ÎÑÖ Ìîñêâà;Âíå ïîäðàçäåëåíèé;RS 147 000 00 00;Ñîçäàíèå íîâîé çàïèñè äîãîâîðà êëèåíòà â ÀÑ ÖÀÐÑ ÷åðåç ?Ðó÷íîé ó÷¸ò?;;00;Ðåãèñòðàöèÿ;çàïèñü;0;AUTO
ÎÑÖ Ìîñêâà;Àðõèâ ¹1 Òîìèëèíî;RS 147 000 00 00;Ñîçäàíèå íîâîé çàïèñè äîãîâîðà êëèåíòà â ÀÑ ÖÀÐÑ ÷åðåç ?Ðó÷íîé ó÷¸ò?;;00;Ðåãèñòðàöèÿ;çàïèñü;0;AUTO
ÎÑÖ Íèæíèé Íîâãîðîä;Âíå ïîäðàçäåëåíèé;RS 147 000 00 00;Ñîçäàíèå íîâîé çàïèñè äîãîâîðà êëèåíòà â ÀÑ ÖÀÐÑ ÷åðåç ?Ðó÷íîé ó÷¸ò?;;00;Ðåãèñòðàöèÿ;çàïèñü;0;AUTO
ÎÑÖ Íèæíèé Íîâãîðîä;Àðõèâ ¹1 Íèæíèé Íîâãîðîä;RS 147 000 00 00;Ñîçäàíèå íîâîé çàïèñè äîãîâîðà êëèåíòà â ÀÑ ÖÀÐÑ ÷åðåç ?Ðó÷íîé ó÷¸ò?;;00;Ðåãèñòðàöèÿ;çàïèñü;60,3;AUTO
ÎÑÖ Íîâîñèáèðñê;Âíå ïîäðàçäåëåíèé;RS 147 000 00 00;Ñîçäàíèå íîâîé çàïèñè äîãîâîðà êëèåíòà â ÀÑ ÖÀÐÑ ÷åðåç ?Ðó÷íîé ó÷¸ò?;;00;Ðåãèñòðàöèÿ;çàïèñü;0;AUTO
ÎÑÖ Íîâîñèáèðñê;Àðõèâ ¹1 Íîâîñèáèðñê;RS 147 000 00 00;Ñîçäàíèå íîâîé çàïèñè äîãîâîðà êëèåíòà â ÀÑ ÖÀÐÑ ÷åðåç ?Ðó÷íîé ó÷¸ò?;;00;Ðåãèñòðàöèÿ;çàïèñü;58,286;AUTO
ÎÑÖ Ñàìàðà;Âíå ïîäðàçäåëåíèé;RS 147 000 00 00;Ñîçäàíèå íîâîé çàïèñè äîãîâîðà êëèåíòà â ÀÑ ÖÀÐÑ ÷åðåç ?Ðó÷íîé ó÷¸ò?;;00;Ðåãèñòðàöèÿ;çàïèñü;0;AUTO
ÎÑÖ Íîâîñèáèðñê;Àðõèâ ¹3 Åêàòåðèíáóðã;RS 147 000 00 00;Ñîçäàíèå íîâîé çàïèñè äîãîâîðà êëèåíòà â ÀÑ ÖÀÐÑ ÷åðåç ?Ðó÷íîé ó÷¸ò?;;00;Ðåãèñòðàöèÿ;çàïèñü;60,088;AUTO
ÎÑÖ Ñàìàðà;Àðõèâ ¹1 Ñàìàðà;RS 147 000 00 00;Ñîçäàíèå íîâîé çàïèñè äîãîâîðà êëèåíòà â ÀÑ ÖÀÐÑ ÷åðåç ?Ðó÷íîé ó÷¸ò?;;00;Ðåãèñòðàöèÿ;çàïèñü;60,65;AUTO
ÎÑÖ Âîðîíåæ;Âíå ïîäðàçäåëåíèé;SR 320 000 00 00;Ðàçìåùåíèå ýëåêòðîííûõ ñîîáùåíèé íà ðåñóðñå;-;00;Ðåãèñòðàöèÿ;ñîîáùåíèå;0;RUCH
ÎÑÖ Âîðîíåæ;Àðõèâ ¹1 Âîðîíåæ;SR 320 000 00 00;Ðàçìåùåíèå ýëåêòðîííûõ ñîîáùåíèé íà ðåñóðñå;-;00;Ðåãèñòðàöèÿ;ñîîáùåíèå;19,258;RUCH
ÎÑÖ Âîðîíåæ;Àðõèâ ¹3 Êàëèíèíãðàä;SR 320 000 00 00;Ðàçìåùåíèå ýëåêòðîííûõ ñîîáùåíèé íà ðåñóðñå;-;00;Ðåãèñòðàöèÿ;ñîîáùåíèå;19,167;RUCH
ÎÑÖ Âîðîíåæ;Àðõèâ ¹4 Ñàíêò-Ïåòåðáóðã;SR 320 000 00 00;Ðàçìåùåíèå ýëåêòðîííûõ ñîîáùåíèé íà ðåñóðñå;-;00;Ðåãèñòðàöèÿ;ñîîáùåíèå;21,5;RUCH
ÎÑÖ Ìîñêâà;Âíå ïîäðàçäåëåíèé;SR 320 000 00 00;Ðàçìåùåíèå ýëåêòðîííûõ ñîîáùåíèé íà ðåñóðñå;-;00;Ðåãèñòðàöèÿ;ñîîáùåíèå;0;RUCH
ÎÑÖ Ìîñêâà;Àðõèâ ¹1 Òîìèëèíî;SR 320 000 00 00;Ðàçìåùåíèå ýëåêòðîííûõ ñîîáùåíèé íà ðåñóðñå;-;00;Ðåãèñòðàöèÿ;ñîîáùåíèå;19,259;RUCH
ÎÑÖ Íèæíèé Íîâãîðîä;Âíå ïîäðàçäåëåíèé;SR 320 000 00 00;Ðàçìåùåíèå ýëåêòðîííûõ ñîîáùåíèé íà ðåñóðñå;-;00;Ðåãèñòðàöèÿ;ñîîáùåíèå;0;RUCH
ÎÑÖ Íèæíèé Íîâãîðîä;Àðõèâ ¹1 Íèæíèé Íîâãîðîä;SR 320 000 00 00;Ðàçìåùåíèå ýëåêòðîííûõ ñîîáùåíèé íà ðåñóðñå;-;00;Ðåãèñòðàöèÿ;ñîîáùåíèå;19,978;RUCH
ÎÑÖ Íîâîñèáèðñê;Âíå ïîäðàçäåëåíèé;SR 320 000 00 00;Ðàçìåùåíèå ýëåêòðîííûõ ñîîáùåíèé íà ðåñóðñå;-;00;Ðåãèñòðàöèÿ;ñîîáùåíèå;0;RUCH
ÎÑÖ Íîâîñèáèðñê;Àðõèâ ¹1 Íîâîñèáèðñê;SR 320 000 00 00;Ðàçìåùåíèå ýëåêòðîííûõ ñîîáùåíèé íà ðåñóðñå;-;00;Ðåãèñòðàöèÿ;ñîîáùåíèå;20,227;RUCH
ÎÑÖ Ñàìàðà;Âíå ïîäðàçäåëåíèé;SR 320 000 00 00;Ðàçìåùåíèå ýëåêòðîííûõ ñîîáùåíèé íà ðåñóðñå;-;00;Ðåãèñòðàöèÿ;ñîîáùåíèå;0;RUCH
ÎÑÖ Íîâîñèáèðñê;Àðõèâ ¹3 Åêàòåðèíáóðã;SR 320 000 00 00;Ðàçìåùåíèå ýëåêòðîííûõ ñîîáùåíèé íà ðåñóðñå;-;00;Ðåãèñòðàöèÿ;ñîîáùåíèå;19,35;RUCH
ÎÑÖ Ñàìàðà;Àðõèâ ¹1 Ñàìàðà;SR 320 000 00 00;Ðàçìåùåíèå ýëåêòðîííûõ ñîîáùåíèé íà ðåñóðñå;-;00;Ðåãèñòðàöèÿ;ñîîáùåíèå;19,967;RUCH
ÎÑÖ Âîðîíåæ;Âíå ïîäðàçäåëåíèé;SR 321 000 00 00;Ïîèñê äîïîëíèòåëüíûõ ðåêâèçèòîâ äëÿ ðåãèñòðàöèè â ÀÑ ÖÀÐÑ ïðè íåêîððåêòíîé ïåðåäà÷è äîêóìåíòîâ ïî ÁÏ;-;00;Ðåãèñòðàöèÿ;äîñüå;0;RUCH
ÎÑÖ Âîðîíåæ;Àðõèâ ¹1 Âîðîíåæ;SR 321 000 00 00;Ïîèñê äîïîëíèòåëüíûõ ðåêâèçèòîâ äëÿ ðåãèñòðàöèè â ÀÑ ÖÀÐÑ ïðè íåêîððåêòíîé ïåðåäà÷è äîêóìåíòîâ ïî ÁÏ;-;00;Ðåãèñòðàöèÿ;äîñüå;80,101;RUCH
ÎÑÖ Âîðîíåæ;Àðõèâ ¹3 Êàëèíèíãðàä;SR 321 000 00 00;Ïîèñê äîïîëíèòåëüíûõ ðåêâèçèòîâ äëÿ ðåãèñòðàöèè â ÀÑ ÖÀÐÑ ïðè íåêîððåêòíîé ïåðåäà÷è äîêóìåíòîâ ïî ÁÏ;-;00;Ðåãèñòðàöèÿ;äîñüå;69,55;RUCH
ÎÑÖ Âîðîíåæ;Àðõèâ ¹4 Ñàíêò-Ïåòåðáóðã;SR 321 000 00 00;Ïîèñê äîïîëíèòåëüíûõ ðåêâèçèòîâ äëÿ ðåãèñòðàöèè â ÀÑ ÖÀÐÑ ïðè íåêîððåêòíîé ïåðåäà÷è äîêóìåíòîâ ïî ÁÏ;-;00;Ðåãèñòðàöèÿ;äîñüå;81,233;RUCH
ÎÑÖ Ìîñêâà;Âíå ïîäðàçäåëåíèé;SR 321 000 00 00;Ïîèñê äîïîëíèòåëüíûõ ðåêâèçèòîâ äëÿ ðåãèñòðàöèè â ÀÑ ÖÀÐÑ ïðè íåêîððåêòíîé ïåðåäà÷è äîêóìåíòîâ ïî ÁÏ;-;00;Ðåãèñòðàöèÿ;äîñüå;0;RUCH
ÎÑÖ Ìîñêâà;Àðõèâ ¹1 Òîìèëèíî;SR 321 000 00 00;Ïîèñê äîïîëíèòåëüíûõ ðåêâèçèòîâ äëÿ ðåãèñòðàöèè â ÀÑ ÖÀÐÑ ïðè íåêîððåêòíîé ïåðåäà÷è äîêóìåíòîâ ïî ÁÏ;-;00;Ðåãèñòðàöèÿ;äîñüå;70,065;RUCH
ÎÑÖ Íèæíèé Íîâãîðîä;Âíå ïîäðàçäåëåíèé;SR 321 000 00 00;Ïîèñê äîïîëíèòåëüíûõ ðåêâèçèòîâ äëÿ ðåãèñòðàöèè â ÀÑ ÖÀÐÑ ïðè íåêîððåêòíîé ïåðåäà÷è äîêóìåíòîâ ïî ÁÏ;-;00;Ðåãèñòðàöèÿ;äîñüå;0;RUCH
ÎÑÖ Íèæíèé Íîâãîðîä;Àðõèâ ¹1 Íèæíèé Íîâãîðîä;SR 321 000 00 00;Ïîèñê äîïîëíèòåëüíûõ ðåêâèçèòîâ äëÿ ðåãèñòðàöèè â ÀÑ ÖÀÐÑ ïðè íåêîððåêòíîé ïåðåäà÷è äîêóìåíòîâ ïî ÁÏ;-;00;Ðåãèñòðàöèÿ;äîñüå;70,899;RUCH
ÎÑÖ Íîâîñèáèðñê;Âíå ïîäðàçäåëåíèé;SR 321 000 00 00;Ïîèñê äîïîëíèòåëüíûõ ðåêâèçèòîâ äëÿ ðåãèñòðàöèè â ÀÑ ÖÀÐÑ ïðè íåêîððåêòíîé ïåðåäà÷è äîêóìåíòîâ ïî ÁÏ;-;00;Ðåãèñòðàöèÿ;äîñüå;0;RUCH
ÎÑÖ Íîâîñèáèðñê;Àðõèâ ¹1 Íîâîñèáèðñê;SR 321 000 00 00;Ïîèñê äîïîëíèòåëüíûõ ðåêâèçèòîâ äëÿ ðåãèñòðàöèè â ÀÑ ÖÀÐÑ ïðè íåêîððåêòíîé ïåðåäà÷è äîêóìåíòîâ ïî ÁÏ;-;00;Ðåãèñòðàöèÿ;äîñüå;78,967;RUCH
ÎÑÖ Ñàìàðà;Âíå ïîäðàçäåëåíèé;SR 321 000 00 00;Ïîèñê äîïîëíèòåëüíûõ ðåêâèçèòîâ äëÿ ðåãèñòðàöèè â ÀÑ ÖÀÐÑ ïðè íåêîððåêòíîé ïåðåäà÷è äîêóìåíòîâ ïî ÁÏ;-;00;Ðåãèñòðàöèÿ;äîñüå;0;RUCH
ÎÑÖ Íîâîñèáèðñê;Àðõèâ ¹3 Åêàòåðèíáóðã;SR 321 000 00 00;Ïîèñê äîïîëíèòåëüíûõ ðåêâèçèòîâ äëÿ ðåãèñòðàöèè â ÀÑ ÖÀÐÑ ïðè íåêîððåêòíîé ïåðåäà÷è äîêóìåíòîâ ïî ÁÏ;-;00;Ðåãèñòðàöèÿ;äîñüå;81,35;RUCH
ÎÑÖ Ñàìàðà;Àðõèâ ¹1 Ñàìàðà;SR 321 000 00 00;Ïîèñê äîïîëíèòåëüíûõ ðåêâèçèòîâ äëÿ ðåãèñòðàöèè â ÀÑ ÖÀÐÑ ïðè íåêîððåêòíîé ïåðåäà÷è äîêóìåíòîâ ïî ÁÏ;-;00;Ðåãèñòðàöèÿ;äîñüå;76,465;RUCH
ÎÑÖ Âîðîíåæ;Âíå ïîäðàçäåëåíèé;SZ 207 000 00 00;Àíàëèç ôàéëà ïîñëå îáðàáîòêè ðîáîòîì;-;00;Çàïðîñû;ñòðîêà;0;RUCH
ÎÑÖ Âîðîíåæ;Àðõèâ ¹1 Âîðîíåæ;SZ 207 000 00 00;Àíàëèç ôàéëà ïîñëå îáðàáîòêè ðîáîòîì;-;00;Çàïðîñû;ñòðîêà;80,11;RUCH
ÎÑÖ Âîðîíåæ;Àðõèâ ¹3 Êàëèíèíãðàä;SZ 207 000 00 00;Àíàëèç ôàéëà ïîñëå îáðàáîòêè ðîáîòîì;-;00;Çàïðîñû;ñòðîêà;0;RUCH
ÎÑÖ Âîðîíåæ;Àðõèâ ¹4 Ñàíêò-Ïåòåðáóðã;SZ 207 000 00 00;Àíàëèç ôàéëà ïîñëå îáðàáîòêè ðîáîòîì;-;00;Çàïðîñû;ñòðîêà;80,257;RUCH
ÎÑÖ Ìîñêâà;Âíå ïîäðàçäåëåíèé;SZ 207 000 00 00;Àíàëèç ôàéëà ïîñëå îáðàáîòêè ðîáîòîì;-;00;Çàïðîñû;ñòðîêà;0;RUCH
ÎÑÖ Ìîñêâà;Àðõèâ ¹1 Òîìèëèíî;SZ 207 000 00 00;Àíàëèç ôàéëà ïîñëå îáðàáîòêè ðîáîòîì;-;00;Çàïðîñû;ñòðîêà;80,859;RUCH
ÎÑÖ Íèæíèé Íîâãîðîä;Âíå ïîäðàçäåëåíèé;SZ 207 000 00 00;Àíàëèç ôàéëà ïîñëå îáðàáîòêè ðîáîòîì;-;00;Çàïðîñû;ñòðîêà;0;RUCH
ÎÑÖ Íèæíèé Íîâãîðîä;Àðõèâ ¹1 Íèæíèé Íîâãîðîä;SZ 207 000 00 00;Àíàëèç ôàéëà ïîñëå îáðàáîòêè ðîáîòîì;-;00;Çàïðîñû;ñòðîêà;80,153;RUCH
ÎÑÖ Íîâîñèáèðñê;Âíå ïîäðàçäåëåíèé;SZ 207 000 00 00;Àíàëèç ôàéëà ïîñëå îáðàáîòêè ðîáîòîì;-;00;Çàïðîñû;ñòðîêà;0;RUCH
ÎÑÖ Íîâîñèáèðñê;Àðõèâ ¹1 Íîâîñèáèðñê;SZ 207 000 00 00;Àíàëèç ôàéëà ïîñëå îáðàáîòêè ðîáîòîì;-;00;Çàïðîñû;ñòðîêà;80,377;RUCH
ÎÑÖ Ñàìàðà;Âíå ïîäðàçäåëåíèé;SZ 207 000 00 00;Àíàëèç ôàéëà ïîñëå îáðàáîòêè ðîáîòîì;-;00;Çàïðîñû;ñòðîêà;0;RUCH
ÎÑÖ Íîâîñèáèðñê;Àðõèâ ¹3 Åêàòåðèíáóðã;SZ 207 000 00 00;Àíàëèç ôàéëà ïîñëå îáðàáîòêè ðîáîòîì;-;00;Çàïðîñû;ñòðîêà;83,176;RUCH
ÎÑÖ Ñàìàðà;Àðõèâ ¹1 Ñàìàðà;SZ 207 000 00 00;Àíàëèç ôàéëà ïîñëå îáðàáîòêè ðîáîòîì;-;00;Çàïðîñû;ñòðîêà;80,267;RUCH
ÎÑÖ Âîðîíåæ;Âíå ïîäðàçäåëåíèé;SZ 208 000 00 00;Çàïîëíåíèå Ïðèëîæåíèÿ ê ÑÇ ïîñòðî÷íî;-;00;Çàïðîñû;ñòðîêà;0;RUCH
ÎÑÖ Âîðîíåæ;Àðõèâ ¹1 Âîðîíåæ;SZ 208 000 00 00;Çàïîëíåíèå Ïðèëîæåíèÿ ê ÑÇ ïîñòðî÷íî;-;00;Çàïðîñû;ñòðîêà;25,37;RUCH
ÎÑÖ Âîðîíåæ;Àðõèâ ¹3 Êàëèíèíãðàä;SZ 208 000 00 00;Çàïîëíåíèå Ïðèëîæåíèÿ ê ÑÇ ïîñòðî÷íî;-;00;Çàïðîñû;ñòðîêà;26,771;RUCH
ÎÑÖ Âîðîíåæ;Àðõèâ ¹4 Ñàíêò-Ïåòåðáóðã;SZ 208 000 00 00;Çàïîëíåíèå Ïðèëîæåíèÿ ê ÑÇ ïîñòðî÷íî;-;00;Çàïðîñû;ñòðîêà;24,266;RUCH
ÎÑÖ Ìîñêâà;Âíå ïîäðàçäåëåíèé;SZ 208 000 00 00;Çàïîëíåíèå Ïðèëîæåíèÿ ê ÑÇ ïîñòðî÷íî;-;00;Çàïðîñû;ñòðîêà;0;RUCH
ÎÑÖ Ìîñêâà;Àðõèâ ¹1 Òîìèëèíî;SZ 208 000 00 00;Çàïîëíåíèå Ïðèëîæåíèÿ ê ÑÇ ïîñòðî÷íî;-;00;Çàïðîñû;ñòðîêà;26,146;RUCH
ÎÑÖ Íèæíèé Íîâãîðîä;Âíå ïîäðàçäåëåíèé;SZ 208 000 00 00;Çàïîëíåíèå Ïðèëîæåíèÿ ê ÑÇ ïîñòðî÷íî;-;00;Çàïðîñû;ñòðîêà;0;RUCH
ÎÑÖ Íèæíèé Íîâãîðîä;Àðõèâ ¹1 Íèæíèé Íîâãîðîä;SZ 208 000 00 00;Çàïîëíåíèå Ïðèëîæåíèÿ ê ÑÇ ïîñòðî÷íî;-;00;Çàïðîñû;ñòðîêà;29,667;RUCH
ÎÑÖ Íîâîñèáèðñê;Âíå ïîäðàçäåëåíèé;SZ 208 000 00 00;Çàïîëíåíèå Ïðèëîæåíèÿ ê ÑÇ ïîñòðî÷íî;-;00;Çàïðîñû;ñòðîêà;0;RUCH
ÎÑÖ Íîâîñèáèðñê;Àðõèâ ¹1 Íîâîñèáèðñê;SZ 208 000 00 00;Çàïîëíåíèå Ïðèëîæåíèÿ ê ÑÇ ïîñòðî÷íî;-;00;Çàïðîñû;ñòðîêà;25,98;RUCH
ÎÑÖ Ñàìàðà;Âíå ïîäðàçäåëåíèé;SZ 208 000 00 00;Çàïîëíåíèå Ïðèëîæåíèÿ ê ÑÇ ïîñòðî÷íî;-;00;Çàïðîñû;ñòðîêà;0;RUCH
ÎÑÖ Íîâîñèáèðñê;Àðõèâ ¹3 Åêàòåðèíáóðã;SZ 208 000 00 00;Çàïîëíåíèå Ïðèëîæåíèÿ ê ÑÇ ïîñòðî÷íî;-;00;Çàïðîñû;ñòðîêà;26,003;RUCH
ÎÑÖ Ñàìàðà;Àðõèâ ¹1 Ñàìàðà;SZ 208 000 00 00;Çàïîëíåíèå Ïðèëîæåíèÿ ê ÑÇ ïîñòðî÷íî;-;00;Çàïðîñû;ñòðîêà;29,804;RUCH
ÎÑÖ Âîðîíåæ;Àðõèâ ¹1 Âîðîíåæ;RS 010 000 00 01;Ðàçìåùåíèå ÝÃÎ äîêóìåíòîâ/äîñüå â ÅÑÌ_âõîäÿùèé ïîòîê_ÎÁÙÈÉ ôàéë_RPA;-;00;Ðåãèñòðàöèÿ;ñòðàíèöà;3,629;AUTO
ÎÑÖ Âîðîíåæ;Àðõèâ ¹3 Êàëèíèíãðàä;RS 010 000 00 01;Ðàçìåùåíèå ÝÃÎ äîêóìåíòîâ/äîñüå â ÅÑÌ_âõîäÿùèé ïîòîê_ÎÁÙÈÉ ôàéë_RPA;-;00;Ðåãèñòðàöèÿ;ñòðàíèöà;3,74;AUTO
ÎÑÖ Âîðîíåæ;Àðõèâ ¹4 Ñàíêò-Ïåòåðáóðã;RS 010 000 00 01;Ðàçìåùåíèå ÝÃÎ äîêóìåíòîâ/äîñüå â ÅÑÌ_âõîäÿùèé ïîòîê_ÎÁÙÈÉ ôàéë_RPA;-;00;Ðåãèñòðàöèÿ;ñòðàíèöà;0;AUTO
ÎÑÖ Ìîñêâà;Àðõèâ ¹1 Òîìèëèíî;RS 010 000 00 01;Ðàçìåùåíèå ÝÃÎ äîêóìåíòîâ/äîñüå â ÅÑÌ_âõîäÿùèé ïîòîê_ÎÁÙÈÉ ôàéë_RPA;-;00;Ðåãèñòðàöèÿ;ñòðàíèöà;3,404;AUTO
ÎÑÖ Íèæíèé Íîâãîðîä;Àðõèâ ¹1 Íèæíèé Íîâãîðîä;RS 010 000 00 01;Ðàçìåùåíèå ÝÃÎ äîêóìåíòîâ/äîñüå â ÅÑÌ_âõîäÿùèé ïîòîê_ÎÁÙÈÉ ôàéë_RPA;-;00;Ðåãèñòðàöèÿ;ñòðàíèöà;3,522;AUTO
ÎÑÖ Íîâîñèáèðñê;Àðõèâ ¹1 Íîâîñèáèðñê;RS 010 000 00 01;Ðàçìåùåíèå ÝÃÎ äîêóìåíòîâ/äîñüå â ÅÑÌ_âõîäÿùèé ïîòîê_ÎÁÙÈÉ ôàéë_RPA;-;00;Ðåãèñòðàöèÿ;ñòðàíèöà;3,509;AUTO
ÎÑÖ Íîâîñèáèðñê;Àðõèâ ¹3 Åêàòåðèíáóðã;RS 010 000 00 01;Ðàçìåùåíèå ÝÃÎ äîêóìåíòîâ/äîñüå â ÅÑÌ_âõîäÿùèé ïîòîê_ÎÁÙÈÉ ôàéë_RPA;-;00;Ðåãèñòðàöèÿ;ñòðàíèöà;4,107;AUTO
ÎÑÖ Ñàìàðà;Àðõèâ ¹1 Ñàìàðà;RS 010 000 00 01;Ðàçìåùåíèå ÝÃÎ äîêóìåíòîâ/äîñüå â ÅÑÌ_âõîäÿùèé ïîòîê_ÎÁÙÈÉ ôàéë_RPA;-;00;Ðåãèñòðàöèÿ;ñòðàíèöà;4,097;AUTO
ÎÑÖ Âîðîíåæ;Âíå ïîäðàçäåëåíèé;SR 322 000 00 00;Ïå÷àòü èíôîðìàöèè íà ñîïðîâîäèòåëüíûõ ëèñòàõ ê êîïèÿì âíåøíèõ äîâåðåííîñòåé;-;00;Ðåãèñòðàöèÿ;ØÊ;0;RUCH
ÎÑÖ Âîðîíåæ;Àðõèâ ¹1 Âîðîíåæ;SR 322 000 00 00;Ïå÷àòü èíôîðìàöèè íà ñîïðîâîäèòåëüíûõ ëèñòàõ ê êîïèÿì âíåøíèõ äîâåðåííîñòåé;-;00;Ðåãèñòðàöèÿ;ØÊ;119,567;RUCH
ÎÑÖ Âîðîíåæ;Àðõèâ ¹3 Êàëèíèíãðàä;SR 322 000 00 00;Ïå÷àòü èíôîðìàöèè íà ñîïðîâîäèòåëüíûõ ëèñòàõ ê êîïèÿì âíåøíèõ äîâåðåííîñòåé;-;00;Ðåãèñòðàöèÿ;ØÊ;122,359;RUCH
ÎÑÖ Âîðîíåæ;Àðõèâ ¹4 Ñàíêò-Ïåòåðáóðã;SR 322 000 00 00;Ïå÷àòü èíôîðìàöèè íà ñîïðîâîäèòåëüíûõ ëèñòàõ ê êîïèÿì âíåøíèõ äîâåðåííîñòåé;-;00;Ðåãèñòðàöèÿ;ØÊ;126,951;RUCH
ÎÑÖ Ìîñêâà;Âíå ïîäðàçäåëåíèé;SR 322 000 00 00;Ïå÷àòü èíôîðìàöèè íà ñîïðîâîäèòåëüíûõ ëèñòàõ ê êîïèÿì âíåøíèõ äîâåðåííîñòåé;-;00;Ðåãèñòðàöèÿ;ØÊ;0;RUCH
ÎÑÖ Ìîñêâà;Àðõèâ ¹1 Òîìèëèíî;SR 322 000 00 00;Ïå÷àòü èíôîðìàöèè íà ñîïðîâîäèòåëüíûõ ëèñòàõ ê êîïèÿì âíåøíèõ äîâåðåííîñòåé;-;00;Ðåãèñòðàöèÿ;ØÊ;128,233;RUCH
ÎÑÖ Íèæíèé Íîâãîðîä;Âíå ïîäðàçäåëåíèé;SR 322 000 00 00;Ïå÷àòü èíôîðìàöèè íà ñîïðîâîäèòåëüíûõ ëèñòàõ ê êîïèÿì âíåøíèõ äîâåðåííîñòåé;-;00;Ðåãèñòðàöèÿ;ØÊ;0;RUCH
ÎÑÖ Íèæíèé Íîâãîðîä;Àðõèâ ¹1 Íèæíèé Íîâãîðîä;SR 322 000 00 00;Ïå÷àòü èíôîðìàöèè íà ñîïðîâîäèòåëüíûõ ëèñòàõ ê êîïèÿì âíåøíèõ äîâåðåííîñòåé;-;00;Ðåãèñòðàöèÿ;ØÊ;124;RUCH
ÎÑÖ Íîâîñèáèðñê;Âíå ïîäðàçäåëåíèé;SR 322 000 00 00;Ïå÷àòü èíôîðìàöèè íà ñîïðîâîäèòåëüíûõ ëèñòàõ ê êîïèÿì âíåøíèõ äîâåðåííîñòåé;-;00;Ðåãèñòðàöèÿ;ØÊ;0;RUCH
ÎÑÖ Íîâîñèáèðñê;Àðõèâ ¹1 Íîâîñèáèðñê;SR 322 000 00 00;Ïå÷àòü èíôîðìàöèè íà ñîïðîâîäèòåëüíûõ ëèñòàõ ê êîïèÿì âíåøíèõ äîâåðåííîñòåé;-;00;Ðåãèñòðàöèÿ;ØÊ;121,743;RUCH
ÎÑÖ Ñàìàðà;Âíå ïîäðàçäåëåíèé;SR 322 000 00 00;Ïå÷àòü èíôîðìàöèè íà ñîïðîâîäèòåëüíûõ ëèñòàõ ê êîïèÿì âíåøíèõ äîâåðåííîñòåé;-;00;Ðåãèñòðàöèÿ;ØÊ;0;RUCH
ÎÑÖ Íîâîñèáèðñê;Àðõèâ ¹3 Åêàòåðèíáóðã;SR 322 000 00 00;Ïå÷àòü èíôîðìàöèè íà ñîïðîâîäèòåëüíûõ ëèñòàõ ê êîïèÿì âíåøíèõ äîâåðåííîñòåé;-;00;Ðåãèñòðàöèÿ;ØÊ;117,793;RUCH
ÎÑÖ Ñàìàðà;Àðõèâ ¹1 Ñàìàðà;SR 322 000 00 00;Ïå÷àòü èíôîðìàöèè íà ñîïðîâîäèòåëüíûõ ëèñòàõ ê êîïèÿì âíåøíèõ äîâåðåííîñòåé;-;00;Ðåãèñòðàöèÿ;ØÊ;127,788;RUCH
ÎÑÖ Âîðîíåæ;Âíå ïîäðàçäåëåíèé;RG 0001 001 01 02;Ðåãèñòðàöèÿ ïî ÁÏ;ÂÑÏ;01;Ðåãèñòðàöèÿ;äîñüå;0;AUTO
ÎÑÖ Âîðîíåæ;Àðõèâ ¹1 Âîðîíåæ;RG 0001 001 01 02;Ðåãèñòðàöèÿ ïî ÁÏ;ÂÑÏ;01;Ðåãèñòðàöèÿ;äîñüå;5,9;AUTO
ÎÑÖ Âîðîíåæ;Àðõèâ ¹3 Êàëèíèíãðàä;RG 0001 001 01 02;Ðåãèñòðàöèÿ ïî ÁÏ;ÂÑÏ;01;Ðåãèñòðàöèÿ;äîñüå;5,679;AUTO
ÎÑÖ Âîðîíåæ;Àðõèâ ¹4 Ñàíêò-Ïåòåðáóðã;RG 0001 001 01 02;Ðåãèñòðàöèÿ ïî ÁÏ;ÂÑÏ;01;Ðåãèñòðàöèÿ;äîñüå;6,645;AUTO
ÎÑÖ Ìîñêâà;Âíå ïîäðàçäåëåíèé;RG 0001 001 01 02;Ðåãèñòðàöèÿ ïî ÁÏ;ÂÑÏ;01;Ðåãèñòðàöèÿ;äîñüå;0;AUTO
ÎÑÖ Ìîñêâà;Àðõèâ ¹1 Òîìèëèíî;RG 0001 001 01 02;Ðåãèñòðàöèÿ ïî ÁÏ;ÂÑÏ;01;Ðåãèñòðàöèÿ;äîñüå;5,019;AUTO
ÎÑÖ Íèæíèé Íîâãîðîä;Âíå ïîäðàçäåëåíèé;RG 0001 001 01 02;Ðåãèñòðàöèÿ ïî ÁÏ;ÂÑÏ;01;Ðåãèñòðàöèÿ;äîñüå;0;AUTO
ÎÑÖ Íèæíèé Íîâãîðîä;Àðõèâ ¹1 Íèæíèé Íîâãîðîä;RG 0001 001 01 02;Ðåãèñòðàöèÿ ïî ÁÏ;ÂÑÏ;01;Ðåãèñòðàöèÿ;äîñüå;6,02;AUTO
ÎÑÖ Íîâîñèáèðñê;Âíå ïîäðàçäåëåíèé;RG 0001 001 01 02;Ðåãèñòðàöèÿ ïî ÁÏ;ÂÑÏ;01;Ðåãèñòðàöèÿ;äîñüå;0;AUTO
ÎÑÖ Íîâîñèáèðñê;Àðõèâ ¹1 Íîâîñèáèðñê;RG 0001 001 01 02;Ðåãèñòðàöèÿ ïî ÁÏ;ÂÑÏ;01;Ðåãèñòðàöèÿ;äîñüå;6,008;AUTO
ÎÑÖ Íîâîñèáèðñê;Àðõèâ ¹3 Åêàòåðèíáóðã;RG 0001 001 01 02;Ðåãèñòðàöèÿ ïî ÁÏ;ÂÑÏ;01;Ðåãèñòðàöèÿ;äîñüå;6,203;AUTO
ÎÑÖ Ñàìàðà;Âíå ïîäðàçäåëåíèé;RG 0001 001 01 02;Ðåãèñòðàöèÿ ïî ÁÏ;ÂÑÏ;01;Ðåãèñòðàöèÿ;äîñüå;0;AUTO
ÎÑÖ Ñàìàðà;Àðõèâ ¹1 Ñàìàðà;RG 0001 001 01 02;Ðåãèñòðàöèÿ ïî ÁÏ;ÂÑÏ;01;Ðåãèñòðàöèÿ;äîñüå;6,451;AUTO
ÎÑÖ Âîðîíåæ;Àðõèâ ¹1 Âîðîíåæ;RG 0001 001 02 02;Ðåãèñòðàöèÿ ïî ÁÏ;ÂÑÏ;01;Ðåãèñòðàöèÿ;äîñüå;11,178;AUTO
ÎÑÖ Âîðîíåæ;Àðõèâ ¹3 Êàëèíèíãðàä;RG 0001 001 02 02;Ðåãèñòðàöèÿ ïî ÁÏ;ÂÑÏ;01;Ðåãèñòðàöèÿ;äîñüå;11,606;AUTO
ÎÑÖ Âîðîíåæ;Àðõèâ ¹4 Ñàíêò-Ïåòåðáóðã;RG 0001 001 02 02;Ðåãèñòðàöèÿ ïî ÁÏ;ÂÑÏ;01;Ðåãèñòðàöèÿ;äîñüå;12,56;AUTO
ÎÑÖ Ìîñêâà;Àðõèâ ¹1 Òîìèëèíî;RG 0001 001 02 02;Ðåãèñòðàöèÿ ïî ÁÏ;ÂÑÏ;01;Ðåãèñòðàöèÿ;äîñüå;8,878;AUTO
ÎÑÖ Íèæíèé Íîâãîðîä;Àðõèâ ¹1 Íèæíèé Íîâãîðîä;RG 0001 001 02 02;Ðåãèñòðàöèÿ ïî ÁÏ;ÂÑÏ;01;Ðåãèñòðàöèÿ;äîñüå;11,25;AUTO
ÎÑÖ Íîâîñèáèðñê;Àðõèâ ¹1 Íîâîñèáèðñê;RG 0001 001 02 02;Ðåãèñòðàöèÿ ïî ÁÏ;ÂÑÏ;01;Ðåãèñòðàöèÿ;äîñüå;11,865;AUTO
ÎÑÖ Íîâîñèáèðñê;Àðõèâ ¹3 Åêàòåðèíáóðã;RG 0001 001 02 02;Ðåãèñòðàöèÿ ïî ÁÏ;ÂÑÏ;01;Ðåãèñòðàöèÿ;äîñüå;12,647;AUTO
ÎÑÖ Ñàìàðà;Àðõèâ ¹1 Ñàìàðà;RG 0001 001 02 02;Ðåãèñòðàöèÿ ïî ÁÏ;ÂÑÏ;01;Ðåãèñòðàöèÿ;äîñüå;12,497;AUTO
ÎÑÖ Âîðîíåæ;Àðõèâ ¹1 Âîðîíåæ;RG 0001 013 02 02;Ðåãèñòðàöèÿ ïî ÁÏ;ÂÑÏ;13;Ðåãèñòðàöèÿ;äîñüå;10,207;AUTO
ÎÑÖ Âîðîíåæ;Àðõèâ ¹3 Êàëèíèíãðàä;RG 0001 013 02 02;Ðåãèñòðàöèÿ ïî ÁÏ;ÂÑÏ;13;Ðåãèñòðàöèÿ;äîñüå;10,245;AUTO
ÎÑÖ Âîðîíåæ;Àðõèâ ¹4 Ñàíêò-Ïåòåðáóðã;RG 0001 013 02 02;Ðåãèñòðàöèÿ ïî ÁÏ;ÂÑÏ;13;Ðåãèñòðàöèÿ;äîñüå;11,71;AUTO
ÎÑÖ Ìîñêâà;Àðõèâ ¹1 Òîìèëèíî;RG 0001 013 02 02;Ðåãèñòðàöèÿ ïî ÁÏ;ÂÑÏ;13;Ðåãèñòðàöèÿ;äîñüå;8,906;AUTO
ÎÑÖ Íèæíèé Íîâãîðîä;Àðõèâ ¹1 Íèæíèé Íîâãîðîä;RG 0001 013 02 02;Ðåãèñòðàöèÿ ïî ÁÏ;ÂÑÏ;13;Ðåãèñòðàöèÿ;äîñüå;10,849;AUTO
ÎÑÖ Íîâîñèáèðñê;Àðõèâ ¹1 Íîâîñèáèðñê;RG 0001 013 02 02;Ðåãèñòðàöèÿ ïî ÁÏ;ÂÑÏ;13;Ðåãèñòðàöèÿ;äîñüå;11,234;AUTO
ÎÑÖ Íîâîñèáèðñê;Àðõèâ ¹3 Åêàòåðèíáóðã;RG 0001 013 02 02;Ðåãèñòðàöèÿ ïî ÁÏ;ÂÑÏ;13;Ðåãèñòðàöèÿ;äîñüå;11,313;AUTO
ÎÑÖ Ñàìàðà;Àðõèâ ¹1 Ñàìàðà;RG 0001 013 02 02;Ðåãèñòðàöèÿ ïî ÁÏ;ÂÑÏ;13;Ðåãèñòðàöèÿ;äîñüå;11,26;AUTO
ÎÑÖ Âîðîíåæ;Àðõèâ ¹1 Âîðîíåæ;RG 0001 013 01 02;Ðåãèñòðàöèÿ ïî ÁÏ;ÂÑÏ;13;Ðåãèñòðàöèÿ;äîñüå;5,967;AUTO
ÎÑÖ Âîðîíåæ;Àðõèâ ¹3 Êàëèíèíãðàä;RG 0001 013 01 02;Ðåãèñòðàöèÿ ïî ÁÏ;ÂÑÏ;13;Ðåãèñòðàöèÿ;äîñüå;5,682;AUTO
ÎÑÖ Âîðîíåæ;Àðõèâ ¹4 Ñàíêò-Ïåòåðáóðã;RG 0001 013 01 02;Ðåãèñòðàöèÿ ïî ÁÏ;ÂÑÏ;13;Ðåãèñòðàöèÿ;äîñüå;6,49;AUTO
ÎÑÖ Ìîñêâà;Àðõèâ ¹1 Òîìèëèíî;RG 0001 013 01 02;Ðåãèñòðàöèÿ ïî ÁÏ;ÂÑÏ;13;Ðåãèñòðàöèÿ;äîñüå;5,071;AUTO
ÎÑÖ Íèæíèé Íîâãîðîä;Àðõèâ ¹1 Íèæíèé Íîâãîðîä;RG 0001 013 01 02;Ðåãèñòðàöèÿ ïî ÁÏ;ÂÑÏ;13;Ðåãèñòðàöèÿ;äîñüå;6,013;AUTO
ÎÑÖ Íîâîñèáèðñê;Àðõèâ ¹1 Íîâîñèáèðñê;RG 0001 013 01 02;Ðåãèñòðàöèÿ ïî ÁÏ;ÂÑÏ;13;Ðåãèñòðàöèÿ;äîñüå;6,316;AUTO
ÎÑÖ Íîâîñèáèðñê;Àðõèâ ¹3 Åêàòåðèíáóðã;RG 0001 013 01 02;Ðåãèñòðàöèÿ ïî ÁÏ;ÂÑÏ;13;Ðåãèñòðàöèÿ;äîñüå;6,209;AUTO
ÎÑÖ Ñàìàðà;Àðõèâ ¹1 Ñàìàðà;RG 0001 013 01 02;Ðåãèñòðàöèÿ ïî ÁÏ;ÂÑÏ;13;Ðåãèñòðàöèÿ;äîñüå;6,468;AUTO
ÎÑÖ Âîðîíåæ;Àðõèâ ¹1 Âîðîíåæ;RG 0001 002 01 02;Ðåãèñòðàöèÿ ïî ÁÏ;ÂÑÏ;02;Ðåãèñòðàöèÿ;äîñüå;6,143;AUTO
ÎÑÖ Âîðîíåæ;Àðõèâ ¹3 Êàëèíèíãðàä;RG 0001 002 01 02;Ðåãèñòðàöèÿ ïî ÁÏ;ÂÑÏ;02;Ðåãèñòðàöèÿ;äîñüå;5,924;AUTO
ÎÑÖ Âîðîíåæ;Àðõèâ ¹4 Ñàíêò-Ïåòåðáóðã;RG 0001 002 01 02;Ðåãèñòðàöèÿ ïî ÁÏ;ÂÑÏ;02;Ðåãèñòðàöèÿ;äîñüå;5,667;AUTO
ÎÑÖ Ìîñêâà;Àðõèâ ¹1 Òîìèëèíî;RG 0001 002 01 02;Ðåãèñòðàöèÿ ïî ÁÏ;ÂÑÏ;02;Ðåãèñòðàöèÿ;äîñüå;5,089;AUTO
ÎÑÖ Íèæíèé Íîâãîðîä;Àðõèâ ¹1 Íèæíèé Íîâãîðîä;RG 0001 002 01 02;Ðåãèñòðàöèÿ ïî ÁÏ;ÂÑÏ;02;Ðåãèñòðàöèÿ;äîñüå;5,903;AUTO
ÎÑÖ Íîâîñèáèðñê;Àðõèâ ¹1 Íîâîñèáèðñê;RG 0001 002 01 02;Ðåãèñòðàöèÿ ïî ÁÏ;ÂÑÏ;02;Ðåãèñòðàöèÿ;äîñüå;6,12;AUTO
ÎÑÖ Íîâîñèáèðñê;Àðõèâ ¹3 Åêàòåðèíáóðã;RG 0001 002 01 02;Ðåãèñòðàöèÿ ïî ÁÏ;ÂÑÏ;02;Ðåãèñòðàöèÿ;äîñüå;6,114;AUTO
ÎÑÖ Ñàìàðà;Àðõèâ ¹1 Ñàìàðà;RG 0001 002 01 02;Ðåãèñòðàöèÿ ïî ÁÏ;ÂÑÏ;02;Ðåãèñòðàöèÿ;äîñüå;5,751;AUTO
ÎÑÖ Âîðîíåæ;Àðõèâ ¹1 Âîðîíåæ;RG 0001 002 02 02;Ðåãèñòðàöèÿ ïî ÁÏ;ÂÑÏ;02;Ðåãèñòðàöèÿ;äîñüå;14,053;AUTO
ÎÑÖ Âîðîíåæ;Àðõèâ ¹3 Êàëèíèíãðàä;RG 0001 002 02 02;Ðåãèñòðàöèÿ ïî ÁÏ;ÂÑÏ;02;Ðåãèñòðàöèÿ;äîñüå;14,507;AUTO
ÎÑÖ Âîðîíåæ;Àðõèâ ¹4 Ñàíêò-Ïåòåðáóðã;RG 0001 002 02 02;Ðåãèñòðàöèÿ ïî ÁÏ;ÂÑÏ;02;Ðåãèñòðàöèÿ;äîñüå;12,933;AUTO
ÎÑÖ Ìîñêâà;Àðõèâ ¹1 Òîìèëèíî;RG 0001 002 02 02;Ðåãèñòðàöèÿ ïî ÁÏ;ÂÑÏ;02;Ðåãèñòðàöèÿ;äîñüå;10,111;AUTO
ÎÑÖ Íèæíèé Íîâãîðîä;Àðõèâ ¹1 Íèæíèé Íîâãîðîä;RG 0001 002 02 02;Ðåãèñòðàöèÿ ïî ÁÏ;ÂÑÏ;02;Ðåãèñòðàöèÿ;äîñüå;14,134;AUTO
ÎÑÖ Íîâîñèáèðñê;Àðõèâ ¹1 Íîâîñèáèðñê;RG 0001 002 02 02;Ðåãèñòðàöèÿ ïî ÁÏ;ÂÑÏ;02;Ðåãèñòðàöèÿ;äîñüå;14,703;AUTO
ÎÑÖ Íîâîñèáèðñê;Àðõèâ ¹3 Åêàòåðèíáóðã;RG 0001 002 02 02;Ðåãèñòðàöèÿ ïî ÁÏ;ÂÑÏ;02;Ðåãèñòðàöèÿ;äîñüå;14,383;AUTO
ÎÑÖ Ñàìàðà;Àðõèâ ¹1 Ñàìàðà;RG 0001 002 02 02;Ðåãèñòðàöèÿ ïî ÁÏ;ÂÑÏ;02;Ðåãèñòðàöèÿ;äîñüå;12,558;AUTO
ÎÑÖ Âîðîíåæ;Àðõèâ ¹1 Âîðîíåæ;RG 0001 212 02 02;Ðåãèñòðàöèÿ ïî ÁÏ;ÂÑÏ;212;Ðåãèñòðàöèÿ;äîñüå;11,1;AUTO
ÎÑÖ Âîðîíåæ;Àðõèâ ¹3 Êàëèíèíãðàä;RG 0001 212 02 02;Ðåãèñòðàöèÿ ïî ÁÏ;ÂÑÏ;212;Ðåãèñòðàöèÿ;äîñüå;10,159;AUTO
ÎÑÖ Âîðîíåæ;Àðõèâ ¹4 Ñàíêò-Ïåòåðáóðã;RG 0001 212 02 02;Ðåãèñòðàöèÿ ïî ÁÏ;ÂÑÏ;212;Ðåãèñòðàöèÿ;äîñüå;11,479;AUTO
ÎÑÖ Ìîñêâà;Àðõèâ ¹1 Òîìèëèíî;RG 0001 212 02 02;Ðåãèñòðàöèÿ ïî ÁÏ;ÂÑÏ;212;Ðåãèñòðàöèÿ;äîñüå;8,824;AUTO
ÎÑÖ Íèæíèé Íîâãîðîä;Àðõèâ ¹1 Íèæíèé Íîâãîðîä;RG 0001 212 02 02;Ðåãèñòðàöèÿ ïî ÁÏ;ÂÑÏ;212;Ðåãèñòðàöèÿ;äîñüå;10,374;AUTO
ÎÑÖ Íîâîñèáèðñê;Àðõèâ ¹1 Íîâîñèáèðñê;RG 0001 212 02 02;Ðåãèñòðàöèÿ ïî ÁÏ;ÂÑÏ;212;Ðåãèñòðàöèÿ;äîñüå;10,095;AUTO
ÎÑÖ Íîâîñèáèðñê;Àðõèâ ¹3 Åêàòåðèíáóðã;RG 0001 212 02 02;Ðåãèñòðàöèÿ ïî ÁÏ;ÂÑÏ;212;Ðåãèñòðàöèÿ;äîñüå;10,287;AUTO
ÎÑÖ Ñàìàðà;Àðõèâ ¹1 Ñàìàðà;RG 0001 212 02 02;Ðåãèñòðàöèÿ ïî ÁÏ;ÂÑÏ;212;Ðåãèñòðàöèÿ;äîñüå;11,379;AUTO
ÎÑÖ Âîðîíåæ;Àðõèâ ¹1 Âîðîíåæ;RG 0001 212 01 02;Ðåãèñòðàöèÿ ïî ÁÏ;ÂÑÏ;212;Ðåãèñòðàöèÿ;äîñüå;5,333;AUTO
ÎÑÖ Âîðîíåæ;Àðõèâ ¹3 Êàëèíèíãðàä;RG 0001 212 01 02;Ðåãèñòðàöèÿ ïî ÁÏ;ÂÑÏ;212;Ðåãèñòðàöèÿ;äîñüå;5,922;AUTO
ÎÑÖ Âîðîíåæ;Àðõèâ ¹4 Ñàíêò-Ïåòåðáóðã;RG 0001 212 01 02;Ðåãèñòðàöèÿ ïî ÁÏ;ÂÑÏ;212;Ðåãèñòðàöèÿ;äîñüå;6,299;AUTO
ÎÑÖ Ìîñêâà;Àðõèâ ¹1 Òîìèëèíî;RG 0001 212 01 02;Ðåãèñòðàöèÿ ïî ÁÏ;ÂÑÏ;212;Ðåãèñòðàöèÿ;äîñüå;5,052;AUTO
ÎÑÖ Íèæíèé Íîâãîðîä;Àðõèâ ¹1 Íèæíèé Íîâãîðîä;RG 0001 212 01 02;Ðåãèñòðàöèÿ ïî ÁÏ;ÂÑÏ;212;Ðåãèñòðàöèÿ;äîñüå;5,78;AUTO
ÎÑÖ Íîâîñèáèðñê;Àðõèâ ¹1 Íîâîñèáèðñê;RG 0001 212 01 02;Ðåãèñòðàöèÿ ïî ÁÏ;ÂÑÏ;212;Ðåãèñòðàöèÿ;äîñüå;5,329;AUTO
ÎÑÖ Íîâîñèáèðñê;Àðõèâ ¹3 Åêàòåðèíáóðã;RG 0001 212 01 02;Ðåãèñòðàöèÿ ïî ÁÏ;ÂÑÏ;212;Ðåãèñòðàöèÿ;äîñüå;6,023;AUTO
ÎÑÖ Ñàìàðà;Àðõèâ ¹1 Ñàìàðà;RG 0001 212 01 02;Ðåãèñòðàöèÿ ïî ÁÏ;ÂÑÏ;212;Ðåãèñòðàöèÿ;äîñüå;6,412;AUTO
ÎÑÖ Âîðîíåæ;Àðõèâ ¹1 Âîðîíåæ;RG 0001 222 01 02;Ðåãèñòðàöèÿ ïî ÁÏ;ÂÑÏ;222;Ðåãèñòðàöèÿ;äîñüå;5,969;AUTO
ÎÑÖ Âîðîíåæ;Àðõèâ ¹3 Êàëèíèíãðàä;RG 0001 222 01 02;Ðåãèñòðàöèÿ ïî ÁÏ;ÂÑÏ;222;Ðåãèñòðàöèÿ;äîñüå;5,867;AUTO
ÎÑÖ Âîðîíåæ;Àðõèâ ¹4 Ñàíêò-Ïåòåðáóðã;RG 0001 222 01 02;Ðåãèñòðàöèÿ ïî ÁÏ;ÂÑÏ;222;Ðåãèñòðàöèÿ;äîñüå;6,507;AUTO
ÎÑÖ Ìîñêâà;Àðõèâ ¹1 Òîìèëèíî;RG 0001 222 01 02;Ðåãèñòðàöèÿ ïî ÁÏ;ÂÑÏ;222;Ðåãèñòðàöèÿ;äîñüå;5,942;AUTO
ÎÑÖ Íèæíèé Íîâãîðîä;Àðõèâ ¹1 Íèæíèé Íîâãîðîä;RG 0001 222 01 02;Ðåãèñòðàöèÿ ïî ÁÏ;ÂÑÏ;222;Ðåãèñòðàöèÿ;äîñüå;6,284;AUTO
ÎÑÖ Íîâîñèáèðñê;Àðõèâ ¹1 Íîâîñèáèðñê;RG 0001 222 01 02;Ðåãèñòðàöèÿ ïî ÁÏ;ÂÑÏ;222;Ðåãèñòðàöèÿ;äîñüå;6,152;AUTO
ÎÑÖ Íîâîñèáèðñê;Àðõèâ ¹3 Åêàòåðèíáóðã;RG 0001 222 01 02;Ðåãèñòðàöèÿ ïî ÁÏ;ÂÑÏ;222;Ðåãèñòðàöèÿ;äîñüå;6,042;AUTO
ÎÑÖ Ñàìàðà;Àðõèâ ¹1 Ñàìàðà;RG 0001 222 01 02;Ðåãèñòðàöèÿ ïî ÁÏ;ÂÑÏ;222;Ðåãèñòðàöèÿ;äîñüå;6,444;AUTO
ÎÑÖ Âîðîíåæ;Àðõèâ ¹1 Âîðîíåæ;RG 0001 222 02 02;Ðåãèñòðàöèÿ ïî ÁÏ;ÂÑÏ;222;Ðåãèñòðàöèÿ;äîñüå;13,533;AUTO
ÎÑÖ Âîðîíåæ;Àðõèâ ¹3 Êàëèíèíãðàä;RG 0001 222 02 02;Ðåãèñòðàöèÿ ïî ÁÏ;ÂÑÏ;222;Ðåãèñòðàöèÿ;äîñüå;13,456;AUTO
ÎÑÖ Âîðîíåæ;Àðõèâ ¹4 Ñàíêò-Ïåòåðáóðã;RG 0001 222 02 02;Ðåãèñòðàöèÿ ïî ÁÏ;ÂÑÏ;222;Ðåãèñòðàöèÿ;äîñüå;13,797;AUTO
ÎÑÖ Ìîñêâà;Àðõèâ ¹1 Òîìèëèíî;RG 0001 222 02 02;Ðåãèñòðàöèÿ ïî ÁÏ;ÂÑÏ;222;Ðåãèñòðàöèÿ;äîñüå;12,068;AUTO
ÎÑÖ Íèæíèé Íîâãîðîä;Àðõèâ ¹1 Íèæíèé Íîâãîðîä;RG 0001 222 02 02;Ðåãèñòðàöèÿ ïî ÁÏ;ÂÑÏ;222;Ðåãèñòðàöèÿ;äîñüå;13,236;AUTO
ÎÑÖ Íîâîñèáèðñê;Àðõèâ ¹1 Íîâîñèáèðñê;RG 0001 222 02 02;Ðåãèñòðàöèÿ ïî ÁÏ;ÂÑÏ;222;Ðåãèñòðàöèÿ;äîñüå;13,25;AUTO
ÎÑÖ Íîâîñèáèðñê;Àðõèâ ¹3 Åêàòåðèíáóðã;RG 0001 222 02 02;Ðåãèñòðàöèÿ ïî ÁÏ;ÂÑÏ;222;Ðåãèñòðàöèÿ;äîñüå;13,31;AUTO
ÎÑÖ Ñàìàðà;Àðõèâ ¹1 Ñàìàðà;RG 0001 222 02 02;Ðåãèñòðàöèÿ ïî ÁÏ;ÂÑÏ;222;Ðåãèñòðàöèÿ;äîñüå;12,831;AUTO
ÎÑÖ Âîðîíåæ;Àðõèâ ¹1 Âîðîíåæ;RG 0001 233 01 02;Ðåãèñòðàöèÿ ïî ÁÏ;ÂÑÏ;233;Ðåãèñòðàöèÿ;äîñüå;7,31;AUTO
ÎÑÖ Âîðîíåæ;Àðõèâ ¹3 Êàëèíèíãðàä;RG 0001 233 01 02;Ðåãèñòðàöèÿ ïî ÁÏ;ÂÑÏ;233;Ðåãèñòðàöèÿ;äîñüå;7,634;AUTO
ÎÑÖ Âîðîíåæ;Àðõèâ ¹4 Ñàíêò-Ïåòåðáóðã;RG 0001 233 01 02;Ðåãèñòðàöèÿ ïî ÁÏ;ÂÑÏ;233;Ðåãèñòðàöèÿ;äîñüå;7,231;AUTO
ÎÑÖ Ìîñêâà;Àðõèâ ¹1 Òîìèëèíî;RG 0001 233 01 02;Ðåãèñòðàöèÿ ïî ÁÏ;ÂÑÏ;233;Ðåãèñòðàöèÿ;äîñüå;6,08;AUTO
ÎÑÖ Íèæíèé Íîâãîðîä;Àðõèâ ¹1 Íèæíèé Íîâãîðîä;RG 0001 233 01 02;Ðåãèñòðàöèÿ ïî ÁÏ;ÂÑÏ;233;Ðåãèñòðàöèÿ;äîñüå;7,055;AUTO
ÎÑÖ Íîâîñèáèðñê;Àðõèâ ¹1 Íîâîñèáèðñê;RG 0001 233 01 02;Ðåãèñòðàöèÿ ïî ÁÏ;ÂÑÏ;233;Ðåãèñòðàöèÿ;äîñüå;7,008;AUTO
ÎÑÖ Íîâîñèáèðñê;Àðõèâ ¹3 Åêàòåðèíáóðã;RG 0001 233 01 02;Ðåãèñòðàöèÿ ïî ÁÏ;ÂÑÏ;233;Ðåãèñòðàöèÿ;äîñüå;7,019;AUTO
ÎÑÖ Ñàìàðà;Àðõèâ ¹1 Ñàìàðà;RG 0001 233 01 02;Ðåãèñòðàöèÿ ïî ÁÏ;ÂÑÏ;233;Ðåãèñòðàöèÿ;äîñüå;6,45;AUTO
ÎÑÖ Âîðîíåæ;Àðõèâ ¹1 Âîðîíåæ;RG 0001 233 02 02;Ðåãèñòðàöèÿ ïî ÁÏ;ÂÑÏ;233;Ðåãèñòðàöèÿ;äîñüå;11,567;AUTO
ÎÑÖ Âîðîíåæ;Àðõèâ ¹3 Êàëèíèíãðàä;RG 0001 233 02 02;Ðåãèñòðàöèÿ ïî ÁÏ;ÂÑÏ;233;Ðåãèñòðàöèÿ;äîñüå;11,275;AUTO
ÎÑÖ Âîðîíåæ;Àðõèâ ¹4 Ñàíêò-Ïåòåðáóðã;RG 0001 233 02 02;Ðåãèñòðàöèÿ ïî ÁÏ;ÂÑÏ;233;Ðåãèñòðàöèÿ;äîñüå;12,815;AUTO
ÎÑÖ Ìîñêâà;Àðõèâ ¹1 Òîìèëèíî;RG 0001 233 02 02;Ðåãèñòðàöèÿ ïî ÁÏ;ÂÑÏ;233;Ðåãèñòðàöèÿ;äîñüå;10,012;AUTO
ÎÑÖ Íèæíèé Íîâãîðîä;Àðõèâ ¹1 Íèæíèé Íîâãîðîä;RG 0001 233 02 02;Ðåãèñòðàöèÿ ïî ÁÏ;ÂÑÏ;233;Ðåãèñòðàöèÿ;äîñüå;11,083;AUTO
ÎÑÖ Íîâîñèáèðñê;Àðõèâ ¹1 Íîâîñèáèðñê;RG 0001 233 02 02;Ðåãèñòðàöèÿ ïî ÁÏ;ÂÑÏ;233;Ðåãèñòðàöèÿ;äîñüå;11,673;AUTO
ÎÑÖ Íîâîñèáèðñê;Àðõèâ ¹3 Åêàòåðèíáóðã;RG 0001 233 02 02;Ðåãèñòðàöèÿ ïî ÁÏ;ÂÑÏ;233;Ðåãèñòðàöèÿ;äîñüå;12,692;AUTO
ÎÑÖ Ñàìàðà;Àðõèâ ¹1 Ñàìàðà;RG 0001 233 02 02;Ðåãèñòðàöèÿ ïî ÁÏ;ÂÑÏ;233;Ðåãèñòðàöèÿ;äîñüå;12,831;AUTO
ÎÑÖ Âîðîíåæ;Àðõèâ ¹1 Âîðîíåæ;RG 0001 273 01 02;Ðåãèñòðàöèÿ ïî ÁÏ;ÂÑÏ;273;Ðåãèñòðàöèÿ;äîñüå;5,733;AUTO
ÎÑÖ Âîðîíåæ;Àðõèâ ¹3 Êàëèíèíãðàä;RG 0001 273 01 02;Ðåãèñòðàöèÿ ïî ÁÏ;ÂÑÏ;273;Ðåãèñòðàöèÿ;äîñüå;5,628;AUTO
ÎÑÖ Âîðîíåæ;Àðõèâ ¹4 Ñàíêò-Ïåòåðáóðã;RG 0001 273 01 02;Ðåãèñòðàöèÿ ïî ÁÏ;ÂÑÏ;273;Ðåãèñòðàöèÿ;äîñüå;6,426;AUTO
ÎÑÖ Ìîñêâà;Àðõèâ ¹1 Òîìèëèíî;RG 0001 273 01 02;Ðåãèñòðàöèÿ ïî ÁÏ;ÂÑÏ;273;Ðåãèñòðàöèÿ;äîñüå;6,014;AUTO
ÎÑÖ Íèæíèé Íîâãîðîä;Àðõèâ ¹1 Íèæíèé Íîâãîðîä;RG 0001 273 01 02;Ðåãèñòðàöèÿ ïî ÁÏ;ÂÑÏ;273;Ðåãèñòðàöèÿ;äîñüå;5,565;AUTO
ÎÑÖ Íîâîñèáèðñê;Àðõèâ ¹1 Íîâîñèáèðñê;RG 0001 273 01 02;Ðåãèñòðàöèÿ ïî ÁÏ;ÂÑÏ;273;Ðåãèñòðàöèÿ;äîñüå;6,064;AUTO
ÎÑÖ Íîâîñèáèðñê;Àðõèâ ¹3 Åêàòåðèíáóðã;RG 0001 273 01 02;Ðåãèñòðàöèÿ ïî ÁÏ;ÂÑÏ;273;Ðåãèñòðàöèÿ;äîñüå;6,017;AUTO
ÎÑÖ Ñàìàðà;Àðõèâ ¹1 Ñàìàðà;RG 0001 273 01 02;Ðåãèñòðàöèÿ ïî ÁÏ;ÂÑÏ;273;Ðåãèñòðàöèÿ;äîñüå;6,452;AUTO
ÎÑÖ Âîðîíåæ;Àðõèâ ¹1 Âîðîíåæ;RG 0001 273 02 02;Ðåãèñòðàöèÿ ïî ÁÏ;ÂÑÏ;273;Ðåãèñòðàöèÿ;äîñüå;11,533;AUTO
ÎÑÖ Âîðîíåæ;Àðõèâ ¹3 Êàëèíèíãðàä;RG 0001 273 02 02;Ðåãèñòðàöèÿ ïî ÁÏ;ÂÑÏ;273;Ðåãèñòðàöèÿ;äîñüå;10,486;AUTO
ÎÑÖ Âîðîíåæ;Àðõèâ ¹4 Ñàíêò-Ïåòåðáóðã;RG 0001 273 02 02;Ðåãèñòðàöèÿ ïî ÁÏ;ÂÑÏ;273;Ðåãèñòðàöèÿ;äîñüå;11,573;AUTO
ÎÑÖ Ìîñêâà;Àðõèâ ¹1 Òîìèëèíî;RG 0001 273 02 02;Ðåãèñòðàöèÿ ïî ÁÏ;ÂÑÏ;273;Ðåãèñòðàöèÿ;äîñüå;9,828;AUTO
ÎÑÖ Íèæíèé Íîâãîðîä;Àðõèâ ¹1 Íèæíèé Íîâãîðîä;RG 0001 273 02 02;Ðåãèñòðàöèÿ ïî ÁÏ;ÂÑÏ;273;Ðåãèñòðàöèÿ;äîñüå;10,011;AUTO
ÎÑÖ Íîâîñèáèðñê;Àðõèâ ¹1 Íîâîñèáèðñê;RG 0001 273 02 02;Ðåãèñòðàöèÿ ïî ÁÏ;ÂÑÏ;273;Ðåãèñòðàöèÿ;äîñüå;10,35;AUTO
ÎÑÖ Íîâîñèáèðñê;Àðõèâ ¹3 Åêàòåðèíáóðã;RG 0001 273 02 02;Ðåãèñòðàöèÿ ïî ÁÏ;ÂÑÏ;273;Ðåãèñòðàöèÿ;äîñüå;10;AUTO
ÎÑÖ Ñàìàðà;Àðõèâ ¹1 Ñàìàðà;RG 0001 273 02 02;Ðåãèñòðàöèÿ ïî ÁÏ;ÂÑÏ;273;Ðåãèñòðàöèÿ;äîñüå;10,703;AUTO
ÎÑÖ Âîðîíåæ;Àðõèâ ¹1 Âîðîíåæ;RG 0001 003 01 02;Ðåãèñòðàöèÿ ïî ÁÏ;ÂÑÏ;03;Ðåãèñòðàöèÿ;äîñüå;5,8;AUTO
ÎÑÖ Âîðîíåæ;Àðõèâ ¹3 Êàëèíèíãðàä;RG 0001 003 01 02;Ðåãèñòðàöèÿ ïî ÁÏ;ÂÑÏ;03;Ðåãèñòðàöèÿ;äîñüå;5,707;AUTO
ÎÑÖ Âîðîíåæ;Àðõèâ ¹4 Ñàíêò-Ïåòåðáóðã;RG 0001 003 01 02;Ðåãèñòðàöèÿ ïî ÁÏ;ÂÑÏ;03;Ðåãèñòðàöèÿ;äîñüå;6,48;AUTO
ÎÑÖ Ìîñêâà;Àðõèâ ¹1 Òîìèëèíî;RG 0001 003 01 02;Ðåãèñòðàöèÿ ïî ÁÏ;ÂÑÏ;03;Ðåãèñòðàöèÿ;äîñüå;5,014;AUTO
ÎÑÖ Íèæíèé Íîâãîðîä;Àðõèâ ¹1 Íèæíèé Íîâãîðîä;RG 0001 003 01 02;Ðåãèñòðàöèÿ ïî ÁÏ;ÂÑÏ;03;Ðåãèñòðàöèÿ;äîñüå;5,625;AUTO
ÎÑÖ Íîâîñèáèðñê;Àðõèâ ¹1 Íîâîñèáèðñê;RG 0001 003 01 02;Ðåãèñòðàöèÿ ïî ÁÏ;ÂÑÏ;03;Ðåãèñòðàöèÿ;äîñüå;5,635;AUTO
ÎÑÖ Íîâîñèáèðñê;Àðõèâ ¹3 Åêàòåðèíáóðã;RG 0001 003 01 02;Ðåãèñòðàöèÿ ïî ÁÏ;ÂÑÏ;03;Ðåãèñòðàöèÿ;äîñüå;6,06;AUTO
ÎÑÖ Ñàìàðà;Àðõèâ ¹1 Ñàìàðà;RG 0001 003 01 02;Ðåãèñòðàöèÿ ïî ÁÏ;ÂÑÏ;03;Ðåãèñòðàöèÿ;äîñüå;6,429;AUTO
ÎÑÖ Âîðîíåæ;Àðõèâ ¹1 Âîðîíåæ;RG 0001 003 02 02;Ðåãèñòðàöèÿ ïî ÁÏ;ÂÑÏ;03;Ðåãèñòðàöèÿ;äîñüå;11,079;AUTO
ÎÑÖ Âîðîíåæ;Àðõèâ ¹3 Êàëèíèíãðàä;RG 0001 003 02 02;Ðåãèñòðàöèÿ ïî ÁÏ;ÂÑÏ;03;Ðåãèñòðàöèÿ;äîñüå;10,493;AUTO
ÎÑÖ Âîðîíåæ;Àðõèâ ¹4 Ñàíêò-Ïåòåðáóðã;RG 0001 003 02 02;Ðåãèñòðàöèÿ ïî ÁÏ;ÂÑÏ;03;Ðåãèñòðàöèÿ;äîñüå;11,548;AUTO
ÎÑÖ Ìîñêâà;Àðõèâ ¹1 Òîìèëèíî;RG 0001 003 02 02;Ðåãèñòðàöèÿ ïî ÁÏ;ÂÑÏ;03;Ðåãèñòðàöèÿ;äîñüå;8,808;AUTO
ÎÑÖ Íèæíèé Íîâãîðîä;Àðõèâ ¹1 Íèæíèé Íîâãîðîä;RG 0001 003 02 02;Ðåãèñòðàöèÿ ïî ÁÏ;ÂÑÏ;03;Ðåãèñòðàöèÿ;äîñüå;10,12;AUTO
ÎÑÖ Íîâîñèáèðñê;Àðõèâ ¹1 Íîâîñèáèðñê;RG 0001 003 02 02;Ðåãèñòðàöèÿ ïî ÁÏ;ÂÑÏ;03;Ðåãèñòðàöèÿ;äîñüå;10,174;AUTO
ÎÑÖ Íîâîñèáèðñê;Àðõèâ ¹3 Åêàòåðèíáóðã;RG 0001 003 02 02;Ðåãèñòðàöèÿ ïî ÁÏ;ÂÑÏ;03;Ðåãèñòðàöèÿ;äîñüå;10,761;AUTO
ÎÑÖ Ñàìàðà;Àðõèâ ¹1 Ñàìàðà;RG 0001 003 02 02;Ðåãèñòðàöèÿ ïî ÁÏ;ÂÑÏ;03;Ðåãèñòðàöèÿ;äîñüå;11,162;AUTO
ÎÑÖ Âîðîíåæ;Àðõèâ ¹1 Âîðîíåæ;RG 0001 038 01 02;Ðåãèñòðàöèÿ ïî ÁÏ;ÂÑÏ;38;Ðåãèñòðàöèÿ;äîñüå;5,833;AUTO
ÎÑÖ Âîðîíåæ;Àðõèâ ¹3 Êàëèíèíãðàä;RG 0001 038 01 02;Ðåãèñòðàöèÿ ïî ÁÏ;ÂÑÏ;38;Ðåãèñòðàöèÿ;äîñüå;5,651;AUTO
ÎÑÖ Âîðîíåæ;Àðõèâ ¹4 Ñàíêò-Ïåòåðáóðã;RG 0001 038 01 02;Ðåãèñòðàöèÿ ïî ÁÏ;ÂÑÏ;38;Ðåãèñòðàöèÿ;äîñüå;6,624;AUTO
ÎÑÖ Ìîñêâà;Àðõèâ ¹1 Òîìèëèíî;RG 0001 038 01 02;Ðåãèñòðàöèÿ ïî ÁÏ;ÂÑÏ;38;Ðåãèñòðàöèÿ;äîñüå;5,111;AUTO
ÎÑÖ Íèæíèé Íîâãîðîä;Àðõèâ ¹1 Íèæíèé Íîâãîðîä;RG 0001 038 01 02;Ðåãèñòðàöèÿ ïî ÁÏ;ÂÑÏ;38;Ðåãèñòðàöèÿ;äîñüå;6,018;AUTO
ÎÑÖ Íîâîñèáèðñê;Àðõèâ ¹1 Íîâîñèáèðñê;RG 0001 038 01 02;Ðåãèñòðàöèÿ ïî ÁÏ;ÂÑÏ;38;Ðåãèñòðàöèÿ;äîñüå;6,284;AUTO
ÎÑÖ Íîâîñèáèðñê;Àðõèâ ¹3 Åêàòåðèíáóðã;RG 0001 038 01 02;Ðåãèñòðàöèÿ ïî ÁÏ;ÂÑÏ;38;Ðåãèñòðàöèÿ;äîñüå;6,012;AUTO
ÎÑÖ Ñàìàðà;Àðõèâ ¹1 Ñàìàðà;RG 0001 038 01 02;Ðåãèñòðàöèÿ ïî ÁÏ;ÂÑÏ;38;Ðåãèñòðàöèÿ;äîñüå;6,455;AUTO
ÎÑÖ Âîðîíåæ;Àðõèâ ¹1 Âîðîíåæ;RG 0001 038 02 02;Ðåãèñòðàöèÿ ïî ÁÏ;ÂÑÏ;38;Ðåãèñòðàöèÿ;äîñüå;12,946;AUTO
ÎÑÖ Âîðîíåæ;Àðõèâ ¹3 Êàëèíèíãðàä;RG 0001 038 02 02;Ðåãèñòðàöèÿ ïî ÁÏ;ÂÑÏ;38;Ðåãèñòðàöèÿ;äîñüå;12,26;AUTO
ÎÑÖ Âîðîíåæ;Àðõèâ ¹4 Ñàíêò-Ïåòåðáóðã;RG 0001 038 02 02;Ðåãèñòðàöèÿ ïî ÁÏ;ÂÑÏ;38;Ðåãèñòðàöèÿ;äîñüå;12,17;AUTO
ÎÑÖ Ìîñêâà;Àðõèâ ¹1 Òîìèëèíî;RG 0001 038 02 02;Ðåãèñòðàöèÿ ïî ÁÏ;ÂÑÏ;38;Ðåãèñòðàöèÿ;äîñüå;8,913;AUTO
ÎÑÖ Íèæíèé Íîâãîðîä;Àðõèâ ¹1 Íèæíèé Íîâãîðîä;RG 0001 038 02 02;Ðåãèñòðàöèÿ ïî ÁÏ;ÂÑÏ;38;Ðåãèñòðàöèÿ;äîñüå;12,188;AUTO
ÎÑÖ Íîâîñèáèðñê;Àðõèâ ¹1 Íîâîñèáèðñê;RG 0001 038 02 02;Ðåãèñòðàöèÿ ïî ÁÏ;ÂÑÏ;38;Ðåãèñòðàöèÿ;äîñüå;11,847;AUTO
ÎÑÖ Íîâîñèáèðñê;Àðõèâ ¹3 Åêàòåðèíáóðã;RG 0001 038 02 02;Ðåãèñòðàöèÿ ïî ÁÏ;ÂÑÏ;38;Ðåãèñòðàöèÿ;äîñüå;12;AUTO
ÎÑÖ Ñàìàðà;Àðõèâ ¹1 Ñàìàðà;RG 0001 038 02 02;Ðåãèñòðàöèÿ ïî ÁÏ;ÂÑÏ;38;Ðåãèñòðàöèÿ;äîñüå;12,831;AUTO
ÎÑÖ Âîðîíåæ;Àðõèâ ¹1 Âîðîíåæ;RG 0001 039 01 02;Ðåãèñòðàöèÿ ïî ÁÏ;ÂÑÏ;39;Ðåãèñòðàöèÿ;äîñüå;7,033;AUTO
ÎÑÖ Âîðîíåæ;Àðõèâ ¹3 Êàëèíèíãðàä;RG 0001 039 01 02;Ðåãèñòðàöèÿ ïî ÁÏ;ÂÑÏ;39;Ðåãèñòðàöèÿ;äîñüå;7,317;AUTO
ÎÑÖ Âîðîíåæ;Àðõèâ ¹4 Ñàíêò-Ïåòåðáóðã;RG 0001 039 01 02;Ðåãèñòðàöèÿ ïî ÁÏ;ÂÑÏ;39;Ðåãèñòðàöèÿ;äîñüå;7,068;AUTO
ÎÑÖ Ìîñêâà;Àðõèâ ¹1 Òîìèëèíî;RG 0001 039 01 02;Ðåãèñòðàöèÿ ïî ÁÏ;ÂÑÏ;39;Ðåãèñòðàöèÿ;äîñüå;6,107;AUTO
ÎÑÖ Íèæíèé Íîâãîðîä;Àðõèâ ¹1 Íèæíèé Íîâãîðîä;RG 0001 039 01 02;Ðåãèñòðàöèÿ ïî ÁÏ;ÂÑÏ;39;Ðåãèñòðàöèÿ;äîñüå;7,92;AUTO
ÎÑÖ Íîâîñèáèðñê;Àðõèâ ¹1 Íîâîñèáèðñê;RG 0001 039 01 02;Ðåãèñòðàöèÿ ïî ÁÏ;ÂÑÏ;39;Ðåãèñòðàöèÿ;äîñüå;7,605;AUTO
ÎÑÖ Íîâîñèáèðñê;Àðõèâ ¹3 Åêàòåðèíáóðã;RG 0001 039 01 02;Ðåãèñòðàöèÿ ïî ÁÏ;ÂÑÏ;39;Ðåãèñòðàöèÿ;äîñüå;7,5;AUTO
ÎÑÖ Ñàìàðà;Àðõèâ ¹1 Ñàìàðà;RG 0001 039 01 02;Ðåãèñòðàöèÿ ïî ÁÏ;ÂÑÏ;39;Ðåãèñòðàöèÿ;äîñüå;7,034;AUTO
ÎÑÖ Âîðîíåæ;Àðõèâ ¹1 Âîðîíåæ;RG 0001 039 02 02;Ðåãèñòðàöèÿ ïî ÁÏ;ÂÑÏ;39;Ðåãèñòðàöèÿ;äîñüå;17,361;AUTO
ÎÑÖ Âîðîíåæ;Àðõèâ ¹3 Êàëèíèíãðàä;RG 0001 039 02 02;Ðåãèñòðàöèÿ ïî ÁÏ;ÂÑÏ;39;Ðåãèñòðàöèÿ;äîñüå;17,229;AUTO
ÎÑÖ Âîðîíåæ;Àðõèâ ¹4 Ñàíêò-Ïåòåðáóðã;RG 0001 039 02 02;Ðåãèñòðàöèÿ ïî ÁÏ;ÂÑÏ;39;Ðåãèñòðàöèÿ;äîñüå;16,514;AUTO
ÎÑÖ Ìîñêâà;Àðõèâ ¹1 Òîìèëèíî;RG 0001 039 02 02;Ðåãèñòðàöèÿ ïî ÁÏ;ÂÑÏ;39;Ðåãèñòðàöèÿ;äîñüå;12,126;AUTO
ÎÑÖ Íèæíèé Íîâãîðîä;Àðõèâ ¹1 Íèæíèé Íîâãîðîä;RG 0001 039 02 02;Ðåãèñòðàöèÿ ïî ÁÏ;ÂÑÏ;39;Ðåãèñòðàöèÿ;äîñüå;17,745;AUTO
ÎÑÖ Íîâîñèáèðñê;Àðõèâ ¹1 Íîâîñèáèðñê;RG 0001 039 02 02;Ðåãèñòðàöèÿ ïî ÁÏ;ÂÑÏ;39;Ðåãèñòðàöèÿ;äîñüå;17,51;AUTO
ÎÑÖ Íîâîñèáèðñê;Àðõèâ ¹3 Åêàòåðèíáóðã;RG 0001 039 02 02;Ðåãèñòðàöèÿ ïî ÁÏ;ÂÑÏ;39;Ðåãèñòðàöèÿ;äîñüå;16,578;AUTO
ÎÑÖ Ñàìàðà;Àðõèâ ¹1 Ñàìàðà;RG 0001 039 02 02;Ðåãèñòðàöèÿ ïî ÁÏ;ÂÑÏ;39;Ðåãèñòðàöèÿ;äîñüå;15,404;AUTO
ÎÑÖ Âîðîíåæ;Àðõèâ ¹1 Âîðîíåæ;RG 0001 042 01 02;Ðåãèñòðàöèÿ ïî ÁÏ;ÂÑÏ;42;Ðåãèñòðàöèÿ;äîñüå;6;AUTO
ÎÑÖ Âîðîíåæ;Àðõèâ ¹3 Êàëèíèíãðàä;RG 0001 042 01 02;Ðåãèñòðàöèÿ ïî ÁÏ;ÂÑÏ;42;Ðåãèñòðàöèÿ;äîñüå;6,026;AUTO
ÎÑÖ Âîðîíåæ;Àðõèâ ¹4 Ñàíêò-Ïåòåðáóðã;RG 0001 042 01 02;Ðåãèñòðàöèÿ ïî ÁÏ;ÂÑÏ;42;Ðåãèñòðàöèÿ;äîñüå;6,433;AUTO
ÎÑÖ Ìîñêâà;Àðõèâ ¹1 Òîìèëèíî;RG 0001 042 01 02;Ðåãèñòðàöèÿ ïî ÁÏ;ÂÑÏ;42;Ðåãèñòðàöèÿ;äîñüå;5,127;AUTO
ÎÑÖ Íèæíèé Íîâãîðîä;Àðõèâ ¹1 Íèæíèé Íîâãîðîä;RG 0001 042 01 02;Ðåãèñòðàöèÿ ïî ÁÏ;ÂÑÏ;42;Ðåãèñòðàöèÿ;äîñüå;6,216;AUTO
ÎÑÖ Íîâîñèáèðñê;Àðõèâ ¹1 Íîâîñèáèðñê;RG 0001 042 01 02;Ðåãèñòðàöèÿ ïî ÁÏ;ÂÑÏ;42;Ðåãèñòðàöèÿ;äîñüå;6,069;AUTO
ÎÑÖ Íîâîñèáèðñê;Àðõèâ ¹3 Åêàòåðèíáóðã;RG 0001 042 01 02;Ðåãèñòðàöèÿ ïî ÁÏ;ÂÑÏ;42;Ðåãèñòðàöèÿ;äîñüå;6,03;AUTO
ÎÑÖ Ñàìàðà;Àðõèâ ¹1 Ñàìàðà;RG 0001 042 01 02;Ðåãèñòðàöèÿ ïî ÁÏ;ÂÑÏ;42;Ðåãèñòðàöèÿ;äîñüå;6,426;AUTO
ÎÑÖ Âîðîíåæ;Àðõèâ ¹1 Âîðîíåæ;RG 0001 042 02 02;Ðåãèñòðàöèÿ ïî ÁÏ;ÂÑÏ;42;Ðåãèñòðàöèÿ;äîñüå;13,045;AUTO
ÎÑÖ Âîðîíåæ;Àðõèâ ¹3 Êàëèíèíãðàä;RG 0001 042 02 02;Ðåãèñòðàöèÿ ïî ÁÏ;ÂÑÏ;42;Ðåãèñòðàöèÿ;äîñüå;12,568;AUTO
ÎÑÖ Âîðîíåæ;Àðõèâ ¹4 Ñàíêò-Ïåòåðáóðã;RG 0001 042 02 02;Ðåãèñòðàöèÿ ïî ÁÏ;ÂÑÏ;42;Ðåãèñòðàöèÿ;äîñüå;13,294;AUTO
ÎÑÖ Ìîñêâà;Àðõèâ ¹1 Òîìèëèíî;RG 0001 042 02 02;Ðåãèñòðàöèÿ ïî ÁÏ;ÂÑÏ;42;Ðåãèñòðàöèÿ;äîñüå;8,999;AUTO
ÎÑÖ Íèæíèé Íîâãîðîä;Àðõèâ ¹1 Íèæíèé Íîâãîðîä;RG 0001 042 02 02;Ðåãèñòðàöèÿ ïî ÁÏ;ÂÑÏ;42;Ðåãèñòðàöèÿ;äîñüå;12,429;AUTO
ÎÑÖ Íîâîñèáèðñê;Àðõèâ ¹1 Íîâîñèáèðñê;RG 0001 042 02 02;Ðåãèñòðàöèÿ ïî ÁÏ;ÂÑÏ;42;Ðåãèñòðàöèÿ;äîñüå;12,01;AUTO
ÎÑÖ Íîâîñèáèðñê;Àðõèâ ¹3 Åêàòåðèíáóðã;RG 0001 042 02 02;Ðåãèñòðàöèÿ ïî ÁÏ;ÂÑÏ;42;Ðåãèñòðàöèÿ;äîñüå;13,582;AUTO
ÎÑÖ Ñàìàðà;Àðõèâ ¹1 Ñàìàðà;RG 0001 042 02 02;Ðåãèñòðàöèÿ ïî ÁÏ;ÂÑÏ;42;Ðåãèñòðàöèÿ;äîñüå;12,831;AUTO
ÎÑÖ Âîðîíåæ;Âíå ïîäðàçäåëåíèé;NO 026 018 00 00;Àíàëèç äàííûõ â ÀÑ ÖÀÐÑ;;;ÑÏÀÑ;ØÊ;0;RUCH
ÎÑÖ Âîðîíåæ;Àðõèâ ¹1 Âîðîíåæ;NO 026 018 00 00;Àíàëèç äàííûõ â ÀÑ ÖÀÐÑ;;;ÑÏÀÑ;ØÊ;0;RUCH
ÎÑÖ Âîðîíåæ;Àðõèâ ¹3 Êàëèíèíãðàä;NO 026 018 00 00;Àíàëèç äàííûõ â ÀÑ ÖÀÐÑ;;;ÑÏÀÑ;ØÊ;0;RUCH
ÎÑÖ Âîðîíåæ;Àðõèâ ¹4 Ñàíêò-Ïåòåðáóðã;NO 026 018 00 00;Àíàëèç äàííûõ â ÀÑ ÖÀÐÑ;;;ÑÏÀÑ;ØÊ;0;RUCH
ÎÑÖ Ìîñêâà;Âíå ïîäðàçäåëåíèé;NO 026 018 00 00;Àíàëèç äàííûõ â ÀÑ ÖÀÐÑ;;;ÑÏÀÑ;ØÊ;0;RUCH
ÎÑÖ Ìîñêâà;Àðõèâ ¹1 Òîìèëèíî;NO 026 018 00 00;Àíàëèç äàííûõ â ÀÑ ÖÀÐÑ;;;ÑÏÀÑ;ØÊ;0;RUCH
ÎÑÖ Íèæíèé Íîâãîðîä;Âíå ïîäðàçäåëåíèé;NO 026 018 00 00;Àíàëèç äàííûõ â ÀÑ ÖÀÐÑ;;;ÑÏÀÑ;ØÊ;0;RUCH
ÎÑÖ Íèæíèé Íîâãîðîä;Àðõèâ ¹1 Íèæíèé Íîâãîðîä;NO 026 018 00 00;Àíàëèç äàííûõ â ÀÑ ÖÀÐÑ;;;ÑÏÀÑ;ØÊ;51,9;RUCH
ÎÑÖ Íîâîñèáèðñê;Âíå ïîäðàçäåëåíèé;NO 026 018 00 00;Àíàëèç äàííûõ â ÀÑ ÖÀÐÑ;;;ÑÏÀÑ;ØÊ;0;RUCH
ÎÑÖ Íîâîñèáèðñê;Àðõèâ ¹1 Íîâîñèáèðñê;NO 026 018 00 00;Àíàëèç äàííûõ â ÀÑ ÖÀÐÑ;;;ÑÏÀÑ;ØÊ;0;RUCH
ÎÑÖ Ñàìàðà;Âíå ïîäðàçäåëåíèé;NO 026 018 00 00;Àíàëèç äàííûõ â ÀÑ ÖÀÐÑ;;;ÑÏÀÑ;ØÊ;0;RUCH
ÎÑÖ Íîâîñèáèðñê;Àðõèâ ¹3 Åêàòåðèíáóðã;NO 026 018 00 00;Àíàëèç äàííûõ â ÀÑ ÖÀÐÑ;;;ÑÏÀÑ;ØÊ;0;RUCH
ÎÑÖ Ñàìàðà;Àðõèâ ¹1 Ñàìàðà;NO 026 018 00 00;Àíàëèç äàííûõ â ÀÑ ÖÀÐÑ;;;ÑÏÀÑ;ØÊ;0;RUCH
ÎÑÖ Âîðîíåæ;Âíå ïîäðàçäåëåíèé;NO 026 019 00 00;Àíàëèç ÝÃÎ äîêóìåíòà;;;ÑÏÀÑ;ñòðàíèöà;0;RUCH
ÎÑÖ Âîðîíåæ;Àðõèâ ¹1 Âîðîíåæ;NO 026 019 00 00;Àíàëèç ÝÃÎ äîêóìåíòà;;;ÑÏÀÑ;ñòðàíèöà;0;RUCH
ÎÑÖ Âîðîíåæ;Àðõèâ ¹3 Êàëèíèíãðàä;NO 026 019 00 00;Àíàëèç ÝÃÎ äîêóìåíòà;;;ÑÏÀÑ;ñòðàíèöà;0;RUCH
ÎÑÖ Âîðîíåæ;Àðõèâ ¹4 Ñàíêò-Ïåòåðáóðã;NO 026 019 00 00;Àíàëèç ÝÃÎ äîêóìåíòà;;;ÑÏÀÑ;ñòðàíèöà;0;RUCH
ÎÑÖ Ìîñêâà;Âíå ïîäðàçäåëåíèé;NO 026 019 00 00;Àíàëèç ÝÃÎ äîêóìåíòà;;;ÑÏÀÑ;ñòðàíèöà;0;RUCH
ÎÑÖ Ìîñêâà;Àðõèâ ¹1 Òîìèëèíî;NO 026 019 00 00;Àíàëèç ÝÃÎ äîêóìåíòà;;;ÑÏÀÑ;ñòðàíèöà;0;RUCH
ÎÑÖ Íèæíèé Íîâãîðîä;Âíå ïîäðàçäåëåíèé;NO 026 019 00 00;Àíàëèç ÝÃÎ äîêóìåíòà;;;ÑÏÀÑ;ñòðàíèöà;0;RUCH
ÎÑÖ Íèæíèé Íîâãîðîä;Àðõèâ ¹1 Íèæíèé Íîâãîðîä;NO 026 019 00 00;Àíàëèç ÝÃÎ äîêóìåíòà;;;ÑÏÀÑ;ñòðàíèöà;5,133;RUCH
ÎÑÖ Íîâîñèáèðñê;Âíå ïîäðàçäåëåíèé;NO 026 019 00 00;Àíàëèç ÝÃÎ äîêóìåíòà;;;ÑÏÀÑ;ñòðàíèöà;0;RUCH
ÎÑÖ Íîâîñèáèðñê;Àðõèâ ¹1 Íîâîñèáèðñê;NO 026 019 00 00;Àíàëèç ÝÃÎ äîêóìåíòà;;;ÑÏÀÑ;ñòðàíèöà;0;RUCH
ÎÑÖ Ñàìàðà;Âíå ïîäðàçäåëåíèé;NO 026 019 00 00;Àíàëèç ÝÃÎ äîêóìåíòà;;;ÑÏÀÑ;ñòðàíèöà;0;RUCH
ÎÑÖ Íîâîñèáèðñê;Àðõèâ ¹3 Åêàòåðèíáóðã;NO 026 019 00 00;Àíàëèç ÝÃÎ äîêóìåíòà;;;ÑÏÀÑ;ñòðàíèöà;0;RUCH
ÎÑÖ Ñàìàðà;Àðõèâ ¹1 Ñàìàðà;NO 026 019 00 00;Àíàëèç ÝÃÎ äîêóìåíòà;;;ÑÏÀÑ;ñòðàíèöà;0;RUCH
ÎÑÖ Âîðîíåæ;Âíå ïîäðàçäåëåíèé;NO 026 020 00 00;Íàïðàâëåíèå çàïðîñîâ â àäðåñ âëàäåëüöà ïðîöåññà è îáðàáîòêà ïîëó÷åííûõ îòâåòîâ;;;ÑÏÀÑ;ñîîáùåíèå;0;RUCH
ÎÑÖ Âîðîíåæ;Àðõèâ ¹1 Âîðîíåæ;NO 026 020 00 00;Íàïðàâëåíèå çàïðîñîâ â àäðåñ âëàäåëüöà ïðîöåññà è îáðàáîòêà ïîëó÷åííûõ îòâåòîâ;;;ÑÏÀÑ;ñîîáùåíèå;0;RUCH
ÎÑÖ Âîðîíåæ;Àðõèâ ¹3 Êàëèíèíãðàä;NO 026 020 00 00;Íàïðàâëåíèå çàïðîñîâ â àäðåñ âëàäåëüöà ïðîöåññà è îáðàáîòêà ïîëó÷åííûõ îòâåòîâ;;;ÑÏÀÑ;ñîîáùåíèå;0;RUCH
ÎÑÖ Âîðîíåæ;Àðõèâ ¹4 Ñàíêò-Ïåòåðáóðã;NO 026 020 00 00;Íàïðàâëåíèå çàïðîñîâ â àäðåñ âëàäåëüöà ïðîöåññà è îáðàáîòêà ïîëó÷åííûõ îòâåòîâ;;;ÑÏÀÑ;ñîîáùåíèå;0;RUCH
ÎÑÖ Ìîñêâà;Âíå ïîäðàçäåëåíèé;NO 026 020 00 00;Íàïðàâëåíèå çàïðîñîâ â àäðåñ âëàäåëüöà ïðîöåññà è îáðàáîòêà ïîëó÷åííûõ îòâåòîâ;;;ÑÏÀÑ;ñîîáùåíèå;0;RUCH
ÎÑÖ Ìîñêâà;Àðõèâ ¹1 Òîìèëèíî;NO 026 020 00 00;Íàïðàâëåíèå çàïðîñîâ â àäðåñ âëàäåëüöà ïðîöåññà è îáðàáîòêà ïîëó÷åííûõ îòâåòîâ;;;ÑÏÀÑ;ñîîáùåíèå;0;RUCH
ÎÑÖ Íèæíèé Íîâãîðîä;Âíå ïîäðàçäåëåíèé;NO 026 020 00 00;Íàïðàâëåíèå çàïðîñîâ â àäðåñ âëàäåëüöà ïðîöåññà è îáðàáîòêà ïîëó÷åííûõ îòâåòîâ;;;ÑÏÀÑ;ñîîáùåíèå;0;RUCH
ÎÑÖ Íèæíèé Íîâãîðîä;Àðõèâ ¹1 Íèæíèé Íîâãîðîä;NO 026 020 00 00;Íàïðàâëåíèå çàïðîñîâ â àäðåñ âëàäåëüöà ïðîöåññà è îáðàáîòêà ïîëó÷åííûõ îòâåòîâ;;;ÑÏÀÑ;ñîîáùåíèå;103,667;RUCH
ÎÑÖ Íîâîñèáèðñê;Âíå ïîäðàçäåëåíèé;NO 026 020 00 00;Íàïðàâëåíèå çàïðîñîâ â àäðåñ âëàäåëüöà ïðîöåññà è îáðàáîòêà ïîëó÷åííûõ îòâåòîâ;;;ÑÏÀÑ;ñîîáùåíèå;0;RUCH
ÎÑÖ Íîâîñèáèðñê;Àðõèâ ¹1 Íîâîñèáèðñê;NO 026 020 00 00;Íàïðàâëåíèå çàïðîñîâ â àäðåñ âëàäåëüöà ïðîöåññà è îáðàáîòêà ïîëó÷åííûõ îòâåòîâ;;;ÑÏÀÑ;ñîîáùåíèå;0;RUCH
ÎÑÖ Ñàìàðà;Âíå ïîäðàçäåëåíèé;NO 026 020 00 00;Íàïðàâëåíèå çàïðîñîâ â àäðåñ âëàäåëüöà ïðîöåññà è îáðàáîòêà ïîëó÷åííûõ îòâåòîâ;;;ÑÏÀÑ;ñîîáùåíèå;0;RUCH
ÎÑÖ Íîâîñèáèðñê;Àðõèâ ¹3 Åêàòåðèíáóðã;NO 026 020 00 00;Íàïðàâëåíèå çàïðîñîâ â àäðåñ âëàäåëüöà ïðîöåññà è îáðàáîòêà ïîëó÷åííûõ îòâåòîâ;;;ÑÏÀÑ;ñîîáùåíèå;0;RUCH
ÎÑÖ Ñàìàðà;Àðõèâ ¹1 Ñàìàðà;NO 026 020 00 00;Íàïðàâëåíèå çàïðîñîâ â àäðåñ âëàäåëüöà ïðîöåññà è îáðàáîòêà ïîëó÷åííûõ îòâåòîâ;;;ÑÏÀÑ;ñîîáùåíèå;0;RUCH
ÎÑÖ Âîðîíåæ;Âíå ïîäðàçäåëåíèé;FZ 000 000 00 01;Ôîðìèðîâàíèå çàÿâêè íà èçãîòîâëåíèå ÝÃÎ äîêóìåíòà;;;ÑÏÀÑ;ØÊ;0;AUTO
ÎÑÖ Âîðîíåæ;Àðõèâ ¹1 Âîðîíåæ;FZ 000 000 00 01;Ôîðìèðîâàíèå çàÿâêè íà èçãîòîâëåíèå ÝÃÎ äîêóìåíòà;;;ÑÏÀÑ;ØÊ;0;AUTO
ÎÑÖ Âîðîíåæ;Àðõèâ ¹3 Êàëèíèíãðàä;FZ 000 000 00 01;Ôîðìèðîâàíèå çàÿâêè íà èçãîòîâëåíèå ÝÃÎ äîêóìåíòà;;;ÑÏÀÑ;ØÊ;0;AUTO
ÎÑÖ Âîðîíåæ;Àðõèâ ¹4 Ñàíêò-Ïåòåðáóðã;FZ 000 000 00 01;Ôîðìèðîâàíèå çàÿâêè íà èçãîòîâëåíèå ÝÃÎ äîêóìåíòà;;;ÑÏÀÑ;ØÊ;0;AUTO
ÎÑÖ Ìîñêâà;Âíå ïîäðàçäåëåíèé;FZ 000 000 00 01;Ôîðìèðîâàíèå çàÿâêè íà èçãîòîâëåíèå ÝÃÎ äîêóìåíòà;;;ÑÏÀÑ;ØÊ;0;AUTO
ÎÑÖ Ìîñêâà;Àðõèâ ¹1 Òîìèëèíî;FZ 000 000 00 01;Ôîðìèðîâàíèå çàÿâêè íà èçãîòîâëåíèå ÝÃÎ äîêóìåíòà;;;ÑÏÀÑ;ØÊ;0;AUTO
ÎÑÖ Íèæíèé Íîâãîðîä;Âíå ïîäðàçäåëåíèé;FZ 000 000 00 01;Ôîðìèðîâàíèå çàÿâêè íà èçãîòîâëåíèå ÝÃÎ äîêóìåíòà;;;ÑÏÀÑ;ØÊ;0;AUTO
ÎÑÖ Íèæíèé Íîâãîðîä;Àðõèâ ¹1 Íèæíèé Íîâãîðîä;FZ 000 000 00 01;Ôîðìèðîâàíèå çàÿâêè íà èçãîòîâëåíèå ÝÃÎ äîêóìåíòà;;;ÑÏÀÑ;ØÊ;44,556;AUTO
ÎÑÖ Íîâîñèáèðñê;Âíå ïîäðàçäåëåíèé;FZ 000 000 00 01;Ôîðìèðîâàíèå çàÿâêè íà èçãîòîâëåíèå ÝÃÎ äîêóìåíòà;;;ÑÏÀÑ;ØÊ;0;AUTO
ÎÑÖ Íîâîñèáèðñê;Àðõèâ ¹1 Íîâîñèáèðñê;FZ 000 000 00 01;Ôîðìèðîâàíèå çàÿâêè íà èçãîòîâëåíèå ÝÃÎ äîêóìåíòà;;;ÑÏÀÑ;ØÊ;0;AUTO
ÎÑÖ Ñàìàðà;Âíå ïîäðàçäåëåíèé;FZ 000 000 00 01;Ôîðìèðîâàíèå çàÿâêè íà èçãîòîâëåíèå ÝÃÎ äîêóìåíòà;;;ÑÏÀÑ;ØÊ;0;AUTO
ÎÑÖ Íîâîñèáèðñê;Àðõèâ ¹3 Åêàòåðèíáóðã;FZ 000 000 00 01;Ôîðìèðîâàíèå çàÿâêè íà èçãîòîâëåíèå ÝÃÎ äîêóìåíòà;;;ÑÏÀÑ;ØÊ;0;AUTO
ÎÑÖ Ñàìàðà;Àðõèâ ¹1 Ñàìàðà;FZ 000 000 00 01;Ôîðìèðîâàíèå çàÿâêè íà èçãîòîâëåíèå ÝÃÎ äîêóìåíòà;;;ÑÏÀÑ;ØÊ;0;AUTO
ÎÑÖ Âîðîíåæ;Âíå ïîäðàçäåëåíèé;FZ 000 000 00 02;Ôîðìèðîâàíèå çàÿâêè íà âûäà÷ó îðèãèíàëà äîêóìåíòà;;;ÑÏÀÑ;ØÊ;0;AUTO
ÎÑÖ Âîðîíåæ;Àðõèâ ¹1 Âîðîíåæ;FZ 000 000 00 02;Ôîðìèðîâàíèå çàÿâêè íà âûäà÷ó îðèãèíàëà äîêóìåíòà;;;ÑÏÀÑ;ØÊ;0;AUTO
ÎÑÖ Âîðîíåæ;Àðõèâ ¹3 Êàëèíèíãðàä;FZ 000 000 00 02;Ôîðìèðîâàíèå çàÿâêè íà âûäà÷ó îðèãèíàëà äîêóìåíòà;;;ÑÏÀÑ;ØÊ;0;AUTO
ÎÑÖ Âîðîíåæ;Àðõèâ ¹4 Ñàíêò-Ïåòåðáóðã;FZ 000 000 00 02;Ôîðìèðîâàíèå çàÿâêè íà âûäà÷ó îðèãèíàëà äîêóìåíòà;;;ÑÏÀÑ;ØÊ;0;AUTO
ÎÑÖ Ìîñêâà;Âíå ïîäðàçäåëåíèé;FZ 000 000 00 02;Ôîðìèðîâàíèå çàÿâêè íà âûäà÷ó îðèãèíàëà äîêóìåíòà;;;ÑÏÀÑ;ØÊ;0;AUTO
ÎÑÖ Ìîñêâà;Àðõèâ ¹1 Òîìèëèíî;FZ 000 000 00 02;Ôîðìèðîâàíèå çàÿâêè íà âûäà÷ó îðèãèíàëà äîêóìåíòà;;;ÑÏÀÑ;ØÊ;0;AUTO
ÎÑÖ Íèæíèé Íîâãîðîä;Âíå ïîäðàçäåëåíèé;FZ 000 000 00 02;Ôîðìèðîâàíèå çàÿâêè íà âûäà÷ó îðèãèíàëà äîêóìåíòà;;;ÑÏÀÑ;ØÊ;0;AUTO
ÎÑÖ Íèæíèé Íîâãîðîä;Àðõèâ ¹1 Íèæíèé Íîâãîðîä;FZ 000 000 00 02;Ôîðìèðîâàíèå çàÿâêè íà âûäà÷ó îðèãèíàëà äîêóìåíòà;;;ÑÏÀÑ;ØÊ;78,5;AUTO
ÎÑÖ Íîâîñèáèðñê;Âíå ïîäðàçäåëåíèé;FZ 000 000 00 02;Ôîðìèðîâàíèå çàÿâêè íà âûäà÷ó îðèãèíàëà äîêóìåíòà;;;ÑÏÀÑ;ØÊ;0;AUTO
ÎÑÖ Íîâîñèáèðñê;Àðõèâ ¹1 Íîâîñèáèðñê;FZ 000 000 00 02;Ôîðìèðîâàíèå çàÿâêè íà âûäà÷ó îðèãèíàëà äîêóìåíòà;;;ÑÏÀÑ;ØÊ;0;AUTO
ÎÑÖ Ñàìàðà;Âíå ïîäðàçäåëåíèé;FZ 000 000 00 02;Ôîðìèðîâàíèå çàÿâêè íà âûäà÷ó îðèãèíàëà äîêóìåíòà;;;ÑÏÀÑ;ØÊ;0;AUTO
ÎÑÖ Íîâîñèáèðñê;Àðõèâ ¹3 Åêàòåðèíáóðã;FZ 000 000 00 02;Ôîðìèðîâàíèå çàÿâêè íà âûäà÷ó îðèãèíàëà äîêóìåíòà;;;ÑÏÀÑ;ØÊ;0;AUTO
ÎÑÖ Ñàìàðà;Àðõèâ ¹1 Ñàìàðà;FZ 000 000 00 02;Ôîðìèðîâàíèå çàÿâêè íà âûäà÷ó îðèãèíàëà äîêóìåíòà;;;ÑÏÀÑ;ØÊ;0;AUTO
ÎÑÖ Âîðîíåæ;Âíå ïîäðàçäåëåíèé;PR 169 000 00 00;169 Âûïîëíåíà ïåðåðåãèñòðàöèÿ ïðîäóêòîâîãî äîêóìåíòà;;;Ðåãèñòðàöèÿ;äîêóìåíò;0;AUTO
ÎÑÖ Âîðîíåæ;Àðõèâ ¹1 Âîðîíåæ;PR 169 000 00 00;169 Âûïîëíåíà ïåðåðåãèñòðàöèÿ ïðîäóêòîâîãî äîêóìåíòà;;;Ðåãèñòðàöèÿ;äîêóìåíò;40,08;AUTO
ÎÑÖ Âîðîíåæ;Àðõèâ ¹3 Êàëèíèíãðàä;PR 169 000 00 00;169 Âûïîëíåíà ïåðåðåãèñòðàöèÿ ïðîäóêòîâîãî äîêóìåíòà;;;Ðåãèñòðàöèÿ;äîêóìåíò;37,731;AUTO
ÎÑÖ Âîðîíåæ;Àðõèâ ¹4 Ñàíêò-Ïåòåðáóðã;PR 169 000 00 00;169 Âûïîëíåíà ïåðåðåãèñòðàöèÿ ïðîäóêòîâîãî äîêóìåíòà;;;Ðåãèñòðàöèÿ;äîêóìåíò;37,774;AUTO
ÎÑÖ Ìîñêâà;Âíå ïîäðàçäåëåíèé;PR 169 000 00 00;169 Âûïîëíåíà ïåðåðåãèñòðàöèÿ ïðîäóêòîâîãî äîêóìåíòà;;;Ðåãèñòðàöèÿ;äîêóìåíò;0;AUTO
ÎÑÖ Ìîñêâà;Àðõèâ ¹1 Òîìèëèíî;PR 169 000 00 00;169 Âûïîëíåíà ïåðåðåãèñòðàöèÿ ïðîäóêòîâîãî äîêóìåíòà;;;Ðåãèñòðàöèÿ;äîêóìåíò;40,719;AUTO
ÎÑÖ Íèæíèé Íîâãîðîä;Âíå ïîäðàçäåëåíèé;PR 169 000 00 00;169 Âûïîëíåíà ïåðåðåãèñòðàöèÿ ïðîäóêòîâîãî äîêóìåíòà;;;Ðåãèñòðàöèÿ;äîêóìåíò;0;AUTO
ÎÑÖ Íèæíèé Íîâãîðîä;Àðõèâ ¹1 Íèæíèé Íîâãîðîä;PR 169 000 00 00;169 Âûïîëíåíà ïåðåðåãèñòðàöèÿ ïðîäóêòîâîãî äîêóìåíòà;;;Ðåãèñòðàöèÿ;äîêóìåíò;38,859;AUTO
ÎÑÖ Íîâîñèáèðñê;Âíå ïîäðàçäåëåíèé;PR 169 000 00 00;169 Âûïîëíåíà ïåðåðåãèñòðàöèÿ ïðîäóêòîâîãî äîêóìåíòà;;;Ðåãèñòðàöèÿ;äîêóìåíò;0;AUTO
ÎÑÖ Íîâîñèáèðñê;Àðõèâ ¹1 Íîâîñèáèðñê;PR 169 000 00 00;169 Âûïîëíåíà ïåðåðåãèñòðàöèÿ ïðîäóêòîâîãî äîêóìåíòà;;;Ðåãèñòðàöèÿ;äîêóìåíò;39,004;AUTO
ÎÑÖ Íîâîñèáèðñê;Àðõèâ ¹3 Åêàòåðèíáóðã;PR 169 000 00 00;169 Âûïîëíåíà ïåðåðåãèñòðàöèÿ ïðîäóêòîâîãî äîêóìåíòà;;;Ðåãèñòðàöèÿ;äîêóìåíò;38,246;AUTO
ÎÑÖ Ñàìàðà;Âíå ïîäðàçäåëåíèé;PR 169 000 00 00;169 Âûïîëíåíà ïåðåðåãèñòðàöèÿ ïðîäóêòîâîãî äîêóìåíòà;;;Ðåãèñòðàöèÿ;äîêóìåíò;0;AUTO
ÎÑÖ Ñàìàðà;Àðõèâ ¹1 Ñàìàðà;PR 169 000 00 00;169 Âûïîëíåíà ïåðåðåãèñòðàöèÿ ïðîäóêòîâîãî äîêóìåíòà;;;Ðåãèñòðàöèÿ;äîêóìåíò;41,259;AUTO
ÎÑÖ Âîðîíåæ;Âíå ïîäðàçäåëåíèé;BF 101 000 00 00;Ïðîåêò_Äîêóìåíò ïðèñóòñòâîâàë âíóòðè êîðîáà ïðè ïðîâåäåíèè êîíòðîëÿ ïîëíîòû êîðîáà;;;Ïðîåêòû;äîêóìåíò;0;RUCH
ÎÑÖ Âîðîíåæ;Àðõèâ ¹1 Âîðîíåæ;BF 101 000 00 00;Ïðîåêò_Äîêóìåíò ïðèñóòñòâîâàë âíóòðè êîðîáà ïðè ïðîâåäåíèè êîíòðîëÿ ïîëíîòû êîðîáà;;;Ïðîåêòû;äîêóìåíò;0;RUCH
ÎÑÖ Âîðîíåæ;Àðõèâ ¹3 Êàëèíèíãðàä;BF 101 000 00 00;Ïðîåêò_Äîêóìåíò ïðèñóòñòâîâàë âíóòðè êîðîáà ïðè ïðîâåäåíèè êîíòðîëÿ ïîëíîòû êîðîáà;;;Ïðîåêòû;äîêóìåíò;0;RUCH
ÎÑÖ Âîðîíåæ;Àðõèâ ¹4 Ñàíêò-Ïåòåðáóðã;BF 101 000 00 00;Ïðîåêò_Äîêóìåíò ïðèñóòñòâîâàë âíóòðè êîðîáà ïðè ïðîâåäåíèè êîíòðîëÿ ïîëíîòû êîðîáà;;;Ïðîåêòû;äîêóìåíò;0;RUCH
ÎÑÖ Ìîñêâà;Âíå ïîäðàçäåëåíèé;BF 101 000 00 00;Ïðîåêò_Äîêóìåíò ïðèñóòñòâîâàë âíóòðè êîðîáà ïðè ïðîâåäåíèè êîíòðîëÿ ïîëíîòû êîðîáà;;;Ïðîåêòû;äîêóìåíò;0;RUCH
ÎÑÖ Ìîñêâà;Àðõèâ ¹1 Òîìèëèíî;BF 101 000 00 00;Ïðîåêò_Äîêóìåíò ïðèñóòñòâîâàë âíóòðè êîðîáà ïðè ïðîâåäåíèè êîíòðîëÿ ïîëíîòû êîðîáà;;;Ïðîåêòû;äîêóìåíò;0;RUCH
ÎÑÖ Íèæíèé Íîâãîðîä;Âíå ïîäðàçäåëåíèé;BF 101 000 00 00;Ïðîåêò_Äîêóìåíò ïðèñóòñòâîâàë âíóòðè êîðîáà ïðè ïðîâåäåíèè êîíòðîëÿ ïîëíîòû êîðîáà;;;Ïðîåêòû;äîêóìåíò;0;RUCH
ÎÑÖ Íèæíèé Íîâãîðîä;Àðõèâ ¹1 Íèæíèé Íîâãîðîä;BF 101 000 00 00;Ïðîåêò_Äîêóìåíò ïðèñóòñòâîâàë âíóòðè êîðîáà ïðè ïðîâåäåíèè êîíòðîëÿ ïîëíîòû êîðîáà;;;Ïðîåêòû;äîêóìåíò;1,818;RUCH
ÎÑÖ Íîâîñèáèðñê;Âíå ïîäðàçäåëåíèé;BF 101 000 00 00;Ïðîåêò_Äîêóìåíò ïðèñóòñòâîâàë âíóòðè êîðîáà ïðè ïðîâåäåíèè êîíòðîëÿ ïîëíîòû êîðîáà;;;Ïðîåêòû;äîêóìåíò;0;RUCH
ÎÑÖ Íîâîñèáèðñê;Àðõèâ ¹1 Íîâîñèáèðñê;BF 101 000 00 00;Ïðîåêò_Äîêóìåíò ïðèñóòñòâîâàë âíóòðè êîðîáà ïðè ïðîâåäåíèè êîíòðîëÿ ïîëíîòû êîðîáà;;;Ïðîåêòû;äîêóìåíò;2;RUCH
ÎÑÖ Ñàìàðà;Âíå ïîäðàçäåëåíèé;BF 101 000 00 00;Ïðîåêò_Äîêóìåíò ïðèñóòñòâîâàë âíóòðè êîðîáà ïðè ïðîâåäåíèè êîíòðîëÿ ïîëíîòû êîðîáà;;;Ïðîåêòû;äîêóìåíò;0;RUCH
ÎÑÖ Íîâîñèáèðñê;Àðõèâ ¹3 Åêàòåðèíáóðã;BF 101 000 00 00;Ïðîåêò_Äîêóìåíò ïðèñóòñòâîâàë âíóòðè êîðîáà ïðè ïðîâåäåíèè êîíòðîëÿ ïîëíîòû êîðîáà;;;Ïðîåêòû;äîêóìåíò;2;RUCH
ÎÑÖ Ñàìàðà;Àðõèâ ¹1 Ñàìàðà;BF 101 000 00 00;Ïðîåêò_Äîêóìåíò ïðèñóòñòâîâàë âíóòðè êîðîáà ïðè ïðîâåäåíèè êîíòðîëÿ ïîëíîòû êîðîáà;;;Ïðîåêòû;äîêóìåíò;0;RUCH
ÎÑÖ Íèæíèé Íîâãîðîä;Àðõèâ ¹1 Íèæíèé Íîâãîðîä;BF 101 000 00 50;Ïðîåêò_Ñøèâ ïðèñóòñòâîâàë âíóòðè êîðîáà ïðè ïðîâåäåíèè êîíòðîëÿ ïîëíîòû êîðîáà;;;Ïðîåêòû;äîêóìåíò;3,8;RUCH
ÎÑÖ Âîðîíåæ;Âíå ïîäðàçäåëåíèé;PR 0010 000 00 00;Ïðîåêò_ÀÊ ðàçìåùåí íà õðàíåíèå;;;Ïðîåêòû;ÀÊ;0;RUCH
ÎÑÖ Âîðîíåæ;Àðõèâ ¹1 Âîðîíåæ;PR 0010 000 00 00;Ïðîåêò_ÀÊ ðàçìåùåí íà õðàíåíèå;;;Ïðîåêòû;ÀÊ;0;RUCH
ÎÑÖ Âîðîíåæ;Àðõèâ ¹3 Êàëèíèíãðàä;PR 0010 000 00 00;Ïðîåêò_ÀÊ ðàçìåùåí íà õðàíåíèå;;;Ïðîåêòû;ÀÊ;0;RUCH
ÎÑÖ Âîðîíåæ;Àðõèâ ¹4 Ñàíêò-Ïåòåðáóðã;PR 0010 000 00 00;Ïðîåêò_ÀÊ ðàçìåùåí íà õðàíåíèå;;;Ïðîåêòû;ÀÊ;0;RUCH
ÎÑÖ Ìîñêâà;Àðõèâ ¹1 Òîìèëèíî;PR 0010 000 00 00;Ïðîåêò_ÀÊ ðàçìåùåí íà õðàíåíèå;;;Ïðîåêòû;ÀÊ;0;RUCH
ÎÑÖ Íèæíèé Íîâãîðîä;Àðõèâ ¹1 Íèæíèé Íîâãîðîä;PR 0010 000 00 00;Ïðîåêò_ÀÊ ðàçìåùåí íà õðàíåíèå;;;Ïðîåêòû;ÀÊ;0;RUCH
ÎÑÖ Íîâîñèáèðñê;Àðõèâ ¹1 Íîâîñèáèðñê;PR 0010 000 00 00;Ïðîåêò_ÀÊ ðàçìåùåí íà õðàíåíèå;;;Ïðîåêòû;ÀÊ;43;RUCH
ÎÑÖ Íîâîñèáèðñê;Àðõèâ ¹3 Åêàòåðèíáóðã;PR 0010 000 00 00;Ïðîåêò_ÀÊ ðàçìåùåí íà õðàíåíèå;;;Ïðîåêòû;ÀÊ;43;RUCH
ÎÑÖ Ñàìàðà;Àðõèâ ¹1 Ñàìàðà;PR 0010 000 00 00;Ïðîåêò_ÀÊ ðàçìåùåí íà õðàíåíèå;;;Ïðîåêòû;ÀÊ;0;RUCH
ÎÑÖ Âîðîíåæ;Àðõèâ ¹1 Âîðîíåæ;PR 0013 000 00 00;Ïðîåêò_ÀÊ èçúÿò ñ õðàíåíèÿ;;;Ïðîåêòû;ÀÊ;0;RUCH
ÎÑÖ Âîðîíåæ;Àðõèâ ¹3 Êàëèíèíãðàä;PR 0013 000 00 00;Ïðîåêò_ÀÊ èçúÿò ñ õðàíåíèÿ;;;Ïðîåêòû;ÀÊ;0;RUCH
ÎÑÖ Âîðîíåæ;Àðõèâ ¹4 Ñàíêò-Ïåòåðáóðã;PR 0013 000 00 00;Ïðîåêò_ÀÊ èçúÿò ñ õðàíåíèÿ;;;Ïðîåêòû;ÀÊ;0;RUCH
ÎÑÖ Ìîñêâà;Àðõèâ ¹1 Òîìèëèíî;PR 0013 000 00 00;Ïðîåêò_ÀÊ èçúÿò ñ õðàíåíèÿ;;;Ïðîåêòû;ÀÊ;0;RUCH
ÎÑÖ Íèæíèé Íîâãîðîä;Àðõèâ ¹1 Íèæíèé Íîâãîðîä;PR 0013 000 00 00;Ïðîåêò_ÀÊ èçúÿò ñ õðàíåíèÿ;;;Ïðîåêòû;ÀÊ;32;RUCH
ÎÑÖ Íîâîñèáèðñê;Àðõèâ ¹1 Íîâîñèáèðñê;PR 0013 000 00 00;Ïðîåêò_ÀÊ èçúÿò ñ õðàíåíèÿ;;;Ïðîåêòû;ÀÊ;32;RUCH
ÎÑÖ Íîâîñèáèðñê;Àðõèâ ¹3 Åêàòåðèíáóðã;PR 0013 000 00 00;Ïðîåêò_ÀÊ èçúÿò ñ õðàíåíèÿ;;;Ïðîåêòû;ÀÊ;32;RUCH
ÎÑÖ Ñàìàðà;Àðõèâ ¹1 Ñàìàðà;PR 0013 000 00 00;Ïðîåêò_ÀÊ èçúÿò ñ õðàíåíèÿ;;;Ïðîåêòû;ÀÊ;32;RUCH
ÎÑÖ Âîðîíåæ;Âíå ïîäðàçäåëåíèé;PR 0077 000 00 00;Ïðîåêò_Ðåãèñòðàöèÿ ÀÊ;;;Ïðîåêòû;;0;RUCH
ÎÑÖ Âîðîíåæ;Àðõèâ ¹1 Âîðîíåæ;PR 0077 000 00 00;Ïðîåêò_Ðåãèñòðàöèÿ ÀÊ;;;Ïðîåêòû;;0;RUCH
ÎÑÖ Âîðîíåæ;Àðõèâ ¹3 Êàëèíèíãðàä;PR 0077 000 00 00;Ïðîåêò_Ðåãèñòðàöèÿ ÀÊ;;;Ïðîåêòû;;0;RUCH
ÎÑÖ Âîðîíåæ;Àðõèâ ¹4 Ñàíêò-Ïåòåðáóðã;PR 0077 000 00 00;Ïðîåêò_Ðåãèñòðàöèÿ ÀÊ;;;Ïðîåêòû;;0;RUCH
ÎÑÖ Ìîñêâà;Àðõèâ ¹1 Òîìèëèíî;PR 0077 000 00 00;Ïðîåêò_Ðåãèñòðàöèÿ ÀÊ;;;Ïðîåêòû;;0;RUCH
ÎÑÖ Íèæíèé Íîâãîðîä;Àðõèâ ¹1 Íèæíèé Íîâãîðîä;PR 0077 000 00 00;Ïðîåêò_Ðåãèñòðàöèÿ ÀÊ;;;Ïðîåêòû;;19,625;RUCH
ÎÑÖ Íîâîñèáèðñê;Àðõèâ ¹1 Íîâîñèáèðñê;PR 0077 000 00 00;Ïðîåêò_Ðåãèñòðàöèÿ ÀÊ;;;Ïðîåêòû;;1;RUCH
ÎÑÖ Íîâîñèáèðñê;Àðõèâ ¹3 Åêàòåðèíáóðã;PR 0077 000 00 00;Ïðîåêò_Ðåãèñòðàöèÿ ÀÊ;;;Ïðîåêòû;;0;RUCH
ÎÑÖ Ñàìàðà;Àðõèâ ¹1 Ñàìàðà;PR 0077 000 00 00;Ïðîåêò_Ðåãèñòðàöèÿ ÀÊ;;;Ïðîåêòû;;0;RUCH
ÎÑÖ Âîðîíåæ;Âíå ïîäðàçäåëåíèé;PR 0085 000 00 00;Ïðîåêò_Ðåãèñòðàöèÿ FB;;;Ïðîåêòû;;0;RUCH
ÎÑÖ Âîðîíåæ;Àðõèâ ¹1 Âîðîíåæ;PR 0085 000 00 00;Ïðîåêò_Ðåãèñòðàöèÿ FB;;;Ïðîåêòû;;0;RUCH
ÎÑÖ Âîðîíåæ;Àðõèâ ¹3 Êàëèíèíãðàä;PR 0085 000 00 00;Ïðîåêò_Ðåãèñòðàöèÿ FB;;;Ïðîåêòû;;0;RUCH
ÎÑÖ Âîðîíåæ;Àðõèâ ¹4 Ñàíêò-Ïåòåðáóðã;PR 0085 000 00 00;Ïðîåêò_Ðåãèñòðàöèÿ FB;;;Ïðîåêòû;;0;RUCH
ÎÑÖ Ìîñêâà;Àðõèâ ¹1 Òîìèëèíî;PR 0085 000 00 00;Ïðîåêò_Ðåãèñòðàöèÿ FB;;;Ïðîåêòû;;0;RUCH
ÎÑÖ Íèæíèé Íîâãîðîä;Àðõèâ ¹1 Íèæíèé Íîâãîðîä;PR 0085 000 00 00;Ïðîåêò_Ðåãèñòðàöèÿ FB;;;Ïðîåêòû;;19,625;RUCH
ÎÑÖ Íîâîñèáèðñê;Àðõèâ ¹1 Íîâîñèáèðñê;PR 0085 000 00 00;Ïðîåêò_Ðåãèñòðàöèÿ FB;;;Ïðîåêòû;;1;RUCH
ÎÑÖ Íîâîñèáèðñê;Àðõèâ ¹3 Åêàòåðèíáóðã;PR 0085 000 00 00;Ïðîåêò_Ðåãèñòðàöèÿ FB;;;Ïðîåêòû;;0;RUCH
ÎÑÖ Ñàìàðà;Àðõèâ ¹1 Ñàìàðà;PR 0085 000 00 00;Ïðîåêò_Ðåãèñòðàöèÿ FB;;;Ïðîåêòû;;0;RUCH
ÎÑÖ Âîðîíåæ;Âíå ïîäðàçäåëåíèé;PR 0021 000 00 00;Ïðîåêò_ÀÊ ïåðåìàðêèðîâàí;;;Ïðîåêòû;;0;RUCH
ÎÑÖ Âîðîíåæ;Àðõèâ ¹1 Âîðîíåæ;PR 0021 000 00 00;Ïðîåêò_ÀÊ ïåðåìàðêèðîâàí;;;Ïðîåêòû;;0;RUCH
ÎÑÖ Âîðîíåæ;Àðõèâ ¹3 Êàëèíèíãðàä;PR 0021 000 00 00;Ïðîåêò_ÀÊ ïåðåìàðêèðîâàí;;;Ïðîåêòû;;0;RUCH
ÎÑÖ Âîðîíåæ;Àðõèâ ¹4 Ñàíêò-Ïåòåðáóðã;PR 0021 000 00 00;Ïðîåêò_ÀÊ ïåðåìàðêèðîâàí;;;Ïðîåêòû;;0;RUCH
ÎÑÖ Ìîñêâà;Àðõèâ ¹1 Òîìèëèíî;PR 0021 000 00 00;Ïðîåêò_ÀÊ ïåðåìàðêèðîâàí;;;Ïðîåêòû;;0;RUCH
ÎÑÖ Íèæíèé Íîâãîðîä;Àðõèâ ¹1 Íèæíèé Íîâãîðîä;PR 0021 000 00 00;Ïðîåêò_ÀÊ ïåðåìàðêèðîâàí;;;Ïðîåêòû;;0;RUCH
ÎÑÖ Íîâîñèáèðñê;Àðõèâ ¹1 Íîâîñèáèðñê;PR 0021 000 00 00;Ïðîåêò_ÀÊ ïåðåìàðêèðîâàí;;;Ïðîåêòû;;30;RUCH
ÎÑÖ Íîâîñèáèðñê;Àðõèâ ¹3 Åêàòåðèíáóðã;PR 0021 000 00 00;Ïðîåêò_ÀÊ ïåðåìàðêèðîâàí;;;Ïðîåêòû;;30;RUCH
ÎÑÖ Ñàìàðà;Àðõèâ ¹1 Ñàìàðà;PR 0021 000 00 00;Ïðîåêò_ÀÊ ïåðåìàðêèðîâàí;;;Ïðîåêòû;;0;RUCH
ÎÑÖ Âîðîíåæ;Âíå ïîäðàçäåëåíèé;MS 071 000 00 00;Ïðîåêò_Äîêóìåíò/Îïèñü ïîìåùåí â àðõèâíûé/ôàéëîâûé êîðîá;;;Ïðîåêòû;äîêóìåíò;0;RUCH
ÎÑÖ Âîðîíåæ;Àðõèâ ¹1 Âîðîíåæ;MS 071 000 00 00;Ïðîåêò_Äîêóìåíò/Îïèñü ïîìåùåí â àðõèâíûé/ôàéëîâûé êîðîá;;;Ïðîåêòû;äîêóìåíò;8;RUCH
ÎÑÖ Âîðîíåæ;Àðõèâ ¹3 Êàëèíèíãðàä;MS 071 000 00 00;Ïðîåêò_Äîêóìåíò/Îïèñü ïîìåùåí â àðõèâíûé/ôàéëîâûé êîðîá;;;Ïðîåêòû;äîêóìåíò;8;RUCH
ÎÑÖ Âîðîíåæ;Àðõèâ ¹4 Ñàíêò-Ïåòåðáóðã;MS 071 000 00 00;Ïðîåêò_Äîêóìåíò/Îïèñü ïîìåùåí â àðõèâíûé/ôàéëîâûé êîðîá;;;Ïðîåêòû;äîêóìåíò;8;RUCH
ÎÑÖ Ìîñêâà;Âíå ïîäðàçäåëåíèé;MS 071 000 00 00;Ïðîåêò_Äîêóìåíò/Îïèñü ïîìåùåí â àðõèâíûé/ôàéëîâûé êîðîá;;;Ïðîåêòû;äîêóìåíò;0;RUCH
ÎÑÖ Ìîñêâà;Àðõèâ ¹1 Òîìèëèíî;MS 071 000 00 00;Ïðîåêò_Äîêóìåíò/Îïèñü ïîìåùåí â àðõèâíûé/ôàéëîâûé êîðîá;;;Ïðîåêòû;äîêóìåíò;0;RUCH
ÎÑÖ Íèæíèé Íîâãîðîä;Âíå ïîäðàçäåëåíèé;MS 071 000 00 00;Ïðîåêò_Äîêóìåíò/Îïèñü ïîìåùåí â àðõèâíûé/ôàéëîâûé êîðîá;;;Ïðîåêòû;äîêóìåíò;0;RUCH
ÎÑÖ Íèæíèé Íîâãîðîä;Àðõèâ ¹1 Íèæíèé Íîâãîðîä;MS 071 000 00 00;Ïðîåêò_Äîêóìåíò/Îïèñü ïîìåùåí â àðõèâíûé/ôàéëîâûé êîðîá;;;Ïðîåêòû;äîêóìåíò;0;RUCH
ÎÑÖ Íîâîñèáèðñê;Âíå ïîäðàçäåëåíèé;MS 071 000 00 00;Ïðîåêò_Äîêóìåíò/Îïèñü ïîìåùåí â àðõèâíûé/ôàéëîâûé êîðîá;;;Ïðîåêòû;äîêóìåíò;0;RUCH
ÎÑÖ Íîâîñèáèðñê;Àðõèâ ¹1 Íîâîñèáèðñê;MS 071 000 00 00;Ïðîåêò_Äîêóìåíò/Îïèñü ïîìåùåí â àðõèâíûé/ôàéëîâûé êîðîá;;;Ïðîåêòû;äîêóìåíò;8;RUCH
ÎÑÖ Ñàìàðà;Âíå ïîäðàçäåëåíèé;MS 071 000 00 00;Ïðîåêò_Äîêóìåíò/Îïèñü ïîìåùåí â àðõèâíûé/ôàéëîâûé êîðîá;;;Ïðîåêòû;äîêóìåíò;0;RUCH
ÎÑÖ Íîâîñèáèðñê;Àðõèâ ¹3 Åêàòåðèíáóðã;MS 071 000 00 00;Ïðîåêò_Äîêóìåíò/Îïèñü ïîìåùåí â àðõèâíûé/ôàéëîâûé êîðîá;;;Ïðîåêòû;äîêóìåíò;9,97;RUCH
ÎÑÖ Ñàìàðà;Àðõèâ ¹1 Ñàìàðà;MS 071 000 00 00;Ïðîåêò_Äîêóìåíò/Îïèñü ïîìåùåí â àðõèâíûé/ôàéëîâûé êîðîá;;;Ïðîåêòû;äîêóìåíò;8;RUCH
ÎÑÖ Âîðîíåæ;Âíå ïîäðàçäåëåíèé;RS 000 000 00 00;Ïðîåêò_Ðàçìåùåíèå ÝÃÎ äîêóìåíòîâ/äîñüå â ÅÑÌ_âõîäÿùèé ïîòîê_ÎÁÙÈÉ ôàéë;;;Ïðîåêòû;ñòðàíèöà;0;RUCH
ÎÑÖ Âîðîíåæ;Àðõèâ ¹1 Âîðîíåæ;RS 000 000 00 00;Ïðîåêò_Ðàçìåùåíèå ÝÃÎ äîêóìåíòîâ/äîñüå â ÅÑÌ_âõîäÿùèé ïîòîê_ÎÁÙÈÉ ôàéë;;;Ïðîåêòû;ñòðàíèöà;0;RUCH
ÎÑÖ Âîðîíåæ;Àðõèâ ¹3 Êàëèíèíãðàä;RS 000 000 00 00;Ïðîåêò_Ðàçìåùåíèå ÝÃÎ äîêóìåíòîâ/äîñüå â ÅÑÌ_âõîäÿùèé ïîòîê_ÎÁÙÈÉ ôàéë;;;Ïðîåêòû;ñòðàíèöà;0;RUCH
ÎÑÖ Âîðîíåæ;Àðõèâ ¹4 Ñàíêò-Ïåòåðáóðã;RS 000 000 00 00;Ïðîåêò_Ðàçìåùåíèå ÝÃÎ äîêóìåíòîâ/äîñüå â ÅÑÌ_âõîäÿùèé ïîòîê_ÎÁÙÈÉ ôàéë;;;Ïðîåêòû;ñòðàíèöà;0;RUCH
ÎÑÖ Ìîñêâà;Âíå ïîäðàçäåëåíèé;RS 000 000 00 00;Ïðîåêò_Ðàçìåùåíèå ÝÃÎ äîêóìåíòîâ/äîñüå â ÅÑÌ_âõîäÿùèé ïîòîê_ÎÁÙÈÉ ôàéë;;;Ïðîåêòû;ñòðàíèöà;0;RUCH
ÎÑÖ Ìîñêâà;Àðõèâ ¹1 Òîìèëèíî;RS 000 000 00 00;Ïðîåêò_Ðàçìåùåíèå ÝÃÎ äîêóìåíòîâ/äîñüå â ÅÑÌ_âõîäÿùèé ïîòîê_ÎÁÙÈÉ ôàéë;;;Ïðîåêòû;ñòðàíèöà;0;RUCH
ÎÑÖ Íèæíèé Íîâãîðîä;Âíå ïîäðàçäåëåíèé;RS 000 000 00 00;Ïðîåêò_Ðàçìåùåíèå ÝÃÎ äîêóìåíòîâ/äîñüå â ÅÑÌ_âõîäÿùèé ïîòîê_ÎÁÙÈÉ ôàéë;;;Ïðîåêòû;ñòðàíèöà;0;RUCH
ÎÑÖ Íèæíèé Íîâãîðîä;Àðõèâ ¹1 Íèæíèé Íîâãîðîä;RS 000 000 00 00;Ïðîåêò_Ðàçìåùåíèå ÝÃÎ äîêóìåíòîâ/äîñüå â ÅÑÌ_âõîäÿùèé ïîòîê_ÎÁÙÈÉ ôàéë;;;Ïðîåêòû;ñòðàíèöà;40,419;RUCH
ÎÑÖ Íîâîñèáèðñê;Âíå ïîäðàçäåëåíèé;RS 000 000 00 00;Ïðîåêò_Ðàçìåùåíèå ÝÃÎ äîêóìåíòîâ/äîñüå â ÅÑÌ_âõîäÿùèé ïîòîê_ÎÁÙÈÉ ôàéë;;;Ïðîåêòû;ñòðàíèöà;0;RUCH
ÎÑÖ Íîâîñèáèðñê;Àðõèâ ¹1 Íîâîñèáèðñê;RS 000 000 00 00;Ïðîåêò_Ðàçìåùåíèå ÝÃÎ äîêóìåíòîâ/äîñüå â ÅÑÌ_âõîäÿùèé ïîòîê_ÎÁÙÈÉ ôàéë;;;Ïðîåêòû;ñòðàíèöà;0;RUCH
ÎÑÖ Ñàìàðà;Âíå ïîäðàçäåëåíèé;RS 000 000 00 00;Ïðîåêò_Ðàçìåùåíèå ÝÃÎ äîêóìåíòîâ/äîñüå â ÅÑÌ_âõîäÿùèé ïîòîê_ÎÁÙÈÉ ôàéë;;;Ïðîåêòû;ñòðàíèöà;0;RUCH
ÎÑÖ Íîâîñèáèðñê;Àðõèâ ¹3 Åêàòåðèíáóðã;RS 000 000 00 00;Ïðîåêò_Ðàçìåùåíèå ÝÃÎ äîêóìåíòîâ/äîñüå â ÅÑÌ_âõîäÿùèé ïîòîê_ÎÁÙÈÉ ôàéë;;;Ïðîåêòû;ñòðàíèöà;0;RUCH
ÎÑÖ Ñàìàðà;Àðõèâ ¹1 Ñàìàðà;RS 000 000 00 00;Ïðîåêò_Ðàçìåùåíèå ÝÃÎ äîêóìåíòîâ/äîñüå â ÅÑÌ_âõîäÿùèé ïîòîê_ÎÁÙÈÉ ôàéë;;;Ïðîåêòû;ñòðàíèöà;0;RUCH
ÎÑÖ Âîðîíåæ;Âíå ïîäðàçäåëåíèé;SL 014 000 00 01;Ïðîåêò_Ïåðåêàðòîíèðîâàíèå ïîëóïóñòûõ ÀÊ;;;Ïðîåêòû;ÀÊ;180;RUCH
ÎÑÖ Âîðîíåæ;Àðõèâ ¹1 Âîðîíåæ;SL 014 000 00 01;Ïðîåêò_Ïåðåêàðòîíèðîâàíèå ïîëóïóñòûõ ÀÊ;;;Ïðîåêòû;ÀÊ;180;RUCH
ÎÑÖ Âîðîíåæ;Àðõèâ ¹3 Êàëèíèíãðàä;SL 014 000 00 01;Ïðîåêò_Ïåðåêàðòîíèðîâàíèå ïîëóïóñòûõ ÀÊ;;;Ïðîåêòû;ÀÊ;180;RUCH
ÎÑÖ Âîðîíåæ;Àðõèâ ¹4 Ñàíêò-Ïåòåðáóðã;SL 014 000 00 01;Ïðîåêò_Ïåðåêàðòîíèðîâàíèå ïîëóïóñòûõ ÀÊ;;;Ïðîåêòû;ÀÊ;180;RUCH
ÎÑÖ Ìîñêâà;Âíå ïîäðàçäåëåíèé;SL 014 000 00 01;Ïðîåêò_Ïåðåêàðòîíèðîâàíèå ïîëóïóñòûõ ÀÊ;;;Ïðîåêòû;ÀÊ;0;RUCH
ÎÑÖ Ìîñêâà;Àðõèâ ¹1 Òîìèëèíî;SL 014 000 00 01;Ïðîåêò_Ïåðåêàðòîíèðîâàíèå ïîëóïóñòûõ ÀÊ;;;Ïðîåêòû;ÀÊ;0;RUCH
ÎÑÖ Íèæíèé Íîâãîðîä;Âíå ïîäðàçäåëåíèé;SL 014 000 00 01;Ïðîåêò_Ïåðåêàðòîíèðîâàíèå ïîëóïóñòûõ ÀÊ;;;Ïðîåêòû;ÀÊ;0;RUCH
ÎÑÖ Íèæíèé Íîâãîðîä;Àðõèâ ¹1 Íèæíèé Íîâãîðîä;SL 014 000 00 01;Ïðîåêò_Ïåðåêàðòîíèðîâàíèå ïîëóïóñòûõ ÀÊ;;;Ïðîåêòû;ÀÊ;180;RUCH
ÎÑÖ Íîâîñèáèðñê;Âíå ïîäðàçäåëåíèé;SL 014 000 00 01;Ïðîåêò_Ïåðåêàðòîíèðîâàíèå ïîëóïóñòûõ ÀÊ;;;Ïðîåêòû;ÀÊ;0;RUCH
ÎÑÖ Íîâîñèáèðñê;Àðõèâ ¹1 Íîâîñèáèðñê;SL 014 000 00 01;Ïðîåêò_Ïåðåêàðòîíèðîâàíèå ïîëóïóñòûõ ÀÊ;;;Ïðîåêòû;ÀÊ;0;RUCH
ÎÑÖ Ñàìàðà;Âíå ïîäðàçäåëåíèé;SL 014 000 00 01;Ïðîåêò_Ïåðåêàðòîíèðîâàíèå ïîëóïóñòûõ ÀÊ;;;Ïðîåêòû;ÀÊ;0;RUCH
ÎÑÖ Íîâîñèáèðñê;Àðõèâ ¹3 Åêàòåðèíáóðã;SL 014 000 00 01;Ïðîåêò_Ïåðåêàðòîíèðîâàíèå ïîëóïóñòûõ ÀÊ;;;Ïðîåêòû;ÀÊ;0;RUCH
ÎÑÖ Ñàìàðà;Àðõèâ ¹1 Ñàìàðà;SL 014 000 00 01;Ïðîåêò_Ïåðåêàðòîíèðîâàíèå ïîëóïóñòûõ ÀÊ;;;Ïðîåêòû;ÀÊ;0;RUCH
ÎÑÖ Âîðîíåæ;Âíå ïîäðàçäåëåíèé;SL 053 000 00 01;Ïðîåêò_Èçúÿòî / Ðàçìåùåíî èç/â ÀËÖ êîðîáîâ ïî çàïðîñàì;-;00;Ïðîåêòû;ÀÊ;0;RUCH
ÎÑÖ Âîðîíåæ;Àðõèâ ¹1 Âîðîíåæ;SL 053 000 00 01;Ïðîåêò_Èçúÿòî / Ðàçìåùåíî èç/â ÀËÖ êîðîáîâ ïî çàïðîñàì;-;00;Ïðîåêòû;ÀÊ;0;RUCH
ÎÑÖ Âîðîíåæ;Àðõèâ ¹3 Êàëèíèíãðàä;SL 053 000 00 01;Ïðîåêò_Èçúÿòî / Ðàçìåùåíî èç/â ÀËÖ êîðîáîâ ïî çàïðîñàì;-;00;Ïðîåêòû;ÀÊ;0;RUCH
ÎÑÖ Âîðîíåæ;Àðõèâ ¹4 Ñàíêò-Ïåòåðáóðã;SL 053 000 00 01;Ïðîåêò_Èçúÿòî / Ðàçìåùåíî èç/â ÀËÖ êîðîáîâ ïî çàïðîñàì;-;00;Ïðîåêòû;ÀÊ;0;RUCH
ÎÑÖ Ìîñêâà;Âíå ïîäðàçäåëåíèé;SL 053 000 00 01;Ïðîåêò_Èçúÿòî / Ðàçìåùåíî èç/â ÀËÖ êîðîáîâ ïî çàïðîñàì;-;00;Ïðîåêòû;ÀÊ;0;RUCH
ÎÑÖ Ìîñêâà;Àðõèâ ¹1 Òîìèëèíî;SL 053 000 00 01;Ïðîåêò_Èçúÿòî / Ðàçìåùåíî èç/â ÀËÖ êîðîáîâ ïî çàïðîñàì;-;00;Ïðîåêòû;ÀÊ;0;RUCH
ÎÑÖ Íèæíèé Íîâãîðîä;Âíå ïîäðàçäåëåíèé;SL 053 000 00 01;Ïðîåêò_Èçúÿòî / Ðàçìåùåíî èç/â ÀËÖ êîðîáîâ ïî çàïðîñàì;-;00;Ïðîåêòû;ÀÊ;0;RUCH
ÎÑÖ Íèæíèé Íîâãîðîä;Àðõèâ ¹1 Íèæíèé Íîâãîðîä;SL 053 000 00 01;Ïðîåêò_Èçúÿòî / Ðàçìåùåíî èç/â ÀËÖ êîðîáîâ ïî çàïðîñàì;-;00;Ïðîåêòû;ÀÊ;29;RUCH
ÎÑÖ Íîâîñèáèðñê;Âíå ïîäðàçäåëåíèé;SL 053 000 00 01;Ïðîåêò_Èçúÿòî / Ðàçìåùåíî èç/â ÀËÖ êîðîáîâ ïî çàïðîñàì;-;00;Ïðîåêòû;ÀÊ;0;RUCH
ÎÑÖ Íîâîñèáèðñê;Àðõèâ ¹1 Íîâîñèáèðñê;SL 053 000 00 01;Ïðîåêò_Èçúÿòî / Ðàçìåùåíî èç/â ÀËÖ êîðîáîâ ïî çàïðîñàì;-;00;Ïðîåêòû;ÀÊ;0;RUCH
ÎÑÖ Ñàìàðà;Âíå ïîäðàçäåëåíèé;SL 053 000 00 01;Ïðîåêò_Èçúÿòî / Ðàçìåùåíî èç/â ÀËÖ êîðîáîâ ïî çàïðîñàì;-;00;Ïðîåêòû;ÀÊ;0;RUCH
ÎÑÖ Íîâîñèáèðñê;Àðõèâ ¹3 Åêàòåðèíáóðã;SL 053 000 00 01;Ïðîåêò_Èçúÿòî / Ðàçìåùåíî èç/â ÀËÖ êîðîáîâ ïî çàïðîñàì;-;00;Ïðîåêòû;ÀÊ;0;RUCH
ÎÑÖ Ñàìàðà;Àðõèâ ¹1 Ñàìàðà;SL 053 000 00 01;Ïðîåêò_Èçúÿòî / Ðàçìåùåíî èç/â ÀËÖ êîðîáîâ ïî çàïðîñàì;-;00;Ïðîåêòû;ÀÊ;28;RUCH
ÎÑÖ Âîðîíåæ;Âíå ïîäðàçäåëåíèé;SL 077 000 00 01;Ïðîåêò_Ïåðåêàðòîíèðîâàíèå ïîâðåæäåííûõ àðõèâíûõ êîðîáîâ;-;00;Ïðîåêòû;ÀÊ;0;RUCH
ÎÑÖ Âîðîíåæ;Àðõèâ ¹1 Âîðîíåæ;SL 077 000 00 01;Ïðîåêò_Ïåðåêàðòîíèðîâàíèå ïîâðåæäåííûõ àðõèâíûõ êîðîáîâ;-;00;Ïðîåêòû;ÀÊ;0;RUCH
ÎÑÖ Âîðîíåæ;Àðõèâ ¹3 Êàëèíèíãðàä;SL 077 000 00 01;Ïðîåêò_Ïåðåêàðòîíèðîâàíèå ïîâðåæäåííûõ àðõèâíûõ êîðîáîâ;-;00;Ïðîåêòû;ÀÊ;0;RUCH
ÎÑÖ Âîðîíåæ;Àðõèâ ¹4 Ñàíêò-Ïåòåðáóðã;SL 077 000 00 01;Ïðîåêò_Ïåðåêàðòîíèðîâàíèå ïîâðåæäåííûõ àðõèâíûõ êîðîáîâ;-;00;Ïðîåêòû;ÀÊ;72;RUCH
ÎÑÖ Ìîñêâà;Âíå ïîäðàçäåëåíèé;SL 077 000 00 01;Ïðîåêò_Ïåðåêàðòîíèðîâàíèå ïîâðåæäåííûõ àðõèâíûõ êîðîáîâ;-;00;Ïðîåêòû;ÀÊ;0;RUCH
ÎÑÖ Ìîñêâà;Àðõèâ ¹1 Òîìèëèíî;SL 077 000 00 01;Ïðîåêò_Ïåðåêàðòîíèðîâàíèå ïîâðåæäåííûõ àðõèâíûõ êîðîáîâ;-;00;Ïðîåêòû;ÀÊ;0;RUCH
ÎÑÖ Íèæíèé Íîâãîðîä;Âíå ïîäðàçäåëåíèé;SL 077 000 00 01;Ïðîåêò_Ïåðåêàðòîíèðîâàíèå ïîâðåæäåííûõ àðõèâíûõ êîðîáîâ;-;00;Ïðîåêòû;ÀÊ;0;RUCH
ÎÑÖ Íèæíèé Íîâãîðîä;Àðõèâ ¹1 Íèæíèé Íîâãîðîä;SL 077 000 00 01;Ïðîåêò_Ïåðåêàðòîíèðîâàíèå ïîâðåæäåííûõ àðõèâíûõ êîðîáîâ;-;00;Ïðîåêòû;ÀÊ;0;RUCH
ÎÑÖ Íîâîñèáèðñê;Âíå ïîäðàçäåëåíèé;SL 077 000 00 01;Ïðîåêò_Ïåðåêàðòîíèðîâàíèå ïîâðåæäåííûõ àðõèâíûõ êîðîáîâ;-;00;Ïðîåêòû;ÀÊ;0;RUCH
ÎÑÖ Íîâîñèáèðñê;Àðõèâ ¹1 Íîâîñèáèðñê;SL 077 000 00 01;Ïðîåêò_Ïåðåêàðòîíèðîâàíèå ïîâðåæäåííûõ àðõèâíûõ êîðîáîâ;-;00;Ïðîåêòû;ÀÊ;72;RUCH
ÎÑÖ Ñàìàðà;Âíå ïîäðàçäåëåíèé;SL 077 000 00 01;Ïðîåêò_Ïåðåêàðòîíèðîâàíèå ïîâðåæäåííûõ àðõèâíûõ êîðîáîâ;-;00;Ïðîåêòû;ÀÊ;0;RUCH
ÎÑÖ Íîâîñèáèðñê;Àðõèâ ¹3 Åêàòåðèíáóðã;SL 077 000 00 01;Ïðîåêò_Ïåðåêàðòîíèðîâàíèå ïîâðåæäåííûõ àðõèâíûõ êîðîáîâ;-;00;Ïðîåêòû;ÀÊ;72;RUCH
ÎÑÖ Ñàìàðà;Àðõèâ ¹1 Ñàìàðà;SL 077 000 00 01;Ïðîåêò_Ïåðåêàðòîíèðîâàíèå ïîâðåæäåííûõ àðõèâíûõ êîðîáîâ;-;00;Ïðîåêòû;ÀÊ;0;RUCH
ÎÑÖ Âîðîíåæ;Âíå ïîäðàçäåëåíèé;SL 096 000 00 01;Ïðîåêò_Ñáîðêà ÀÊ/ÔÊ;-;00;Ïðîåêòû;ÀÊ/ÔÊ;0;RUCH
ÎÑÖ Âîðîíåæ;Àðõèâ ¹1 Âîðîíåæ;SL 096 000 00 01;Ïðîåêò_Ñáîðêà ÀÊ/ÔÊ;-;00;Ïðîåêòû;ÀÊ/ÔÊ;0;RUCH
ÎÑÖ Âîðîíåæ;Àðõèâ ¹3 Êàëèíèíãðàä;SL 096 000 00 01;Ïðîåêò_Ñáîðêà ÀÊ/ÔÊ;-;00;Ïðîåêòû;ÀÊ/ÔÊ;0;RUCH
ÎÑÖ Âîðîíåæ;Àðõèâ ¹4 Ñàíêò-Ïåòåðáóðã;SL 096 000 00 01;Ïðîåêò_Ñáîðêà ÀÊ/ÔÊ;-;00;Ïðîåêòû;ÀÊ/ÔÊ;0;RUCH
ÎÑÖ Ìîñêâà;Âíå ïîäðàçäåëåíèé;SL 096 000 00 01;Ïðîåêò_Ñáîðêà ÀÊ/ÔÊ;-;00;Ïðîåêòû;ÀÊ/ÔÊ;0;RUCH
ÎÑÖ Ìîñêâà;Àðõèâ ¹1 Òîìèëèíî;SL 096 000 00 01;Ïðîåêò_Ñáîðêà ÀÊ/ÔÊ;-;00;Ïðîåêòû;ÀÊ/ÔÊ;0;RUCH
ÎÑÖ Íèæíèé Íîâãîðîä;Âíå ïîäðàçäåëåíèé;SL 096 000 00 01;Ïðîåêò_Ñáîðêà ÀÊ/ÔÊ;-;00;Ïðîåêòû;ÀÊ/ÔÊ;0;RUCH
ÎÑÖ Íèæíèé Íîâãîðîä;Àðõèâ ¹1 Íèæíèé Íîâãîðîä;SL 096 000 00 01;Ïðîåêò_Ñáîðêà ÀÊ/ÔÊ;-;00;Ïðîåêòû;ÀÊ/ÔÊ;12;RUCH
ÎÑÖ Íîâîñèáèðñê;Âíå ïîäðàçäåëåíèé;SL 096 000 00 01;Ïðîåêò_Ñáîðêà ÀÊ/ÔÊ;-;00;Ïðîåêòû;ÀÊ/ÔÊ;0;RUCH
ÎÑÖ Íîâîñèáèðñê;Àðõèâ ¹1 Íîâîñèáèðñê;SL 096 000 00 01;Ïðîåêò_Ñáîðêà ÀÊ/ÔÊ;-;00;Ïðîåêòû;ÀÊ/ÔÊ;12;RUCH
ÎÑÖ Ñàìàðà;Âíå ïîäðàçäåëåíèé;SL 096 000 00 01;Ïðîåêò_Ñáîðêà ÀÊ/ÔÊ;-;00;Ïðîåêòû;ÀÊ/ÔÊ;0;RUCH
ÎÑÖ Íîâîñèáèðñê;Àðõèâ ¹3 Åêàòåðèíáóðã;SL 096 000 00 01;Ïðîåêò_Ñáîðêà ÀÊ/ÔÊ;-;00;Ïðîåêòû;ÀÊ/ÔÊ;12;RUCH
ÎÑÖ Ñàìàðà;Àðõèâ ¹1 Ñàìàðà;SL 096 000 00 01;Ïðîåêò_Ñáîðêà ÀÊ/ÔÊ;-;00;Ïðîåêòû;ÀÊ/ÔÊ;12;RUCH
ÎÑÖ Âîðîíåæ;Âíå ïîäðàçäåëåíèé;SL 103 000 00 01;Ïðîåêò_Ïåðåêàðòîíèðîâàíèå_Äîêóìåíò ïðèñóòñòâîâàë âíóòðè êîðîáà ïðè ïðîâåäåíèè êîíòðîëÿ ïîëíîòû êîðîáà;-;00;Ïðîåêòû;äîêóìåíò;0;RUCH
ÎÑÖ Âîðîíåæ;Àðõèâ ¹1 Âîðîíåæ;SL 103 000 00 01;Ïðîåêò_Ïåðåêàðòîíèðîâàíèå_Äîêóìåíò ïðèñóòñòâîâàë âíóòðè êîðîáà ïðè ïðîâåäåíèè êîíòðîëÿ ïîëíîòû êîðîáà;-;00;Ïðîåêòû;äîêóìåíò;0;RUCH
ÎÑÖ Âîðîíåæ;Àðõèâ ¹3 Êàëèíèíãðàä;SL 103 000 00 01;Ïðîåêò_Ïåðåêàðòîíèðîâàíèå_Äîêóìåíò ïðèñóòñòâîâàë âíóòðè êîðîáà ïðè ïðîâåäåíèè êîíòðîëÿ ïîëíîòû êîðîáà;-;00;Ïðîåêòû;äîêóìåíò;2;RUCH
ÎÑÖ Âîðîíåæ;Àðõèâ ¹4 Ñàíêò-Ïåòåðáóðã;SL 103 000 00 01;Ïðîåêò_Ïåðåêàðòîíèðîâàíèå_Äîêóìåíò ïðèñóòñòâîâàë âíóòðè êîðîáà ïðè ïðîâåäåíèè êîíòðîëÿ ïîëíîòû êîðîáà;-;00;Ïðîåêòû;äîêóìåíò;0;RUCH
ÎÑÖ Ìîñêâà;Âíå ïîäðàçäåëåíèé;SL 103 000 00 01;Ïðîåêò_Ïåðåêàðòîíèðîâàíèå_Äîêóìåíò ïðèñóòñòâîâàë âíóòðè êîðîáà ïðè ïðîâåäåíèè êîíòðîëÿ ïîëíîòû êîðîáà;-;00;Ïðîåêòû;äîêóìåíò;0;RUCH
ÎÑÖ Ìîñêâà;Àðõèâ ¹1 Òîìèëèíî;SL 103 000 00 01;Ïðîåêò_Ïåðåêàðòîíèðîâàíèå_Äîêóìåíò ïðèñóòñòâîâàë âíóòðè êîðîáà ïðè ïðîâåäåíèè êîíòðîëÿ ïîëíîòû êîðîáà;-;00;Ïðîåêòû;äîêóìåíò;0;RUCH
ÎÑÖ Íèæíèé Íîâãîðîä;Âíå ïîäðàçäåëåíèé;SL 103 000 00 01;Ïðîåêò_Ïåðåêàðòîíèðîâàíèå_Äîêóìåíò ïðèñóòñòâîâàë âíóòðè êîðîáà ïðè ïðîâåäåíèè êîíòðîëÿ ïîëíîòû êîðîáà;-;00;Ïðîåêòû;äîêóìåíò;0;RUCH
ÎÑÖ Íèæíèé Íîâãîðîä;Àðõèâ ¹1 Íèæíèé Íîâãîðîä;SL 103 000 00 01;Ïðîåêò_Ïåðåêàðòîíèðîâàíèå_Äîêóìåíò ïðèñóòñòâîâàë âíóòðè êîðîáà ïðè ïðîâåäåíèè êîíòðîëÿ ïîëíîòû êîðîáà;-;00;Ïðîåêòû;äîêóìåíò;1,818;RUCH
ÎÑÖ Íîâîñèáèðñê;Âíå ïîäðàçäåëåíèé;SL 103 000 00 01;Ïðîåêò_Ïåðåêàðòîíèðîâàíèå_Äîêóìåíò ïðèñóòñòâîâàë âíóòðè êîðîáà ïðè ïðîâåäåíèè êîíòðîëÿ ïîëíîòû êîðîáà;-;00;Ïðîåêòû;äîêóìåíò;0;RUCH
ÎÑÖ Íîâîñèáèðñê;Àðõèâ ¹1 Íîâîñèáèðñê;SL 103 000 00 01;Ïðîåêò_Ïåðåêàðòîíèðîâàíèå_Äîêóìåíò ïðèñóòñòâîâàë âíóòðè êîðîáà ïðè ïðîâåäåíèè êîíòðîëÿ ïîëíîòû êîðîáà;-;00;Ïðîåêòû;äîêóìåíò;0;RUCH
ÎÑÖ Ñàìàðà;Âíå ïîäðàçäåëåíèé;SL 103 000 00 01;Ïðîåêò_Ïåðåêàðòîíèðîâàíèå_Äîêóìåíò ïðèñóòñòâîâàë âíóòðè êîðîáà ïðè ïðîâåäåíèè êîíòðîëÿ ïîëíîòû êîðîáà;-;00;Ïðîåêòû;äîêóìåíò;0;RUCH
ÎÑÖ Íîâîñèáèðñê;Àðõèâ ¹3 Åêàòåðèíáóðã;SL 103 000 00 01;Ïðîåêò_Ïåðåêàðòîíèðîâàíèå_Äîêóìåíò ïðèñóòñòâîâàë âíóòðè êîðîáà ïðè ïðîâåäåíèè êîíòðîëÿ ïîëíîòû êîðîáà;-;00;Ïðîåêòû;äîêóìåíò;0;RUCH
ÎÑÖ Ñàìàðà;Àðõèâ ¹1 Ñàìàðà;SL 103 000 00 01;Ïðîåêò_Ïåðåêàðòîíèðîâàíèå_Äîêóìåíò ïðèñóòñòâîâàë âíóòðè êîðîáà ïðè ïðîâåäåíèè êîíòðîëÿ ïîëíîòû êîðîáà;-;00;Ïðîåêòû;äîêóìåíò;0;RUCH
ÎÑÖ Âîðîíåæ;Âíå ïîäðàçäåëåíèé;SL 104 000 00 01;Ïðîåêò_Ïåðåêàðòîíèðîâàíèå_Îïèñü ïðèñóòñòâîâàëà âíóòðè êîðîáà ïðè ïðîâåäåíèè êîíòðîëÿ ïîëíîòû êîðîáà;-;00;Ïðîåêòû;äîêóìåíò;0;RUCH
ÎÑÖ Âîðîíåæ;Àðõèâ ¹1 Âîðîíåæ;SL 104 000 00 01;Ïðîåêò_Ïåðåêàðòîíèðîâàíèå_Îïèñü ïðèñóòñòâîâàëà âíóòðè êîðîáà ïðè ïðîâåäåíèè êîíòðîëÿ ïîëíîòû êîðîáà;-;00;Ïðîåêòû;äîêóìåíò;0;RUCH
ÎÑÖ Âîðîíåæ;Àðõèâ ¹3 Êàëèíèíãðàä;SL 104 000 00 01;Ïðîåêò_Ïåðåêàðòîíèðîâàíèå_Îïèñü ïðèñóòñòâîâàëà âíóòðè êîðîáà ïðè ïðîâåäåíèè êîíòðîëÿ ïîëíîòû êîðîáà;-;00;Ïðîåêòû;äîêóìåíò;3,2;RUCH
ÎÑÖ Âîðîíåæ;Àðõèâ ¹4 Ñàíêò-Ïåòåðáóðã;SL 104 000 00 01;Ïðîåêò_Ïåðåêàðòîíèðîâàíèå_Îïèñü ïðèñóòñòâîâàëà âíóòðè êîðîáà ïðè ïðîâåäåíèè êîíòðîëÿ ïîëíîòû êîðîáà;-;00;Ïðîåêòû;äîêóìåíò;0;RUCH
ÎÑÖ Ìîñêâà;Âíå ïîäðàçäåëåíèé;SL 104 000 00 01;Ïðîåêò_Ïåðåêàðòîíèðîâàíèå_Îïèñü ïðèñóòñòâîâàëà âíóòðè êîðîáà ïðè ïðîâåäåíèè êîíòðîëÿ ïîëíîòû êîðîáà;-;00;Ïðîåêòû;äîêóìåíò;0;RUCH
ÎÑÖ Ìîñêâà;Àðõèâ ¹1 Òîìèëèíî;SL 104 000 00 01;Ïðîåêò_Ïåðåêàðòîíèðîâàíèå_Îïèñü ïðèñóòñòâîâàëà âíóòðè êîðîáà ïðè ïðîâåäåíèè êîíòðîëÿ ïîëíîòû êîðîáà;-;00;Ïðîåêòû;äîêóìåíò;0;RUCH
ÎÑÖ Íèæíèé Íîâãîðîä;Âíå ïîäðàçäåëåíèé;SL 104 000 00 01;Ïðîåêò_Ïåðåêàðòîíèðîâàíèå_Îïèñü ïðèñóòñòâîâàëà âíóòðè êîðîáà ïðè ïðîâåäåíèè êîíòðîëÿ ïîëíîòû êîðîáà;-;00;Ïðîåêòû;äîêóìåíò;0;RUCH
ÎÑÖ Íèæíèé Íîâãîðîä;Àðõèâ ¹1 Íèæíèé Íîâãîðîä;SL 104 000 00 01;Ïðîåêò_Ïåðåêàðòîíèðîâàíèå_Îïèñü ïðèñóòñòâîâàëà âíóòðè êîðîáà ïðè ïðîâåäåíèè êîíòðîëÿ ïîëíîòû êîðîáà;-;00;Ïðîåêòû;äîêóìåíò;2,56;RUCH
ÎÑÖ Íîâîñèáèðñê;Âíå ïîäðàçäåëåíèé;SL 104 000 00 01;Ïðîåêò_Ïåðåêàðòîíèðîâàíèå_Îïèñü ïðèñóòñòâîâàëà âíóòðè êîðîáà ïðè ïðîâåäåíèè êîíòðîëÿ ïîëíîòû êîðîáà;-;00;Ïðîåêòû;äîêóìåíò;0;RUCH
ÎÑÖ Íîâîñèáèðñê;Àðõèâ ¹1 Íîâîñèáèðñê;SL 104 000 00 01;Ïðîåêò_Ïåðåêàðòîíèðîâàíèå_Îïèñü ïðèñóòñòâîâàëà âíóòðè êîðîáà ïðè ïðîâåäåíèè êîíòðîëÿ ïîëíîòû êîðîáà;-;00;Ïðîåêòû;äîêóìåíò;0;RUCH
ÎÑÖ Ñàìàðà;Âíå ïîäðàçäåëåíèé;SL 104 000 00 01;Ïðîåêò_Ïåðåêàðòîíèðîâàíèå_Îïèñü ïðèñóòñòâîâàëà âíóòðè êîðîáà ïðè ïðîâåäåíèè êîíòðîëÿ ïîëíîòû êîðîáà;-;00;Ïðîåêòû;äîêóìåíò;0;RUCH
ÎÑÖ Íîâîñèáèðñê;Àðõèâ ¹3 Åêàòåðèíáóðã;SL 104 000 00 01;Ïðîåêò_Ïåðåêàðòîíèðîâàíèå_Îïèñü ïðèñóòñòâîâàëà âíóòðè êîðîáà ïðè ïðîâåäåíèè êîíòðîëÿ ïîëíîòû êîðîáà;-;00;Ïðîåêòû;äîêóìåíò;0;RUCH
ÎÑÖ Ñàìàðà;Àðõèâ ¹1 Ñàìàðà;SL 104 000 00 01;Ïðîåêò_Ïåðåêàðòîíèðîâàíèå_Îïèñü ïðèñóòñòâîâàëà âíóòðè êîðîáà ïðè ïðîâåäåíèè êîíòðîëÿ ïîëíîòû êîðîáà;-;00;Ïðîåêòû;äîêóìåíò;0;RUCH
ÎÑÖ Âîðîíåæ;Âíå ïîäðàçäåëåíèé;SL 105 000 00 01;Ïðîåêò_Ïåðåêàðòîíèðîâàíèå_Ñøèâ ïðèñóòñòâîâàë âíóòðè êîðîáà ïðè ïðîâåäåíèè êîíòðîëÿ ïîëíîòû êîðîáà;-;00;Ïðîåêòû;äîêóìåíò;0;RUCH
ÎÑÖ Âîðîíåæ;Àðõèâ ¹1 Âîðîíåæ;SL 105 000 00 01;Ïðîåêò_Ïåðåêàðòîíèðîâàíèå_Ñøèâ ïðèñóòñòâîâàë âíóòðè êîðîáà ïðè ïðîâåäåíèè êîíòðîëÿ ïîëíîòû êîðîáà;-;00;Ïðîåêòû;äîêóìåíò;0;RUCH
ÎÑÖ Âîðîíåæ;Àðõèâ ¹3 Êàëèíèíãðàä;SL 105 000 00 01;Ïðîåêò_Ïåðåêàðòîíèðîâàíèå_Ñøèâ ïðèñóòñòâîâàë âíóòðè êîðîáà ïðè ïðîâåäåíèè êîíòðîëÿ ïîëíîòû êîðîáà;-;00;Ïðîåêòû;äîêóìåíò;4,8;RUCH
ÎÑÖ Âîðîíåæ;Àðõèâ ¹4 Ñàíêò-Ïåòåðáóðã;SL 105 000 00 01;Ïðîåêò_Ïåðåêàðòîíèðîâàíèå_Ñøèâ ïðèñóòñòâîâàë âíóòðè êîðîáà ïðè ïðîâåäåíèè êîíòðîëÿ ïîëíîòû êîðîáà;-;00;Ïðîåêòû;äîêóìåíò;0;RUCH
ÎÑÖ Ìîñêâà;Âíå ïîäðàçäåëåíèé;SL 105 000 00 01;Ïðîåêò_Ïåðåêàðòîíèðîâàíèå_Ñøèâ ïðèñóòñòâîâàë âíóòðè êîðîáà ïðè ïðîâåäåíèè êîíòðîëÿ ïîëíîòû êîðîáà;-;00;Ïðîåêòû;äîêóìåíò;0;RUCH
ÎÑÖ Ìîñêâà;Àðõèâ ¹1 Òîìèëèíî;SL 105 000 00 01;Ïðîåêò_Ïåðåêàðòîíèðîâàíèå_Ñøèâ ïðèñóòñòâîâàë âíóòðè êîðîáà ïðè ïðîâåäåíèè êîíòðîëÿ ïîëíîòû êîðîáà;-;00;Ïðîåêòû;äîêóìåíò;0;RUCH
ÎÑÖ Íèæíèé Íîâãîðîä;Âíå ïîäðàçäåëåíèé;SL 105 000 00 01;Ïðîåêò_Ïåðåêàðòîíèðîâàíèå_Ñøèâ ïðèñóòñòâîâàë âíóòðè êîðîáà ïðè ïðîâåäåíèè êîíòðîëÿ ïîëíîòû êîðîáà;-;00;Ïðîåêòû;äîêóìåíò;0;RUCH
ÎÑÖ Íèæíèé Íîâãîðîä;Àðõèâ ¹1 Íèæíèé Íîâãîðîä;SL 105 000 00 01;Ïðîåêò_Ïåðåêàðòîíèðîâàíèå_Ñøèâ ïðèñóòñòâîâàë âíóòðè êîðîáà ïðè ïðîâåäåíèè êîíòðîëÿ ïîëíîòû êîðîáà;-;00;Ïðîåêòû;äîêóìåíò;3,8;RUCH
ÎÑÖ Íîâîñèáèðñê;Âíå ïîäðàçäåëåíèé;SL 105 000 00 01;Ïðîåêò_Ïåðåêàðòîíèðîâàíèå_Ñøèâ ïðèñóòñòâîâàë âíóòðè êîðîáà ïðè ïðîâåäåíèè êîíòðîëÿ ïîëíîòû êîðîáà;-;00;Ïðîåêòû;äîêóìåíò;0;RUCH
ÎÑÖ Íîâîñèáèðñê;Àðõèâ ¹1 Íîâîñèáèðñê;SL 105 000 00 01;Ïðîåêò_Ïåðåêàðòîíèðîâàíèå_Ñøèâ ïðèñóòñòâîâàë âíóòðè êîðîáà ïðè ïðîâåäåíèè êîíòðîëÿ ïîëíîòû êîðîáà;-;00;Ïðîåêòû;äîêóìåíò;0;RUCH
ÎÑÖ Ñàìàðà;Âíå ïîäðàçäåëåíèé;SL 105 000 00 01;Ïðîåêò_Ïåðåêàðòîíèðîâàíèå_Ñøèâ ïðèñóòñòâîâàë âíóòðè êîðîáà ïðè ïðîâåäåíèè êîíòðîëÿ ïîëíîòû êîðîáà;-;00;Ïðîåêòû;äîêóìåíò;0;RUCH
ÎÑÖ Íîâîñèáèðñê;Àðõèâ ¹3 Åêàòåðèíáóðã;SL 105 000 00 01;Ïðîåêò_Ïåðåêàðòîíèðîâàíèå_Ñøèâ ïðèñóòñòâîâàë âíóòðè êîðîáà ïðè ïðîâåäåíèè êîíòðîëÿ ïîëíîòû êîðîáà;-;00;Ïðîåêòû;äîêóìåíò;0;RUCH
ÎÑÖ Ñàìàðà;Àðõèâ ¹1 Ñàìàðà;SL 105 000 00 01;Ïðîåêò_Ïåðåêàðòîíèðîâàíèå_Ñøèâ ïðèñóòñòâîâàë âíóòðè êîðîáà ïðè ïðîâåäåíèè êîíòðîëÿ ïîëíîòû êîðîáà;-;00;Ïðîåêòû;äîêóìåíò;0;RUCH
ÎÑÖ Âîðîíåæ;Âíå ïîäðàçäåëåíèé;SL 106 000 00 01;Ïðîåêò_Óïëîòíåíèå_Äîêóìåíò ïðèñóòñòâîâàë âíóòðè êîðîáà ïðè ïðîâåäåíèè êîíòðîëÿ ïîëíîòû êîðîáà;-;00;Ïðîåêòû;äîêóìåíò;0;RUCH
ÎÑÖ Âîðîíåæ;Àðõèâ ¹1 Âîðîíåæ;SL 106 000 00 01;Ïðîåêò_Óïëîòíåíèå_Äîêóìåíò ïðèñóòñòâîâàë âíóòðè êîðîáà ïðè ïðîâåäåíèè êîíòðîëÿ ïîëíîòû êîðîáà;-;00;Ïðîåêòû;äîêóìåíò;0;RUCH
ÎÑÖ Âîðîíåæ;Àðõèâ ¹3 Êàëèíèíãðàä;SL 106 000 00 01;Ïðîåêò_Óïëîòíåíèå_Äîêóìåíò ïðèñóòñòâîâàë âíóòðè êîðîáà ïðè ïðîâåäåíèè êîíòðîëÿ ïîëíîòû êîðîáà;-;00;Ïðîåêòû;äîêóìåíò;2;RUCH
ÎÑÖ Âîðîíåæ;Àðõèâ ¹4 Ñàíêò-Ïåòåðáóðã;SL 106 000 00 01;Ïðîåêò_Óïëîòíåíèå_Äîêóìåíò ïðèñóòñòâîâàë âíóòðè êîðîáà ïðè ïðîâåäåíèè êîíòðîëÿ ïîëíîòû êîðîáà;-;00;Ïðîåêòû;äîêóìåíò;0;RUCH
ÎÑÖ Ìîñêâà;Âíå ïîäðàçäåëåíèé;SL 106 000 00 01;Ïðîåêò_Óïëîòíåíèå_Äîêóìåíò ïðèñóòñòâîâàë âíóòðè êîðîáà ïðè ïðîâåäåíèè êîíòðîëÿ ïîëíîòû êîðîáà;-;00;Ïðîåêòû;äîêóìåíò;0;RUCH
ÎÑÖ Ìîñêâà;Àðõèâ ¹1 Òîìèëèíî;SL 106 000 00 01;Ïðîåêò_Óïëîòíåíèå_Äîêóìåíò ïðèñóòñòâîâàë âíóòðè êîðîáà ïðè ïðîâåäåíèè êîíòðîëÿ ïîëíîòû êîðîáà;-;00;Ïðîåêòû;äîêóìåíò;0;RUCH
ÎÑÖ Íèæíèé Íîâãîðîä;Âíå ïîäðàçäåëåíèé;SL 106 000 00 01;Ïðîåêò_Óïëîòíåíèå_Äîêóìåíò ïðèñóòñòâîâàë âíóòðè êîðîáà ïðè ïðîâåäåíèè êîíòðîëÿ ïîëíîòû êîðîáà;-;00;Ïðîåêòû;äîêóìåíò;0;RUCH
ÎÑÖ Íèæíèé Íîâãîðîä;Àðõèâ ¹1 Íèæíèé Íîâãîðîä;SL 106 000 00 01;Ïðîåêò_Óïëîòíåíèå_Äîêóìåíò ïðèñóòñòâîâàë âíóòðè êîðîáà ïðè ïðîâåäåíèè êîíòðîëÿ ïîëíîòû êîðîáà;-;00;Ïðîåêòû;äîêóìåíò;2;RUCH
ÎÑÖ Íîâîñèáèðñê;Âíå ïîäðàçäåëåíèé;SL 106 000 00 01;Ïðîåêò_Óïëîòíåíèå_Äîêóìåíò ïðèñóòñòâîâàë âíóòðè êîðîáà ïðè ïðîâåäåíèè êîíòðîëÿ ïîëíîòû êîðîáà;-;00;Ïðîåêòû;äîêóìåíò;0;RUCH
ÎÑÖ Íîâîñèáèðñê;Àðõèâ ¹1 Íîâîñèáèðñê;SL 106 000 00 01;Ïðîåêò_Óïëîòíåíèå_Äîêóìåíò ïðèñóòñòâîâàë âíóòðè êîðîáà ïðè ïðîâåäåíèè êîíòðîëÿ ïîëíîòû êîðîáà;-;00;Ïðîåêòû;äîêóìåíò;0;RUCH
ÎÑÖ Ñàìàðà;Âíå ïîäðàçäåëåíèé;SL 106 000 00 01;Ïðîåêò_Óïëîòíåíèå_Äîêóìåíò ïðèñóòñòâîâàë âíóòðè êîðîáà ïðè ïðîâåäåíèè êîíòðîëÿ ïîëíîòû êîðîáà;-;00;Ïðîåêòû;äîêóìåíò;0;RUCH
ÎÑÖ Íîâîñèáèðñê;Àðõèâ ¹3 Åêàòåðèíáóðã;SL 106 000 00 01;Ïðîåêò_Óïëîòíåíèå_Äîêóìåíò ïðèñóòñòâîâàë âíóòðè êîðîáà ïðè ïðîâåäåíèè êîíòðîëÿ ïîëíîòû êîðîáà;-;00;Ïðîåêòû;äîêóìåíò;0;RUCH
ÎÑÖ Ñàìàðà;Àðõèâ ¹1 Ñàìàðà;SL 106 000 00 01;Ïðîåêò_Óïëîòíåíèå_Äîêóìåíò ïðèñóòñòâîâàë âíóòðè êîðîáà ïðè ïðîâåäåíèè êîíòðîëÿ ïîëíîòû êîðîáà;-;00;Ïðîåêòû;äîêóìåíò;0;RUCH
ÎÑÖ Âîðîíåæ;Âíå ïîäðàçäåëåíèé;SL 107 000 00 01;Ïðîåêò_Óïëîòíåíèå_Îïèñü ïðèñóòñòâîâàëà âíóòðè êîðîáà ïðè ïðîâåäåíèè êîíòðîëÿ ïîëíîòû êîðîáà;-;00;Ïðîåêòû;äîêóìåíò;0;RUCH
ÎÑÖ Âîðîíåæ;Àðõèâ ¹1 Âîðîíåæ;SL 107 000 00 01;Ïðîåêò_Óïëîòíåíèå_Îïèñü ïðèñóòñòâîâàëà âíóòðè êîðîáà ïðè ïðîâåäåíèè êîíòðîëÿ ïîëíîòû êîðîáà;-;00;Ïðîåêòû;äîêóìåíò;0;RUCH
ÎÑÖ Âîðîíåæ;Àðõèâ ¹3 Êàëèíèíãðàä;SL 107 000 00 01;Ïðîåêò_Óïëîòíåíèå_Îïèñü ïðèñóòñòâîâàëà âíóòðè êîðîáà ïðè ïðîâåäåíèè êîíòðîëÿ ïîëíîòû êîðîáà;-;00;Ïðîåêòû;äîêóìåíò;3,2;RUCH
ÎÑÖ Âîðîíåæ;Àðõèâ ¹4 Ñàíêò-Ïåòåðáóðã;SL 107 000 00 01;Ïðîåêò_Óïëîòíåíèå_Îïèñü ïðèñóòñòâîâàëà âíóòðè êîðîáà ïðè ïðîâåäåíèè êîíòðîëÿ ïîëíîòû êîðîáà;-;00;Ïðîåêòû;äîêóìåíò;0;RUCH
ÎÑÖ Ìîñêâà;Âíå ïîäðàçäåëåíèé;SL 107 000 00 01;Ïðîåêò_Óïëîòíåíèå_Îïèñü ïðèñóòñòâîâàëà âíóòðè êîðîáà ïðè ïðîâåäåíèè êîíòðîëÿ ïîëíîòû êîðîáà;-;00;Ïðîåêòû;äîêóìåíò;0;RUCH
ÎÑÖ Ìîñêâà;Àðõèâ ¹1 Òîìèëèíî;SL 107 000 00 01;Ïðîåêò_Óïëîòíåíèå_Îïèñü ïðèñóòñòâîâàëà âíóòðè êîðîáà ïðè ïðîâåäåíèè êîíòðîëÿ ïîëíîòû êîðîáà;-;00;Ïðîåêòû;äîêóìåíò;0;RUCH
ÎÑÖ Íèæíèé Íîâãîðîä;Âíå ïîäðàçäåëåíèé;SL 107 000 00 01;Ïðîåêò_Óïëîòíåíèå_Îïèñü ïðèñóòñòâîâàëà âíóòðè êîðîáà ïðè ïðîâåäåíèè êîíòðîëÿ ïîëíîòû êîðîáà;-;00;Ïðîåêòû;äîêóìåíò;0;RUCH
ÎÑÖ Íèæíèé Íîâãîðîä;Àðõèâ ¹1 Íèæíèé Íîâãîðîä;SL 107 000 00 01;Ïðîåêò_Óïëîòíåíèå_Îïèñü ïðèñóòñòâîâàëà âíóòðè êîðîáà ïðè ïðîâåäåíèè êîíòðîëÿ ïîëíîòû êîðîáà;-;00;Ïðîåêòû;äîêóìåíò;3,2;RUCH
ÎÑÖ Íîâîñèáèðñê;Âíå ïîäðàçäåëåíèé;SL 107 000 00 01;Ïðîåêò_Óïëîòíåíèå_Îïèñü ïðèñóòñòâîâàëà âíóòðè êîðîáà ïðè ïðîâåäåíèè êîíòðîëÿ ïîëíîòû êîðîáà;-;00;Ïðîåêòû;äîêóìåíò;0;RUCH
ÎÑÖ Íîâîñèáèðñê;Àðõèâ ¹1 Íîâîñèáèðñê;SL 107 000 00 01;Ïðîåêò_Óïëîòíåíèå_Îïèñü ïðèñóòñòâîâàëà âíóòðè êîðîáà ïðè ïðîâåäåíèè êîíòðîëÿ ïîëíîòû êîðîáà;-;00;Ïðîåêòû;äîêóìåíò;0;RUCH
ÎÑÖ Ñàìàðà;Âíå ïîäðàçäåëåíèé;SL 107 000 00 01;Ïðîåêò_Óïëîòíåíèå_Îïèñü ïðèñóòñòâîâàëà âíóòðè êîðîáà ïðè ïðîâåäåíèè êîíòðîëÿ ïîëíîòû êîðîáà;-;00;Ïðîåêòû;äîêóìåíò;0;RUCH
ÎÑÖ Íîâîñèáèðñê;Àðõèâ ¹3 Åêàòåðèíáóðã;SL 107 000 00 01;Ïðîåêò_Óïëîòíåíèå_Îïèñü ïðèñóòñòâîâàëà âíóòðè êîðîáà ïðè ïðîâåäåíèè êîíòðîëÿ ïîëíîòû êîðîáà;-;00;Ïðîåêòû;äîêóìåíò;0;RUCH
ÎÑÖ Ñàìàðà;Àðõèâ ¹1 Ñàìàðà;SL 107 000 00 01;Ïðîåêò_Óïëîòíåíèå_Îïèñü ïðèñóòñòâîâàëà âíóòðè êîðîáà ïðè ïðîâåäåíèè êîíòðîëÿ ïîëíîòû êîðîáà;-;00;Ïðîåêòû;äîêóìåíò;0;RUCH
ÎÑÖ Âîðîíåæ;Âíå ïîäðàçäåëåíèé;SL 108 000 00 01;Ïðîåêò_Óïëîòíåíèå_Ñøèâ ïðèñóòñòâîâàë âíóòðè êîðîáà ïðè ïðîâåäåíèè êîíòðîëÿ ïîëíîòû êîðîáà;-;00;Ïðîåêòû;äîêóìåíò;0;RUCH
ÎÑÖ Âîðîíåæ;Àðõèâ ¹1 Âîðîíåæ;SL 108 000 00 01;Ïðîåêò_Óïëîòíåíèå_Ñøèâ ïðèñóòñòâîâàë âíóòðè êîðîáà ïðè ïðîâåäåíèè êîíòðîëÿ ïîëíîòû êîðîáà;-;00;Ïðîåêòû;äîêóìåíò;0;RUCH
ÎÑÖ Âîðîíåæ;Àðõèâ ¹3 Êàëèíèíãðàä;SL 108 000 00 01;Ïðîåêò_Óïëîòíåíèå_Ñøèâ ïðèñóòñòâîâàë âíóòðè êîðîáà ïðè ïðîâåäåíèè êîíòðîëÿ ïîëíîòû êîðîáà;-;00;Ïðîåêòû;äîêóìåíò;3,2;RUCH
ÎÑÖ Âîðîíåæ;Àðõèâ ¹4 Ñàíêò-Ïåòåðáóðã;SL 108 000 00 01;Ïðîåêò_Óïëîòíåíèå_Ñøèâ ïðèñóòñòâîâàë âíóòðè êîðîáà ïðè ïðîâåäåíèè êîíòðîëÿ ïîëíîòû êîðîáà;-;00;Ïðîåêòû;äîêóìåíò;0;RUCH
ÎÑÖ Ìîñêâà;Âíå ïîäðàçäåëåíèé;SL 108 000 00 01;Ïðîåêò_Óïëîòíåíèå_Ñøèâ ïðèñóòñòâîâàë âíóòðè êîðîáà ïðè ïðîâåäåíèè êîíòðîëÿ ïîëíîòû êîðîáà;-;00;Ïðîåêòû;äîêóìåíò;0;RUCH
ÎÑÖ Ìîñêâà;Àðõèâ ¹1 Òîìèëèíî;SL 108 000 00 01;Ïðîåêò_Óïëîòíåíèå_Ñøèâ ïðèñóòñòâîâàë âíóòðè êîðîáà ïðè ïðîâåäåíèè êîíòðîëÿ ïîëíîòû êîðîáà;-;00;Ïðîåêòû;äîêóìåíò;0;RUCH
ÎÑÖ Íèæíèé Íîâãîðîä;Âíå ïîäðàçäåëåíèé;SL 108 000 00 01;Ïðîåêò_Óïëîòíåíèå_Ñøèâ ïðèñóòñòâîâàë âíóòðè êîðîáà ïðè ïðîâåäåíèè êîíòðîëÿ ïîëíîòû êîðîáà;-;00;Ïðîåêòû;äîêóìåíò;0;RUCH
ÎÑÖ Íèæíèé Íîâãîðîä;Àðõèâ ¹1 Íèæíèé Íîâãîðîä;SL 108 000 00 01;Ïðîåêò_Óïëîòíåíèå_Ñøèâ ïðèñóòñòâîâàë âíóòðè êîðîáà ïðè ïðîâåäåíèè êîíòðîëÿ ïîëíîòû êîðîáà;-;00;Ïðîåêòû;äîêóìåíò;3,2;RUCH
ÎÑÖ Íîâîñèáèðñê;Âíå ïîäðàçäåëåíèé;SL 108 000 00 01;Ïðîåêò_Óïëîòíåíèå_Ñøèâ ïðèñóòñòâîâàë âíóòðè êîðîáà ïðè ïðîâåäåíèè êîíòðîëÿ ïîëíîòû êîðîáà;-;00;Ïðîåêòû;äîêóìåíò;0;RUCH
ÎÑÖ Íîâîñèáèðñê;Àðõèâ ¹1 Íîâîñèáèðñê;SL 108 000 00 01;Ïðîåêò_Óïëîòíåíèå_Ñøèâ ïðèñóòñòâîâàë âíóòðè êîðîáà ïðè ïðîâåäåíèè êîíòðîëÿ ïîëíîòû êîðîáà;-;00;Ïðîåêòû;äîêóìåíò;0;RUCH
ÎÑÖ Ñàìàðà;Âíå ïîäðàçäåëåíèé;SL 108 000 00 01;Ïðîåêò_Óïëîòíåíèå_Ñøèâ ïðèñóòñòâîâàë âíóòðè êîðîáà ïðè ïðîâåäåíèè êîíòðîëÿ ïîëíîòû êîðîáà;-;00;Ïðîåêòû;äîêóìåíò;0;RUCH
ÎÑÖ Íîâîñèáèðñê;Àðõèâ ¹3 Åêàòåðèíáóðã;SL 108 000 00 01;Ïðîåêò_Óïëîòíåíèå_Ñøèâ ïðèñóòñòâîâàë âíóòðè êîðîáà ïðè ïðîâåäåíèè êîíòðîëÿ ïîëíîòû êîðîáà;-;00;Ïðîåêòû;äîêóìåíò;0;RUCH
ÎÑÖ Ñàìàðà;Àðõèâ ¹1 Ñàìàðà;SL 108 000 00 01;Ïðîåêò_Óïëîòíåíèå_Ñøèâ ïðèñóòñòâîâàë âíóòðè êîðîáà ïðè ïðîâåäåíèè êîíòðîëÿ ïîëíîòû êîðîáà;-;00;Ïðîåêòû;äîêóìåíò;0;RUCH
ÎÑÖ Âîðîíåæ;Âíå ïîäðàçäåëåíèé;SR 212 000 00 01;Ïðîåêò_ÄÂÀ_Îïðåäåëåíèå ÑÑÏ/ÂÑÏ - âëàäåëüöà äîêóìåíòîâ è/èëè ïðàâîïðååìíèêà;-;00;Ïðîåêòû;Ïîäðàçäåëåíèå;0;RUCH
ÎÑÖ Âîðîíåæ;Àðõèâ ¹1 Âîðîíåæ;SR 212 000 00 01;Ïðîåêò_ÄÂÀ_Îïðåäåëåíèå ÑÑÏ/ÂÑÏ - âëàäåëüöà äîêóìåíòîâ è/èëè ïðàâîïðååìíèêà;-;00;Ïðîåêòû;Ïîäðàçäåëåíèå;80;RUCH
ÎÑÖ Âîðîíåæ;Àðõèâ ¹3 Êàëèíèíãðàä;SR 212 000 00 01;Ïðîåêò_ÄÂÀ_Îïðåäåëåíèå ÑÑÏ/ÂÑÏ - âëàäåëüöà äîêóìåíòîâ è/èëè ïðàâîïðååìíèêà;-;00;Ïðîåêòû;Ïîäðàçäåëåíèå;0;RUCH
ÎÑÖ Âîðîíåæ;Àðõèâ ¹4 Ñàíêò-Ïåòåðáóðã;SR 212 000 00 01;Ïðîåêò_ÄÂÀ_Îïðåäåëåíèå ÑÑÏ/ÂÑÏ - âëàäåëüöà äîêóìåíòîâ è/èëè ïðàâîïðååìíèêà;-;00;Ïðîåêòû;Ïîäðàçäåëåíèå;0;RUCH
ÎÑÖ Ìîñêâà;Âíå ïîäðàçäåëåíèé;SR 212 000 00 01;Ïðîåêò_ÄÂÀ_Îïðåäåëåíèå ÑÑÏ/ÂÑÏ - âëàäåëüöà äîêóìåíòîâ è/èëè ïðàâîïðååìíèêà;-;00;Ïðîåêòû;Ïîäðàçäåëåíèå;0;RUCH
ÎÑÖ Ìîñêâà;Àðõèâ ¹1 Òîìèëèíî;SR 212 000 00 01;Ïðîåêò_ÄÂÀ_Îïðåäåëåíèå ÑÑÏ/ÂÑÏ - âëàäåëüöà äîêóìåíòîâ è/èëè ïðàâîïðååìíèêà;-;00;Ïðîåêòû;Ïîäðàçäåëåíèå;0;RUCH
ÎÑÖ Íèæíèé Íîâãîðîä;Âíå ïîäðàçäåëåíèé;SR 212 000 00 01;Ïðîåêò_ÄÂÀ_Îïðåäåëåíèå ÑÑÏ/ÂÑÏ - âëàäåëüöà äîêóìåíòîâ è/èëè ïðàâîïðååìíèêà;-;00;Ïðîåêòû;Ïîäðàçäåëåíèå;0;RUCH
ÎÑÖ Íèæíèé Íîâãîðîä;Àðõèâ ¹1 Íèæíèé Íîâãîðîä;SR 212 000 00 01;Ïðîåêò_ÄÂÀ_Îïðåäåëåíèå ÑÑÏ/ÂÑÏ - âëàäåëüöà äîêóìåíòîâ è/èëè ïðàâîïðååìíèêà;-;00;Ïðîåêòû;Ïîäðàçäåëåíèå;0;RUCH
ÎÑÖ Íîâîñèáèðñê;Âíå ïîäðàçäåëåíèé;SR 212 000 00 01;Ïðîåêò_ÄÂÀ_Îïðåäåëåíèå ÑÑÏ/ÂÑÏ - âëàäåëüöà äîêóìåíòîâ è/èëè ïðàâîïðååìíèêà;-;00;Ïðîåêòû;Ïîäðàçäåëåíèå;0;RUCH
ÎÑÖ Íîâîñèáèðñê;Àðõèâ ¹1 Íîâîñèáèðñê;SR 212 000 00 01;Ïðîåêò_ÄÂÀ_Îïðåäåëåíèå ÑÑÏ/ÂÑÏ - âëàäåëüöà äîêóìåíòîâ è/èëè ïðàâîïðååìíèêà;-;00;Ïðîåêòû;Ïîäðàçäåëåíèå;0;RUCH
ÎÑÖ Ñàìàðà;Âíå ïîäðàçäåëåíèé;SR 212 000 00 01;Ïðîåêò_ÄÂÀ_Îïðåäåëåíèå ÑÑÏ/ÂÑÏ - âëàäåëüöà äîêóìåíòîâ è/èëè ïðàâîïðååìíèêà;-;00;Ïðîåêòû;Ïîäðàçäåëåíèå;0;RUCH
ÎÑÖ Íîâîñèáèðñê;Àðõèâ ¹3 Åêàòåðèíáóðã;SR 212 000 00 01;Ïðîåêò_ÄÂÀ_Îïðåäåëåíèå ÑÑÏ/ÂÑÏ - âëàäåëüöà äîêóìåíòîâ è/èëè ïðàâîïðååìíèêà;-;00;Ïðîåêòû;Ïîäðàçäåëåíèå;0;RUCH
ÎÑÖ Ñàìàðà;Àðõèâ ¹1 Ñàìàðà;SR 212 000 00 01;Ïðîåêò_ÄÂÀ_Îïðåäåëåíèå ÑÑÏ/ÂÑÏ - âëàäåëüöà äîêóìåíòîâ è/èëè ïðàâîïðååìíèêà;-;00;Ïðîåêòû;Ïîäðàçäåëåíèå;0;RUCH
ÎÑÖ Âîðîíåæ;Âíå ïîäðàçäåëåíèé;SR 278 000 00 01;Ïðîåêò_Ñîðòèðîâêà äîêóìåíòîâ (ïàêåòíàÿ ðåãèñòðàöèÿ âêëàäîâ ÏÂÁ);-;00;Ïðîåêòû;ÅÕ;0;RUCH
ÎÑÖ Âîðîíåæ;Àðõèâ ¹1 Âîðîíåæ;SR 278 000 00 01;Ïðîåêò_Ñîðòèðîâêà äîêóìåíòîâ (ïàêåòíàÿ ðåãèñòðàöèÿ âêëàäîâ ÏÂÁ);-;00;Ïðîåêòû;ÅÕ;0;RUCH
ÎÑÖ Âîðîíåæ;Àðõèâ ¹3 Êàëèíèíãðàä;SR 278 000 00 01;Ïðîåêò_Ñîðòèðîâêà äîêóìåíòîâ (ïàêåòíàÿ ðåãèñòðàöèÿ âêëàäîâ ÏÂÁ);-;00;Ïðîåêòû;ÅÕ;0;RUCH
ÎÑÖ Âîðîíåæ;Àðõèâ ¹4 Ñàíêò-Ïåòåðáóðã;SR 278 000 00 01;Ïðîåêò_Ñîðòèðîâêà äîêóìåíòîâ (ïàêåòíàÿ ðåãèñòðàöèÿ âêëàäîâ ÏÂÁ);-;00;Ïðîåêòû;ÅÕ;0;RUCH
ÎÑÖ Ìîñêâà;Âíå ïîäðàçäåëåíèé;SR 278 000 00 01;Ïðîåêò_Ñîðòèðîâêà äîêóìåíòîâ (ïàêåòíàÿ ðåãèñòðàöèÿ âêëàäîâ ÏÂÁ);-;00;Ïðîåêòû;ÅÕ;0;RUCH
ÎÑÖ Ìîñêâà;Àðõèâ ¹1 Òîìèëèíî;SR 278 000 00 01;Ïðîåêò_Ñîðòèðîâêà äîêóìåíòîâ (ïàêåòíàÿ ðåãèñòðàöèÿ âêëàäîâ ÏÂÁ);-;00;Ïðîåêòû;ÅÕ;0;RUCH
ÎÑÖ Íèæíèé Íîâãîðîä;Âíå ïîäðàçäåëåíèé;SR 278 000 00 01;Ïðîåêò_Ñîðòèðîâêà äîêóìåíòîâ (ïàêåòíàÿ ðåãèñòðàöèÿ âêëàäîâ ÏÂÁ);-;00;Ïðîåêòû;ÅÕ;0;RUCH
ÎÑÖ Íèæíèé Íîâãîðîä;Àðõèâ ¹1 Íèæíèé Íîâãîðîä;SR 278 000 00 01;Ïðîåêò_Ñîðòèðîâêà äîêóìåíòîâ (ïàêåòíàÿ ðåãèñòðàöèÿ âêëàäîâ ÏÂÁ);-;00;Ïðîåêòû;ÅÕ;4114;RUCH
ÎÑÖ Íîâîñèáèðñê;Âíå ïîäðàçäåëåíèé;SR 278 000 00 01;Ïðîåêò_Ñîðòèðîâêà äîêóìåíòîâ (ïàêåòíàÿ ðåãèñòðàöèÿ âêëàäîâ ÏÂÁ);-;00;Ïðîåêòû;ÅÕ;0;RUCH
ÎÑÖ Íîâîñèáèðñê;Àðõèâ ¹1 Íîâîñèáèðñê;SR 278 000 00 01;Ïðîåêò_Ñîðòèðîâêà äîêóìåíòîâ (ïàêåòíàÿ ðåãèñòðàöèÿ âêëàäîâ ÏÂÁ);-;00;Ïðîåêòû;ÅÕ;4114;RUCH
ÎÑÖ Ñàìàðà;Âíå ïîäðàçäåëåíèé;SR 278 000 00 01;Ïðîåêò_Ñîðòèðîâêà äîêóìåíòîâ (ïàêåòíàÿ ðåãèñòðàöèÿ âêëàäîâ ÏÂÁ);-;00;Ïðîåêòû;ÅÕ;0;RUCH
ÎÑÖ Íîâîñèáèðñê;Àðõèâ ¹3 Åêàòåðèíáóðã;SR 278 000 00 01;Ïðîåêò_Ñîðòèðîâêà äîêóìåíòîâ (ïàêåòíàÿ ðåãèñòðàöèÿ âêëàäîâ ÏÂÁ);-;00;Ïðîåêòû;ÅÕ;0;RUCH
ÎÑÖ Ñàìàðà;Àðõèâ ¹1 Ñàìàðà;SR 278 000 00 01;Ïðîåêò_Ñîðòèðîâêà äîêóìåíòîâ (ïàêåòíàÿ ðåãèñòðàöèÿ âêëàäîâ ÏÂÁ);-;00;Ïðîåêòû;ÅÕ;0;RUCH
ÎÑÖ Âîðîíåæ;Âíå ïîäðàçäåëåíèé;SR 283 000 00 01;Ïðîåêò_Îïëîìáèðîâêà ÀÊ;-;00;Ïðîåêòû;ÀÊ;0;RUCH
ÎÑÖ Âîðîíåæ;Àðõèâ ¹1 Âîðîíåæ;SR 283 000 00 01;Ïðîåêò_Îïëîìáèðîâêà ÀÊ;-;00;Ïðîåêòû;ÀÊ;0;RUCH
ÎÑÖ Âîðîíåæ;Àðõèâ ¹3 Êàëèíèíãðàä;SR 283 000 00 01;Ïðîåêò_Îïëîìáèðîâêà ÀÊ;-;00;Ïðîåêòû;ÀÊ;0;RUCH
ÎÑÖ Âîðîíåæ;Àðõèâ ¹4 Ñàíêò-Ïåòåðáóðã;SR 283 000 00 01;Ïðîåêò_Îïëîìáèðîâêà ÀÊ;-;00;Ïðîåêòû;ÀÊ;0;RUCH
ÎÑÖ Ìîñêâà;Âíå ïîäðàçäåëåíèé;SR 283 000 00 01;Ïðîåêò_Îïëîìáèðîâêà ÀÊ;-;00;Ïðîåêòû;ÀÊ;0;RUCH
ÎÑÖ Ìîñêâà;Àðõèâ ¹1 Òîìèëèíî;SR 283 000 00 01;Ïðîåêò_Îïëîìáèðîâêà ÀÊ;-;00;Ïðîåêòû;ÀÊ;0;RUCH
ÎÑÖ Íèæíèé Íîâãîðîä;Âíå ïîäðàçäåëåíèé;SR 283 000 00 01;Ïðîåêò_Îïëîìáèðîâêà ÀÊ;-;00;Ïðîåêòû;ÀÊ;0;RUCH
ÎÑÖ Íèæíèé Íîâãîðîä;Àðõèâ ¹1 Íèæíèé Íîâãîðîä;SR 283 000 00 01;Ïðîåêò_Îïëîìáèðîâêà ÀÊ;-;00;Ïðîåêòû;ÀÊ;30;RUCH
ÎÑÖ Íîâîñèáèðñê;Âíå ïîäðàçäåëåíèé;SR 283 000 00 01;Ïðîåêò_Îïëîìáèðîâêà ÀÊ;-;00;Ïðîåêòû;ÀÊ;0;RUCH
ÎÑÖ Íîâîñèáèðñê;Àðõèâ ¹1 Íîâîñèáèðñê;SR 283 000 00 01;Ïðîåêò_Îïëîìáèðîâêà ÀÊ;-;00;Ïðîåêòû;ÀÊ;0;RUCH
ÎÑÖ Ñàìàðà;Âíå ïîäðàçäåëåíèé;SR 283 000 00 01;Ïðîåêò_Îïëîìáèðîâêà ÀÊ;-;00;Ïðîåêòû;ÀÊ;0;RUCH
ÎÑÖ Íîâîñèáèðñê;Àðõèâ ¹3 Åêàòåðèíáóðã;SR 283 000 00 01;Ïðîåêò_Îïëîìáèðîâêà ÀÊ;-;00;Ïðîåêòû;ÀÊ;0;RUCH
ÎÑÖ Ñàìàðà;Àðõèâ ¹1 Ñàìàðà;SR 283 000 00 01;Ïðîåêò_Îïëîìáèðîâêà ÀÊ;-;00;Ïðîåêòû;ÀÊ;30;RUCH
ÎÑÖ Âîðîíåæ;Âíå ïîäðàçäåëåíèé;SZ 026 000 00 10;"Ïðîåêò_Ôîðìèðîâàíèå çàäàíèé ïðè ""Ðó÷íîì ïîäáîðå"" çàïîëíåíèå Æóðíàëîâ: ó÷åòà êîðîáîâ ÎÑÃ âûäà÷è îðèãèíàëîâ äîêóìåíòîâ ó÷åòà ïî çàÿâêàì â ÀÑ ÖÀÐÑ (îòâåòû êëèåíòàì) ïî ÊÎÄ ÞË";-;00;Ïðîåêòû;çàïèñü/ ñòðîêà;0;RUCH
ÎÑÖ Âîðîíåæ;Àðõèâ ¹1 Âîðîíåæ;SZ 026 000 00 10;"Ïðîåêò_Ôîðìèðîâàíèå çàäàíèé ïðè ""Ðó÷íîì ïîäáîðå"" çàïîëíåíèå Æóðíàëîâ: ó÷åòà êîðîáîâ ÎÑÃ âûäà÷è îðèãèíàëîâ äîêóìåíòîâ ó÷åòà ïî çàÿâêàì â ÀÑ ÖÀÐÑ (îòâåòû êëèåíòàì) ïî ÊÎÄ ÞË";-;00;Ïðîåêòû;çàïèñü/ ñòðîêà;0;RUCH
ÎÑÖ Âîðîíåæ;Àðõèâ ¹3 Êàëèíèíãðàä;SZ 026 000 00 10;"Ïðîåêò_Ôîðìèðîâàíèå çàäàíèé ïðè ""Ðó÷íîì ïîäáîðå"" çàïîëíåíèå Æóðíàëîâ: ó÷åòà êîðîáîâ ÎÑÃ âûäà÷è îðèãèíàëîâ äîêóìåíòîâ ó÷åòà ïî çàÿâêàì â ÀÑ ÖÀÐÑ (îòâåòû êëèåíòàì) ïî ÊÎÄ ÞË";-;00;Ïðîåêòû;çàïèñü/ ñòðîêà;0;RUCH
ÎÑÖ Âîðîíåæ;Àðõèâ ¹4 Ñàíêò-Ïåòåðáóðã;SZ 026 000 00 10;"Ïðîåêò_Ôîðìèðîâàíèå çàäàíèé ïðè ""Ðó÷íîì ïîäáîðå"" çàïîëíåíèå Æóðíàëîâ: ó÷åòà êîðîáîâ ÎÑÃ âûäà÷è îðèãèíàëîâ äîêóìåíòîâ ó÷åòà ïî çàÿâêàì â ÀÑ ÖÀÐÑ (îòâåòû êëèåíòàì) ïî ÊÎÄ ÞË";-;00;Ïðîåêòû;çàïèñü/ ñòðîêà;0;RUCH
ÎÑÖ Ìîñêâà;Âíå ïîäðàçäåëåíèé;SZ 026 000 00 10;"Ïðîåêò_Ôîðìèðîâàíèå çàäàíèé ïðè ""Ðó÷íîì ïîäáîðå"" çàïîëíåíèå Æóðíàëîâ: ó÷åòà êîðîáîâ ÎÑÃ âûäà÷è îðèãèíàëîâ äîêóìåíòîâ ó÷åòà ïî çàÿâêàì â ÀÑ ÖÀÐÑ (îòâåòû êëèåíòàì) ïî ÊÎÄ ÞË";-;00;Ïðîåêòû;çàïèñü/ ñòðîêà;0;RUCH
ÎÑÖ Ìîñêâà;Àðõèâ ¹1 Òîìèëèíî;SZ 026 000 00 10;"Ïðîåêò_Ôîðìèðîâàíèå çàäàíèé ïðè ""Ðó÷íîì ïîäáîðå"" çàïîëíåíèå Æóðíàëîâ: ó÷åòà êîðîáîâ ÎÑÃ âûäà÷è îðèãèíàëîâ äîêóìåíòîâ ó÷åòà ïî çàÿâêàì â ÀÑ ÖÀÐÑ (îòâåòû êëèåíòàì) ïî ÊÎÄ ÞË";-;00;Ïðîåêòû;çàïèñü/ ñòðîêà;0;RUCH
ÎÑÖ Íèæíèé Íîâãîðîä;Âíå ïîäðàçäåëåíèé;SZ 026 000 00 10;"Ïðîåêò_Ôîðìèðîâàíèå çàäàíèé ïðè ""Ðó÷íîì ïîäáîðå"" çàïîëíåíèå Æóðíàëîâ: ó÷åòà êîðîáîâ ÎÑÃ âûäà÷è îðèãèíàëîâ äîêóìåíòîâ ó÷åòà ïî çàÿâêàì â ÀÑ ÖÀÐÑ (îòâåòû êëèåíòàì) ïî ÊÎÄ ÞË";-;00;Ïðîåêòû;çàïèñü/ ñòðîêà;0;RUCH
ÎÑÖ Íèæíèé Íîâãîðîä;Àðõèâ ¹1 Íèæíèé Íîâãîðîä;SZ 026 000 00 10;"Ïðîåêò_Ôîðìèðîâàíèå çàäàíèé ïðè ""Ðó÷íîì ïîäáîðå"" çàïîëíåíèå Æóðíàëîâ: ó÷åòà êîðîáîâ ÎÑÃ âûäà÷è îðèãèíàëîâ äîêóìåíòîâ ó÷åòà ïî çàÿâêàì â ÀÑ ÖÀÐÑ (îòâåòû êëèåíòàì) ïî ÊÎÄ ÞË";-;00;Ïðîåêòû;çàïèñü/ ñòðîêà;0;RUCH
ÎÑÖ Íîâîñèáèðñê;Âíå ïîäðàçäåëåíèé;SZ 026 000 00 10;"Ïðîåêò_Ôîðìèðîâàíèå çàäàíèé ïðè ""Ðó÷íîì ïîäáîðå"" çàïîëíåíèå Æóðíàëîâ: ó÷åòà êîðîáîâ ÎÑÃ âûäà÷è îðèãèíàëîâ äîêóìåíòîâ ó÷åòà ïî çàÿâêàì â ÀÑ ÖÀÐÑ (îòâåòû êëèåíòàì) ïî ÊÎÄ ÞË";-;00;Ïðîåêòû;çàïèñü/ ñòðîêà;0;RUCH
ÎÑÖ Íîâîñèáèðñê;Àðõèâ ¹1 Íîâîñèáèðñê;SZ 026 000 00 10;"Ïðîåêò_Ôîðìèðîâàíèå çàäàíèé ïðè ""Ðó÷íîì ïîäáîðå"" çàïîëíåíèå Æóðíàëîâ: ó÷åòà êîðîáîâ ÎÑÃ âûäà÷è îðèãèíàëîâ äîêóìåíòîâ ó÷åòà ïî çàÿâêàì â ÀÑ ÖÀÐÑ (îòâåòû êëèåíòàì) ïî ÊÎÄ ÞË";-;00;Ïðîåêòû;çàïèñü/ ñòðîêà;30;RUCH
ÎÑÖ Ñàìàðà;Âíå ïîäðàçäåëåíèé;SZ 026 000 00 10;"Ïðîåêò_Ôîðìèðîâàíèå çàäàíèé ïðè ""Ðó÷íîì ïîäáîðå"" çàïîëíåíèå Æóðíàëîâ: ó÷åòà êîðîáîâ ÎÑÃ âûäà÷è îðèãèíàëîâ äîêóìåíòîâ ó÷åòà ïî çàÿâêàì â ÀÑ ÖÀÐÑ (îòâåòû êëèåíòàì) ïî ÊÎÄ ÞË";-;00;Ïðîåêòû;çàïèñü/ ñòðîêà;0;RUCH
ÎÑÖ Íîâîñèáèðñê;Àðõèâ ¹3 Åêàòåðèíáóðã;SZ 026 000 00 10;"Ïðîåêò_Ôîðìèðîâàíèå çàäàíèé ïðè ""Ðó÷íîì ïîäáîðå"" çàïîëíåíèå Æóðíàëîâ: ó÷åòà êîðîáîâ ÎÑÃ âûäà÷è îðèãèíàëîâ äîêóìåíòîâ ó÷åòà ïî çàÿâêàì â ÀÑ ÖÀÐÑ (îòâåòû êëèåíòàì) ïî ÊÎÄ ÞË";-;00;Ïðîåêòû;çàïèñü/ ñòðîêà;30;RUCH
ÎÑÖ Ñàìàðà;Àðõèâ ¹1 Ñàìàðà;SZ 026 000 00 10;"Ïðîåêò_Ôîðìèðîâàíèå çàäàíèé ïðè ""Ðó÷íîì ïîäáîðå"" çàïîëíåíèå Æóðíàëîâ: ó÷åòà êîðîáîâ ÎÑÃ âûäà÷è îðèãèíàëîâ äîêóìåíòîâ ó÷åòà ïî çàÿâêàì â ÀÑ ÖÀÐÑ (îòâåòû êëèåíòàì) ïî ÊÎÄ ÞË";-;00;Ïðîåêòû;çàïèñü/ ñòðîêà;0;RUCH
ÎÑÖ Âîðîíåæ;Àðõèâ ¹1 Âîðîíåæ;BF 101 000 00 41;Ïðîåêò_Îïèñü ïðèñóòñòâîâàë âíóòðè êîðîáà ïðè ïðîâåäåíèè êîíòðîëÿ ïîëíîòû êîðîáà;-;00;Ïðîåêòû;Äîêóìåíò;0;RUCH
ÎÑÖ Âîðîíåæ;Àðõèâ ¹3 Êàëèíèíãðàä;BF 101 000 00 41;Ïðîåêò_Îïèñü ïðèñóòñòâîâàë âíóòðè êîðîáà ïðè ïðîâåäåíèè êîíòðîëÿ ïîëíîòû êîðîáà;-;00;Ïðîåêòû;Äîêóìåíò;0;RUCH
ÎÑÖ Âîðîíåæ;Àðõèâ ¹4 Ñàíêò-Ïåòåðáóðã;BF 101 000 00 41;Ïðîåêò_Îïèñü ïðèñóòñòâîâàë âíóòðè êîðîáà ïðè ïðîâåäåíèè êîíòðîëÿ ïîëíîòû êîðîáà;-;00;Ïðîåêòû;Äîêóìåíò;0;RUCH
ÎÑÖ Ìîñêâà;Àðõèâ ¹1 Òîìèëèíî;BF 101 000 00 41;Ïðîåêò_Îïèñü ïðèñóòñòâîâàë âíóòðè êîðîáà ïðè ïðîâåäåíèè êîíòðîëÿ ïîëíîòû êîðîáà;-;00;Ïðîåêòû;Äîêóìåíò;0;RUCH
ÎÑÖ Íèæíèé Íîâãîðîä;Àðõèâ ¹1 Íèæíèé Íîâãîðîä;BF 101 000 00 41;Ïðîåêò_Îïèñü ïðèñóòñòâîâàë âíóòðè êîðîáà ïðè ïðîâåäåíèè êîíòðîëÿ ïîëíîòû êîðîáà;-;00;Ïðîåêòû;Äîêóìåíò;2,56;RUCH
ÎÑÖ Íîâîñèáèðñê;Àðõèâ ¹1 Íîâîñèáèðñê;BF 101 000 00 41;Ïðîåêò_Îïèñü ïðèñóòñòâîâàë âíóòðè êîðîáà ïðè ïðîâåäåíèè êîíòðîëÿ ïîëíîòû êîðîáà;-;00;Ïðîåêòû;Äîêóìåíò;3;RUCH
ÎÑÖ Íîâîñèáèðñê;Àðõèâ ¹3 Åêàòåðèíáóðã;BF 101 000 00 41;Ïðîåêò_Îïèñü ïðèñóòñòâîâàë âíóòðè êîðîáà ïðè ïðîâåäåíèè êîíòðîëÿ ïîëíîòû êîðîáà;-;00;Ïðîåêòû;Äîêóìåíò;0;RUCH
ÎÑÖ Ñàìàðà;Àðõèâ ¹1 Ñàìàðà;BF 101 000 00 41;Ïðîåêò_Îïèñü ïðèñóòñòâîâàë âíóòðè êîðîáà ïðè ïðîâåäåíèè êîíòðîëÿ ïîëíîòû êîðîáà;-;00;Ïðîåêòû;Äîêóìåíò;0;RUCH
ÎÑÖ Âîðîíåæ;Àðõèâ ¹1 Âîðîíåæ;PR 026 000 00 00;Ïðîåêò_Äîêóìåíò/Îïèñü/Ñøèâ ïðèñóòñòâîâàë âíóòðè êîðîáà ïðè ïðîâåäåíèè êîíòðîëÿ ïîëíîòû êîðîáà;-;00;Ïðîåêòû;Äîêóìåíò;0;RUCH
ÎÑÖ Âîðîíåæ;Àðõèâ ¹3 Êàëèíèíãðàä;PR 026 000 00 00;Ïðîåêò_Äîêóìåíò/Îïèñü/Ñøèâ ïðèñóòñòâîâàë âíóòðè êîðîáà ïðè ïðîâåäåíèè êîíòðîëÿ ïîëíîòû êîðîáà;-;00;Ïðîåêòû;Äîêóìåíò;0;RUCH
ÎÑÖ Âîðîíåæ;Àðõèâ ¹4 Ñàíêò-Ïåòåðáóðã;PR 026 000 00 00;Ïðîåêò_Äîêóìåíò/Îïèñü/Ñøèâ ïðèñóòñòâîâàë âíóòðè êîðîáà ïðè ïðîâåäåíèè êîíòðîëÿ ïîëíîòû êîðîáà;-;00;Ïðîåêòû;Äîêóìåíò;0;RUCH
ÎÑÖ Ìîñêâà;Àðõèâ ¹1 Òîìèëèíî;PR 026 000 00 00;Ïðîåêò_Äîêóìåíò/Îïèñü/Ñøèâ ïðèñóòñòâîâàë âíóòðè êîðîáà ïðè ïðîâåäåíèè êîíòðîëÿ ïîëíîòû êîðîáà;-;00;Ïðîåêòû;Äîêóìåíò;0;RUCH
ÎÑÖ Íèæíèé Íîâãîðîä;Àðõèâ ¹1 Íèæíèé Íîâãîðîä;PR 026 000 00 00;Ïðîåêò_Äîêóìåíò/Îïèñü/Ñøèâ ïðèñóòñòâîâàë âíóòðè êîðîáà ïðè ïðîâåäåíèè êîíòðîëÿ ïîëíîòû êîðîáà;-;00;Ïðîåêòû;Äîêóìåíò;0;RUCH
ÎÑÖ Íîâîñèáèðñê;Àðõèâ ¹1 Íîâîñèáèðñê;PR 026 000 00 00;Ïðîåêò_Äîêóìåíò/Îïèñü/Ñøèâ ïðèñóòñòâîâàë âíóòðè êîðîáà ïðè ïðîâåäåíèè êîíòðîëÿ ïîëíîòû êîðîáà;-;00;Ïðîåêòû;Äîêóìåíò;4,123;RUCH
ÎÑÖ Íîâîñèáèðñê;Àðõèâ ¹3 Åêàòåðèíáóðã;PR 026 000 00 00;Ïðîåêò_Äîêóìåíò/Îïèñü/Ñøèâ ïðèñóòñòâîâàë âíóòðè êîðîáà ïðè ïðîâåäåíèè êîíòðîëÿ ïîëíîòû êîðîáà;-;00;Ïðîåêòû;Äîêóìåíò;6,096;RUCH
ÎÑÖ Ñàìàðà;Àðõèâ ¹1 Ñàìàðà;PR 026 000 00 00;Ïðîåêò_Äîêóìåíò/Îïèñü/Ñøèâ ïðèñóòñòâîâàë âíóòðè êîðîáà ïðè ïðîâåäåíèè êîíòðîëÿ ïîëíîòû êîðîáà;-;00;Ïðîåêòû;Äîêóìåíò;0;RUCH
ÎÑÖ Âîðîíåæ;Àðõèâ ¹1 Âîðîíåæ;PR 028 000 00 00;Çàïîëíåíèå ôàéëà Excel ïî äîêóìåíòàì áåç ðåêâèçèòîâ;-;00;Ïðîåêòû;ñòðîêà;0;RUCH
ÎÑÖ Âîðîíåæ;Àðõèâ ¹3 Êàëèíèíãðàä;PR 028 000 00 00;Çàïîëíåíèå ôàéëà Excel ïî äîêóìåíòàì áåç ðåêâèçèòîâ;-;00;Ïðîåêòû;ñòðîêà;0;RUCH
ÎÑÖ Âîðîíåæ;Àðõèâ ¹4 Ñàíêò-Ïåòåðáóðã;PR 028 000 00 00;Çàïîëíåíèå ôàéëà Excel ïî äîêóìåíòàì áåç ðåêâèçèòîâ;-;00;Ïðîåêòû;ñòðîêà;0;RUCH
ÎÑÖ Ìîñêâà;Àðõèâ ¹1 Òîìèëèíî;PR 028 000 00 00;Çàïîëíåíèå ôàéëà Excel ïî äîêóìåíòàì áåç ðåêâèçèòîâ;-;00;Ïðîåêòû;ñòðîêà;0;RUCH
ÎÑÖ Íèæíèé Íîâãîðîä;Àðõèâ ¹1 Íèæíèé Íîâãîðîä;PR 028 000 00 00;Çàïîëíåíèå ôàéëà Excel ïî äîêóìåíòàì áåç ðåêâèçèòîâ;-;00;Ïðîåêòû;ñòðîêà;93,155;RUCH
ÎÑÖ Íîâîñèáèðñê;Àðõèâ ¹1 Íîâîñèáèðñê;PR 028 000 00 00;Çàïîëíåíèå ôàéëà Excel ïî äîêóìåíòàì áåç ðåêâèçèòîâ;-;00;Ïðîåêòû;ñòðîêà;0;RUCH
ÎÑÖ Íîâîñèáèðñê;Àðõèâ ¹3 Åêàòåðèíáóðã;PR 028 000 00 00;Çàïîëíåíèå ôàéëà Excel ïî äîêóìåíòàì áåç ðåêâèçèòîâ;-;00;Ïðîåêòû;ñòðîêà;0;RUCH
ÎÑÖ Ñàìàðà;Àðõèâ ¹1 Ñàìàðà;PR 028 000 00 00;Çàïîëíåíèå ôàéëà Excel ïî äîêóìåíòàì áåç ðåêâèçèòîâ;-;00;Ïðîåêòû;ñòðîêà;0;RUCH
ÎÑÖ Âîðîíåæ;Àðõèâ ¹1 Âîðîíåæ;PR 029 000 00 00;Ïðîåêò_Äîêóìåíò ïðèñóòñòâîâàë âíóòðè êîðîáà ïðè ïðîâåäåíèè êîíòðîëÿ ïîëíîòû êîðîáà (Èñò. Ôîíä íå ÄÁÎ);;;Ïðîåêòû;äîêóìåíò;0;RUCH
ÎÑÖ Âîðîíåæ;Àðõèâ ¹3 Êàëèíèíãðàä;PR 029 000 00 00;Ïðîåêò_Äîêóìåíò ïðèñóòñòâîâàë âíóòðè êîðîáà ïðè ïðîâåäåíèè êîíòðîëÿ ïîëíîòû êîðîáà (Èñò. Ôîíä íå ÄÁÎ);;;Ïðîåêòû;äîêóìåíò;0;RUCH
ÎÑÖ Âîðîíåæ;Àðõèâ ¹4 Ñàíêò-Ïåòåðáóðã;PR 029 000 00 00;Ïðîåêò_Äîêóìåíò ïðèñóòñòâîâàë âíóòðè êîðîáà ïðè ïðîâåäåíèè êîíòðîëÿ ïîëíîòû êîðîáà (Èñò. Ôîíä íå ÄÁÎ);;;Ïðîåêòû;äîêóìåíò;0;RUCH
ÎÑÖ Ìîñêâà;Àðõèâ ¹1 Òîìèëèíî;PR 029 000 00 00;Ïðîåêò_Äîêóìåíò ïðèñóòñòâîâàë âíóòðè êîðîáà ïðè ïðîâåäåíèè êîíòðîëÿ ïîëíîòû êîðîáà (Èñò. Ôîíä íå ÄÁÎ);;;Ïðîåêòû;äîêóìåíò;2,076;RUCH
ÎÑÖ Íèæíèé Íîâãîðîä;Àðõèâ ¹1 Íèæíèé Íîâãîðîä;PR 029 000 00 00;Ïðîåêò_Äîêóìåíò ïðèñóòñòâîâàë âíóòðè êîðîáà ïðè ïðîâåäåíèè êîíòðîëÿ ïîëíîòû êîðîáà (Èñò. Ôîíä íå ÄÁÎ);;;Ïðîåêòû;äîêóìåíò;0;RUCH
ÎÑÖ Íîâîñèáèðñê;Àðõèâ ¹1 Íîâîñèáèðñê;PR 029 000 00 00;Ïðîåêò_Äîêóìåíò ïðèñóòñòâîâàë âíóòðè êîðîáà ïðè ïðîâåäåíèè êîíòðîëÿ ïîëíîòû êîðîáà (Èñò. Ôîíä íå ÄÁÎ);;;Ïðîåêòû;äîêóìåíò;0;RUCH
ÎÑÖ Íîâîñèáèðñê;Àðõèâ ¹3 Åêàòåðèíáóðã;PR 029 000 00 00;Ïðîåêò_Äîêóìåíò ïðèñóòñòâîâàë âíóòðè êîðîáà ïðè ïðîâåäåíèè êîíòðîëÿ ïîëíîòû êîðîáà (Èñò. Ôîíä íå ÄÁÎ);;;Ïðîåêòû;äîêóìåíò;0;RUCH
ÎÑÖ Ñàìàðà;Àðõèâ ¹1 Ñàìàðà;PR 029 000 00 00;Ïðîåêò_Äîêóìåíò ïðèñóòñòâîâàë âíóòðè êîðîáà ïðè ïðîâåäåíèè êîíòðîëÿ ïîëíîòû êîðîáà (Èñò. Ôîíä íå ÄÁÎ);;;Ïðîåêòû;äîêóìåíò;0;RUCH
ÎÑÖ Âîðîíåæ;Àðõèâ ¹1 Âîðîíåæ;PR 032 000 00 00;Ïðîåêò_ÀÊ ðàçìåùåí íà õðàíåíèå (Èñò. Ôîíä íå ÄÁÎ);;;Ïðîåêòû;êîðîá;0;RUCH
ÎÑÖ Âîðîíåæ;Àðõèâ ¹3 Êàëèíèíãðàä;PR 032 000 00 00;Ïðîåêò_ÀÊ ðàçìåùåí íà õðàíåíèå (Èñò. Ôîíä íå ÄÁÎ);;;Ïðîåêòû;êîðîá;0;RUCH
ÎÑÖ Âîðîíåæ;Àðõèâ ¹4 Ñàíêò-Ïåòåðáóðã;PR 032 000 00 00;Ïðîåêò_ÀÊ ðàçìåùåí íà õðàíåíèå (Èñò. Ôîíä íå ÄÁÎ);;;Ïðîåêòû;êîðîá;0;RUCH
ÎÑÖ Ìîñêâà;Àðõèâ ¹1 Òîìèëèíî;PR 032 000 00 00;Ïðîåêò_ÀÊ ðàçìåùåí íà õðàíåíèå (Èñò. Ôîíä íå ÄÁÎ);;;Ïðîåêòû;êîðîá;34,091;RUCH
ÎÑÖ Íèæíèé Íîâãîðîä;Àðõèâ ¹1 Íèæíèé Íîâãîðîä;PR 032 000 00 00;Ïðîåêò_ÀÊ ðàçìåùåí íà õðàíåíèå (Èñò. Ôîíä íå ÄÁÎ);;;Ïðîåêòû;êîðîá;0;RUCH
ÎÑÖ Íîâîñèáèðñê;Àðõèâ ¹1 Íîâîñèáèðñê;PR 032 000 00 00;Ïðîåêò_ÀÊ ðàçìåùåí íà õðàíåíèå (Èñò. Ôîíä íå ÄÁÎ);;;Ïðîåêòû;êîðîá;0;RUCH
ÎÑÖ Íîâîñèáèðñê;Àðõèâ ¹3 Åêàòåðèíáóðã;PR 032 000 00 00;Ïðîåêò_ÀÊ ðàçìåùåí íà õðàíåíèå (Èñò. Ôîíä íå ÄÁÎ);;;Ïðîåêòû;êîðîá;0;RUCH
ÎÑÖ Ñàìàðà;Àðõèâ ¹1 Ñàìàðà;PR 032 000 00 00;Ïðîåêò_ÀÊ ðàçìåùåí íà õðàíåíèå (Èñò. Ôîíä íå ÄÁÎ);;;Ïðîåêòû;êîðîá;0;RUCH
ÎÑÖ Âîðîíåæ;Àðõèâ ¹1 Âîðîíåæ;SR 326 000 00 00;Ñîðòèðîâêà ÑÄÄ;;;Ðåãèñòðàöèÿ;ØÊ;17,352;RUCH
ÎÑÖ Âîðîíåæ;Àðõèâ ¹1 Âîðîíåæ;PR 035 000 00 00;Ïðîåêò_Ðàçìåùåíèå íà õðàíåíèå â ÀÀÕ (Èñò. Ôîíä íå ÄÁÎ);;;Ïðîåêòû;êîðîá;0;RUCH
ÎÑÖ Âîðîíåæ;Àðõèâ ¹3 Êàëèíèíãðàä;PR 035 000 00 00;Ïðîåêò_Ðàçìåùåíèå íà õðàíåíèå â ÀÀÕ (Èñò. Ôîíä íå ÄÁÎ);;;Ïðîåêòû;êîðîá;0;RUCH
ÎÑÖ Âîðîíåæ;Àðõèâ ¹4 Ñàíêò-Ïåòåðáóðã;PR 035 000 00 00;Ïðîåêò_Ðàçìåùåíèå íà õðàíåíèå â ÀÀÕ (Èñò. Ôîíä íå ÄÁÎ);;;Ïðîåêòû;êîðîá;0;RUCH
ÎÑÖ Ìîñêâà;Àðõèâ ¹1 Òîìèëèíî;PR 035 000 00 00;Ïðîåêò_Ðàçìåùåíèå íà õðàíåíèå â ÀÀÕ (Èñò. Ôîíä íå ÄÁÎ);;;Ïðîåêòû;êîðîá;35,955;RUCH
ÎÑÖ Íèæíèé Íîâãîðîä;Àðõèâ ¹1 Íèæíèé Íîâãîðîä;PR 035 000 00 00;Ïðîåêò_Ðàçìåùåíèå íà õðàíåíèå â ÀÀÕ (Èñò. Ôîíä íå ÄÁÎ);;;Ïðîåêòû;êîðîá;0;RUCH
ÎÑÖ Íîâîñèáèðñê;Àðõèâ ¹1 Íîâîñèáèðñê;PR 035 000 00 00;Ïðîåêò_Ðàçìåùåíèå íà õðàíåíèå â ÀÀÕ (Èñò. Ôîíä íå ÄÁÎ);;;Ïðîåêòû;êîðîá;0;RUCH
ÎÑÖ Íîâîñèáèðñê;Àðõèâ ¹3 Åêàòåðèíáóðã;PR 035 000 00 00;Ïðîåêò_Ðàçìåùåíèå íà õðàíåíèå â ÀÀÕ (Èñò. Ôîíä íå ÄÁÎ);;;Ïðîåêòû;êîðîá;0;RUCH
ÎÑÖ Ñàìàðà;Àðõèâ ¹1 Ñàìàðà;PR 035 000 00 00;Ïðîåêò_Ðàçìåùåíèå íà õðàíåíèå â ÀÀÕ (Èñò. Ôîíä íå ÄÁÎ);;;Ïðîåêòû;êîðîá;0;RUCH
ÎÑÖ Âîðîíåæ;Àðõèâ ¹1 Âîðîíåæ;PR 038 000 00 00;Ïðîåêò_Ñîðòèðîâêà äîêóìåíòîâ (Èñò. Ôîíä íå ÄÁÎ);;;Ïðîåêòû;äîêóìåíò;0;RUCH
ÎÑÖ Âîðîíåæ;Àðõèâ ¹3 Êàëèíèíãðàä;PR 038 000 00 00;Ïðîåêò_Ñîðòèðîâêà äîêóìåíòîâ (Èñò. Ôîíä íå ÄÁÎ);;;Ïðîåêòû;äîêóìåíò;0;RUCH
ÎÑÖ Âîðîíåæ;Àðõèâ ¹4 Ñàíêò-Ïåòåðáóðã;PR 038 000 00 00;Ïðîåêò_Ñîðòèðîâêà äîêóìåíòîâ (Èñò. Ôîíä íå ÄÁÎ);;;Ïðîåêòû;äîêóìåíò;0;RUCH
ÎÑÖ Ìîñêâà;Àðõèâ ¹1 Òîìèëèíî;PR 038 000 00 00;Ïðîåêò_Ñîðòèðîâêà äîêóìåíòîâ (Èñò. Ôîíä íå ÄÁÎ);;;Ïðîåêòû;äîêóìåíò;17,384;RUCH
ÎÑÖ Íèæíèé Íîâãîðîä;Àðõèâ ¹1 Íèæíèé Íîâãîðîä;PR 038 000 00 00;Ïðîåêò_Ñîðòèðîâêà äîêóìåíòîâ (Èñò. Ôîíä íå ÄÁÎ);;;Ïðîåêòû;äîêóìåíò;0;RUCH
ÎÑÖ Íîâîñèáèðñê;Àðõèâ ¹1 Íîâîñèáèðñê;PR 038 000 00 00;Ïðîåêò_Ñîðòèðîâêà äîêóìåíòîâ (Èñò. Ôîíä íå ÄÁÎ);;;Ïðîåêòû;äîêóìåíò;0;RUCH
ÎÑÖ Íîâîñèáèðñê;Àðõèâ ¹3 Åêàòåðèíáóðã;PR 038 000 00 00;Ïðîåêò_Ñîðòèðîâêà äîêóìåíòîâ (Èñò. Ôîíä íå ÄÁÎ);;;Ïðîåêòû;äîêóìåíò;0;RUCH
ÎÑÖ Ñàìàðà;Àðõèâ ¹1 Ñàìàðà;PR 038 000 00 00;Ïðîåêò_Ñîðòèðîâêà äîêóìåíòîâ (Èñò. Ôîíä íå ÄÁÎ);;;Ïðîåêòû;äîêóìåíò;0;RUCH
ÎÑÖ Âîðîíåæ;Âíå ïîäðàçäåëåíèé;MS 071 211 00 00;Ïðîåêò_Ñøèâ ïîìåùåí â àðõèâíûé/ôàéëîâûé êîðîá;;;Ïðîåêòû;äîêóìåíò;0;RUCH
ÎÑÖ Âîðîíåæ;Àðõèâ ¹1 Âîðîíåæ;MS 071 211 00 00;Ïðîåêò_Ñøèâ ïîìåùåí â àðõèâíûé/ôàéëîâûé êîðîá;;;Ïðîåêòû;äîêóìåíò;9;RUCH
ÎÑÖ Âîðîíåæ;Àðõèâ ¹3 Êàëèíèíãðàä;MS 071 211 00 00;Ïðîåêò_Ñøèâ ïîìåùåí â àðõèâíûé/ôàéëîâûé êîðîá;;;Ïðîåêòû;äîêóìåíò;8;RUCH
ÎÑÖ Âîðîíåæ;Àðõèâ ¹4 Ñàíêò-Ïåòåðáóðã;MS 071 211 00 00;Ïðîåêò_Ñøèâ ïîìåùåí â àðõèâíûé/ôàéëîâûé êîðîá;;;Ïðîåêòû;äîêóìåíò;0;RUCH
ÎÑÖ Ìîñêâà;Âíå ïîäðàçäåëåíèé;MS 071 211 00 00;Ïðîåêò_Ñøèâ ïîìåùåí â àðõèâíûé/ôàéëîâûé êîðîá;;;Ïðîåêòû;äîêóìåíò;0;RUCH
ÎÑÖ Ìîñêâà;Àðõèâ ¹1 Òîìèëèíî;MS 071 211 00 00;Ïðîåêò_Ñøèâ ïîìåùåí â àðõèâíûé/ôàéëîâûé êîðîá;;;Ïðîåêòû;äîêóìåíò;0;RUCH
ÎÑÖ Íèæíèé Íîâãîðîä;Âíå ïîäðàçäåëåíèé;MS 071 211 00 00;Ïðîåêò_Ñøèâ ïîìåùåí â àðõèâíûé/ôàéëîâûé êîðîá;;;Ïðîåêòû;äîêóìåíò;0;RUCH
ÎÑÖ Íèæíèé Íîâãîðîä;Àðõèâ ¹1 Íèæíèé Íîâãîðîä;MS 071 211 00 00;Ïðîåêò_Ñøèâ ïîìåùåí â àðõèâíûé/ôàéëîâûé êîðîá;;;Ïðîåêòû;äîêóìåíò;0;RUCH
ÎÑÖ Íîâîñèáèðñê;Âíå ïîäðàçäåëåíèé;MS 071 211 00 00;Ïðîåêò_Ñøèâ ïîìåùåí â àðõèâíûé/ôàéëîâûé êîðîá;;;Ïðîåêòû;äîêóìåíò;0;RUCH
ÎÑÖ Íîâîñèáèðñê;Àðõèâ ¹1 Íîâîñèáèðñê;MS 071 211 00 00;Ïðîåêò_Ñøèâ ïîìåùåí â àðõèâíûé/ôàéëîâûé êîðîá;;;Ïðîåêòû;äîêóìåíò;0;RUCH
ÎÑÖ Íîâîñèáèðñê;Àðõèâ ¹3 Åêàòåðèíáóðã;MS 071 211 00 00;Ïðîåêò_Ñøèâ ïîìåùåí â àðõèâíûé/ôàéëîâûé êîðîá;;;Ïðîåêòû;äîêóìåíò;0;RUCH
ÎÑÖ Ñàìàðà;Âíå ïîäðàçäåëåíèé;MS 071 211 00 00;Ïðîåêò_Ñøèâ ïîìåùåí â àðõèâíûé/ôàéëîâûé êîðîá;;;Ïðîåêòû;äîêóìåíò;0;RUCH
ÎÑÖ Ñàìàðà;Àðõèâ ¹1 Ñàìàðà;MS 071 211 00 00;Ïðîåêò_Ñøèâ ïîìåùåí â àðõèâíûé/ôàéëîâûé êîðîá;;;Ïðîåêòû;äîêóìåíò;0;RUCH
ÎÑÖ Íèæíèé Íîâãîðîä;Àðõèâ ¹1 Íèæíèé Íîâãîðîä;SZ 209 000 00 00;Àíàëèç êà÷åñòâà èñïîëíåíèÿ çàïðîñîâ;-;00;Çàïðîñû;ñòðîêà;1,014;RUCH
ÎÑÖ Âîðîíåæ;Âíå ïîäðàçäåëåíèé;SZ 015 000 00 01;Ïðîåêò_Çàêàç ÀÊ ÷åðåç web-ôîðìó ÎÑÃ - Àóòñîðñèíã;;;Ïðîåêòû;ñîîáùåíèå;0;RUCH
ÎÑÖ Âîðîíåæ;Àðõèâ ¹1 Âîðîíåæ;SZ 015 000 00 01;Ïðîåêò_Çàêàç ÀÊ ÷åðåç web-ôîðìó ÎÑÃ - Àóòñîðñèíã;;;Ïðîåêòû;ñîîáùåíèå;0;RUCH
ÎÑÖ Âîðîíåæ;Àðõèâ ¹3 Êàëèíèíãðàä;SZ 015 000 00 01;Ïðîåêò_Çàêàç ÀÊ ÷åðåç web-ôîðìó ÎÑÃ - Àóòñîðñèíã;;;Ïðîåêòû;ñîîáùåíèå;0;RUCH
ÎÑÖ Âîðîíåæ;Àðõèâ ¹4 Ñàíêò-Ïåòåðáóðã;SZ 015 000 00 01;Ïðîåêò_Çàêàç ÀÊ ÷åðåç web-ôîðìó ÎÑÃ - Àóòñîðñèíã;;;Ïðîåêòû;ñîîáùåíèå;0;RUCH
ÎÑÖ Ìîñêâà;Âíå ïîäðàçäåëåíèé;SZ 015 000 00 01;Ïðîåêò_Çàêàç ÀÊ ÷åðåç web-ôîðìó ÎÑÃ - Àóòñîðñèíã;;;Ïðîåêòû;ñîîáùåíèå;0;RUCH
ÎÑÖ Ìîñêâà;Àðõèâ ¹1 Òîìèëèíî;SZ 015 000 00 01;Ïðîåêò_Çàêàç ÀÊ ÷åðåç web-ôîðìó ÎÑÃ - Àóòñîðñèíã;;;Ïðîåêòû;ñîîáùåíèå;0;RUCH
ÎÑÖ Íèæíèé Íîâãîðîä;Âíå ïîäðàçäåëåíèé;SZ 015 000 00 01;Ïðîåêò_Çàêàç ÀÊ ÷åðåç web-ôîðìó ÎÑÃ - Àóòñîðñèíã;;;Ïðîåêòû;ñîîáùåíèå;0;RUCH
ÎÑÖ Íèæíèé Íîâãîðîä;Àðõèâ ¹1 Íèæíèé Íîâãîðîä;SZ 015 000 00 01;Ïðîåêò_Çàêàç ÀÊ ÷åðåç web-ôîðìó ÎÑÃ - Àóòñîðñèíã;;;Ïðîåêòû;ñîîáùåíèå;0;RUCH
ÎÑÖ Íîâîñèáèðñê;Âíå ïîäðàçäåëåíèé;SZ 015 000 00 01;Ïðîåêò_Çàêàç ÀÊ ÷åðåç web-ôîðìó ÎÑÃ - Àóòñîðñèíã;;;Ïðîåêòû;ñîîáùåíèå;0;RUCH
ÎÑÖ Íîâîñèáèðñê;Àðõèâ ¹1 Íîâîñèáèðñê;SZ 015 000 00 01;Ïðîåêò_Çàêàç ÀÊ ÷åðåç web-ôîðìó ÎÑÃ - Àóòñîðñèíã;;;Ïðîåêòû;ñîîáùåíèå;40;RUCH
ÎÑÖ Ñàìàðà;Âíå ïîäðàçäåëåíèé;SZ 015 000 00 01;Ïðîåêò_Çàêàç ÀÊ ÷åðåç web-ôîðìó ÎÑÃ - Àóòñîðñèíã;;;Ïðîåêòû;ñîîáùåíèå;0;RUCH
ÎÑÖ Íîâîñèáèðñê;Àðõèâ ¹3 Åêàòåðèíáóðã;SZ 015 000 00 01;Ïðîåêò_Çàêàç ÀÊ ÷åðåç web-ôîðìó ÎÑÃ - Àóòñîðñèíã;;;Ïðîåêòû;ñîîáùåíèå;0;RUCH
ÎÑÖ Ñàìàðà;Àðõèâ ¹1 Ñàìàðà;SZ 015 000 00 01;Ïðîåêò_Çàêàç ÀÊ ÷åðåç web-ôîðìó ÎÑÃ - Àóòñîðñèíã;;;Ïðîåêòû;ñîîáùåíèå;0;RUCH
ÎÑÖ Âîðîíåæ;Âíå ïîäðàçäåëåíèé;SL 098 000 00 01;Ïðîåêò_Çàìåíà ïîâðåæä¸ííîãî êîðîáà ïðè ìåçîíèíîì õðàíåíèè;;;Ïðîåêòû;ÀÊ;0;RUCH
ÎÑÖ Âîðîíåæ;Àðõèâ ¹1 Âîðîíåæ;SL 098 000 00 01;Ïðîåêò_Çàìåíà ïîâðåæä¸ííîãî êîðîáà ïðè ìåçîíèíîì õðàíåíèè;;;Ïðîåêòû;ÀÊ;0;RUCH
ÎÑÖ Âîðîíåæ;Àðõèâ ¹3 Êàëèíèíãðàä;SL 098 000 00 01;Ïðîåêò_Çàìåíà ïîâðåæä¸ííîãî êîðîáà ïðè ìåçîíèíîì õðàíåíèè;;;Ïðîåêòû;ÀÊ;0;RUCH
ÎÑÖ Âîðîíåæ;Àðõèâ ¹4 Ñàíêò-Ïåòåðáóðã;SL 098 000 00 01;Ïðîåêò_Çàìåíà ïîâðåæä¸ííîãî êîðîáà ïðè ìåçîíèíîì õðàíåíèè;;;Ïðîåêòû;ÀÊ;0;RUCH
ÎÑÖ Ìîñêâà;Âíå ïîäðàçäåëåíèé;SL 098 000 00 01;Ïðîåêò_Çàìåíà ïîâðåæä¸ííîãî êîðîáà ïðè ìåçîíèíîì õðàíåíèè;;;Ïðîåêòû;ÀÊ;0;RUCH
ÎÑÖ Ìîñêâà;Àðõèâ ¹1 Òîìèëèíî;SL 098 000 00 01;Ïðîåêò_Çàìåíà ïîâðåæä¸ííîãî êîðîáà ïðè ìåçîíèíîì õðàíåíèè;;;Ïðîåêòû;ÀÊ;0;RUCH
ÎÑÖ Íèæíèé Íîâãîðîä;Âíå ïîäðàçäåëåíèé;SL 098 000 00 01;Ïðîåêò_Çàìåíà ïîâðåæä¸ííîãî êîðîáà ïðè ìåçîíèíîì õðàíåíèè;;;Ïðîåêòû;ÀÊ;0;RUCH
ÎÑÖ Íèæíèé Íîâãîðîä;Àðõèâ ¹1 Íèæíèé Íîâãîðîä;SL 098 000 00 01;Ïðîåêò_Çàìåíà ïîâðåæä¸ííîãî êîðîáà ïðè ìåçîíèíîì õðàíåíèè;;;Ïðîåêòû;ÀÊ;0;RUCH
ÎÑÖ Íîâîñèáèðñê;Âíå ïîäðàçäåëåíèé;SL 098 000 00 01;Ïðîåêò_Çàìåíà ïîâðåæä¸ííîãî êîðîáà ïðè ìåçîíèíîì õðàíåíèè;;;Ïðîåêòû;ÀÊ;0;RUCH
ÎÑÖ Íîâîñèáèðñê;Àðõèâ ¹1 Íîâîñèáèðñê;SL 098 000 00 01;Ïðîåêò_Çàìåíà ïîâðåæä¸ííîãî êîðîáà ïðè ìåçîíèíîì õðàíåíèè;;;Ïðîåêòû;ÀÊ;75;RUCH
ÎÑÖ Ñàìàðà;Âíå ïîäðàçäåëåíèé;SL 098 000 00 01;Ïðîåêò_Çàìåíà ïîâðåæä¸ííîãî êîðîáà ïðè ìåçîíèíîì õðàíåíèè;;;Ïðîåêòû;ÀÊ;0;RUCH
ÎÑÖ Íîâîñèáèðñê;Àðõèâ ¹3 Åêàòåðèíáóðã;SL 098 000 00 01;Ïðîåêò_Çàìåíà ïîâðåæä¸ííîãî êîðîáà ïðè ìåçîíèíîì õðàíåíèè;;;Ïðîåêòû;ÀÊ;75;RUCH
ÎÑÖ Ñàìàðà;Àðõèâ ¹1 Ñàìàðà;SL 098 000 00 01;Ïðîåêò_Çàìåíà ïîâðåæä¸ííîãî êîðîáà ïðè ìåçîíèíîì õðàíåíèè;;;Ïðîåêòû;ÀÊ;0;RUCH
ÎÑÖ Âîðîíåæ;Âíå ïîäðàçäåëåíèé;SR 321 000 00 01;Ïðîåêò_Ïîèñê äîïîëíèòåëüíûõ ðåêâèçèòîâ äëÿ ðåãèñòðàöèè â ÀÑ ÖÀÐÑ ïðè íåêîððåêòíîé ïåðåäà÷è äîêóìåíòîâ ïî ÁÏ;;;Ïðîåêòû;äîñüå;0;RUCH
ÎÑÖ Âîðîíåæ;Àðõèâ ¹1 Âîðîíåæ;SR 321 000 00 01;Ïðîåêò_Ïîèñê äîïîëíèòåëüíûõ ðåêâèçèòîâ äëÿ ðåãèñòðàöèè â ÀÑ ÖÀÐÑ ïðè íåêîððåêòíîé ïåðåäà÷è äîêóìåíòîâ ïî ÁÏ;;;Ïðîåêòû;äîñüå;0;RUCH
ÎÑÖ Âîðîíåæ;Àðõèâ ¹3 Êàëèíèíãðàä;SR 321 000 00 01;Ïðîåêò_Ïîèñê äîïîëíèòåëüíûõ ðåêâèçèòîâ äëÿ ðåãèñòðàöèè â ÀÑ ÖÀÐÑ ïðè íåêîððåêòíîé ïåðåäà÷è äîêóìåíòîâ ïî ÁÏ;;;Ïðîåêòû;äîñüå;0;RUCH
ÎÑÖ Âîðîíåæ;Àðõèâ ¹4 Ñàíêò-Ïåòåðáóðã;SR 321 000 00 01;Ïðîåêò_Ïîèñê äîïîëíèòåëüíûõ ðåêâèçèòîâ äëÿ ðåãèñòðàöèè â ÀÑ ÖÀÐÑ ïðè íåêîððåêòíîé ïåðåäà÷è äîêóìåíòîâ ïî ÁÏ;;;Ïðîåêòû;äîñüå;0;RUCH
ÎÑÖ Ìîñêâà;Âíå ïîäðàçäåëåíèé;SR 321 000 00 01;Ïðîåêò_Ïîèñê äîïîëíèòåëüíûõ ðåêâèçèòîâ äëÿ ðåãèñòðàöèè â ÀÑ ÖÀÐÑ ïðè íåêîððåêòíîé ïåðåäà÷è äîêóìåíòîâ ïî ÁÏ;;;Ïðîåêòû;äîñüå;0;RUCH
ÎÑÖ Ìîñêâà;Àðõèâ ¹1 Òîìèëèíî;SR 321 000 00 01;Ïðîåêò_Ïîèñê äîïîëíèòåëüíûõ ðåêâèçèòîâ äëÿ ðåãèñòðàöèè â ÀÑ ÖÀÐÑ ïðè íåêîððåêòíîé ïåðåäà÷è äîêóìåíòîâ ïî ÁÏ;;;Ïðîåêòû;äîñüå;0;RUCH
ÎÑÖ Íèæíèé Íîâãîðîä;Âíå ïîäðàçäåëåíèé;SR 321 000 00 01;Ïðîåêò_Ïîèñê äîïîëíèòåëüíûõ ðåêâèçèòîâ äëÿ ðåãèñòðàöèè â ÀÑ ÖÀÐÑ ïðè íåêîððåêòíîé ïåðåäà÷è äîêóìåíòîâ ïî ÁÏ;;;Ïðîåêòû;äîñüå;0;RUCH
ÎÑÖ Íèæíèé Íîâãîðîä;Àðõèâ ¹1 Íèæíèé Íîâãîðîä;SR 321 000 00 01;Ïðîåêò_Ïîèñê äîïîëíèòåëüíûõ ðåêâèçèòîâ äëÿ ðåãèñòðàöèè â ÀÑ ÖÀÐÑ ïðè íåêîððåêòíîé ïåðåäà÷è äîêóìåíòîâ ïî ÁÏ;;;Ïðîåêòû;äîñüå;70,899;RUCH
ÎÑÖ Íîâîñèáèðñê;Âíå ïîäðàçäåëåíèé;SR 321 000 00 01;Ïðîåêò_Ïîèñê äîïîëíèòåëüíûõ ðåêâèçèòîâ äëÿ ðåãèñòðàöèè â ÀÑ ÖÀÐÑ ïðè íåêîððåêòíîé ïåðåäà÷è äîêóìåíòîâ ïî ÁÏ;;;Ïðîåêòû;äîñüå;0;RUCH
ÎÑÖ Íîâîñèáèðñê;Àðõèâ ¹1 Íîâîñèáèðñê;SR 321 000 00 01;Ïðîåêò_Ïîèñê äîïîëíèòåëüíûõ ðåêâèçèòîâ äëÿ ðåãèñòðàöèè â ÀÑ ÖÀÐÑ ïðè íåêîððåêòíîé ïåðåäà÷è äîêóìåíòîâ ïî ÁÏ;;;Ïðîåêòû;äîñüå;79;RUCH
ÎÑÖ Ñàìàðà;Âíå ïîäðàçäåëåíèé;SR 321 000 00 01;Ïðîåêò_Ïîèñê äîïîëíèòåëüíûõ ðåêâèçèòîâ äëÿ ðåãèñòðàöèè â ÀÑ ÖÀÐÑ ïðè íåêîððåêòíîé ïåðåäà÷è äîêóìåíòîâ ïî ÁÏ;;;Ïðîåêòû;äîñüå;0;RUCH
ÎÑÖ Íîâîñèáèðñê;Àðõèâ ¹3 Åêàòåðèíáóðã;SR 321 000 00 01;Ïðîåêò_Ïîèñê äîïîëíèòåëüíûõ ðåêâèçèòîâ äëÿ ðåãèñòðàöèè â ÀÑ ÖÀÐÑ ïðè íåêîððåêòíîé ïåðåäà÷è äîêóìåíòîâ ïî ÁÏ;;;Ïðîåêòû;äîñüå;0;RUCH
ÎÑÖ Ñàìàðà;Àðõèâ ¹1 Ñàìàðà;SR 321 000 00 01;Ïðîåêò_Ïîèñê äîïîëíèòåëüíûõ ðåêâèçèòîâ äëÿ ðåãèñòðàöèè â ÀÑ ÖÀÐÑ ïðè íåêîððåêòíîé ïåðåäà÷è äîêóìåíòîâ ïî ÁÏ;;;Ïðîåêòû;äîñüå;0;RUCH
ÎÑÖ Âîðîíåæ;Âíå ïîäðàçäåëåíèé;SR 046 000 00 01;Ïðîåêò_Ñîïðîâîæäåíèå íàåìíîãî ïåðñîíàëà/ïåðåìåùåíèå êîðîáîâ/ïàëåò â ìèíóòàõ;;;Ïðîåêòû;Ìèíóòà;0;RUCH
ÎÑÖ Âîðîíåæ;Àðõèâ ¹1 Âîðîíåæ;SR 046 000 00 01;Ïðîåêò_Ñîïðîâîæäåíèå íàåìíîãî ïåðñîíàëà/ïåðåìåùåíèå êîðîáîâ/ïàëåò â ìèíóòàõ;;;Ïðîåêòû;Ìèíóòà;0;RUCH
ÎÑÖ Âîðîíåæ;Àðõèâ ¹3 Êàëèíèíãðàä;SR 046 000 00 01;Ïðîåêò_Ñîïðîâîæäåíèå íàåìíîãî ïåðñîíàëà/ïåðåìåùåíèå êîðîáîâ/ïàëåò â ìèíóòàõ;;;Ïðîåêòû;Ìèíóòà;0;RUCH
ÎÑÖ Âîðîíåæ;Àðõèâ ¹4 Ñàíêò-Ïåòåðáóðã;SR 046 000 00 01;Ïðîåêò_Ñîïðîâîæäåíèå íàåìíîãî ïåðñîíàëà/ïåðåìåùåíèå êîðîáîâ/ïàëåò â ìèíóòàõ;;;Ïðîåêòû;Ìèíóòà;0;RUCH
ÎÑÖ Ìîñêâà;Âíå ïîäðàçäåëåíèé;SR 046 000 00 01;Ïðîåêò_Ñîïðîâîæäåíèå íàåìíîãî ïåðñîíàëà/ïåðåìåùåíèå êîðîáîâ/ïàëåò â ìèíóòàõ;;;Ïðîåêòû;Ìèíóòà;0;RUCH
ÎÑÖ Ìîñêâà;Àðõèâ ¹1 Òîìèëèíî;SR 046 000 00 01;Ïðîåêò_Ñîïðîâîæäåíèå íàåìíîãî ïåðñîíàëà/ïåðåìåùåíèå êîðîáîâ/ïàëåò â ìèíóòàõ;;;Ïðîåêòû;Ìèíóòà;0;RUCH
ÎÑÖ Íèæíèé Íîâãîðîä;Âíå ïîäðàçäåëåíèé;SR 046 000 00 01;Ïðîåêò_Ñîïðîâîæäåíèå íàåìíîãî ïåðñîíàëà/ïåðåìåùåíèå êîðîáîâ/ïàëåò â ìèíóòàõ;;;Ïðîåêòû;Ìèíóòà;0;RUCH
ÎÑÖ Íèæíèé Íîâãîðîä;Àðõèâ ¹1 Íèæíèé Íîâãîðîä;SR 046 000 00 01;Ïðîåêò_Ñîïðîâîæäåíèå íàåìíîãî ïåðñîíàëà/ïåðåìåùåíèå êîðîáîâ/ïàëåò â ìèíóòàõ;;;Ïðîåêòû;Ìèíóòà;60;RUCH
ÎÑÖ Íîâîñèáèðñê;Âíå ïîäðàçäåëåíèé;SR 046 000 00 01;Ïðîåêò_Ñîïðîâîæäåíèå íàåìíîãî ïåðñîíàëà/ïåðåìåùåíèå êîðîáîâ/ïàëåò â ìèíóòàõ;;;Ïðîåêòû;Ìèíóòà;0;RUCH
ÎÑÖ Íîâîñèáèðñê;Àðõèâ ¹1 Íîâîñèáèðñê;SR 046 000 00 01;Ïðîåêò_Ñîïðîâîæäåíèå íàåìíîãî ïåðñîíàëà/ïåðåìåùåíèå êîðîáîâ/ïàëåò â ìèíóòàõ;;;Ïðîåêòû;Ìèíóòà;0;RUCH
ÎÑÖ Ñàìàðà;Âíå ïîäðàçäåëåíèé;SR 046 000 00 01;Ïðîåêò_Ñîïðîâîæäåíèå íàåìíîãî ïåðñîíàëà/ïåðåìåùåíèå êîðîáîâ/ïàëåò â ìèíóòàõ;;;Ïðîåêòû;Ìèíóòà;0;RUCH
ÎÑÖ Íîâîñèáèðñê;Àðõèâ ¹3 Åêàòåðèíáóðã;SR 046 000 00 01;Ïðîåêò_Ñîïðîâîæäåíèå íàåìíîãî ïåðñîíàëà/ïåðåìåùåíèå êîðîáîâ/ïàëåò â ìèíóòàõ;;;Ïðîåêòû;Ìèíóòà;0;RUCH
ÎÑÖ Ñàìàðà;Àðõèâ ¹1 Ñàìàðà;SR 046 000 00 01;Ïðîåêò_Ñîïðîâîæäåíèå íàåìíîãî ïåðñîíàëà/ïåðåìåùåíèå êîðîáîâ/ïàëåò â ìèíóòàõ;;;Ïðîåêòû;Ìèíóòà;0;RUCH
ÎÑÖ Âîðîíåæ;Âíå ïîäðàçäåëåíèé;CP 0065 000 00 00;Ïðîåêò_ÔÊ Íà äîóêîìïëåêòîâàíèè ÀÊ;;;Ïðîåêòû;êîðîá;0;RUCH
ÎÑÖ Âîðîíåæ;Àðõèâ ¹1 Âîðîíåæ;CP 0065 000 00 00;Ïðîåêò_ÔÊ Íà äîóêîìïëåêòîâàíèè ÀÊ;;;Ïðîåêòû;êîðîá;0;RUCH
ÎÑÖ Âîðîíåæ;Àðõèâ ¹3 Êàëèíèíãðàä;CP 0065 000 00 00;Ïðîåêò_ÔÊ Íà äîóêîìïëåêòîâàíèè ÀÊ;;;Ïðîåêòû;êîðîá;0;RUCH
ÎÑÖ Âîðîíåæ;Àðõèâ ¹4 Ñàíêò-Ïåòåðáóðã;CP 0065 000 00 00;Ïðîåêò_ÔÊ Íà äîóêîìïëåêòîâàíèè ÀÊ;;;Ïðîåêòû;êîðîá;0;RUCH
ÎÑÖ Ìîñêâà;Àðõèâ ¹1 Òîìèëèíî;CP 0065 000 00 00;Ïðîåêò_ÔÊ Íà äîóêîìïëåêòîâàíèè ÀÊ;;;Ïðîåêòû;êîðîá;0;RUCH
ÎÑÖ Íèæíèé Íîâãîðîä;Àðõèâ ¹1 Íèæíèé Íîâãîðîä;CP 0065 000 00 00;Ïðîåêò_ÔÊ Íà äîóêîìïëåêòîâàíèè ÀÊ;;;Ïðîåêòû;êîðîá;0;RUCH
ÎÑÖ Íîâîñèáèðñê;Àðõèâ ¹1 Íîâîñèáèðñê;CP 0065 000 00 00;Ïðîåêò_ÔÊ Íà äîóêîìïëåêòîâàíèè ÀÊ;;;Ïðîåêòû;êîðîá;14;RUCH
ÎÑÖ Íîâîñèáèðñê;Àðõèâ ¹3 Åêàòåðèíáóðã;CP 0065 000 00 00;Ïðîåêò_ÔÊ Íà äîóêîìïëåêòîâàíèè ÀÊ;;;Ïðîåêòû;êîðîá;14;RUCH
ÎÑÖ Ñàìàðà;Àðõèâ ¹1 Ñàìàðà;CP 0065 000 00 00;Ïðîåêò_ÔÊ Íà äîóêîìïëåêòîâàíèè ÀÊ;;;Ïðîåêòû;êîðîá;0;RUCH
ÎÑÖ Íèæíèé Íîâãîðîä;Âíå ïîäðàçäåëåíèé;NO 048 000 00 00;Ïîäãîòîâêà\âåðèôèêàöèÿ äàííûõ ïî ìåòðèêàì ÀÑ Äåìåòðà;;;Íåïðîèçâîäñòâåííûå;ìåòðèêà;45;RUCH
ÎÑÖ Íèæíèé Íîâãîðîä;Àðõèâ ¹1 Íèæíèé Íîâãîðîä;NO 048 000 00 00;Ïîäãîòîâêà\âåðèôèêàöèÿ äàííûõ ïî ìåòðèêàì ÀÑ Äåìåòðà;;;Íåïðîèçâîäñòâåííûå;ìåòðèêà;45;RUCH
ÎÑÖ Âîðîíåæ;Àðõèâ ¹1 Âîðîíåæ;CP 0030 000 00 01;Äîóêîìïëåêòîâàíèå äîêóìåíòà â àðõèâíûé/ôàéëîâûé êîðîá;;;Ëîãèñòèêà;äîêóìåíò;8;AUTO
ÎÑÖ Âîðîíåæ;Àðõèâ ¹3 Êàëèíèíãðàä;CP 0030 000 00 01;Äîóêîìïëåêòîâàíèå äîêóìåíòà â àðõèâíûé/ôàéëîâûé êîðîá;;;Ëîãèñòèêà;äîêóìåíò;7,571;AUTO
ÎÑÖ Âîðîíåæ;Àðõèâ ¹4 Ñàíêò-Ïåòåðáóðã;CP 0030 000 00 01;Äîóêîìïëåêòîâàíèå äîêóìåíòà â àðõèâíûé/ôàéëîâûé êîðîá;;;Ëîãèñòèêà;äîêóìåíò;8,015;AUTO
ÎÑÖ Ìîñêâà;Àðõèâ ¹1 Òîìèëèíî;CP 0030 000 00 01;Äîóêîìïëåêòîâàíèå äîêóìåíòà â àðõèâíûé/ôàéëîâûé êîðîá;;;Ëîãèñòèêà;äîêóìåíò;7,2;AUTO
ÎÑÖ Íèæíèé Íîâãîðîä;Àðõèâ ¹1 Íèæíèé Íîâãîðîä;CP 0030 000 00 01;Äîóêîìïëåêòîâàíèå äîêóìåíòà â àðõèâíûé/ôàéëîâûé êîðîá;;;Ëîãèñòèêà;äîêóìåíò;8;AUTO
ÎÑÖ Íîâîñèáèðñê;Àðõèâ ¹1 Íîâîñèáèðñê;CP 0030 000 00 01;Äîóêîìïëåêòîâàíèå äîêóìåíòà â àðõèâíûé/ôàéëîâûé êîðîá;;;Ëîãèñòèêà;äîêóìåíò;8,298;AUTO
ÎÑÖ Íîâîñèáèðñê;Àðõèâ ¹3 Åêàòåðèíáóðã;CP 0030 000 00 01;Äîóêîìïëåêòîâàíèå äîêóìåíòà â àðõèâíûé/ôàéëîâûé êîðîá;;;Ëîãèñòèêà;äîêóìåíò;8,01;AUTO
ÎÑÖ Ñàìàðà;Àðõèâ ¹1 Ñàìàðà;CP 0030 000 00 01;Äîóêîìïëåêòîâàíèå äîêóìåíòà â àðõèâíûé/ôàéëîâûé êîðîá;;;Ëîãèñòèêà;äîêóìåíò;7,758;AUTO
ÎÑÖ Âîðîíåæ;Àðõèâ ¹1 Âîðîíåæ;CP 0030 000 00 02;Äîóêîìïëåêòîâàíèå ñøèâà/äîêóìåíòà ÇÄ â àðõèâíûé/ôàéëîâûé êîðîá;;;Ëîãèñòèêà;äîêóìåíò;0;AUTO
ÎÑÖ Âîðîíåæ;Àðõèâ ¹3 Êàëèíèíãðàä;CP 0030 000 00 02;Äîóêîìïëåêòîâàíèå ñøèâà/äîêóìåíòà ÇÄ â àðõèâíûé/ôàéëîâûé êîðîá;;;Ëîãèñòèêà;äîêóìåíò;0;AUTO
ÎÑÖ Âîðîíåæ;Àðõèâ ¹4 Ñàíêò-Ïåòåðáóðã;CP 0030 000 00 02;Äîóêîìïëåêòîâàíèå ñøèâà/äîêóìåíòà ÇÄ â àðõèâíûé/ôàéëîâûé êîðîá;;;Ëîãèñòèêà;äîêóìåíò;0;AUTO
ÎÑÖ Ìîñêâà;Àðõèâ ¹1 Òîìèëèíî;CP 0030 000 00 02;Äîóêîìïëåêòîâàíèå ñøèâà/äîêóìåíòà ÇÄ â àðõèâíûé/ôàéëîâûé êîðîá;;;Ëîãèñòèêà;äîêóìåíò;0;AUTO
ÎÑÖ Íèæíèé Íîâãîðîä;Àðõèâ ¹1 Íèæíèé Íîâãîðîä;CP 0030 000 00 02;Äîóêîìïëåêòîâàíèå ñøèâà/äîêóìåíòà ÇÄ â àðõèâíûé/ôàéëîâûé êîðîá;;;Ëîãèñòèêà;äîêóìåíò;0;AUTO
ÎÑÖ Íîâîñèáèðñê;Àðõèâ ¹1 Íîâîñèáèðñê;CP 0030 000 00 02;Äîóêîìïëåêòîâàíèå ñøèâà/äîêóìåíòà ÇÄ â àðõèâíûé/ôàéëîâûé êîðîá;;;Ëîãèñòèêà;äîêóìåíò;0;AUTO
ÎÑÖ Íîâîñèáèðñê;Àðõèâ ¹3 Åêàòåðèíáóðã;CP 0030 000 00 02;Äîóêîìïëåêòîâàíèå ñøèâà/äîêóìåíòà ÇÄ â àðõèâíûé/ôàéëîâûé êîðîá;;;Ëîãèñòèêà;äîêóìåíò;0;AUTO
ÎÑÖ Ñàìàðà;Àðõèâ ¹1 Ñàìàðà;CP 0030 000 00 02;Äîóêîìïëåêòîâàíèå ñøèâà/äîêóìåíòà ÇÄ â àðõèâíûé/ôàéëîâûé êîðîá;;;Ëîãèñòèêà;äîêóìåíò;0;AUTO
ÎÑÖ Âîðîíåæ;Àðõèâ ¹1 Âîðîíåæ;RR 0138 000 00 01;Ðåãèñòðàöèÿ ÀÊ â ðàìêàõ ÄÂÎÓ (êîðîáî÷íîå õðàíåíèå);;;Ëîãèñòèêà;êîðîá;0;AUTO
ÎÑÖ Âîðîíåæ;Àðõèâ ¹3 Êàëèíèíãðàä;RR 0138 000 00 01;Ðåãèñòðàöèÿ ÀÊ â ðàìêàõ ÄÂÎÓ (êîðîáî÷íîå õðàíåíèå);;;Ëîãèñòèêà;êîðîá;0;AUTO
ÎÑÖ Âîðîíåæ;Àðõèâ ¹4 Ñàíêò-Ïåòåðáóðã;RR 0138 000 00 01;Ðåãèñòðàöèÿ ÀÊ â ðàìêàõ ÄÂÎÓ (êîðîáî÷íîå õðàíåíèå);;;Ëîãèñòèêà;êîðîá;0;AUTO
ÎÑÖ Ìîñêâà;Àðõèâ ¹1 Òîìèëèíî;RR 0138 000 00 01;Ðåãèñòðàöèÿ ÀÊ â ðàìêàõ ÄÂÎÓ (êîðîáî÷íîå õðàíåíèå);;;Ëîãèñòèêà;êîðîá;40,7;AUTO
ÎÑÖ Íèæíèé Íîâãîðîä;Àðõèâ ¹1 Íèæíèé Íîâãîðîä;RR 0138 000 00 01;Ðåãèñòðàöèÿ ÀÊ â ðàìêàõ ÄÂÎÓ (êîðîáî÷íîå õðàíåíèå);;;Ëîãèñòèêà;êîðîá;0;AUTO
ÎÑÖ Íîâîñèáèðñê;Àðõèâ ¹1 Íîâîñèáèðñê;RR 0138 000 00 01;Ðåãèñòðàöèÿ ÀÊ â ðàìêàõ ÄÂÎÓ (êîðîáî÷íîå õðàíåíèå);;;Ëîãèñòèêà;êîðîá;0;AUTO
ÎÑÖ Íîâîñèáèðñê;Àðõèâ ¹3 Åêàòåðèíáóðã;RR 0138 000 00 01;Ðåãèñòðàöèÿ ÀÊ â ðàìêàõ ÄÂÎÓ (êîðîáî÷íîå õðàíåíèå);;;Ëîãèñòèêà;êîðîá;0;AUTO
ÎÑÖ Ñàìàðà;Àðõèâ ¹1 Ñàìàðà;RR 0138 000 00 01;Ðåãèñòðàöèÿ ÀÊ â ðàìêàõ ÄÂÎÓ (êîðîáî÷íîå õðàíåíèå);;;Ëîãèñòèêà;êîðîá;43;AUTO
ÎÑÖ Âîðîíåæ;Àðõèâ ¹1 Âîðîíåæ;RG 0002 000 01 01;ÐÅÃÈÑÒÐÀÖÈß ÇÀßÂËÅÍÈß ÍÀ ÑÅÐÒÈÔÈÊÀÖÈÞ ÊËÞ×À ÝÏ (Ìåãà ÖÓÊÑ);Ðåã.;;Ðåãèñòðàöèÿ;ØÊ;33;AUTO
ÎÑÖ Âîðîíåæ;Àðõèâ ¹3 Êàëèíèíãðàä;RG 0002 000 01 01;ÐÅÃÈÑÒÐÀÖÈß ÇÀßÂËÅÍÈß ÍÀ ÑÅÐÒÈÔÈÊÀÖÈÞ ÊËÞ×À ÝÏ (Ìåãà ÖÓÊÑ);Ðåã.;;Ðåãèñòðàöèÿ;ØÊ;32,533;AUTO
ÎÑÖ Âîðîíåæ;Àðõèâ ¹4 Ñàíêò-Ïåòåðáóðã;RG 0002 000 01 01;ÐÅÃÈÑÒÐÀÖÈß ÇÀßÂËÅÍÈß ÍÀ ÑÅÐÒÈÔÈÊÀÖÈÞ ÊËÞ×À ÝÏ (Ìåãà ÖÓÊÑ);Ðåã.;;Ðåãèñòðàöèÿ;ØÊ;30,933;AUTO
ÎÑÖ Ìîñêâà;Àðõèâ ¹1 Òîìèëèíî;RG 0002 000 01 01;ÐÅÃÈÑÒÐÀÖÈß ÇÀßÂËÅÍÈß ÍÀ ÑÅÐÒÈÔÈÊÀÖÈÞ ÊËÞ×À ÝÏ (Ìåãà ÖÓÊÑ);Ðåã.;;Ðåãèñòðàöèÿ;ØÊ;31,667;AUTO
ÎÑÖ Íèæíèé Íîâãîðîä;Àðõèâ ¹1 Íèæíèé Íîâãîðîä;RG 0002 000 01 01;ÐÅÃÈÑÒÐÀÖÈß ÇÀßÂËÅÍÈß ÍÀ ÑÅÐÒÈÔÈÊÀÖÈÞ ÊËÞ×À ÝÏ (Ìåãà ÖÓÊÑ);Ðåã.;;Ðåãèñòðàöèÿ;ØÊ;33;AUTO
ÎÑÖ Íîâîñèáèðñê;Àðõèâ ¹1 Íîâîñèáèðñê;RG 0002 000 01 01;ÐÅÃÈÑÒÐÀÖÈß ÇÀßÂËÅÍÈß ÍÀ ÑÅÐÒÈÔÈÊÀÖÈÞ ÊËÞ×À ÝÏ (Ìåãà ÖÓÊÑ);Ðåã.;;Ðåãèñòðàöèÿ;ØÊ;30,949;AUTO
ÎÑÖ Íîâîñèáèðñê;Àðõèâ ¹3 Åêàòåðèíáóðã;RG 0002 000 01 01;ÐÅÃÈÑÒÐÀÖÈß ÇÀßÂËÅÍÈß ÍÀ ÑÅÐÒÈÔÈÊÀÖÈÞ ÊËÞ×À ÝÏ (Ìåãà ÖÓÊÑ);Ðåã.;;Ðåãèñòðàöèÿ;ØÊ;32,143;AUTO
ÎÑÖ Ñàìàðà;Àðõèâ ¹1 Ñàìàðà;RG 0002 000 01 01;ÐÅÃÈÑÒÐÀÖÈß ÇÀßÂËÅÍÈß ÍÀ ÑÅÐÒÈÔÈÊÀÖÈÞ ÊËÞ×À ÝÏ (Ìåãà ÖÓÊÑ);Ðåã.;;Ðåãèñòðàöèÿ;ØÊ;30,364;AUTO
ÎÑÖ Âîðîíåæ;Àðõèâ ¹1 Âîðîíåæ;RG 0002 000 01 02;ÐÅÃÈÑÒÐÀÖÈß ÇÀßÂËÅÍÈß ÍÀ ÑÅÐÒÈÔÈÊÀÖÈÞ ÊËÞ×À ÝÏ (Ìåãà ÖÓÊÑ);ÂÑÏ;;Ðåãèñòðàöèÿ;ØÊ;5,5;AUTO
ÎÑÖ Âîðîíåæ;Àðõèâ ¹3 Êàëèíèíãðàä;RG 0002 000 01 02;ÐÅÃÈÑÒÐÀÖÈß ÇÀßÂËÅÍÈß ÍÀ ÑÅÐÒÈÔÈÊÀÖÈÞ ÊËÞ×À ÝÏ (Ìåãà ÖÓÊÑ);ÂÑÏ;;Ðåãèñòðàöèÿ;ØÊ;5,333;AUTO
ÎÑÖ Âîðîíåæ;Àðõèâ ¹4 Ñàíêò-Ïåòåðáóðã;RG 0002 000 01 02;ÐÅÃÈÑÒÐÀÖÈß ÇÀßÂËÅÍÈß ÍÀ ÑÅÐÒÈÔÈÊÀÖÈÞ ÊËÞ×À ÝÏ (Ìåãà ÖÓÊÑ);ÂÑÏ;;Ðåãèñòðàöèÿ;ØÊ;5,833;AUTO
ÎÑÖ Ìîñêâà;Àðõèâ ¹1 Òîìèëèíî;RG 0002 000 01 02;ÐÅÃÈÑÒÐÀÖÈß ÇÀßÂËÅÍÈß ÍÀ ÑÅÐÒÈÔÈÊÀÖÈÞ ÊËÞ×À ÝÏ (Ìåãà ÖÓÊÑ);ÂÑÏ;;Ðåãèñòðàöèÿ;ØÊ;5,033;AUTO
ÎÑÖ Íèæíèé Íîâãîðîä;Àðõèâ ¹1 Íèæíèé Íîâãîðîä;RG 0002 000 01 02;ÐÅÃÈÑÒÐÀÖÈß ÇÀßÂËÅÍÈß ÍÀ ÑÅÐÒÈÔÈÊÀÖÈÞ ÊËÞ×À ÝÏ (Ìåãà ÖÓÊÑ);ÂÑÏ;;Ðåãèñòðàöèÿ;ØÊ;5,627;AUTO
ÎÑÖ Íîâîñèáèðñê;Àðõèâ ¹1 Íîâîñèáèðñê;RG 0002 000 01 02;ÐÅÃÈÑÒÐÀÖÈß ÇÀßÂËÅÍÈß ÍÀ ÑÅÐÒÈÔÈÊÀÖÈÞ ÊËÞ×À ÝÏ (Ìåãà ÖÓÊÑ);ÂÑÏ;;Ðåãèñòðàöèÿ;ØÊ;5,845;AUTO
ÎÑÖ Íîâîñèáèðñê;Àðõèâ ¹3 Åêàòåðèíáóðã;RG 0002 000 01 02;ÐÅÃÈÑÒÐÀÖÈß ÇÀßÂËÅÍÈß ÍÀ ÑÅÐÒÈÔÈÊÀÖÈÞ ÊËÞ×À ÝÏ (Ìåãà ÖÓÊÑ);ÂÑÏ;;Ðåãèñòðàöèÿ;ØÊ;5,485;AUTO
ÎÑÖ Ñàìàðà;Àðõèâ ¹1 Ñàìàðà;RG 0002 000 01 02;ÐÅÃÈÑÒÐÀÖÈß ÇÀßÂËÅÍÈß ÍÀ ÑÅÐÒÈÔÈÊÀÖÈÞ ÊËÞ×À ÝÏ (Ìåãà ÖÓÊÑ);ÂÑÏ;;Ðåãèñòðàöèÿ;ØÊ;5,344;AUTO
ÎÑÖ Âîðîíåæ;Àðõèâ ¹1 Âîðîíåæ;RG 0002 000 02 01;Ðåãèñòðàöèÿ êëèåíòñêèõ äîêóìåíòîâ;Ðåã.;;Ðåãèñòðàöèÿ;ØÊ;42,033;AUTO
ÎÑÖ Âîðîíåæ;Àðõèâ ¹3 Êàëèíèíãðàä;RG 0002 000 02 01;Ðåãèñòðàöèÿ êëèåíòñêèõ äîêóìåíòîâ;Ðåã.;;Ðåãèñòðàöèÿ;ØÊ;45,989;AUTO
ÎÑÖ Âîðîíåæ;Àðõèâ ¹4 Ñàíêò-Ïåòåðáóðã;RG 0002 000 02 01;Ðåãèñòðàöèÿ êëèåíòñêèõ äîêóìåíòîâ;Ðåã.;;Ðåãèñòðàöèÿ;ØÊ;41,025;AUTO
ÎÑÖ Ìîñêâà;Àðõèâ ¹1 Òîìèëèíî;RG 0002 000 02 01;Ðåãèñòðàöèÿ êëèåíòñêèõ äîêóìåíòîâ;Ðåã.;;Ðåãèñòðàöèÿ;ØÊ;41,074;AUTO
ÎÑÖ Íèæíèé Íîâãîðîä;Àðõèâ ¹1 Íèæíèé Íîâãîðîä;RG 0002 000 02 01;Ðåãèñòðàöèÿ êëèåíòñêèõ äîêóìåíòîâ;Ðåã.;;Ðåãèñòðàöèÿ;ØÊ;42,094;AUTO
ÎÑÖ Íîâîñèáèðñê;Àðõèâ ¹1 Íîâîñèáèðñê;RG 0002 000 02 01;Ðåãèñòðàöèÿ êëèåíòñêèõ äîêóìåíòîâ;Ðåã.;;Ðåãèñòðàöèÿ;ØÊ;40,121;AUTO
ÎÑÖ Íîâîñèáèðñê;Àðõèâ ¹3 Åêàòåðèíáóðã;RG 0002 000 02 01;Ðåãèñòðàöèÿ êëèåíòñêèõ äîêóìåíòîâ;Ðåã.;;Ðåãèñòðàöèÿ;ØÊ;41,512;AUTO
ÎÑÖ Ñàìàðà;Àðõèâ ¹1 Ñàìàðà;RG 0002 000 02 01;Ðåãèñòðàöèÿ êëèåíòñêèõ äîêóìåíòîâ;Ðåã.;;Ðåãèñòðàöèÿ;ØÊ;48,113;AUTO
ÎÑÖ Âîðîíåæ;Àðõèâ ¹1 Âîðîíåæ;RG 0002 000 02 02;Ðåãèñòðàöèÿ êëèåíòñêèõ äîêóìåíòîâ;ÂÑÏ;;Ðåãèñòðàöèÿ;ØÊ;5,22;AUTO
ÎÑÖ Âîðîíåæ;Àðõèâ ¹3 Êàëèíèíãðàä;RG 0002 000 02 02;Ðåãèñòðàöèÿ êëèåíòñêèõ äîêóìåíòîâ;ÂÑÏ;;Ðåãèñòðàöèÿ;ØÊ;5,581;AUTO
ÎÑÖ Âîðîíåæ;Àðõèâ ¹4 Ñàíêò-Ïåòåðáóðã;RG 0002 000 02 02;Ðåãèñòðàöèÿ êëèåíòñêèõ äîêóìåíòîâ;ÂÑÏ;;Ðåãèñòðàöèÿ;ØÊ;6,035;AUTO
ÎÑÖ Ìîñêâà;Àðõèâ ¹1 Òîìèëèíî;RG 0002 000 02 02;Ðåãèñòðàöèÿ êëèåíòñêèõ äîêóìåíòîâ;ÂÑÏ;;Ðåãèñòðàöèÿ;ØÊ;4,927;AUTO
ÎÑÖ Íèæíèé Íîâãîðîä;Àðõèâ ¹1 Íèæíèé Íîâãîðîä;RG 0002 000 02 02;Ðåãèñòðàöèÿ êëèåíòñêèõ äîêóìåíòîâ;ÂÑÏ;;Ðåãèñòðàöèÿ;ØÊ;6,022;AUTO
ÎÑÖ Íîâîñèáèðñê;Àðõèâ ¹1 Íîâîñèáèðñê;RG 0002 000 02 02;Ðåãèñòðàöèÿ êëèåíòñêèõ äîêóìåíòîâ;ÂÑÏ;;Ðåãèñòðàöèÿ;ØÊ;5,295;AUTO
ÎÑÖ Íîâîñèáèðñê;Àðõèâ ¹3 Åêàòåðèíáóðã;RG 0002 000 02 02;Ðåãèñòðàöèÿ êëèåíòñêèõ äîêóìåíòîâ;ÂÑÏ;;Ðåãèñòðàöèÿ;ØÊ;5,244;AUTO
ÎÑÖ Ñàìàðà;Àðõèâ ¹1 Ñàìàðà;RG 0002 000 02 02;Ðåãèñòðàöèÿ êëèåíòñêèõ äîêóìåíòîâ;ÂÑÏ;;Ðåãèñòðàöèÿ;ØÊ;5,333;AUTO
ÎÑÖ Âîðîíåæ;Àðõèâ ¹1 Âîðîíåæ;RG 0002 000 02 03;Ðåãèñòðàöèÿ êëèåíòñêèõ äîêóìåíòîâ;ÂÐÓÊ;;Ðåãèñòðàöèÿ;ØÊ;67,126;AUTO
ÎÑÖ Âîðîíåæ;Àðõèâ ¹3 Êàëèíèíãðàä;RG 0002 000 02 03;Ðåãèñòðàöèÿ êëèåíòñêèõ äîêóìåíòîâ;ÂÐÓÊ;;Ðåãèñòðàöèÿ;ØÊ;73,404;AUTO
ÎÑÖ Âîðîíåæ;Àðõèâ ¹4 Ñàíêò-Ïåòåðáóðã;RG 0002 000 02 03;Ðåãèñòðàöèÿ êëèåíòñêèõ äîêóìåíòîâ;ÂÐÓÊ;;Ðåãèñòðàöèÿ;ØÊ;71,987;AUTO
ÎÑÖ Ìîñêâà;Àðõèâ ¹1 Òîìèëèíî;RG 0002 000 02 03;Ðåãèñòðàöèÿ êëèåíòñêèõ äîêóìåíòîâ;ÂÐÓÊ;;Ðåãèñòðàöèÿ;ØÊ;65,08;AUTO
ÎÑÖ Íèæíèé Íîâãîðîä;Àðõèâ ¹1 Íèæíèé Íîâãîðîä;RG 0002 000 02 03;Ðåãèñòðàöèÿ êëèåíòñêèõ äîêóìåíòîâ;ÂÐÓÊ;;Ðåãèñòðàöèÿ;ØÊ;75;AUTO
ÎÑÖ Íîâîñèáèðñê;Àðõèâ ¹1 Íîâîñèáèðñê;RG 0002 000 02 03;Ðåãèñòðàöèÿ êëèåíòñêèõ äîêóìåíòîâ;ÂÐÓÊ;;Ðåãèñòðàöèÿ;ØÊ;64,21;AUTO
ÎÑÖ Íîâîñèáèðñê;Àðõèâ ¹3 Åêàòåðèíáóðã;RG 0002 000 02 03;Ðåãèñòðàöèÿ êëèåíòñêèõ äîêóìåíòîâ;ÂÐÓÊ;;Ðåãèñòðàöèÿ;ØÊ;65,457;AUTO
ÎÑÖ Ñàìàðà;Àðõèâ ¹1 Ñàìàðà;RG 0002 000 02 03;Ðåãèñòðàöèÿ êëèåíòñêèõ äîêóìåíòîâ;ÂÐÓÊ;;Ðåãèñòðàöèÿ;ØÊ;73,349;AUTO
ÎÑÖ Íèæíèé Íîâãîðîä;Àðõèâ ¹1 Íèæíèé Íîâãîðîä;SR 323 000 00 00;Ïðîâåðêà íàëè÷èÿ îò÷óæäàåìûõ íîñèòåëåé| ñîäåðæàùèõ ÄÝÂ;;;Ðåãèñòðàöèÿ;ÅÕ;41,314;RUCH
ÎÑÖ Âîðîíåæ;Àðõèâ ¹1 Âîðîíåæ;SR 323 000 00 00;Ïðîâåðêà íàëè÷èÿ îò÷óæäàåìûõ íîñèòåëåé| ñîäåðæàùèõ ÄÝÂ;;;Ðåãèñòðàöèÿ;ÅÕ;41,314;RUCH
ÎÑÖ Âîðîíåæ;Àðõèâ ¹3 Êàëèíèíãðàä;SR 323 000 00 00;Ïðîâåðêà íàëè÷èÿ îò÷óæäàåìûõ íîñèòåëåé| ñîäåðæàùèõ ÄÝÂ;;;Ðåãèñòðàöèÿ;ÅÕ;41,314;RUCH
ÎÑÖ Âîðîíåæ;Àðõèâ ¹4 Ñàíêò-Ïåòåðáóðã;SR 323 000 00 00;Ïðîâåðêà íàëè÷èÿ îò÷óæäàåìûõ íîñèòåëåé| ñîäåðæàùèõ ÄÝÂ;;;Ðåãèñòðàöèÿ;ÅÕ;41,314;RUCH
ÎÑÖ Ìîñêâà;Àðõèâ ¹1 Òîìèëèíî;SR 323 000 00 00;Ïðîâåðêà íàëè÷èÿ îò÷óæäàåìûõ íîñèòåëåé| ñîäåðæàùèõ ÄÝÂ;;;Ðåãèñòðàöèÿ;ÅÕ;41,314;RUCH
ÎÑÖ Íîâîñèáèðñê;Àðõèâ ¹1 Íîâîñèáèðñê;SR 323 000 00 00;Ïðîâåðêà íàëè÷èÿ îò÷óæäàåìûõ íîñèòåëåé| ñîäåðæàùèõ ÄÝÂ;;;Ðåãèñòðàöèÿ;ÅÕ;41,314;RUCH
ÎÑÖ Íîâîñèáèðñê;Àðõèâ ¹3 Åêàòåðèíáóðã;SR 323 000 00 00;Ïðîâåðêà íàëè÷èÿ îò÷óæäàåìûõ íîñèòåëåé| ñîäåðæàùèõ ÄÝÂ;;;Ðåãèñòðàöèÿ;ÅÕ;41,314;RUCH
ÎÑÖ Ñàìàðà;Àðõèâ ¹1 Ñàìàðà;SR 323 000 00 00;Ïðîâåðêà íàëè÷èÿ îò÷óæäàåìûõ íîñèòåëåé| ñîäåðæàùèõ ÄÝÂ;;;Ðåãèñòðàöèÿ;ÅÕ;41,314;RUCH
ÎÑÖ Ìîñêâà;Àðõèâ ¹1 Òîìèëèíî;BX 0176 000 00 01;ÀÊ èçúÿò ñ õðàíåíèÿ â àâòîìàòèçèðîâàííîì õðàíèëèùå;-;00;Ëîãèñòèêà;êîðîá;22,951;AUTO
ÎÑÖ Âîðîíåæ;Âíå ïîäðàçäåëåíèé;PR 018 000 00 01;Ïðîåêò_Ñáîð ñòàòèñòèêè îá îòêëîíåíèÿõ| âûÿâëåííûõ ïðè ðåãèñòðàöèè äîêóìåíòîâ âêëàäîâ| ÊÁÊ| ÄÁÎ;;;Ïðîåêòû;îøèáêà/ïîçèöèÿ;0;RUCH
ÎÑÖ Âîðîíåæ;Àðõèâ ¹1 Âîðîíåæ;PR 018 000 00 01;Ïðîåêò_Ñáîð ñòàòèñòèêè îá îòêëîíåíèÿõ| âûÿâëåííûõ ïðè ðåãèñòðàöèè äîêóìåíòîâ âêëàäîâ| ÊÁÊ| ÄÁÎ;;;Ïðîåêòû;îøèáêà/ïîçèöèÿ;50,005;RUCH
ÎÑÖ Âîðîíåæ;Àðõèâ ¹3 Êàëèíèíãðàä;PR 018 000 00 01;Ïðîåêò_Ñáîð ñòàòèñòèêè îá îòêëîíåíèÿõ| âûÿâëåííûõ ïðè ðåãèñòðàöèè äîêóìåíòîâ âêëàäîâ| ÊÁÊ| ÄÁÎ;;;Ïðîåêòû;îøèáêà/ïîçèöèÿ;55,623;RUCH
ÎÑÖ Âîðîíåæ;Àðõèâ ¹4 Ñàíêò-Ïåòåðáóðã;PR 018 000 00 01;Ïðîåêò_Ñáîð ñòàòèñòèêè îá îòêëîíåíèÿõ| âûÿâëåííûõ ïðè ðåãèñòðàöèè äîêóìåíòîâ âêëàäîâ| ÊÁÊ| ÄÁÎ;;;Ïðîåêòû;îøèáêà/ïîçèöèÿ;51,466;RUCH
ÎÑÖ Ìîñêâà;Âíå ïîäðàçäåëåíèé;PR 018 000 00 01;Ïðîåêò_Ñáîð ñòàòèñòèêè îá îòêëîíåíèÿõ| âûÿâëåííûõ ïðè ðåãèñòðàöèè äîêóìåíòîâ âêëàäîâ| ÊÁÊ| ÄÁÎ;;;Ïðîåêòû;îøèáêà/ïîçèöèÿ;0;RUCH
ÎÑÖ Ìîñêâà;Àðõèâ ¹1 Òîìèëèíî;PR 018 000 00 01;Ïðîåêò_Ñáîð ñòàòèñòèêè îá îòêëîíåíèÿõ| âûÿâëåííûõ ïðè ðåãèñòðàöèè äîêóìåíòîâ âêëàäîâ| ÊÁÊ| ÄÁÎ;;;Ïðîåêòû;îøèáêà/ïîçèöèÿ;56,133;RUCH
ÎÑÖ Íèæíèé Íîâãîðîä;Âíå ïîäðàçäåëåíèé;PR 018 000 00 01;Ïðîåêò_Ñáîð ñòàòèñòèêè îá îòêëîíåíèÿõ| âûÿâëåííûõ ïðè ðåãèñòðàöèè äîêóìåíòîâ âêëàäîâ| ÊÁÊ| ÄÁÎ;;;Ïðîåêòû;îøèáêà/ïîçèöèÿ;0;RUCH
ÎÑÖ Íèæíèé Íîâãîðîä;Àðõèâ ¹1 Íèæíèé Íîâãîðîä;PR 018 000 00 01;Ïðîåêò_Ñáîð ñòàòèñòèêè îá îòêëîíåíèÿõ| âûÿâëåííûõ ïðè ðåãèñòðàöèè äîêóìåíòîâ âêëàäîâ| ÊÁÊ| ÄÁÎ;;;Ïðîåêòû;îøèáêà/ïîçèöèÿ;59,949;RUCH
ÎÑÖ Íîâîñèáèðñê;Âíå ïîäðàçäåëåíèé;PR 018 000 00 01;Ïðîåêò_Ñáîð ñòàòèñòèêè îá îòêëîíåíèÿõ| âûÿâëåííûõ ïðè ðåãèñòðàöèè äîêóìåíòîâ âêëàäîâ| ÊÁÊ| ÄÁÎ;;;Ïðîåêòû;îøèáêà/ïîçèöèÿ;0;RUCH
ÎÑÖ Íîâîñèáèðñê;Àðõèâ ¹1 Íîâîñèáèðñê;PR 018 000 00 01;Ïðîåêò_Ñáîð ñòàòèñòèêè îá îòêëîíåíèÿõ| âûÿâëåííûõ ïðè ðåãèñòðàöèè äîêóìåíòîâ âêëàäîâ| ÊÁÊ| ÄÁÎ;;;Ïðîåêòû;îøèáêà/ïîçèöèÿ;50,37;RUCH
ÎÑÖ Íîâîñèáèðñê;Àðõèâ ¹3 Åêàòåðèíáóðã;PR 018 000 00 01;Ïðîåêò_Ñáîð ñòàòèñòèêè îá îòêëîíåíèÿõ| âûÿâëåííûõ ïðè ðåãèñòðàöèè äîêóìåíòîâ âêëàäîâ| ÊÁÊ| ÄÁÎ;;;Ïðîåêòû;îøèáêà/ïîçèöèÿ;55,949;RUCH
ÎÑÖ Ñàìàðà;Âíå ïîäðàçäåëåíèé;PR 018 000 00 01;Ïðîåêò_Ñáîð ñòàòèñòèêè îá îòêëîíåíèÿõ| âûÿâëåííûõ ïðè ðåãèñòðàöèè äîêóìåíòîâ âêëàäîâ| ÊÁÊ| ÄÁÎ;;;Ïðîåêòû;îøèáêà/ïîçèöèÿ;0;RUCH
ÎÑÖ Ñàìàðà;Àðõèâ ¹1 Ñàìàðà;PR 018 000 00 01;Ïðîåêò_Ñáîð ñòàòèñòèêè îá îòêëîíåíèÿõ| âûÿâëåííûõ ïðè ðåãèñòðàöèè äîêóìåíòîâ âêëàäîâ| ÊÁÊ| ÄÁÎ;;;Ïðîåêòû;îøèáêà/ïîçèöèÿ;55,531;RUCH
ÎÑÖ Íèæíèé Íîâãîðîä;Àðõèâ ¹1 Íèæíèé Íîâãîðîä;KS 011 000 00 00;Îòâåò íà âîïðîñ| ïîëó÷åííûé â îáñóæäåíèÿõ;;;ÑÏÀÑ;îáðàùåíèå;194,5;RUCH
ÎÑÖ Ìîñêâà;Àðõèâ ¹1 Òîìèëèíî;RG 0001 311 00 03;ÊÀÄÐÎÂÛÅ ÄÎÊÓÌÅÍÒÛ ÓÊ ÏÅÐÂÀß;;311;Ðåãèñòðàöèÿ;äîñüå;88,333;AUTO
ÎÑÖ Íèæíèé Íîâãîðîä;Àðõèâ ¹1 Íèæíèé Íîâãîðîä;KS 012 000 00 00;"""Ïîäãîòîâêà îòâåòà äëÿ çàêðûòèÿ îáðàùåíèÿ ïî øàáëîíó ""Êîíñóëüòàöèÿ ïî ïåðåäà÷å äåéñòâóþùèõ äîñüå íà õðàíåíèå""";;;ÑÏÀÑ;îáðàùåíèå;190,367;RUCH
ÎÑÖ Íèæíèé Íîâãîðîä;Àðõèâ ¹1 Íèæíèé Íîâãîðîä;KS 013 000 00 00;"""Ïîäãîòîâêà îòâåòà äëÿ çàêðûòèÿ îáðàùåíèÿ ïî øàáëîíó ""Êîíñóëüòàöèÿ ïî ïîðÿäêó îôîðìëåíèÿ/èñïîëíåíèÿ çàïðîñîâ â Àðõèâ""";;;ÑÏÀÑ;îáðàùåíèå;168,7;RUCH
ÎÑÖ Íèæíèé Íîâãîðîä;Àðõèâ ¹1 Íèæíèé Íîâãîðîä;KS 014 000 00 00;"""Ïîäãîòîâêà îòâåòà äëÿ çàêðûòèÿ îáðàùåíèÿ ïî øàáëîíó ""Êîíñóëüòàöèÿ ïî ïåðåäà÷å äîêóìåíòîâ| çàâåðøåííûõ äåëîïðîèçâîäñòâîì""";;;ÑÏÀÑ;îáðàùåíèå;152,6;RUCH
ÎÑÖ Íèæíèé Íîâãîðîä;Àðõèâ ¹1 Íèæíèé Íîâãîðîä;KS 015 000 00 00;"""Ïîäãîòîâêà îòâåòà äëÿ çàêðûòèÿ îáðàùåíèÿ ïî øàáëîíó ""Êîíñóëüòàöèÿ ïî àðõèâíîìó ñåðâèñó""";;;ÑÏÀÑ;îáðàùåíèå;191,7;RUCH
ÎÑÖ Âîðîíåæ;Âíå ïîäðàçäåëåíèé;ZO 000 000 00 02;Èñïîëíåíèå çàïðîñà 2-îé ëèíèåé ïîääåðæêè;-;00;Êîíñóëüòèðîâàíèå;îáðàùåíèå;0;AUTO
ÎÑÖ Âîðîíåæ;Àðõèâ ¹1 Âîðîíåæ;ZO 000 000 00 02;Èñïîëíåíèå çàïðîñà 2-îé ëèíèåé ïîääåðæêè;-;00;Êîíñóëüòèðîâàíèå;îáðàùåíèå;433,125;AUTO
ÎÑÖ Âîðîíåæ;Àðõèâ ¹3 Êàëèíèíãðàä;ZO 000 000 00 02;Èñïîëíåíèå çàïðîñà 2-îé ëèíèåé ïîääåðæêè;-;00;Êîíñóëüòèðîâàíèå;îáðàùåíèå;433,125;AUTO
ÎÑÖ Âîðîíåæ;Àðõèâ ¹4 Ñàíêò-Ïåòåðáóðã;ZO 000 000 00 02;Èñïîëíåíèå çàïðîñà 2-îé ëèíèåé ïîääåðæêè;-;00;Êîíñóëüòèðîâàíèå;îáðàùåíèå;473;AUTO
ÎÑÖ Ìîñêâà;Âíå ïîäðàçäåëåíèé;ZO 000 000 00 02;Èñïîëíåíèå çàïðîñà 2-îé ëèíèåé ïîääåðæêè;-;00;Êîíñóëüòèðîâàíèå;îáðàùåíèå;0;AUTO
ÎÑÖ Ìîñêâà;Àðõèâ ¹1 Òîìèëèíî;ZO 000 000 00 02;Èñïîëíåíèå çàïðîñà 2-îé ëèíèåé ïîääåðæêè;-;00;Êîíñóëüòèðîâàíèå;îáðàùåíèå;433,125;AUTO
ÎÑÖ Íèæíèé Íîâãîðîä;Âíå ïîäðàçäåëåíèé;ZO 000 000 00 02;Èñïîëíåíèå çàïðîñà 2-îé ëèíèåé ïîääåðæêè;-;00;Êîíñóëüòèðîâàíèå;îáðàùåíèå;0;AUTO
ÎÑÖ Íèæíèé Íîâãîðîä;Àðõèâ ¹1 Íèæíèé Íîâãîðîä;ZO 000 000 00 02;Èñïîëíåíèå çàïðîñà 2-îé ëèíèåé ïîääåðæêè;-;00;Êîíñóëüòèðîâàíèå;îáðàùåíèå;0;AUTO
ÎÑÖ Íîâîñèáèðñê;Âíå ïîäðàçäåëåíèé;ZO 000 000 00 02;Èñïîëíåíèå çàïðîñà 2-îé ëèíèåé ïîääåðæêè;-;00;Êîíñóëüòèðîâàíèå;îáðàùåíèå;0;AUTO
ÎÑÖ Íîâîñèáèðñê;Àðõèâ ¹1 Íîâîñèáèðñê;ZO 000 000 00 02;Èñïîëíåíèå çàïðîñà 2-îé ëèíèåé ïîääåðæêè;-;00;Êîíñóëüòèðîâàíèå;îáðàùåíèå;431,231;AUTO
ÎÑÖ Íîâîñèáèðñê;Àðõèâ ¹3 Åêàòåðèíáóðã;ZO 000 000 00 02;Èñïîëíåíèå çàïðîñà 2-îé ëèíèåé ïîääåðæêè;-;00;Êîíñóëüòèðîâàíèå;îáðàùåíèå;438,4;AUTO
ÎÑÖ Ñàìàðà;Âíå ïîäðàçäåëåíèé;ZO 000 000 00 02;Èñïîëíåíèå çàïðîñà 2-îé ëèíèåé ïîääåðæêè;-;00;Êîíñóëüòèðîâàíèå;îáðàùåíèå;0;AUTO
ÎÑÖ Ñàìàðà;Àðõèâ ¹1 Ñàìàðà;ZO 000 000 00 02;Èñïîëíåíèå çàïðîñà 2-îé ëèíèåé ïîääåðæêè;-;00;Êîíñóëüòèðîâàíèå;îáðàùåíèå;433,125;AUTO
ÎÑÖ Âîðîíåæ;Àðõèâ ¹1 Âîðîíåæ;SS 097 000 00 00;Èçãîòîâëåíèå áóìàæíîé êîïèè (ðàñïå÷àòêà äîêóìåíòà| ïðîøèâ ñòðàíèö| ïðîêëåéêà| ïðîñòàâëåíèå ïå÷àòè);-;00;Çàïðîñû;ñòðàíèöà;175,781;RUCH
ÎÑÖ Âîðîíåæ;Àðõèâ ¹3 Êàëèíèíãðàä;SS 097 000 00 00;Èçãîòîâëåíèå áóìàæíîé êîïèè (ðàñïå÷àòêà äîêóìåíòà| ïðîøèâ ñòðàíèö| ïðîêëåéêà| ïðîñòàâëåíèå ïå÷àòè);-;00;Çàïðîñû;ñòðàíèöà;154,946;RUCH
ÎÑÖ Âîðîíåæ;Àðõèâ ¹4 Ñàíêò-Ïåòåðáóðã;SS 097 000 00 00;Èçãîòîâëåíèå áóìàæíîé êîïèè (ðàñïå÷àòêà äîêóìåíòà| ïðîøèâ ñòðàíèö| ïðîêëåéêà| ïðîñòàâëåíèå ïå÷àòè);-;00;Çàïðîñû;ñòðàíèöà;161,703;RUCH
ÎÑÖ Ìîñêâà;Àðõèâ ¹1 Òîìèëèíî;SS 097 000 00 00;Èçãîòîâëåíèå áóìàæíîé êîïèè (ðàñïå÷àòêà äîêóìåíòà| ïðîøèâ ñòðàíèö| ïðîêëåéêà| ïðîñòàâëåíèå ïå÷àòè);-;00;Çàïðîñû;ñòðàíèöà;162,929;RUCH
ÎÑÖ Íèæíèé Íîâãîðîä;Àðõèâ ¹1 Íèæíèé Íîâãîðîä;SS 097 000 00 00;Èçãîòîâëåíèå áóìàæíîé êîïèè (ðàñïå÷àòêà äîêóìåíòà| ïðîøèâ ñòðàíèö| ïðîêëåéêà| ïðîñòàâëåíèå ïå÷àòè);-;00;Çàïðîñû;ñòðàíèöà;172,767;RUCH
ÎÑÖ Íîâîñèáèðñê;Àðõèâ ¹1 Íîâîñèáèðñê;SS 097 000 00 00;Èçãîòîâëåíèå áóìàæíîé êîïèè (ðàñïå÷àòêà äîêóìåíòà| ïðîøèâ ñòðàíèö| ïðîêëåéêà| ïðîñòàâëåíèå ïå÷àòè);-;00;Çàïðîñû;ñòðàíèöà;162,857;RUCH
ÎÑÖ Íîâîñèáèðñê;Àðõèâ ¹3 Åêàòåðèíáóðã;SS 097 000 00 00;Èçãîòîâëåíèå áóìàæíîé êîïèè (ðàñïå÷àòêà äîêóìåíòà| ïðîøèâ ñòðàíèö| ïðîêëåéêà| ïðîñòàâëåíèå ïå÷àòè);-;00;Çàïðîñû;ñòðàíèöà;162,167;RUCH
ÎÑÖ Ñàìàðà;Àðõèâ ¹1 Ñàìàðà;SS 097 000 00 00;Èçãîòîâëåíèå áóìàæíîé êîïèè (ðàñïå÷àòêà äîêóìåíòà| ïðîøèâ ñòðàíèö| ïðîêëåéêà| ïðîñòàâëåíèå ïå÷àòè);-;00;Çàïðîñû;ñòðàíèöà;161,887;RUCH
ÎÑÖ Âîðîíåæ;Àðõèâ ¹1 Âîðîíåæ;SS 000 000 00 00;Ñâåðêà ñòðîê ðàáî÷åãî Àêòà ñ Ïåðå÷íåì 1350-4;;;Ðåãèñòðàöèÿ;ñòðîêà;100,186;RUCH
ÎÑÖ Âîðîíåæ;Àðõèâ ¹3 Êàëèíèíãðàä;SS 000 000 00 00;Ñâåðêà ñòðîê ðàáî÷åãî Àêòà ñ Ïåðå÷íåì 1350-4;;;Ðåãèñòðàöèÿ;ñòðîêà;92,812;RUCH
ÎÑÖ Âîðîíåæ;Àðõèâ ¹4 Ñàíêò-Ïåòåðáóðã;SS 000 000 00 00;Ñâåðêà ñòðîê ðàáî÷åãî Àêòà ñ Ïåðå÷íåì 1350-4;;;Ðåãèñòðàöèÿ;ñòðîêà;84,571;RUCH
ÎÑÖ Ìîñêâà;Àðõèâ ¹1 Òîìèëèíî;SS 000 000 00 00;Ñâåðêà ñòðîê ðàáî÷åãî Àêòà ñ Ïåðå÷íåì 1350-4;;;Ðåãèñòðàöèÿ;ñòðîêà;93,967;RUCH
ÎÑÖ Íèæíèé Íîâãîðîä;Àðõèâ ¹1 Íèæíèé Íîâãîðîä;SS 000 000 00 00;Ñâåðêà ñòðîê ðàáî÷åãî Àêòà ñ Ïåðå÷íåì 1350-4;;;Ðåãèñòðàöèÿ;ñòðîêà;90,967;RUCH
ÎÑÖ Íîâîñèáèðñê;Àðõèâ ¹1 Íîâîñèáèðñê;SS 000 000 00 00;Ñâåðêà ñòðîê ðàáî÷åãî Àêòà ñ Ïåðå÷íåì 1350-4;;;Ðåãèñòðàöèÿ;ñòðîêà;85,1;RUCH
ÎÑÖ Íîâîñèáèðñê;Àðõèâ ¹3 Åêàòåðèíáóðã;SS 000 000 00 00;Ñâåðêà ñòðîê ðàáî÷åãî Àêòà ñ Ïåðå÷íåì 1350-4;;;Ðåãèñòðàöèÿ;ñòðîêà;86,433;RUCH
ÎÑÖ Ñàìàðà;Àðõèâ ¹1 Ñàìàðà;SS 000 000 00 00;Ñâåðêà ñòðîê ðàáî÷åãî Àêòà ñ Ïåðå÷íåì 1350-4;;;Ðåãèñòðàöèÿ;ñòðîêà;99,17;RUCH
ÎÑÖ Âîðîíåæ;Àðõèâ ¹1 Âîðîíåæ;AV 000 000 00 00;Àíàëèç è âûáîðêà äîêóìåíòîâ| ïîäëåæàùèõ õðàíåíèþ èç êîðîáîâ;;;Ðåãèñòðàöèÿ;êîðîá;136,033;RUCH
ÎÑÖ Âîðîíåæ;Àðõèâ ¹3 Êàëèíèíãðàä;AV 000 000 00 00;Àíàëèç è âûáîðêà äîêóìåíòîâ| ïîäëåæàùèõ õðàíåíèþ èç êîðîáîâ;;;Ðåãèñòðàöèÿ;êîðîá;137,588;RUCH
ÎÑÖ Âîðîíåæ;Àðõèâ ¹4 Ñàíêò-Ïåòåðáóðã;AV 000 000 00 00;Àíàëèç è âûáîðêà äîêóìåíòîâ| ïîäëåæàùèõ õðàíåíèþ èç êîðîáîâ;;;Ðåãèñòðàöèÿ;êîðîá;129,3;RUCH
ÎÑÖ Ìîñêâà;Àðõèâ ¹1 Òîìèëèíî;AV 000 000 00 00;Àíàëèç è âûáîðêà äîêóìåíòîâ| ïîäëåæàùèõ õðàíåíèþ èç êîðîáîâ;;;Ðåãèñòðàöèÿ;êîðîá;128,867;RUCH
ÎÑÖ Íèæíèé Íîâãîðîä;Àðõèâ ¹1 Íèæíèé Íîâãîðîä;AV 000 000 00 00;Àíàëèç è âûáîðêà äîêóìåíòîâ| ïîäëåæàùèõ õðàíåíèþ èç êîðîáîâ;;;Ðåãèñòðàöèÿ;êîðîá;153,32;RUCH
ÎÑÖ Íîâîñèáèðñê;Àðõèâ ¹1 Íîâîñèáèðñê;AV 000 000 00 00;Àíàëèç è âûáîðêà äîêóìåíòîâ| ïîäëåæàùèõ õðàíåíèþ èç êîðîáîâ;;;Ðåãèñòðàöèÿ;êîðîá;151,091;RUCH
ÎÑÖ Íîâîñèáèðñê;Àðõèâ ¹3 Åêàòåðèíáóðã;AV 000 000 00 00;Àíàëèç è âûáîðêà äîêóìåíòîâ| ïîäëåæàùèõ õðàíåíèþ èç êîðîáîâ;;;Ðåãèñòðàöèÿ;êîðîá;151,1;RUCH
ÎÑÖ Ñàìàðà;Àðõèâ ¹1 Ñàìàðà;AV 000 000 00 00;Àíàëèç è âûáîðêà äîêóìåíòîâ| ïîäëåæàùèõ õðàíåíèþ èç êîðîáîâ;;;Ðåãèñòðàöèÿ;êîðîá;156,12;RUCH
ÎÑÖ Âîðîíåæ;Àðõèâ ¹1 Âîðîíåæ;TU 000 000 00 00;Ïðèåì òðàíñïîðòíûõ óïàêîâîê ñ äîêóìåíòàìè;;;Ðåãèñòðàöèÿ;ÅÕ;3,636;AUTO
ÎÑÖ Âîðîíåæ;Àðõèâ ¹3 Êàëèíèíãðàä;TU 000 000 00 00;Ïðèåì òðàíñïîðòíûõ óïàêîâîê ñ äîêóìåíòàìè;;;Ðåãèñòðàöèÿ;ÅÕ;2,581;AUTO
ÎÑÖ Âîðîíåæ;Àðõèâ ¹4 Ñàíêò-Ïåòåðáóðã;TU 000 000 00 00;Ïðèåì òðàíñïîðòíûõ óïàêîâîê ñ äîêóìåíòàìè;;;Ðåãèñòðàöèÿ;ÅÕ;3,579;AUTO
ÎÑÖ Ìîñêâà;Àðõèâ ¹1 Òîìèëèíî;TU 000 000 00 00;Ïðèåì òðàíñïîðòíûõ óïàêîâîê ñ äîêóìåíòàìè;;;Ðåãèñòðàöèÿ;ÅÕ;0;AUTO
ÎÑÖ Íèæíèé Íîâãîðîä;Àðõèâ ¹1 Íèæíèé Íîâãîðîä;TU 000 000 00 00;Ïðèåì òðàíñïîðòíûõ óïàêîâîê ñ äîêóìåíòàìè;;;Ðåãèñòðàöèÿ;ÅÕ;3,629;AUTO
ÎÑÖ Íîâîñèáèðñê;Àðõèâ ¹1 Íîâîñèáèðñê;TU 000 000 00 00;Ïðèåì òðàíñïîðòíûõ óïàêîâîê ñ äîêóìåíòàìè;;;Ðåãèñòðàöèÿ;ÅÕ;3,425;AUTO
ÎÑÖ Íîâîñèáèðñê;Àðõèâ ¹3 Åêàòåðèíáóðã;TU 000 000 00 00;Ïðèåì òðàíñïîðòíûõ óïàêîâîê ñ äîêóìåíòàìè;;;Ðåãèñòðàöèÿ;ÅÕ;3,636;AUTO
ÎÑÖ Ñàìàðà;Àðõèâ ¹1 Ñàìàðà;TU 000 000 00 00;Ïðèåì òðàíñïîðòíûõ óïàêîâîê ñ äîêóìåíòàìè;;;Ðåãèñòðàöèÿ;ÅÕ;3,635;AUTO
ÎÑÖ Íèæíèé Íîâãîðîä;Àðõèâ ¹1 Íèæíèé Íîâãîðîä;RG 0001 010 01 02;Ðåãèñòðàöèÿ ïî ÁÏ (Îäíîëèñòíûé äîêóìåíò);ÂÑÏ;010;Ðåãèñòðàöèÿ;ØÊ;6,011;AUTO
ÎÑÖ Íèæíèé Íîâãîðîä;Àðõèâ ¹1 Íèæíèé Íîâãîðîä;RG 0001 010 02 02;Ðåãèñòðàöèÿ ïî ÁÏ (Îïèñü);ÂÑÏ;010;Ðåãèñòðàöèÿ;ØÊ;11,492;AUTO
ÎÑÖ Íèæíèé Íîâãîðîä;Àðõèâ ¹1 Íèæíèé Íîâãîðîä;RG 0001 010 00 01;Ðåãèñòðàöèÿ ïî ÁÏ;Ðåã.;010;Ðåãèñòðàöèÿ;ØÊ;19,603;AUTO
ÎÑÖ Íèæíèé Íîâãîðîä;Àðõèâ ¹1 Íèæíèé Íîâãîðîä;RG 0001 010 00 03;Ðåãèñòðàöèÿ ïî ÁÏ;ÂÐÓÊ;010;Ðåãèñòðàöèÿ;ØÊ;88,233;AUTO
ÎÑÖ Âîðîíåæ;Àðõèâ ¹4 Ñàíêò-Ïåòåðáóðã;RG 0001 010 01 02;Ðåãèñòðàöèÿ ïî ÁÏ (Îäíîëèñòíûé äîêóìåíò);ÂÑÏ;010;Ðåãèñòðàöèÿ;ØÊ;5,681;AUTO
ÎÑÖ Âîðîíåæ;Àðõèâ ¹4 Ñàíêò-Ïåòåðáóðã;RG 0001 010 02 02;Ðåãèñòðàöèÿ ïî ÁÏ (Îïèñü);ÂÑÏ;010;Ðåãèñòðàöèÿ;ØÊ;10,928;AUTO
ÎÑÖ Âîðîíåæ;Àðõèâ ¹4 Ñàíêò-Ïåòåðáóðã;RG 0001 010 00 01;Ðåãèñòðàöèÿ ïî ÁÏ;Ðåã.;010;Ðåãèñòðàöèÿ;ØÊ;19,024;AUTO
ÎÑÖ Âîðîíåæ;Àðõèâ ¹4 Ñàíêò-Ïåòåðáóðã;RG 0001 010 00 03;Ðåãèñòðàöèÿ ïî ÁÏ;ÂÐÓÊ;010;Ðåãèñòðàöèÿ;ØÊ;80,206;AUTO
ÎÑÖ Íîâîñèáèðñê;Àðõèâ ¹3 Åêàòåðèíáóðã;RG 0001 010 01 02;Ðåãèñòðàöèÿ ïî ÁÏ (Îäíîëèñòíûé äîêóìåíò);ÂÑÏ;010;Ðåãèñòðàöèÿ;ØÊ;5,545;AUTO
ÎÑÖ Íîâîñèáèðñê;Àðõèâ ¹3 Åêàòåðèíáóðã;RG 0001 010 02 02;Ðåãèñòðàöèÿ ïî ÁÏ (Îïèñü);ÂÑÏ;010;Ðåãèñòðàöèÿ;ØÊ;12,786;AUTO
ÎÑÖ Íîâîñèáèðñê;Àðõèâ ¹3 Åêàòåðèíáóðã;RG 0001 010 00 01;Ðåãèñòðàöèÿ ïî ÁÏ;Ðåã.;010;Ðåãèñòðàöèÿ;ØÊ;16,839;AUTO
ÎÑÖ Íîâîñèáèðñê;Àðõèâ ¹3 Åêàòåðèíáóðã;RG 0001 010 00 03;Ðåãèñòðàöèÿ ïî ÁÏ;ÂÐÓÊ;010;Ðåãèñòðàöèÿ;ØÊ;75;AUTO
ÎÑÖ Âîðîíåæ;Àðõèâ ¹3 Êàëèíèíãðàä;RG 0001 010 01 02;Ðåãèñòðàöèÿ ïî ÁÏ (Îäíîëèñòíûé äîêóìåíò);ÂÑÏ;010;Ðåãèñòðàöèÿ;ØÊ;5,738;AUTO
ÎÑÖ Âîðîíåæ;Àðõèâ ¹3 Êàëèíèíãðàä;RG 0001 010 02 02;Ðåãèñòðàöèÿ ïî ÁÏ (Îïèñü);ÂÑÏ;010;Ðåãèñòðàöèÿ;ØÊ;11,426;AUTO
ÎÑÖ Âîðîíåæ;Àðõèâ ¹3 Êàëèíèíãðàä;RG 0001 010 00 01;Ðåãèñòðàöèÿ ïî ÁÏ;Ðåã.;010;Ðåãèñòðàöèÿ;ØÊ;18,233;AUTO
ÎÑÖ Âîðîíåæ;Àðõèâ ¹3 Êàëèíèíãðàä;RG 0001 010 00 03;Ðåãèñòðàöèÿ ïî ÁÏ;ÂÐÓÊ;010;Ðåãèñòðàöèÿ;ØÊ;79,467;AUTO
ÎÑÖ Ìîñêâà;Àðõèâ ¹1 Òîìèëèíî;RG 0001 010 01 02;Ðåãèñòðàöèÿ ïî ÁÏ (Îäíîëèñòíûé äîêóìåíò);ÂÑÏ;010;Ðåãèñòðàöèÿ;ØÊ;4,818;AUTO
ÎÑÖ Ìîñêâà;Àðõèâ ¹1 Òîìèëèíî;RG 0001 010 02 02;Ðåãèñòðàöèÿ ïî ÁÏ (Îïèñü);ÂÑÏ;010;Ðåãèñòðàöèÿ;ØÊ;10,435;AUTO
ÎÑÖ Ìîñêâà;Àðõèâ ¹1 Òîìèëèíî;RG 0001 010 00 01;Ðåãèñòðàöèÿ ïî ÁÏ;Ðåã.;010;Ðåãèñòðàöèÿ;ØÊ;19;AUTO
ÎÑÖ Ìîñêâà;Àðõèâ ¹1 Òîìèëèíî;RG 0001 010 00 03;Ðåãèñòðàöèÿ ïî ÁÏ;ÂÐÓÊ;010;Ðåãèñòðàöèÿ;ØÊ;74,469;AUTO
ÎÑÖ Ñàìàðà;Àðõèâ ¹1 Ñàìàðà;RG 0001 010 01 02;Ðåãèñòðàöèÿ ïî ÁÏ (Îäíîëèñòíûé äîêóìåíò);ÂÑÏ;010;Ðåãèñòðàöèÿ;ØÊ;5,9;AUTO
ÎÑÖ Ñàìàðà;Àðõèâ ¹1 Ñàìàðà;RG 0001 010 02 02;Ðåãèñòðàöèÿ ïî ÁÏ (Îïèñü);ÂÑÏ;010;Ðåãèñòðàöèÿ;ØÊ;13,193;AUTO
ÎÑÖ Ñàìàðà;Àðõèâ ¹1 Ñàìàðà;RG 0001 010 00 01;Ðåãèñòðàöèÿ ïî ÁÏ;Ðåã.;010;Ðåãèñòðàöèÿ;ØÊ;16,335;AUTO
ÎÑÖ Ñàìàðà;Àðõèâ ¹1 Ñàìàðà;RG 0001 010 00 03;Ðåãèñòðàöèÿ ïî ÁÏ;ÂÐÓÊ;010;Ðåãèñòðàöèÿ;ØÊ;81,538;AUTO
ÎÑÖ Âîðîíåæ;Àðõèâ ¹1 Âîðîíåæ;RG 0001 010 01 02;Ðåãèñòðàöèÿ ïî ÁÏ (Îäíîëèñòíûé äîêóìåíò);ÂÑÏ;010;Ðåãèñòðàöèÿ;ØÊ;6,132;AUTO
ÎÑÖ Âîðîíåæ;Àðõèâ ¹1 Âîðîíåæ;RG 0001 010 02 02;Ðåãèñòðàöèÿ ïî ÁÏ (Îïèñü);ÂÑÏ;010;Ðåãèñòðàöèÿ;ØÊ;13,074;AUTO
ÎÑÖ Âîðîíåæ;Àðõèâ ¹1 Âîðîíåæ;RG 0001 010 00 01;Ðåãèñòðàöèÿ ïî ÁÏ;Ðåã.;010;Ðåãèñòðàöèÿ;ØÊ;18,233;AUTO
ÎÑÖ Âîðîíåæ;Àðõèâ ¹1 Âîðîíåæ;RG 0001 010 00 03;Ðåãèñòðàöèÿ ïî ÁÏ;ÂÐÓÊ;010;Ðåãèñòðàöèÿ;ØÊ;83,433;AUTO
ÎÑÖ Íîâîñèáèðñê;Àðõèâ ¹1 Íîâîñèáèðñê;RG 0001 010 01 02;Ðåãèñòðàöèÿ ïî ÁÏ (Îäíîëèñòíûé äîêóìåíò);ÂÑÏ;010;Ðåãèñòðàöèÿ;ØÊ;5,393;AUTO
ÎÑÖ Íîâîñèáèðñê;Àðõèâ ¹1 Íîâîñèáèðñê;RG 0001 010 02 02;Ðåãèñòðàöèÿ ïî ÁÏ (Îïèñü);ÂÑÏ;010;Ðåãèñòðàöèÿ;ØÊ;11,441;AUTO
ÎÑÖ Íîâîñèáèðñê;Àðõèâ ¹1 Íîâîñèáèðñê;RG 0001 010 00 01;Ðåãèñòðàöèÿ ïî ÁÏ;Ðåã.;010;Ðåãèñòðàöèÿ;ØÊ;16,623;AUTO
ÎÑÖ Íîâîñèáèðñê;Àðõèâ ¹1 Íîâîñèáèðñê;RG 0001 010 00 03;Ðåãèñòðàöèÿ ïî ÁÏ;ÂÐÓÊ;010;Ðåãèñòðàöèÿ;ØÊ;77,323;AUTO
ÎÑÖ Íèæíèé Íîâãîðîä;Àðõèâ ¹1 Íèæíèé Íîâãîðîä;RG 0001 265 01 02;Ðåãèñòðàöèÿ ïî ÁÏ (Îäíîëèñòíûé äîêóìåíò);ÂÑÏ;265;Ðåãèñòðàöèÿ;ØÊ;6,029;AUTO
ÎÑÖ Âîðîíåæ;Àðõèâ ¹4 Ñàíêò-Ïåòåðáóðã;RG 0001 265 01 02;Ðåãèñòðàöèÿ ïî ÁÏ (Îäíîëèñòíûé äîêóìåíò);ÂÑÏ;265;Ðåãèñòðàöèÿ;ØÊ;6,541;AUTO
ÎÑÖ Íîâîñèáèðñê;Àðõèâ ¹3 Åêàòåðèíáóðã;RG 0001 265 01 02;Ðåãèñòðàöèÿ ïî ÁÏ (Îäíîëèñòíûé äîêóìåíò);ÂÑÏ;265;Ðåãèñòðàöèÿ;ØÊ;6;AUTO
ÎÑÖ Âîðîíåæ;Àðõèâ ¹3 Êàëèíèíãðàä;RG 0001 265 01 02;Ðåãèñòðàöèÿ ïî ÁÏ (Îäíîëèñòíûé äîêóìåíò);ÂÑÏ;265;Ðåãèñòðàöèÿ;ØÊ;5,679;AUTO
ÎÑÖ Ìîñêâà;Àðõèâ ¹1 Òîìèëèíî;RG 0001 265 01 02;Ðåãèñòðàöèÿ ïî ÁÏ (Îäíîëèñòíûé äîêóìåíò);ÂÑÏ;265;Ðåãèñòðàöèÿ;ØÊ;5,329;AUTO
ÎÑÖ Ñàìàðà;Àðõèâ ¹1 Ñàìàðà;RG 0001 265 01 02;Ðåãèñòðàöèÿ ïî ÁÏ (Îäíîëèñòíûé äîêóìåíò);ÂÑÏ;265;Ðåãèñòðàöèÿ;ØÊ;6,4;AUTO
ÎÑÖ Âîðîíåæ;Àðõèâ ¹1 Âîðîíåæ;RG 0001 265 01 02;Ðåãèñòðàöèÿ ïî ÁÏ (Îäíîëèñòíûé äîêóìåíò);ÂÑÏ;265;Ðåãèñòðàöèÿ;ØÊ;5,967;AUTO
ÎÑÖ Íîâîñèáèðñê;Àðõèâ ¹1 Íîâîñèáèðñê;RG 0001 265 01 02;Ðåãèñòðàöèÿ ïî ÁÏ (Îäíîëèñòíûé äîêóìåíò);ÂÑÏ;265;Ðåãèñòðàöèÿ;ØÊ;6,073;AUTO
ÎÑÖ Íèæíèé Íîâãîðîä;Àðõèâ ¹1 Íèæíèé Íîâãîðîä;RG 0001 265 02 02;Ðåãèñòðàöèÿ ïî ÁÏ (Îïèñü);ÂÑÏ;265;Ðåãèñòðàöèÿ;ØÊ;11,06;AUTO
ÎÑÖ Âîðîíåæ;Àðõèâ ¹4 Ñàíêò-Ïåòåðáóðã;RG 0001 265 02 02;Ðåãèñòðàöèÿ ïî ÁÏ (Îïèñü);ÂÑÏ;265;Ðåãèñòðàöèÿ;ØÊ;11,8;AUTO
ÎÑÖ Íîâîñèáèðñê;Àðõèâ ¹3 Åêàòåðèíáóðã;RG 0001 265 02 02;Ðåãèñòðàöèÿ ïî ÁÏ (Îïèñü);ÂÑÏ;265;Ðåãèñòðàöèÿ;ØÊ;12,1;AUTO
ÎÑÖ Âîðîíåæ;Àðõèâ ¹3 Êàëèíèíãðàä;RG 0001 265 02 02;Ðåãèñòðàöèÿ ïî ÁÏ (Îïèñü);ÂÑÏ;265;Ðåãèñòðàöèÿ;ØÊ;11,606;AUTO
ÎÑÖ Ìîñêâà;Àðõèâ ¹1 Òîìèëèíî;RG 0001 265 02 02;Ðåãèñòðàöèÿ ïî ÁÏ (Îïèñü);ÂÑÏ;265;Ðåãèñòðàöèÿ;ØÊ;10,226;AUTO
ÎÑÖ Ñàìàðà;Àðõèâ ¹1 Ñàìàðà;RG 0001 265 02 02;Ðåãèñòðàöèÿ ïî ÁÏ (Îïèñü);ÂÑÏ;265;Ðåãèñòðàöèÿ;ØÊ;12,417;AUTO
ÎÑÖ Âîðîíåæ;Àðõèâ ¹1 Âîðîíåæ;RG 0001 265 02 02;Ðåãèñòðàöèÿ ïî ÁÏ (Îïèñü);ÂÑÏ;265;Ðåãèñòðàöèÿ;ØÊ;11,697;AUTO
ÎÑÖ Íîâîñèáèðñê;Àðõèâ ¹1 Íîâîñèáèðñê;RG 0001 265 02 02;Ðåãèñòðàöèÿ ïî ÁÏ (Îïèñü);ÂÑÏ;265;Ðåãèñòðàöèÿ;ØÊ;11,865;AUTO
ÎÑÖ Ñàìàðà;Àðõèâ ¹1 Ñàìàðà;SR 324 000 00 00;Ñîðòèðîâêà äîêóìåíòîâ ïîäëåæàùèõ óíè÷òîæåíèþ;;;Ðåãèñòðàöèÿ;ÀÊ;2236,267;RUCH
ÎÑÖ Ñàìàðà;Àðõèâ ¹1 Ñàìàðà;SR 325 000 00 00;Øðåäèðîâàíèå;;;Ðåãèñòðàöèÿ;ÀÊ;2510,1;RUCH
ÎÑÖ Íèæíèé Íîâãîðîä;Àðõèâ ¹1 Íèæíèé Íîâãîðîä;SR 326 000 00 00;Ñîðòèðîâêà ÑÄÄ;;;Ðåãèñòðàöèÿ;ØÊ;51,675;RUCH
ÎÑÖ Íèæíèé Íîâãîðîä;Àðõèâ ¹1 Íèæíèé Íîâãîðîä;SZ 210 000 00 00;Îïðåäåëåíèå êîëè÷åñòâà êàðòðèäæåé äëÿ ïðîâåðêè;;;Çàïðîñû;êàðòðèäæ;92,299;RUCH
ÎÑÖ Íèæíèé Íîâãîðîä;Àðõèâ ¹1 Íèæíèé Íîâãîðîä;SZ 211 000 00 00;Ñîãëàñîâàíèå ïðîâåðêè ñ ïîäðàçäåëåíèÿìè Áàíêà;;;Çàïðîñû;ñîîáùåíèå;188,567;RUCH
ÎÑÖ Íèæíèé Íîâãîðîä;Àðõèâ ¹1 Íèæíèé Íîâãîðîä;SZ 212 000 00 00;Çàãðóçêà/âûãðóçêà êàðòðèäæåé â ðåçåðâíóþ áèáëèîòåêó;;;Çàïðîñû;êàðòðèäæ;120,03;RUCH
ÎÑÖ Íèæíèé Íîâãîðîä;Àðõèâ ¹1 Íèæíèé Íîâãîðîä;SZ 213 000 00 00;Çàïóñê ïðîâåðêè ñîñòîÿíèÿ êàðòðèäæåé â ÀÑ ÀÁÝÄ è ìîíèòîðèíã;;;Çàïðîñû;ñîîáùåíèå;132,767;RUCH
ÎÑÖ Íèæíèé Íîâãîðîä;Àðõèâ ¹1 Íèæíèé Íîâãîðîä;SZ 214 000 00 00;Èòîãîâûå ìåðîïðèÿòèÿ ïðîâåðêè êàðòðèäæà;;;Çàïðîñû;àêò;143,412;RUCH
ÎÑÖ Ìîñêâà;Àðõèâ ¹1 Òîìèëèíî;SZ 215 000 00 00;Âûãðóçêà ÝÃÎ íà ðåñóðñ;;;Çàïðîñû;Ôàéë;75,178;RUCH
ÎÑÖ Íèæíèé Íîâãîðîä;Âíå ïîäðàçäåëåíèé;SZ 215 000 00 00;Âûãðóçêà ÝÃÎ íà ðåñóðñ;;;Çàïðîñû;Ôàéë;0;RUCH
ÎÑÖ Íèæíèé Íîâãîðîä;Àðõèâ ¹1 Íèæíèé Íîâãîðîä;SZ 215 000 00 00;Âûãðóçêà ÝÃÎ íà ðåñóðñ;;;Çàïðîñû;Ôàéë;85,823;RUCH
ÎÑÖ Íîâîñèáèðñê;Âíå ïîäðàçäåëåíèé;SZ 215 000 00 00;Âûãðóçêà ÝÃÎ íà ðåñóðñ;;;Çàïðîñû;Ôàéë;0;RUCH
ÎÑÖ Íîâîñèáèðñê;Àðõèâ ¹1 Íîâîñèáèðñê;SZ 215 000 00 00;Âûãðóçêà ÝÃÎ íà ðåñóðñ;;;Çàïðîñû;Ôàéë;81,169;RUCH
ÎÑÖ Ñàìàðà;Âíå ïîäðàçäåëåíèé;SZ 215 000 00 00;Âûãðóçêà ÝÃÎ íà ðåñóðñ;;;Çàïðîñû;Ôàéë;0;RUCH
ÎÑÖ Íîâîñèáèðñê;Àðõèâ ¹3 Åêàòåðèíáóðã;SZ 215 000 00 00;Âûãðóçêà ÝÃÎ íà ðåñóðñ;;;Çàïðîñû;Ôàéë;80,881;RUCH
ÎÑÖ Ñàìàðà;Àðõèâ ¹1 Ñàìàðà;SZ 215 000 00 00;Âûãðóçêà ÝÃÎ íà ðåñóðñ;;;Çàïðîñû;Ôàéë;75,423;RUCH
ÎÑÖ Âîðîíåæ;Âíå ïîäðàçäåëåíèé;SZ 215 000 00 00;Âûãðóçêà ÝÃÎ íà ðåñóðñ;;;Çàïðîñû;Ôàéë;0;RUCH
ÎÑÖ Âîðîíåæ;Àðõèâ ¹1 Âîðîíåæ;SZ 215 000 00 00;Âûãðóçêà ÝÃÎ íà ðåñóðñ;;;Çàïðîñû;Ôàéë;86,732;RUCH
ÎÑÖ Âîðîíåæ;Àðõèâ ¹1 Âîðîíåæ;RG 0001 317 01 02;Ðåãèñòðàöèÿ ïî ÁÏ (Îäíîëèñòíûé äîêóìåíò);ÂÑÏ;317;Ðåãèñòðàöèÿ;ØÊ;6,456;AUTO
ÎÑÖ Âîðîíåæ;Àðõèâ ¹3 Êàëèíèíãðàä;RG 0001 317 01 02;Ðåãèñòðàöèÿ ïî ÁÏ (Îäíîëèñòíûé äîêóìåíò);ÂÑÏ;317;Ðåãèñòðàöèÿ;ØÊ;6,28;AUTO
ÎÑÖ Âîðîíåæ;Àðõèâ ¹4 Ñàíêò-Ïåòåðáóðã;RG 0001 317 01 02;Ðåãèñòðàöèÿ ïî ÁÏ (Îäíîëèñòíûé äîêóìåíò);ÂÑÏ;317;Ðåãèñòðàöèÿ;ØÊ;6,001;AUTO
ÎÑÖ Ìîñêâà;Àðõèâ ¹1 Òîìèëèíî;RG 0001 317 01 02;Ðåãèñòðàöèÿ ïî ÁÏ (Îäíîëèñòíûé äîêóìåíò);ÂÑÏ;317;Ðåãèñòðàöèÿ;ØÊ;5,523;AUTO
ÎÑÖ Íèæíèé Íîâãîðîä;Àðõèâ ¹1 Íèæíèé Íîâãîðîä;RG 0001 317 01 02;Ðåãèñòðàöèÿ ïî ÁÏ (Îäíîëèñòíûé äîêóìåíò);ÂÑÏ;317;Ðåãèñòðàöèÿ;ØÊ;6,121;AUTO
ÎÑÖ Íîâîñèáèðñê;Àðõèâ ¹1 Íîâîñèáèðñê;RG 0001 317 01 02;Ðåãèñòðàöèÿ ïî ÁÏ (Îäíîëèñòíûé äîêóìåíò);ÂÑÏ;317;Ðåãèñòðàöèÿ;ØÊ;5,803;AUTO
ÎÑÖ Íîâîñèáèðñê;Àðõèâ ¹3 Åêàòåðèíáóðã;RG 0001 317 01 02;Ðåãèñòðàöèÿ ïî ÁÏ (Îäíîëèñòíûé äîêóìåíò);ÂÑÏ;317;Ðåãèñòðàöèÿ;ØÊ;6,755;AUTO
ÎÑÖ Ñàìàðà;Àðõèâ ¹1 Ñàìàðà;RG 0001 317 01 02;Ðåãèñòðàöèÿ ïî ÁÏ (Îäíîëèñòíûé äîêóìåíò);ÂÑÏ;317;Ðåãèñòðàöèÿ;ØÊ;6,263;AUTO
ÎÑÖ Âîðîíåæ;Àðõèâ ¹1 Âîðîíåæ;RG 0001 317 02 02;Ðåãèñòðàöèÿ ïî ÁÏ (Îïèñü);ÂÑÏ;317;Ðåãèñòðàöèÿ;ØÊ;11,316;AUTO
ÎÑÖ Âîðîíåæ;Àðõèâ ¹3 Êàëèíèíãðàä;RG 0001 317 02 02;Ðåãèñòðàöèÿ ïî ÁÏ (Îïèñü);ÂÑÏ;317;Ðåãèñòðàöèÿ;ØÊ;11,311;AUTO
ÎÑÖ Âîðîíåæ;Àðõèâ ¹4 Ñàíêò-Ïåòåðáóðã;RG 0001 317 02 02;Ðåãèñòðàöèÿ ïî ÁÏ (Îïèñü);ÂÑÏ;317;Ðåãèñòðàöèÿ;ØÊ;10,936;AUTO
ÎÑÖ Ìîñêâà;Àðõèâ ¹1 Òîìèëèíî;RG 0001 317 02 02;Ðåãèñòðàöèÿ ïî ÁÏ (Îïèñü);ÂÑÏ;317;Ðåãèñòðàöèÿ;ØÊ;10,603;AUTO
ÎÑÖ Íèæíèé Íîâãîðîä;Àðõèâ ¹1 Íèæíèé Íîâãîðîä;RG 0001 317 02 02;Ðåãèñòðàöèÿ ïî ÁÏ (Îïèñü);ÂÑÏ;317;Ðåãèñòðàöèÿ;ØÊ;11,065;AUTO
ÎÑÖ Íîâîñèáèðñê;Àðõèâ ¹1 Íîâîñèáèðñê;RG 0001 317 02 02;Ðåãèñòðàöèÿ ïî ÁÏ (Îïèñü);ÂÑÏ;317;Ðåãèñòðàöèÿ;ØÊ;10,475;AUTO
ÎÑÖ Íîâîñèáèðñê;Àðõèâ ¹3 Åêàòåðèíáóðã;RG 0001 317 02 02;Ðåãèñòðàöèÿ ïî ÁÏ (Îïèñü);ÂÑÏ;317;Ðåãèñòðàöèÿ;ØÊ;12,063;AUTO
ÎÑÖ Ñàìàðà;Àðõèâ ¹1 Ñàìàðà;RG 0001 317 02 02;Ðåãèñòðàöèÿ ïî ÁÏ (Îïèñü);ÂÑÏ;317;Ðåãèñòðàöèÿ;ØÊ;10,514;AUTO
ÎÑÖ Âîðîíåæ;Àðõèâ ¹1 Âîðîíåæ;RG 0001 317 00 01;Ðåãèñòðàöèÿ ïî ÁÏ;Ðåã.;317;Ðåãèñòðàöèÿ;ØÊ;21,002;AUTO
ÎÑÖ Âîðîíåæ;Àðõèâ ¹3 Êàëèíèíãðàä;RG 0001 317 00 01;Ðåãèñòðàöèÿ ïî ÁÏ;Ðåã.;317;Ðåãèñòðàöèÿ;ØÊ;20,167;AUTO
ÎÑÖ Âîðîíåæ;Àðõèâ ¹4 Ñàíêò-Ïåòåðáóðã;RG 0001 317 00 01;Ðåãèñòðàöèÿ ïî ÁÏ;Ðåã.;317;Ðåãèñòðàöèÿ;ØÊ;19,024;AUTO
ÎÑÖ Ìîñêâà;Àðõèâ ¹1 Òîìèëèíî;RG 0001 317 00 01;Ðåãèñòðàöèÿ ïî ÁÏ;Ðåã.;317;Ðåãèñòðàöèÿ;ØÊ;19,08;AUTO
ÎÑÖ Íèæíèé Íîâãîðîä;Àðõèâ ¹1 Íèæíèé Íîâãîðîä;RG 0001 317 00 01;Ðåãèñòðàöèÿ ïî ÁÏ;Ðåã.;317;Ðåãèñòðàöèÿ;ØÊ;20,718;AUTO
ÎÑÖ Íîâîñèáèðñê;Àðõèâ ¹1 Íîâîñèáèðñê;RG 0001 317 00 01;Ðåãèñòðàöèÿ ïî ÁÏ;Ðåã.;317;Ðåãèñòðàöèÿ;ØÊ;18,045;AUTO
ÎÑÖ Íîâîñèáèðñê;Àðõèâ ¹3 Åêàòåðèíáóðã;RG 0001 317 00 01;Ðåãèñòðàöèÿ ïî ÁÏ;Ðåã.;317;Ðåãèñòðàöèÿ;ØÊ;19,328;AUTO
ÎÑÖ Ñàìàðà;Àðõèâ ¹1 Ñàìàðà;RG 0001 317 00 01;Ðåãèñòðàöèÿ ïî ÁÏ;Ðåã.;317;Ðåãèñòðàöèÿ;ØÊ;19,714;AUTO
ÎÑÖ Âîðîíåæ;Àðõèâ ¹4 Ñàíêò-Ïåòåðáóðã;SZ 215 000 00 00;Âûãðóçêà ÝÃÎ íà ðåñóðñ;;;Çàïðîñû;Ôàéë;85,598;RUCH
ÎÑÖ Ìîñêâà;Âíå ïîäðàçäåëåíèé;SZ 215 000 00 00;Âûãðóçêà ÝÃÎ íà ðåñóðñ;;;Çàïðîñû;Ôàéë;0;RUCH
ÎÑÖ Âîðîíåæ;Àðõèâ ¹3 Êàëèíèíãðàä;SZ 215 000 00 00;Âûãðóçêà ÝÃÎ íà ðåñóðñ;;;Çàïðîñû;Ôàéë;88,857;RUCH
ÎÑÖ Âîðîíåæ;Àðõèâ ¹1 Âîðîíåæ;SR 327 000 00 00;Ïðîåêò_Êîììóíèêàöèè ïî Outlook;;;Ðåãèñòðàöèÿ;ñîîáùåíèå;191,4;RUCH
ÎÑÖ Âîðîíåæ;Àðõèâ ¹3 Êàëèíèíãðàä;SR 327 000 00 00;Ïðîåêò_Êîììóíèêàöèè ïî Outlook;;;Ðåãèñòðàöèÿ;ñîîáùåíèå;191,167;RUCH
ÎÑÖ Âîðîíåæ;Àðõèâ ¹4 Ñàíêò-Ïåòåðáóðã;SR 327 000 00 00;Ïðîåêò_Êîììóíèêàöèè ïî Outlook;;;Ðåãèñòðàöèÿ;ñîîáùåíèå;160,853;RUCH
ÎÑÖ Ìîñêâà;Àðõèâ ¹1 Òîìèëèíî;SR 327 000 00 00;Ïðîåêò_Êîììóíèêàöèè ïî Outlook;;;Ðåãèñòðàöèÿ;ñîîáùåíèå;191,433;RUCH
ÎÑÖ Íèæíèé Íîâãîðîä;Àðõèâ ¹1 Íèæíèé Íîâãîðîä;SR 327 000 00 00;Ïðîåêò_Êîììóíèêàöèè ïî Outlook;;;Ðåãèñòðàöèÿ;ñîîáùåíèå;180,875;RUCH
ÎÑÖ Íîâîñèáèðñê;Àðõèâ ¹1 Íîâîñèáèðñê;SR 327 000 00 00;Ïðîåêò_Êîììóíèêàöèè ïî Outlook;;;Ðåãèñòðàöèÿ;ñîîáùåíèå;157,167;RUCH
ÎÑÖ Íîâîñèáèðñê;Àðõèâ ¹3 Åêàòåðèíáóðã;SR 327 000 00 00;Ïðîåêò_Êîììóíèêàöèè ïî Outlook;;;Ðåãèñòðàöèÿ;ñîîáùåíèå;173,873;RUCH
ÎÑÖ Ñàìàðà;Àðõèâ ¹1 Ñàìàðà;SR 327 000 00 00;Ïðîåêò_Êîììóíèêàöèè ïî Outlook;;;Ðåãèñòðàöèÿ;ñîîáùåíèå;152,867;RUCH
ÎÑÖ Âîðîíåæ;Àðõèâ ¹1 Âîðîíåæ;SR 328 000 00 00;Ïðîåêò_Êîììóíèêàöèè ïî òåëåôîíó;;;Ðåãèñòðàöèÿ;çâîíîê;303,267;RUCH
ÎÑÖ Âîðîíåæ;Àðõèâ ¹3 Êàëèíèíãðàä;SR 328 000 00 00;Ïðîåêò_Êîììóíèêàöèè ïî òåëåôîíó;;;Ðåãèñòðàöèÿ;çâîíîê;302,01;RUCH
ÎÑÖ Âîðîíåæ;Àðõèâ ¹4 Ñàíêò-Ïåòåðáóðã;SR 328 000 00 00;Ïðîåêò_Êîììóíèêàöèè ïî òåëåôîíó;;;Ðåãèñòðàöèÿ;çâîíîê;324,9;RUCH
ÎÑÖ Ìîñêâà;Àðõèâ ¹1 Òîìèëèíî;SR 328 000 00 00;Ïðîåêò_Êîììóíèêàöèè ïî òåëåôîíó;;;Ðåãèñòðàöèÿ;çâîíîê;300,167;RUCH
ÎÑÖ Íèæíèé Íîâãîðîä;Àðõèâ ¹1 Íèæíèé Íîâãîðîä;SR 328 000 00 00;Ïðîåêò_Êîììóíèêàöèè ïî òåëåôîíó;;;Ðåãèñòðàöèÿ;çâîíîê;307,433;RUCH
ÎÑÖ Íîâîñèáèðñê;Àðõèâ ¹1 Íîâîñèáèðñê;SR 328 000 00 00;Ïðîåêò_Êîììóíèêàöèè ïî òåëåôîíó;;;Ðåãèñòðàöèÿ;çâîíîê;316,8;RUCH
ÎÑÖ Íîâîñèáèðñê;Àðõèâ ¹3 Åêàòåðèíáóðã;SR 328 000 00 00;Ïðîåêò_Êîììóíèêàöèè ïî òåëåôîíó;;;Ðåãèñòðàöèÿ;çâîíîê;305,187;RUCH
ÎÑÖ Ñàìàðà;Àðõèâ ¹1 Ñàìàðà;SR 328 000 00 00;Ïðîåêò_Êîììóíèêàöèè ïî òåëåôîíó;;;Ðåãèñòðàöèÿ;çâîíîê;302,233;RUCH
ÎÑÖ Âîðîíåæ;Àðõèâ ¹1 Âîðîíåæ;SR 0118 000 00 01;Ñâåðêà DR-ðååñòðà;-;00;Ðåãèñòðàöèÿ;ÅÕ;181,31;AUTO
ÎÑÖ Âîðîíåæ;Àðõèâ ¹3 Êàëèíèíãðàä;SR 0118 000 00 01;Ñâåðêà DR-ðååñòðà;-;00;Ðåãèñòðàöèÿ;ÅÕ;174,26;AUTO
ÎÑÖ Âîðîíåæ;Àðõèâ ¹4 Ñàíêò-Ïåòåðáóðã;SR 0118 000 00 01;Ñâåðêà DR-ðååñòðà;-;00;Ðåãèñòðàöèÿ;ÅÕ;122,91;AUTO
ÎÑÖ Ìîñêâà;Àðõèâ ¹1 Òîìèëèíî;SR 0118 000 00 01;Ñâåðêà DR-ðååñòðà;-;00;Ðåãèñòðàöèÿ;ÅÕ;166,981;AUTO
ÎÑÖ Íèæíèé Íîâãîðîä;Àðõèâ ¹1 Íèæíèé Íîâãîðîä;SR 0118 000 00 01;Ñâåðêà DR-ðååñòðà;-;00;Ðåãèñòðàöèÿ;ÅÕ;179,986;AUTO
ÎÑÖ Íîâîñèáèðñê;Àðõèâ ¹1 Íîâîñèáèðñê;SR 0118 000 00 01;Ñâåðêà DR-ðååñòðà;-;00;Ðåãèñòðàöèÿ;ÅÕ;152,508;AUTO
ÎÑÖ Íîâîñèáèðñê;Àðõèâ ¹3 Åêàòåðèíáóðã;SR 0118 000 00 01;Ñâåðêà DR-ðååñòðà;-;00;Ðåãèñòðàöèÿ;ÅÕ;181,258;AUTO
ÎÑÖ Ñàìàðà;Àðõèâ ¹1 Ñàìàðà;SR 0118 000 00 01;Ñâåðêà DR-ðååñòðà;-;00;Ðåãèñòðàöèÿ;ÅÕ;180,903;AUTO
ÎÑÖ Ìîñêâà;Àðõèâ ¹1 Òîìèëèíî;RG 0001 320 02 02;Ðåãèñòðàöèÿ ïî ÁÏ (Îïèñü);ÂÑÏ;320;Ðåãèñòðàöèÿ;ØÊ;27,162;AUTO
ÎÑÖ Ìîñêâà;Àðõèâ ¹1 Òîìèëèíî;RG 0001 320 00 01;Ðåãèñòðàöèÿ ïî ÁÏ;Ðåã.;320;Ðåãèñòðàöèÿ;ØÊ;57;AUTO
ÎÑÖ Ìîñêâà;Àðõèâ ¹1 Òîìèëèíî;RG 0001 320 00 03;Ðåãèñòðàöèÿ ïî ÁÏ;ÂÐÓÊ;320;Ðåãèñòðàöèÿ;ØÊ;90,933;AUTO
ÎÑÖ Ìîñêâà;Àðõèâ ¹1 Òîìèëèíî;RG 0001 296 00 01;Ðåãèñòðàöèÿ ïî ÁÏ;Ðåã.;296;Ðåãèñòðàöèÿ;ØÊ;83,433;AUTO
ÎÑÖ Ìîñêâà;Àðõèâ ¹1 Òîìèëèíî;RG 0001 296 00 03;Ðåãèñòðàöèÿ ïî ÁÏ;ÂÐÓÊ;296;Ðåãèñòðàöèÿ;ØÊ;119,47;AUTO
ÎÑÖ Âîðîíåæ;Àðõèâ ¹4 Ñàíêò-Ïåòåðáóðã;RG 0001 320 02 02;Ðåãèñòðàöèÿ ïî ÁÏ (Îïèñü);ÂÑÏ;320;Ðåãèñòðàöèÿ;ØÊ;26,2;AUTO
ÎÑÖ Âîðîíåæ;Àðõèâ ¹4 Ñàíêò-Ïåòåðáóðã;RG 0001 320 00 01;Ðåãèñòðàöèÿ ïî ÁÏ;Ðåã.;320;Ðåãèñòðàöèÿ;ØÊ;50,733;AUTO
ÎÑÖ Âîðîíåæ;Àðõèâ ¹4 Ñàíêò-Ïåòåðáóðã;RG 0001 320 00 03;Ðåãèñòðàöèÿ ïî ÁÏ;ÂÐÓÊ;320;Ðåãèñòðàöèÿ;ØÊ;88,933;AUTO
ÎÑÖ Âîðîíåæ;Âíå ïîäðàçäåëåíèé;RG 0001 320 00 01;Ðåãèñòðàöèÿ ïî ÁÏ;Ðåã.;320;Ðåãèñòðàöèÿ;ØÊ;0;AUTO
ÎÑÖ Âîðîíåæ;Àðõèâ ¹1 Âîðîíåæ;RG 0001 320 00 01;Ðåãèñòðàöèÿ ïî ÁÏ;Ðåã.;320;Ðåãèñòðàöèÿ;ØÊ;0;AUTO
ÎÑÖ Âîðîíåæ;Àðõèâ ¹3 Êàëèíèíãðàä;RG 0001 320 00 01;Ðåãèñòðàöèÿ ïî ÁÏ;Ðåã.;320;Ðåãèñòðàöèÿ;ØÊ;0;AUTO
ÎÑÖ Ìîñêâà;Âíå ïîäðàçäåëåíèé;RG 0001 320 00 01;Ðåãèñòðàöèÿ ïî ÁÏ;Ðåã.;320;Ðåãèñòðàöèÿ;ØÊ;0;AUTO
ÎÑÖ Íèæíèé Íîâãîðîä;Âíå ïîäðàçäåëåíèé;RG 0001 320 00 01;Ðåãèñòðàöèÿ ïî ÁÏ;Ðåã.;320;Ðåãèñòðàöèÿ;ØÊ;0;AUTO
ÎÑÖ Íèæíèé Íîâãîðîä;Àðõèâ ¹1 Íèæíèé Íîâãîðîä;RG 0001 320 00 01;Ðåãèñòðàöèÿ ïî ÁÏ;Ðåã.;320;Ðåãèñòðàöèÿ;ØÊ;0;AUTO
ÎÑÖ Íîâîñèáèðñê;Âíå ïîäðàçäåëåíèé;RG 0001 320 00 01;Ðåãèñòðàöèÿ ïî ÁÏ;Ðåã.;320;Ðåãèñòðàöèÿ;ØÊ;0;AUTO
ÎÑÖ Íîâîñèáèðñê;Àðõèâ ¹1 Íîâîñèáèðñê;RG 0001 320 00 01;Ðåãèñòðàöèÿ ïî ÁÏ;Ðåã.;320;Ðåãèñòðàöèÿ;ØÊ;0;AUTO
ÎÑÖ Ñàìàðà;Âíå ïîäðàçäåëåíèé;RG 0001 320 00 01;Ðåãèñòðàöèÿ ïî ÁÏ;Ðåã.;320;Ðåãèñòðàöèÿ;ØÊ;0;AUTO
ÎÑÖ Íîâîñèáèðñê;Àðõèâ ¹3 Åêàòåðèíáóðã;RG 0001 320 00 01;Ðåãèñòðàöèÿ ïî ÁÏ;Ðåã.;320;Ðåãèñòðàöèÿ;ØÊ;0;AUTO
ÎÑÖ Ñàìàðà;Àðõèâ ¹1 Ñàìàðà;RG 0001 320 00 01;Ðåãèñòðàöèÿ ïî ÁÏ;Ðåã.;320;Ðåãèñòðàöèÿ;ØÊ;49,067;AUTO
ÎÑÖ Âîðîíåæ;Âíå ïîäðàçäåëåíèé;RG 0001 320 02 02;Ðåãèñòðàöèÿ ïî ÁÏ (Îïèñü);ÂÑÏ;320;Ðåãèñòðàöèÿ;ØÊ;0;AUTO
ÎÑÖ Âîðîíåæ;Àðõèâ ¹1 Âîðîíåæ;RG 0001 320 02 02;Ðåãèñòðàöèÿ ïî ÁÏ (Îïèñü);ÂÑÏ;320;Ðåãèñòðàöèÿ;ØÊ;0;AUTO
ÎÑÖ Âîðîíåæ;Àðõèâ ¹3 Êàëèíèíãðàä;RG 0001 320 02 02;Ðåãèñòðàöèÿ ïî ÁÏ (Îïèñü);ÂÑÏ;320;Ðåãèñòðàöèÿ;ØÊ;0;AUTO
ÎÑÖ Ìîñêâà;Âíå ïîäðàçäåëåíèé;RG 0001 320 02 02;Ðåãèñòðàöèÿ ïî ÁÏ (Îïèñü);ÂÑÏ;320;Ðåãèñòðàöèÿ;ØÊ;0;AUTO
ÎÑÖ Íèæíèé Íîâãîðîä;Âíå ïîäðàçäåëåíèé;RG 0001 320 02 02;Ðåãèñòðàöèÿ ïî ÁÏ (Îïèñü);ÂÑÏ;320;Ðåãèñòðàöèÿ;ØÊ;0;AUTO
ÎÑÖ Íèæíèé Íîâãîðîä;Àðõèâ ¹1 Íèæíèé Íîâãîðîä;RG 0001 320 02 02;Ðåãèñòðàöèÿ ïî ÁÏ (Îïèñü);ÂÑÏ;320;Ðåãèñòðàöèÿ;ØÊ;0;AUTO
ÎÑÖ Íîâîñèáèðñê;Âíå ïîäðàçäåëåíèé;RG 0001 320 02 02;Ðåãèñòðàöèÿ ïî ÁÏ (Îïèñü);ÂÑÏ;320;Ðåãèñòðàöèÿ;ØÊ;0;AUTO
ÎÑÖ Íîâîñèáèðñê;Àðõèâ ¹1 Íîâîñèáèðñê;RG 0001 320 02 02;Ðåãèñòðàöèÿ ïî ÁÏ (Îïèñü);ÂÑÏ;320;Ðåãèñòðàöèÿ;ØÊ;0;AUTO
ÎÑÖ Ñàìàðà;Âíå ïîäðàçäåëåíèé;RG 0001 320 02 02;Ðåãèñòðàöèÿ ïî ÁÏ (Îïèñü);ÂÑÏ;320;Ðåãèñòðàöèÿ;ØÊ;0;AUTO
ÎÑÖ Íîâîñèáèðñê;Àðõèâ ¹3 Åêàòåðèíáóðã;RG 0001 320 02 02;Ðåãèñòðàöèÿ ïî ÁÏ (Îïèñü);ÂÑÏ;320;Ðåãèñòðàöèÿ;ØÊ;0;AUTO
ÎÑÖ Ñàìàðà;Àðõèâ ¹1 Ñàìàðà;RG 0001 320 02 02;Ðåãèñòðàöèÿ ïî ÁÏ (Îïèñü);ÂÑÏ;320;Ðåãèñòðàöèÿ;ØÊ;23,028;AUTO
ÎÑÖ Âîðîíåæ;Âíå ïîäðàçäåëåíèé;RG 0001 320 00 03;Ðåãèñòðàöèÿ ïî ÁÏ;ÂÐÓÊ;320;Ðåãèñòðàöèÿ;ØÊ;0;AUTO
ÎÑÖ Âîðîíåæ;Àðõèâ ¹1 Âîðîíåæ;RG 0001 320 00 03;Ðåãèñòðàöèÿ ïî ÁÏ;ÂÐÓÊ;320;Ðåãèñòðàöèÿ;ØÊ;0;AUTO
ÎÑÖ Âîðîíåæ;Àðõèâ ¹3 Êàëèíèíãðàä;RG 0001 320 00 03;Ðåãèñòðàöèÿ ïî ÁÏ;ÂÐÓÊ;320;Ðåãèñòðàöèÿ;ØÊ;0;AUTO
ÎÑÖ Ìîñêâà;Âíå ïîäðàçäåëåíèé;RG 0001 320 00 03;Ðåãèñòðàöèÿ ïî ÁÏ;ÂÐÓÊ;320;Ðåãèñòðàöèÿ;ØÊ;0;AUTO
ÎÑÖ Íèæíèé Íîâãîðîä;Âíå ïîäðàçäåëåíèé;RG 0001 320 00 03;Ðåãèñòðàöèÿ ïî ÁÏ;ÂÐÓÊ;320;Ðåãèñòðàöèÿ;ØÊ;0;AUTO
ÎÑÖ Íèæíèé Íîâãîðîä;Àðõèâ ¹1 Íèæíèé Íîâãîðîä;RG 0001 320 00 03;Ðåãèñòðàöèÿ ïî ÁÏ;ÂÐÓÊ;320;Ðåãèñòðàöèÿ;ØÊ;0;AUTO
ÎÑÖ Íîâîñèáèðñê;Âíå ïîäðàçäåëåíèé;RG 0001 320 00 03;Ðåãèñòðàöèÿ ïî ÁÏ;ÂÐÓÊ;320;Ðåãèñòðàöèÿ;ØÊ;0;AUTO
ÎÑÖ Íîâîñèáèðñê;Àðõèâ ¹1 Íîâîñèáèðñê;RG 0001 320 00 03;Ðåãèñòðàöèÿ ïî ÁÏ;ÂÐÓÊ;320;Ðåãèñòðàöèÿ;ØÊ;0;AUTO
ÎÑÖ Ñàìàðà;Âíå ïîäðàçäåëåíèé;RG 0001 320 00 03;Ðåãèñòðàöèÿ ïî ÁÏ;ÂÐÓÊ;320;Ðåãèñòðàöèÿ;ØÊ;0;AUTO
ÎÑÖ Íîâîñèáèðñê;Àðõèâ ¹3 Åêàòåðèíáóðã;RG 0001 320 00 03;Ðåãèñòðàöèÿ ïî ÁÏ;ÂÐÓÊ;320;Ðåãèñòðàöèÿ;ØÊ;0;AUTO
ÎÑÖ Ñàìàðà;Àðõèâ ¹1 Ñàìàðà;RG 0001 320 00 03;Ðåãèñòðàöèÿ ïî ÁÏ;ÂÐÓÊ;320;Ðåãèñòðàöèÿ;ØÊ;89,467;AUTO
ÎÑÖ Âîðîíåæ;Âíå ïîäðàçäåëåíèé;SZ 216 000 00 00;Îïðåäåëåíèå êàðòðèäæà äëÿ èçâëå÷åíèÿ òðåáóåìîãî äîêóìåíòà ïî çàïðîñó| ïîèñê ïàïêè äëÿ ïðîñìîòðà;;;Çàïðîñû;êàðòðèäæ;0;RUCH
ÎÑÖ Âîðîíåæ;Àðõèâ ¹1 Âîðîíåæ;SZ 216 000 00 00;Îïðåäåëåíèå êàðòðèäæà äëÿ èçâëå÷åíèÿ òðåáóåìîãî äîêóìåíòà ïî çàïðîñó| ïîèñê ïàïêè äëÿ ïðîñìîòðà;;;Çàïðîñû;êàðòðèäæ;0;RUCH
ÎÑÖ Âîðîíåæ;Àðõèâ ¹3 Êàëèíèíãðàä;SZ 216 000 00 00;Îïðåäåëåíèå êàðòðèäæà äëÿ èçâëå÷åíèÿ òðåáóåìîãî äîêóìåíòà ïî çàïðîñó| ïîèñê ïàïêè äëÿ ïðîñìîòðà;;;Çàïðîñû;êàðòðèäæ;0;RUCH
ÎÑÖ Âîðîíåæ;Àðõèâ ¹4 Ñàíêò-Ïåòåðáóðã;SZ 216 000 00 00;Îïðåäåëåíèå êàðòðèäæà äëÿ èçâëå÷åíèÿ òðåáóåìîãî äîêóìåíòà ïî çàïðîñó| ïîèñê ïàïêè äëÿ ïðîñìîòðà;;;Çàïðîñû;êàðòðèäæ;0;RUCH
ÎÑÖ Ìîñêâà;Âíå ïîäðàçäåëåíèé;SZ 216 000 00 00;Îïðåäåëåíèå êàðòðèäæà äëÿ èçâëå÷åíèÿ òðåáóåìîãî äîêóìåíòà ïî çàïðîñó| ïîèñê ïàïêè äëÿ ïðîñìîòðà;;;Çàïðîñû;êàðòðèäæ;0;RUCH
ÎÑÖ Ìîñêâà;Àðõèâ ¹1 Òîìèëèíî;SZ 216 000 00 00;Îïðåäåëåíèå êàðòðèäæà äëÿ èçâëå÷åíèÿ òðåáóåìîãî äîêóìåíòà ïî çàïðîñó| ïîèñê ïàïêè äëÿ ïðîñìîòðà;;;Çàïðîñû;êàðòðèäæ;0;RUCH
ÎÑÖ Íèæíèé Íîâãîðîä;Âíå ïîäðàçäåëåíèé;SZ 216 000 00 00;Îïðåäåëåíèå êàðòðèäæà äëÿ èçâëå÷åíèÿ òðåáóåìîãî äîêóìåíòà ïî çàïðîñó| ïîèñê ïàïêè äëÿ ïðîñìîòðà;;;Çàïðîñû;êàðòðèäæ;0;RUCH
ÎÑÖ Íèæíèé Íîâãîðîä;Àðõèâ ¹1 Íèæíèé Íîâãîðîä;SZ 216 000 00 00;Îïðåäåëåíèå êàðòðèäæà äëÿ èçâëå÷åíèÿ òðåáóåìîãî äîêóìåíòà ïî çàïðîñó| ïîèñê ïàïêè äëÿ ïðîñìîòðà;;;Çàïðîñû;êàðòðèäæ;609,433;RUCH
ÎÑÖ Íîâîñèáèðñê;Âíå ïîäðàçäåëåíèé;SZ 216 000 00 00;Îïðåäåëåíèå êàðòðèäæà äëÿ èçâëå÷åíèÿ òðåáóåìîãî äîêóìåíòà ïî çàïðîñó| ïîèñê ïàïêè äëÿ ïðîñìîòðà;;;Çàïðîñû;êàðòðèäæ;0;RUCH
ÎÑÖ Íîâîñèáèðñê;Àðõèâ ¹1 Íîâîñèáèðñê;SZ 216 000 00 00;Îïðåäåëåíèå êàðòðèäæà äëÿ èçâëå÷åíèÿ òðåáóåìîãî äîêóìåíòà ïî çàïðîñó| ïîèñê ïàïêè äëÿ ïðîñìîòðà;;;Çàïðîñû;êàðòðèäæ;0;RUCH
ÎÑÖ Ñàìàðà;Âíå ïîäðàçäåëåíèé;SZ 216 000 00 00;Îïðåäåëåíèå êàðòðèäæà äëÿ èçâëå÷åíèÿ òðåáóåìîãî äîêóìåíòà ïî çàïðîñó| ïîèñê ïàïêè äëÿ ïðîñìîòðà;;;Çàïðîñû;êàðòðèäæ;0;RUCH
ÎÑÖ Íîâîñèáèðñê;Àðõèâ ¹3 Åêàòåðèíáóðã;SZ 216 000 00 00;Îïðåäåëåíèå êàðòðèäæà äëÿ èçâëå÷åíèÿ òðåáóåìîãî äîêóìåíòà ïî çàïðîñó| ïîèñê ïàïêè äëÿ ïðîñìîòðà;;;Çàïðîñû;êàðòðèäæ;0;RUCH
ÎÑÖ Ñàìàðà;Àðõèâ ¹1 Ñàìàðà;SZ 216 000 00 00;Îïðåäåëåíèå êàðòðèäæà äëÿ èçâëå÷åíèÿ òðåáóåìîãî äîêóìåíòà ïî çàïðîñó| ïîèñê ïàïêè äëÿ ïðîñìîòðà;;;Çàïðîñû;êàðòðèäæ;0;RUCH
ÎÑÖ Âîðîíåæ;Âíå ïîäðàçäåëåíèé;SZ 217 000 00 00;Ïîèñê ïî ñòðóêòóðå àðõèâîâ ÖÎÄ;;;Çàïðîñû;êàðòðèäæ;0;RUCH
ÎÑÖ Âîðîíåæ;Àðõèâ ¹1 Âîðîíåæ;SZ 217 000 00 00;Ïîèñê ïî ñòðóêòóðå àðõèâîâ ÖÎÄ;;;Çàïðîñû;êàðòðèäæ;0;RUCH
ÎÑÖ Âîðîíåæ;Àðõèâ ¹3 Êàëèíèíãðàä;SZ 217 000 00 00;Ïîèñê ïî ñòðóêòóðå àðõèâîâ ÖÎÄ;;;Çàïðîñû;êàðòðèäæ;0;RUCH
ÎÑÖ Âîðîíåæ;Àðõèâ ¹4 Ñàíêò-Ïåòåðáóðã;SZ 217 000 00 00;Ïîèñê ïî ñòðóêòóðå àðõèâîâ ÖÎÄ;;;Çàïðîñû;êàðòðèäæ;0;RUCH
ÎÑÖ Ìîñêâà;Âíå ïîäðàçäåëåíèé;SZ 217 000 00 00;Ïîèñê ïî ñòðóêòóðå àðõèâîâ ÖÎÄ;;;Çàïðîñû;êàðòðèäæ;0;RUCH
ÎÑÖ Ìîñêâà;Àðõèâ ¹1 Òîìèëèíî;SZ 217 000 00 00;Ïîèñê ïî ñòðóêòóðå àðõèâîâ ÖÎÄ;;;Çàïðîñû;êàðòðèäæ;0;RUCH
ÎÑÖ Íèæíèé Íîâãîðîä;Âíå ïîäðàçäåëåíèé;SZ 217 000 00 00;Ïîèñê ïî ñòðóêòóðå àðõèâîâ ÖÎÄ;;;Çàïðîñû;êàðòðèäæ;0;RUCH
ÎÑÖ Íèæíèé Íîâãîðîä;Àðõèâ ¹1 Íèæíèé Íîâãîðîä;SZ 217 000 00 00;Ïîèñê ïî ñòðóêòóðå àðõèâîâ ÖÎÄ;;;Çàïðîñû;êàðòðèäæ;608,9;RUCH
ÎÑÖ Íîâîñèáèðñê;Âíå ïîäðàçäåëåíèé;SZ 217 000 00 00;Ïîèñê ïî ñòðóêòóðå àðõèâîâ ÖÎÄ;;;Çàïðîñû;êàðòðèäæ;0;RUCH
ÎÑÖ Íîâîñèáèðñê;Àðõèâ ¹1 Íîâîñèáèðñê;SZ 217 000 00 00;Ïîèñê ïî ñòðóêòóðå àðõèâîâ ÖÎÄ;;;Çàïðîñû;êàðòðèäæ;0;RUCH
ÎÑÖ Ñàìàðà;Âíå ïîäðàçäåëåíèé;SZ 217 000 00 00;Ïîèñê ïî ñòðóêòóðå àðõèâîâ ÖÎÄ;;;Çàïðîñû;êàðòðèäæ;0;RUCH
ÎÑÖ Íîâîñèáèðñê;Àðõèâ ¹3 Åêàòåðèíáóðã;SZ 217 000 00 00;Ïîèñê ïî ñòðóêòóðå àðõèâîâ ÖÎÄ;;;Çàïðîñû;êàðòðèäæ;0;RUCH
ÎÑÖ Ñàìàðà;Àðõèâ ¹1 Ñàìàðà;SZ 217 000 00 00;Ïîèñê ïî ñòðóêòóðå àðõèâîâ ÖÎÄ;;;Çàïðîñû;êàðòðèäæ;0;RUCH
ÎÑÖ Âîðîíåæ;Âíå ïîäðàçäåëåíèé;SZ 218 000 00 00;Ïîèñê ïî ñòðóêòóðå àðõèâîâ ÂÑÏ;;;Çàïðîñû;êàðòðèäæ;0;RUCH
ÎÑÖ Âîðîíåæ;Àðõèâ ¹1 Âîðîíåæ;SZ 218 000 00 00;Ïîèñê ïî ñòðóêòóðå àðõèâîâ ÂÑÏ;;;Çàïðîñû;êàðòðèäæ;0;RUCH
ÎÑÖ Âîðîíåæ;Àðõèâ ¹3 Êàëèíèíãðàä;SZ 218 000 00 00;Ïîèñê ïî ñòðóêòóðå àðõèâîâ ÂÑÏ;;;Çàïðîñû;êàðòðèäæ;0;RUCH
ÎÑÖ Âîðîíåæ;Àðõèâ ¹4 Ñàíêò-Ïåòåðáóðã;SZ 218 000 00 00;Ïîèñê ïî ñòðóêòóðå àðõèâîâ ÂÑÏ;;;Çàïðîñû;êàðòðèäæ;0;RUCH
ÎÑÖ Ìîñêâà;Âíå ïîäðàçäåëåíèé;SZ 218 000 00 00;Ïîèñê ïî ñòðóêòóðå àðõèâîâ ÂÑÏ;;;Çàïðîñû;êàðòðèäæ;0;RUCH
ÎÑÖ Ìîñêâà;Àðõèâ ¹1 Òîìèëèíî;SZ 218 000 00 00;Ïîèñê ïî ñòðóêòóðå àðõèâîâ ÂÑÏ;;;Çàïðîñû;êàðòðèäæ;0;RUCH
ÎÑÖ Íèæíèé Íîâãîðîä;Âíå ïîäðàçäåëåíèé;SZ 218 000 00 00;Ïîèñê ïî ñòðóêòóðå àðõèâîâ ÂÑÏ;;;Çàïðîñû;êàðòðèäæ;0;RUCH
ÎÑÖ Íèæíèé Íîâãîðîä;Àðõèâ ¹1 Íèæíèé Íîâãîðîä;SZ 218 000 00 00;Ïîèñê ïî ñòðóêòóðå àðõèâîâ ÂÑÏ;;;Çàïðîñû;êàðòðèäæ;431,9;RUCH
ÎÑÖ Íîâîñèáèðñê;Âíå ïîäðàçäåëåíèé;SZ 218 000 00 00;Ïîèñê ïî ñòðóêòóðå àðõèâîâ ÂÑÏ;;;Çàïðîñû;êàðòðèäæ;0;RUCH
ÎÑÖ Íîâîñèáèðñê;Àðõèâ ¹1 Íîâîñèáèðñê;SZ 218 000 00 00;Ïîèñê ïî ñòðóêòóðå àðõèâîâ ÂÑÏ;;;Çàïðîñû;êàðòðèäæ;0;RUCH
ÎÑÖ Ñàìàðà;Âíå ïîäðàçäåëåíèé;SZ 218 000 00 00;Ïîèñê ïî ñòðóêòóðå àðõèâîâ ÂÑÏ;;;Çàïðîñû;êàðòðèäæ;0;RUCH
ÎÑÖ Íîâîñèáèðñê;Àðõèâ ¹3 Åêàòåðèíáóðã;SZ 218 000 00 00;Ïîèñê ïî ñòðóêòóðå àðõèâîâ ÂÑÏ;;;Çàïðîñû;êàðòðèäæ;0;RUCH
ÎÑÖ Ñàìàðà;Àðõèâ ¹1 Ñàìàðà;SZ 218 000 00 00;Ïîèñê ïî ñòðóêòóðå àðõèâîâ ÂÑÏ;;;Çàïðîñû;êàðòðèäæ;0;RUCH
ÎÑÖ Âîðîíåæ;Âíå ïîäðàçäåëåíèé;SZ 219 000 00 00;Èçâëå÷åíèå äîêóìåíòà è âîçâðàò êàðòðèäæà â êîðîá ïîñëå îáðàáîòêè;;;Çàïðîñû;êàðòðèäæ;0;RUCH
ÎÑÖ Âîðîíåæ;Àðõèâ ¹1 Âîðîíåæ;SZ 219 000 00 00;Èçâëå÷åíèå äîêóìåíòà è âîçâðàò êàðòðèäæà â êîðîá ïîñëå îáðàáîòêè;;;Çàïðîñû;êàðòðèäæ;0;RUCH
ÎÑÖ Âîðîíåæ;Àðõèâ ¹3 Êàëèíèíãðàä;SZ 219 000 00 00;Èçâëå÷åíèå äîêóìåíòà è âîçâðàò êàðòðèäæà â êîðîá ïîñëå îáðàáîòêè;;;Çàïðîñû;êàðòðèäæ;0;RUCH
ÎÑÖ Âîðîíåæ;Àðõèâ ¹4 Ñàíêò-Ïåòåðáóðã;SZ 219 000 00 00;Èçâëå÷åíèå äîêóìåíòà è âîçâðàò êàðòðèäæà â êîðîá ïîñëå îáðàáîòêè;;;Çàïðîñû;êàðòðèäæ;0;RUCH
ÎÑÖ Ìîñêâà;Âíå ïîäðàçäåëåíèé;SZ 219 000 00 00;Èçâëå÷åíèå äîêóìåíòà è âîçâðàò êàðòðèäæà â êîðîá ïîñëå îáðàáîòêè;;;Çàïðîñû;êàðòðèäæ;0;RUCH
ÎÑÖ Ìîñêâà;Àðõèâ ¹1 Òîìèëèíî;SZ 219 000 00 00;Èçâëå÷åíèå äîêóìåíòà è âîçâðàò êàðòðèäæà â êîðîá ïîñëå îáðàáîòêè;;;Çàïðîñû;êàðòðèäæ;0;RUCH
ÎÑÖ Íèæíèé Íîâãîðîä;Âíå ïîäðàçäåëåíèé;SZ 219 000 00 00;Èçâëå÷åíèå äîêóìåíòà è âîçâðàò êàðòðèäæà â êîðîá ïîñëå îáðàáîòêè;;;Çàïðîñû;êàðòðèäæ;0;RUCH
ÎÑÖ Íèæíèé Íîâãîðîä;Àðõèâ ¹1 Íèæíèé Íîâãîðîä;SZ 219 000 00 00;Èçâëå÷åíèå äîêóìåíòà è âîçâðàò êàðòðèäæà â êîðîá ïîñëå îáðàáîòêè;;;Çàïðîñû;êàðòðèäæ;189,161;RUCH
ÎÑÖ Íîâîñèáèðñê;Âíå ïîäðàçäåëåíèé;SZ 219 000 00 00;Èçâëå÷åíèå äîêóìåíòà è âîçâðàò êàðòðèäæà â êîðîá ïîñëå îáðàáîòêè;;;Çàïðîñû;êàðòðèäæ;0;RUCH
ÎÑÖ Íîâîñèáèðñê;Àðõèâ ¹1 Íîâîñèáèðñê;SZ 219 000 00 00;Èçâëå÷åíèå äîêóìåíòà è âîçâðàò êàðòðèäæà â êîðîá ïîñëå îáðàáîòêè;;;Çàïðîñû;êàðòðèäæ;0;RUCH
ÎÑÖ Ñàìàðà;Âíå ïîäðàçäåëåíèé;SZ 219 000 00 00;Èçâëå÷åíèå äîêóìåíòà è âîçâðàò êàðòðèäæà â êîðîá ïîñëå îáðàáîòêè;;;Çàïðîñû;êàðòðèäæ;0;RUCH
ÎÑÖ Íîâîñèáèðñê;Àðõèâ ¹3 Åêàòåðèíáóðã;SZ 219 000 00 00;Èçâëå÷åíèå äîêóìåíòà è âîçâðàò êàðòðèäæà â êîðîá ïîñëå îáðàáîòêè;;;Çàïðîñû;êàðòðèäæ;0;RUCH
ÎÑÖ Ñàìàðà;Àðõèâ ¹1 Ñàìàðà;SZ 219 000 00 00;Èçâëå÷åíèå äîêóìåíòà è âîçâðàò êàðòðèäæà â êîðîá ïîñëå îáðàáîòêè;;;Çàïðîñû;êàðòðèäæ;0;RUCH
ÎÑÖ Âîðîíåæ;Âíå ïîäðàçäåëåíèé;RG 0001 318 02 02;Ðåãèñòðàöèÿ ïî ÁÏ (Îïèñü);ÂÑÏ;318;Ðåãèñòðàöèÿ;äîñüå;0;AUTO
ÎÑÖ Âîðîíåæ;Àðõèâ ¹1 Âîðîíåæ;RG 0001 318 02 02;Ðåãèñòðàöèÿ ïî ÁÏ (Îïèñü);ÂÑÏ;318;Ðåãèñòðàöèÿ;äîñüå;14,113;AUTO
ÎÑÖ Âîðîíåæ;Àðõèâ ¹3 Êàëèíèíãðàä;RG 0001 318 02 02;Ðåãèñòðàöèÿ ïî ÁÏ (Îïèñü);ÂÑÏ;318;Ðåãèñòðàöèÿ;äîñüå;13,524;AUTO
ÎÑÖ Âîðîíåæ;Àðõèâ ¹4 Ñàíêò-Ïåòåðáóðã;RG 0001 318 02 02;Ðåãèñòðàöèÿ ïî ÁÏ (Îïèñü);ÂÑÏ;318;Ðåãèñòðàöèÿ;äîñüå;13,118;AUTO
ÎÑÖ Ìîñêâà;Âíå ïîäðàçäåëåíèé;RG 0001 318 02 02;Ðåãèñòðàöèÿ ïî ÁÏ (Îïèñü);ÂÑÏ;318;Ðåãèñòðàöèÿ;äîñüå;0;AUTO
ÎÑÖ Ìîñêâà;Àðõèâ ¹1 Òîìèëèíî;RG 0001 318 02 02;Ðåãèñòðàöèÿ ïî ÁÏ (Îïèñü);ÂÑÏ;318;Ðåãèñòðàöèÿ;äîñüå;11,352;AUTO
ÎÑÖ Íèæíèé Íîâãîðîä;Âíå ïîäðàçäåëåíèé;RG 0001 318 02 02;Ðåãèñòðàöèÿ ïî ÁÏ (Îïèñü);ÂÑÏ;318;Ðåãèñòðàöèÿ;äîñüå;0;AUTO
ÎÑÖ Íèæíèé Íîâãîðîä;Àðõèâ ¹1 Íèæíèé Íîâãîðîä;RG 0001 318 02 02;Ðåãèñòðàöèÿ ïî ÁÏ (Îïèñü);ÂÑÏ;318;Ðåãèñòðàöèÿ;äîñüå;13,001;AUTO
ÎÑÖ Íîâîñèáèðñê;Âíå ïîäðàçäåëåíèé;RG 0001 318 02 02;Ðåãèñòðàöèÿ ïî ÁÏ (Îïèñü);ÂÑÏ;318;Ðåãèñòðàöèÿ;äîñüå;0;AUTO
ÎÑÖ Íîâîñèáèðñê;Àðõèâ ¹1 Íîâîñèáèðñê;RG 0001 318 02 02;Ðåãèñòðàöèÿ ïî ÁÏ (Îïèñü);ÂÑÏ;318;Ðåãèñòðàöèÿ;äîñüå;12,163;AUTO
ÎÑÖ Íîâîñèáèðñê;Àðõèâ ¹3 Åêàòåðèíáóðã;RG 0001 318 02 02;Ðåãèñòðàöèÿ ïî ÁÏ (Îïèñü);ÂÑÏ;318;Ðåãèñòðàöèÿ;äîñüå;13,456;AUTO
ÎÑÖ Ñàìàðà;Âíå ïîäðàçäåëåíèé;RG 0001 318 02 02;Ðåãèñòðàöèÿ ïî ÁÏ (Îïèñü);ÂÑÏ;318;Ðåãèñòðàöèÿ;äîñüå;0;AUTO
ÎÑÖ Ñàìàðà;Àðõèâ ¹1 Ñàìàðà;RG 0001 318 02 02;Ðåãèñòðàöèÿ ïî ÁÏ (Îïèñü);ÂÑÏ;318;Ðåãèñòðàöèÿ;äîñüå;13,485;AUTO
ÎÑÖ Âîðîíåæ;Âíå ïîäðàçäåëåíèé;RG 0001 267 02 02;Ðåãèñòðàöèÿ ïî ÁÏ (Îïèñü);ÂÑÏ;267;Ðåãèñòðàöèÿ;äîñüå;0;AUTO
ÎÑÖ Âîðîíåæ;Àðõèâ ¹1 Âîðîíåæ;RG 0001 267 02 02;Ðåãèñòðàöèÿ ïî ÁÏ (Îïèñü);ÂÑÏ;267;Ðåãèñòðàöèÿ;äîñüå;14,6;AUTO
ÎÑÖ Âîðîíåæ;Àðõèâ ¹3 Êàëèíèíãðàä;RG 0001 267 02 02;Ðåãèñòðàöèÿ ïî ÁÏ (Îïèñü);ÂÑÏ;267;Ðåãèñòðàöèÿ;äîñüå;15,091;AUTO
ÎÑÖ Âîðîíåæ;Àðõèâ ¹4 Ñàíêò-Ïåòåðáóðã;RG 0001 267 02 02;Ðåãèñòðàöèÿ ïî ÁÏ (Îïèñü);ÂÑÏ;267;Ðåãèñòðàöèÿ;äîñüå;11,899;AUTO
ÎÑÖ Ìîñêâà;Âíå ïîäðàçäåëåíèé;RG 0001 267 02 02;Ðåãèñòðàöèÿ ïî ÁÏ (Îïèñü);ÂÑÏ;267;Ðåãèñòðàöèÿ;äîñüå;0;AUTO
ÎÑÖ Ìîñêâà;Àðõèâ ¹1 Òîìèëèíî;RG 0001 267 02 02;Ðåãèñòðàöèÿ ïî ÁÏ (Îïèñü);ÂÑÏ;267;Ðåãèñòðàöèÿ;äîñüå;12,933;AUTO
ÎÑÖ Íèæíèé Íîâãîðîä;Âíå ïîäðàçäåëåíèé;RG 0001 267 02 02;Ðåãèñòðàöèÿ ïî ÁÏ (Îïèñü);ÂÑÏ;267;Ðåãèñòðàöèÿ;äîñüå;0;AUTO
ÎÑÖ Íèæíèé Íîâãîðîä;Àðõèâ ¹1 Íèæíèé Íîâãîðîä;RG 0001 267 02 02;Ðåãèñòðàöèÿ ïî ÁÏ (Îïèñü);ÂÑÏ;267;Ðåãèñòðàöèÿ;äîñüå;14,452;AUTO
ÎÑÖ Íîâîñèáèðñê;Âíå ïîäðàçäåëåíèé;RG 0001 267 02 02;Ðåãèñòðàöèÿ ïî ÁÏ (Îïèñü);ÂÑÏ;267;Ðåãèñòðàöèÿ;äîñüå;0;AUTO
ÎÑÖ Íîâîñèáèðñê;Àðõèâ ¹1 Íîâîñèáèðñê;RG 0001 267 02 02;Ðåãèñòðàöèÿ ïî ÁÏ (Îïèñü);ÂÑÏ;267;Ðåãèñòðàöèÿ;äîñüå;14,81;AUTO
ÎÑÖ Íîâîñèáèðñê;Àðõèâ ¹3 Åêàòåðèíáóðã;RG 0001 267 02 02;Ðåãèñòðàöèÿ ïî ÁÏ (Îïèñü);ÂÑÏ;267;Ðåãèñòðàöèÿ;äîñüå;13,787;AUTO
ÎÑÖ Ñàìàðà;Âíå ïîäðàçäåëåíèé;RG 0001 267 02 02;Ðåãèñòðàöèÿ ïî ÁÏ (Îïèñü);ÂÑÏ;267;Ðåãèñòðàöèÿ;äîñüå;0;AUTO
ÎÑÖ Ñàìàðà;Àðõèâ ¹1 Ñàìàðà;RG 0001 267 02 02;Ðåãèñòðàöèÿ ïî ÁÏ (Îïèñü);ÂÑÏ;267;Ðåãèñòðàöèÿ;äîñüå;13,049;AUTO
ÎÑÖ Âîðîíåæ;Àðõèâ ¹1 Âîðîíåæ;RG 0001 267 01 02;Ðåãèñòðàöèÿ ïî ÁÏ (Îäíîëèñòíûé äîêóìåíò);ÂÑÏ;267;Ðåãèñòðàöèÿ;äîñüå;7,267;AUTO
ÎÑÖ Âîðîíåæ;Àðõèâ ¹3 Êàëèíèíãðàä;RG 0001 267 01 02;Ðåãèñòðàöèÿ ïî ÁÏ (Îäíîëèñòíûé äîêóìåíò);ÂÑÏ;267;Ðåãèñòðàöèÿ;äîñüå;7,167;AUTO
ÎÑÖ Âîðîíåæ;Àðõèâ ¹4 Ñàíêò-Ïåòåðáóðã;RG 0001 267 01 02;Ðåãèñòðàöèÿ ïî ÁÏ (Îäíîëèñòíûé äîêóìåíò);ÂÑÏ;267;Ðåãèñòðàöèÿ;äîñüå;6,069;AUTO
ÎÑÖ Ìîñêâà;Àðõèâ ¹1 Òîìèëèíî;RG 0001 267 01 02;Ðåãèñòðàöèÿ ïî ÁÏ (Îäíîëèñòíûé äîêóìåíò);ÂÑÏ;267;Ðåãèñòðàöèÿ;äîñüå;5,443;AUTO
ÎÑÖ Íèæíèé Íîâãîðîä;Àðõèâ ¹1 Íèæíèé Íîâãîðîä;RG 0001 267 01 02;Ðåãèñòðàöèÿ ïî ÁÏ (Îäíîëèñòíûé äîêóìåíò);ÂÑÏ;267;Ðåãèñòðàöèÿ;äîñüå;7,1;AUTO
ÎÑÖ Íîâîñèáèðñê;Àðõèâ ¹1 Íîâîñèáèðñê;RG 0001 267 01 02;Ðåãèñòðàöèÿ ïî ÁÏ (Îäíîëèñòíûé äîêóìåíò);ÂÑÏ;267;Ðåãèñòðàöèÿ;äîñüå;6,407;AUTO
ÎÑÖ Íîâîñèáèðñê;Àðõèâ ¹3 Åêàòåðèíáóðã;RG 0001 267 01 02;Ðåãèñòðàöèÿ ïî ÁÏ (Îäíîëèñòíûé äîêóìåíò);ÂÑÏ;267;Ðåãèñòðàöèÿ;äîñüå;6,983;AUTO
ÎÑÖ Ñàìàðà;Àðõèâ ¹1 Ñàìàðà;RG 0001 267 01 02;Ðåãèñòðàöèÿ ïî ÁÏ (Îäíîëèñòíûé äîêóìåíò);ÂÑÏ;267;Ðåãèñòðàöèÿ;äîñüå;7,205;AUTO
ÎÑÖ Âîðîíåæ;Àðõèâ ¹1 Âîðîíåæ;RG 0001 267 01 01;Ðåãèñòðàöèÿ ïî ÁÏ (Îäíîëèñòíûé äîêóìåíò);Ðåã.;267;Ðåãèñòðàöèÿ;Äîñüå;19,011;AUTO
ÎÑÖ Âîðîíåæ;Àðõèâ ¹3 Êàëèíèíãðàä;RG 0001 267 01 01;Ðåãèñòðàöèÿ ïî ÁÏ (Îäíîëèñòíûé äîêóìåíò);Ðåã.;267;Ðåãèñòðàöèÿ;Äîñüå;19,686;AUTO
ÎÑÖ Âîðîíåæ;Àðõèâ ¹4 Ñàíêò-Ïåòåðáóðã;RG 0001 267 01 01;Ðåãèñòðàöèÿ ïî ÁÏ (Îäíîëèñòíûé äîêóìåíò);Ðåã.;267;Ðåãèñòðàöèÿ;Äîñüå;19,058;AUTO
ÎÑÖ Ìîñêâà;Àðõèâ ¹1 Òîìèëèíî;RG 0001 267 01 01;Ðåãèñòðàöèÿ ïî ÁÏ (Îäíîëèñòíûé äîêóìåíò);Ðåã.;267;Ðåãèñòðàöèÿ;Äîñüå;19,236;AUTO
ÎÑÖ Íèæíèé Íîâãîðîä;Àðõèâ ¹1 Íèæíèé Íîâãîðîä;RG 0001 267 01 01;Ðåãèñòðàöèÿ ïî ÁÏ (Îäíîëèñòíûé äîêóìåíò);Ðåã.;267;Ðåãèñòðàöèÿ;Äîñüå;18,067;AUTO
ÎÑÖ Íîâîñèáèðñê;Àðõèâ ¹1 Íîâîñèáèðñê;RG 0001 267 01 01;Ðåãèñòðàöèÿ ïî ÁÏ (Îäíîëèñòíûé äîêóìåíò);Ðåã.;267;Ðåãèñòðàöèÿ;Äîñüå;18,746;AUTO
ÎÑÖ Íîâîñèáèðñê;Àðõèâ ¹3 Åêàòåðèíáóðã;RG 0001 267 01 01;Ðåãèñòðàöèÿ ïî ÁÏ (Îäíîëèñòíûé äîêóìåíò);Ðåã.;267;Ðåãèñòðàöèÿ;Äîñüå;17,805;AUTO
ÎÑÖ Ñàìàðà;Àðõèâ ¹1 Ñàìàðà;RG 0001 267 01 01;Ðåãèñòðàöèÿ ïî ÁÏ (Îäíîëèñòíûé äîêóìåíò);Ðåã.;267;Ðåãèñòðàöèÿ;Äîñüå;16,946;AUTO
ÎÑÖ Âîðîíåæ;Àðõèâ ¹1 Âîðîíåæ;RG 0001 267 02 01;Ðåãèñòðàöèÿ ïî ÁÏ (Îïèñü);Ðåã.;267;Ðåãèñòðàöèÿ;äîñüå;19,011;AUTO
ÎÑÖ Âîðîíåæ;Àðõèâ ¹3 Êàëèíèíãðàä;RG 0001 267 02 01;Ðåãèñòðàöèÿ ïî ÁÏ (Îïèñü);Ðåã.;267;Ðåãèñòðàöèÿ;äîñüå;19,686;AUTO
ÎÑÖ Âîðîíåæ;Àðõèâ ¹4 Ñàíêò-Ïåòåðáóðã;RG 0001 267 02 01;Ðåãèñòðàöèÿ ïî ÁÏ (Îïèñü);Ðåã.;267;Ðåãèñòðàöèÿ;äîñüå;19,058;AUTO
ÎÑÖ Ìîñêâà;Àðõèâ ¹1 Òîìèëèíî;RG 0001 267 02 01;Ðåãèñòðàöèÿ ïî ÁÏ (Îïèñü);Ðåã.;267;Ðåãèñòðàöèÿ;äîñüå;19,236;AUTO
ÎÑÖ Íèæíèé Íîâãîðîä;Àðõèâ ¹1 Íèæíèé Íîâãîðîä;RG 0001 267 02 01;Ðåãèñòðàöèÿ ïî ÁÏ (Îïèñü);Ðåã.;267;Ðåãèñòðàöèÿ;äîñüå;18,067;AUTO
ÎÑÖ Íîâîñèáèðñê;Àðõèâ ¹1 Íîâîñèáèðñê;RG 0001 267 02 01;Ðåãèñòðàöèÿ ïî ÁÏ (Îïèñü);Ðåã.;267;Ðåãèñòðàöèÿ;äîñüå;18,746;AUTO
ÎÑÖ Íîâîñèáèðñê;Àðõèâ ¹3 Åêàòåðèíáóðã;RG 0001 267 02 01;Ðåãèñòðàöèÿ ïî ÁÏ (Îïèñü);Ðåã.;267;Ðåãèñòðàöèÿ;äîñüå;17,805;AUTO
ÎÑÖ Ñàìàðà;Àðõèâ ¹1 Ñàìàðà;RG 0001 267 02 01;Ðåãèñòðàöèÿ ïî ÁÏ (Îïèñü);Ðåã.;267;Ðåãèñòðàöèÿ;äîñüå;16,946;AUTO
ÎÑÖ Âîðîíåæ;Âíå ïîäðàçäåëåíèé;SR 329 000 00 00;ÊÎÄ_Ôîðìèðîâàíèå ôàéëîâ èç ÀÑ ÏÏÐÁ äëÿ ôîðìèðîâàíèÿ ÆÊÎÄ;;;Ðåãèñòðàöèÿ;Îïåðàöèÿ;0;RUCH
ÎÑÖ Âîðîíåæ;Àðõèâ ¹1 Âîðîíåæ;SR 329 000 00 00;ÊÎÄ_Ôîðìèðîâàíèå ôàéëîâ èç ÀÑ ÏÏÐÁ äëÿ ôîðìèðîâàíèÿ ÆÊÎÄ;;;Ðåãèñòðàöèÿ;Îïåðàöèÿ;0;RUCH
ÎÑÖ Âîðîíåæ;Àðõèâ ¹3 Êàëèíèíãðàä;SR 329 000 00 00;ÊÎÄ_Ôîðìèðîâàíèå ôàéëîâ èç ÀÑ ÏÏÐÁ äëÿ ôîðìèðîâàíèÿ ÆÊÎÄ;;;Ðåãèñòðàöèÿ;Îïåðàöèÿ;0;RUCH
ÎÑÖ Âîðîíåæ;Àðõèâ ¹4 Ñàíêò-Ïåòåðáóðã;SR 329 000 00 00;ÊÎÄ_Ôîðìèðîâàíèå ôàéëîâ èç ÀÑ ÏÏÐÁ äëÿ ôîðìèðîâàíèÿ ÆÊÎÄ;;;Ðåãèñòðàöèÿ;Îïåðàöèÿ;0;RUCH
ÎÑÖ Ìîñêâà;Âíå ïîäðàçäåëåíèé;SR 329 000 00 00;ÊÎÄ_Ôîðìèðîâàíèå ôàéëîâ èç ÀÑ ÏÏÐÁ äëÿ ôîðìèðîâàíèÿ ÆÊÎÄ;;;Ðåãèñòðàöèÿ;Îïåðàöèÿ;0;RUCH
ÎÑÖ Ìîñêâà;Àðõèâ ¹1 Òîìèëèíî;SR 329 000 00 00;ÊÎÄ_Ôîðìèðîâàíèå ôàéëîâ èç ÀÑ ÏÏÐÁ äëÿ ôîðìèðîâàíèÿ ÆÊÎÄ;;;Ðåãèñòðàöèÿ;Îïåðàöèÿ;0;RUCH
ÎÑÖ Íèæíèé Íîâãîðîä;Âíå ïîäðàçäåëåíèé;SR 329 000 00 00;ÊÎÄ_Ôîðìèðîâàíèå ôàéëîâ èç ÀÑ ÏÏÐÁ äëÿ ôîðìèðîâàíèÿ ÆÊÎÄ;;;Ðåãèñòðàöèÿ;Îïåðàöèÿ;0;RUCH
ÎÑÖ Íèæíèé Íîâãîðîä;Àðõèâ ¹1 Íèæíèé Íîâãîðîä;SR 329 000 00 00;ÊÎÄ_Ôîðìèðîâàíèå ôàéëîâ èç ÀÑ ÏÏÐÁ äëÿ ôîðìèðîâàíèÿ ÆÊÎÄ;;;Ðåãèñòðàöèÿ;Îïåðàöèÿ;0;RUCH
ÎÑÖ Íîâîñèáèðñê;Âíå ïîäðàçäåëåíèé;SR 329 000 00 00;ÊÎÄ_Ôîðìèðîâàíèå ôàéëîâ èç ÀÑ ÏÏÐÁ äëÿ ôîðìèðîâàíèÿ ÆÊÎÄ;;;Ðåãèñòðàöèÿ;Îïåðàöèÿ;0;RUCH
ÎÑÖ Íîâîñèáèðñê;Àðõèâ ¹1 Íîâîñèáèðñê;SR 329 000 00 00;ÊÎÄ_Ôîðìèðîâàíèå ôàéëîâ èç ÀÑ ÏÏÐÁ äëÿ ôîðìèðîâàíèÿ ÆÊÎÄ;;;Ðåãèñòðàöèÿ;Îïåðàöèÿ;0;RUCH
ÎÑÖ Ñàìàðà;Âíå ïîäðàçäåëåíèé;SR 329 000 00 00;ÊÎÄ_Ôîðìèðîâàíèå ôàéëîâ èç ÀÑ ÏÏÐÁ äëÿ ôîðìèðîâàíèÿ ÆÊÎÄ;;;Ðåãèñòðàöèÿ;Îïåðàöèÿ;0;RUCH
ÎÑÖ Íîâîñèáèðñê;Àðõèâ ¹3 Åêàòåðèíáóðã;SR 329 000 00 00;ÊÎÄ_Ôîðìèðîâàíèå ôàéëîâ èç ÀÑ ÏÏÐÁ äëÿ ôîðìèðîâàíèÿ ÆÊÎÄ;;;Ðåãèñòðàöèÿ;Îïåðàöèÿ;0;RUCH
ÎÑÖ Ñàìàðà;Àðõèâ ¹1 Ñàìàðà;SR 329 000 00 00;ÊÎÄ_Ôîðìèðîâàíèå ôàéëîâ èç ÀÑ ÏÏÐÁ äëÿ ôîðìèðîâàíèÿ ÆÊÎÄ;;;Ðåãèñòðàöèÿ;Îïåðàöèÿ;2992,667;RUCH
ÎÑÖ Âîðîíåæ;Âíå ïîäðàçäåëåíèé;SZ 220 000 00 00;Ïðîâåäåíèå êîíòðîëüíûõ ïðîöåäóð ïî ïðîöåññó Ï1311 (çàïðîñû);;;Çàïðîñû;ìèíóòà;0;RUCH
ÎÑÖ Âîðîíåæ;Àðõèâ ¹1 Âîðîíåæ;SZ 220 000 00 00;Ïðîâåäåíèå êîíòðîëüíûõ ïðîöåäóð ïî ïðîöåññó Ï1311 (çàïðîñû);;;Çàïðîñû;ìèíóòà;60;RUCH
ÎÑÖ Âîðîíåæ;Àðõèâ ¹3 Êàëèíèíãðàä;SZ 220 000 00 00;Ïðîâåäåíèå êîíòðîëüíûõ ïðîöåäóð ïî ïðîöåññó Ï1311 (çàïðîñû);;;Çàïðîñû;ìèíóòà;60;RUCH
ÎÑÖ Âîðîíåæ;Àðõèâ ¹4 Ñàíêò-Ïåòåðáóðã;SZ 220 000 00 00;Ïðîâåäåíèå êîíòðîëüíûõ ïðîöåäóð ïî ïðîöåññó Ï1311 (çàïðîñû);;;Çàïðîñû;ìèíóòà;60;RUCH
ÎÑÖ Ìîñêâà;Âíå ïîäðàçäåëåíèé;SZ 220 000 00 00;Ïðîâåäåíèå êîíòðîëüíûõ ïðîöåäóð ïî ïðîöåññó Ï1311 (çàïðîñû);;;Çàïðîñû;ìèíóòà;0;RUCH
ÎÑÖ Ìîñêâà;Àðõèâ ¹1 Òîìèëèíî;SZ 220 000 00 00;Ïðîâåäåíèå êîíòðîëüíûõ ïðîöåäóð ïî ïðîöåññó Ï1311 (çàïðîñû);;;Çàïðîñû;ìèíóòà;60;RUCH
ÎÑÖ Íèæíèé Íîâãîðîä;Âíå ïîäðàçäåëåíèé;SZ 220 000 00 00;Ïðîâåäåíèå êîíòðîëüíûõ ïðîöåäóð ïî ïðîöåññó Ï1311 (çàïðîñû);;;Çàïðîñû;ìèíóòà;0;RUCH
ÎÑÖ Íèæíèé Íîâãîðîä;Àðõèâ ¹1 Íèæíèé Íîâãîðîä;SZ 220 000 00 00;Ïðîâåäåíèå êîíòðîëüíûõ ïðîöåäóð ïî ïðîöåññó Ï1311 (çàïðîñû);;;Çàïðîñû;ìèíóòà;60;RUCH
ÎÑÖ Íîâîñèáèðñê;Âíå ïîäðàçäåëåíèé;SZ 220 000 00 00;Ïðîâåäåíèå êîíòðîëüíûõ ïðîöåäóð ïî ïðîöåññó Ï1311 (çàïðîñû);;;Çàïðîñû;ìèíóòà;0;RUCH
ÎÑÖ Íîâîñèáèðñê;Àðõèâ ¹1 Íîâîñèáèðñê;SZ 220 000 00 00;Ïðîâåäåíèå êîíòðîëüíûõ ïðîöåäóð ïî ïðîöåññó Ï1311 (çàïðîñû);;;Çàïðîñû;ìèíóòà;60;RUCH
ÎÑÖ Ñàìàðà;Âíå ïîäðàçäåëåíèé;SZ 220 000 00 00;Ïðîâåäåíèå êîíòðîëüíûõ ïðîöåäóð ïî ïðîöåññó Ï1311 (çàïðîñû);;;Çàïðîñû;ìèíóòà;0;RUCH
ÎÑÖ Íîâîñèáèðñê;Àðõèâ ¹3 Åêàòåðèíáóðã;SZ 220 000 00 00;Ïðîâåäåíèå êîíòðîëüíûõ ïðîöåäóð ïî ïðîöåññó Ï1311 (çàïðîñû);;;Çàïðîñû;ìèíóòà;60;RUCH
ÎÑÖ Ñàìàðà;Àðõèâ ¹1 Ñàìàðà;SZ 220 000 00 00;Ïðîâåäåíèå êîíòðîëüíûõ ïðîöåäóð ïî ïðîöåññó Ï1311 (çàïðîñû);;;Çàïðîñû;ìèíóòà;60;RUCH
ÎÑÖ Âîðîíåæ;Àðõèâ ¹4 Ñàíêò-Ïåòåðáóðã;SR 326 000 00 00;Ñîðòèðîâêà ÑÄÄ;;;Ðåãèñòðàöèÿ;ØÊ;11,483;RUCH
ÎÑÖ Âîðîíåæ;Àðõèâ ¹1 Âîðîíåæ;SR 330 000 00 00;Ïðîâåäåíèå êîíòðîëüíûõ ïðîöåäóð ïî ïðîöåññó Ï1308_Ï1309;;;Ðåãèñòðàöèÿ;ìèíóòà;60;RUCH
ÎÑÖ Âîðîíåæ;Àðõèâ ¹3 Êàëèíèíãðàä;SR 330 000 00 00;Ïðîâåäåíèå êîíòðîëüíûõ ïðîöåäóð ïî ïðîöåññó Ï1308_Ï1309;;;Ðåãèñòðàöèÿ;ìèíóòà;60;RUCH
ÎÑÖ Âîðîíåæ;Àðõèâ ¹4 Ñàíêò-Ïåòåðáóðã;SR 330 000 00 00;Ïðîâåäåíèå êîíòðîëüíûõ ïðîöåäóð ïî ïðîöåññó Ï1308_Ï1309;;;Ðåãèñòðàöèÿ;ìèíóòà;60;RUCH
ÎÑÖ Ìîñêâà;Àðõèâ ¹1 Òîìèëèíî;SR 330 000 00 00;Ïðîâåäåíèå êîíòðîëüíûõ ïðîöåäóð ïî ïðîöåññó Ï1308_Ï1309;;;Ðåãèñòðàöèÿ;ìèíóòà;60;RUCH
ÎÑÖ Íèæíèé Íîâãîðîä;Àðõèâ ¹1 Íèæíèé Íîâãîðîä;SR 330 000 00 00;Ïðîâåäåíèå êîíòðîëüíûõ ïðîöåäóð ïî ïðîöåññó Ï1308_Ï1309;;;Ðåãèñòðàöèÿ;ìèíóòà;60;RUCH
ÎÑÖ Íîâîñèáèðñê;Àðõèâ ¹1 Íîâîñèáèðñê;SR 330 000 00 00;Ïðîâåäåíèå êîíòðîëüíûõ ïðîöåäóð ïî ïðîöåññó Ï1308_Ï1309;;;Ðåãèñòðàöèÿ;ìèíóòà;60;RUCH
ÎÑÖ Íîâîñèáèðñê;Àðõèâ ¹3 Åêàòåðèíáóðã;SR 330 000 00 00;Ïðîâåäåíèå êîíòðîëüíûõ ïðîöåäóð ïî ïðîöåññó Ï1308_Ï1309;;;Ðåãèñòðàöèÿ;ìèíóòà;60;RUCH
ÎÑÖ Ñàìàðà;Àðõèâ ¹1 Ñàìàðà;SR 330 000 00 00;Ïðîâåäåíèå êîíòðîëüíûõ ïðîöåäóð ïî ïðîöåññó Ï1308_Ï1309;;;Ðåãèñòðàöèÿ;ìèíóòà;60;RUCH
ÎÑÖ Âîðîíåæ;Àðõèâ ¹3 Êàëèíèíãðàä;RG 0001 242 00 03;Ðåãèñòðàöèÿ ÁÏ;ÂÐÓÊ;242;Ðåãèñòðàöèÿ;ØÊ;85,467;AUTO
ÎÑÖ Âîðîíåæ;Àðõèâ ¹3 Êàëèíèíãðàä;RG 0001 242 01 01;Ðåãèñòðàöèÿ ïî ÁÏ (Îäíîëèñòíûé äîêóìåíò);;242;Ðåãèñòðàöèÿ;ØÊ;26,733;AUTO
ÎÑÖ Âîðîíåæ;Àðõèâ ¹3 Êàëèíèíãðàä;RG 0001 242 02 01;Ðåãèñòðàöèÿ ÁÏ (îïèñü);;242;Ðåãèñòðàöèÿ;ØÊ;28,233;AUTO
ÎÑÖ Âîðîíåæ;Àðõèâ ¹3 Êàëèíèíãðàä;RG 0001 242 01 02;Ðåãèñòðàöèÿ ïî ÁÏ (Îäíîëèñòíûé äîêóìåíò);ÂÑÏ;242;Ðåãèñòðàöèÿ;ØÊ;6,114;AUTO
ÎÑÖ Âîðîíåæ;Àðõèâ ¹3 Êàëèíèíãðàä;RG 0001 242 02 02;Ðåãèñòðàöèÿ ÁÏ (îïèñü);ÂÑÏ;242;Ðåãèñòðàöèÿ;ØÊ;10;AUTO
ÎÑÖ Íèæíèé Íîâãîðîä;Àðõèâ ¹1 Íèæíèé Íîâãîðîä;RG 0001 242 00 03;Ðåãèñòðàöèÿ ÁÏ;ÂÐÓÊ;242;Ðåãèñòðàöèÿ;ØÊ;93,533;AUTO
ÎÑÖ Âîðîíåæ;Àðõèâ ¹4 Ñàíêò-Ïåòåðáóðã;RG 0001 242 00 03;Ðåãèñòðàöèÿ ÁÏ;ÂÐÓÊ;242;Ðåãèñòðàöèÿ;ØÊ;85,319;AUTO
ÎÑÖ Íîâîñèáèðñê;Àðõèâ ¹3 Åêàòåðèíáóðã;RG 0001 242 00 03;Ðåãèñòðàöèÿ ÁÏ;ÂÐÓÊ;242;Ðåãèñòðàöèÿ;ØÊ;95;AUTO
ÎÑÖ Ìîñêâà;Àðõèâ ¹1 Òîìèëèíî;RG 0001 242 00 03;Ðåãèñòðàöèÿ ÁÏ;ÂÐÓÊ;242;Ðåãèñòðàöèÿ;ØÊ;86,083;AUTO
ÎÑÖ Ñàìàðà;Àðõèâ ¹1 Ñàìàðà;RG 0001 242 00 03;Ðåãèñòðàöèÿ ÁÏ;ÂÐÓÊ;242;Ðåãèñòðàöèÿ;ØÊ;90,033;AUTO
ÎÑÖ Âîðîíåæ;Àðõèâ ¹1 Âîðîíåæ;RG 0001 242 00 03;Ðåãèñòðàöèÿ ÁÏ;ÂÐÓÊ;242;Ðåãèñòðàöèÿ;ØÊ;86,059;AUTO
ÎÑÖ Íîâîñèáèðñê;Àðõèâ ¹1 Íîâîñèáèðñê;RG 0001 242 00 03;Ðåãèñòðàöèÿ ÁÏ;ÂÐÓÊ;242;Ðåãèñòðàöèÿ;ØÊ;89;AUTO
ÎÑÖ Íèæíèé Íîâãîðîä;Àðõèâ ¹1 Íèæíèé Íîâãîðîä;RG 0001 242 01 01;Ðåãèñòðàöèÿ ïî ÁÏ (Îäíîëèñòíûé äîêóìåíò);;242;Ðåãèñòðàöèÿ;ØÊ;24,8;AUTO
ÎÑÖ Íèæíèé Íîâãîðîä;Àðõèâ ¹1 Íèæíèé Íîâãîðîä;RG 0001 242 02 01;Ðåãèñòðàöèÿ ÁÏ (îïèñü);;242;Ðåãèñòðàöèÿ;ØÊ;30,2;AUTO
ÎÑÖ Âîðîíåæ;Àðõèâ ¹4 Ñàíêò-Ïåòåðáóðã;RG 0001 242 01 01;Ðåãèñòðàöèÿ ïî ÁÏ (Îäíîëèñòíûé äîêóìåíò);;242;Ðåãèñòðàöèÿ;ØÊ;22,853;AUTO
ÎÑÖ Âîðîíåæ;Àðõèâ ¹4 Ñàíêò-Ïåòåðáóðã;RG 0001 242 02 01;Ðåãèñòðàöèÿ ÁÏ (îïèñü);;242;Ðåãèñòðàöèÿ;ØÊ;26,664;AUTO
ÎÑÖ Íîâîñèáèðñê;Àðõèâ ¹3 Åêàòåðèíáóðã;RG 0001 242 01 01;Ðåãèñòðàöèÿ ïî ÁÏ (Îäíîëèñòíûé äîêóìåíò);;242;Ðåãèñòðàöèÿ;ØÊ;25,053;AUTO
ÎÑÖ Íîâîñèáèðñê;Àðõèâ ¹3 Åêàòåðèíáóðã;RG 0001 242 02 01;Ðåãèñòðàöèÿ ÁÏ (îïèñü);;242;Ðåãèñòðàöèÿ;ØÊ;28,452;AUTO
ÎÑÖ Ìîñêâà;Àðõèâ ¹1 Òîìèëèíî;RG 0001 242 01 01;Ðåãèñòðàöèÿ ïî ÁÏ (Îäíîëèñòíûé äîêóìåíò);;242;Ðåãèñòðàöèÿ;ØÊ;24,833;AUTO
ÎÑÖ Ìîñêâà;Àðõèâ ¹1 Òîìèëèíî;RG 0001 242 02 01;Ðåãèñòðàöèÿ ÁÏ (îïèñü);;242;Ðåãèñòðàöèÿ;ØÊ;25,667;AUTO
ÎÑÖ Ñàìàðà;Àðõèâ ¹1 Ñàìàðà;RG 0001 242 01 01;Ðåãèñòðàöèÿ ïî ÁÏ (Îäíîëèñòíûé äîêóìåíò);;242;Ðåãèñòðàöèÿ;ØÊ;24,867;AUTO
ÎÑÖ Ñàìàðà;Àðõèâ ¹1 Ñàìàðà;RG 0001 242 02 01;Ðåãèñòðàöèÿ ÁÏ (îïèñü);;242;Ðåãèñòðàöèÿ;ØÊ;26,667;AUTO
ÎÑÖ Âîðîíåæ;Àðõèâ ¹1 Âîðîíåæ;RG 0001 242 01 01;Ðåãèñòðàöèÿ ïî ÁÏ (Îäíîëèñòíûé äîêóìåíò);;242;Ðåãèñòðàöèÿ;ØÊ;25,267;AUTO
ÎÑÖ Âîðîíåæ;Àðõèâ ¹1 Âîðîíåæ;RG 0001 242 02 01;Ðåãèñòðàöèÿ ÁÏ (îïèñü);;242;Ðåãèñòðàöèÿ;ØÊ;29,633;AUTO
ÎÑÖ Íîâîñèáèðñê;Àðõèâ ¹1 Íîâîñèáèðñê;RG 0001 242 01 01;Ðåãèñòðàöèÿ ïî ÁÏ (Îäíîëèñòíûé äîêóìåíò);;242;Ðåãèñòðàöèÿ;ØÊ;24,633;AUTO
ÎÑÖ Íîâîñèáèðñê;Àðõèâ ¹1 Íîâîñèáèðñê;RG 0001 242 02 01;Ðåãèñòðàöèÿ ÁÏ (îïèñü);;242;Ðåãèñòðàöèÿ;ØÊ;30,367;AUTO
ÎÑÖ Íèæíèé Íîâãîðîä;Àðõèâ ¹1 Íèæíèé Íîâãîðîä;RG 0001 242 01 02;Ðåãèñòðàöèÿ ïî ÁÏ (Îäíîëèñòíûé äîêóìåíò);ÂÑÏ;242;Ðåãèñòðàöèÿ;ØÊ;5,756;AUTO
ÎÑÖ Íèæíèé Íîâãîðîä;Àðõèâ ¹1 Íèæíèé Íîâãîðîä;RG 0001 242 02 02;Ðåãèñòðàöèÿ ÁÏ (îïèñü);ÂÑÏ;242;Ðåãèñòðàöèÿ;ØÊ;10,8;AUTO
ÎÑÖ Âîðîíåæ;Àðõèâ ¹4 Ñàíêò-Ïåòåðáóðã;RG 0001 242 01 02;Ðåãèñòðàöèÿ ïî ÁÏ (Îäíîëèñòíûé äîêóìåíò);ÂÑÏ;242;Ðåãèñòðàöèÿ;ØÊ;6,079;AUTO
ÎÑÖ Âîðîíåæ;Àðõèâ ¹4 Ñàíêò-Ïåòåðáóðã;RG 0001 242 02 02;Ðåãèñòðàöèÿ ÁÏ (îïèñü);ÂÑÏ;242;Ðåãèñòðàöèÿ;ØÊ;10,539;AUTO
ÎÑÖ Íîâîñèáèðñê;Àðõèâ ¹3 Åêàòåðèíáóðã;RG 0001 242 01 02;Ðåãèñòðàöèÿ ïî ÁÏ (Îäíîëèñòíûé äîêóìåíò);ÂÑÏ;242;Ðåãèñòðàöèÿ;ØÊ;6,718;AUTO
ÎÑÖ Íîâîñèáèðñê;Àðõèâ ¹3 Åêàòåðèíáóðã;RG 0001 242 02 02;Ðåãèñòðàöèÿ ÁÏ (îïèñü);ÂÑÏ;242;Ðåãèñòðàöèÿ;ØÊ;12,867;AUTO
ÎÑÖ Ìîñêâà;Àðõèâ ¹1 Òîìèëèíî;RG 0001 242 01 02;Ðåãèñòðàöèÿ ïî ÁÏ (Îäíîëèñòíûé äîêóìåíò);ÂÑÏ;242;Ðåãèñòðàöèÿ;ØÊ;5,773;AUTO
ÎÑÖ Ìîñêâà;Àðõèâ ¹1 Òîìèëèíî;RG 0001 242 02 02;Ðåãèñòðàöèÿ ÁÏ (îïèñü);ÂÑÏ;242;Ðåãèñòðàöèÿ;ØÊ;10,837;AUTO
ÎÑÖ Ñàìàðà;Àðõèâ ¹1 Ñàìàðà;RG 0001 242 01 02;Ðåãèñòðàöèÿ ïî ÁÏ (Îäíîëèñòíûé äîêóìåíò);ÂÑÏ;242;Ðåãèñòðàöèÿ;ØÊ;6,767;AUTO
ÎÑÖ Ñàìàðà;Àðõèâ ¹1 Ñàìàðà;RG 0001 242 02 02;Ðåãèñòðàöèÿ ÁÏ (îïèñü);ÂÑÏ;242;Ðåãèñòðàöèÿ;ØÊ;12,1;AUTO
ÎÑÖ Âîðîíåæ;Àðõèâ ¹1 Âîðîíåæ;RG 0001 242 01 02;Ðåãèñòðàöèÿ ïî ÁÏ (Îäíîëèñòíûé äîêóìåíò);ÂÑÏ;242;Ðåãèñòðàöèÿ;ØÊ;6,311;AUTO
ÎÑÖ Âîðîíåæ;Àðõèâ ¹1 Âîðîíåæ;RG 0001 242 02 02;Ðåãèñòðàöèÿ ÁÏ (îïèñü);ÂÑÏ;242;Ðåãèñòðàöèÿ;ØÊ;12,567;AUTO
ÎÑÖ Íîâîñèáèðñê;Àðõèâ ¹1 Íîâîñèáèðñê;RG 0001 242 01 02;Ðåãèñòðàöèÿ ïî ÁÏ (Îäíîëèñòíûé äîêóìåíò);ÂÑÏ;242;Ðåãèñòðàöèÿ;ØÊ;6,327;AUTO
ÎÑÖ Íîâîñèáèðñê;Àðõèâ ¹1 Íîâîñèáèðñê;RG 0001 242 02 02;Ðåãèñòðàöèÿ ÁÏ (îïèñü);ÂÑÏ;242;Ðåãèñòðàöèÿ;ØÊ;12,867;AUTO
ÎÑÖ Íèæíèé Íîâãîðîä;Àðõèâ ¹1 Íèæíèé Íîâãîðîä;RG 0001 265 00 03;Ðåãèñòðàöèÿ ÁÏ;ÂÐÓÊ;265;Ðåãèñòðàöèÿ;ØÊ;93,257;AUTO
ÎÑÖ Âîðîíåæ;Àðõèâ ¹4 Ñàíêò-Ïåòåðáóðã;RG 0001 265 00 03;Ðåãèñòðàöèÿ ÁÏ;ÂÐÓÊ;265;Ðåãèñòðàöèÿ;ØÊ;86,871;AUTO
ÎÑÖ Íîâîñèáèðñê;Àðõèâ ¹3 Åêàòåðèíáóðã;RG 0001 265 00 03;Ðåãèñòðàöèÿ ÁÏ;ÂÐÓÊ;265;Ðåãèñòðàöèÿ;ØÊ;95;AUTO
ÎÑÖ Ìîñêâà;Àðõèâ ¹1 Òîìèëèíî;RG 0001 265 00 03;Ðåãèñòðàöèÿ ÁÏ;ÂÐÓÊ;265;Ðåãèñòðàöèÿ;ØÊ;86,683;AUTO
ÎÑÖ Ñàìàðà;Àðõèâ ¹1 Ñàìàðà;RG 0001 265 00 03;Ðåãèñòðàöèÿ ÁÏ;ÂÐÓÊ;265;Ðåãèñòðàöèÿ;ØÊ;92,167;AUTO
ÎÑÖ Âîðîíåæ;Àðõèâ ¹1 Âîðîíåæ;RG 0001 265 00 03;Ðåãèñòðàöèÿ ÁÏ;ÂÐÓÊ;265;Ðåãèñòðàöèÿ;ØÊ;88,275;AUTO
ÎÑÖ Íîâîñèáèðñê;Àðõèâ ¹1 Íîâîñèáèðñê;RG 0001 265 00 03;Ðåãèñòðàöèÿ ÁÏ;ÂÐÓÊ;265;Ðåãèñòðàöèÿ;ØÊ;87,133;AUTO
ÎÑÖ Íèæíèé Íîâãîðîä;Àðõèâ ¹1 Íèæíèé Íîâãîðîä;RG 0001 265 01 01;Ðåãèñòðàöèÿ ïî ÁÏ (Îäíîëèñòíûé äîêóìåíò);;265;Ðåãèñòðàöèÿ;ØÊ;24,76;AUTO
ÎÑÖ Íèæíèé Íîâãîðîä;Àðõèâ ¹1 Íèæíèé Íîâãîðîä;RG 0001 265 02 01;Ðåãèñòðàöèÿ ÁÏ (îïèñü);;265;Ðåãèñòðàöèÿ;ØÊ;29,615;AUTO
ÎÑÖ Âîðîíåæ;Àðõèâ ¹4 Ñàíêò-Ïåòåðáóðã;RG 0001 265 01 01;Ðåãèñòðàöèÿ ïî ÁÏ (Îäíîëèñòíûé äîêóìåíò);;265;Ðåãèñòðàöèÿ;ØÊ;20,33;AUTO
ÎÑÖ Âîðîíåæ;Àðõèâ ¹4 Ñàíêò-Ïåòåðáóðã;RG 0001 265 02 01;Ðåãèñòðàöèÿ ÁÏ (îïèñü);;265;Ðåãèñòðàöèÿ;ØÊ;23,907;AUTO
ÎÑÖ Íîâîñèáèðñê;Àðõèâ ¹3 Åêàòåðèíáóðã;RG 0001 265 01 01;Ðåãèñòðàöèÿ ïî ÁÏ (Îäíîëèñòíûé äîêóìåíò);;265;Ðåãèñòðàöèÿ;ØÊ;25,053;AUTO
ÎÑÖ Íîâîñèáèðñê;Àðõèâ ¹3 Åêàòåðèíáóðã;RG 0001 265 02 01;Ðåãèñòðàöèÿ ÁÏ (îïèñü);;265;Ðåãèñòðàöèÿ;ØÊ;28,452;AUTO
ÎÑÖ Ìîñêâà;Àðõèâ ¹1 Òîìèëèíî;RG 0001 265 01 01;Ðåãèñòðàöèÿ ïî ÁÏ (Îäíîëèñòíûé äîêóìåíò);;265;Ðåãèñòðàöèÿ;ØÊ;22,933;AUTO
ÎÑÖ Ìîñêâà;Àðõèâ ¹1 Òîìèëèíî;RG 0001 265 02 01;Ðåãèñòðàöèÿ ÁÏ (îïèñü);;265;Ðåãèñòðàöèÿ;ØÊ;25,333;AUTO
ÎÑÖ Ñàìàðà;Àðõèâ ¹1 Ñàìàðà;RG 0001 265 01 01;Ðåãèñòðàöèÿ ïî ÁÏ (Îäíîëèñòíûé äîêóìåíò);;265;Ðåãèñòðàöèÿ;ØÊ;25,906;AUTO
ÎÑÖ Ñàìàðà;Àðõèâ ¹1 Ñàìàðà;RG 0001 265 02 01;Ðåãèñòðàöèÿ ÁÏ (îïèñü);;265;Ðåãèñòðàöèÿ;ØÊ;28,341;AUTO
ÎÑÖ Âîðîíåæ;Àðõèâ ¹1 Âîðîíåæ;RG 0001 265 01 01;Ðåãèñòðàöèÿ ïî ÁÏ (Îäíîëèñòíûé äîêóìåíò);;265;Ðåãèñòðàöèÿ;ØÊ;22,339;AUTO
ÎÑÖ Âîðîíåæ;Àðõèâ ¹1 Âîðîíåæ;RG 0001 265 02 01;Ðåãèñòðàöèÿ ÁÏ (îïèñü);;265;Ðåãèñòðàöèÿ;ØÊ;29,273;AUTO
ÎÑÖ Íîâîñèáèðñê;Àðõèâ ¹1 Íîâîñèáèðñê;RG 0001 265 01 01;Ðåãèñòðàöèÿ ïî ÁÏ (Îäíîëèñòíûé äîêóìåíò);;265;Ðåãèñòðàöèÿ;ØÊ;23,289;AUTO
ÎÑÖ Íîâîñèáèðñê;Àðõèâ ¹1 Íîâîñèáèðñê;RG 0001 265 02 01;Ðåãèñòðàöèÿ ÁÏ (îïèñü);;265;Ðåãèñòðàöèÿ;ØÊ;24,267;AUTO
ÎÑÖ Âîðîíåæ;Àðõèâ ¹3 Êàëèíèíãðàä;RG 0001 265 00 03;Ðåãèñòðàöèÿ ÁÏ;ÂÐÓÊ;265;Ðåãèñòðàöèÿ;ØÊ;82,067;AUTO
ÎÑÖ Âîðîíåæ;Àðõèâ ¹3 Êàëèíèíãðàä;RG 0001 265 01 01;Ðåãèñòðàöèÿ ïî ÁÏ (Îäíîëèñòíûé äîêóìåíò);;265;Ðåãèñòðàöèÿ;ØÊ;21,233;AUTO
ÎÑÖ Âîðîíåæ;Àðõèâ ¹3 Êàëèíèíãðàä;RG 0001 265 02 01;Ðåãèñòðàöèÿ ÁÏ (îïèñü);;265;Ðåãèñòðàöèÿ;ØÊ;23,367;AUTO
ÎÑÖ Âîðîíåæ;Àðõèâ ¹3 Êàëèíèíãðàä;RG 0001 314 01 01;Ðåãèñòðàöèÿ ïî ÁÏ (Îäíîëèñòíûé äîêóìåíò);;314;Ðåãèñòðàöèÿ;ØÊ;25,333;AUTO
ÎÑÖ Âîðîíåæ;Àðõèâ ¹3 Êàëèíèíãðàä;RG 0001 314 02 01;Ðåãèñòðàöèÿ ÁÏ (îïèñü);;314;Ðåãèñòðàöèÿ;ØÊ;26,867;AUTO
ÎÑÖ Âîðîíåæ;Àðõèâ ¹3 Êàëèíèíãðàä;RG 0001 314 01 02;Ðåãèñòðàöèÿ ïî ÁÏ (Îäíîëèñòíûé äîêóìåíò);ÂÑÏ;314;Ðåãèñòðàöèÿ;ØÊ;6,767;AUTO
ÎÑÖ Âîðîíåæ;Àðõèâ ¹3 Êàëèíèíãðàä;RG 0001 314 02 02;Ðåãèñòðàöèÿ ÁÏ (îïèñü);ÂÑÏ;314;Ðåãèñòðàöèÿ;ØÊ;19,7;AUTO
ÎÑÖ Âîðîíåæ;Àðõèâ ¹4 Ñàíêò-Ïåòåðáóðã;RG 0001 314 02 01;Ðåãèñòðàöèÿ ÁÏ (îïèñü);;314;Ðåãèñòðàöèÿ;ØÊ;29,02;AUTO
ÎÑÖ Íîâîñèáèðñê;Àðõèâ ¹3 Åêàòåðèíáóðã;RG 0001 314 01 01;Ðåãèñòðàöèÿ ïî ÁÏ (Îäíîëèñòíûé äîêóìåíò);;314;Ðåãèñòðàöèÿ;ØÊ;25,053;AUTO
ÎÑÖ Íîâîñèáèðñê;Àðõèâ ¹3 Åêàòåðèíáóðã;RG 0001 314 02 01;Ðåãèñòðàöèÿ ÁÏ (îïèñü);;314;Ðåãèñòðàöèÿ;ØÊ;28,452;AUTO
ÎÑÖ Ìîñêâà;Àðõèâ ¹1 Òîìèëèíî;RG 0001 314 01 01;Ðåãèñòðàöèÿ ïî ÁÏ (Îäíîëèñòíûé äîêóìåíò);;314;Ðåãèñòðàöèÿ;ØÊ;22,167;AUTO
ÎÑÖ Ìîñêâà;Àðõèâ ¹1 Òîìèëèíî;RG 0001 314 02 01;Ðåãèñòðàöèÿ ÁÏ (îïèñü);;314;Ðåãèñòðàöèÿ;ØÊ;24,933;AUTO
ÎÑÖ Ñàìàðà;Àðõèâ ¹1 Ñàìàðà;RG 0001 314 01 01;Ðåãèñòðàöèÿ ïî ÁÏ (Îäíîëèñòíûé äîêóìåíò);;314;Ðåãèñòðàöèÿ;ØÊ;26,171;AUTO
ÎÑÖ Ñàìàðà;Àðõèâ ¹1 Ñàìàðà;RG 0001 314 02 01;Ðåãèñòðàöèÿ ÁÏ (îïèñü);;314;Ðåãèñòðàöèÿ;ØÊ;30,033;AUTO
ÎÑÖ Âîðîíåæ;Àðõèâ ¹1 Âîðîíåæ;RG 0001 314 01 01;Ðåãèñòðàöèÿ ïî ÁÏ (Îäíîëèñòíûé äîêóìåíò);;314;Ðåãèñòðàöèÿ;ØÊ;25,933;AUTO
ÎÑÖ Âîðîíåæ;Àðõèâ ¹1 Âîðîíåæ;RG 0001 314 02 01;Ðåãèñòðàöèÿ ÁÏ (îïèñü);;314;Ðåãèñòðàöèÿ;ØÊ;29,033;AUTO
ÎÑÖ Íîâîñèáèðñê;Àðõèâ ¹1 Íîâîñèáèðñê;RG 0001 314 01 01;Ðåãèñòðàöèÿ ïî ÁÏ (Îäíîëèñòíûé äîêóìåíò);;314;Ðåãèñòðàöèÿ;ØÊ;20,142;AUTO
ÎÑÖ Íîâîñèáèðñê;Àðõèâ ¹1 Íîâîñèáèðñê;RG 0001 314 02 01;Ðåãèñòðàöèÿ ÁÏ (îïèñü);;314;Ðåãèñòðàöèÿ;ØÊ;25,133;AUTO
ÎÑÖ Íèæíèé Íîâãîðîä;Àðõèâ ¹1 Íèæíèé Íîâãîðîä;RG 0001 314 01 02;Ðåãèñòðàöèÿ ïî ÁÏ (Îäíîëèñòíûé äîêóìåíò);ÂÑÏ;314;Ðåãèñòðàöèÿ;ØÊ;6,182;AUTO
ÎÑÖ Íèæíèé Íîâãîðîä;Àðõèâ ¹1 Íèæíèé Íîâãîðîä;RG 0001 314 02 02;Ðåãèñòðàöèÿ ÁÏ (îïèñü);ÂÑÏ;314;Ðåãèñòðàöèÿ;ØÊ;15,867;AUTO
ÎÑÖ Âîðîíåæ;Àðõèâ ¹4 Ñàíêò-Ïåòåðáóðã;RG 0001 314 02 02;Ðåãèñòðàöèÿ ÁÏ (îïèñü);ÂÑÏ;314;Ðåãèñòðàöèÿ;ØÊ;19,2;AUTO
ÎÑÖ Íîâîñèáèðñê;Àðõèâ ¹3 Åêàòåðèíáóðã;RG 0001 314 01 02;Ðåãèñòðàöèÿ ïî ÁÏ (Îäíîëèñòíûé äîêóìåíò);ÂÑÏ;314;Ðåãèñòðàöèÿ;ØÊ;6,718;AUTO
ÎÑÖ Íîâîñèáèðñê;Àðõèâ ¹3 Åêàòåðèíáóðã;RG 0001 314 02 02;Ðåãèñòðàöèÿ ÁÏ (îïèñü);ÂÑÏ;314;Ðåãèñòðàöèÿ;ØÊ;18,335;AUTO
ÎÑÖ Ìîñêâà;Àðõèâ ¹1 Òîìèëèíî;RG 0001 314 02 02;Ðåãèñòðàöèÿ ÁÏ (îïèñü);ÂÑÏ;314;Ðåãèñòðàöèÿ;ØÊ;15,867;AUTO
ÎÑÖ Ñàìàðà;Àðõèâ ¹1 Ñàìàðà;RG 0001 314 01 02;Ðåãèñòðàöèÿ ïî ÁÏ (Îäíîëèñòíûé äîêóìåíò);ÂÑÏ;314;Ðåãèñòðàöèÿ;ØÊ;7,455;AUTO
ÎÑÖ Ñàìàðà;Àðõèâ ¹1 Ñàìàðà;RG 0001 314 02 02;Ðåãèñòðàöèÿ ÁÏ (îïèñü);ÂÑÏ;314;Ðåãèñòðàöèÿ;ØÊ;15,733;AUTO
ÎÑÖ Âîðîíåæ;Àðõèâ ¹1 Âîðîíåæ;RG 0001 314 01 02;Ðåãèñòðàöèÿ ïî ÁÏ (Îäíîëèñòíûé äîêóìåíò);ÂÑÏ;314;Ðåãèñòðàöèÿ;ØÊ;6,067;AUTO
ÎÑÖ Âîðîíåæ;Àðõèâ ¹1 Âîðîíåæ;RG 0001 314 02 02;Ðåãèñòðàöèÿ ÁÏ (îïèñü);ÂÑÏ;314;Ðåãèñòðàöèÿ;ØÊ;19,167;AUTO
ÎÑÖ Íîâîñèáèðñê;Àðõèâ ¹1 Íîâîñèáèðñê;RG 0001 314 01 02;Ðåãèñòðàöèÿ ïî ÁÏ (Îäíîëèñòíûé äîêóìåíò);ÂÑÏ;314;Ðåãèñòðàöèÿ;ØÊ;7,333;AUTO
ÎÑÖ Íîâîñèáèðñê;Àðõèâ ¹1 Íîâîñèáèðñê;RG 0001 314 02 02;Ðåãèñòðàöèÿ ÁÏ (îïèñü);ÂÑÏ;314;Ðåãèñòðàöèÿ;ØÊ;19,4;AUTO
ÎÑÖ Íèæíèé Íîâãîðîä;Àðõèâ ¹1 Íèæíèé Íîâãîðîä;RG 0001 316 02 02;Ðåãèñòðàöèÿ ÁÏ (îïèñü);ÂÑÏ;316;Ðåãèñòðàöèÿ;ØÊ;19,567;AUTO
ÎÑÖ Âîðîíåæ;Àðõèâ ¹4 Ñàíêò-Ïåòåðáóðã;RG 0001 316 02 02;Ðåãèñòðàöèÿ ÁÏ (îïèñü);ÂÑÏ;316;Ðåãèñòðàöèÿ;ØÊ;18,233;AUTO
ÎÑÖ Íîâîñèáèðñê;Àðõèâ ¹3 Åêàòåðèíáóðã;RG 0001 316 02 02;Ðåãèñòðàöèÿ ÁÏ (îïèñü);ÂÑÏ;316;Ðåãèñòðàöèÿ;ØÊ;18,335;AUTO
ÎÑÖ Ìîñêâà;Àðõèâ ¹1 Òîìèëèíî;RG 0001 316 02 02;Ðåãèñòðàöèÿ ÁÏ (îïèñü);ÂÑÏ;316;Ðåãèñòðàöèÿ;ØÊ;18,317;AUTO
ÎÑÖ Ñàìàðà;Àðõèâ ¹1 Ñàìàðà;RG 0001 316 02 02;Ðåãèñòðàöèÿ ÁÏ (îïèñü);ÂÑÏ;316;Ðåãèñòðàöèÿ;ØÊ;19,067;AUTO
ÎÑÖ Âîðîíåæ;Àðõèâ ¹1 Âîðîíåæ;RG 0001 316 02 02;Ðåãèñòðàöèÿ ÁÏ (îïèñü);ÂÑÏ;316;Ðåãèñòðàöèÿ;ØÊ;20,5;AUTO
ÎÑÖ Íîâîñèáèðñê;Àðõèâ ¹1 Íîâîñèáèðñê;RG 0001 316 02 02;Ðåãèñòðàöèÿ ÁÏ (îïèñü);ÂÑÏ;316;Ðåãèñòðàöèÿ;ØÊ;20,667;AUTO
ÎÑÖ Âîðîíåæ;Àðõèâ ¹3 Êàëèíèíãðàä;RG 0001 316 02 02;Ðåãèñòðàöèÿ ÁÏ (îïèñü);ÂÑÏ;316;Ðåãèñòðàöèÿ;ØÊ;18,467;AUTO
ÎÑÖ Íèæíèé Íîâãîðîä;Àðõèâ ¹1 Íèæíèé Íîâãîðîä;RG 0001 317 00 03;Ðåãèñòðàöèÿ ÁÏ;ÂÐÓÊ;317;Ðåãèñòðàöèÿ;ØÊ;92,643;AUTO
ÎÑÖ Âîðîíåæ;Àðõèâ ¹4 Ñàíêò-Ïåòåðáóðã;RG 0001 317 00 03;Ðåãèñòðàöèÿ ÁÏ;ÂÐÓÊ;317;Ðåãèñòðàöèÿ;ØÊ;87,387;AUTO
ÎÑÖ Íîâîñèáèðñê;Àðõèâ ¹3 Åêàòåðèíáóðã;RG 0001 317 00 03;Ðåãèñòðàöèÿ ÁÏ;ÂÐÓÊ;317;Ðåãèñòðàöèÿ;ØÊ;95;AUTO
ÎÑÖ Ìîñêâà;Àðõèâ ¹1 Òîìèëèíî;RG 0001 317 00 03;Ðåãèñòðàöèÿ ÁÏ;ÂÐÓÊ;317;Ðåãèñòðàöèÿ;ØÊ;91,767;AUTO
ÎÑÖ Ñàìàðà;Àðõèâ ¹1 Ñàìàðà;RG 0001 317 00 03;Ðåãèñòðàöèÿ ÁÏ;ÂÐÓÊ;317;Ðåãèñòðàöèÿ;ØÊ;92,3;AUTO
ÎÑÖ Âîðîíåæ;Àðõèâ ¹1 Âîðîíåæ;RG 0001 317 00 03;Ðåãèñòðàöèÿ ÁÏ;ÂÐÓÊ;317;Ðåãèñòðàöèÿ;ØÊ;86,758;AUTO
ÎÑÖ Íîâîñèáèðñê;Àðõèâ ¹1 Íîâîñèáèðñê;RG 0001 317 00 03;Ðåãèñòðàöèÿ ÁÏ;ÂÐÓÊ;317;Ðåãèñòðàöèÿ;ØÊ;93,472;AUTO
ÎÑÖ Âîðîíåæ;Àðõèâ ¹3 Êàëèíèíãðàä;RG 0001 317 00 03;Ðåãèñòðàöèÿ ÁÏ;ÂÐÓÊ;317;Ðåãèñòðàöèÿ;ØÊ;84,467;AUTO
ÎÑÖ Íèæíèé Íîâãîðîä;Àðõèâ ¹1 Íèæíèé Íîâãîðîä;RG 0001 318 00 03;Ðåãèñòðàöèÿ ÁÏ;;318;Ðåãèñòðàöèÿ;ØÊ;94,032;AUTO
ÎÑÖ Âîðîíåæ;Àðõèâ ¹4 Ñàíêò-Ïåòåðáóðã;RG 0001 318 00 03;Ðåãèñòðàöèÿ ÁÏ;;318;Ðåãèñòðàöèÿ;ØÊ;87,528;AUTO
ÎÑÖ Íîâîñèáèðñê;Àðõèâ ¹3 Åêàòåðèíáóðã;RG 0001 318 00 03;Ðåãèñòðàöèÿ ÁÏ;;318;Ðåãèñòðàöèÿ;ØÊ;95;AUTO
ÎÑÖ Ìîñêâà;Àðõèâ ¹1 Òîìèëèíî;RG 0001 318 00 03;Ðåãèñòðàöèÿ ÁÏ;;318;Ðåãèñòðàöèÿ;ØÊ;88,167;AUTO
ÎÑÖ Ñàìàðà;Àðõèâ ¹1 Ñàìàðà;RG 0001 318 00 03;Ðåãèñòðàöèÿ ÁÏ;;318;Ðåãèñòðàöèÿ;ØÊ;93,633;AUTO
ÎÑÖ Âîðîíåæ;Àðõèâ ¹1 Âîðîíåæ;RG 0001 318 00 03;Ðåãèñòðàöèÿ ÁÏ;;318;Ðåãèñòðàöèÿ;ØÊ;87,682;AUTO
ÎÑÖ Íîâîñèáèðñê;Àðõèâ ¹1 Íîâîñèáèðñê;RG 0001 318 00 03;Ðåãèñòðàöèÿ ÁÏ;;318;Ðåãèñòðàöèÿ;ØÊ;89,477;AUTO
ÎÑÖ Íèæíèé Íîâãîðîä;Àðõèâ ¹1 Íèæíèé Íîâãîðîä;RG 0001 318 01 01;Ðåãèñòðàöèÿ ïî ÁÏ (Îäíîëèñòíûé äîêóìåíò);;318;Ðåãèñòðàöèÿ;ØÊ;25,433;AUTO
ÎÑÖ Íèæíèé Íîâãîðîä;Àðõèâ ¹1 Íèæíèé Íîâãîðîä;RG 0001 318 02 01;Ðåãèñòðàöèÿ ÁÏ (îïèñü);;318;Ðåãèñòðàöèÿ;ØÊ;31,7;AUTO
ÎÑÖ Âîðîíåæ;Àðõèâ ¹4 Ñàíêò-Ïåòåðáóðã;RG 0001 318 01 01;Ðåãèñòðàöèÿ ïî ÁÏ (Îäíîëèñòíûé äîêóìåíò);;318;Ðåãèñòðàöèÿ;ØÊ;17,472;AUTO
ÎÑÖ Âîðîíåæ;Àðõèâ ¹4 Ñàíêò-Ïåòåðáóðã;RG 0001 318 02 01;Ðåãèñòðàöèÿ ÁÏ (îïèñü);;318;Ðåãèñòðàöèÿ;ØÊ;28;AUTO
ÎÑÖ Íîâîñèáèðñê;Àðõèâ ¹3 Åêàòåðèíáóðã;RG 0001 318 01 01;Ðåãèñòðàöèÿ ïî ÁÏ (Îäíîëèñòíûé äîêóìåíò);;318;Ðåãèñòðàöèÿ;ØÊ;25,053;AUTO
ÎÑÖ Íîâîñèáèðñê;Àðõèâ ¹3 Åêàòåðèíáóðã;RG 0001 318 02 01;Ðåãèñòðàöèÿ ÁÏ (îïèñü);;318;Ðåãèñòðàöèÿ;ØÊ;28,452;AUTO
ÎÑÖ Ìîñêâà;Àðõèâ ¹1 Òîìèëèíî;RG 0001 318 01 01;Ðåãèñòðàöèÿ ïî ÁÏ (Îäíîëèñòíûé äîêóìåíò);;318;Ðåãèñòðàöèÿ;ØÊ;24,667;AUTO
ÎÑÖ Ìîñêâà;Àðõèâ ¹1 Òîìèëèíî;RG 0001 318 02 01;Ðåãèñòðàöèÿ ÁÏ (îïèñü);;318;Ðåãèñòðàöèÿ;ØÊ;25,267;AUTO
ÎÑÖ Ñàìàðà;Àðõèâ ¹1 Ñàìàðà;RG 0001 318 01 01;Ðåãèñòðàöèÿ ïî ÁÏ (Îäíîëèñòíûé äîêóìåíò);;318;Ðåãèñòðàöèÿ;ØÊ;24,813;AUTO
ÎÑÖ Ñàìàðà;Àðõèâ ¹1 Ñàìàðà;RG 0001 318 02 01;Ðåãèñòðàöèÿ ÁÏ (îïèñü);;318;Ðåãèñòðàöèÿ;ØÊ;31,767;AUTO
ÎÑÖ Âîðîíåæ;Àðõèâ ¹1 Âîðîíåæ;RG 0001 318 01 01;Ðåãèñòðàöèÿ ïî ÁÏ (Îäíîëèñòíûé äîêóìåíò);;318;Ðåãèñòðàöèÿ;ØÊ;24,8;AUTO
ÎÑÖ Âîðîíåæ;Àðõèâ ¹1 Âîðîíåæ;RG 0001 318 02 01;Ðåãèñòðàöèÿ ÁÏ (îïèñü);;318;Ðåãèñòðàöèÿ;ØÊ;29,833;AUTO
ÎÑÖ Íîâîñèáèðñê;Àðõèâ ¹1 Íîâîñèáèðñê;RG 0001 318 01 01;Ðåãèñòðàöèÿ ïî ÁÏ (Îäíîëèñòíûé äîêóìåíò);;318;Ðåãèñòðàöèÿ;ØÊ;18,5;AUTO
ÎÑÖ Íîâîñèáèðñê;Àðõèâ ¹1 Íîâîñèáèðñê;RG 0001 318 02 01;Ðåãèñòðàöèÿ ÁÏ (îïèñü);;318;Ðåãèñòðàöèÿ;ØÊ;25,533;AUTO
ÎÑÖ Âîðîíåæ;Àðõèâ ¹3 Êàëèíèíãðàä;RG 0001 318 00 03;Ðåãèñòðàöèÿ ÁÏ;;318;Ðåãèñòðàöèÿ;ØÊ;85,1;AUTO
ÎÑÖ Âîðîíåæ;Àðõèâ ¹3 Êàëèíèíãðàä;RG 0001 318 01 01;Ðåãèñòðàöèÿ ïî ÁÏ (Îäíîëèñòíûé äîêóìåíò);;318;Ðåãèñòðàöèÿ;ØÊ;24,767;AUTO
ÎÑÖ Âîðîíåæ;Àðõèâ ¹3 Êàëèíèíãðàä;RG 0001 318 02 01;Ðåãèñòðàöèÿ ÁÏ (îïèñü);;318;Ðåãèñòðàöèÿ;ØÊ;31,733;AUTO
ÎÑÖ Íèæíèé Íîâãîðîä;Àðõèâ ¹1 Íèæíèé Íîâãîðîä;RG 0001 319 00 03;Ðåãèñòðàöèÿ ÁÏ;ÂÐÓÊ;319;Ðåãèñòðàöèÿ;ØÊ;94,062;AUTO
ÎÑÖ Âîðîíåæ;Àðõèâ ¹4 Ñàíêò-Ïåòåðáóðã;RG 0001 319 00 03;Ðåãèñòðàöèÿ ÁÏ;ÂÐÓÊ;319;Ðåãèñòðàöèÿ;ØÊ;87,461;AUTO
ÎÑÖ Íîâîñèáèðñê;Àðõèâ ¹3 Åêàòåðèíáóðã;RG 0001 319 00 03;Ðåãèñòðàöèÿ ÁÏ;ÂÐÓÊ;319;Ðåãèñòðàöèÿ;ØÊ;95;AUTO
ÎÑÖ Ìîñêâà;Àðõèâ ¹1 Òîìèëèíî;RG 0001 319 00 03;Ðåãèñòðàöèÿ ÁÏ;ÂÐÓÊ;319;Ðåãèñòðàöèÿ;ØÊ;84,3;AUTO
ÎÑÖ Ñàìàðà;Àðõèâ ¹1 Ñàìàðà;RG 0001 319 00 03;Ðåãèñòðàöèÿ ÁÏ;ÂÐÓÊ;319;Ðåãèñòðàöèÿ;ØÊ;90,033;AUTO
ÎÑÖ Âîðîíåæ;Àðõèâ ¹1 Âîðîíåæ;RG 0001 319 00 03;Ðåãèñòðàöèÿ ÁÏ;ÂÐÓÊ;319;Ðåãèñòðàöèÿ;ØÊ;89,833;AUTO
ÎÑÖ Íîâîñèáèðñê;Àðõèâ ¹1 Íîâîñèáèðñê;RG 0001 319 00 03;Ðåãèñòðàöèÿ ÁÏ;ÂÐÓÊ;319;Ðåãèñòðàöèÿ;ØÊ;98,375;AUTO
ÎÑÖ Íèæíèé Íîâãîðîä;Àðõèâ ¹1 Íèæíèé Íîâãîðîä;RG 0001 319 01 01;Ðåãèñòðàöèÿ ïî ÁÏ (Îäíîëèñòíûé äîêóìåíò);;319;Ðåãèñòðàöèÿ;ØÊ;22,547;AUTO
ÎÑÖ Íèæíèé Íîâãîðîä;Àðõèâ ¹1 Íèæíèé Íîâãîðîä;RG 0001 319 02 01;Ðåãèñòðàöèÿ ÁÏ (îïèñü);;319;Ðåãèñòðàöèÿ;ØÊ;28,915;AUTO
ÎÑÖ Âîðîíåæ;Àðõèâ ¹4 Ñàíêò-Ïåòåðáóðã;RG 0001 319 01 01;Ðåãèñòðàöèÿ ïî ÁÏ (Îäíîëèñòíûé äîêóìåíò);;319;Ðåãèñòðàöèÿ;ØÊ;19,411;AUTO
ÎÑÖ Âîðîíåæ;Àðõèâ ¹4 Ñàíêò-Ïåòåðáóðã;RG 0001 319 02 01;Ðåãèñòðàöèÿ ÁÏ (îïèñü);;319;Ðåãèñòðàöèÿ;ØÊ;25,29;AUTO
ÎÑÖ Íîâîñèáèðñê;Àðõèâ ¹3 Åêàòåðèíáóðã;RG 0001 319 01 01;Ðåãèñòðàöèÿ ïî ÁÏ (Îäíîëèñòíûé äîêóìåíò);;319;Ðåãèñòðàöèÿ;ØÊ;22,215;AUTO
ÎÑÖ Íîâîñèáèðñê;Àðõèâ ¹3 Åêàòåðèíáóðã;RG 0001 319 02 01;Ðåãèñòðàöèÿ ÁÏ (îïèñü);;319;Ðåãèñòðàöèÿ;ØÊ;28,452;AUTO
ÎÑÖ Ìîñêâà;Àðõèâ ¹1 Òîìèëèíî;RG 0001 319 01 01;Ðåãèñòðàöèÿ ïî ÁÏ (Îäíîëèñòíûé äîêóìåíò);;319;Ðåãèñòðàöèÿ;ØÊ;17,378;AUTO
ÎÑÖ Ìîñêâà;Àðõèâ ¹1 Òîìèëèíî;RG 0001 319 02 01;Ðåãèñòðàöèÿ ÁÏ (îïèñü);;319;Ðåãèñòðàöèÿ;ØÊ;23,28;AUTO
ÎÑÖ Ñàìàðà;Àðõèâ ¹1 Ñàìàðà;RG 0001 319 01 01;Ðåãèñòðàöèÿ ïî ÁÏ (Îäíîëèñòíûé äîêóìåíò);;319;Ðåãèñòðàöèÿ;ØÊ;21,933;AUTO
ÎÑÖ Ñàìàðà;Àðõèâ ¹1 Ñàìàðà;RG 0001 319 02 01;Ðåãèñòðàöèÿ ÁÏ (îïèñü);;319;Ðåãèñòðàöèÿ;ØÊ;27,118;AUTO
ÎÑÖ Âîðîíåæ;Àðõèâ ¹1 Âîðîíåæ;RG 0001 319 01 01;Ðåãèñòðàöèÿ ïî ÁÏ (Îäíîëèñòíûé äîêóìåíò);;319;Ðåãèñòðàöèÿ;ØÊ;20;AUTO
ÎÑÖ Âîðîíåæ;Àðõèâ ¹1 Âîðîíåæ;RG 0001 319 02 01;Ðåãèñòðàöèÿ ÁÏ (îïèñü);;319;Ðåãèñòðàöèÿ;ØÊ;27,4;AUTO
ÎÑÖ Íîâîñèáèðñê;Àðõèâ ¹1 Íîâîñèáèðñê;RG 0001 319 01 01;Ðåãèñòðàöèÿ ïî ÁÏ (Îäíîëèñòíûé äîêóìåíò);;319;Ðåãèñòðàöèÿ;ØÊ;19,455;AUTO
ÎÑÖ Íîâîñèáèðñê;Àðõèâ ¹1 Íîâîñèáèðñê;RG 0001 319 02 01;Ðåãèñòðàöèÿ ÁÏ (îïèñü);;319;Ðåãèñòðàöèÿ;ØÊ;27,2;AUTO
ÎÑÖ Íèæíèé Íîâãîðîä;Àðõèâ ¹1 Íèæíèé Íîâãîðîä;RG 0001 319 01 02;Ðåãèñòðàöèÿ ïî ÁÏ (Îäíîëèñòíûé äîêóìåíò);ÂÑÏ;319;Ðåãèñòðàöèÿ;ØÊ;6,241;AUTO
ÎÑÖ Íèæíèé Íîâãîðîä;Àðõèâ ¹1 Íèæíèé Íîâãîðîä;RG 0001 319 02 02;Ðåãèñòðàöèÿ ÁÏ (îïèñü);ÂÑÏ;319;Ðåãèñòðàöèÿ;ØÊ;11,167;AUTO
ÎÑÖ Âîðîíåæ;Àðõèâ ¹4 Ñàíêò-Ïåòåðáóðã;RG 0001 319 01 02;Ðåãèñòðàöèÿ ïî ÁÏ (Îäíîëèñòíûé äîêóìåíò);ÂÑÏ;319;Ðåãèñòðàöèÿ;ØÊ;6,076;AUTO
ÎÑÖ Âîðîíåæ;Àðõèâ ¹4 Ñàíêò-Ïåòåðáóðã;RG 0001 319 02 02;Ðåãèñòðàöèÿ ÁÏ (îïèñü);ÂÑÏ;319;Ðåãèñòðàöèÿ;ØÊ;11,061;AUTO
ÎÑÖ Íîâîñèáèðñê;Àðõèâ ¹3 Åêàòåðèíáóðã;RG 0001 319 01 02;Ðåãèñòðàöèÿ ïî ÁÏ (Îäíîëèñòíûé äîêóìåíò);ÂÑÏ;319;Ðåãèñòðàöèÿ;ØÊ;6,718;AUTO
ÎÑÖ Íîâîñèáèðñê;Àðõèâ ¹3 Åêàòåðèíáóðã;RG 0001 319 02 02;Ðåãèñòðàöèÿ ÁÏ (îïèñü);ÂÑÏ;319;Ðåãèñòðàöèÿ;ØÊ;12,901;AUTO
ÎÑÖ Ìîñêâà;Àðõèâ ¹1 Òîìèëèíî;RG 0001 319 01 02;Ðåãèñòðàöèÿ ïî ÁÏ (Îäíîëèñòíûé äîêóìåíò);ÂÑÏ;319;Ðåãèñòðàöèÿ;ØÊ;6,187;AUTO
ÎÑÖ Ìîñêâà;Àðõèâ ¹1 Òîìèëèíî;RG 0001 319 02 02;Ðåãèñòðàöèÿ ÁÏ (îïèñü);ÂÑÏ;319;Ðåãèñòðàöèÿ;ØÊ;11,767;AUTO
ÎÑÖ Ñàìàðà;Àðõèâ ¹1 Ñàìàðà;RG 0001 319 01 02;Ðåãèñòðàöèÿ ïî ÁÏ (Îäíîëèñòíûé äîêóìåíò);ÂÑÏ;319;Ðåãèñòðàöèÿ;ØÊ;6,767;AUTO
ÎÑÖ Ñàìàðà;Àðõèâ ¹1 Ñàìàðà;RG 0001 319 02 02;Ðåãèñòðàöèÿ ÁÏ (îïèñü);ÂÑÏ;319;Ðåãèñòðàöèÿ;ØÊ;10,767;AUTO
ÎÑÖ Âîðîíåæ;Àðõèâ ¹1 Âîðîíåæ;RG 0001 319 01 02;Ðåãèñòðàöèÿ ïî ÁÏ (Îäíîëèñòíûé äîêóìåíò);ÂÑÏ;319;Ðåãèñòðàöèÿ;ØÊ;6,091;AUTO
ÎÑÖ Âîðîíåæ;Àðõèâ ¹1 Âîðîíåæ;RG 0001 319 02 02;Ðåãèñòðàöèÿ ÁÏ (îïèñü);ÂÑÏ;319;Ðåãèñòðàöèÿ;ØÊ;13,031;AUTO
ÎÑÖ Íîâîñèáèðñê;Àðõèâ ¹1 Íîâîñèáèðñê;RG 0001 319 01 02;Ðåãèñòðàöèÿ ïî ÁÏ (Îäíîëèñòíûé äîêóìåíò);ÂÑÏ;319;Ðåãèñòðàöèÿ;ØÊ;6,481;AUTO
ÎÑÖ Íîâîñèáèðñê;Àðõèâ ¹1 Íîâîñèáèðñê;RG 0001 319 02 02;Ðåãèñòðàöèÿ ÁÏ (îïèñü);ÂÑÏ;319;Ðåãèñòðàöèÿ;ØÊ;11,442;AUTO
ÎÑÖ Âîðîíåæ;Àðõèâ ¹3 Êàëèíèíãðàä;RG 0001 319 00 03;Ðåãèñòðàöèÿ ÁÏ;ÂÐÓÊ;319;Ðåãèñòðàöèÿ;ØÊ;80,767;AUTO
ÎÑÖ Âîðîíåæ;Àðõèâ ¹3 Êàëèíèíãðàä;RG 0001 319 01 01;Ðåãèñòðàöèÿ ïî ÁÏ (Îäíîëèñòíûé äîêóìåíò);;319;Ðåãèñòðàöèÿ;ØÊ;18,667;AUTO
ÎÑÖ Âîðîíåæ;Àðõèâ ¹3 Êàëèíèíãðàä;RG 0001 319 02 01;Ðåãèñòðàöèÿ ÁÏ (îïèñü);;319;Ðåãèñòðàöèÿ;ØÊ;22,567;AUTO
ÎÑÖ Âîðîíåæ;Àðõèâ ¹3 Êàëèíèíãðàä;RG 0001 319 01 02;Ðåãèñòðàöèÿ ïî ÁÏ (Îäíîëèñòíûé äîêóìåíò);ÂÑÏ;319;Ðåãèñòðàöèÿ;ØÊ;6,833;AUTO
ÎÑÖ Âîðîíåæ;Àðõèâ ¹3 Êàëèíèíãðàä;RG 0001 319 02 02;Ðåãèñòðàöèÿ ÁÏ (îïèñü);ÂÑÏ;319;Ðåãèñòðàöèÿ;ØÊ;12,333;AUTO
ÎÑÖ Íèæíèé Íîâãîðîä;Àðõèâ ¹1 Íèæíèé Íîâãîðîä;RG 0001 322 00 03;Ðåãèñòðàöèÿ ÁÏ;ÂÐÓÊ;322;Ðåãèñòðàöèÿ;ØÊ;94;AUTO
ÎÑÖ Âîðîíåæ;Àðõèâ ¹4 Ñàíêò-Ïåòåðáóðã;RG 0001 322 00 03;Ðåãèñòðàöèÿ ÁÏ;ÂÐÓÊ;322;Ðåãèñòðàöèÿ;ØÊ;84,97;AUTO
ÎÑÖ Íîâîñèáèðñê;Àðõèâ ¹3 Åêàòåðèíáóðã;RG 0001 322 00 03;Ðåãèñòðàöèÿ ÁÏ;ÂÐÓÊ;322;Ðåãèñòðàöèÿ;ØÊ;95;AUTO
ÎÑÖ Ìîñêâà;Àðõèâ ¹1 Òîìèëèíî;RG 0001 322 00 03;Ðåãèñòðàöèÿ ÁÏ;ÂÐÓÊ;322;Ðåãèñòðàöèÿ;ØÊ;88,167;AUTO
ÎÑÖ Ñàìàðà;Àðõèâ ¹1 Ñàìàðà;RG 0001 322 00 03;Ðåãèñòðàöèÿ ÁÏ;ÂÐÓÊ;322;Ðåãèñòðàöèÿ;ØÊ;90,033;AUTO
ÎÑÖ Âîðîíåæ;Àðõèâ ¹1 Âîðîíåæ;RG 0001 322 00 03;Ðåãèñòðàöèÿ ÁÏ;ÂÐÓÊ;322;Ðåãèñòðàöèÿ;ØÊ;72,7;AUTO
ÎÑÖ Íîâîñèáèðñê;Àðõèâ ¹1 Íîâîñèáèðñê;RG 0001 322 00 03;Ðåãèñòðàöèÿ ÁÏ;ÂÐÓÊ;322;Ðåãèñòðàöèÿ;ØÊ;87,567;AUTO
ÎÑÖ Íèæíèé Íîâãîðîä;Àðõèâ ¹1 Íèæíèé Íîâãîðîä;RG 0001 322 01 01;Ðåãèñòðàöèÿ ïî ÁÏ (Îäíîëèñòíûé äîêóìåíò);;322;Ðåãèñòðàöèÿ;ØÊ;23,895;AUTO
ÎÑÖ Íèæíèé Íîâãîðîä;Àðõèâ ¹1 Íèæíèé Íîâãîðîä;RG 0001 322 02 01;Ðåãèñòðàöèÿ ÁÏ (îïèñü);;322;Ðåãèñòðàöèÿ;ØÊ;28,875;AUTO
ÎÑÖ Âîðîíåæ;Àðõèâ ¹4 Ñàíêò-Ïåòåðáóðã;RG 0001 322 01 01;Ðåãèñòðàöèÿ ïî ÁÏ (Îäíîëèñòíûé äîêóìåíò);;322;Ðåãèñòðàöèÿ;ØÊ;18,81;AUTO
ÎÑÖ Âîðîíåæ;Àðõèâ ¹4 Ñàíêò-Ïåòåðáóðã;RG 0001 322 02 01;Ðåãèñòðàöèÿ ÁÏ (îïèñü);;322;Ðåãèñòðàöèÿ;ØÊ;26,267;AUTO
ÎÑÖ Íîâîñèáèðñê;Àðõèâ ¹3 Åêàòåðèíáóðã;RG 0001 322 01 01;Ðåãèñòðàöèÿ ïî ÁÏ (Îäíîëèñòíûé äîêóìåíò);;322;Ðåãèñòðàöèÿ;ØÊ;22,501;AUTO
ÎÑÖ Íîâîñèáèðñê;Àðõèâ ¹3 Åêàòåðèíáóðã;RG 0001 322 02 01;Ðåãèñòðàöèÿ ÁÏ (îïèñü);;322;Ðåãèñòðàöèÿ;ØÊ;28,452;AUTO
ÎÑÖ Ìîñêâà;Àðõèâ ¹1 Òîìèëèíî;RG 0001 322 01 01;Ðåãèñòðàöèÿ ïî ÁÏ (Îäíîëèñòíûé äîêóìåíò);;322;Ðåãèñòðàöèÿ;ØÊ;21,533;AUTO
ÎÑÖ Ìîñêâà;Àðõèâ ¹1 Òîìèëèíî;RG 0001 322 02 01;Ðåãèñòðàöèÿ ÁÏ (îïèñü);;322;Ðåãèñòðàöèÿ;ØÊ;30,8;AUTO
ÎÑÖ Ñàìàðà;Àðõèâ ¹1 Ñàìàðà;RG 0001 322 01 01;Ðåãèñòðàöèÿ ïî ÁÏ (Îäíîëèñòíûé äîêóìåíò);;322;Ðåãèñòðàöèÿ;ØÊ;23,219;AUTO
ÎÑÖ Ñàìàðà;Àðõèâ ¹1 Ñàìàðà;RG 0001 322 02 01;Ðåãèñòðàöèÿ ÁÏ (îïèñü);;322;Ðåãèñòðàöèÿ;ØÊ;26,45;AUTO
ÎÑÖ Âîðîíåæ;Àðõèâ ¹1 Âîðîíåæ;RG 0001 322 01 01;Ðåãèñòðàöèÿ ïî ÁÏ (Îäíîëèñòíûé äîêóìåíò);;322;Ðåãèñòðàöèÿ;ØÊ;23,9;AUTO
ÎÑÖ Âîðîíåæ;Àðõèâ ¹1 Âîðîíåæ;RG 0001 322 02 01;Ðåãèñòðàöèÿ ÁÏ (îïèñü);;322;Ðåãèñòðàöèÿ;ØÊ;28,667;AUTO
ÎÑÖ Íîâîñèáèðñê;Àðõèâ ¹1 Íîâîñèáèðñê;RG 0001 322 01 01;Ðåãèñòðàöèÿ ïî ÁÏ (Îäíîëèñòíûé äîêóìåíò);;322;Ðåãèñòðàöèÿ;ØÊ;18,933;AUTO
ÎÑÖ Íîâîñèáèðñê;Àðõèâ ¹1 Íîâîñèáèðñê;RG 0001 322 02 01;Ðåãèñòðàöèÿ ÁÏ (îïèñü);;322;Ðåãèñòðàöèÿ;ØÊ;28,7;AUTO
ÎÑÖ Íèæíèé Íîâãîðîä;Àðõèâ ¹1 Íèæíèé Íîâãîðîä;RG 0001 322 01 02;Ðåãèñòðàöèÿ ïî ÁÏ (Îäíîëèñòíûé äîêóìåíò);ÂÑÏ;322;Ðåãèñòðàöèÿ;ØÊ;5,683;AUTO
ÎÑÖ Íèæíèé Íîâãîðîä;Àðõèâ ¹1 Íèæíèé Íîâãîðîä;RG 0001 322 02 02;Ðåãèñòðàöèÿ ÁÏ (îïèñü);ÂÑÏ;322;Ðåãèñòðàöèÿ;ØÊ;15,778;AUTO
ÎÑÖ Âîðîíåæ;Àðõèâ ¹4 Ñàíêò-Ïåòåðáóðã;RG 0001 322 01 02;Ðåãèñòðàöèÿ ïî ÁÏ (Îäíîëèñòíûé äîêóìåíò);ÂÑÏ;322;Ðåãèñòðàöèÿ;ØÊ;6,672;AUTO
ÎÑÖ Âîðîíåæ;Àðõèâ ¹4 Ñàíêò-Ïåòåðáóðã;RG 0001 322 02 02;Ðåãèñòðàöèÿ ÁÏ (îïèñü);ÂÑÏ;322;Ðåãèñòðàöèÿ;ØÊ;17,6;AUTO
ÎÑÖ Íîâîñèáèðñê;Àðõèâ ¹3 Åêàòåðèíáóðã;RG 0001 322 01 02;Ðåãèñòðàöèÿ ïî ÁÏ (Îäíîëèñòíûé äîêóìåíò);ÂÑÏ;322;Ðåãèñòðàöèÿ;ØÊ;6,718;AUTO
ÎÑÖ Íîâîñèáèðñê;Àðõèâ ¹3 Åêàòåðèíáóðã;RG 0001 322 02 02;Ðåãèñòðàöèÿ ÁÏ (îïèñü);ÂÑÏ;322;Ðåãèñòðàöèÿ;ØÊ;20,145;AUTO
ÎÑÖ Ìîñêâà;Àðõèâ ¹1 Òîìèëèíî;RG 0001 322 02 02;Ðåãèñòðàöèÿ ÁÏ (îïèñü);ÂÑÏ;322;Ðåãèñòðàöèÿ;ØÊ;20,2;AUTO
ÎÑÖ Ñàìàðà;Àðõèâ ¹1 Ñàìàðà;RG 0001 322 01 02;Ðåãèñòðàöèÿ ïî ÁÏ (Îäíîëèñòíûé äîêóìåíò);ÂÑÏ;322;Ðåãèñòðàöèÿ;ØÊ;7;AUTO
ÎÑÖ Ñàìàðà;Àðõèâ ¹1 Ñàìàðà;RG 0001 322 02 02;Ðåãèñòðàöèÿ ÁÏ (îïèñü);ÂÑÏ;322;Ðåãèñòðàöèÿ;ØÊ;18,2;AUTO
ÎÑÖ Âîðîíåæ;Àðõèâ ¹1 Âîðîíåæ;RG 0001 322 01 02;Ðåãèñòðàöèÿ ïî ÁÏ (Îäíîëèñòíûé äîêóìåíò);ÂÑÏ;322;Ðåãèñòðàöèÿ;ØÊ;6,581;AUTO
ÎÑÖ Âîðîíåæ;Àðõèâ ¹1 Âîðîíåæ;RG 0001 322 02 02;Ðåãèñòðàöèÿ ÁÏ (îïèñü);ÂÑÏ;322;Ðåãèñòðàöèÿ;ØÊ;19,2;AUTO
ÎÑÖ Íîâîñèáèðñê;Àðõèâ ¹1 Íîâîñèáèðñê;RG 0001 322 01 02;Ðåãèñòðàöèÿ ïî ÁÏ (Îäíîëèñòíûé äîêóìåíò);ÂÑÏ;322;Ðåãèñòðàöèÿ;ØÊ;7,1;AUTO
ÎÑÖ Íîâîñèáèðñê;Àðõèâ ¹1 Íîâîñèáèðñê;RG 0001 322 02 02;Ðåãèñòðàöèÿ ÁÏ (îïèñü);ÂÑÏ;322;Ðåãèñòðàöèÿ;ØÊ;18,567;AUTO
ÎÑÖ Âîðîíåæ;Àðõèâ ¹3 Êàëèíèíãðàä;RG 0001 322 00 03;Ðåãèñòðàöèÿ ÁÏ;ÂÐÓÊ;322;Ðåãèñòðàöèÿ;ØÊ;82,267;AUTO
ÎÑÖ Âîðîíåæ;Àðõèâ ¹3 Êàëèíèíãðàä;RG 0001 322 01 01;Ðåãèñòðàöèÿ ïî ÁÏ (Îäíîëèñòíûé äîêóìåíò);;322;Ðåãèñòðàöèÿ;ØÊ;22,2;AUTO
ÎÑÖ Âîðîíåæ;Àðõèâ ¹3 Êàëèíèíãðàä;RG 0001 322 02 01;Ðåãèñòðàöèÿ ÁÏ (îïèñü);;322;Ðåãèñòðàöèÿ;ØÊ;30,467;AUTO
ÎÑÖ Âîðîíåæ;Àðõèâ ¹3 Êàëèíèíãðàä;RG 0001 322 01 02;Ðåãèñòðàöèÿ ïî ÁÏ (Îäíîëèñòíûé äîêóìåíò);ÂÑÏ;322;Ðåãèñòðàöèÿ;ØÊ;6,933;AUTO
ÎÑÖ Âîðîíåæ;Àðõèâ ¹3 Êàëèíèíãðàä;RG 0001 322 02 02;Ðåãèñòðàöèÿ ÁÏ (îïèñü);ÂÑÏ;322;Ðåãèñòðàöèÿ;ØÊ;18,267;AUTO
ÎÑÖ Íèæíèé Íîâãîðîä;Àðõèâ ¹1 Íèæíèé Íîâãîðîä;RG 0001 323 01 01;Ðåãèñòðàöèÿ ïî ÁÏ (Îäíîëèñòíûé äîêóìåíò);;323;Ðåãèñòðàöèÿ;ØÊ;17,047;AUTO
ÎÑÖ Íèæíèé Íîâãîðîä;Àðõèâ ¹1 Íèæíèé Íîâãîðîä;RG 0001 323 02 01;Ðåãèñòðàöèÿ ÁÏ (îïèñü);;323;Ðåãèñòðàöèÿ;ØÊ;21;AUTO
ÎÑÖ Íèæíèé Íîâãîðîä;Àðõèâ ¹1 Íèæíèé Íîâãîðîä;RG 0001 323 01 02;Ðåãèñòðàöèÿ ïî ÁÏ (Îäíîëèñòíûé äîêóìåíò);ÂÑÏ;323;Ðåãèñòðàöèÿ;ØÊ;8,829;AUTO
ÎÑÖ Íèæíèé Íîâãîðîä;Àðõèâ ¹1 Íèæíèé Íîâãîðîä;RG 0001 323 02 02;Ðåãèñòðàöèÿ ÁÏ (îïèñü);ÂÑÏ;323;Ðåãèñòðàöèÿ;ØÊ;16,958;AUTO
ÎÑÖ Âîðîíåæ;Àðõèâ ¹4 Ñàíêò-Ïåòåðáóðã;RG 0001 323 01 01;Ðåãèñòðàöèÿ ïî ÁÏ (Îäíîëèñòíûé äîêóìåíò);;323;Ðåãèñòðàöèÿ;ØÊ;16,35;AUTO
ÎÑÖ Âîðîíåæ;Àðõèâ ¹4 Ñàíêò-Ïåòåðáóðã;RG 0001 323 02 01;Ðåãèñòðàöèÿ ÁÏ (îïèñü);;323;Ðåãèñòðàöèÿ;ØÊ;20,6;AUTO
ÎÑÖ Âîðîíåæ;Àðõèâ ¹4 Ñàíêò-Ïåòåðáóðã;RG 0001 323 01 02;Ðåãèñòðàöèÿ ïî ÁÏ (Îäíîëèñòíûé äîêóìåíò);ÂÑÏ;323;Ðåãèñòðàöèÿ;ØÊ;8,3;AUTO
ÎÑÖ Âîðîíåæ;Àðõèâ ¹4 Ñàíêò-Ïåòåðáóðã;RG 0001 323 02 02;Ðåãèñòðàöèÿ ÁÏ (îïèñü);ÂÑÏ;323;Ðåãèñòðàöèÿ;ØÊ;14,655;AUTO
ÎÑÖ Íîâîñèáèðñê;Àðõèâ ¹3 Åêàòåðèíáóðã;RG 0001 323 01 01;Ðåãèñòðàöèÿ ïî ÁÏ (Îäíîëèñòíûé äîêóìåíò);;323;Ðåãèñòðàöèÿ;ØÊ;17,9;AUTO
ÎÑÖ Íîâîñèáèðñê;Àðõèâ ¹3 Åêàòåðèíáóðã;RG 0001 323 02 01;Ðåãèñòðàöèÿ ÁÏ (îïèñü);;323;Ðåãèñòðàöèÿ;ØÊ;22,5;AUTO
ÎÑÖ Íîâîñèáèðñê;Àðõèâ ¹3 Åêàòåðèíáóðã;RG 0001 323 01 02;Ðåãèñòðàöèÿ ïî ÁÏ (Îäíîëèñòíûé äîêóìåíò);ÂÑÏ;323;Ðåãèñòðàöèÿ;ØÊ;8,4;AUTO
ÎÑÖ Íîâîñèáèðñê;Àðõèâ ¹3 Åêàòåðèíáóðã;RG 0001 323 02 02;Ðåãèñòðàöèÿ ÁÏ (îïèñü);ÂÑÏ;323;Ðåãèñòðàöèÿ;ØÊ;15,668;AUTO
ÎÑÖ Âîðîíåæ;Àðõèâ ¹3 Êàëèíèíãðàä;RG 0001 323 01 01;Ðåãèñòðàöèÿ ïî ÁÏ (Îäíîëèñòíûé äîêóìåíò);;323;Ðåãèñòðàöèÿ;ØÊ;17,8;AUTO
ÎÑÖ Âîðîíåæ;Àðõèâ ¹3 Êàëèíèíãðàä;RG 0001 323 02 01;Ðåãèñòðàöèÿ ÁÏ (îïèñü);;323;Ðåãèñòðàöèÿ;ØÊ;22,8;AUTO
ÎÑÖ Âîðîíåæ;Àðõèâ ¹3 Êàëèíèíãðàä;RG 0001 323 01 02;Ðåãèñòðàöèÿ ïî ÁÏ (Îäíîëèñòíûé äîêóìåíò);ÂÑÏ;323;Ðåãèñòðàöèÿ;ØÊ;8,867;AUTO
ÎÑÖ Âîðîíåæ;Àðõèâ ¹3 Êàëèíèíãðàä;RG 0001 323 02 02;Ðåãèñòðàöèÿ ÁÏ (îïèñü);ÂÑÏ;323;Ðåãèñòðàöèÿ;ØÊ;17,694;AUTO
ÎÑÖ Ìîñêâà;Àðõèâ ¹1 Òîìèëèíî;RG 0001 323 01 02;Ðåãèñòðàöèÿ ïî ÁÏ (Îäíîëèñòíûé äîêóìåíò);ÂÑÏ;323;Ðåãèñòðàöèÿ;ØÊ;8,703;AUTO
ÎÑÖ Ìîñêâà;Àðõèâ ¹1 Òîìèëèíî;RG 0001 323 02 02;Ðåãèñòðàöèÿ ÁÏ (îïèñü);ÂÑÏ;323;Ðåãèñòðàöèÿ;ØÊ;17,7;AUTO
ÎÑÖ Ìîñêâà;Àðõèâ ¹1 Òîìèëèíî;RG 0001 323 01 01;Ðåãèñòðàöèÿ ïî ÁÏ (Îäíîëèñòíûé äîêóìåíò);;323;Ðåãèñòðàöèÿ;ØÊ;17,867;AUTO
ÎÑÖ Ìîñêâà;Àðõèâ ¹1 Òîìèëèíî;RG 0001 323 02 01;Ðåãèñòðàöèÿ ÁÏ (îïèñü);;323;Ðåãèñòðàöèÿ;ØÊ;22,767;AUTO
ÎÑÖ Ñàìàðà;Àðõèâ ¹1 Ñàìàðà;RG 0001 323 01 01;Ðåãèñòðàöèÿ ïî ÁÏ (Îäíîëèñòíûé äîêóìåíò);;323;Ðåãèñòðàöèÿ;ØÊ;12,061;AUTO
ÎÑÖ Ñàìàðà;Àðõèâ ¹1 Ñàìàðà;RG 0001 323 02 01;Ðåãèñòðàöèÿ ÁÏ (îïèñü);;323;Ðåãèñòðàöèÿ;ØÊ;19,467;AUTO
ÎÑÖ Ñàìàðà;Àðõèâ ¹1 Ñàìàðà;RG 0001 323 01 02;Ðåãèñòðàöèÿ ïî ÁÏ (Îäíîëèñòíûé äîêóìåíò);ÂÑÏ;323;Ðåãèñòðàöèÿ;ØÊ;9,516;AUTO
ÎÑÖ Ñàìàðà;Àðõèâ ¹1 Ñàìàðà;RG 0001 323 02 02;Ðåãèñòðàöèÿ ÁÏ (îïèñü);ÂÑÏ;323;Ðåãèñòðàöèÿ;ØÊ;16,068;AUTO
ÎÑÖ Âîðîíåæ;Àðõèâ ¹1 Âîðîíåæ;RG 0001 323 01 01;Ðåãèñòðàöèÿ ïî ÁÏ (Îäíîëèñòíûé äîêóìåíò);;323;Ðåãèñòðàöèÿ;ØÊ;16,6;AUTO
ÎÑÖ Âîðîíåæ;Àðõèâ ¹1 Âîðîíåæ;RG 0001 323 02 01;Ðåãèñòðàöèÿ ÁÏ (îïèñü);;323;Ðåãèñòðàöèÿ;ØÊ;20,633;AUTO
ÎÑÖ Âîðîíåæ;Àðõèâ ¹1 Âîðîíåæ;RG 0001 323 01 02;Ðåãèñòðàöèÿ ïî ÁÏ (Îäíîëèñòíûé äîêóìåíò);ÂÑÏ;323;Ðåãèñòðàöèÿ;ØÊ;8,818;AUTO
ÎÑÖ Âîðîíåæ;Àðõèâ ¹1 Âîðîíåæ;RG 0001 323 02 02;Ðåãèñòðàöèÿ ÁÏ (îïèñü);ÂÑÏ;323;Ðåãèñòðàöèÿ;ØÊ;14,6;AUTO
ÎÑÖ Íîâîñèáèðñê;Àðõèâ ¹1 Íîâîñèáèðñê;RG 0001 323 01 01;Ðåãèñòðàöèÿ ïî ÁÏ (Îäíîëèñòíûé äîêóìåíò);;323;Ðåãèñòðàöèÿ;ØÊ;16,6;AUTO
ÎÑÖ Íîâîñèáèðñê;Àðõèâ ¹1 Íîâîñèáèðñê;RG 0001 323 02 01;Ðåãèñòðàöèÿ ÁÏ (îïèñü);;323;Ðåãèñòðàöèÿ;ØÊ;21,467;AUTO
ÎÑÖ Íîâîñèáèðñê;Àðõèâ ¹1 Íîâîñèáèðñê;RG 0001 323 01 02;Ðåãèñòðàöèÿ ïî ÁÏ (Îäíîëèñòíûé äîêóìåíò);ÂÑÏ;323;Ðåãèñòðàöèÿ;ØÊ;8,806;AUTO
ÎÑÖ Íîâîñèáèðñê;Àðõèâ ¹1 Íîâîñèáèðñê;RG 0001 323 02 02;Ðåãèñòðàöèÿ ÁÏ (îïèñü);ÂÑÏ;323;Ðåãèñòðàöèÿ;ØÊ;17,633;AUTO
ÎÑÖ Íèæíèé Íîâãîðîä;Àðõèâ ¹1 Íèæíèé Íîâãîðîä;RG 0001 324 01 01;Ðåãèñòðàöèÿ ïî ÁÏ (Îäíîëèñòíûé äîêóìåíò);;324;Ðåãèñòðàöèÿ;ØÊ;18,233;AUTO
ÎÑÖ Íèæíèé Íîâãîðîä;Àðõèâ ¹1 Íèæíèé Íîâãîðîä;RG 0001 324 02 01;Ðåãèñòðàöèÿ ÁÏ (îïèñü);;324;Ðåãèñòðàöèÿ;ØÊ;23,067;AUTO
ÎÑÖ Íèæíèé Íîâãîðîä;Àðõèâ ¹1 Íèæíèé Íîâãîðîä;RG 0001 324 01 02;Ðåãèñòðàöèÿ ïî ÁÏ (Îäíîëèñòíûé äîêóìåíò);ÂÑÏ;324;Ðåãèñòðàöèÿ;ØÊ;6,967;AUTO
ÎÑÖ Íèæíèé Íîâãîðîä;Àðõèâ ¹1 Íèæíèé Íîâãîðîä;RG 0001 324 02 02;Ðåãèñòðàöèÿ ÁÏ (îïèñü);ÂÑÏ;324;Ðåãèñòðàöèÿ;ØÊ;16,333;AUTO
ÎÑÖ Íèæíèé Íîâãîðîä;Àðõèâ ¹1 Íèæíèé Íîâãîðîä;RG 0001 324 00 03;Ðåãèñòðàöèÿ ÁÏ;ÂÐÓÊ;324;Ðåãèñòðàöèÿ;ØÊ;93;AUTO
ÎÑÖ Âîðîíåæ;Àðõèâ ¹4 Ñàíêò-Ïåòåðáóðã;RG 0001 324 00 03;Ðåãèñòðàöèÿ ÁÏ;ÂÐÓÊ;324;Ðåãèñòðàöèÿ;ØÊ;82,781;AUTO
ÎÑÖ Íîâîñèáèðñê;Àðõèâ ¹3 Åêàòåðèíáóðã;RG 0001 324 00 03;Ðåãèñòðàöèÿ ÁÏ;ÂÐÓÊ;324;Ðåãèñòðàöèÿ;ØÊ;95;AUTO
ÎÑÖ Ìîñêâà;Àðõèâ ¹1 Òîìèëèíî;RG 0001 324 00 03;Ðåãèñòðàöèÿ ÁÏ;ÂÐÓÊ;324;Ðåãèñòðàöèÿ;ØÊ;81,9;AUTO
ÎÑÖ Ñàìàðà;Àðõèâ ¹1 Ñàìàðà;RG 0001 324 00 03;Ðåãèñòðàöèÿ ÁÏ;ÂÐÓÊ;324;Ðåãèñòðàöèÿ;ØÊ;91,267;AUTO
ÎÑÖ Âîðîíåæ;Àðõèâ ¹1 Âîðîíåæ;RG 0001 324 00 03;Ðåãèñòðàöèÿ ÁÏ;ÂÐÓÊ;324;Ðåãèñòðàöèÿ;ØÊ;82,1;AUTO
ÎÑÖ Íîâîñèáèðñê;Àðõèâ ¹1 Íîâîñèáèðñê;RG 0001 324 00 03;Ðåãèñòðàöèÿ ÁÏ;ÂÐÓÊ;324;Ðåãèñòðàöèÿ;ØÊ;85,933;AUTO
ÎÑÖ Âîðîíåæ;Àðõèâ ¹4 Ñàíêò-Ïåòåðáóðã;RG 0001 324 01 01;Ðåãèñòðàöèÿ ïî ÁÏ (Îäíîëèñòíûé äîêóìåíò);;324;Ðåãèñòðàöèÿ;ØÊ;15,781;AUTO
ÎÑÖ Âîðîíåæ;Àðõèâ ¹4 Ñàíêò-Ïåòåðáóðã;RG 0001 324 02 01;Ðåãèñòðàöèÿ ÁÏ (îïèñü);;324;Ðåãèñòðàöèÿ;ØÊ;22,03;AUTO
ÎÑÖ Íîâîñèáèðñê;Àðõèâ ¹3 Åêàòåðèíáóðã;RG 0001 324 01 01;Ðåãèñòðàöèÿ ïî ÁÏ (Îäíîëèñòíûé äîêóìåíò);;324;Ðåãèñòðàöèÿ;ØÊ;16,209;AUTO
ÎÑÖ Íîâîñèáèðñê;Àðõèâ ¹3 Åêàòåðèíáóðã;RG 0001 324 02 01;Ðåãèñòðàöèÿ ÁÏ (îïèñü);;324;Ðåãèñòðàöèÿ;ØÊ;24,8;AUTO
ÎÑÖ Ìîñêâà;Àðõèâ ¹1 Òîìèëèíî;RG 0001 324 01 01;Ðåãèñòðàöèÿ ïî ÁÏ (Îäíîëèñòíûé äîêóìåíò);;324;Ðåãèñòðàöèÿ;ØÊ;15,353;AUTO
ÎÑÖ Ìîñêâà;Àðõèâ ¹1 Òîìèëèíî;RG 0001 324 02 01;Ðåãèñòðàöèÿ ÁÏ (îïèñü);;324;Ðåãèñòðàöèÿ;ØÊ;22,267;AUTO
ÎÑÖ Ñàìàðà;Àðõèâ ¹1 Ñàìàðà;RG 0001 324 01 01;Ðåãèñòðàöèÿ ïî ÁÏ (Îäíîëèñòíûé äîêóìåíò);;324;Ðåãèñòðàöèÿ;ØÊ;19,419;AUTO
ÎÑÖ Ñàìàðà;Àðõèâ ¹1 Ñàìàðà;RG 0001 324 02 01;Ðåãèñòðàöèÿ ÁÏ (îïèñü);;324;Ðåãèñòðàöèÿ;ØÊ;23,833;AUTO
ÎÑÖ Âîðîíåæ;Àðõèâ ¹1 Âîðîíåæ;RG 0001 324 01 01;Ðåãèñòðàöèÿ ïî ÁÏ (Îäíîëèñòíûé äîêóìåíò);;324;Ðåãèñòðàöèÿ;ØÊ;19,633;AUTO
ÎÑÖ Âîðîíåæ;Àðõèâ ¹1 Âîðîíåæ;RG 0001 324 02 01;Ðåãèñòðàöèÿ ÁÏ (îïèñü);;324;Ðåãèñòðàöèÿ;ØÊ;23,5;AUTO
ÎÑÖ Íîâîñèáèðñê;Àðõèâ ¹1 Íîâîñèáèðñê;RG 0001 324 01 01;Ðåãèñòðàöèÿ ïî ÁÏ (Îäíîëèñòíûé äîêóìåíò);;324;Ðåãèñòðàöèÿ;ØÊ;18,3;AUTO
ÎÑÖ Íîâîñèáèðñê;Àðõèâ ¹1 Íîâîñèáèðñê;RG 0001 324 02 01;Ðåãèñòðàöèÿ ÁÏ (îïèñü);;324;Ðåãèñòðàöèÿ;ØÊ;20;AUTO
ÎÑÖ Âîðîíåæ;Àðõèâ ¹4 Ñàíêò-Ïåòåðáóðã;RG 0001 324 01 02;Ðåãèñòðàöèÿ ïî ÁÏ (Îäíîëèñòíûé äîêóìåíò);ÂÑÏ;324;Ðåãèñòðàöèÿ;ØÊ;6,531;AUTO
ÎÑÖ Âîðîíåæ;Àðõèâ ¹4 Ñàíêò-Ïåòåðáóðã;RG 0001 324 02 02;Ðåãèñòðàöèÿ ÁÏ (îïèñü);ÂÑÏ;324;Ðåãèñòðàöèÿ;ØÊ;14,655;AUTO
ÎÑÖ Íîâîñèáèðñê;Àðõèâ ¹3 Åêàòåðèíáóðã;RG 0001 324 01 02;Ðåãèñòðàöèÿ ïî ÁÏ (Îäíîëèñòíûé äîêóìåíò);ÂÑÏ;324;Ðåãèñòðàöèÿ;ØÊ;6,718;AUTO
ÎÑÖ Íîâîñèáèðñê;Àðõèâ ¹3 Åêàòåðèíáóðã;RG 0001 324 02 02;Ðåãèñòðàöèÿ ÁÏ (îïèñü);ÂÑÏ;324;Ðåãèñòðàöèÿ;ØÊ;18,335;AUTO
ÎÑÖ Ìîñêâà;Àðõèâ ¹1 Òîìèëèíî;RG 0001 324 01 02;Ðåãèñòðàöèÿ ïî ÁÏ (Îäíîëèñòíûé äîêóìåíò);ÂÑÏ;324;Ðåãèñòðàöèÿ;ØÊ;7,119;AUTO
ÎÑÖ Ìîñêâà;Àðõèâ ¹1 Òîìèëèíî;RG 0001 324 02 02;Ðåãèñòðàöèÿ ÁÏ (îïèñü);ÂÑÏ;324;Ðåãèñòðàöèÿ;ØÊ;14,14;AUTO
ÎÑÖ Ñàìàðà;Àðõèâ ¹1 Ñàìàðà;RG 0001 324 01 02;Ðåãèñòðàöèÿ ïî ÁÏ (Îäíîëèñòíûé äîêóìåíò);ÂÑÏ;324;Ðåãèñòðàöèÿ;ØÊ;7,167;AUTO
ÎÑÖ Ñàìàðà;Àðõèâ ¹1 Ñàìàðà;RG 0001 324 02 02;Ðåãèñòðàöèÿ ÁÏ (îïèñü);ÂÑÏ;324;Ðåãèñòðàöèÿ;ØÊ;14,933;AUTO
ÎÑÖ Âîðîíåæ;Àðõèâ ¹1 Âîðîíåæ;RG 0001 324 01 02;Ðåãèñòðàöèÿ ïî ÁÏ (Îäíîëèñòíûé äîêóìåíò);ÂÑÏ;324;Ðåãèñòðàöèÿ;ØÊ;6,667;AUTO
ÎÑÖ Âîðîíåæ;Àðõèâ ¹1 Âîðîíåæ;RG 0001 324 02 02;Ðåãèñòðàöèÿ ÁÏ (îïèñü);ÂÑÏ;324;Ðåãèñòðàöèÿ;ØÊ;18;AUTO
ÎÑÖ Íîâîñèáèðñê;Àðõèâ ¹1 Íîâîñèáèðñê;RG 0001 324 01 02;Ðåãèñòðàöèÿ ïî ÁÏ (Îäíîëèñòíûé äîêóìåíò);ÂÑÏ;324;Ðåãèñòðàöèÿ;ØÊ;7,7;AUTO
ÎÑÖ Íîâîñèáèðñê;Àðõèâ ¹1 Íîâîñèáèðñê;RG 0001 324 02 02;Ðåãèñòðàöèÿ ÁÏ (îïèñü);ÂÑÏ;324;Ðåãèñòðàöèÿ;ØÊ;18,2;AUTO
ÎÑÖ Âîðîíåæ;Àðõèâ ¹3 Êàëèíèíãðàä;RG 0001 324 00 03;Ðåãèñòðàöèÿ ÁÏ;ÂÐÓÊ;324;Ðåãèñòðàöèÿ;ØÊ;82,533;AUTO
ÎÑÖ Âîðîíåæ;Àðõèâ ¹3 Êàëèíèíãðàä;RG 0001 324 01 01;Ðåãèñòðàöèÿ ïî ÁÏ (Îäíîëèñòíûé äîêóìåíò);;324;Ðåãèñòðàöèÿ;ØÊ;19,733;AUTO
ÎÑÖ Âîðîíåæ;Àðõèâ ¹3 Êàëèíèíãðàä;RG 0001 324 02 01;Ðåãèñòðàöèÿ ÁÏ (îïèñü);;324;Ðåãèñòðàöèÿ;ØÊ;25;AUTO
ÎÑÖ Âîðîíåæ;Àðõèâ ¹3 Êàëèíèíãðàä;RG 0001 324 01 02;Ðåãèñòðàöèÿ ïî ÁÏ (Îäíîëèñòíûé äîêóìåíò);ÂÑÏ;324;Ðåãèñòðàöèÿ;ØÊ;6,967;AUTO
ÎÑÖ Âîðîíåæ;Àðõèâ ¹3 Êàëèíèíãðàä;RG 0001 324 02 02;Ðåãèñòðàöèÿ ÁÏ (îïèñü);ÂÑÏ;324;Ðåãèñòðàöèÿ;ØÊ;18,433;AUTO
ÎÑÖ Íèæíèé Íîâãîðîä;Àðõèâ ¹1 Íèæíèé Íîâãîðîä;RG 0001 328 00 03;Ðåãèñòðàöèÿ ÁÏ;ÂÐÓÊ;328;Ðåãèñòðàöèÿ;ØÊ;93;AUTO
ÎÑÖ Âîðîíåæ;Àðõèâ ¹4 Ñàíêò-Ïåòåðáóðã;RG 0001 328 00 03;Ðåãèñòðàöèÿ ÁÏ;ÂÐÓÊ;328;Ðåãèñòðàöèÿ;ØÊ;89,494;AUTO
ÎÑÖ Íîâîñèáèðñê;Àðõèâ ¹3 Åêàòåðèíáóðã;RG 0001 328 00 03;Ðåãèñòðàöèÿ ÁÏ;ÂÐÓÊ;328;Ðåãèñòðàöèÿ;ØÊ;95;AUTO
ÎÑÖ Ìîñêâà;Àðõèâ ¹1 Òîìèëèíî;RG 0001 328 00 03;Ðåãèñòðàöèÿ ÁÏ;ÂÐÓÊ;328;Ðåãèñòðàöèÿ;ØÊ;88,967;AUTO
ÎÑÖ Ñàìàðà;Àðõèâ ¹1 Ñàìàðà;RG 0001 328 00 03;Ðåãèñòðàöèÿ ÁÏ;ÂÐÓÊ;328;Ðåãèñòðàöèÿ;ØÊ;90,033;AUTO
ÎÑÖ Âîðîíåæ;Àðõèâ ¹1 Âîðîíåæ;RG 0001 328 00 03;Ðåãèñòðàöèÿ ÁÏ;ÂÐÓÊ;328;Ðåãèñòðàöèÿ;ØÊ;90,1;AUTO
ÎÑÖ Íîâîñèáèðñê;Àðõèâ ¹1 Íîâîñèáèðñê;RG 0001 328 00 03;Ðåãèñòðàöèÿ ÁÏ;ÂÐÓÊ;328;Ðåãèñòðàöèÿ;ØÊ;85,833;AUTO
ÎÑÖ Âîðîíåæ;Àðõèâ ¹3 Êàëèíèíãðàä;RG 0001 328 00 03;Ðåãèñòðàöèÿ ÁÏ;ÂÐÓÊ;328;Ðåãèñòðàöèÿ;ØÊ;89,333;AUTO
ÎÑÖ Ìîñêâà;Àðõèâ ¹1 Òîìèëèíî;CP 0030 000 00 03;Äîóêîìïëåêòîâàíèå äîêóìåíòà ÇÄ â àðõèâíûé/ôàéëîâûé êîðîá;;;Ëîãèñòèêà;Äîêóìåíò;5,34;AUTO
ÎÑÖ Ìîñêâà;Àðõèâ ¹1 Òîìèëèíî;CP 0030 000 00 04;Äîóêîìïëåêòîâàíèå Ñøèâà â àðõèâíûé/ôàéëîâûé êîðîá;;;Ëîãèñòèêà;Äîêóìåíò;7,2;AUTO
ÎÑÖ Íîâîñèáèðñê;Àðõèâ ¹1 Íîâîñèáèðñê;CP 0030 000 00 03;Äîóêîìïëåêòîâàíèå äîêóìåíòà ÇÄ â àðõèâíûé/ôàéëîâûé êîðîá;;;Ëîãèñòèêà;Äîêóìåíò;7,511;AUTO
ÎÑÖ Íîâîñèáèðñê;Àðõèâ ¹1 Íîâîñèáèðñê;CP 0030 000 00 04;Äîóêîìïëåêòîâàíèå Ñøèâà â àðõèâíûé/ôàéëîâûé êîðîá;;;Ëîãèñòèêà;Äîêóìåíò;8,215;AUTO
ÎÑÖ Ñàìàðà;Àðõèâ ¹1 Ñàìàðà;CP 0030 000 00 03;Äîóêîìïëåêòîâàíèå äîêóìåíòà ÇÄ â àðõèâíûé/ôàéëîâûé êîðîá;;;Ëîãèñòèêà;Äîêóìåíò;8,694;AUTO
ÎÑÖ Ñàìàðà;Àðõèâ ¹1 Ñàìàðà;CP 0030 000 00 04;Äîóêîìïëåêòîâàíèå Ñøèâà â àðõèâíûé/ôàéëîâûé êîðîá;;;Ëîãèñòèêà;Äîêóìåíò;6,361;AUTO
ÎÑÖ Âîðîíåæ;Àðõèâ ¹1 Âîðîíåæ;CP 0030 000 00 03;Äîóêîìïëåêòîâàíèå äîêóìåíòà ÇÄ â àðõèâíûé/ôàéëîâûé êîðîá;;;Ëîãèñòèêà;Äîêóìåíò;6,323;AUTO
ÎÑÖ Âîðîíåæ;Àðõèâ ¹1 Âîðîíåæ;CP 0030 000 00 04;Äîóêîìïëåêòîâàíèå Ñøèâà â àðõèâíûé/ôàéëîâûé êîðîá;;;Ëîãèñòèêà;Äîêóìåíò;7,481;AUTO
ÎÑÖ Íèæíèé Íîâãîðîä;Àðõèâ ¹1 Íèæíèé Íîâãîðîä;CP 0030 000 00 03;Äîóêîìïëåêòîâàíèå äîêóìåíòà ÇÄ â àðõèâíûé/ôàéëîâûé êîðîá;;;Ëîãèñòèêà;Äîêóìåíò;5,877;AUTO
ÎÑÖ Íèæíèé Íîâãîðîä;Àðõèâ ¹1 Íèæíèé Íîâãîðîä;CP 0030 000 00 04;Äîóêîìïëåêòîâàíèå Ñøèâà â àðõèâíûé/ôàéëîâûé êîðîá;;;Ëîãèñòèêà;Äîêóìåíò;7,48;AUTO
ÎÑÖ Âîðîíåæ;Àðõèâ ¹3 Êàëèíèíãðàä;CP 0030 000 00 03;Äîóêîìïëåêòîâàíèå äîêóìåíòà ÇÄ â àðõèâíûé/ôàéëîâûé êîðîá;;;Ëîãèñòèêà;Äîêóìåíò;7,073;AUTO
ÎÑÖ Âîðîíåæ;Àðõèâ ¹3 Êàëèíèíãðàä;CP 0030 000 00 04;Äîóêîìïëåêòîâàíèå Ñøèâà â àðõèâíûé/ôàéëîâûé êîðîá;;;Ëîãèñòèêà;Äîêóìåíò;7,831;AUTO
ÎÑÖ Âîðîíåæ;Àðõèâ ¹4 Ñàíêò-Ïåòåðáóðã;CP 0030 000 00 03;Äîóêîìïëåêòîâàíèå äîêóìåíòà ÇÄ â àðõèâíûé/ôàéëîâûé êîðîá;;;Ëîãèñòèêà;Äîêóìåíò;5,3;AUTO
ÎÑÖ Âîðîíåæ;Àðõèâ ¹4 Ñàíêò-Ïåòåðáóðã;CP 0030 000 00 04;Äîóêîìïëåêòîâàíèå Ñøèâà â àðõèâíûé/ôàéëîâûé êîðîá;;;Ëîãèñòèêà;Äîêóìåíò;7,21;AUTO
ÎÑÖ Íîâîñèáèðñê;Àðõèâ ¹3 Åêàòåðèíáóðã;CP 0030 000 00 03;Äîóêîìïëåêòîâàíèå äîêóìåíòà ÇÄ â àðõèâíûé/ôàéëîâûé êîðîá;;;Ëîãèñòèêà;Äîêóìåíò;6,835;AUTO
ÎÑÖ Íîâîñèáèðñê;Àðõèâ ¹3 Åêàòåðèíáóðã;CP 0030 000 00 04;Äîóêîìïëåêòîâàíèå Ñøèâà â àðõèâíûé/ôàéëîâûé êîðîá;;;Ëîãèñòèêà;Äîêóìåíò;7,55;AUTO
ÎÑÖ Ìîñêâà;Àðõèâ ¹1 Òîìèëèíî;SR 331 000 00 00;Ïðîåêò_Ðåñòàâðàöèÿ ÷åðòåæåé;;;Ïðîåêòû;ìèíóòà;60;RUCH
ÎÑÖ Âîðîíåæ;Àðõèâ ¹1 Âîðîíåæ;SR 332 000 00 00;ÄÂÀ_Îïðåäåëåíèå ÎÅ;;;Ðåãèñòðàöèÿ;ÎÅ;37,969;RUCH
ÎÑÖ Íèæíèé Íîâãîðîä;Àðõèâ ¹1 Íèæíèé Íîâãîðîä;SR 332 000 00 00;ÄÂÀ_Îïðåäåëåíèå ÎÅ;;;Ðåãèñòðàöèÿ;ÎÅ;36,767;RUCH
ÎÑÖ Íîâîñèáèðñê;Àðõèâ ¹1 Íîâîñèáèðñê;SR 332 000 00 00;ÄÂÀ_Îïðåäåëåíèå ÎÅ;;;Ðåãèñòðàöèÿ;ÎÅ;35,833;RUCH
ÎÑÖ Ñàìàðà;Àðõèâ ¹1 Ñàìàðà;SR 332 000 00 00;ÄÂÀ_Îïðåäåëåíèå ÎÅ;;;Ðåãèñòðàöèÿ;ÎÅ;35,133;RUCH
ÎÑÖ Ìîñêâà;Àðõèâ ¹1 Òîìèëèíî;SR 332 000 00 00;ÄÂÀ_Îïðåäåëåíèå ÎÅ;;;Ðåãèñòðàöèÿ;ÎÅ;35,938;RUCH
ÎÑÖ Íîâîñèáèðñê;Àðõèâ ¹3 Åêàòåðèíáóðã;SR 332 000 00 00;ÄÂÀ_Îïðåäåëåíèå ÎÅ;;;Ðåãèñòðàöèÿ;ÎÅ;36,585;RUCH
ÎÑÖ Âîðîíåæ;Àðõèâ ¹3 Êàëèíèíãðàä;SR 332 000 00 00;ÄÂÀ_Îïðåäåëåíèå ÎÅ;;;Ðåãèñòðàöèÿ;ÎÅ;37,875;RUCH
ÎÑÖ Âîðîíåæ;Àðõèâ ¹4 Ñàíêò-Ïåòåðáóðã;SR 332 000 00 00;ÄÂÀ_Îïðåäåëåíèå ÎÅ;;;Ðåãèñòðàöèÿ;ÎÅ;37,234;RUCH
ÎÑÖ Íèæíèé Íîâãîðîä;Àðõèâ ¹1 Íèæíèé Íîâãîðîä;TU 010 000 00 00;Ïðèåì ÒÓ â ÀÑ ÖÀÐÑ;;;Ðåãèñòðàöèÿ;ÅÕ;0,474;AUTO
ÎÑÖ Íèæíèé Íîâãîðîä;Àðõèâ ¹1 Íèæíèé Íîâãîðîä;TU 020 000 00 00;Ñîðòèðîâêà äîêóìåíòîâ âõîäÿùåãî ïîòîêà;;;Ðåãèñòðàöèÿ;ÅÕ;3,155;RUCH
ÎÑÖ Âîðîíåæ;Àðõèâ ¹4 Ñàíêò-Ïåòåðáóðã;TU 010 000 00 00;Ïðèåì ÒÓ â ÀÑ ÖÀÐÑ;;;Ðåãèñòðàöèÿ;ÅÕ;0,487;AUTO
ÎÑÖ Âîðîíåæ;Àðõèâ ¹4 Ñàíêò-Ïåòåðáóðã;TU 020 000 00 00;Ñîðòèðîâêà äîêóìåíòîâ âõîäÿùåãî ïîòîêà;;;Ðåãèñòðàöèÿ;ÅÕ;3,092;RUCH
ÎÑÖ Ìîñêâà;Àðõèâ ¹1 Òîìèëèíî;TU 010 000 00 00;Ïðèåì ÒÓ â ÀÑ ÖÀÐÑ;;;Ðåãèñòðàöèÿ;ÅÕ;0,317;AUTO
ÎÑÖ Ìîñêâà;Àðõèâ ¹1 Òîìèëèíî;TU 020 000 00 00;Ñîðòèðîâêà äîêóìåíòîâ âõîäÿùåãî ïîòîêà;;;Ðåãèñòðàöèÿ;ÅÕ;2,163;RUCH
ÎÑÖ Íîâîñèáèðñê;Àðõèâ ¹3 Åêàòåðèíáóðã;TU 010 000 00 00;Ïðèåì ÒÓ â ÀÑ ÖÀÐÑ;;;Ðåãèñòðàöèÿ;ÅÕ;0,488;AUTO
ÎÑÖ Íîâîñèáèðñê;Àðõèâ ¹3 Åêàòåðèíáóðã;TU 020 000 00 00;Ñîðòèðîâêà äîêóìåíòîâ âõîäÿùåãî ïîòîêà;;;Ðåãèñòðàöèÿ;ÅÕ;3,148;RUCH
ÎÑÖ Âîðîíåæ;Àðõèâ ¹3 Êàëèíèíãðàä;TU 010 000 00 00;Ïðèåì ÒÓ â ÀÑ ÖÀÐÑ;;;Ðåãèñòðàöèÿ;ÅÕ;0,405;AUTO
ÎÑÖ Âîðîíåæ;Àðõèâ ¹3 Êàëèíèíãðàä;TU 020 000 00 00;Ñîðòèðîâêà äîêóìåíòîâ âõîäÿùåãî ïîòîêà;;;Ðåãèñòðàöèÿ;ÅÕ;2,176;RUCH
ÎÑÖ Ñàìàðà;Àðõèâ ¹1 Ñàìàðà;TU 010 000 00 00;Ïðèåì ÒÓ â ÀÑ ÖÀÐÑ;;;Ðåãèñòðàöèÿ;ÅÕ;0,476;AUTO
ÎÑÖ Ñàìàðà;Àðõèâ ¹1 Ñàìàðà;TU 020 000 00 00;Ñîðòèðîâêà äîêóìåíòîâ âõîäÿùåãî ïîòîêà;;;Ðåãèñòðàöèÿ;ÅÕ;3,159;RUCH
ÎÑÖ Âîðîíåæ;Àðõèâ ¹1 Âîðîíåæ;TU 010 000 00 00;Ïðèåì ÒÓ â ÀÑ ÖÀÐÑ;;;Ðåãèñòðàöèÿ;ÅÕ;0,488;AUTO
ÎÑÖ Âîðîíåæ;Àðõèâ ¹1 Âîðîíåæ;TU 020 000 00 00;Ñîðòèðîâêà äîêóìåíòîâ âõîäÿùåãî ïîòîêà;;;Ðåãèñòðàöèÿ;ÅÕ;3,148;RUCH
ÎÑÖ Íîâîñèáèðñê;Àðõèâ ¹1 Íîâîñèáèðñê;TU 010 000 00 00;Ïðèåì ÒÓ â ÀÑ ÖÀÐÑ;;;Ðåãèñòðàöèÿ;ÅÕ;0,438;AUTO
ÎÑÖ Íîâîñèáèðñê;Àðõèâ ¹1 Íîâîñèáèðñê;TU 020 000 00 00;Ñîðòèðîâêà äîêóìåíòîâ âõîäÿùåãî ïîòîêà;;;Ðåãèñòðàöèÿ;ÅÕ;2,987;RUCH
ÎÑÖ Íèæíèé Íîâãîðîä;Àðõèâ ¹1 Íèæíèé Íîâãîðîä;RG 0001 021 01 01;Ðåãèñòðàöèÿ ÁÏ 21 (REG/Îäíîëèñòíûé äîêóìåíò);;021;Ðåãèñòðàöèÿ;ÅÕ;17;AUTO
ÎÑÖ Íèæíèé Íîâãîðîä;Àðõèâ ¹1 Íèæíèé Íîâãîðîä;RG 0001 021 02 01;Ðåãèñòðàöèÿ ÁÏ 21 (REG/Îïèñü);;021;Ðåãèñòðàöèÿ;ÅÕ;20,647;AUTO
ÎÑÖ Íèæíèé Íîâãîðîä;Àðõèâ ¹1 Íèæíèé Íîâãîðîä;RG 0001 021 01 02;Ðåãèñòðàöèÿ ÁÏ 21 (VSP/Îäíîëèñòíûé äîêóìåíò);ÂÑÏ;021;Ðåãèñòðàöèÿ;ÅÕ;11,365;AUTO
ÎÑÖ Íèæíèé Íîâãîðîä;Àðõèâ ¹1 Íèæíèé Íîâãîðîä;RG 0001 021 02 02;Ðåãèñòðàöèÿ ÁÏ 21 (VSP/Îïèñü);ÂÑÏ;021;Ðåãèñòðàöèÿ;ÅÕ;16,742;AUTO
ÎÑÖ Âîðîíåæ;Àðõèâ ¹4 Ñàíêò-Ïåòåðáóðã;RG 0001 021 01 01;Ðåãèñòðàöèÿ ÁÏ 21 (REG/Îäíîëèñòíûé äîêóìåíò);;021;Ðåãèñòðàöèÿ;ÅÕ;14,6;AUTO
ÎÑÖ Âîðîíåæ;Àðõèâ ¹4 Ñàíêò-Ïåòåðáóðã;RG 0001 021 02 01;Ðåãèñòðàöèÿ ÁÏ 21 (REG/Îïèñü);;021;Ðåãèñòðàöèÿ;ÅÕ;19,833;AUTO
ÎÑÖ Âîðîíåæ;Àðõèâ ¹4 Ñàíêò-Ïåòåðáóðã;RG 0001 021 01 02;Ðåãèñòðàöèÿ ÁÏ 21 (VSP/Îäíîëèñòíûé äîêóìåíò);ÂÑÏ;021;Ðåãèñòðàöèÿ;ÅÕ;9,4;AUTO
ÎÑÖ Âîðîíåæ;Àðõèâ ¹4 Ñàíêò-Ïåòåðáóðã;RG 0001 021 02 02;Ðåãèñòðàöèÿ ÁÏ 21 (VSP/Îïèñü);ÂÑÏ;021;Ðåãèñòðàöèÿ;ÅÕ;14,833;AUTO
ÎÑÖ Íîâîñèáèðñê;Àðõèâ ¹3 Åêàòåðèíáóðã;RG 0001 021 01 01;Ðåãèñòðàöèÿ ÁÏ 21 (REG/Îäíîëèñòíûé äîêóìåíò);;021;Ðåãèñòðàöèÿ;ÅÕ;16,275;AUTO
ÎÑÖ Íîâîñèáèðñê;Àðõèâ ¹3 Åêàòåðèíáóðã;RG 0001 021 02 01;Ðåãèñòðàöèÿ ÁÏ 21 (REG/Îïèñü);;021;Ðåãèñòðàöèÿ;ÅÕ;20,667;AUTO
ÎÑÖ Íîâîñèáèðñê;Àðõèâ ¹3 Åêàòåðèíáóðã;RG 0001 021 01 02;Ðåãèñòðàöèÿ ÁÏ 21 (VSP/Îäíîëèñòíûé äîêóìåíò);ÂÑÏ;021;Ðåãèñòðàöèÿ;ÅÕ;10,769;AUTO
ÎÑÖ Íîâîñèáèðñê;Àðõèâ ¹3 Åêàòåðèíáóðã;RG 0001 021 02 02;Ðåãèñòðàöèÿ ÁÏ 21 (VSP/Îïèñü);ÂÑÏ;021;Ðåãèñòðàöèÿ;ÅÕ;15,795;AUTO
ÎÑÖ Âîðîíåæ;Àðõèâ ¹3 Êàëèíèíãðàä;RG 0001 021 01 01;Ðåãèñòðàöèÿ ÁÏ 21 (REG/Îäíîëèñòíûé äîêóìåíò);;021;Ðåãèñòðàöèÿ;ÅÕ;16,951;AUTO
ÎÑÖ Âîðîíåæ;Àðõèâ ¹3 Êàëèíèíãðàä;RG 0001 021 02 01;Ðåãèñòðàöèÿ ÁÏ 21 (REG/Îïèñü);;021;Ðåãèñòðàöèÿ;ÅÕ;20,897;AUTO
ÎÑÖ Âîðîíåæ;Àðõèâ ¹3 Êàëèíèíãðàä;RG 0001 021 01 02;Ðåãèñòðàöèÿ ÁÏ 21 (VSP/Îäíîëèñòíûé äîêóìåíò);ÂÑÏ;021;Ðåãèñòðàöèÿ;ÅÕ;10,976;AUTO
ÎÑÖ Âîðîíåæ;Àðõèâ ¹3 Êàëèíèíãðàä;RG 0001 021 02 02;Ðåãèñòðàöèÿ ÁÏ 21 (VSP/Îïèñü);ÂÑÏ;021;Ðåãèñòðàöèÿ;ÅÕ;14,868;AUTO
ÎÑÖ Ìîñêâà;Àðõèâ ¹1 Òîìèëèíî;RG 0001 021 01 02;Ðåãèñòðàöèÿ ÁÏ 21 (VSP/Îäíîëèñòíûé äîêóìåíò);ÂÑÏ;021;Ðåãèñòðàöèÿ;ÅÕ;10,893;AUTO
ÎÑÖ Ìîñêâà;Àðõèâ ¹1 Òîìèëèíî;RG 0001 021 02 02;Ðåãèñòðàöèÿ ÁÏ 21 (VSP/Îïèñü);ÂÑÏ;021;Ðåãèñòðàöèÿ;ÅÕ;16,167;AUTO
ÎÑÖ Ìîñêâà;Àðõèâ ¹1 Òîìèëèíî;RG 0001 021 01 01;Ðåãèñòðàöèÿ ÁÏ 21 (REG/Îäíîëèñòíûé äîêóìåíò);;021;Ðåãèñòðàöèÿ;ÅÕ;17,233;AUTO
ÎÑÖ Ìîñêâà;Àðõèâ ¹1 Òîìèëèíî;RG 0001 021 02 01;Ðåãèñòðàöèÿ ÁÏ 21 (REG/Îïèñü);;021;Ðåãèñòðàöèÿ;ÅÕ;21,839;AUTO
ÎÑÖ Ñàìàðà;Àðõèâ ¹1 Ñàìàðà;RG 0001 021 01 01;Ðåãèñòðàöèÿ ÁÏ 21 (REG/Îäíîëèñòíûé äîêóìåíò);;021;Ðåãèñòðàöèÿ;ÅÕ;18,8;AUTO
ÎÑÖ Ñàìàðà;Àðõèâ ¹1 Ñàìàðà;RG 0001 021 02 01;Ðåãèñòðàöèÿ ÁÏ 21 (REG/Îïèñü);;021;Ðåãèñòðàöèÿ;ÅÕ;23,2;AUTO
ÎÑÖ Ñàìàðà;Àðõèâ ¹1 Ñàìàðà;RG 0001 021 01 02;Ðåãèñòðàöèÿ ÁÏ 21 (VSP/Îäíîëèñòíûé äîêóìåíò);ÂÑÏ;021;Ðåãèñòðàöèÿ;ÅÕ;11,161;AUTO
ÎÑÖ Ñàìàðà;Àðõèâ ¹1 Ñàìàðà;RG 0001 021 02 02;Ðåãèñòðàöèÿ ÁÏ 21 (VSP/Îïèñü);ÂÑÏ;021;Ðåãèñòðàöèÿ;ÅÕ;16,733;AUTO
ÎÑÖ Âîðîíåæ;Àðõèâ ¹1 Âîðîíåæ;RG 0001 021 01 01;Ðåãèñòðàöèÿ ÁÏ 21 (REG/Îäíîëèñòíûé äîêóìåíò);;021;Ðåãèñòðàöèÿ;ÅÕ;17,5;AUTO
ÎÑÖ Âîðîíåæ;Àðõèâ ¹1 Âîðîíåæ;RG 0001 021 02 01;Ðåãèñòðàöèÿ ÁÏ 21 (REG/Îïèñü);;021;Ðåãèñòðàöèÿ;ÅÕ;21,233;AUTO
ÎÑÖ Âîðîíåæ;Àðõèâ ¹1 Âîðîíåæ;RG 0001 021 01 02;Ðåãèñòðàöèÿ ÁÏ 21 (VSP/Îäíîëèñòíûé äîêóìåíò);ÂÑÏ;021;Ðåãèñòðàöèÿ;ÅÕ;11;AUTO
ÎÑÖ Âîðîíåæ;Àðõèâ ¹1 Âîðîíåæ;RG 0001 021 02 02;Ðåãèñòðàöèÿ ÁÏ 21 (VSP/Îïèñü);ÂÑÏ;021;Ðåãèñòðàöèÿ;ÅÕ;15,067;AUTO
ÎÑÖ Íîâîñèáèðñê;Àðõèâ ¹1 Íîâîñèáèðñê;RG 0001 021 01 01;Ðåãèñòðàöèÿ ÁÏ 21 (REG/Îäíîëèñòíûé äîêóìåíò);;021;Ðåãèñòðàöèÿ;ÅÕ;16,898;AUTO
ÎÑÖ Íîâîñèáèðñê;Àðõèâ ¹1 Íîâîñèáèðñê;RG 0001 021 02 01;Ðåãèñòðàöèÿ ÁÏ 21 (REG/Îïèñü);;021;Ðåãèñòðàöèÿ;ÅÕ;20,659;AUTO
ÎÑÖ Íîâîñèáèðñê;Àðõèâ ¹1 Íîâîñèáèðñê;RG 0001 021 01 02;Ðåãèñòðàöèÿ ÁÏ 21 (VSP/Îäíîëèñòíûé äîêóìåíò);ÂÑÏ;021;Ðåãèñòðàöèÿ;ÅÕ;10,3;AUTO
ÎÑÖ Íîâîñèáèðñê;Àðõèâ ¹1 Íîâîñèáèðñê;RG 0001 021 02 02;Ðåãèñòðàöèÿ ÁÏ 21 (VSP/Îïèñü);ÂÑÏ;021;Ðåãèñòðàöèÿ;ÅÕ;14,756;AUTO
ÎÑÖ Âîðîíåæ;Àðõèâ ¹1 Âîðîíåæ;MP 001 000 00 00;Àëëîêàöèÿ_Ìàòåðèàëüíàÿ ïîìîùü ëüãîòû è ïîñîáèÿ;;;Ïðîåêòû;Ìèíóòà;60;RUCH
ÎÑÖ Íèæíèé Íîâãîðîä;Àðõèâ ¹1 Íèæíèé Íîâãîðîä;MP 001 000 00 00;Àëëîêàöèÿ_Ìàòåðèàëüíàÿ ïîìîùü ëüãîòû è ïîñîáèÿ;;;Ïðîåêòû;Ìèíóòà;60;RUCH
ÎÑÖ Íîâîñèáèðñê;Àðõèâ ¹1 Íîâîñèáèðñê;MP 001 000 00 00;Àëëîêàöèÿ_Ìàòåðèàëüíàÿ ïîìîùü ëüãîòû è ïîñîáèÿ;;;Ïðîåêòû;Ìèíóòà;60;RUCH
ÎÑÖ Ñàìàðà;Àðõèâ ¹1 Ñàìàðà;MP 001 000 00 00;Àëëîêàöèÿ_Ìàòåðèàëüíàÿ ïîìîùü ëüãîòû è ïîñîáèÿ;;;Ïðîåêòû;Ìèíóòà;60;RUCH
ÎÑÖ Íîâîñèáèðñê;Àðõèâ ¹3 Åêàòåðèíáóðã;MP 001 000 00 00;Àëëîêàöèÿ_Ìàòåðèàëüíàÿ ïîìîùü ëüãîòû è ïîñîáèÿ;;;Ïðîåêòû;Ìèíóòà;60;RUCH
ÎÑÖ Âîðîíåæ;Àðõèâ ¹4 Ñàíêò-Ïåòåðáóðã;MP 001 000 00 00;Àëëîêàöèÿ_Ìàòåðèàëüíàÿ ïîìîùü ëüãîòû è ïîñîáèÿ;;;Ïðîåêòû;Ìèíóòà;60;RUCH
ÎÑÖ Íèæíèé Íîâãîðîä;Àðõèâ ¹1 Íèæíèé Íîâãîðîä;RG 0001 325 01 03;Ðåãèñòðàöèÿ ÁÏ 325 (VRUK);ÂÐÓÊ;325;Ðåãèñòðàöèÿ;ØÊ;90,3;AUTO
ÎÑÖ Íèæíèé Íîâãîðîä;Àðõèâ ¹1 Íèæíèé Íîâãîðîä;RG 0001 325 02 03;Ðåãèñòðàöèÿ ÁÏ 325 (VRUK);ÂÐÓÊ;325;Ðåãèñòðàöèÿ;ØÊ;93;AUTO
ÎÑÖ Âîðîíåæ;Àðõèâ ¹4 Ñàíêò-Ïåòåðáóðã;RG 0001 325 01 03;Ðåãèñòðàöèÿ ÁÏ 325 (VRUK);ÂÐÓÊ;325;Ðåãèñòðàöèÿ;ØÊ;81,011;AUTO
ÎÑÖ Âîðîíåæ;Àðõèâ ¹4 Ñàíêò-Ïåòåðáóðã;RG 0001 325 02 03;Ðåãèñòðàöèÿ ÁÏ 325 (VRUK);ÂÐÓÊ;325;Ðåãèñòðàöèÿ;ØÊ;87,229;AUTO
ÎÑÖ Íîâîñèáèðñê;Àðõèâ ¹3 Åêàòåðèíáóðã;RG 0001 325 01 03;Ðåãèñòðàöèÿ ÁÏ 325 (VRUK);ÂÐÓÊ;325;Ðåãèñòðàöèÿ;ØÊ;85;AUTO
ÎÑÖ Íîâîñèáèðñê;Àðõèâ ¹3 Åêàòåðèíáóðã;RG 0001 325 02 03;Ðåãèñòðàöèÿ ÁÏ 325 (VRUK);ÂÐÓÊ;325;Ðåãèñòðàöèÿ;ØÊ;95;AUTO
ÎÑÖ Âîðîíåæ;Àðõèâ ¹3 Êàëèíèíãðàä;RG 0001 325 01 03;Ðåãèñòðàöèÿ ÁÏ 325 (VRUK);ÂÐÓÊ;325;Ðåãèñòðàöèÿ;ØÊ;87,933;AUTO
ÎÑÖ Âîðîíåæ;Àðõèâ ¹3 Êàëèíèíãðàä;RG 0001 325 02 03;Ðåãèñòðàöèÿ ÁÏ 325 (VRUK);ÂÐÓÊ;325;Ðåãèñòðàöèÿ;ØÊ;94,133;AUTO
ÎÑÖ Ìîñêâà;Àðõèâ ¹1 Òîìèëèíî;RG 0001 325 01 03;Ðåãèñòðàöèÿ ÁÏ 325 (VRUK);ÂÐÓÊ;325;Ðåãèñòðàöèÿ;ØÊ;86,333;AUTO
ÎÑÖ Ìîñêâà;Àðõèâ ¹1 Òîìèëèíî;RG 0001 325 02 03;Ðåãèñòðàöèÿ ÁÏ 325 (VRUK);ÂÐÓÊ;325;Ðåãèñòðàöèÿ;ØÊ;91,667;AUTO
ÎÑÖ Ñàìàðà;Àðõèâ ¹1 Ñàìàðà;RG 0001 325 01 03;Ðåãèñòðàöèÿ ÁÏ 325 (VRUK);ÂÐÓÊ;325;Ðåãèñòðàöèÿ;ØÊ;86;AUTO
ÎÑÖ Ñàìàðà;Àðõèâ ¹1 Ñàìàðà;RG 0001 325 02 03;Ðåãèñòðàöèÿ ÁÏ 325 (VRUK);ÂÐÓÊ;325;Ðåãèñòðàöèÿ;ØÊ;96;AUTO
ÎÑÖ Âîðîíåæ;Àðõèâ ¹1 Âîðîíåæ;RG 0001 325 01 03;Ðåãèñòðàöèÿ ÁÏ 325 (VRUK);ÂÐÓÊ;325;Ðåãèñòðàöèÿ;ØÊ;87,467;AUTO
ÎÑÖ Âîðîíåæ;Àðõèâ ¹1 Âîðîíåæ;RG 0001 325 02 03;Ðåãèñòðàöèÿ ÁÏ 325 (VRUK);ÂÐÓÊ;325;Ðåãèñòðàöèÿ;ØÊ;94;AUTO
ÎÑÖ Íîâîñèáèðñê;Àðõèâ ¹1 Íîâîñèáèðñê;RG 0001 325 01 03;Ðåãèñòðàöèÿ ÁÏ 325 (VRUK);ÂÐÓÊ;325;Ðåãèñòðàöèÿ;ØÊ;81,833;AUTO
ÎÑÖ Íîâîñèáèðñê;Àðõèâ ¹1 Íîâîñèáèðñê;RG 0001 325 02 03;Ðåãèñòðàöèÿ ÁÏ 325 (VRUK);ÂÐÓÊ;325;Ðåãèñòðàöèÿ;ØÊ;85,867;AUTO
ÎÑÖ Íèæíèé Íîâãîðîä;Àðõèâ ¹1 Íèæíèé Íîâãîðîä;RG 0001 325 01 01;Ðåãèñòðàöèÿ ÁÏ 325 (REG/Îäíîëèñòíûé äîêóìåíò);;325;Ðåãèñòðàöèÿ;ØÊ;26;AUTO
ÎÑÖ Íèæíèé Íîâãîðîä;Àðõèâ ¹1 Íèæíèé Íîâãîðîä;RG 0001 325 02 01;Ðåãèñòðàöèÿ ÁÏ 325 (REG/Îïèñü);;325;Ðåãèñòðàöèÿ;ØÊ;31,333;AUTO
ÎÑÖ Âîðîíåæ;Àðõèâ ¹4 Ñàíêò-Ïåòåðáóðã;RG 0001 325 01 01;Ðåãèñòðàöèÿ ÁÏ 325 (REG/Îäíîëèñòíûé äîêóìåíò);;325;Ðåãèñòðàöèÿ;ØÊ;25,778;AUTO
ÎÑÖ Âîðîíåæ;Àðõèâ ¹4 Ñàíêò-Ïåòåðáóðã;RG 0001 325 02 01;Ðåãèñòðàöèÿ ÁÏ 325 (REG/Îïèñü);;325;Ðåãèñòðàöèÿ;ØÊ;31,057;AUTO
ÎÑÖ Íîâîñèáèðñê;Àðõèâ ¹3 Åêàòåðèíáóðã;RG 0001 325 01 01;Ðåãèñòðàöèÿ ÁÏ 325 (REG/Îäíîëèñòíûé äîêóìåíò);;325;Ðåãèñòðàöèÿ;ØÊ;25,192;AUTO
ÎÑÖ Íîâîñèáèðñê;Àðõèâ ¹3 Åêàòåðèíáóðã;RG 0001 325 02 01;Ðåãèñòðàöèÿ ÁÏ 325 (REG/Îïèñü);;325;Ðåãèñòðàöèÿ;ØÊ;29,742;AUTO
ÎÑÖ Âîðîíåæ;Àðõèâ ¹3 Êàëèíèíãðàä;RG 0001 325 01 01;Ðåãèñòðàöèÿ ÁÏ 325 (REG/Îäíîëèñòíûé äîêóìåíò);;325;Ðåãèñòðàöèÿ;ØÊ;25,333;AUTO
ÎÑÖ Âîðîíåæ;Àðõèâ ¹3 Êàëèíèíãðàä;RG 0001 325 02 01;Ðåãèñòðàöèÿ ÁÏ 325 (REG/Îïèñü);;325;Ðåãèñòðàöèÿ;ØÊ;28,267;AUTO
ÎÑÖ Ìîñêâà;Àðõèâ ¹1 Òîìèëèíî;RG 0001 325 01 01;Ðåãèñòðàöèÿ ÁÏ 325 (REG/Îäíîëèñòíûé äîêóìåíò);;325;Ðåãèñòðàöèÿ;ØÊ;26,667;AUTO
ÎÑÖ Ìîñêâà;Àðõèâ ¹1 Òîìèëèíî;RG 0001 325 02 01;Ðåãèñòðàöèÿ ÁÏ 325 (REG/Îïèñü);;325;Ðåãèñòðàöèÿ;ØÊ;31,333;AUTO
ÎÑÖ Ñàìàðà;Àðõèâ ¹1 Ñàìàðà;RG 0001 325 01 01;Ðåãèñòðàöèÿ ÁÏ 325 (REG/Îäíîëèñòíûé äîêóìåíò);;325;Ðåãèñòðàöèÿ;ØÊ;26;AUTO
ÎÑÖ Ñàìàðà;Àðõèâ ¹1 Ñàìàðà;RG 0001 325 02 01;Ðåãèñòðàöèÿ ÁÏ 325 (REG/Îïèñü);;325;Ðåãèñòðàöèÿ;ØÊ;30;AUTO
ÎÑÖ Âîðîíåæ;Àðõèâ ¹1 Âîðîíåæ;RG 0001 325 01 01;Ðåãèñòðàöèÿ ÁÏ 325 (REG/Îäíîëèñòíûé äîêóìåíò);;325;Ðåãèñòðàöèÿ;ØÊ;27,516;AUTO
ÎÑÖ Âîðîíåæ;Àðõèâ ¹1 Âîðîíåæ;RG 0001 325 02 01;Ðåãèñòðàöèÿ ÁÏ 325 (REG/Îïèñü);;325;Ðåãèñòðàöèÿ;ØÊ;33,867;AUTO
ÎÑÖ Íîâîñèáèðñê;Àðõèâ ¹1 Íîâîñèáèðñê;RG 0001 325 01 01;Ðåãèñòðàöèÿ ÁÏ 325 (REG/Îäíîëèñòíûé äîêóìåíò);;325;Ðåãèñòðàöèÿ;ØÊ;25,667;AUTO
ÎÑÖ Íîâîñèáèðñê;Àðõèâ ¹1 Íîâîñèáèðñê;RG 0001 325 02 01;Ðåãèñòðàöèÿ ÁÏ 325 (REG/Îïèñü);;325;Ðåãèñòðàöèÿ;ØÊ;31,133;AUTO
ÎÑÖ Íèæíèé Íîâãîðîä;Àðõèâ ¹1 Íèæíèé Íîâãîðîä;RG 0001 325 01 02;Ðåãèñòðàöèÿ ÁÏ 325 (VSP/Îäíîëèñòíûé äîêóìåíò);ÂÑÏ;325;Ðåãèñòðàöèÿ;ØÊ;14,333;AUTO
ÎÑÖ Íèæíèé Íîâãîðîä;Àðõèâ ¹1 Íèæíèé Íîâãîðîä;RG 0001 325 02 02;Ðåãèñòðàöèÿ ÁÏ 325 (VSP/Îïèñü);ÂÑÏ;325;Ðåãèñòðàöèÿ;ØÊ;26,067;AUTO
ÎÑÖ Âîðîíåæ;Àðõèâ ¹4 Ñàíêò-Ïåòåðáóðã;RG 0001 325 01 02;Ðåãèñòðàöèÿ ÁÏ 325 (VSP/Îäíîëèñòíûé äîêóìåíò);ÂÑÏ;325;Ðåãèñòðàöèÿ;ØÊ;14,604;AUTO
ÎÑÖ Âîðîíåæ;Àðõèâ ¹4 Ñàíêò-Ïåòåðáóðã;RG 0001 325 02 02;Ðåãèñòðàöèÿ ÁÏ 325 (VSP/Îïèñü);ÂÑÏ;325;Ðåãèñòðàöèÿ;ØÊ;25,425;AUTO
ÎÑÖ Íîâîñèáèðñê;Àðõèâ ¹3 Åêàòåðèíáóðã;RG 0001 325 01 02;Ðåãèñòðàöèÿ ÁÏ 325 (VSP/Îäíîëèñòíûé äîêóìåíò);ÂÑÏ;325;Ðåãèñòðàöèÿ;ØÊ;14,633;AUTO
ÎÑÖ Íîâîñèáèðñê;Àðõèâ ¹3 Åêàòåðèíáóðã;RG 0001 325 02 02;Ðåãèñòðàöèÿ ÁÏ 325 (VSP/Îïèñü);ÂÑÏ;325;Ðåãèñòðàöèÿ;ØÊ;25,105;AUTO
ÎÑÖ Âîðîíåæ;Àðõèâ ¹3 Êàëèíèíãðàä;RG 0001 325 01 02;Ðåãèñòðàöèÿ ÁÏ 325 (VSP/Îäíîëèñòíûé äîêóìåíò);ÂÑÏ;325;Ðåãèñòðàöèÿ;ØÊ;14,033;AUTO
ÎÑÖ Âîðîíåæ;Àðõèâ ¹3 Êàëèíèíãðàä;RG 0001 325 02 02;Ðåãèñòðàöèÿ ÁÏ 325 (VSP/Îïèñü);ÂÑÏ;325;Ðåãèñòðàöèÿ;ØÊ;26,3;AUTO
ÎÑÖ Ìîñêâà;Àðõèâ ¹1 Òîìèëèíî;RG 0001 325 01 02;Ðåãèñòðàöèÿ ÁÏ 325 (VSP/Îäíîëèñòíûé äîêóìåíò);ÂÑÏ;325;Ðåãèñòðàöèÿ;ØÊ;14,667;AUTO
ÎÑÖ Ìîñêâà;Àðõèâ ¹1 Òîìèëèíî;RG 0001 325 02 02;Ðåãèñòðàöèÿ ÁÏ 325 (VSP/Îïèñü);ÂÑÏ;325;Ðåãèñòðàöèÿ;ØÊ;25,667;AUTO
ÎÑÖ Ñàìàðà;Àðõèâ ¹1 Ñàìàðà;RG 0001 325 01 02;Ðåãèñòðàöèÿ ÁÏ 325 (VSP/Îäíîëèñòíûé äîêóìåíò);ÂÑÏ;325;Ðåãèñòðàöèÿ;ØÊ;16;AUTO
ÎÑÖ Ñàìàðà;Àðõèâ ¹1 Ñàìàðà;RG 0001 325 02 02;Ðåãèñòðàöèÿ ÁÏ 325 (VSP/Îïèñü);ÂÑÏ;325;Ðåãèñòðàöèÿ;ØÊ;27;AUTO
ÎÑÖ Âîðîíåæ;Àðõèâ ¹1 Âîðîíåæ;RG 0001 325 01 02;Ðåãèñòðàöèÿ ÁÏ 325 (VSP/Îäíîëèñòíûé äîêóìåíò);ÂÑÏ;325;Ðåãèñòðàöèÿ;ØÊ;14,6;AUTO
ÎÑÖ Âîðîíåæ;Àðõèâ ¹1 Âîðîíåæ;RG 0001 325 02 02;Ðåãèñòðàöèÿ ÁÏ 325 (VSP/Îïèñü);ÂÑÏ;325;Ðåãèñòðàöèÿ;ØÊ;27;AUTO
ÎÑÖ Íîâîñèáèðñê;Àðõèâ ¹1 Íîâîñèáèðñê;RG 0001 325 01 02;Ðåãèñòðàöèÿ ÁÏ 325 (VSP/Îäíîëèñòíûé äîêóìåíò);ÂÑÏ;325;Ðåãèñòðàöèÿ;ØÊ;14,733;AUTO
ÎÑÖ Íîâîñèáèðñê;Àðõèâ ¹1 Íîâîñèáèðñê;RG 0001 325 02 02;Ðåãèñòðàöèÿ ÁÏ 325 (VSP/Îïèñü);ÂÑÏ;325;Ðåãèñòðàöèÿ;ØÊ;24,233;AUTO
ÎÑÖ Íèæíèé Íîâãîðîä;Àðõèâ ¹1 Íèæíèé Íîâãîðîä;RG 0001 330 01 03;Ðåãèñòðàöèÿ ÁÏ 330 (VRUK);ÂÐÓÊ;330;Ðåãèñòðàöèÿ;ØÊ;90,3;AUTO
ÎÑÖ Íèæíèé Íîâãîðîä;Àðõèâ ¹1 Íèæíèé Íîâãîðîä;RG 0001 330 02 03;Ðåãèñòðàöèÿ ÁÏ 330 (VRUK);ÂÐÓÊ;330;Ðåãèñòðàöèÿ;ØÊ;93;AUTO
ÎÑÖ Âîðîíåæ;Àðõèâ ¹4 Ñàíêò-Ïåòåðáóðã;RG 0001 330 01 03;Ðåãèñòðàöèÿ ÁÏ 330 (VRUK);ÂÐÓÊ;330;Ðåãèñòðàöèÿ;ØÊ;84,825;AUTO
ÎÑÖ Âîðîíåæ;Àðõèâ ¹4 Ñàíêò-Ïåòåðáóðã;RG 0001 330 02 03;Ðåãèñòðàöèÿ ÁÏ 330 (VRUK);ÂÐÓÊ;330;Ðåãèñòðàöèÿ;ØÊ;88,37;AUTO
ÎÑÖ Íîâîñèáèðñê;Àðõèâ ¹3 Åêàòåðèíáóðã;RG 0001 330 01 03;Ðåãèñòðàöèÿ ÁÏ 330 (VRUK);ÂÐÓÊ;330;Ðåãèñòðàöèÿ;ØÊ;85;AUTO
ÎÑÖ Íîâîñèáèðñê;Àðõèâ ¹3 Åêàòåðèíáóðã;RG 0001 330 02 03;Ðåãèñòðàöèÿ ÁÏ 330 (VRUK);ÂÐÓÊ;330;Ðåãèñòðàöèÿ;ØÊ;95;AUTO
ÎÑÖ Âîðîíåæ;Àðõèâ ¹3 Êàëèíèíãðàä;RG 0001 330 01 03;Ðåãèñòðàöèÿ ÁÏ 330 (VRUK);ÂÐÓÊ;330;Ðåãèñòðàöèÿ;ØÊ;86,267;AUTO
ÎÑÖ Âîðîíåæ;Àðõèâ ¹3 Êàëèíèíãðàä;RG 0001 330 02 03;Ðåãèñòðàöèÿ ÁÏ 330 (VRUK);ÂÐÓÊ;330;Ðåãèñòðàöèÿ;ØÊ;94,1;AUTO
ÎÑÖ Ìîñêâà;Àðõèâ ¹1 Òîìèëèíî;RG 0001 330 01 03;Ðåãèñòðàöèÿ ÁÏ 330 (VRUK);ÂÐÓÊ;330;Ðåãèñòðàöèÿ;ØÊ;86;AUTO
ÎÑÖ Ìîñêâà;Àðõèâ ¹1 Òîìèëèíî;RG 0001 330 02 03;Ðåãèñòðàöèÿ ÁÏ 330 (VRUK);ÂÐÓÊ;330;Ðåãèñòðàöèÿ;ØÊ;90,5;AUTO
ÎÑÖ Ñàìàðà;Àðõèâ ¹1 Ñàìàðà;RG 0001 330 01 03;Ðåãèñòðàöèÿ ÁÏ 330 (VRUK);ÂÐÓÊ;330;Ðåãèñòðàöèÿ;ØÊ;86;AUTO
ÎÑÖ Ñàìàðà;Àðõèâ ¹1 Ñàìàðà;RG 0001 330 02 03;Ðåãèñòðàöèÿ ÁÏ 330 (VRUK);ÂÐÓÊ;330;Ðåãèñòðàöèÿ;ØÊ;91;AUTO
ÎÑÖ Âîðîíåæ;Àðõèâ ¹1 Âîðîíåæ;RG 0001 330 01 03;Ðåãèñòðàöèÿ ÁÏ 330 (VRUK);ÂÐÓÊ;330;Ðåãèñòðàöèÿ;ØÊ;94;AUTO
ÎÑÖ Âîðîíåæ;Àðõèâ ¹1 Âîðîíåæ;RG 0001 330 02 03;Ðåãèñòðàöèÿ ÁÏ 330 (VRUK);ÂÐÓÊ;330;Ðåãèñòðàöèÿ;ØÊ;94;AUTO
ÎÑÖ Íîâîñèáèðñê;Àðõèâ ¹1 Íîâîñèáèðñê;RG 0001 330 01 03;Ðåãèñòðàöèÿ ÁÏ 330 (VRUK);ÂÐÓÊ;330;Ðåãèñòðàöèÿ;ØÊ;83;AUTO
ÎÑÖ Íîâîñèáèðñê;Àðõèâ ¹1 Íîâîñèáèðñê;RG 0001 330 02 03;Ðåãèñòðàöèÿ ÁÏ 330 (VRUK);ÂÐÓÊ;330;Ðåãèñòðàöèÿ;ØÊ;85,733;AUTO
ÎÑÖ Íèæíèé Íîâãîðîä;Àðõèâ ¹1 Íèæíèé Íîâãîðîä;RG 0001 330 01 01;Ðåãèñòðàöèÿ ÁÏ 330 (REG/Îäíîëèñòíûé äîêóìåíò);;330;Ðåãèñòðàöèÿ;ØÊ;26;AUTO
ÎÑÖ Íèæíèé Íîâãîðîä;Àðõèâ ¹1 Íèæíèé Íîâãîðîä;RG 0001 330 02 01;Ðåãèñòðàöèÿ ÁÏ 330 (REG/Îïèñü);;330;Ðåãèñòðàöèÿ;ØÊ;30,633;AUTO
ÎÑÖ Âîðîíåæ;Àðõèâ ¹4 Ñàíêò-Ïåòåðáóðã;RG 0001 330 01 01;Ðåãèñòðàöèÿ ÁÏ 330 (REG/Îäíîëèñòíûé äîêóìåíò);;330;Ðåãèñòðàöèÿ;ØÊ;24,513;AUTO
ÎÑÖ Âîðîíåæ;Àðõèâ ¹4 Ñàíêò-Ïåòåðáóðã;RG 0001 330 02 01;Ðåãèñòðàöèÿ ÁÏ 330 (REG/Îïèñü);;330;Ðåãèñòðàöèÿ;ØÊ;28,145;AUTO
ÎÑÖ Íîâîñèáèðñê;Àðõèâ ¹3 Åêàòåðèíáóðã;RG 0001 330 01 01;Ðåãèñòðàöèÿ ÁÏ 330 (REG/Îäíîëèñòíûé äîêóìåíò);;330;Ðåãèñòðàöèÿ;ØÊ;25,192;AUTO
ÎÑÖ Íîâîñèáèðñê;Àðõèâ ¹3 Åêàòåðèíáóðã;RG 0001 330 02 01;Ðåãèñòðàöèÿ ÁÏ 330 (REG/Îïèñü);;330;Ðåãèñòðàöèÿ;ØÊ;33,68;AUTO
ÎÑÖ Âîðîíåæ;Àðõèâ ¹3 Êàëèíèíãðàä;RG 0001 330 01 01;Ðåãèñòðàöèÿ ÁÏ 330 (REG/Îäíîëèñòíûé äîêóìåíò);;330;Ðåãèñòðàöèÿ;ØÊ;25,267;AUTO
ÎÑÖ Âîðîíåæ;Àðõèâ ¹3 Êàëèíèíãðàä;RG 0001 330 02 01;Ðåãèñòðàöèÿ ÁÏ 330 (REG/Îïèñü);;330;Ðåãèñòðàöèÿ;ØÊ;28,3;AUTO
ÎÑÖ Ìîñêâà;Àðõèâ ¹1 Òîìèëèíî;RG 0001 330 01 01;Ðåãèñòðàöèÿ ÁÏ 330 (REG/Îäíîëèñòíûé äîêóìåíò);;330;Ðåãèñòðàöèÿ;ØÊ;26;AUTO
ÎÑÖ Ìîñêâà;Àðõèâ ¹1 Òîìèëèíî;RG 0001 330 02 01;Ðåãèñòðàöèÿ ÁÏ 330 (REG/Îïèñü);;330;Ðåãèñòðàöèÿ;ØÊ;30,5;AUTO
ÎÑÖ Ñàìàðà;Àðõèâ ¹1 Ñàìàðà;RG 0001 330 01 01;Ðåãèñòðàöèÿ ÁÏ 330 (REG/Îäíîëèñòíûé äîêóìåíò);;330;Ðåãèñòðàöèÿ;ØÊ;26;AUTO
ÎÑÖ Ñàìàðà;Àðõèâ ¹1 Ñàìàðà;RG 0001 330 02 01;Ðåãèñòðàöèÿ ÁÏ 330 (REG/Îïèñü);;330;Ðåãèñòðàöèÿ;ØÊ;31;AUTO
ÎÑÖ Âîðîíåæ;Àðõèâ ¹1 Âîðîíåæ;RG 0001 330 01 01;Ðåãèñòðàöèÿ ÁÏ 330 (REG/Îäíîëèñòíûé äîêóìåíò);;330;Ðåãèñòðàöèÿ;ØÊ;27,516;AUTO
ÎÑÖ Âîðîíåæ;Àðõèâ ¹1 Âîðîíåæ;RG 0001 330 02 01;Ðåãèñòðàöèÿ ÁÏ 330 (REG/Îïèñü);;330;Ðåãèñòðàöèÿ;ØÊ;33,867;AUTO
ÎÑÖ Íîâîñèáèðñê;Àðõèâ ¹1 Íîâîñèáèðñê;RG 0001 330 01 01;Ðåãèñòðàöèÿ ÁÏ 330 (REG/Îäíîëèñòíûé äîêóìåíò);;330;Ðåãèñòðàöèÿ;ØÊ;25,467;AUTO
ÎÑÖ Íîâîñèáèðñê;Àðõèâ ¹1 Íîâîñèáèðñê;RG 0001 330 02 01;Ðåãèñòðàöèÿ ÁÏ 330 (REG/Îïèñü);;330;Ðåãèñòðàöèÿ;ØÊ;30,633;AUTO
ÎÑÖ Íèæíèé Íîâãîðîä;Àðõèâ ¹1 Íèæíèé Íîâãîðîä;RG 0001 330 01 02;Ðåãèñòðàöèÿ ÁÏ 330 (VSP/Îäíîëèñòíûé äîêóìåíò);ÂÑÏ;330;Ðåãèñòðàöèÿ;ØÊ;14,467;AUTO
ÎÑÖ Íèæíèé Íîâãîðîä;Àðõèâ ¹1 Íèæíèé Íîâãîðîä;RG 0001 330 02 02;Ðåãèñòðàöèÿ ÁÏ 330 (VSP/Îïèñü);ÂÑÏ;330;Ðåãèñòðàöèÿ;ØÊ;25,5;AUTO
ÎÑÖ Âîðîíåæ;Àðõèâ ¹4 Ñàíêò-Ïåòåðáóðã;RG 0001 330 01 02;Ðåãèñòðàöèÿ ÁÏ 330 (VSP/Îäíîëèñòíûé äîêóìåíò);ÂÑÏ;330;Ðåãèñòðàöèÿ;ØÊ;13,94;AUTO
ÎÑÖ Âîðîíåæ;Àðõèâ ¹4 Ñàíêò-Ïåòåðáóðã;RG 0001 330 02 02;Ðåãèñòðàöèÿ ÁÏ 330 (VSP/Îïèñü);ÂÑÏ;330;Ðåãèñòðàöèÿ;ØÊ;25,58;AUTO
ÎÑÖ Íîâîñèáèðñê;Àðõèâ ¹3 Åêàòåðèíáóðã;RG 0001 330 01 02;Ðåãèñòðàöèÿ ÁÏ 330 (VSP/Îäíîëèñòíûé äîêóìåíò);ÂÑÏ;330;Ðåãèñòðàöèÿ;ØÊ;14,633;AUTO
ÎÑÖ Íîâîñèáèðñê;Àðõèâ ¹3 Åêàòåðèíáóðã;RG 0001 330 02 02;Ðåãèñòðàöèÿ ÁÏ 330 (VSP/Îïèñü);ÂÑÏ;330;Ðåãèñòðàöèÿ;ØÊ;25,105;AUTO
ÎÑÖ Âîðîíåæ;Àðõèâ ¹3 Êàëèíèíãðàä;RG 0001 330 01 02;Ðåãèñòðàöèÿ ÁÏ 330 (VSP/Îäíîëèñòíûé äîêóìåíò);ÂÑÏ;330;Ðåãèñòðàöèÿ;ØÊ;13,267;AUTO
ÎÑÖ Âîðîíåæ;Àðõèâ ¹3 Êàëèíèíãðàä;RG 0001 330 02 02;Ðåãèñòðàöèÿ ÁÏ 330 (VSP/Îïèñü);ÂÑÏ;330;Ðåãèñòðàöèÿ;ØÊ;26,267;AUTO
ÎÑÖ Ìîñêâà;Àðõèâ ¹1 Òîìèëèíî;RG 0001 330 01 02;Ðåãèñòðàöèÿ ÁÏ 330 (VSP/Îäíîëèñòíûé äîêóìåíò);ÂÑÏ;330;Ðåãèñòðàöèÿ;ØÊ;14,733;AUTO
ÎÑÖ Ìîñêâà;Àðõèâ ¹1 Òîìèëèíî;RG 0001 330 02 02;Ðåãèñòðàöèÿ ÁÏ 330 (VSP/Îïèñü);ÂÑÏ;330;Ðåãèñòðàöèÿ;ØÊ;25,5;AUTO
ÎÑÖ Ñàìàðà;Àðõèâ ¹1 Ñàìàðà;RG 0001 330 01 02;Ðåãèñòðàöèÿ ÁÏ 330 (VSP/Îäíîëèñòíûé äîêóìåíò);ÂÑÏ;330;Ðåãèñòðàöèÿ;ØÊ;14,467;AUTO
ÎÑÖ Ñàìàðà;Àðõèâ ¹1 Ñàìàðà;RG 0001 330 02 02;Ðåãèñòðàöèÿ ÁÏ 330 (VSP/Îïèñü);ÂÑÏ;330;Ðåãèñòðàöèÿ;ØÊ;24;AUTO
ÎÑÖ Âîðîíåæ;Àðõèâ ¹1 Âîðîíåæ;RG 0001 330 01 02;Ðåãèñòðàöèÿ ÁÏ 330 (VSP/Îäíîëèñòíûé äîêóìåíò);ÂÑÏ;330;Ðåãèñòðàöèÿ;ØÊ;14,633;AUTO
ÎÑÖ Âîðîíåæ;Àðõèâ ¹1 Âîðîíåæ;RG 0001 330 02 02;Ðåãèñòðàöèÿ ÁÏ 330 (VSP/Îïèñü);ÂÑÏ;330;Ðåãèñòðàöèÿ;ØÊ;27;AUTO
ÎÑÖ Íîâîñèáèðñê;Àðõèâ ¹1 Íîâîñèáèðñê;RG 0001 330 01 02;Ðåãèñòðàöèÿ ÁÏ 330 (VSP/Îäíîëèñòíûé äîêóìåíò);ÂÑÏ;330;Ðåãèñòðàöèÿ;ØÊ;14,9;AUTO
ÎÑÖ Íîâîñèáèðñê;Àðõèâ ¹1 Íîâîñèáèðñê;RG 0001 330 02 02;Ðåãèñòðàöèÿ ÁÏ 330 (VSP/Îïèñü);ÂÑÏ;330;Ðåãèñòðàöèÿ;ØÊ;24,1;AUTO
ÎÑÖ Íèæíèé Íîâãîðîä;Àðõèâ ¹1 Íèæíèé Íîâãîðîä;RG 0001 239 01 01;Ðåãèñòðàöèÿ ÁÏ 239 (REG/Îäíîëèñòíûé äîêóìåíò);;239;Ðåãèñòðàöèÿ;ØÊ;27,152;AUTO
ÎÑÖ Íèæíèé Íîâãîðîä;Àðõèâ ¹1 Íèæíèé Íîâãîðîä;RG 0001 239 02 01;Ðåãèñòðàöèÿ ÁÏ 239 (REG/Îïèñü);;239;Ðåãèñòðàöèÿ;ØÊ;33,833;AUTO
ÎÑÖ Íèæíèé Íîâãîðîä;Àðõèâ ¹1 Íèæíèé Íîâãîðîä;RG 0001 239 01 02;Ðåãèñòðàöèÿ ÁÏ 239 (VSP/Îäíîëèñòíûé äîêóìåíò);ÂÑÏ;239;Ðåãèñòðàöèÿ;ØÊ;14,567;AUTO
ÎÑÖ Íèæíèé Íîâãîðîä;Àðõèâ ¹1 Íèæíèé Íîâãîðîä;RG 0001 239 02 02;Ðåãèñòðàöèÿ ÁÏ 239 (VSP/Îïèñü);ÂÑÏ;239;Ðåãèñòðàöèÿ;ØÊ;27,33;AUTO
ÎÑÖ Âîðîíåæ;Àðõèâ ¹4 Ñàíêò-Ïåòåðáóðã;RG 0001 239 01 01;Ðåãèñòðàöèÿ ÁÏ 239 (REG/Îäíîëèñòíûé äîêóìåíò);;239;Ðåãèñòðàöèÿ;ØÊ;27;AUTO
ÎÑÖ Âîðîíåæ;Àðõèâ ¹4 Ñàíêò-Ïåòåðáóðã;RG 0001 239 02 01;Ðåãèñòðàöèÿ ÁÏ 239 (REG/Îïèñü);;239;Ðåãèñòðàöèÿ;ØÊ;30;AUTO
ÎÑÖ Âîðîíåæ;Àðõèâ ¹4 Ñàíêò-Ïåòåðáóðã;RG 0001 239 01 02;Ðåãèñòðàöèÿ ÁÏ 239 (VSP/Îäíîëèñòíûé äîêóìåíò);ÂÑÏ;239;Ðåãèñòðàöèÿ;ØÊ;11,3;AUTO
ÎÑÖ Âîðîíåæ;Àðõèâ ¹4 Ñàíêò-Ïåòåðáóðã;RG 0001 239 02 02;Ðåãèñòðàöèÿ ÁÏ 239 (VSP/Îïèñü);ÂÑÏ;239;Ðåãèñòðàöèÿ;ØÊ;23;AUTO
ÎÑÖ Íîâîñèáèðñê;Àðõèâ ¹3 Åêàòåðèíáóðã;RG 0001 239 01 01;Ðåãèñòðàöèÿ ÁÏ 239 (REG/Îäíîëèñòíûé äîêóìåíò);;239;Ðåãèñòðàöèÿ;ØÊ;26,155;AUTO
ÎÑÖ Íîâîñèáèðñê;Àðõèâ ¹3 Åêàòåðèíáóðã;RG 0001 239 02 01;Ðåãèñòðàöèÿ ÁÏ 239 (REG/Îïèñü);;239;Ðåãèñòðàöèÿ;ØÊ;34,364;AUTO
ÎÑÖ Íîâîñèáèðñê;Àðõèâ ¹3 Åêàòåðèíáóðã;RG 0001 239 01 02;Ðåãèñòðàöèÿ ÁÏ 239 (VSP/Îäíîëèñòíûé äîêóìåíò);ÂÑÏ;239;Ðåãèñòðàöèÿ;ØÊ;14,579;AUTO
ÎÑÖ Íîâîñèáèðñê;Àðõèâ ¹3 Åêàòåðèíáóðã;RG 0001 239 02 02;Ðåãèñòðàöèÿ ÁÏ 239 (VSP/Îïèñü);ÂÑÏ;239;Ðåãèñòðàöèÿ;ØÊ;25,192;AUTO
ÎÑÖ Âîðîíåæ;Àðõèâ ¹3 Êàëèíèíãðàä;RG 0001 239 01 01;Ðåãèñòðàöèÿ ÁÏ 239 (REG/Îäíîëèñòíûé äîêóìåíò);;239;Ðåãèñòðàöèÿ;ØÊ;27,615;AUTO
ÎÑÖ Âîðîíåæ;Àðõèâ ¹3 Êàëèíèíãðàä;RG 0001 239 02 01;Ðåãèñòðàöèÿ ÁÏ 239 (REG/Îïèñü);;239;Ðåãèñòðàöèÿ;ØÊ;34,041;AUTO
ÎÑÖ Âîðîíåæ;Àðõèâ ¹3 Êàëèíèíãðàä;RG 0001 239 01 02;Ðåãèñòðàöèÿ ÁÏ 239 (VSP/Îäíîëèñòíûé äîêóìåíò);ÂÑÏ;239;Ðåãèñòðàöèÿ;ØÊ;11,304;AUTO
ÎÑÖ Âîðîíåæ;Àðõèâ ¹3 Êàëèíèíãðàä;RG 0001 239 02 02;Ðåãèñòðàöèÿ ÁÏ 239 (VSP/Îïèñü);ÂÑÏ;239;Ðåãèñòðàöèÿ;ØÊ;27,436;AUTO
ÎÑÖ Ìîñêâà;Àðõèâ ¹1 Òîìèëèíî;RG 0001 239 01 02;Ðåãèñòðàöèÿ ÁÏ 239 (VSP/Îäíîëèñòíûé äîêóìåíò);ÂÑÏ;239;Ðåãèñòðàöèÿ;ØÊ;14,7;AUTO
ÎÑÖ Ìîñêâà;Àðõèâ ¹1 Òîìèëèíî;RG 0001 239 02 02;Ðåãèñòðàöèÿ ÁÏ 239 (VSP/Îïèñü);ÂÑÏ;239;Ðåãèñòðàöèÿ;ØÊ;27,422;AUTO
ÎÑÖ Ìîñêâà;Àðõèâ ¹1 Òîìèëèíî;RG 0001 239 01 01;Ðåãèñòðàöèÿ ÁÏ 239 (REG/Îäíîëèñòíûé äîêóìåíò);;239;Ðåãèñòðàöèÿ;ØÊ;27,326;AUTO
ÎÑÖ Ìîñêâà;Àðõèâ ¹1 Òîìèëèíî;RG 0001 239 02 01;Ðåãèñòðàöèÿ ÁÏ 239 (REG/Îïèñü);;239;Ðåãèñòðàöèÿ;ØÊ;33,492;AUTO
ÎÑÖ Ñàìàðà;Àðõèâ ¹1 Ñàìàðà;RG 0001 239 01 01;Ðåãèñòðàöèÿ ÁÏ 239 (REG/Îäíîëèñòíûé äîêóìåíò);;239;Ðåãèñòðàöèÿ;ØÊ;27,569;AUTO
ÎÑÖ Ñàìàðà;Àðõèâ ¹1 Ñàìàðà;RG 0001 239 02 01;Ðåãèñòðàöèÿ ÁÏ 239 (REG/Îïèñü);;239;Ðåãèñòðàöèÿ;ØÊ;33,907;AUTO
ÎÑÖ Ñàìàðà;Àðõèâ ¹1 Ñàìàðà;RG 0001 239 01 02;Ðåãèñòðàöèÿ ÁÏ 239 (VSP/Îäíîëèñòíûé äîêóìåíò);ÂÑÏ;239;Ðåãèñòðàöèÿ;ØÊ;11,009;AUTO
ÎÑÖ Ñàìàðà;Àðõèâ ¹1 Ñàìàðà;RG 0001 239 02 02;Ðåãèñòðàöèÿ ÁÏ 239 (VSP/Îïèñü);ÂÑÏ;239;Ðåãèñòðàöèÿ;ØÊ;25,243;AUTO
ÎÑÖ Âîðîíåæ;Àðõèâ ¹1 Âîðîíåæ;RG 0001 239 01 01;Ðåãèñòðàöèÿ ÁÏ 239 (REG/Îäíîëèñòíûé äîêóìåíò);;239;Ðåãèñòðàöèÿ;ØÊ;27,516;AUTO
ÎÑÖ Âîðîíåæ;Àðõèâ ¹1 Âîðîíåæ;RG 0001 239 02 01;Ðåãèñòðàöèÿ ÁÏ 239 (REG/Îïèñü);;239;Ðåãèñòðàöèÿ;ØÊ;34;AUTO
ÎÑÖ Âîðîíåæ;Àðõèâ ¹1 Âîðîíåæ;RG 0001 239 01 02;Ðåãèñòðàöèÿ ÁÏ 239 (VSP/Îäíîëèñòíûé äîêóìåíò);ÂÑÏ;239;Ðåãèñòðàöèÿ;ØÊ;14,633;AUTO
ÎÑÖ Âîðîíåæ;Àðõèâ ¹1 Âîðîíåæ;RG 0001 239 02 02;Ðåãèñòðàöèÿ ÁÏ 239 (VSP/Îïèñü);ÂÑÏ;239;Ðåãèñòðàöèÿ;ØÊ;27;AUTO
ÎÑÖ Íîâîñèáèðñê;Àðõèâ ¹1 Íîâîñèáèðñê;RG 0001 239 01 01;Ðåãèñòðàöèÿ ÁÏ 239 (REG/Îäíîëèñòíûé äîêóìåíò);;239;Ðåãèñòðàöèÿ;ØÊ;26,333;AUTO
ÎÑÖ Íîâîñèáèðñê;Àðõèâ ¹1 Íîâîñèáèðñê;RG 0001 239 02 01;Ðåãèñòðàöèÿ ÁÏ 239 (REG/Îïèñü);;239;Ðåãèñòðàöèÿ;ØÊ;31,3;AUTO
ÎÑÖ Íîâîñèáèðñê;Àðõèâ ¹1 Íîâîñèáèðñê;RG 0001 239 01 02;Ðåãèñòðàöèÿ ÁÏ 239 (VSP/Îäíîëèñòíûé äîêóìåíò);ÂÑÏ;239;Ðåãèñòðàöèÿ;ØÊ;14,433;AUTO
ÎÑÖ Íîâîñèáèðñê;Àðõèâ ¹1 Íîâîñèáèðñê;RG 0001 239 02 02;Ðåãèñòðàöèÿ ÁÏ 239 (VSP/Îïèñü);ÂÑÏ;239;Ðåãèñòðàöèÿ;ØÊ;24,4;AUTO
ÎÑÖ Íèæíèé Íîâãîðîä;Àðõèâ ¹1 Íèæíèé Íîâãîðîä;RG 0001 323 00 03;Ðåãèñòðàöèÿ ÁÏ 323 (VRUK);ÂÐÓÊ;323;Ðåãèñòðàöèÿ;ØÊ;93;AUTO
ÎÑÖ Âîðîíåæ;Àðõèâ ¹4 Ñàíêò-Ïåòåðáóðã;RG 0001 323 00 03;Ðåãèñòðàöèÿ ÁÏ 323 (VRUK);ÂÐÓÊ;323;Ðåãèñòðàöèÿ;ØÊ;82,226;AUTO
ÎÑÖ Íîâîñèáèðñê;Àðõèâ ¹3 Åêàòåðèíáóðã;RG 0001 323 00 03;Ðåãèñòðàöèÿ ÁÏ 323 (VRUK);ÂÐÓÊ;323;Ðåãèñòðàöèÿ;ØÊ;85;AUTO
ÎÑÖ Âîðîíåæ;Àðõèâ ¹3 Êàëèíèíãðàä;RG 0001 323 00 03;Ðåãèñòðàöèÿ ÁÏ 323 (VRUK);ÂÐÓÊ;323;Ðåãèñòðàöèÿ;ØÊ;84,233;AUTO
ÎÑÖ Ìîñêâà;Àðõèâ ¹1 Òîìèëèíî;RG 0001 323 00 03;Ðåãèñòðàöèÿ ÁÏ 323 (VRUK);ÂÐÓÊ;323;Ðåãèñòðàöèÿ;ØÊ;96,633;AUTO
ÎÑÖ Ñàìàðà;Àðõèâ ¹1 Ñàìàðà;RG 0001 323 00 03;Ðåãèñòðàöèÿ ÁÏ 323 (VRUK);ÂÐÓÊ;323;Ðåãèñòðàöèÿ;ØÊ;85,368;AUTO
ÎÑÖ Âîðîíåæ;Àðõèâ ¹1 Âîðîíåæ;RG 0001 323 00 03;Ðåãèñòðàöèÿ ÁÏ 323 (VRUK);ÂÐÓÊ;323;Ðåãèñòðàöèÿ;ØÊ;94;AUTO
ÎÑÖ Íîâîñèáèðñê;Àðõèâ ¹1 Íîâîñèáèðñê;RG 0001 323 00 03;Ðåãèñòðàöèÿ ÁÏ 323 (VRUK);ÂÐÓÊ;323;Ðåãèñòðàöèÿ;ØÊ;86,033;AUTO
ÎÑÖ Íèæíèé Íîâãîðîä;Àðõèâ ¹1 Íèæíèé Íîâãîðîä;KS 023 000 00 00;Ïðåäîñòàâëåíèå ÎÑ ïî äåôåêòàì â ÑÁÎËïðî;;;ÑÏÀÑ;Îáðàùåíèå;448,367;AUTO
ÎÑÖ Íèæíèé Íîâãîðîä;Àðõèâ ¹1 Íèæíèé Íîâãîðîä;KS 024 000 00 00;Êîíñóëüòèðîâàíèå â êàíàëå Ñáåð×àò Àðõèâíûé ñåðâèñ;;;ÑÏÀÑ;Îáðàùåíèå;467,467;AUTO
ÎÑÖ Ìîñêâà;Àðõèâ ¹1 Òîìèëèíî;PD 001 000 01 00;Ïîäáîð ïî çàïðîñàì ïðîäóêòîâûõ äîêóìåíòîâ/ñøèâîâ êðîìå îäíîëèñòíûõ äîêóìåíòîâ ïî ØÊ GUID (ÀËÖ);;;Ëîãèñòèêà;Äîêóìåíò;71,397;AUTO
ÎÑÖ Íèæíèé Íîâãîðîä;Àðõèâ ¹1 Íèæíèé Íîâãîðîä;PD 001 000 01 00;Ïîäáîð ïî çàïðîñàì ïðîäóêòîâûõ äîêóìåíòîâ/ñøèâîâ êðîìå îäíîëèñòíûõ äîêóìåíòîâ ïî ØÊ GUID (ÀËÖ);;;Ëîãèñòèêà;Äîêóìåíò;70;AUTO
ÎÑÖ Ñàìàðà;Àðõèâ ¹1 Ñàìàðà;PD 001 000 01 00;Ïîäáîð ïî çàïðîñàì ïðîäóêòîâûõ äîêóìåíòîâ/ñøèâîâ êðîìå îäíîëèñòíûõ äîêóìåíòîâ ïî ØÊ GUID (ÀËÖ);;;Ëîãèñòèêà;Äîêóìåíò;63,039;AUTO
ÎÑÖ Âîðîíåæ;Àðõèâ ¹1 Âîðîíåæ;PD 001 000 02 00;Ïîäáîð ïî çàïðîñàì ïðîäóêòîâûõ äîêóìåíòîâ/ñøèâîâ êðîìå îäíîëèñòíûõ äîêóìåíòîâ ïî ØÊ GUID (Ìåçîíèí);;;Ëîãèñòèêà;Äîêóìåíò;137;AUTO
ÎÑÖ Âîðîíåæ;Àðõèâ ¹3 Êàëèíèíãðàä;PD 001 000 02 00;Ïîäáîð ïî çàïðîñàì ïðîäóêòîâûõ äîêóìåíòîâ/ñøèâîâ êðîìå îäíîëèñòíûõ äîêóìåíòîâ ïî ØÊ GUID (Ìåçîíèí);;;Ëîãèñòèêà;Äîêóìåíò;147,703;AUTO
ÎÑÖ Âîðîíåæ;Àðõèâ ¹4 Ñàíêò-Ïåòåðáóðã;PD 001 000 02 00;Ïîäáîð ïî çàïðîñàì ïðîäóêòîâûõ äîêóìåíòîâ/ñøèâîâ êðîìå îäíîëèñòíûõ äîêóìåíòîâ ïî ØÊ GUID (Ìåçîíèí);;;Ëîãèñòèêà;Äîêóìåíò;165,679;AUTO
ÎÑÖ Íîâîñèáèðñê;Àðõèâ ¹1 Íîâîñèáèðñê;PD 001 000 02 00;Ïîäáîð ïî çàïðîñàì ïðîäóêòîâûõ äîêóìåíòîâ/ñøèâîâ êðîìå îäíîëèñòíûõ äîêóìåíòîâ ïî ØÊ GUID (Ìåçîíèí);;;Ëîãèñòèêà;Äîêóìåíò;163,276;AUTO
ÎÑÖ Íîâîñèáèðñê;Àðõèâ ¹3 Åêàòåðèíáóðã;PD 001 000 02 00;Ïîäáîð ïî çàïðîñàì ïðîäóêòîâûõ äîêóìåíòîâ/ñøèâîâ êðîìå îäíîëèñòíûõ äîêóìåíòîâ ïî ØÊ GUID (Ìåçîíèí);;;Ëîãèñòèêà;Äîêóìåíò;145,659;AUTO
ÎÑÖ Íèæíèé Íîâãîðîä;Àðõèâ ¹1 Íèæíèé Íîâãîðîä;PD 001 000 03 00;Ïîäáîð ïî çàïðîñàì ïðîäóêòîâûõ äîêóìåíòîâ/ñøèâîâ êðîìå îäíîëèñòíûõ äîêóìåíòîâ ïî ØÊ GUID (ÎÑÃ);;;Ëîãèñòèêà;Äîêóìåíò;127,289;AUTO
ÎÑÖ Íîâîñèáèðñê;Àðõèâ ¹1 Íîâîñèáèðñê;PD 001 000 03 00;Ïîäáîð ïî çàïðîñàì ïðîäóêòîâûõ äîêóìåíòîâ/ñøèâîâ êðîìå îäíîëèñòíûõ äîêóìåíòîâ ïî ØÊ GUID (ÎÑÃ);;;Ëîãèñòèêà;Äîêóìåíò;105,333;AUTO
ÎÑÖ Ñàìàðà;Àðõèâ ¹1 Ñàìàðà;PD 001 000 03 00;Ïîäáîð ïî çàïðîñàì ïðîäóêòîâûõ äîêóìåíòîâ/ñøèâîâ êðîìå îäíîëèñòíûõ äîêóìåíòîâ ïî ØÊ GUID (ÎÑÃ);;;Ëîãèñòèêà;Äîêóìåíò;126,05;AUTO
ÎÑÖ Âîðîíåæ;Àðõèâ ¹1 Âîðîíåæ;PD 001 000 03 00;Ïîäáîð ïî çàïðîñàì ïðîäóêòîâûõ äîêóìåíòîâ/ñøèâîâ êðîìå îäíîëèñòíûõ äîêóìåíòîâ ïî ØÊ GUID (ÎÑÃ);;;Ëîãèñòèêà;Äîêóìåíò;129,075;AUTO
ÎÑÖ Ìîñêâà;Àðõèâ ¹1 Òîìèëèíî;PD 001 000 04 00;Ïîäáîð ïî çàïðîñàì ïðîäóêòîâûõ äîêóìåíòîâ/ñøèâîâ êðîìå îäíîëèñòíûõ äîêóìåíòîâ ïî ØÊ GUID (Ïàëëåòû);;;Ëîãèñòèêà;Äîêóìåíò;83,078;AUTO
ÎÑÖ Ìîñêâà;Àðõèâ ¹1 Òîìèëèíî;PD 001 000 05 00;Ïîäáîð ïî çàïðîñàì ïðîäóêòîâûõ äîêóìåíòîâ/ñøèâîâ êðîìå îäíîëèñòíûõ äîêóìåíòîâ ïî ØÊ GUID (Ñòåëëàæè);;;Ëîãèñòèêà;Äîêóìåíò;64,699;AUTO
ÎÑÖ Ìîñêâà;Àðõèâ ¹1 Òîìèëèíî;PD 002 000 01 00;Ïîäáîð ïî çàïðîñàì ïðîäóêòîâûõ îäíîëèñòíûõ äîêóìåíòîâ ïî ØÊ GUID (ÀËÖ);;;Ëîãèñòèêà;Äîêóìåíò;167,347;AUTO
ÎÑÖ Íèæíèé Íîâãîðîä;Àðõèâ ¹1 Íèæíèé Íîâãîðîä;PD 002 000 01 00;Ïîäáîð ïî çàïðîñàì ïðîäóêòîâûõ îäíîëèñòíûõ äîêóìåíòîâ ïî ØÊ GUID (ÀËÖ);;;Ëîãèñòèêà;Äîêóìåíò;149;AUTO
ÎÑÖ Ñàìàðà;Àðõèâ ¹1 Ñàìàðà;PD 002 000 01 00;Ïîäáîð ïî çàïðîñàì ïðîäóêòîâûõ îäíîëèñòíûõ äîêóìåíòîâ ïî ØÊ GUID (ÀËÖ);;;Ëîãèñòèêà;Äîêóìåíò;139,643;AUTO
ÎÑÖ Âîðîíåæ;Àðõèâ ¹1 Âîðîíåæ;PD 002 000 02 00;Ïîäáîð ïî çàïðîñàì ïðîäóêòîâûõ îäíîëèñòíûõ äîêóìåíòîâ ïî ØÊ GUID (Ìåçîíèí);;;Ëîãèñòèêà;Äîêóìåíò;210;AUTO
ÎÑÖ Âîðîíåæ;Àðõèâ ¹3 Êàëèíèíãðàä;PD 002 000 02 00;Ïîäáîð ïî çàïðîñàì ïðîäóêòîâûõ îäíîëèñòíûõ äîêóìåíòîâ ïî ØÊ GUID (Ìåçîíèí);;;Ëîãèñòèêà;Äîêóìåíò;189,101;AUTO
ÎÑÖ Âîðîíåæ;Àðõèâ ¹4 Ñàíêò-Ïåòåðáóðã;PD 002 000 02 00;Ïîäáîð ïî çàïðîñàì ïðîäóêòîâûõ îäíîëèñòíûõ äîêóìåíòîâ ïî ØÊ GUID (Ìåçîíèí);;;Ëîãèñòèêà;Äîêóìåíò;215,337;AUTO
ÎÑÖ Íîâîñèáèðñê;Àðõèâ ¹1 Íîâîñèáèðñê;PD 002 000 02 00;Ïîäáîð ïî çàïðîñàì ïðîäóêòîâûõ îäíîëèñòíûõ äîêóìåíòîâ ïî ØÊ GUID (Ìåçîíèí);;;Ëîãèñòèêà;Äîêóìåíò;216,312;AUTO
ÎÑÖ Íîâîñèáèðñê;Àðõèâ ¹3 Åêàòåðèíáóðã;PD 002 000 02 00;Ïîäáîð ïî çàïðîñàì ïðîäóêòîâûõ îäíîëèñòíûõ äîêóìåíòîâ ïî ØÊ GUID (Ìåçîíèí);;;Ëîãèñòèêà;Äîêóìåíò;219,867;AUTO
ÎÑÖ Íèæíèé Íîâãîðîä;Àðõèâ ¹1 Íèæíèé Íîâãîðîä;PD 002 000 03 00;Ïîäáîð ïî çàïðîñàì ïðîäóêòîâûõ îäíîëèñòíûõ äîêóìåíòîâ ïî ØÊ GUID (ÎÑÃ);;;Ëîãèñòèêà;Äîêóìåíò;277,324;AUTO
ÎÑÖ Âîðîíåæ;Àðõèâ ¹1 Âîðîíåæ;PD 002 000 03 00;Ïîäáîð ïî çàïðîñàì ïðîäóêòîâûõ îäíîëèñòíûõ äîêóìåíòîâ ïî ØÊ GUID (ÎÑÃ);;;Ëîãèñòèêà;Äîêóìåíò;288,168;AUTO
ÎÑÖ Ñàìàðà;Àðõèâ ¹1 Ñàìàðà;PD 002 000 03 00;Ïîäáîð ïî çàïðîñàì ïðîäóêòîâûõ îäíîëèñòíûõ äîêóìåíòîâ ïî ØÊ GUID (ÎÑÃ);;;Ëîãèñòèêà;Äîêóìåíò;274,429;AUTO
ÎÑÖ Ìîñêâà;Àðõèâ ¹1 Òîìèëèíî;PD 002 000 04 00;Ïîäáîð ïî çàïðîñàì ïðîäóêòîâûõ îäíîëèñòíûõ äîêóìåíòîâ ïî ØÊ GUID (Ïàëëåòû);;;Ëîãèñòèêà;Äîêóìåíò;169,918;AUTO
ÎÑÖ Ìîñêâà;Àðõèâ ¹1 Òîìèëèíî;PD 002 000 05 00;Ïîäáîð ïî çàïðîñàì ïðîäóêòîâûõ îäíîëèñòíûõ äîêóìåíòîâ ïî ØÊ GUID (Ñòåëëàæè);;;Ëîãèñòèêà;Äîêóìåíò;173,754;AUTO
ÎÑÖ Ìîñêâà;Àðõèâ ¹1 Òîìèëèíî;PD 003 000 01 00;Ïîäáîð Ñøèâîâ íà óíè÷òîæåíèå ïî àêòàì (ÀËÖ);;;Ëîãèñòèêà;Äîêóìåíò;15,463;AUTO
ÎÑÖ Ìîñêâà;Àðõèâ ¹1 Òîìèëèíî;PD 004 000 01 00;Ïîäáîð ïðîäóêòîâûõ äîêóìåíòîâ íà óíè÷òîæåíèå ïî àêòàì ïî ÊÁÏ: 02 (ÀËÖ);;;Ëîãèñòèêà;Äîêóìåíò;43,115;AUTO
ÎÑÖ Íèæíèé Íîâãîðîä;Àðõèâ ¹1 Íèæíèé Íîâãîðîä;PD 004 000 01 00;Ïîäáîð ïðîäóêòîâûõ äîêóìåíòîâ íà óíè÷òîæåíèå ïî àêòàì ïî ÊÁÏ: 02 (ÀËÖ);;;Ëîãèñòèêà;Äîêóìåíò;40;AUTO
ÎÑÖ Ñàìàðà;Àðõèâ ¹1 Ñàìàðà;PD 004 000 01 00;Ïîäáîð ïðîäóêòîâûõ äîêóìåíòîâ íà óíè÷òîæåíèå ïî àêòàì ïî ÊÁÏ: 02 (ÀËÖ);;;Ëîãèñòèêà;Äîêóìåíò;41,7;AUTO
ÎÑÖ Íèæíèé Íîâãîðîä;Àðõèâ ¹1 Íèæíèé Íîâãîðîä;PD 006 000 01 00;Ïîäáîð ïðîäóêòîâûõ äîêóìåíòîâ íà óíè÷òîæåíèå ïî àêòàì ïî ÊÁÏ: 01,03,13 (ÀËÖ);;;Ëîãèñòèêà;Äîêóìåíò;16,5;AUTO
ÎÑÖ Ìîñêâà;Àðõèâ ¹1 Òîìèëèíî;PD 005 000 01 00;Ïîäáîð ïðîäóêòîâûõ äîêóìåíòîâ íà óíè÷òîæåíèå ïî àêòàì ïî ñòðàõîâîé äîêóìåíòàöèè (ÀËÖ);;;Ëîãèñòèêà;Äîêóìåíò;12,971;AUTO
ÎÑÖ Ìîñêâà;Àðõèâ ¹1 Òîìèëèíî;PD 008 000 01 00;Ïîäáîð äîêóìåíòîâ çàâåðøåííîãî äåëîïðîèçâîäñòâà ñ ØÊ íà óíè÷òîæåíèå ïî àêòó (ÀËÖ);;;Ëîãèñòèêà;Äîêóìåíò;15,201;AUTO
ÎÑÖ Ìîñêâà;Àðõèâ ¹1 Òîìèëèíî;PD 009 000 01 00;Ïîäáîð äîêóìåíòîâ çàâåðøåííîãî äåëîïðîèçâîäñòâà áåç ØÊ íà óíè÷òîæåíèå ïî àêòó (ÀËÖ);;;Ëîãèñòèêà;Äîêóìåíò;22,32;AUTO
ÎÑÖ Ìîñêâà;Àðõèâ ¹1 Òîìèëèíî;PD 003 000 04 00;Ïîäáîð Ñøèâîâ íà óíè÷òîæåíèå ïî àêòàì (Ïàëëåòû);;;Ëîãèñòèêà;Äîêóìåíò;14,367;AUTO
ÎÑÖ Ìîñêâà;Àðõèâ ¹1 Òîìèëèíî;PD 004 000 04 00;Ïîäáîð ïðîäóêòîâûõ äîêóìåíòîâ íà óíè÷òîæåíèå ïî àêòàì ïî ÊÁÏ: 02 (Ïàëëåòû);;;Ëîãèñòèêà;Äîêóìåíò;41,722;AUTO
ÎÑÖ Ìîñêâà;Àðõèâ ¹1 Òîìèëèíî;PD 005 000 04 00;Ïîäáîð ïðîäóêòîâûõ äîêóìåíòîâ íà óíè÷òîæåíèå ïî àêòàì ïî ñòðàõîâîé äîêóìåíòàöèè (Ïàëëåòû);;;Ëîãèñòèêà;Äîêóìåíò;13,082;AUTO
ÎÑÖ Ìîñêâà;Àðõèâ ¹1 Òîìèëèíî;PD 008 000 04 00;Ïîäáîð äîêóìåíòîâ çàâåðøåííîãî äåëîïðîèçâîäñòâà ñ ØÊ íà óíè÷òîæåíèå ïî àêòó (Ïàëëåòû);;;Ëîãèñòèêà;Äîêóìåíò;14,157;AUTO
ÎÑÖ Íèæíèé Íîâãîðîä;Àðõèâ ¹1 Íèæíèé Íîâãîðîä;PD 008 000 03 00;Ïîäáîð äîêóìåíòîâ çàâåðøåííîãî äåëîïðîèçâîäñòâà ñ ØÊ íà óíè÷òîæåíèå ïî àêòó (ÎÑÃ);;;Ëîãèñòèêà;Äîêóìåíò;35;AUTO
ÎÑÖ Ñàìàðà;Àðõèâ ¹1 Ñàìàðà;PD 008 000 03 00;Ïîäáîð äîêóìåíòîâ çàâåðøåííîãî äåëîïðîèçâîäñòâà ñ ØÊ íà óíè÷òîæåíèå ïî àêòó (ÎÑÃ);;;Ëîãèñòèêà;Äîêóìåíò;42,043;AUTO
ÎÑÖ Âîðîíåæ;Àðõèâ ¹1 Âîðîíåæ;PD 008 000 03 00;Ïîäáîð äîêóìåíòîâ çàâåðøåííîãî äåëîïðîèçâîäñòâà ñ ØÊ íà óíè÷òîæåíèå ïî àêòó (ÎÑÃ);;;Ëîãèñòèêà;Äîêóìåíò;38,052;AUTO
ÎÑÖ Ìîñêâà;Àðõèâ ¹1 Òîìèëèíî;PD 009 000 04 00;Ïîäáîð äîêóìåíòîâ çàâåðøåííîãî äåëîïðîèçâîäñòâà áåç ØÊ íà óíè÷òîæåíèå ïî àêòó (Ïàëëåòû);;;Ëîãèñòèêà;Äîêóìåíò;24,438;AUTO
ÎÑÖ Âîðîíåæ;Àðõèâ ¹1 Âîðîíåæ;PD 003 000 02 00;Ïîäáîð Ñøèâîâ íà óíè÷òîæåíèå ïî àêòàì (Ìåçîíèí);;;Ëîãèñòèêà;Äîêóìåíò;15,444;AUTO
ÎÑÖ Âîðîíåæ;Àðõèâ ¹4 Ñàíêò-Ïåòåðáóðã;PD 003 000 02 00;Ïîäáîð Ñøèâîâ íà óíè÷òîæåíèå ïî àêòàì (Ìåçîíèí);;;Ëîãèñòèêà;Äîêóìåíò;19,166;AUTO
ÎÑÖ Íîâîñèáèðñê;Àðõèâ ¹1 Íîâîñèáèðñê;PD 003 000 02 00;Ïîäáîð Ñøèâîâ íà óíè÷òîæåíèå ïî àêòàì (Ìåçîíèí);;;Ëîãèñòèêà;Äîêóìåíò;20,025;AUTO
ÎÑÖ Íîâîñèáèðñê;Àðõèâ ¹3 Åêàòåðèíáóðã;PD 003 000 02 00;Ïîäáîð Ñøèâîâ íà óíè÷òîæåíèå ïî àêòàì (Ìåçîíèí);;;Ëîãèñòèêà;Äîêóìåíò;19,933;AUTO
ÎÑÖ Âîðîíåæ;Àðõèâ ¹4 Ñàíêò-Ïåòåðáóðã;PD 007 000 02 00;Ïîäáîð ïðîäóêòîâûõ äîêóìåíòîâ íà óíè÷òîæåíèå ïî àêòàì ïî ÊÁÏ: 04 (Ìåçîíèí);;;Ëîãèñòèêà;Äîêóìåíò;43,646;AUTO
ÎÑÖ Âîðîíåæ;Àðõèâ ¹1 Âîðîíåæ;PD 007 000 02 00;Ïîäáîð ïðîäóêòîâûõ äîêóìåíòîâ íà óíè÷òîæåíèå ïî àêòàì ïî ÊÁÏ: 04 (Ìåçîíèí);;;Ëîãèñòèêà;Äîêóìåíò;45,019;AUTO
ÎÑÖ Âîðîíåæ;Àðõèâ ¹3 Êàëèíèíãðàä;PD 007 000 02 00;Ïîäáîð ïðîäóêòîâûõ äîêóìåíòîâ íà óíè÷òîæåíèå ïî àêòàì ïî ÊÁÏ: 04 (Ìåçîíèí);;;Ëîãèñòèêà;Äîêóìåíò;41,392;AUTO
ÎÑÖ Íîâîñèáèðñê;Àðõèâ ¹1 Íîâîñèáèðñê;PD 007 000 02 00;Ïîäáîð ïðîäóêòîâûõ äîêóìåíòîâ íà óíè÷òîæåíèå ïî àêòàì ïî ÊÁÏ: 04 (Ìåçîíèí);;;Ëîãèñòèêà;Äîêóìåíò;42,256;AUTO
ÎÑÖ Íîâîñèáèðñê;Àðõèâ ¹3 Åêàòåðèíáóðã;PD 007 000 02 00;Ïîäáîð ïðîäóêòîâûõ äîêóìåíòîâ íà óíè÷òîæåíèå ïî àêòàì ïî ÊÁÏ: 04 (Ìåçîíèí);;;Ëîãèñòèêà;Äîêóìåíò;43,227;AUTO
ÎÑÖ Âîðîíåæ;Àðõèâ ¹1 Âîðîíåæ;PD 004 000 02 00;Ïîäáîð ïðîäóêòîâûõ äîêóìåíòîâ íà óíè÷òîæåíèå ïî àêòàì ïî ÊÁÏ: 02 (Ìåçîíèí);;;Ëîãèñòèêà;Äîêóìåíò;37,816;AUTO
ÎÑÖ Âîðîíåæ;Àðõèâ ¹4 Ñàíêò-Ïåòåðáóðã;PD 004 000 02 00;Ïîäáîð ïðîäóêòîâûõ äîêóìåíòîâ íà óíè÷òîæåíèå ïî àêòàì ïî ÊÁÏ: 02 (Ìåçîíèí);;;Ëîãèñòèêà;Äîêóìåíò;40,799;AUTO
ÎÑÖ Íîâîñèáèðñê;Àðõèâ ¹1 Íîâîñèáèðñê;PD 004 000 02 00;Ïîäáîð ïðîäóêòîâûõ äîêóìåíòîâ íà óíè÷òîæåíèå ïî àêòàì ïî ÊÁÏ: 02 (Ìåçîíèí);;;Ëîãèñòèêà;Äîêóìåíò;39,018;AUTO
ÎÑÖ Íîâîñèáèðñê;Àðõèâ ¹3 Åêàòåðèíáóðã;PD 004 000 02 00;Ïîäáîð ïðîäóêòîâûõ äîêóìåíòîâ íà óíè÷òîæåíèå ïî àêòàì ïî ÊÁÏ: 02 (Ìåçîíèí);;;Ëîãèñòèêà;Äîêóìåíò;65,531;AUTO
ÎÑÖ Âîðîíåæ;Àðõèâ ¹3 Êàëèíèíãðàä;PD 004 000 02 00;Ïîäáîð ïðîäóêòîâûõ äîêóìåíòîâ íà óíè÷òîæåíèå ïî àêòàì ïî ÊÁÏ: 02 (Ìåçîíèí);;;Ëîãèñòèêà;Äîêóìåíò;35,949;AUTO
ÎÑÖ Âîðîíåæ;Àðõèâ ¹1 Âîðîíåæ;PD 004 000 03 00;Ïîäáîð ïðîäóêòîâûõ äîêóìåíòîâ íà óíè÷òîæåíèå ïî àêòàì ïî ÊÁÏ: 02 (ÎÑÃ);;;Ëîãèñòèêà;Äîêóìåíò;41,001;AUTO
ÎÑÖ Íèæíèé Íîâãîðîä;Àðõèâ ¹1 Íèæíèé Íîâãîðîä;PD 004 000 03 00;Ïîäáîð ïðîäóêòîâûõ äîêóìåíòîâ íà óíè÷òîæåíèå ïî àêòàì ïî ÊÁÏ: 02 (ÎÑÃ);;;Ëîãèñòèêà;Äîêóìåíò;42;AUTO
ÎÑÖ Âîðîíåæ;Àðõèâ ¹4 Ñàíêò-Ïåòåðáóðã;PD 006 000 02 00;Ïîäáîð ïðîäóêòîâûõ äîêóìåíòîâ íà óíè÷òîæåíèå ïî àêòàì ïî ÊÁÏ: 01,03,13 (Ìåçîíèí);;;Ëîãèñòèêà;Äîêóìåíò;31,211;AUTO
ÎÑÖ Íîâîñèáèðñê;Àðõèâ ¹1 Íîâîñèáèðñê;PD 006 000 02 00;Ïîäáîð ïðîäóêòîâûõ äîêóìåíòîâ íà óíè÷òîæåíèå ïî àêòàì ïî ÊÁÏ: 01,03,13 (Ìåçîíèí);;;Ëîãèñòèêà;Äîêóìåíò;28,218;AUTO
ÎÑÖ Âîðîíåæ;Àðõèâ ¹4 Ñàíêò-Ïåòåðáóðã;PD 005 000 02 00;Ïîäáîð ïðîäóêòîâûõ äîêóìåíòîâ íà óíè÷òîæåíèå ïî àêòàì ïî ñòðàõîâîé äîêóìåíòàöèè (Ìåçîíèí);;;Ëîãèñòèêà;Äîêóìåíò;31,105;AUTO
ÎÑÖ Íîâîñèáèðñê;Àðõèâ ¹1 Íîâîñèáèðñê;PD 005 000 02 00;Ïîäáîð ïðîäóêòîâûõ äîêóìåíòîâ íà óíè÷òîæåíèå ïî àêòàì ïî ñòðàõîâîé äîêóìåíòàöèè (Ìåçîíèí);;;Ëîãèñòèêà;Äîêóìåíò;31,552;AUTO
ÎÑÖ Âîðîíåæ;Àðõèâ ¹1 Âîðîíåæ;PD 008 000 02 00;Ïîäáîð äîêóìåíòîâ çàâåðøåííîãî äåëîïðîèçâîäñòâà ñ ØÊ íà óíè÷òîæåíèå ïî àêòó (Ìåçîíèí);;;Ëîãèñòèêà;Äîêóìåíò;15,017;AUTO
ÎÑÖ Âîðîíåæ;Àðõèâ ¹3 Êàëèíèíãðàä;PD 008 000 02 00;Ïîäáîð äîêóìåíòîâ çàâåðøåííîãî äåëîïðîèçâîäñòâà ñ ØÊ íà óíè÷òîæåíèå ïî àêòó (Ìåçîíèí);;;Ëîãèñòèêà;Äîêóìåíò;12,816;AUTO
ÎÑÖ Âîðîíåæ;Àðõèâ ¹4 Ñàíêò-Ïåòåðáóðã;PD 008 000 02 00;Ïîäáîð äîêóìåíòîâ çàâåðøåííîãî äåëîïðîèçâîäñòâà ñ ØÊ íà óíè÷òîæåíèå ïî àêòó (Ìåçîíèí);;;Ëîãèñòèêà;Äîêóìåíò;10,577;AUTO
ÎÑÖ Íîâîñèáèðñê;Àðõèâ ¹1 Íîâîñèáèðñê;PD 008 000 02 00;Ïîäáîð äîêóìåíòîâ çàâåðøåííîãî äåëîïðîèçâîäñòâà ñ ØÊ íà óíè÷òîæåíèå ïî àêòó (Ìåçîíèí);;;Ëîãèñòèêà;Äîêóìåíò;15,726;AUTO
ÎÑÖ Íîâîñèáèðñê;Àðõèâ ¹3 Åêàòåðèíáóðã;PD 008 000 02 00;Ïîäáîð äîêóìåíòîâ çàâåðøåííîãî äåëîïðîèçâîäñòâà ñ ØÊ íà óíè÷òîæåíèå ïî àêòó (Ìåçîíèí);;;Ëîãèñòèêà;Äîêóìåíò;65,73;AUTO
ÎÑÖ Âîðîíåæ;Àðõèâ ¹1 Âîðîíåæ;PD 009 000 02 00;Ïîäáîð äîêóìåíòîâ çàâåðøåííîãî äåëîïðîèçâîäñòâà áåç ØÊ íà óíè÷òîæåíèå ïî àêòó (Ìåçîíèí);;;Ëîãèñòèêà;Äîêóìåíò;41,96;AUTO
ÎÑÖ Âîðîíåæ;Àðõèâ ¹3 Êàëèíèíãðàä;PD 009 000 02 00;Ïîäáîð äîêóìåíòîâ çàâåðøåííîãî äåëîïðîèçâîäñòâà áåç ØÊ íà óíè÷òîæåíèå ïî àêòó (Ìåçîíèí);;;Ëîãèñòèêà;Äîêóìåíò;33,929;AUTO
ÎÑÖ Âîðîíåæ;Àðõèâ ¹4 Ñàíêò-Ïåòåðáóðã;PD 009 000 02 00;Ïîäáîð äîêóìåíòîâ çàâåðøåííîãî äåëîïðîèçâîäñòâà áåç ØÊ íà óíè÷òîæåíèå ïî àêòó (Ìåçîíèí);;;Ëîãèñòèêà;Äîêóìåíò;32,797;AUTO
ÎÑÖ Íîâîñèáèðñê;Àðõèâ ¹1 Íîâîñèáèðñê;PD 009 000 02 00;Ïîäáîð äîêóìåíòîâ çàâåðøåííîãî äåëîïðîèçâîäñòâà áåç ØÊ íà óíè÷òîæåíèå ïî àêòó (Ìåçîíèí);;;Ëîãèñòèêà;Äîêóìåíò;42,503;AUTO
ÎÑÖ Íîâîñèáèðñê;Àðõèâ ¹3 Åêàòåðèíáóðã;PD 009 000 02 00;Ïîäáîð äîêóìåíòîâ çàâåðøåííîãî äåëîïðîèçâîäñòâà áåç ØÊ íà óíè÷òîæåíèå ïî àêòó (Ìåçîíèí);;;Ëîãèñòèêà;Äîêóìåíò;42,804;AUTO
ÎÑÖ Íèæíèé Íîâãîðîä;Àðõèâ ¹1 Íèæíèé Íîâãîðîä;PD 003 000 03 00;Ïîäáîð Ñøèâîâ íà óíè÷òîæåíèå ïî àêòàì (ÎÑÃ);;;Ëîãèñòèêà;Äîêóìåíò;14,5;AUTO
ÎÑÖ Âîðîíåæ;Àðõèâ ¹1 Âîðîíåæ;PD 003 000 03 00;Ïîäáîð Ñøèâîâ íà óíè÷òîæåíèå ïî àêòàì (ÎÑÃ);;;Ëîãèñòèêà;Äîêóìåíò;15,518;AUTO
ÎÑÖ Íîâîñèáèðñê;Àðõèâ ¹1 Íîâîñèáèðñê;PD 003 000 03 00;Ïîäáîð Ñøèâîâ íà óíè÷òîæåíèå ïî àêòàì (ÎÑÃ);;;Ëîãèñòèêà;Äîêóìåíò;17,086;AUTO
ÎÑÖ Íèæíèé Íîâãîðîä;Àðõèâ ¹1 Íèæíèé Íîâãîðîä;PD 009 000 03 00;Ïîäáîð äîêóìåíòîâ çàâåðøåííîãî äåëîïðîèçâîäñòâà áåç ØÊ íà óíè÷òîæåíèå ïî àêòó (ÎÑÃ);;;Ëîãèñòèêà;Äîêóìåíò;39;AUTO
ÎÑÖ Ñàìàðà;Àðõèâ ¹1 Ñàìàðà;PD 009 000 03 00;Ïîäáîð äîêóìåíòîâ çàâåðøåííîãî äåëîïðîèçâîäñòâà áåç ØÊ íà óíè÷òîæåíèå ïî àêòó (ÎÑÃ);;;Ëîãèñòèêà;Äîêóìåíò;40,926;AUTO
ÎÑÖ Âîðîíåæ;Àðõèâ ¹1 Âîðîíåæ;PD 009 000 03 00;Ïîäáîð äîêóìåíòîâ çàâåðøåííîãî äåëîïðîèçâîäñòâà áåç ØÊ íà óíè÷òîæåíèå ïî àêòó (ÎÑÃ);;;Ëîãèñòèêà;Äîêóìåíò;41,018;AUTO
ÎÑÖ Ìîñêâà;Àðõèâ ¹1 Òîìèëèíî;TD 193 000 00 01;Äîêóìåíò âêëþ÷åí â TD-ðååñòð íà óíè÷òîæåíèå;;;Ëîãèñòèêà;Äîêóìåíò;5,517;AUTO
ÎÑÖ Íèæíèé Íîâãîðîä;Àðõèâ ¹1 Íèæíèé Íîâãîðîä;TD 193 000 00 01;Äîêóìåíò âêëþ÷åí â TD-ðååñòð íà óíè÷òîæåíèå;;;Ëîãèñòèêà;Äîêóìåíò;5,483;AUTO
ÎÑÖ Ñàìàðà;Àðõèâ ¹1 Ñàìàðà;TD 193 000 00 01;Äîêóìåíò âêëþ÷åí â TD-ðååñòð íà óíè÷òîæåíèå;;;Ëîãèñòèêà;Äîêóìåíò;5,506;AUTO
ÎÑÖ Âîðîíåæ;Àðõèâ ¹3 Êàëèíèíãðàä;SR 326 000 00 00;Ñîðòèðîâêà ÑÄÄ;;;Ðåãèñòðàöèÿ;ØÊ;14,398;RUCH
ÎÑÖ Âîðîíåæ;Àðõèâ ¹1 Âîðîíåæ;SL 115 000 00 00;"Ï1308_Ñîïðîâîæäåíèå íàåìíîãî ïåðñîíàëà/ïåðåìåùåíèå êîðîáîâ/ïàëëåò // Îáåñïå÷åíèå ïðîïóñêíîãî ðåæèìà â ìèíóòàõ (""Ïåðåäà÷à è õðàíåíèå àðõèâíûõ äîêóìåíòîâ"")";-;00;Ëîãèñòèêà;ìèíóòà;60;RUCH
ÎÑÖ Âîðîíåæ;Àðõèâ ¹3 Êàëèíèíãðàä;SL 115 000 00 00;"Ï1308_Ñîïðîâîæäåíèå íàåìíîãî ïåðñîíàëà/ïåðåìåùåíèå êîðîáîâ/ïàëëåò // Îáåñïå÷åíèå ïðîïóñêíîãî ðåæèìà â ìèíóòàõ (""Ïåðåäà÷à è õðàíåíèå àðõèâíûõ äîêóìåíòîâ"")";-;00;Ëîãèñòèêà;ìèíóòà;60;RUCH
ÎÑÖ Âîðîíåæ;Àðõèâ ¹4 Ñàíêò-Ïåòåðáóðã;SL 115 000 00 00;"Ï1308_Ñîïðîâîæäåíèå íàåìíîãî ïåðñîíàëà/ïåðåìåùåíèå êîðîáîâ/ïàëëåò // Îáåñïå÷åíèå ïðîïóñêíîãî ðåæèìà â ìèíóòàõ (""Ïåðåäà÷à è õðàíåíèå àðõèâíûõ äîêóìåíòîâ"")";-;00;Ëîãèñòèêà;ìèíóòà;60;RUCH
ÎÑÖ Ìîñêâà;Àðõèâ ¹1 Òîìèëèíî;SL 115 000 00 00;"Ï1308_Ñîïðîâîæäåíèå íàåìíîãî ïåðñîíàëà/ïåðåìåùåíèå êîðîáîâ/ïàëëåò // Îáåñïå÷åíèå ïðîïóñêíîãî ðåæèìà â ìèíóòàõ (""Ïåðåäà÷à è õðàíåíèå àðõèâíûõ äîêóìåíòîâ"")";-;00;Ëîãèñòèêà;ìèíóòà;60;RUCH
ÎÑÖ Íèæíèé Íîâãîðîä;Àðõèâ ¹1 Íèæíèé Íîâãîðîä;SL 115 000 00 00;"Ï1308_Ñîïðîâîæäåíèå íàåìíîãî ïåðñîíàëà/ïåðåìåùåíèå êîðîáîâ/ïàëëåò // Îáåñïå÷åíèå ïðîïóñêíîãî ðåæèìà â ìèíóòàõ (""Ïåðåäà÷à è õðàíåíèå àðõèâíûõ äîêóìåíòîâ"")";-;00;Ëîãèñòèêà;ìèíóòà;60;RUCH
ÎÑÖ Íîâîñèáèðñê;Àðõèâ ¹1 Íîâîñèáèðñê;SL 115 000 00 00;"Ï1308_Ñîïðîâîæäåíèå íàåìíîãî ïåðñîíàëà/ïåðåìåùåíèå êîðîáîâ/ïàëëåò // Îáåñïå÷åíèå ïðîïóñêíîãî ðåæèìà â ìèíóòàõ (""Ïåðåäà÷à è õðàíåíèå àðõèâíûõ äîêóìåíòîâ"")";-;00;Ëîãèñòèêà;ìèíóòà;60;RUCH
ÎÑÖ Íîâîñèáèðñê;Àðõèâ ¹3 Åêàòåðèíáóðã;SL 115 000 00 00;"Ï1308_Ñîïðîâîæäåíèå íàåìíîãî ïåðñîíàëà/ïåðåìåùåíèå êîðîáîâ/ïàëëåò // Îáåñïå÷åíèå ïðîïóñêíîãî ðåæèìà â ìèíóòàõ (""Ïåðåäà÷à è õðàíåíèå àðõèâíûõ äîêóìåíòîâ"")";-;00;Ëîãèñòèêà;ìèíóòà;60;RUCH
ÎÑÖ Ñàìàðà;Àðõèâ ¹1 Ñàìàðà;SL 115 000 00 00;"Ï1308_Ñîïðîâîæäåíèå íàåìíîãî ïåðñîíàëà/ïåðåìåùåíèå êîðîáîâ/ïàëëåò // Îáåñïå÷åíèå ïðîïóñêíîãî ðåæèìà â ìèíóòàõ (""Ïåðåäà÷à è õðàíåíèå àðõèâíûõ äîêóìåíòîâ"")";-;00;Ëîãèñòèêà;ìèíóòà;60;RUCH
ÎÑÖ Âîðîíåæ;Àðõèâ ¹1 Âîðîíåæ;SL 116 000 00 00;"Ï1310_Ñîïðîâîæäåíèå íàåìíîãî ïåðñîíàëà/ïåðåìåùåíèå êîðîáîâ/ïàëëåò // Îáåñïå÷åíèå ïðîïóñêíîãî ðåæèìà â ìèíóòàõ (""Óíè÷òîæåíèå àðõèâíûõ äîêóìåíòîâ"")";-;00;Ëîãèñòèêà;ìèíóòà;60;RUCH
ÎÑÖ Âîðîíåæ;Àðõèâ ¹3 Êàëèíèíãðàä;SL 116 000 00 00;"Ï1310_Ñîïðîâîæäåíèå íàåìíîãî ïåðñîíàëà/ïåðåìåùåíèå êîðîáîâ/ïàëëåò // Îáåñïå÷åíèå ïðîïóñêíîãî ðåæèìà â ìèíóòàõ (""Óíè÷òîæåíèå àðõèâíûõ äîêóìåíòîâ"")";-;00;Ëîãèñòèêà;ìèíóòà;60;RUCH
ÎÑÖ Âîðîíåæ;Àðõèâ ¹4 Ñàíêò-Ïåòåðáóðã;SL 116 000 00 00;"Ï1310_Ñîïðîâîæäåíèå íàåìíîãî ïåðñîíàëà/ïåðåìåùåíèå êîðîáîâ/ïàëëåò // Îáåñïå÷åíèå ïðîïóñêíîãî ðåæèìà â ìèíóòàõ (""Óíè÷òîæåíèå àðõèâíûõ äîêóìåíòîâ"")";-;00;Ëîãèñòèêà;ìèíóòà;60;RUCH
ÎÑÖ Ìîñêâà;Àðõèâ ¹1 Òîìèëèíî;SL 116 000 00 00;"Ï1310_Ñîïðîâîæäåíèå íàåìíîãî ïåðñîíàëà/ïåðåìåùåíèå êîðîáîâ/ïàëëåò // Îáåñïå÷åíèå ïðîïóñêíîãî ðåæèìà â ìèíóòàõ (""Óíè÷òîæåíèå àðõèâíûõ äîêóìåíòîâ"")";-;00;Ëîãèñòèêà;ìèíóòà;60;RUCH
ÎÑÖ Íèæíèé Íîâãîðîä;Àðõèâ ¹1 Íèæíèé Íîâãîðîä;SL 116 000 00 00;"Ï1310_Ñîïðîâîæäåíèå íàåìíîãî ïåðñîíàëà/ïåðåìåùåíèå êîðîáîâ/ïàëëåò // Îáåñïå÷åíèå ïðîïóñêíîãî ðåæèìà â ìèíóòàõ (""Óíè÷òîæåíèå àðõèâíûõ äîêóìåíòîâ"")";-;00;Ëîãèñòèêà;ìèíóòà;60;RUCH
ÎÑÖ Íîâîñèáèðñê;Àðõèâ ¹1 Íîâîñèáèðñê;SL 116 000 00 00;"Ï1310_Ñîïðîâîæäåíèå íàåìíîãî ïåðñîíàëà/ïåðåìåùåíèå êîðîáîâ/ïàëëåò // Îáåñïå÷åíèå ïðîïóñêíîãî ðåæèìà â ìèíóòàõ (""Óíè÷òîæåíèå àðõèâíûõ äîêóìåíòîâ"")";-;00;Ëîãèñòèêà;ìèíóòà;60;RUCH
ÎÑÖ Íîâîñèáèðñê;Àðõèâ ¹3 Åêàòåðèíáóðã;SL 116 000 00 00;"Ï1310_Ñîïðîâîæäåíèå íàåìíîãî ïåðñîíàëà/ïåðåìåùåíèå êîðîáîâ/ïàëëåò // Îáåñïå÷åíèå ïðîïóñêíîãî ðåæèìà â ìèíóòàõ (""Óíè÷òîæåíèå àðõèâíûõ äîêóìåíòîâ"")";-;00;Ëîãèñòèêà;ìèíóòà;60;RUCH
ÎÑÖ Ñàìàðà;Àðõèâ ¹1 Ñàìàðà;SL 116 000 00 00;"Ï1310_Ñîïðîâîæäåíèå íàåìíîãî ïåðñîíàëà/ïåðåìåùåíèå êîðîáîâ/ïàëëåò // Îáåñïå÷åíèå ïðîïóñêíîãî ðåæèìà â ìèíóòàõ (""Óíè÷òîæåíèå àðõèâíûõ äîêóìåíòîâ"")";-;00;Ëîãèñòèêà;ìèíóòà;60;RUCH
ÎÑÖ Âîðîíåæ;Àðõèâ ¹1 Âîðîíåæ;SL 117 000 00 00;"Ï1311_Ñîïðîâîæäåíèå íàåìíîãî ïåðñîíàëà/ïåðåìåùåíèå êîðîáîâ/ïàëëåò // Îáåñïå÷åíèå ïðîïóñêíîãî ðåæèìà â ìèíóòàõ (""Èñïîëíåíèå çàïðîñîâ ïî äîêóìåíòàì îïåðàòèâíîãî è àðõèâíîãî õðàíåíèÿ"")";-;00;Ëîãèñòèêà;ìèíóòà;60;RUCH
ÎÑÖ Âîðîíåæ;Àðõèâ ¹3 Êàëèíèíãðàä;SL 117 000 00 00;"Ï1311_Ñîïðîâîæäåíèå íàåìíîãî ïåðñîíàëà/ïåðåìåùåíèå êîðîáîâ/ïàëëåò // Îáåñïå÷åíèå ïðîïóñêíîãî ðåæèìà â ìèíóòàõ (""Èñïîëíåíèå çàïðîñîâ ïî äîêóìåíòàì îïåðàòèâíîãî è àðõèâíîãî õðàíåíèÿ"")";-;00;Ëîãèñòèêà;ìèíóòà;60;RUCH
ÎÑÖ Âîðîíåæ;Àðõèâ ¹4 Ñàíêò-Ïåòåðáóðã;SL 117 000 00 00;"Ï1311_Ñîïðîâîæäåíèå íàåìíîãî ïåðñîíàëà/ïåðåìåùåíèå êîðîáîâ/ïàëëåò // Îáåñïå÷åíèå ïðîïóñêíîãî ðåæèìà â ìèíóòàõ (""Èñïîëíåíèå çàïðîñîâ ïî äîêóìåíòàì îïåðàòèâíîãî è àðõèâíîãî õðàíåíèÿ"")";-;00;Ëîãèñòèêà;ìèíóòà;60;RUCH
ÎÑÖ Ìîñêâà;Àðõèâ ¹1 Òîìèëèíî;SL 117 000 00 00;"Ï1311_Ñîïðîâîæäåíèå íàåìíîãî ïåðñîíàëà/ïåðåìåùåíèå êîðîáîâ/ïàëëåò // Îáåñïå÷åíèå ïðîïóñêíîãî ðåæèìà â ìèíóòàõ (""Èñïîëíåíèå çàïðîñîâ ïî äîêóìåíòàì îïåðàòèâíîãî è àðõèâíîãî õðàíåíèÿ"")";-;00;Ëîãèñòèêà;ìèíóòà;60;RUCH
ÎÑÖ Íèæíèé Íîâãîðîä;Àðõèâ ¹1 Íèæíèé Íîâãîðîä;SL 117 000 00 00;"Ï1311_Ñîïðîâîæäåíèå íàåìíîãî ïåðñîíàëà/ïåðåìåùåíèå êîðîáîâ/ïàëëåò // Îáåñïå÷åíèå ïðîïóñêíîãî ðåæèìà â ìèíóòàõ (""Èñïîëíåíèå çàïðîñîâ ïî äîêóìåíòàì îïåðàòèâíîãî è àðõèâíîãî õðàíåíèÿ"")";-;00;Ëîãèñòèêà;ìèíóòà;60;RUCH
ÎÑÖ Íîâîñèáèðñê;Àðõèâ ¹1 Íîâîñèáèðñê;SL 117 000 00 00;"Ï1311_Ñîïðîâîæäåíèå íàåìíîãî ïåðñîíàëà/ïåðåìåùåíèå êîðîáîâ/ïàëëåò // Îáåñïå÷åíèå ïðîïóñêíîãî ðåæèìà â ìèíóòàõ (""Èñïîëíåíèå çàïðîñîâ ïî äîêóìåíòàì îïåðàòèâíîãî è àðõèâíîãî õðàíåíèÿ"")";-;00;Ëîãèñòèêà;ìèíóòà;60;RUCH
ÎÑÖ Íîâîñèáèðñê;Àðõèâ ¹3 Åêàòåðèíáóðã;SL 117 000 00 00;"Ï1311_Ñîïðîâîæäåíèå íàåìíîãî ïåðñîíàëà/ïåðåìåùåíèå êîðîáîâ/ïàëëåò // Îáåñïå÷åíèå ïðîïóñêíîãî ðåæèìà â ìèíóòàõ (""Èñïîëíåíèå çàïðîñîâ ïî äîêóìåíòàì îïåðàòèâíîãî è àðõèâíîãî õðàíåíèÿ"")";-;00;Ëîãèñòèêà;ìèíóòà;60;RUCH
ÎÑÖ Ñàìàðà;Àðõèâ ¹1 Ñàìàðà;SL 117 000 00 00;"Ï1311_Ñîïðîâîæäåíèå íàåìíîãî ïåðñîíàëà/ïåðåìåùåíèå êîðîáîâ/ïàëëåò // Îáåñïå÷åíèå ïðîïóñêíîãî ðåæèìà â ìèíóòàõ (""Èñïîëíåíèå çàïðîñîâ ïî äîêóìåíòàì îïåðàòèâíîãî è àðõèâíîãî õðàíåíèÿ"")";-;00;Ëîãèñòèêà;ìèíóòà;60;RUCH
ÎÑÖ Íèæíèé Íîâãîðîä;Àðõèâ ¹1 Íèæíèé Íîâãîðîä;NO 049 000 00 00;Ðàçðàáîòêà ÈÈ-àãåíòà;-;00;Íåïðîèçâîäñòâåííûå;ìèíóòà;60;RUCH
ÎÑÖ Ìîñêâà;Àðõèâ ¹1 Òîìèëèíî;PD 007 000 01 00;Ïîäáîð ïðîäóêòîâûõ äîêóìåíòîâ íà óíè÷òîæåíèå ïî àêòàì ïî ÊÁÏ: 04 (ÀËÖ);;;Ëîãèñòèêà;Äîêóìåíò;46,641;AUTO
ÎÑÖ Íèæíèé Íîâãîðîä;Àðõèâ ¹1 Íèæíèé Íîâãîðîä;PD 007 000 01 00;Ïîäáîð ïðîäóêòîâûõ äîêóìåíòîâ íà óíè÷òîæåíèå ïî àêòàì ïî ÊÁÏ: 04 (ÀËÖ);;;Ëîãèñòèêà;Äîêóìåíò;41;AUTO
ÎÑÖ Ñàìàðà;Àðõèâ ¹1 Ñàìàðà;PD 007 000 01 00;Ïîäáîð ïðîäóêòîâûõ äîêóìåíòîâ íà óíè÷òîæåíèå ïî àêòàì ïî ÊÁÏ: 04 (ÀËÖ);;;Ëîãèñòèêà;Äîêóìåíò;41,7;AUTO
ÎÑÖ Ìîñêâà;Àðõèâ ¹1 Òîìèëèíî;PD 007 000 04 00;Ïîäáîð ïðîäóêòîâûõ äîêóìåíòîâ íà óíè÷òîæåíèå ïî àêòàì ïî ÊÁÏ: 04 (Ïàëëåòû);;;Ëîãèñòèêà;Äîêóìåíò;46,781;AUTO
ÎÑÖ Âîðîíåæ;Àðõèâ ¹1 Âîðîíåæ;PD 007 000 03 00;Ïîäáîð ïðîäóêòîâûõ äîêóìåíòîâ íà óíè÷òîæåíèå ïî àêòàì ïî ÊÁÏ: 04 (ÎÑÃ);;;Ëîãèñòèêà;Äîêóìåíò;47,076;AUTO
ÎÑÖ Íèæíèé Íîâãîðîä;Àðõèâ ¹1 Íèæíèé Íîâãîðîä;PD 007 000 03 00;Ïîäáîð ïðîäóêòîâûõ äîêóìåíòîâ íà óíè÷òîæåíèå ïî àêòàì ïî ÊÁÏ: 04 (ÎÑÃ);;;Ëîãèñòèêà;Äîêóìåíò;43;AUTO
ÎÑÖ Íèæíèé Íîâãîðîä;Àðõèâ ¹1 Íèæíèé Íîâãîðîä;KS 028 000 00 00;"Îáðàáîòêà îáðàùåíèÿ ""Ïåðåäà÷à äîêóìåíòîâ äëÿ îðãàíèçàöèè èõ ôèçè÷åñêîãî óíè÷òîæåíèÿ""";;;ÑÏÀÑ;Îáðàùåíèå;94,867;AUTO
ÎÑÖ Íèæíèé Íîâãîðîä;Àðõèâ ¹1 Íèæíèé Íîâãîðîä;KS 025 000 00 00;"Ñîçäàíèå îáðàùåíèÿ ""Óíè÷òîæåíèå äîêóìåíòîâ"" çà ÂÊ";;;ÑÏÀÑ;Îáðàùåíèå;148,433;AUTO
ÎÑÖ Íèæíèé Íîâãîðîä;Àðõèâ ¹1 Íèæíèé Íîâãîðîä;KS 026 000 00 00;"Îáðàáîòêà îáðàùåíèÿ ""Ñîãëàñîâàíèå àêòà îá óíè÷òîæåíèè äîêóìåíòîâ, îòðàæåííûõ â Ïåðå÷íå 1350""";;;ÑÏÀÑ;Îáðàùåíèå;173,126;AUTO
ÎÑÖ Íèæíèé Íîâãîðîä;Àðõèâ ¹1 Íèæíèé Íîâãîðîä;KS 027 000 00 00;"Îáðàáîòêà îáðàùåíèÿ ""Ñîãëàñîâàíèå àêòà îá óíè÷òîæåíèè äîêóìåíòîâ, èìåþùèå ãðèôû ÊÒ, ÄÑÏ è ïåðñ. äàííûå""";;;ÑÏÀÑ;Îáðàùåíèå;99,933;AUTO
ÎÑÖ Âîðîíåæ;Àðõèâ ¹4 Ñàíêò-Ïåòåðáóðã;KS 028 000 00 00;"Îáðàáîòêà îáðàùåíèÿ ""Ïåðåäà÷à äîêóìåíòîâ äëÿ îðãàíèçàöèè èõ ôèçè÷åñêîãî óíè÷òîæåíèÿ""";;;ÑÏÀÑ;Îáðàùåíèå;94;AUTO
ÎÑÖ Âîðîíåæ;Àðõèâ ¹4 Ñàíêò-Ïåòåðáóðã;KS 025 000 00 00;"Ñîçäàíèå îáðàùåíèÿ ""Óíè÷òîæåíèå äîêóìåíòîâ"" çà ÂÊ";;;ÑÏÀÑ;Îáðàùåíèå;149,568;AUTO
ÎÑÖ Íîâîñèáèðñê;Àðõèâ ¹3 Åêàòåðèíáóðã;KS 028 000 00 00;"Îáðàáîòêà îáðàùåíèÿ ""Ïåðåäà÷à äîêóìåíòîâ äëÿ îðãàíèçàöèè èõ ôèçè÷åñêîãî óíè÷òîæåíèÿ""";;;ÑÏÀÑ;Îáðàùåíèå;91,1;AUTO
ÎÑÖ Íîâîñèáèðñê;Àðõèâ ¹3 Åêàòåðèíáóðã;KS 025 000 00 00;"Ñîçäàíèå îáðàùåíèÿ ""Óíè÷òîæåíèå äîêóìåíòîâ"" çà ÂÊ";;;ÑÏÀÑ;Îáðàùåíèå;176,558;AUTO
ÎÑÖ Âîðîíåæ;Àðõèâ ¹3 Êàëèíèíãðàä;KS 028 000 00 00;"Îáðàáîòêà îáðàùåíèÿ ""Ïåðåäà÷à äîêóìåíòîâ äëÿ îðãàíèçàöèè èõ ôèçè÷åñêîãî óíè÷òîæåíèÿ""";;;ÑÏÀÑ;Îáðàùåíèå;85,467;AUTO
ÎÑÖ Âîðîíåæ;Àðõèâ ¹3 Êàëèíèíãðàä;KS 025 000 00 00;"Ñîçäàíèå îáðàùåíèÿ ""Óíè÷òîæåíèå äîêóìåíòîâ"" çà ÂÊ";;;ÑÏÀÑ;Îáðàùåíèå;138,667;AUTO
ÎÑÖ Ìîñêâà;Àðõèâ ¹1 Òîìèëèíî;KS 028 000 00 00;"Îáðàáîòêà îáðàùåíèÿ ""Ïåðåäà÷à äîêóìåíòîâ äëÿ îðãàíèçàöèè èõ ôèçè÷åñêîãî óíè÷òîæåíèÿ""";;;ÑÏÀÑ;Îáðàùåíèå;75,108;AUTO
ÎÑÖ Ìîñêâà;Àðõèâ ¹1 Òîìèëèíî;KS 025 000 00 00;"Ñîçäàíèå îáðàùåíèÿ ""Óíè÷òîæåíèå äîêóìåíòîâ"" çà ÂÊ";;;ÑÏÀÑ;Îáðàùåíèå;150,5;AUTO
ÎÑÖ Ñàìàðà;Àðõèâ ¹1 Ñàìàðà;KS 028 000 00 00;"Îáðàáîòêà îáðàùåíèÿ ""Ïåðåäà÷à äîêóìåíòîâ äëÿ îðãàíèçàöèè èõ ôèçè÷åñêîãî óíè÷òîæåíèÿ""";;;ÑÏÀÑ;Îáðàùåíèå;95,733;AUTO
ÎÑÖ Ñàìàðà;Àðõèâ ¹1 Ñàìàðà;KS 025 000 00 00;"Ñîçäàíèå îáðàùåíèÿ ""Óíè÷òîæåíèå äîêóìåíòîâ"" çà ÂÊ";;;ÑÏÀÑ;Îáðàùåíèå;170,733;AUTO
ÎÑÖ Âîðîíåæ;Àðõèâ ¹1 Âîðîíåæ;KS 028 000 00 00;"Îáðàáîòêà îáðàùåíèÿ ""Ïåðåäà÷à äîêóìåíòîâ äëÿ îðãàíèçàöèè èõ ôèçè÷åñêîãî óíè÷òîæåíèÿ""";;;ÑÏÀÑ;Îáðàùåíèå;91,3;AUTO
ÎÑÖ Âîðîíåæ;Àðõèâ ¹1 Âîðîíåæ;KS 025 000 00 00;"Ñîçäàíèå îáðàùåíèÿ ""Óíè÷òîæåíèå äîêóìåíòîâ"" çà ÂÊ";;;ÑÏÀÑ;Îáðàùåíèå;176,685;AUTO
ÎÑÖ Íîâîñèáèðñê;Àðõèâ ¹1 Íîâîñèáèðñê;KS 028 000 00 00;"Îáðàáîòêà îáðàùåíèÿ ""Ïåðåäà÷à äîêóìåíòîâ äëÿ îðãàíèçàöèè èõ ôèçè÷åñêîãî óíè÷òîæåíèÿ""";;;ÑÏÀÑ;Îáðàùåíèå;87,133;AUTO
ÎÑÖ Íîâîñèáèðñê;Àðõèâ ¹1 Íîâîñèáèðñê;KS 025 000 00 00;"Ñîçäàíèå îáðàùåíèÿ ""Óíè÷òîæåíèå äîêóìåíòîâ"" çà ÂÊ";;;ÑÏÀÑ;Îáðàùåíèå;176,333;AUTO
ÎÑÖ Íèæíèé Íîâãîðîä;Àðõèâ ¹1 Íèæíèé Íîâãîðîä;SR 333 000 00 00;Íóìåðàöèÿ ëèñòîâ äåëà;;;Ðåãèñòðàöèÿ;Ëèñò;3,181;RUCH
ÎÑÖ Íèæíèé Íîâãîðîä;Àðõèâ ¹1 Íèæíèé Íîâãîðîä;SR 334 000 00 00;Îôîðìëåíèå ëèñòà çàâåðèòåëÿ äåëà;;;Ðåãèñòðàöèÿ;Äåëî;70,5;RUCH
ÎÑÖ Íèæíèé Íîâãîðîä;Àðõèâ ¹1 Íèæíèé Íîâãîðîä;SR 335 000 00 00;Ïîäøèâêà äîêóìåíòîâ äåëà;;;Ðåãèñòðàöèÿ;Äåëî;892,3;RUCH
ÎÑÖ Íîâîñèáèðñê;Àðõèâ ¹3 Åêàòåðèíáóðã;SR 333 000 00 00;Íóìåðàöèÿ ëèñòîâ äåëà;;;Ðåãèñòðàöèÿ;Ëèñò;3,451;RUCH
ÎÑÖ Íîâîñèáèðñê;Àðõèâ ¹3 Åêàòåðèíáóðã;SR 334 000 00 00;Îôîðìëåíèå ëèñòà çàâåðèòåëÿ äåëà;;;Ðåãèñòðàöèÿ;Äåëî;71,767;RUCH
ÎÑÖ Íîâîñèáèðñê;Àðõèâ ¹3 Åêàòåðèíáóðã;SR 335 000 00 00;Ïîäøèâêà äîêóìåíòîâ äåëà;;;Ðåãèñòðàöèÿ;Äåëî;899,867;RUCH
ÎÑÖ Ìîñêâà;Àðõèâ ¹1 Òîìèëèíî;SR 333 000 00 00;Íóìåðàöèÿ ëèñòîâ äåëà;;;Ðåãèñòðàöèÿ;Ëèñò;3,316;RUCH
ÎÑÖ Ìîñêâà;Àðõèâ ¹1 Òîìèëèíî;SR 334 000 00 00;Îôîðìëåíèå ëèñòà çàâåðèòåëÿ äåëà;;;Ðåãèñòðàöèÿ;Äåëî;72,2;RUCH
ÎÑÖ Ìîñêâà;Àðõèâ ¹1 Òîìèëèíî;SR 335 000 00 00;Ïîäøèâêà äîêóìåíòîâ äåëà;;;Ðåãèñòðàöèÿ;Äåëî;892,533;RUCH
ÎÑÖ Âîðîíåæ;Àðõèâ ¹1 Âîðîíåæ;SR 333 000 00 00;Íóìåðàöèÿ ëèñòîâ äåëà;;;Ðåãèñòðàöèÿ;Ëèñò;3,384;RUCH
ÎÑÖ Âîðîíåæ;Àðõèâ ¹1 Âîðîíåæ;SR 334 000 00 00;Îôîðìëåíèå ëèñòà çàâåðèòåëÿ äåëà;;;Ðåãèñòðàöèÿ;Äåëî;73,833;RUCH
ÎÑÖ Âîðîíåæ;Àðõèâ ¹1 Âîðîíåæ;SR 335 000 00 00;Ïîäøèâêà äîêóìåíòîâ äåëà;;;Ðåãèñòðàöèÿ;Äåëî;865,267;RUCH
ÎÑÖ Íîâîñèáèðñê;Àðõèâ ¹1 Íîâîñèáèðñê;SR 333 000 00 00;Íóìåðàöèÿ ëèñòîâ äåëà;;;Ðåãèñòðàöèÿ;Ëèñò;3,241;RUCH
ÎÑÖ Íîâîñèáèðñê;Àðõèâ ¹1 Íîâîñèáèðñê;SR 334 000 00 00;Îôîðìëåíèå ëèñòà çàâåðèòåëÿ äåëà;;;Ðåãèñòðàöèÿ;Äåëî;70,467;RUCH
ÎÑÖ Íîâîñèáèðñê;Àðõèâ ¹1 Íîâîñèáèðñê;SR 335 000 00 00;Ïîäøèâêà äîêóìåíòîâ äåëà;;;Ðåãèñòðàöèÿ;Äåëî;896,167;RUCH
ÎÑÖ Íèæíèé Íîâãîðîä;Àðõèâ ¹1 Íèæíèé Íîâãîðîä;TU 001 000 00 00;Óíè÷òîæåíèå_Ïðîâåðêà ÒÓ áåç âñêðûòèÿ;;;Ðåãèñòðàöèÿ;ÒÓ;29,467;AUTO
ÎÑÖ Âîðîíåæ;Àðõèâ ¹4 Ñàíêò-Ïåòåðáóðã;TU 001 000 00 00;Óíè÷òîæåíèå_Ïðîâåðêà ÒÓ áåç âñêðûòèÿ;;;Ðåãèñòðàöèÿ;ÒÓ;28,29;AUTO
ÎÑÖ Íîâîñèáèðñê;Àðõèâ ¹3 Åêàòåðèíáóðã;TU 001 000 00 00;Óíè÷òîæåíèå_Ïðîâåðêà ÒÓ áåç âñêðûòèÿ;;;Ðåãèñòðàöèÿ;ÒÓ;29,1;AUTO
ÎÑÖ Âîðîíåæ;Àðõèâ ¹3 Êàëèíèíãðàä;TU 001 000 00 00;Óíè÷òîæåíèå_Ïðîâåðêà ÒÓ áåç âñêðûòèÿ;;;Ðåãèñòðàöèÿ;ÒÓ;30,667;AUTO
ÎÑÖ Ìîñêâà;Àðõèâ ¹1 Òîìèëèíî;TU 001 000 00 00;Óíè÷òîæåíèå_Ïðîâåðêà ÒÓ áåç âñêðûòèÿ;;;Ðåãèñòðàöèÿ;ÒÓ;23,067;AUTO
ÎÑÖ Ñàìàðà;Àðõèâ ¹1 Ñàìàðà;TU 001 000 00 00;Óíè÷òîæåíèå_Ïðîâåðêà ÒÓ áåç âñêðûòèÿ;;;Ðåãèñòðàöèÿ;ÒÓ;31,45;AUTO
ÎÑÖ Âîðîíåæ;Àðõèâ ¹1 Âîðîíåæ;TU 001 000 00 00;Óíè÷òîæåíèå_Ïðîâåðêà ÒÓ áåç âñêðûòèÿ;;;Ðåãèñòðàöèÿ;ÒÓ;29,789;AUTO
ÎÑÖ Íîâîñèáèðñê;Àðõèâ ¹1 Íîâîñèáèðñê;TU 001 000 00 00;Óíè÷òîæåíèå_Ïðîâåðêà ÒÓ áåç âñêðûòèÿ;;;Ðåãèñòðàöèÿ;ÒÓ;27,333;AUTO
ÎÑÖ Íèæíèé Íîâãîðîä;Àðõèâ ¹1 Íèæíèé Íîâãîðîä;TU 002 000 00 00;Óíè÷òîæåíèå_Ïðîâåðêà ÒÓ ñ âñêðûòèåì;;;Ðåãèñòðàöèÿ;ÒÓ;366,233;RUCH
ÎÑÖ Âîðîíåæ;Àðõèâ ¹4 Ñàíêò-Ïåòåðáóðã;TU 002 000 00 00;Óíè÷òîæåíèå_Ïðîâåðêà ÒÓ ñ âñêðûòèåì;;;Ðåãèñòðàöèÿ;ÒÓ;442,478;RUCH
ÎÑÖ Íîâîñèáèðñê;Àðõèâ ¹3 Åêàòåðèíáóðã;TU 002 000 00 00;Óíè÷òîæåíèå_Ïðîâåðêà ÒÓ ñ âñêðûòèåì;;;Ðåãèñòðàöèÿ;ÒÓ;443;RUCH
ÎÑÖ Âîðîíåæ;Àðõèâ ¹3 Êàëèíèíãðàä;TU 002 000 00 00;Óíè÷òîæåíèå_Ïðîâåðêà ÒÓ ñ âñêðûòèåì;;;Ðåãèñòðàöèÿ;ÒÓ;371,4;RUCH
ÎÑÖ Ìîñêâà;Àðõèâ ¹1 Òîìèëèíî;TU 002 000 00 00;Óíè÷òîæåíèå_Ïðîâåðêà ÒÓ ñ âñêðûòèåì;;;Ðåãèñòðàöèÿ;ÒÓ;404,6;RUCH
ÎÑÖ Ñàìàðà;Àðõèâ ¹1 Ñàìàðà;TU 002 000 00 00;Óíè÷òîæåíèå_Ïðîâåðêà ÒÓ ñ âñêðûòèåì;;;Ðåãèñòðàöèÿ;ÒÓ;418,167;RUCH
ÎÑÖ Âîðîíåæ;Àðõèâ ¹1 Âîðîíåæ;TU 002 000 00 00;Óíè÷òîæåíèå_Ïðîâåðêà ÒÓ ñ âñêðûòèåì;;;Ðåãèñòðàöèÿ;ÒÓ;419,633;RUCH
ÎÑÖ Íîâîñèáèðñê;Àðõèâ ¹1 Íîâîñèáèðñê;TU 002 000 00 00;Óíè÷òîæåíèå_Ïðîâåðêà ÒÓ ñ âñêðûòèåì;;;Ðåãèñòðàöèÿ;ÒÓ;361,733;RUCH
ÎÑÖ Íèæíèé Íîâãîðîä;Àðõèâ ¹1 Íèæíèé Íîâãîðîä;RG 0001 004 01 01;Ðåãèñòðàöèÿ ÁÏ 04 (REG/Îäíîëèñòíûé äîêóìåíò);;004;Ðåãèñòðàöèÿ;ØÊ;29,429;AUTO
ÎÑÖ Íèæíèé Íîâãîðîä;Àðõèâ ¹1 Íèæíèé Íîâãîðîä;RG 0001 004 02 01;Ðåãèñòðàöèÿ ÁÏ 04 (REG/Îïèñü);;004;Ðåãèñòðàöèÿ;ØÊ;39,14;AUTO
ÎÑÖ Íèæíèé Íîâãîðîä;Àðõèâ ¹1 Íèæíèé Íîâãîðîä;RG 0001 004 01 02;Ðåãèñòðàöèÿ ÁÏ 04 (VSP/Îäíîëèñòíûé äîêóìåíò);ÂÑÏ;004;Ðåãèñòðàöèÿ;ØÊ;14,474;AUTO
ÎÑÖ Íèæíèé Íîâãîðîä;Àðõèâ ¹1 Íèæíèé Íîâãîðîä;RG 0001 004 02 02;Ðåãèñòðàöèÿ ÁÏ 04 (VSP/Îïèñü);ÂÑÏ;004;Ðåãèñòðàöèÿ;ØÊ;32,152;AUTO
ÎÑÖ Íèæíèé Íîâãîðîä;Àðõèâ ¹1 Íèæíèé Íîâãîðîä;RG 0001 004 01 03;Ðåãèñòðàöèÿ ÁÏ 04 (VRUK/Îäíîëèñòíûé äîêóìåíò);ÂÐÓÊ;004;Ðåãèñòðàöèÿ;ØÊ;85,567;AUTO
ÎÑÖ Íèæíèé Íîâãîðîä;Àðõèâ ¹1 Íèæíèé Íîâãîðîä;RG 0001 004 02 03;Ðåãèñòðàöèÿ ÁÏ 04 (VRUK/Îïèñü);ÂÐÓÊ;004;Ðåãèñòðàöèÿ;ØÊ;103,6;AUTO
ÎÑÖ Íèæíèé Íîâãîðîä;Àðõèâ ¹1 Íèæíèé Íîâãîðîä;RG 0001 004 11 01;Ðåãèñòðàöèÿ ÁÏ 04_àâòî (REG/Îäíîëèñòíûé äîêóìåíò);;004;Ðåãèñòðàöèÿ;ØÊ;41;AUTO
ÎÑÖ Íèæíèé Íîâãîðîä;Àðõèâ ¹1 Íèæíèé Íîâãîðîä;RG 0001 004 12 01;Ðåãèñòðàöèÿ ÁÏ 04_àâòî (REG/Îïèñü);;004;Ðåãèñòðàöèÿ;ØÊ;78;AUTO
ÎÑÖ Íèæíèé Íîâãîðîä;Àðõèâ ¹1 Íèæíèé Íîâãîðîä;RG 0001 004 11 02;Ðåãèñòðàöèÿ ÁÏ 04_àâòî (VSP/Îäíîëèñòíûé äîêóìåíò);ÂÑÏ;004;Ðåãèñòðàöèÿ;ØÊ;14,6;AUTO
ÎÑÖ Íèæíèé Íîâãîðîä;Àðõèâ ¹1 Íèæíèé Íîâãîðîä;RG 0001 004 12 02;Ðåãèñòðàöèÿ ÁÏ 04_àâòî (VSP/Îïèñü);ÂÑÏ;004;Ðåãèñòðàöèÿ;ØÊ;66,214;AUTO
ÎÑÖ Âîðîíåæ;Àðõèâ ¹4 Ñàíêò-Ïåòåðáóðã;RG 0001 004 01 01;Ðåãèñòðàöèÿ ÁÏ 04 (REG/Îäíîëèñòíûé äîêóìåíò);;004;Ðåãèñòðàöèÿ;ØÊ;30,733;AUTO
ÎÑÖ Âîðîíåæ;Àðõèâ ¹4 Ñàíêò-Ïåòåðáóðã;RG 0001 004 02 01;Ðåãèñòðàöèÿ ÁÏ 04 (REG/Îïèñü);;004;Ðåãèñòðàöèÿ;ØÊ;44,871;AUTO
ÎÑÖ Âîðîíåæ;Àðõèâ ¹4 Ñàíêò-Ïåòåðáóðã;RG 0001 004 01 02;Ðåãèñòðàöèÿ ÁÏ 04 (VSP/Îäíîëèñòíûé äîêóìåíò);ÂÑÏ;004;Ðåãèñòðàöèÿ;ØÊ;15,7;AUTO
ÎÑÖ Âîðîíåæ;Àðõèâ ¹4 Ñàíêò-Ïåòåðáóðã;RG 0001 004 02 02;Ðåãèñòðàöèÿ ÁÏ 04 (VSP/Îïèñü);ÂÑÏ;004;Ðåãèñòðàöèÿ;ØÊ;33,389;AUTO
ÎÑÖ Âîðîíåæ;Àðõèâ ¹4 Ñàíêò-Ïåòåðáóðã;RG 0001 004 01 03;Ðåãèñòðàöèÿ ÁÏ 04 (VRUK/Îäíîëèñòíûé äîêóìåíò);ÂÐÓÊ;004;Ðåãèñòðàöèÿ;ØÊ;87,067;AUTO
ÎÑÖ Âîðîíåæ;Àðõèâ ¹4 Ñàíêò-Ïåòåðáóðã;RG 0001 004 02 03;Ðåãèñòðàöèÿ ÁÏ 04 (VRUK/Îïèñü);ÂÐÓÊ;004;Ðåãèñòðàöèÿ;ØÊ;102,3;AUTO
ÎÑÖ Âîðîíåæ;Àðõèâ ¹4 Ñàíêò-Ïåòåðáóðã;RG 0001 004 11 01;Ðåãèñòðàöèÿ ÁÏ 04_àâòî (REG/Îäíîëèñòíûé äîêóìåíò);;004;Ðåãèñòðàöèÿ;ØÊ;51,516;AUTO
ÎÑÖ Âîðîíåæ;Àðõèâ ¹4 Ñàíêò-Ïåòåðáóðã;RG 0001 004 12 01;Ðåãèñòðàöèÿ ÁÏ 04_àâòî (REG/Îïèñü);;004;Ðåãèñòðàöèÿ;ØÊ;79,583;AUTO
ÎÑÖ Âîðîíåæ;Àðõèâ ¹4 Ñàíêò-Ïåòåðáóðã;RG 0001 004 11 02;Ðåãèñòðàöèÿ ÁÏ 04_àâòî (VSP/Îäíîëèñòíûé äîêóìåíò);ÂÑÏ;004;Ðåãèñòðàöèÿ;ØÊ;17,153;AUTO
ÎÑÖ Âîðîíåæ;Àðõèâ ¹4 Ñàíêò-Ïåòåðáóðã;RG 0001 004 12 02;Ðåãèñòðàöèÿ ÁÏ 04_àâòî (VSP/Îïèñü);ÂÑÏ;004;Ðåãèñòðàöèÿ;ØÊ;69,472;AUTO
ÎÑÖ Íîâîñèáèðñê;Àðõèâ ¹3 Åêàòåðèíáóðã;RG 0001 004 01 01;Ðåãèñòðàöèÿ ÁÏ 04 (REG/Îäíîëèñòíûé äîêóìåíò);;004;Ðåãèñòðàöèÿ;ØÊ;33,68;AUTO
ÎÑÖ Íîâîñèáèðñê;Àðõèâ ¹3 Åêàòåðèíáóðã;RG 0001 004 02 01;Ðåãèñòðàöèÿ ÁÏ 04 (REG/Îïèñü);;004;Ðåãèñòðàöèÿ;ØÊ;43,84;AUTO
ÎÑÖ Íîâîñèáèðñê;Àðõèâ ¹3 Åêàòåðèíáóðã;RG 0001 004 01 02;Ðåãèñòðàöèÿ ÁÏ 04 (VSP/Îäíîëèñòíûé äîêóìåíò);ÂÑÏ;004;Ðåãèñòðàöèÿ;ØÊ;15,485;AUTO
ÎÑÖ Íîâîñèáèðñê;Àðõèâ ¹3 Åêàòåðèíáóðã;RG 0001 004 02 02;Ðåãèñòðàöèÿ ÁÏ 04 (VSP/Îïèñü);ÂÑÏ;004;Ðåãèñòðàöèÿ;ØÊ;34,13;AUTO
ÎÑÖ Íîâîñèáèðñê;Àðõèâ ¹3 Åêàòåðèíáóðã;RG 0001 004 01 03;Ðåãèñòðàöèÿ ÁÏ 04 (VRUK/Îäíîëèñòíûé äîêóìåíò);ÂÐÓÊ;004;Ðåãèñòðàöèÿ;ØÊ;85;AUTO
ÎÑÖ Íîâîñèáèðñê;Àðõèâ ¹3 Åêàòåðèíáóðã;RG 0001 004 02 03;Ðåãèñòðàöèÿ ÁÏ 04 (VRUK/Îïèñü);ÂÐÓÊ;004;Ðåãèñòðàöèÿ;ØÊ;105;AUTO
ÎÑÖ Íîâîñèáèðñê;Àðõèâ ¹3 Åêàòåðèíáóðã;RG 0001 004 11 01;Ðåãèñòðàöèÿ ÁÏ 04_àâòî (REG/Îäíîëèñòíûé äîêóìåíò);;004;Ðåãèñòðàöèÿ;ØÊ;51,452;AUTO
ÎÑÖ Íîâîñèáèðñê;Àðõèâ ¹3 Åêàòåðèíáóðã;RG 0001 004 12 01;Ðåãèñòðàöèÿ ÁÏ 04_àâòî (REG/Îïèñü);;004;Ðåãèñòðàöèÿ;ØÊ;82,914;AUTO
ÎÑÖ Íîâîñèáèðñê;Àðõèâ ¹3 Åêàòåðèíáóðã;RG 0001 004 11 02;Ðåãèñòðàöèÿ ÁÏ 04_àâòî (VSP/Îäíîëèñòíûé äîêóìåíò);ÂÑÏ;004;Ðåãèñòðàöèÿ;ØÊ;16,193;AUTO
ÎÑÖ Íîâîñèáèðñê;Àðõèâ ¹3 Åêàòåðèíáóðã;RG 0001 004 12 02;Ðåãèñòðàöèÿ ÁÏ 04_àâòî (VSP/Îïèñü);ÂÑÏ;004;Ðåãèñòðàöèÿ;ØÊ;65,786;AUTO
ÎÑÖ Âîðîíåæ;Àðõèâ ¹3 Êàëèíèíãðàä;RG 0001 004 01 01;Ðåãèñòðàöèÿ ÁÏ 04 (REG/Îäíîëèñòíûé äîêóìåíò);;004;Ðåãèñòðàöèÿ;ØÊ;31,967;AUTO
ÎÑÖ Âîðîíåæ;Àðõèâ ¹3 Êàëèíèíãðàä;RG 0001 004 02 01;Ðåãèñòðàöèÿ ÁÏ 04 (REG/Îïèñü);;004;Ðåãèñòðàöèÿ;ØÊ;40,7;AUTO
ÎÑÖ Âîðîíåæ;Àðõèâ ¹3 Êàëèíèíãðàä;RG 0001 004 01 03;Ðåãèñòðàöèÿ ÁÏ 04 (VRUK/Îäíîëèñòíûé äîêóìåíò);ÂÐÓÊ;004;Ðåãèñòðàöèÿ;ØÊ;85,067;AUTO
ÎÑÖ Âîðîíåæ;Àðõèâ ¹3 Êàëèíèíãðàä;RG 0001 004 02 03;Ðåãèñòðàöèÿ ÁÏ 04 (VRUK/Îïèñü);ÂÐÓÊ;004;Ðåãèñòðàöèÿ;ØÊ;102,933;AUTO
ÎÑÖ Âîðîíåæ;Àðõèâ ¹3 Êàëèíèíãðàä;RG 0001 004 01 02;Ðåãèñòðàöèÿ ÁÏ 04 (VSP/Îäíîëèñòíûé äîêóìåíò);ÂÑÏ;004;Ðåãèñòðàöèÿ;ØÊ;14,733;AUTO
ÎÑÖ Âîðîíåæ;Àðõèâ ¹3 Êàëèíèíãðàä;RG 0001 004 02 02;Ðåãèñòðàöèÿ ÁÏ 04 (VSP/Îïèñü);ÂÑÏ;004;Ðåãèñòðàöèÿ;ØÊ;32,933;AUTO
ÎÑÖ Âîðîíåæ;Àðõèâ ¹3 Êàëèíèíãðàä;RG 0001 004 11 01;Ðåãèñòðàöèÿ ÁÏ 04_àâòî (REG/Îäíîëèñòíûé äîêóìåíò);;004;Ðåãèñòðàöèÿ;ØÊ;50,967;AUTO
ÎÑÖ Âîðîíåæ;Àðõèâ ¹3 Êàëèíèíãðàä;RG 0001 004 12 01;Ðåãèñòðàöèÿ ÁÏ 04_àâòî (REG/Îïèñü);;004;Ðåãèñòðàöèÿ;ØÊ;70,3;AUTO
ÎÑÖ Âîðîíåæ;Àðõèâ ¹3 Êàëèíèíãðàä;RG 0001 004 11 02;Ðåãèñòðàöèÿ ÁÏ 04_àâòî (VSP/Îäíîëèñòíûé äîêóìåíò);ÂÑÏ;004;Ðåãèñòðàöèÿ;ØÊ;15,267;AUTO
ÎÑÖ Âîðîíåæ;Àðõèâ ¹3 Êàëèíèíãðàä;RG 0001 004 12 02;Ðåãèñòðàöèÿ ÁÏ 04_àâòî (VSP/Îïèñü);ÂÑÏ;004;Ðåãèñòðàöèÿ;ØÊ;66,867;AUTO
ÎÑÖ Ìîñêâà;Àðõèâ ¹1 Òîìèëèíî;RG 0001 004 01 01;Ðåãèñòðàöèÿ ÁÏ 04 (REG/Îäíîëèñòíûé äîêóìåíò);;004;Ðåãèñòðàöèÿ;ØÊ;31,613;AUTO
ÎÑÖ Ìîñêâà;Àðõèâ ¹1 Òîìèëèíî;RG 0001 004 02 01;Ðåãèñòðàöèÿ ÁÏ 04 (REG/Îïèñü);;004;Ðåãèñòðàöèÿ;ØÊ;39,226;AUTO
ÎÑÖ Ìîñêâà;Àðõèâ ¹1 Òîìèëèíî;RG 0001 004 01 02;Ðåãèñòðàöèÿ ÁÏ 04 (VSP/Îäíîëèñòíûé äîêóìåíò);ÂÑÏ;004;Ðåãèñòðàöèÿ;ØÊ;14,385;AUTO
ÎÑÖ Ìîñêâà;Àðõèâ ¹1 Òîìèëèíî;RG 0001 004 02 02;Ðåãèñòðàöèÿ ÁÏ 04 (VSP/Îïèñü);ÂÑÏ;004;Ðåãèñòðàöèÿ;ØÊ;32,641;AUTO
ÎÑÖ Ìîñêâà;Àðõèâ ¹1 Òîìèëèíî;RG 0001 004 01 03;Ðåãèñòðàöèÿ ÁÏ 04 (VRUK/Îäíîëèñòíûé äîêóìåíò);ÂÐÓÊ;004;Ðåãèñòðàöèÿ;ØÊ;85,313;AUTO
ÎÑÖ Ìîñêâà;Àðõèâ ¹1 Òîìèëèíî;RG 0001 004 02 03;Ðåãèñòðàöèÿ ÁÏ 04 (VRUK/Îïèñü);ÂÐÓÊ;004;Ðåãèñòðàöèÿ;ØÊ;102,594;AUTO
ÎÑÖ Ìîñêâà;Àðõèâ ¹1 Òîìèëèíî;RG 0001 004 11 01;Ðåãèñòðàöèÿ ÁÏ 04_àâòî (REG/Îäíîëèñòíûé äîêóìåíò);;004;Ðåãèñòðàöèÿ;ØÊ;51,516;AUTO
ÎÑÖ Ìîñêâà;Àðõèâ ¹1 Òîìèëèíî;RG 0001 004 12 01;Ðåãèñòðàöèÿ ÁÏ 04_àâòî (REG/Îïèñü);;004;Ðåãèñòðàöèÿ;ØÊ;81,4;AUTO
ÎÑÖ Ìîñêâà;Àðõèâ ¹1 Òîìèëèíî;RG 0001 004 11 02;Ðåãèñòðàöèÿ ÁÏ 04_àâòî (VSP/Îäíîëèñòíûé äîêóìåíò);ÂÑÏ;004;Ðåãèñòðàöèÿ;ØÊ;16,7;AUTO
ÎÑÖ Ìîñêâà;Àðõèâ ¹1 Òîìèëèíî;RG 0001 004 12 02;Ðåãèñòðàöèÿ ÁÏ 04_àâòî (VSP/Îïèñü);ÂÑÏ;004;Ðåãèñòðàöèÿ;ØÊ;64,867;AUTO
ÎÑÖ Ñàìàðà;Àðõèâ ¹1 Ñàìàðà;RG 0001 004 01 01;Ðåãèñòðàöèÿ ÁÏ 04 (REG/Îäíîëèñòíûé äîêóìåíò);;004;Ðåãèñòðàöèÿ;ØÊ;30,09;AUTO
ÎÑÖ Ñàìàðà;Àðõèâ ¹1 Ñàìàðà;RG 0001 004 02 01;Ðåãèñòðàöèÿ ÁÏ 04 (REG/Îïèñü);;004;Ðåãèñòðàöèÿ;ØÊ;41,813;AUTO
ÎÑÖ Ñàìàðà;Àðõèâ ¹1 Ñàìàðà;RG 0001 004 01 02;Ðåãèñòðàöèÿ ÁÏ 04 (VSP/Îäíîëèñòíûé äîêóìåíò);ÂÑÏ;004;Ðåãèñòðàöèÿ;ØÊ;15,524;AUTO
ÎÑÖ Ñàìàðà;Àðõèâ ¹1 Ñàìàðà;RG 0001 004 02 02;Ðåãèñòðàöèÿ ÁÏ 04 (VSP/Îïèñü);ÂÑÏ;004;Ðåãèñòðàöèÿ;ØÊ;30,343;AUTO
ÎÑÖ Ñàìàðà;Àðõèâ ¹1 Ñàìàðà;RG 0001 004 01 03;Ðåãèñòðàöèÿ ÁÏ 04 (VRUK/Îäíîëèñòíûé äîêóìåíò);ÂÐÓÊ;004;Ðåãèñòðàöèÿ;ØÊ;86,784;AUTO
ÎÑÖ Ñàìàðà;Àðõèâ ¹1 Ñàìàðà;RG 0001 004 02 03;Ðåãèñòðàöèÿ ÁÏ 04 (VRUK/Îïèñü);ÂÐÓÊ;004;Ðåãèñòðàöèÿ;ØÊ;99,233;AUTO
ÎÑÖ Ñàìàðà;Àðõèâ ¹1 Ñàìàðà;RG 0001 004 11 01;Ðåãèñòðàöèÿ ÁÏ 04_àâòî (REG/Îäíîëèñòíûé äîêóìåíò);;004;Ðåãèñòðàöèÿ;ØÊ;41,333;AUTO
ÎÑÖ Ñàìàðà;Àðõèâ ¹1 Ñàìàðà;RG 0001 004 12 01;Ðåãèñòðàöèÿ ÁÏ 04_àâòî (REG/Îïèñü);;004;Ðåãèñòðàöèÿ;ØÊ;71,233;AUTO
ÎÑÖ Ñàìàðà;Àðõèâ ¹1 Ñàìàðà;RG 0001 004 11 02;Ðåãèñòðàöèÿ ÁÏ 04_àâòî (VSP/Îäíîëèñòíûé äîêóìåíò);ÂÑÏ;004;Ðåãèñòðàöèÿ;ØÊ;15,967;AUTO
ÎÑÖ Ñàìàðà;Àðõèâ ¹1 Ñàìàðà;RG 0001 004 12 02;Ðåãèñòðàöèÿ ÁÏ 04_àâòî (VSP/Îïèñü);ÂÑÏ;004;Ðåãèñòðàöèÿ;ØÊ;63,117;AUTO
ÎÑÖ Âîðîíåæ;Àðõèâ ¹1 Âîðîíåæ;RG 0001 004 01 01;Ðåãèñòðàöèÿ ÁÏ 04 (REG/Îäíîëèñòíûé äîêóìåíò);;004;Ðåãèñòðàöèÿ;ØÊ;31;AUTO
ÎÑÖ Âîðîíåæ;Àðõèâ ¹1 Âîðîíåæ;RG 0001 004 02 01;Ðåãèñòðàöèÿ ÁÏ 04 (REG/Îïèñü);;004;Ðåãèñòðàöèÿ;ØÊ;38,188;AUTO
ÎÑÖ Âîðîíåæ;Àðõèâ ¹1 Âîðîíåæ;RG 0001 004 01 02;Ðåãèñòðàöèÿ ÁÏ 04 (VSP/Îäíîëèñòíûé äîêóìåíò);ÂÑÏ;004;Ðåãèñòðàöèÿ;ØÊ;14,35;AUTO
ÎÑÖ Âîðîíåæ;Àðõèâ ¹1 Âîðîíåæ;RG 0001 004 02 02;Ðåãèñòðàöèÿ ÁÏ 04 (VSP/Îïèñü);ÂÑÏ;004;Ðåãèñòðàöèÿ;ØÊ;32,014;AUTO
ÎÑÖ Âîðîíåæ;Àðõèâ ¹1 Âîðîíåæ;RG 0001 004 01 03;Ðåãèñòðàöèÿ ÁÏ 04 (VRUK/Îäíîëèñòíûé äîêóìåíò);ÂÐÓÊ;004;Ðåãèñòðàöèÿ;ØÊ;85,067;AUTO
ÎÑÖ Âîðîíåæ;Àðõèâ ¹1 Âîðîíåæ;RG 0001 004 02 03;Ðåãèñòðàöèÿ ÁÏ 04 (VRUK/Îïèñü);ÂÐÓÊ;004;Ðåãèñòðàöèÿ;ØÊ;95;AUTO
ÎÑÖ Âîðîíåæ;Àðõèâ ¹1 Âîðîíåæ;RG 0001 004 11 01;Ðåãèñòðàöèÿ ÁÏ 04_àâòî (REG/Îäíîëèñòíûé äîêóìåíò);;004;Ðåãèñòðàöèÿ;ØÊ;43,727;AUTO
ÎÑÖ Âîðîíåæ;Àðõèâ ¹1 Âîðîíåæ;RG 0001 004 12 01;Ðåãèñòðàöèÿ ÁÏ 04_àâòî (REG/Îïèñü);;004;Ðåãèñòðàöèÿ;ØÊ;70,952;AUTO
ÎÑÖ Âîðîíåæ;Àðõèâ ¹1 Âîðîíåæ;RG 0001 004 11 02;Ðåãèñòðàöèÿ ÁÏ 04_àâòî (VSP/Îäíîëèñòíûé äîêóìåíò);ÂÑÏ;004;Ðåãèñòðàöèÿ;ØÊ;14,4;AUTO
ÎÑÖ Âîðîíåæ;Àðõèâ ¹1 Âîðîíåæ;RG 0001 004 12 02;Ðåãèñòðàöèÿ ÁÏ 04_àâòî (VSP/Îïèñü);ÂÑÏ;004;Ðåãèñòðàöèÿ;ØÊ;65,087;AUTO
ÎÑÖ Íîâîñèáèðñê;Àðõèâ ¹1 Íîâîñèáèðñê;RG 0001 004 01 01;Ðåãèñòðàöèÿ ÁÏ 04 (REG/Îäíîëèñòíûé äîêóìåíò);;004;Ðåãèñòðàöèÿ;ØÊ;32,067;AUTO
ÎÑÖ Íîâîñèáèðñê;Àðõèâ ¹1 Íîâîñèáèðñê;RG 0001 004 02 01;Ðåãèñòðàöèÿ ÁÏ 04 (REG/Îïèñü);;004;Ðåãèñòðàöèÿ;ØÊ;45,667;AUTO
ÎÑÖ Íîâîñèáèðñê;Àðõèâ ¹1 Íîâîñèáèðñê;RG 0001 004 01 02;Ðåãèñòðàöèÿ ÁÏ 04 (VSP/Îäíîëèñòíûé äîêóìåíò);ÂÑÏ;004;Ðåãèñòðàöèÿ;ØÊ;15,267;AUTO
ÎÑÖ Íîâîñèáèðñê;Àðõèâ ¹1 Íîâîñèáèðñê;RG 0001 004 02 02;Ðåãèñòðàöèÿ ÁÏ 04 (VSP/Îïèñü);ÂÑÏ;004;Ðåãèñòðàöèÿ;ØÊ;31,8;AUTO
ÎÑÖ Íîâîñèáèðñê;Àðõèâ ¹1 Íîâîñèáèðñê;RG 0001 004 01 03;Ðåãèñòðàöèÿ ÁÏ 04 (VRUK/Îäíîëèñòíûé äîêóìåíò);ÂÐÓÊ;004;Ðåãèñòðàöèÿ;ØÊ;77,567;AUTO
ÎÑÖ Íîâîñèáèðñê;Àðõèâ ¹1 Íîâîñèáèðñê;RG 0001 004 02 03;Ðåãèñòðàöèÿ ÁÏ 04 (VRUK/Îïèñü);ÂÐÓÊ;004;Ðåãèñòðàöèÿ;ØÊ;93,267;AUTO
ÎÑÖ Íîâîñèáèðñê;Àðõèâ ¹1 Íîâîñèáèðñê;RG 0001 004 11 01;Ðåãèñòðàöèÿ ÁÏ 04_àâòî (REG/Îäíîëèñòíûé äîêóìåíò);;004;Ðåãèñòðàöèÿ;ØÊ;47,4;AUTO
ÎÑÖ Íîâîñèáèðñê;Àðõèâ ¹1 Íîâîñèáèðñê;RG 0001 004 12 01;Ðåãèñòðàöèÿ ÁÏ 04_àâòî (REG/Îïèñü);;004;Ðåãèñòðàöèÿ;ØÊ;70,4;AUTO
ÎÑÖ Íîâîñèáèðñê;Àðõèâ ¹1 Íîâîñèáèðñê;RG 0001 004 11 02;Ðåãèñòðàöèÿ ÁÏ 04_àâòî (VSP/Îäíîëèñòíûé äîêóìåíò);ÂÑÏ;004;Ðåãèñòðàöèÿ;ØÊ;15,333;AUTO
ÎÑÖ Íîâîñèáèðñê;Àðõèâ ¹1 Íîâîñèáèðñê;RG 0001 004 12 02;Ðåãèñòðàöèÿ ÁÏ 04_àâòî (VSP/Îïèñü);ÂÑÏ;004;Ðåãèñòðàöèÿ;ØÊ;66,2;AUTO
ÎÑÖ Âîðîíåæ;Àðõèâ ¹1 Âîðîíåæ;PD 005 000 02 00;Ïîäáîð ïðîäóêòîâûõ äîêóìåíòîâ íà óíè÷òîæåíèå ïî àêòàì ïî ñòðàõîâîé äîêóìåíòàöèè (Ìåçîíèí);;;Ëîãèñòèêà;Äîêóìåíò;32,076;AUTO
ÎÑÖ Íîâîñèáèðñê;Àðõèâ ¹3 Åêàòåðèíáóðã;PD 005 000 02 00;Ïîäáîð ïðîäóêòîâûõ äîêóìåíòîâ íà óíè÷òîæåíèå ïî àêòàì ïî ñòðàõîâîé äîêóìåíòàöèè (Ìåçîíèí);;;Ëîãèñòèêà;Äîêóìåíò;31,475;AUTO
ÎÑÖ Ñàìàðà;Àðõèâ ¹1 Ñàìàðà;PD 005 000 01 00;Ïîäáîð ïðîäóêòîâûõ äîêóìåíòîâ íà óíè÷òîæåíèå ïî àêòàì ïî ñòðàõîâîé äîêóìåíòàöèè (ÀËÖ);;;Ëîãèñòèêà;Äîêóìåíò;14,045;AUTO
ÎÑÖ Âîðîíåæ;Àðõèâ ¹3 Êàëèíèíãðàä;PD 005 000 02 00;Ïîäáîð ïðîäóêòîâûõ äîêóìåíòîâ íà óíè÷òîæåíèå ïî àêòàì ïî ñòðàõîâîé äîêóìåíòàöèè (Ìåçîíèí);;;Ëîãèñòèêà;Äîêóìåíò;31,612;AUTO
ÎÑÖ Íèæíèé Íîâãîðîä;Àðõèâ ¹1 Íèæíèé Íîâãîðîä;PD 003 000 01 00;Ïîäáîð Ñøèâîâ íà óíè÷òîæåíèå ïî àêòàì (ÀËÖ);;;Ëîãèñòèêà;Äîêóìåíò;13,5;AUTO
ÎÑÖ Íèæíèé Íîâãîðîä;Àðõèâ ¹1 Íèæíèé Íîâãîðîä;PD 005 000 01 00;Ïîäáîð ïðîäóêòîâûõ äîêóìåíòîâ íà óíè÷òîæåíèå ïî àêòàì ïî ñòðàõîâîé äîêóìåíòàöèè (ÀËÖ);;;Ëîãèñòèêà;Äîêóìåíò;13;AUTO
ÎÑÖ Ñàìàðà;Àðõèâ ¹1 Ñàìàðà;PD 003 000 03 00;Ïîäáîð Ñøèâîâ íà óíè÷òîæåíèå ïî àêòàì (ÎÑÃ);;;Ëîãèñòèêà;Äîêóìåíò;16,746;AUTO
ÎÑÖ Âîðîíåæ;Àðõèâ ¹3 Êàëèíèíãðàä;PD 003 000 02 00;Ïîäáîð Ñøèâîâ íà óíè÷òîæåíèå ïî àêòàì (Ìåçîíèí);;;Ëîãèñòèêà;Äîêóìåíò;19,777;AUTO
ÎÑÖ Ìîñêâà;Àðõèâ ¹1 Òîìèëèíî;VN 0178 000 00 00;Âîçâðàò íåó÷òåííûõ äîêóìåíòîâ â ÑÊÄ;;;Ëîãèñòèêà;Äîêóìåíò;39,964;AUTO
ÎÑÖ Ìîñêâà;Àðõèâ ¹1 Òîìèëèíî;NP 001 000 00 00;Ôîðìèðîâàíèå Àêò î íåèñïðàâèìûõ ïîâðåæäåíèÿõ ïî ôîðìå Ïðèëîæåíèÿ 17;;;Ëîãèñòèêà;Ìèíóòà;60;RUCH
ÎÑÖ Âîðîíåæ;Àðõèâ ¹1 Âîðîíåæ;VN 0178 000 00 00;Âîçâðàò íåó÷òåííûõ äîêóìåíòîâ â ÑÊÄ;;;Ëîãèñòèêà;Äîêóìåíò;39,48;AUTO
ÎÑÖ Âîðîíåæ;Àðõèâ ¹1 Âîðîíåæ;NP 001 000 00 00;Ôîðìèðîâàíèå Àêò î íåèñïðàâèìûõ ïîâðåæäåíèÿõ ïî ôîðìå Ïðèëîæåíèÿ 17;;;Ëîãèñòèêà;Ìèíóòà;60;RUCH
ÎÑÖ Íîâîñèáèðñê;Àðõèâ ¹1 Íîâîñèáèðñê;VN 0178 000 00 00;Âîçâðàò íåó÷òåííûõ äîêóìåíòîâ â ÑÊÄ;;;Ëîãèñòèêà;Äîêóìåíò;39,574;AUTO
ÎÑÖ Íîâîñèáèðñê;Àðõèâ ¹1 Íîâîñèáèðñê;NP 001 000 00 00;Ôîðìèðîâàíèå Àêò î íåèñïðàâèìûõ ïîâðåæäåíèÿõ ïî ôîðìå Ïðèëîæåíèÿ 17;;;Ëîãèñòèêà;Ìèíóòà;60;RUCH
ÎÑÖ Íèæíèé Íîâãîðîä;Àðõèâ ¹1 Íèæíèé Íîâãîðîä;VN 0178 000 00 00;Âîçâðàò íåó÷òåííûõ äîêóìåíòîâ â ÑÊÄ;;;Ëîãèñòèêà;Äîêóìåíò;38,012;AUTO
ÎÑÖ Íèæíèé Íîâãîðîä;Àðõèâ ¹1 Íèæíèé Íîâãîðîä;NP 001 000 00 00;Ôîðìèðîâàíèå Àêò î íåèñïðàâèìûõ ïîâðåæäåíèÿõ ïî ôîðìå Ïðèëîæåíèÿ 17;;;Ëîãèñòèêà;Ìèíóòà;60;RUCH
ÎÑÖ Ñàìàðà;Àðõèâ ¹1 Ñàìàðà;VN 0178 000 00 00;Âîçâðàò íåó÷òåííûõ äîêóìåíòîâ â ÑÊÄ;;;Ëîãèñòèêà;Äîêóìåíò;39,785;AUTO
ÎÑÖ Ñàìàðà;Àðõèâ ¹1 Ñàìàðà;NP 001 000 00 00;Ôîðìèðîâàíèå Àêò î íåèñïðàâèìûõ ïîâðåæäåíèÿõ ïî ôîðìå Ïðèëîæåíèÿ 17;;;Ëîãèñòèêà;Ìèíóòà;60;RUCH
ÎÑÖ Âîðîíåæ;Àðõèâ ¹4 Ñàíêò-Ïåòåðáóðã;VN 0178 000 00 00;Âîçâðàò íåó÷òåííûõ äîêóìåíòîâ â ÑÊÄ;;;Ëîãèñòèêà;Äîêóìåíò;38,964;AUTO
ÎÑÖ Âîðîíåæ;Àðõèâ ¹4 Ñàíêò-Ïåòåðáóðã;NP 001 000 00 00;Ôîðìèðîâàíèå Àêò î íåèñïðàâèìûõ ïîâðåæäåíèÿõ ïî ôîðìå Ïðèëîæåíèÿ 17;;;Ëîãèñòèêà;Ìèíóòà;60;RUCH
ÎÑÖ Íîâîñèáèðñê;Àðõèâ ¹3 Åêàòåðèíáóðã;VN 0178 000 00 00;Âîçâðàò íåó÷òåííûõ äîêóìåíòîâ â ÑÊÄ;;;Ëîãèñòèêà;Äîêóìåíò;39,824;AUTO
ÎÑÖ Íîâîñèáèðñê;Àðõèâ ¹3 Åêàòåðèíáóðã;NP 001 000 00 00;Ôîðìèðîâàíèå Àêò î íåèñïðàâèìûõ ïîâðåæäåíèÿõ ïî ôîðìå Ïðèëîæåíèÿ 17;;;Ëîãèñòèêà;Ìèíóòà;60;RUCH
ÎÑÖ Âîðîíåæ;Àðõèâ ¹3 Êàëèíèíãðàä;VN 0178 000 00 00;Âîçâðàò íåó÷òåííûõ äîêóìåíòîâ â ÑÊÄ;;;Ëîãèñòèêà;Äîêóìåíò;39,333;AUTO
ÎÑÖ Âîðîíåæ;Àðõèâ ¹3 Êàëèíèíãðàä;NP 001 000 00 00;Ôîðìèðîâàíèå Àêò î íåèñïðàâèìûõ ïîâðåæäåíèÿõ ïî ôîðìå Ïðèëîæåíèÿ 17;;;Ëîãèñòèêà;Ìèíóòà;60;RUCH
