ОСЦ;Архив;Индекс операции;Название операции;Тип ШК;КБП;вид/ площадка операции;Единица измерения;Норматив в секундах;Тип операции
ОСЦ Воронеж;Вне подразделений;BF 101 000 00 01;Документ присутствовал внутри короба при проведении контроля полноты короба;;00;Логистика;Документ;2;RUCH
ОСЦ Воронеж;Архив №1 Воронеж;BF 101 000 00 01;Документ присутствовал внутри короба при проведении контроля полноты короба;;00;Логистика;Документ;2;RUCH
ОСЦ Воронеж;Архив №3 Калининград;BF 101 000 00 01;Документ присутствовал внутри короба при проведении контроля полноты короба;;00;Логистика;Документ;0;RUCH
ОСЦ Воронеж;Архив №4 Санкт-Петербург;BF 101 000 00 01;Документ присутствовал внутри короба при проведении контроля полноты короба;;00;Логистика;Документ;0;RUCH
ОСЦ Москва;Вне подразделений;BF 101 000 00 01;Документ присутствовал внутри короба при проведении контроля полноты короба;;00;Логистика;Документ;2;RUCH
ОСЦ Москва;Архив №1 Томилино;BF 101 000 00 01;Документ присутствовал внутри короба при проведении контроля полноты короба;;00;Логистика;Документ;0;RUCH
ОСЦ Нижний Новгород;Вне подразделений;BF 101 000 00 01;Документ присутствовал внутри короба при проведении контроля полноты короба;;00;Логистика;Документ;2;RUCH
ОСЦ Нижний Новгород;Архив №1 Нижний Новгород;BF 101 000 00 01;Документ присутствовал внутри короба при проведении контроля полноты короба;;00;Логистика;Документ;0;RUCH
ОСЦ Новосибирск;Вне подразделений;BF 101 000 00 01;Документ присутствовал внутри короба при проведении контроля полноты короба;;00;Логистика;Документ;2;RUCH
ОСЦ Новосибирск;Архив №1 Новосибирск;BF 101 000 00 01;Документ присутствовал внутри короба при проведении контроля полноты короба;;00;Логистика;Документ;0;RUCH
ОСЦ Самара;Вне подразделений;BF 101 000 00 01;Документ присутствовал внутри короба при проведении контроля полноты короба;;00;Логистика;Документ;2;RUCH
ОСЦ Новосибирск;Архив №3 Екатеринбург;BF 101 000 00 01;Документ присутствовал внутри короба при проведении контроля полноты короба;;00;Логистика;Документ;2;RUCH
ОСЦ Самара;Архив №1 Самара;BF 101 000 00 01;Документ присутствовал внутри короба при проведении контроля полноты короба;;00;Логистика;Документ;2;RUCH
ОСЦ Воронеж;Вне подразделений;BF 101 000 00 05;Сшив присутствовал внутри короба при проведении контроля полноты короба;;00;Логистика;Документ;4,8;RUCH
ОСЦ Воронеж;Архив №1 Воронеж;BF 101 000 00 05;Сшив присутствовал внутри короба при проведении контроля полноты короба;;00;Логистика;Документ;4,8;RUCH
ОСЦ Воронеж;Архив №3 Калининград;BF 101 000 00 05;Сшив присутствовал внутри короба при проведении контроля полноты короба;;00;Логистика;Документ;0;RUCH
ОСЦ Воронеж;Архив №4 Санкт-Петербург;BF 101 000 00 05;Сшив присутствовал внутри короба при проведении контроля полноты короба;;00;Логистика;Документ;0;RUCH
ОСЦ Москва;Вне подразделений;BF 101 000 00 05;Сшив присутствовал внутри короба при проведении контроля полноты короба;;00;Логистика;Документ;4,8;RUCH
ОСЦ Москва;Архив №1 Томилино;BF 101 000 00 05;Сшив присутствовал внутри короба при проведении контроля полноты короба;;00;Логистика;Документ;0;RUCH
ОСЦ Нижний Новгород;Вне подразделений;BF 101 000 00 05;Сшив присутствовал внутри короба при проведении контроля полноты короба;;00;Логистика;Документ;4,8;RUCH
ОСЦ Нижний Новгород;Архив №1 Нижний Новгород;BF 101 000 00 05;Сшив присутствовал внутри короба при проведении контроля полноты короба;;00;Логистика;Документ;0;RUCH
ОСЦ Новосибирск;Вне подразделений;BF 101 000 00 05;Сшив присутствовал внутри короба при проведении контроля полноты короба;;00;Логистика;Документ;4,8;RUCH
ОСЦ Новосибирск;Архив №1 Новосибирск;BF 101 000 00 05;Сшив присутствовал внутри короба при проведении контроля полноты короба;;00;Логистика;Документ;0;RUCH
ОСЦ Самара;Вне подразделений;BF 101 000 00 05;Сшив присутствовал внутри короба при проведении контроля полноты короба;;00;Логистика;Документ;4,8;RUCH
ОСЦ Новосибирск;Архив №3 Екатеринбург;BF 101 000 00 05;Сшив присутствовал внутри короба при проведении контроля полноты короба;;00;Логистика;Документ;4;RUCH
ОСЦ Самара;Архив №1 Самара;BF 101 000 00 05;Сшив присутствовал внутри короба при проведении контроля полноты короба;;00;Логистика;Документ;3,8;RUCH
ОСЦ Воронеж;Вне подразделений;NO 001 006 00 00;Подготовка/участие в подготовке договора внесение изменения в договор контроль за выполнением условий договора претензионная работа с контрагентом;-;00;Непроизводственные;минута;60;RUCH
ОСЦ Воронеж;Архив №1 Воронеж;NO 001 006 00 00;Подготовка/участие в подготовке договора внесение изменения в договор контроль за выполнением условий договора претензионная работа с контрагентом;-;00;Непроизводственные;минута;60;RUCH
ОСЦ Воронеж;Архив №2 Ставрополь;NO 001 006 00 00;Подготовка/участие в подготовке договора внесение изменения в договор контроль за выполнением условий договора претензионная работа с контрагентом;-;00;Непроизводственные;минута;60;RUCH
ОСЦ Воронеж;Архив №3 Калининград;NO 001 006 00 00;Подготовка/участие в подготовке договора внесение изменения в договор контроль за выполнением условий договора претензионная работа с контрагентом;-;00;Непроизводственные;минута;60;RUCH
ОСЦ Воронеж;Архив №4 Санкт-Петербург;NO 001 006 00 00;Подготовка/участие в подготовке договора внесение изменения в договор контроль за выполнением условий договора претензионная работа с контрагентом;-;00;Непроизводственные;минута;60;RUCH
ОСЦ Москва;Вне подразделений;NO 001 006 00 00;Подготовка/участие в подготовке договора внесение изменения в договор контроль за выполнением условий договора претензионная работа с контрагентом;-;00;Непроизводственные;минута;60;RUCH
ОСЦ Москва;Архив №1 Томилино;NO 001 006 00 00;Подготовка/участие в подготовке договора внесение изменения в договор контроль за выполнением условий договора претензионная работа с контрагентом;-;00;Непроизводственные;минута;60;RUCH
ОСЦ Нижний Новгород;Вне подразделений;NO 001 006 00 00;Подготовка/участие в подготовке договора внесение изменения в договор контроль за выполнением условий договора претензионная работа с контрагентом;-;00;Непроизводственные;минута;60;RUCH
ОСЦ Нижний Новгород;Архив №1 Нижний Новгород;NO 001 006 00 00;Подготовка/участие в подготовке договора внесение изменения в договор контроль за выполнением условий договора претензионная работа с контрагентом;-;00;Непроизводственные;минута;60;RUCH
ОСЦ Новосибирск;Вне подразделений;NO 001 006 00 00;Подготовка/участие в подготовке договора внесение изменения в договор контроль за выполнением условий договора претензионная работа с контрагентом;-;00;Непроизводственные;минута;60;RUCH
ОСЦ Новосибирск;Архив №1 Новосибирск;NO 001 006 00 00;Подготовка/участие в подготовке договора внесение изменения в договор контроль за выполнением условий договора претензионная работа с контрагентом;-;00;Непроизводственные;минута;60;RUCH
ОСЦ Самара;Вне подразделений;NO 001 006 00 00;Подготовка/участие в подготовке договора внесение изменения в договор контроль за выполнением условий договора претензионная работа с контрагентом;-;00;Непроизводственные;минута;60;RUCH
ОСЦ Новосибирск;Архив №3 Екатеринбург;NO 001 006 00 00;Подготовка/участие в подготовке договора внесение изменения в договор контроль за выполнением условий договора претензионная работа с контрагентом;-;00;Непроизводственные;минута;60;RUCH
ОСЦ Самара;Архив №1 Самара;NO 001 006 00 00;Подготовка/участие в подготовке договора внесение изменения в договор контроль за выполнением условий договора претензионная работа с контрагентом;-;00;Непроизводственные;минута;60;RUCH
ОСЦ Воронеж;Вне подразделений;NO 003 001 00 00;Разработка/актуализация ОРД СОП СЗ;-;00;Непроизводственные;минута;60;RUCH
ОСЦ Воронеж;Архив №1 Воронеж;NO 003 001 00 00;Разработка/актуализация ОРД СОП СЗ;-;00;Непроизводственные;минута;60;RUCH
ОСЦ Воронеж;Архив №2 Ставрополь;NO 003 001 00 00;Разработка/актуализация ОРД СОП СЗ;-;00;Непроизводственные;минута;60;RUCH
ОСЦ Воронеж;Архив №3 Калининград;NO 003 001 00 00;Разработка/актуализация ОРД СОП СЗ;-;00;Непроизводственные;минута;60;RUCH
ОСЦ Воронеж;Архив №4 Санкт-Петербург;NO 003 001 00 00;Разработка/актуализация ОРД СОП СЗ;-;00;Непроизводственные;минута;60;RUCH
ОСЦ Москва;Вне подразделений;NO 003 001 00 00;Разработка/актуализация ОРД СОП СЗ;-;00;Непроизводственные;минута;60;RUCH
ОСЦ Москва;Архив №1 Томилино;NO 003 001 00 00;Разработка/актуализация ОРД СОП СЗ;-;00;Непроизводственные;минута;60;RUCH
ОСЦ Нижний Новгород;Вне подразделений;NO 003 001 00 00;Разработка/актуализация ОРД СОП СЗ;-;00;Непроизводственные;минута;60;RUCH
ОСЦ Нижний Новгород;Архив №1 Нижний Новгород;NO 003 001 00 00;Разработка/актуализация ОРД СОП СЗ;-;00;Непроизводственные;минута;60;RUCH
ОСЦ Новосибирск;Вне подразделений;NO 003 001 00 00;Разработка/актуализация ОРД СОП СЗ;-;00;Непроизводственные;минута;60;RUCH
ОСЦ Новосибирск;Архив №1 Новосибирск;NO 003 001 00 00;Разработка/актуализация ОРД СОП СЗ;-;00;Непроизводственные;минута;60;RUCH
ОСЦ Самара;Вне подразделений;NO 003 001 00 00;Разработка/актуализация ОРД СОП СЗ;-;00;Непроизводственные;минута;60;RUCH
ОСЦ Новосибирск;Архив №3 Екатеринбург;NO 003 001 00 00;Разработка/актуализация ОРД СОП СЗ;-;00;Непроизводственные;минута;60;RUCH
ОСЦ Самара;Архив №1 Самара;NO 003 001 00 00;Разработка/актуализация ОРД СОП СЗ;-;00;Непроизводственные;минута;60;RUCH
ОСЦ Воронеж;Вне подразделений;NO 003 002 00 00;Работа в СЭОДО;-;00;Непроизводственные;минута;60;RUCH
ОСЦ Воронеж;Архив №1 Воронеж;NO 003 002 00 00;Работа в СЭОДО;-;00;Непроизводственные;минута;60;RUCH
ОСЦ Воронеж;Архив №2 Ставрополь;NO 003 002 00 00;Работа в СЭОДО;-;00;Непроизводственные;минута;60;RUCH
ОСЦ Воронеж;Архив №3 Калининград;NO 003 002 00 00;Работа в СЭОДО;-;00;Непроизводственные;минута;60;RUCH
ОСЦ Воронеж;Архив №4 Санкт-Петербург;NO 003 002 00 00;Работа в СЭОДО;-;00;Непроизводственные;минута;60;RUCH
ОСЦ Москва;Вне подразделений;NO 003 002 00 00;Работа в СЭОДО;-;00;Непроизводственные;минута;60;RUCH
ОСЦ Москва;Архив №1 Томилино;NO 003 002 00 00;Работа в СЭОДО;-;00;Непроизводственные;минута;60;RUCH
ОСЦ Нижний Новгород;Вне подразделений;NO 003 002 00 00;Работа в СЭОДО;-;00;Непроизводственные;минута;60;RUCH
ОСЦ Нижний Новгород;Архив №1 Нижний Новгород;NO 003 002 00 00;Работа в СЭОДО;-;00;Непроизводственные;минута;60;RUCH
ОСЦ Новосибирск;Вне подразделений;NO 003 002 00 00;Работа в СЭОДО;-;00;Непроизводственные;минута;60;RUCH
ОСЦ Новосибирск;Архив №1 Новосибирск;NO 003 002 00 00;Работа в СЭОДО;-;00;Непроизводственные;минута;60;RUCH
ОСЦ Самара;Вне подразделений;NO 003 002 00 00;Работа в СЭОДО;-;00;Непроизводственные;минута;60;RUCH
ОСЦ Новосибирск;Архив №3 Екатеринбург;NO 003 002 00 00;Работа в СЭОДО;-;00;Непроизводственные;минута;60;RUCH
ОСЦ Самара;Архив №1 Самара;NO 003 002 00 00;Работа в СЭОДО;-;00;Непроизводственные;минута;60;RUCH
ОСЦ Воронеж;Вне подразделений;NO 003 004 00 00;Работа в MS OUTLOOK;-;00;Непроизводственные;минута;60;RUCH
ОСЦ Воронеж;Архив №1 Воронеж;NO 003 004 00 00;Работа в MS OUTLOOK;-;00;Непроизводственные;минута;60;RUCH
ОСЦ Воронеж;Архив №2 Ставрополь;NO 003 004 00 00;Работа в MS OUTLOOK;-;00;Непроизводственные;минута;60;RUCH
ОСЦ Воронеж;Архив №3 Калининград;NO 003 004 00 00;Работа в MS OUTLOOK;-;00;Непроизводственные;минута;60;RUCH
ОСЦ Воронеж;Архив №4 Санкт-Петербург;NO 003 004 00 00;Работа в MS OUTLOOK;-;00;Непроизводственные;минута;60;RUCH
ОСЦ Москва;Вне подразделений;NO 003 004 00 00;Работа в MS OUTLOOK;-;00;Непроизводственные;минута;60;RUCH
ОСЦ Москва;Архив №1 Томилино;NO 003 004 00 00;Работа в MS OUTLOOK;-;00;Непроизводственные;минута;60;RUCH
ОСЦ Нижний Новгород;Вне подразделений;NO 003 004 00 00;Работа в MS OUTLOOK;-;00;Непроизводственные;минута;60;RUCH
ОСЦ Нижний Новгород;Архив №1 Нижний Новгород;NO 003 004 00 00;Работа в MS OUTLOOK;-;00;Непроизводственные;минута;60;RUCH
ОСЦ Новосибирск;Вне подразделений;NO 003 004 00 00;Работа в MS OUTLOOK;-;00;Непроизводственные;минута;60;RUCH
ОСЦ Новосибирск;Архив №1 Новосибирск;NO 003 004 00 00;Работа в MS OUTLOOK;-;00;Непроизводственные;минута;60;RUCH
ОСЦ Самара;Вне подразделений;NO 003 004 00 00;Работа в MS OUTLOOK;-;00;Непроизводственные;минута;60;RUCH
ОСЦ Новосибирск;Архив №3 Екатеринбург;NO 003 004 00 00;Работа в MS OUTLOOK;-;00;Непроизводственные;минута;60;RUCH
ОСЦ Самара;Архив №1 Самара;NO 003 004 00 00;Работа в MS OUTLOOK;-;00;Непроизводственные;минута;60;RUCH
ОСЦ Воронеж;Вне подразделений;NO 003 005 00 00;Изучение нормативной базы обучение и контроль знаний сотрудников.;-;00;Непроизводственные;минута;60;RUCH
ОСЦ Воронеж;Архив №1 Воронеж;NO 003 005 00 00;Изучение нормативной базы обучение и контроль знаний сотрудников.;-;00;Непроизводственные;минута;60;RUCH
ОСЦ Воронеж;Архив №2 Ставрополь;NO 003 005 00 00;Изучение нормативной базы обучение и контроль знаний сотрудников.;-;00;Непроизводственные;минута;60;RUCH
ОСЦ Воронеж;Архив №3 Калининград;NO 003 005 00 00;Изучение нормативной базы обучение и контроль знаний сотрудников.;-;00;Непроизводственные;минута;60;RUCH
ОСЦ Воронеж;Архив №4 Санкт-Петербург;NO 003 005 00 00;Изучение нормативной базы обучение и контроль знаний сотрудников.;-;00;Непроизводственные;минута;60;RUCH
ОСЦ Москва;Вне подразделений;NO 003 005 00 00;Изучение нормативной базы обучение и контроль знаний сотрудников.;-;00;Непроизводственные;минута;60;RUCH
ОСЦ Москва;Архив №1 Томилино;NO 003 005 00 00;Изучение нормативной базы обучение и контроль знаний сотрудников.;-;00;Непроизводственные;минута;60;RUCH
ОСЦ Нижний Новгород;Вне подразделений;NO 003 005 00 00;Изучение нормативной базы обучение и контроль знаний сотрудников.;-;00;Непроизводственные;минута;60;RUCH
ОСЦ Нижний Новгород;Архив №1 Нижний Новгород;NO 003 005 00 00;Изучение нормативной базы обучение и контроль знаний сотрудников.;-;00;Непроизводственные;минута;60;RUCH
ОСЦ Новосибирск;Вне подразделений;NO 003 005 00 00;Изучение нормативной базы обучение и контроль знаний сотрудников.;-;00;Непроизводственные;минута;60;RUCH
ОСЦ Новосибирск;Архив №1 Новосибирск;NO 003 005 00 00;Изучение нормативной базы обучение и контроль знаний сотрудников.;-;00;Непроизводственные;минута;60;RUCH
ОСЦ Самара;Вне подразделений;NO 003 005 00 00;Изучение нормативной базы обучение и контроль знаний сотрудников.;-;00;Непроизводственные;минута;60;RUCH
ОСЦ Новосибирск;Архив №3 Екатеринбург;NO 003 005 00 00;Изучение нормативной базы обучение и контроль знаний сотрудников.;-;00;Непроизводственные;минута;60;RUCH
ОСЦ Самара;Архив №1 Самара;NO 003 005 00 00;Изучение нормативной базы обучение и контроль знаний сотрудников.;-;00;Непроизводственные;минута;60;RUCH
ОСЦ Воронеж;Вне подразделений;NO 005 003 00 00;Работа с каналами коммуникации (СберЧат| Сообщества СберДруг| Информационные экраны и т.д.) (контент редактор);-;00;Непроизводственные;минута;60;RUCH
ОСЦ Воронеж;Архив №1 Воронеж;NO 005 003 00 00;Работа с каналами коммуникации (СберЧат| Сообщества СберДруг| Информационные экраны и т.д.) (контент редактор);-;00;Непроизводственные;минута;60;RUCH
ОСЦ Воронеж;Архив №2 Ставрополь;NO 005 003 00 00;Работа с каналами коммуникации (СберЧат| Сообщества СберДруг| Информационные экраны и т.д.) (контент редактор);-;00;Непроизводственные;минута;60;RUCH
ОСЦ Воронеж;Архив №3 Калининград;NO 005 003 00 00;Работа с каналами коммуникации (СберЧат| Сообщества СберДруг| Информационные экраны и т.д.) (контент редактор);-;00;Непроизводственные;минута;60;RUCH
ОСЦ Воронеж;Архив №4 Санкт-Петербург;NO 005 003 00 00;Работа с каналами коммуникации (СберЧат| Сообщества СберДруг| Информационные экраны и т.д.) (контент редактор);-;00;Непроизводственные;минута;60;RUCH
ОСЦ Москва;Вне подразделений;NO 005 003 00 00;Работа с каналами коммуникации (СберЧат| Сообщества СберДруг| Информационные экраны и т.д.) (контент редактор);-;00;Непроизводственные;минута;60;RUCH
ОСЦ Москва;Архив №1 Томилино;NO 005 003 00 00;Работа с каналами коммуникации (СберЧат| Сообщества СберДруг| Информационные экраны и т.д.) (контент редактор);-;00;Непроизводственные;минута;60;RUCH
ОСЦ Нижний Новгород;Вне подразделений;NO 005 003 00 00;Работа с каналами коммуникации (СберЧат| Сообщества СберДруг| Информационные экраны и т.д.) (контент редактор);-;00;Непроизводственные;минута;60;RUCH
ОСЦ Нижний Новгород;Архив №1 Нижний Новгород;NO 005 003 00 00;Работа с каналами коммуникации (СберЧат| Сообщества СберДруг| Информационные экраны и т.д.) (контент редактор);-;00;Непроизводственные;минута;60;RUCH
ОСЦ Новосибирск;Вне подразделений;NO 005 003 00 00;Работа с каналами коммуникации (СберЧат| Сообщества СберДруг| Информационные экраны и т.д.) (контент редактор);-;00;Непроизводственные;минута;60;RUCH
ОСЦ Новосибирск;Архив №1 Новосибирск;NO 005 003 00 00;Работа с каналами коммуникации (СберЧат| Сообщества СберДруг| Информационные экраны и т.д.) (контент редактор);-;00;Непроизводственные;минута;60;RUCH
ОСЦ Самара;Вне подразделений;NO 005 003 00 00;Работа с каналами коммуникации (СберЧат| Сообщества СберДруг| Информационные экраны и т.д.) (контент редактор);-;00;Непроизводственные;минута;60;RUCH
ОСЦ Новосибирск;Архив №3 Екатеринбург;NO 005 003 00 00;Работа с каналами коммуникации (СберЧат| Сообщества СберДруг| Информационные экраны и т.д.) (контент редактор);-;00;Непроизводственные;минута;60;RUCH
ОСЦ Самара;Архив №1 Самара;NO 005 003 00 00;Работа с каналами коммуникации (СберЧат| Сообщества СберДруг| Информационные экраны и т.д.) (контент редактор);-;00;Непроизводственные;минута;60;RUCH
ОСЦ Воронеж;Вне подразделений;NO 006 005 00 00;Оценка по системе 5+;-;00;Непроизводственные;минута;60;RUCH
ОСЦ Воронеж;Архив №1 Воронеж;NO 006 005 00 00;Оценка по системе 5+;-;00;Непроизводственные;минута;60;RUCH
ОСЦ Воронеж;Архив №2 Ставрополь;NO 006 005 00 00;Оценка по системе 5+;-;00;Непроизводственные;минута;60;RUCH
ОСЦ Воронеж;Архив №3 Калининград;NO 006 005 00 00;Оценка по системе 5+;-;00;Непроизводственные;минута;60;RUCH
ОСЦ Воронеж;Архив №4 Санкт-Петербург;NO 006 005 00 00;Оценка по системе 5+;-;00;Непроизводственные;минута;60;RUCH
ОСЦ Москва;Вне подразделений;NO 006 005 00 00;Оценка по системе 5+;-;00;Непроизводственные;минута;60;RUCH
ОСЦ Москва;Архив №1 Томилино;NO 006 005 00 00;Оценка по системе 5+;-;00;Непроизводственные;минута;60;RUCH
ОСЦ Нижний Новгород;Вне подразделений;NO 006 005 00 00;Оценка по системе 5+;-;00;Непроизводственные;минута;60;RUCH
ОСЦ Нижний Новгород;Архив №1 Нижний Новгород;NO 006 005 00 00;Оценка по системе 5+;-;00;Непроизводственные;минута;60;RUCH
ОСЦ Новосибирск;Вне подразделений;NO 006 005 00 00;Оценка по системе 5+;-;00;Непроизводственные;минута;60;RUCH
ОСЦ Новосибирск;Архив №1 Новосибирск;NO 006 005 00 00;Оценка по системе 5+;-;00;Непроизводственные;минута;60;RUCH
ОСЦ Самара;Вне подразделений;NO 006 005 00 00;Оценка по системе 5+;-;00;Непроизводственные;минута;60;RUCH
ОСЦ Новосибирск;Архив №3 Екатеринбург;NO 006 005 00 00;Оценка по системе 5+;-;00;Непроизводственные;минута;60;RUCH
ОСЦ Самара;Архив №1 Самара;NO 006 005 00 00;Оценка по системе 5+;-;00;Непроизводственные;минута;60;RUCH
ОСЦ Воронеж;Вне подразделений;SZ 028 000 00 00;Извлечение и просмотр документов с диска;-;00;Запросы;операция;1200;RUCH
ОСЦ Воронеж;Архив №1 Воронеж;SZ 028 000 00 00;Извлечение и просмотр документов с диска;-;00;Запросы;операция;1190,829;RUCH
ОСЦ Воронеж;Архив №3 Калининград;SZ 028 000 00 00;Извлечение и просмотр документов с диска;-;00;Запросы;операция;0;RUCH
ОСЦ Воронеж;Архив №4 Санкт-Петербург;SZ 028 000 00 00;Извлечение и просмотр документов с диска;-;00;Запросы;операция;446,033;RUCH
ОСЦ Москва;Вне подразделений;SZ 028 000 00 00;Извлечение и просмотр документов с диска;-;00;Запросы;операция;1200;RUCH
ОСЦ Москва;Архив №1 Томилино;SZ 028 000 00 00;Извлечение и просмотр документов с диска;-;00;Запросы;операция;1200,059;RUCH
ОСЦ Нижний Новгород;Вне подразделений;SZ 028 000 00 00;Извлечение и просмотр документов с диска;-;00;Запросы;операция;1200;RUCH
ОСЦ Нижний Новгород;Архив №1 Нижний Новгород;SZ 028 000 00 00;Извлечение и просмотр документов с диска;-;00;Запросы;операция;0;RUCH
ОСЦ Новосибирск;Вне подразделений;SZ 028 000 00 00;Извлечение и просмотр документов с диска;-;00;Запросы;операция;1200;RUCH
ОСЦ Новосибирск;Архив №1 Новосибирск;SZ 028 000 00 00;Извлечение и просмотр документов с диска;-;00;Запросы;операция;0;RUCH
ОСЦ Самара;Вне подразделений;SZ 028 000 00 00;Извлечение и просмотр документов с диска;-;00;Запросы;операция;1200;RUCH
ОСЦ Новосибирск;Архив №3 Екатеринбург;SZ 028 000 00 00;Извлечение и просмотр документов с диска;-;00;Запросы;операция;0;RUCH
ОСЦ Самара;Архив №1 Самара;SZ 028 000 00 00;Извлечение и просмотр документов с диска;-;00;Запросы;операция;0;RUCH
ОСЦ Воронеж;Вне подразделений;SZ 031 000 00 00;Обработка запросов в ЕСО (выемка оригиналов документов УБ| перерегистрация досье/досыл| 2-я линия СПАС);-;00;Запросы;обращение;433;RUCH
ОСЦ Воронеж;Архив №1 Воронеж;SZ 031 000 00 00;Обработка запросов в ЕСО (выемка оригиналов документов УБ| перерегистрация досье/досыл| 2-я линия СПАС);-;00;Запросы;обращение;433;RUCH
ОСЦ Воронеж;Архив №3 Калининград;SZ 031 000 00 00;Обработка запросов в ЕСО (выемка оригиналов документов УБ| перерегистрация досье/досыл| 2-я линия СПАС);-;00;Запросы;обращение;433;RUCH
ОСЦ Воронеж;Архив №4 Санкт-Петербург;SZ 031 000 00 00;Обработка запросов в ЕСО (выемка оригиналов документов УБ| перерегистрация досье/досыл| 2-я линия СПАС);-;00;Запросы;обращение;433;RUCH
ОСЦ Москва;Вне подразделений;SZ 031 000 00 00;Обработка запросов в ЕСО (выемка оригиналов документов УБ| перерегистрация досье/досыл| 2-я линия СПАС);-;00;Запросы;обращение;433;RUCH
ОСЦ Москва;Архив №1 Томилино;SZ 031 000 00 00;Обработка запросов в ЕСО (выемка оригиналов документов УБ| перерегистрация досье/досыл| 2-я линия СПАС);-;00;Запросы;обращение;433;RUCH
ОСЦ Нижний Новгород;Вне подразделений;SZ 031 000 00 00;Обработка запросов в ЕСО (выемка оригиналов документов УБ| перерегистрация досье/досыл| 2-я линия СПАС);-;00;Запросы;обращение;433;RUCH
ОСЦ Нижний Новгород;Архив №1 Нижний Новгород;SZ 031 000 00 00;Обработка запросов в ЕСО (выемка оригиналов документов УБ| перерегистрация досье/досыл| 2-я линия СПАС);-;00;Запросы;обращение;433;RUCH
ОСЦ Новосибирск;Вне подразделений;SZ 031 000 00 00;Обработка запросов в ЕСО (выемка оригиналов документов УБ| перерегистрация досье/досыл| 2-я линия СПАС);-;00;Запросы;обращение;433;RUCH
ОСЦ Новосибирск;Архив №1 Новосибирск;SZ 031 000 00 00;Обработка запросов в ЕСО (выемка оригиналов документов УБ| перерегистрация досье/досыл| 2-я линия СПАС);-;00;Запросы;обращение;433;RUCH
ОСЦ Самара;Вне подразделений;SZ 031 000 00 00;Обработка запросов в ЕСО (выемка оригиналов документов УБ| перерегистрация досье/досыл| 2-я линия СПАС);-;00;Запросы;обращение;433;RUCH
ОСЦ Новосибирск;Архив №3 Екатеринбург;SZ 031 000 00 00;Обработка запросов в ЕСО (выемка оригиналов документов УБ| перерегистрация досье/досыл| 2-я линия СПАС);-;00;Запросы;обращение;433;RUCH
ОСЦ Самара;Архив №1 Самара;SZ 031 000 00 00;Обработка запросов в ЕСО (выемка оригиналов документов УБ| перерегистрация досье/досыл| 2-я линия СПАС);-;00;Запросы;обращение;433;RUCH
ОСЦ Воронеж;Вне подразделений;SZ 039 000 00 00;Подготовка ТЕ для отправки заказчику (оформление сопроводительных документов| упаковка в конверт)| в том числе вызов курьера;-;00;Запросы;единица отправки;160;RUCH
ОСЦ Воронеж;Архив №1 Воронеж;SZ 039 000 00 00;Подготовка ТЕ для отправки заказчику (оформление сопроводительных документов| упаковка в конверт)| в том числе вызов курьера;-;00;Запросы;единица отправки;119,633;RUCH
ОСЦ Воронеж;Архив №3 Калининград;SZ 039 000 00 00;Подготовка ТЕ для отправки заказчику (оформление сопроводительных документов| упаковка в конверт)| в том числе вызов курьера;-;00;Запросы;единица отправки;148,967;RUCH
ОСЦ Воронеж;Архив №4 Санкт-Петербург;SZ 039 000 00 00;Подготовка ТЕ для отправки заказчику (оформление сопроводительных документов| упаковка в конверт)| в том числе вызов курьера;-;00;Запросы;единица отправки;0;RUCH
ОСЦ Москва;Вне подразделений;SZ 039 000 00 00;Подготовка ТЕ для отправки заказчику (оформление сопроводительных документов| упаковка в конверт)| в том числе вызов курьера;-;00;Запросы;единица отправки;160;RUCH
ОСЦ Москва;Архив №1 Томилино;SZ 039 000 00 00;Подготовка ТЕ для отправки заказчику (оформление сопроводительных документов| упаковка в конверт)| в том числе вызов курьера;-;00;Запросы;единица отправки;118,433;RUCH
ОСЦ Нижний Новгород;Вне подразделений;SZ 039 000 00 00;Подготовка ТЕ для отправки заказчику (оформление сопроводительных документов| упаковка в конверт)| в том числе вызов курьера;-;00;Запросы;единица отправки;160;RUCH
ОСЦ Нижний Новгород;Архив №1 Нижний Новгород;SZ 039 000 00 00;Подготовка ТЕ для отправки заказчику (оформление сопроводительных документов| упаковка в конверт)| в том числе вызов курьера;-;00;Запросы;единица отправки;115,359;RUCH
ОСЦ Новосибирск;Вне подразделений;SZ 039 000 00 00;Подготовка ТЕ для отправки заказчику (оформление сопроводительных документов| упаковка в конверт)| в том числе вызов курьера;-;00;Запросы;единица отправки;160;RUCH
ОСЦ Новосибирск;Архив №1 Новосибирск;SZ 039 000 00 00;Подготовка ТЕ для отправки заказчику (оформление сопроводительных документов| упаковка в конверт)| в том числе вызов курьера;-;00;Запросы;единица отправки;120,367;RUCH
ОСЦ Самара;Вне подразделений;SZ 039 000 00 00;Подготовка ТЕ для отправки заказчику (оформление сопроводительных документов| упаковка в конверт)| в том числе вызов курьера;-;00;Запросы;единица отправки;160;RUCH
ОСЦ Новосибирск;Архив №3 Екатеринбург;SZ 039 000 00 00;Подготовка ТЕ для отправки заказчику (оформление сопроводительных документов| упаковка в конверт)| в том числе вызов курьера;-;00;Запросы;единица отправки;121,767;RUCH
ОСЦ Самара;Архив №1 Самара;SZ 039 000 00 00;Подготовка ТЕ для отправки заказчику (оформление сопроводительных документов| упаковка в конверт)| в том числе вызов курьера;-;00;Запросы;единица отправки;120;RUCH
ОСЦ Воронеж;Вне подразделений;SZ 044 000 00 00;Операции приема/передачи документов|  ранее выданных во временное пользование.;-;00;Запросы;документ;180;RUCH
ОСЦ Воронеж;Архив №1 Воронеж;SZ 044 000 00 00;Операции приема/передачи документов|  ранее выданных во временное пользование.;-;00;Запросы;документ;180;RUCH
ОСЦ Воронеж;Архив №3 Калининград;SZ 044 000 00 00;Операции приема/передачи документов|  ранее выданных во временное пользование.;-;00;Запросы;документ;180;RUCH
ОСЦ Воронеж;Архив №4 Санкт-Петербург;SZ 044 000 00 00;Операции приема/передачи документов|  ранее выданных во временное пользование.;-;00;Запросы;документ;180;RUCH
ОСЦ Москва;Вне подразделений;SZ 044 000 00 00;Операции приема/передачи документов|  ранее выданных во временное пользование.;-;00;Запросы;документ;180;RUCH
ОСЦ Москва;Архив №1 Томилино;SZ 044 000 00 00;Операции приема/передачи документов|  ранее выданных во временное пользование.;-;00;Запросы;документ;180;RUCH
ОСЦ Нижний Новгород;Вне подразделений;SZ 044 000 00 00;Операции приема/передачи документов|  ранее выданных во временное пользование.;-;00;Запросы;документ;180;RUCH
ОСЦ Нижний Новгород;Архив №1 Нижний Новгород;SZ 044 000 00 00;Операции приема/передачи документов|  ранее выданных во временное пользование.;-;00;Запросы;документ;180;RUCH
ОСЦ Новосибирск;Вне подразделений;SZ 044 000 00 00;Операции приема/передачи документов|  ранее выданных во временное пользование.;-;00;Запросы;документ;180;RUCH
ОСЦ Новосибирск;Архив №1 Новосибирск;SZ 044 000 00 00;Операции приема/передачи документов|  ранее выданных во временное пользование.;-;00;Запросы;документ;180;RUCH
ОСЦ Самара;Вне подразделений;SZ 044 000 00 00;Операции приема/передачи документов|  ранее выданных во временное пользование.;-;00;Запросы;документ;180;RUCH
ОСЦ Новосибирск;Архив №3 Екатеринбург;SZ 044 000 00 00;Операции приема/передачи документов|  ранее выданных во временное пользование.;-;00;Запросы;документ;180;RUCH
ОСЦ Самара;Архив №1 Самара;SZ 044 000 00 00;Операции приема/передачи документов|  ранее выданных во временное пользование.;-;00;Запросы;документ;180;RUCH
ОСЦ Воронеж;Вне подразделений;SZ 200 000 00 00;Отправка сканов документов по заявкам в АС ЦАРС при запросе документа с открытой контрольной информацией заказчику по электронной почте;-;00;Запросы;сообщение;0;RUCH
ОСЦ Воронеж;Архив №1 Воронеж;SZ 200 000 00 00;Отправка сканов документов по заявкам в АС ЦАРС при запросе документа с открытой контрольной информацией заказчику по электронной почте;-;00;Запросы;сообщение;180,733;RUCH
ОСЦ Воронеж;Архив №3 Калининград;SZ 200 000 00 00;Отправка сканов документов по заявкам в АС ЦАРС при запросе документа с открытой контрольной информацией заказчику по электронной почте;-;00;Запросы;сообщение;184,833;RUCH
ОСЦ Воронеж;Архив №4 Санкт-Петербург;SZ 200 000 00 00;Отправка сканов документов по заявкам в АС ЦАРС при запросе документа с открытой контрольной информацией заказчику по электронной почте;-;00;Запросы;сообщение;171;RUCH
ОСЦ Москва;Вне подразделений;SZ 200 000 00 00;Отправка сканов документов по заявкам в АС ЦАРС при запросе документа с открытой контрольной информацией заказчику по электронной почте;-;00;Запросы;сообщение;0;RUCH
ОСЦ Москва;Архив №1 Томилино;SZ 200 000 00 00;Отправка сканов документов по заявкам в АС ЦАРС при запросе документа с открытой контрольной информацией заказчику по электронной почте;-;00;Запросы;сообщение;180,067;RUCH
ОСЦ Нижний Новгород;Вне подразделений;SZ 200 000 00 00;Отправка сканов документов по заявкам в АС ЦАРС при запросе документа с открытой контрольной информацией заказчику по электронной почте;-;00;Запросы;сообщение;0;RUCH
ОСЦ Нижний Новгород;Архив №1 Нижний Новгород;SZ 200 000 00 00;Отправка сканов документов по заявкам в АС ЦАРС при запросе документа с открытой контрольной информацией заказчику по электронной почте;-;00;Запросы;сообщение;152,9;RUCH
ОСЦ Новосибирск;Вне подразделений;SZ 200 000 00 00;Отправка сканов документов по заявкам в АС ЦАРС при запросе документа с открытой контрольной информацией заказчику по электронной почте;-;00;Запросы;сообщение;0;RUCH
ОСЦ Новосибирск;Архив №1 Новосибирск;SZ 200 000 00 00;Отправка сканов документов по заявкам в АС ЦАРС при запросе документа с открытой контрольной информацией заказчику по электронной почте;-;00;Запросы;сообщение;180,033;RUCH
ОСЦ Самара;Вне подразделений;SZ 200 000 00 00;Отправка сканов документов по заявкам в АС ЦАРС при запросе документа с открытой контрольной информацией заказчику по электронной почте;-;00;Запросы;сообщение;0;RUCH
ОСЦ Новосибирск;Архив №3 Екатеринбург;SZ 200 000 00 00;Отправка сканов документов по заявкам в АС ЦАРС при запросе документа с открытой контрольной информацией заказчику по электронной почте;-;00;Запросы;сообщение;180,067;RUCH
ОСЦ Самара;Архив №1 Самара;SZ 200 000 00 00;Отправка сканов документов по заявкам в АС ЦАРС при запросе документа с открытой контрольной информацией заказчику по электронной почте;-;00;Запросы;сообщение;141,767;RUCH
ОСЦ Воронеж;Вне подразделений;SZ 150 000 00 00;Поиск отдельного документа в составе досье КОД ЮЛ/РКО;-;00;Запросы;документ;120;RUCH
ОСЦ Воронеж;Архив №1 Воронеж;SZ 150 000 00 00;Поиск отдельного документа в составе досье КОД ЮЛ/РКО;-;00;Запросы;документ;120;RUCH
ОСЦ Воронеж;Архив №3 Калининград;SZ 150 000 00 00;Поиск отдельного документа в составе досье КОД ЮЛ/РКО;-;00;Запросы;документ;120;RUCH
ОСЦ Воронеж;Архив №4 Санкт-Петербург;SZ 150 000 00 00;Поиск отдельного документа в составе досье КОД ЮЛ/РКО;-;00;Запросы;документ;120;RUCH
ОСЦ Москва;Вне подразделений;SZ 150 000 00 00;Поиск отдельного документа в составе досье КОД ЮЛ/РКО;-;00;Запросы;документ;120;RUCH
ОСЦ Москва;Архив №1 Томилино;SZ 150 000 00 00;Поиск отдельного документа в составе досье КОД ЮЛ/РКО;-;00;Запросы;документ;120;RUCH
ОСЦ Нижний Новгород;Вне подразделений;SZ 150 000 00 00;Поиск отдельного документа в составе досье КОД ЮЛ/РКО;-;00;Запросы;документ;120;RUCH
ОСЦ Нижний Новгород;Архив №1 Нижний Новгород;SZ 150 000 00 00;Поиск отдельного документа в составе досье КОД ЮЛ/РКО;-;00;Запросы;документ;120;RUCH
ОСЦ Новосибирск;Вне подразделений;SZ 150 000 00 00;Поиск отдельного документа в составе досье КОД ЮЛ/РКО;-;00;Запросы;документ;120;RUCH
ОСЦ Новосибирск;Архив №1 Новосибирск;SZ 150 000 00 00;Поиск отдельного документа в составе досье КОД ЮЛ/РКО;-;00;Запросы;документ;120;RUCH
ОСЦ Самара;Вне подразделений;SZ 150 000 00 00;Поиск отдельного документа в составе досье КОД ЮЛ/РКО;-;00;Запросы;документ;120;RUCH
ОСЦ Новосибирск;Архив №3 Екатеринбург;SZ 150 000 00 00;Поиск отдельного документа в составе досье КОД ЮЛ/РКО;-;00;Запросы;документ;120;RUCH
ОСЦ Самара;Архив №1 Самара;SZ 150 000 00 00;Поиск отдельного документа в составе досье КОД ЮЛ/РКО;-;00;Запросы;документ;120;RUCH
ОСЦ Воронеж;Вне подразделений;SZ 153 000 00 00;Поиск и изъятие залоговых документов из состава досье;-;00;Запросы;документ;360;RUCH
ОСЦ Воронеж;Архив №1 Воронеж;SZ 153 000 00 00;Поиск и изъятие залоговых документов из состава досье;-;00;Запросы;документ;300;RUCH
ОСЦ Воронеж;Архив №3 Калининград;SZ 153 000 00 00;Поиск и изъятие залоговых документов из состава досье;-;00;Запросы;документ;300;RUCH
ОСЦ Воронеж;Архив №4 Санкт-Петербург;SZ 153 000 00 00;Поиск и изъятие залоговых документов из состава досье;-;00;Запросы;документ;300;RUCH
ОСЦ Москва;Вне подразделений;SZ 153 000 00 00;Поиск и изъятие залоговых документов из состава досье;-;00;Запросы;документ;360;RUCH
ОСЦ Москва;Архив №1 Томилино;SZ 153 000 00 00;Поиск и изъятие залоговых документов из состава досье;-;00;Запросы;документ;300;RUCH
ОСЦ Нижний Новгород;Вне подразделений;SZ 153 000 00 00;Поиск и изъятие залоговых документов из состава досье;-;00;Запросы;документ;360;RUCH
ОСЦ Нижний Новгород;Архив №1 Нижний Новгород;SZ 153 000 00 00;Поиск и изъятие залоговых документов из состава досье;-;00;Запросы;документ;300;RUCH
ОСЦ Новосибирск;Вне подразделений;SZ 153 000 00 00;Поиск и изъятие залоговых документов из состава досье;-;00;Запросы;документ;360;RUCH
ОСЦ Новосибирск;Архив №1 Новосибирск;SZ 153 000 00 00;Поиск и изъятие залоговых документов из состава досье;-;00;Запросы;документ;360;RUCH
ОСЦ Самара;Вне подразделений;SZ 153 000 00 00;Поиск и изъятие залоговых документов из состава досье;-;00;Запросы;документ;360;RUCH
ОСЦ Новосибирск;Архив №3 Екатеринбург;SZ 153 000 00 00;Поиск и изъятие залоговых документов из состава досье;-;00;Запросы;документ;360;RUCH
ОСЦ Самара;Архив №1 Самара;SZ 153 000 00 00;Поиск и изъятие залоговых документов из состава досье;-;00;Запросы;документ;90;RUCH
ОСЦ Воронеж;Вне подразделений;SZ 202 000 00 00;Обработка файлов УАК| неразмещенных автоматически в АС ЦАРС;-;00;Запросы;документ/ файл;0;RUCH
ОСЦ Воронеж;Архив №1 Воронеж;SZ 202 000 00 00;Обработка файлов УАК| неразмещенных автоматически в АС ЦАРС;-;00;Запросы;документ/ файл;0;RUCH
ОСЦ Воронеж;Архив №3 Калининград;SZ 202 000 00 00;Обработка файлов УАК| неразмещенных автоматически в АС ЦАРС;-;00;Запросы;документ/ файл;0;RUCH
ОСЦ Воронеж;Архив №4 Санкт-Петербург;SZ 202 000 00 00;Обработка файлов УАК| неразмещенных автоматически в АС ЦАРС;-;00;Запросы;документ/ файл;0;RUCH
ОСЦ Воронеж;Вне подразделений;NO 006 009 00 00;Ведение и подготовка табеля. Консультирование сотрудников по работе в АС ПУЛЬС;-;00;Непроизводственные;минута;60;RUCH
ОСЦ Воронеж;Архив №1 Воронеж;NO 006 009 00 00;Ведение и подготовка табеля. Консультирование сотрудников по работе в АС ПУЛЬС;-;00;Непроизводственные;минута;60;RUCH
ОСЦ Воронеж;Архив №2 Ставрополь;NO 006 009 00 00;Ведение и подготовка табеля. Консультирование сотрудников по работе в АС ПУЛЬС;-;00;Непроизводственные;минута;60;RUCH
ОСЦ Воронеж;Архив №3 Калининград;NO 006 009 00 00;Ведение и подготовка табеля. Консультирование сотрудников по работе в АС ПУЛЬС;-;00;Непроизводственные;минута;60;RUCH
ОСЦ Воронеж;Архив №4 Санкт-Петербург;NO 006 009 00 00;Ведение и подготовка табеля. Консультирование сотрудников по работе в АС ПУЛЬС;-;00;Непроизводственные;минута;60;RUCH
ОСЦ Москва;Вне подразделений;NO 006 009 00 00;Ведение и подготовка табеля. Консультирование сотрудников по работе в АС ПУЛЬС;-;00;Непроизводственные;минута;60;RUCH
ОСЦ Москва;Архив №1 Томилино;NO 006 009 00 00;Ведение и подготовка табеля. Консультирование сотрудников по работе в АС ПУЛЬС;-;00;Непроизводственные;минута;60;RUCH
ОСЦ Нижний Новгород;Вне подразделений;NO 006 009 00 00;Ведение и подготовка табеля. Консультирование сотрудников по работе в АС ПУЛЬС;-;00;Непроизводственные;минута;60;RUCH
ОСЦ Нижний Новгород;Архив №1 Нижний Новгород;NO 006 009 00 00;Ведение и подготовка табеля. Консультирование сотрудников по работе в АС ПУЛЬС;-;00;Непроизводственные;минута;60;RUCH
ОСЦ Новосибирск;Вне подразделений;NO 006 009 00 00;Ведение и подготовка табеля. Консультирование сотрудников по работе в АС ПУЛЬС;-;00;Непроизводственные;минута;60;RUCH
ОСЦ Новосибирск;Архив №1 Новосибирск;NO 006 009 00 00;Ведение и подготовка табеля. Консультирование сотрудников по работе в АС ПУЛЬС;-;00;Непроизводственные;минута;60;RUCH
ОСЦ Самара;Вне подразделений;NO 006 009 00 00;Ведение и подготовка табеля. Консультирование сотрудников по работе в АС ПУЛЬС;-;00;Непроизводственные;минута;60;RUCH
ОСЦ Новосибирск;Архив №3 Екатеринбург;NO 006 009 00 00;Ведение и подготовка табеля. Консультирование сотрудников по работе в АС ПУЛЬС;-;00;Непроизводственные;минута;60;RUCH
ОСЦ Самара;Архив №1 Самара;NO 006 009 00 00;Ведение и подготовка табеля. Консультирование сотрудников по работе в АС ПУЛЬС;-;00;Непроизводственные;минута;60;RUCH
ОСЦ Воронеж;Вне подразделений;NO 008 004 00 00;Ежедневное распределение  ресурсов по процессам исходя из входящего потока;-;00;Непроизводственные;минута;60;RUCH
ОСЦ Воронеж;Архив №1 Воронеж;NO 008 004 00 00;Ежедневное распределение  ресурсов по процессам исходя из входящего потока;-;00;Непроизводственные;минута;60;RUCH
ОСЦ Воронеж;Архив №2 Ставрополь;NO 008 004 00 00;Ежедневное распределение  ресурсов по процессам исходя из входящего потока;-;00;Непроизводственные;минута;60;RUCH
ОСЦ Воронеж;Архив №3 Калининград;NO 008 004 00 00;Ежедневное распределение  ресурсов по процессам исходя из входящего потока;-;00;Непроизводственные;минута;60;RUCH
ОСЦ Воронеж;Архив №4 Санкт-Петербург;NO 008 004 00 00;Ежедневное распределение  ресурсов по процессам исходя из входящего потока;-;00;Непроизводственные;минута;60;RUCH
ОСЦ Москва;Вне подразделений;NO 008 004 00 00;Ежедневное распределение  ресурсов по процессам исходя из входящего потока;-;00;Непроизводственные;минута;60;RUCH
ОСЦ Москва;Архив №1 Томилино;NO 008 004 00 00;Ежедневное распределение  ресурсов по процессам исходя из входящего потока;-;00;Непроизводственные;минута;60;RUCH
ОСЦ Нижний Новгород;Вне подразделений;NO 008 004 00 00;Ежедневное распределение  ресурсов по процессам исходя из входящего потока;-;00;Непроизводственные;минута;60;RUCH
ОСЦ Нижний Новгород;Архив №1 Нижний Новгород;NO 008 004 00 00;Ежедневное распределение  ресурсов по процессам исходя из входящего потока;-;00;Непроизводственные;минута;60;RUCH
ОСЦ Новосибирск;Вне подразделений;NO 008 004 00 00;Ежедневное распределение  ресурсов по процессам исходя из входящего потока;-;00;Непроизводственные;минута;60;RUCH
ОСЦ Новосибирск;Архив №1 Новосибирск;NO 008 004 00 00;Ежедневное распределение  ресурсов по процессам исходя из входящего потока;-;00;Непроизводственные;минута;60;RUCH
ОСЦ Самара;Вне подразделений;NO 008 004 00 00;Ежедневное распределение  ресурсов по процессам исходя из входящего потока;-;00;Непроизводственные;минута;60;RUCH
ОСЦ Новосибирск;Архив №3 Екатеринбург;NO 008 004 00 00;Ежедневное распределение  ресурсов по процессам исходя из входящего потока;-;00;Непроизводственные;минута;60;RUCH
ОСЦ Самара;Архив №1 Самара;NO 008 004 00 00;Ежедневное распределение  ресурсов по процессам исходя из входящего потока;-;00;Непроизводственные;минута;60;RUCH
ОСЦ Воронеж;Вне подразделений;NO 009 002 00 00;Риск-координатор;-;00;Непроизводственные;минута;60;RUCH
ОСЦ Воронеж;Архив №1 Воронеж;NO 009 002 00 00;Риск-координатор;-;00;Непроизводственные;минута;60;RUCH
ОСЦ Воронеж;Архив №2 Ставрополь;NO 009 002 00 00;Риск-координатор;-;00;Непроизводственные;минута;60;RUCH
ОСЦ Воронеж;Архив №3 Калининград;NO 009 002 00 00;Риск-координатор;-;00;Непроизводственные;минута;60;RUCH
ОСЦ Воронеж;Архив №4 Санкт-Петербург;NO 009 002 00 00;Риск-координатор;-;00;Непроизводственные;минута;60;RUCH
ОСЦ Москва;Вне подразделений;NO 009 002 00 00;Риск-координатор;-;00;Непроизводственные;минута;60;RUCH
ОСЦ Москва;Архив №1 Томилино;NO 009 002 00 00;Риск-координатор;-;00;Непроизводственные;минута;60;RUCH
ОСЦ Нижний Новгород;Вне подразделений;NO 009 002 00 00;Риск-координатор;-;00;Непроизводственные;минута;60;RUCH
ОСЦ Нижний Новгород;Архив №1 Нижний Новгород;NO 009 002 00 00;Риск-координатор;-;00;Непроизводственные;минута;60;RUCH
ОСЦ Новосибирск;Вне подразделений;NO 009 002 00 00;Риск-координатор;-;00;Непроизводственные;минута;60;RUCH
ОСЦ Новосибирск;Архив №1 Новосибирск;NO 009 002 00 00;Риск-координатор;-;00;Непроизводственные;минута;60;RUCH
ОСЦ Самара;Вне подразделений;NO 009 002 00 00;Риск-координатор;-;00;Непроизводственные;минута;60;RUCH
ОСЦ Новосибирск;Архив №3 Екатеринбург;NO 009 002 00 00;Риск-координатор;-;00;Непроизводственные;минута;60;RUCH
ОСЦ Самара;Архив №1 Самара;NO 009 002 00 00;Риск-координатор;-;00;Непроизводственные;минута;60;RUCH
ОСЦ Воронеж;Вне подразделений;NO 009 007 00 00;Вопросы кибербезопасности| в т.ч. функции АИБ;-;00;Непроизводственные;минута;60;RUCH
ОСЦ Воронеж;Архив №1 Воронеж;NO 009 007 00 00;Вопросы кибербезопасности| в т.ч. функции АИБ;-;00;Непроизводственные;минута;60;RUCH
ОСЦ Воронеж;Архив №2 Ставрополь;NO 009 007 00 00;Вопросы кибербезопасности| в т.ч. функции АИБ;-;00;Непроизводственные;минута;60;RUCH
ОСЦ Воронеж;Архив №3 Калининград;NO 009 007 00 00;Вопросы кибербезопасности| в т.ч. функции АИБ;-;00;Непроизводственные;минута;60;RUCH
ОСЦ Воронеж;Архив №4 Санкт-Петербург;NO 009 007 00 00;Вопросы кибербезопасности| в т.ч. функции АИБ;-;00;Непроизводственные;минута;60;RUCH
ОСЦ Москва;Вне подразделений;NO 009 007 00 00;Вопросы кибербезопасности| в т.ч. функции АИБ;-;00;Непроизводственные;минута;60;RUCH
ОСЦ Москва;Архив №1 Томилино;NO 009 007 00 00;Вопросы кибербезопасности| в т.ч. функции АИБ;-;00;Непроизводственные;минута;60;RUCH
ОСЦ Нижний Новгород;Вне подразделений;NO 009 007 00 00;Вопросы кибербезопасности| в т.ч. функции АИБ;-;00;Непроизводственные;минута;60;RUCH
ОСЦ Нижний Новгород;Архив №1 Нижний Новгород;NO 009 007 00 00;Вопросы кибербезопасности| в т.ч. функции АИБ;-;00;Непроизводственные;минута;60;RUCH
ОСЦ Новосибирск;Вне подразделений;NO 009 007 00 00;Вопросы кибербезопасности| в т.ч. функции АИБ;-;00;Непроизводственные;минута;60;RUCH
ОСЦ Воронеж;Вне подразделений;SZ 055 000 00 00;Передача коробов в логистику по отработанным заявкам;-;00;Запросы;АК;60;RUCH
ОСЦ Воронеж;Архив №1 Воронеж;SZ 055 000 00 00;Передача коробов в логистику по отработанным заявкам;-;00;Запросы;АК;43,227;RUCH
ОСЦ Воронеж;Архив №3 Калининград;SZ 055 000 00 00;Передача коробов в логистику по отработанным заявкам;-;00;Запросы;АК;0;RUCH
ОСЦ Воронеж;Архив №4 Санкт-Петербург;SZ 055 000 00 00;Передача коробов в логистику по отработанным заявкам;-;00;Запросы;АК;34,233;RUCH
ОСЦ Москва;Вне подразделений;SZ 055 000 00 00;Передача коробов в логистику по отработанным заявкам;-;00;Запросы;АК;60;RUCH
ОСЦ Москва;Архив №1 Томилино;SZ 055 000 00 00;Передача коробов в логистику по отработанным заявкам;-;00;Запросы;АК;25,5;RUCH
ОСЦ Нижний Новгород;Вне подразделений;SZ 055 000 00 00;Передача коробов в логистику по отработанным заявкам;-;00;Запросы;АК;60;RUCH
ОСЦ Нижний Новгород;Архив №1 Нижний Новгород;SZ 055 000 00 00;Передача коробов в логистику по отработанным заявкам;-;00;Запросы;АК;43,897;RUCH
ОСЦ Новосибирск;Вне подразделений;SZ 055 000 00 00;Передача коробов в логистику по отработанным заявкам;-;00;Запросы;АК;60;RUCH
ОСЦ Новосибирск;Архив №1 Новосибирск;SZ 055 000 00 00;Передача коробов в логистику по отработанным заявкам;-;00;Запросы;АК;27,909;RUCH
ОСЦ Самара;Вне подразделений;SZ 055 000 00 00;Передача коробов в логистику по отработанным заявкам;-;00;Запросы;АК;60;RUCH
ОСЦ Новосибирск;Архив №3 Екатеринбург;SZ 055 000 00 00;Передача коробов в логистику по отработанным заявкам;-;00;Запросы;АК;28,127;RUCH
ОСЦ Самара;Архив №1 Самара;SZ 055 000 00 00;Передача коробов в логистику по отработанным заявкам;-;00;Запросы;АК;0;RUCH
ОСЦ Воронеж;Вне подразделений;SZ 056 000 00 00;Передача документов в ООДБН ОЦ/ курьерской службе для пересылки заказчику;-;00;Запросы;отправка;200;RUCH
ОСЦ Воронеж;Архив №1 Воронеж;SZ 056 000 00 00;Передача документов в ООДБН ОЦ/ курьерской службе для пересылки заказчику;-;00;Запросы;отправка;200;RUCH
ОСЦ Воронеж;Архив №3 Калининград;SZ 056 000 00 00;Передача документов в ООДБН ОЦ/ курьерской службе для пересылки заказчику;-;00;Запросы;отправка;200;RUCH
ОСЦ Воронеж;Архив №4 Санкт-Петербург;SZ 056 000 00 00;Передача документов в ООДБН ОЦ/ курьерской службе для пересылки заказчику;-;00;Запросы;отправка;200;RUCH
ОСЦ Москва;Вне подразделений;SZ 056 000 00 00;Передача документов в ООДБН ОЦ/ курьерской службе для пересылки заказчику;-;00;Запросы;отправка;200;RUCH
ОСЦ Москва;Архив №1 Томилино;SZ 056 000 00 00;Передача документов в ООДБН ОЦ/ курьерской службе для пересылки заказчику;-;00;Запросы;отправка;200;RUCH
ОСЦ Нижний Новгород;Вне подразделений;SZ 056 000 00 00;Передача документов в ООДБН ОЦ/ курьерской службе для пересылки заказчику;-;00;Запросы;отправка;200;RUCH
ОСЦ Нижний Новгород;Архив №1 Нижний Новгород;SZ 056 000 00 00;Передача документов в ООДБН ОЦ/ курьерской службе для пересылки заказчику;-;00;Запросы;отправка;200;RUCH
ОСЦ Новосибирск;Вне подразделений;SZ 056 000 00 00;Передача документов в ООДБН ОЦ/ курьерской службе для пересылки заказчику;-;00;Запросы;отправка;200;RUCH
ОСЦ Новосибирск;Архив №1 Новосибирск;SZ 056 000 00 00;Передача документов в ООДБН ОЦ/ курьерской службе для пересылки заказчику;-;00;Запросы;отправка;200;RUCH
ОСЦ Самара;Вне подразделений;SZ 056 000 00 00;Передача документов в ООДБН ОЦ/ курьерской службе для пересылки заказчику;-;00;Запросы;отправка;200;RUCH
ОСЦ Новосибирск;Архив №3 Екатеринбург;SZ 056 000 00 00;Передача документов в ООДБН ОЦ/ курьерской службе для пересылки заказчику;-;00;Запросы;отправка;200;RUCH
ОСЦ Самара;Архив №1 Самара;SZ 056 000 00 00;Передача документов в ООДБН ОЦ/ курьерской службе для пересылки заказчику;-;00;Запросы;отправка;200;RUCH
ОСЦ Воронеж;Архив №1 Воронеж;SZ 203 000 00 00;Передача Документов на перерегистрацию по факту составления Акта о выявленных нарушениях при регистрации Комплектов документов по форме Приложения 23 - АС ЦАРС;-;00;Запросы;Акт;120;RUCH
ОСЦ Воронеж;Архив №3 Калининград;SZ 203 000 00 00;Передача Документов на перерегистрацию по факту составления Акта о выявленных нарушениях при регистрации Комплектов документов по форме Приложения 23 - АС ЦАРС;-;00;Запросы;Акт;120;RUCH
ОСЦ Воронеж;Архив №4 Санкт-Петербург;SZ 203 000 00 00;Передача Документов на перерегистрацию по факту составления Акта о выявленных нарушениях при регистрации Комплектов документов по форме Приложения 23 - АС ЦАРС;-;00;Запросы;Акт;120;RUCH
ОСЦ Москва;Архив №1 Томилино;SZ 203 000 00 00;Передача Документов на перерегистрацию по факту составления Акта о выявленных нарушениях при регистрации Комплектов документов по форме Приложения 23 - АС ЦАРС;-;00;Запросы;Акт;120;RUCH
ОСЦ Нижний Новгород;Архив №1 Нижний Новгород;SZ 203 000 00 00;Передача Документов на перерегистрацию по факту составления Акта о выявленных нарушениях при регистрации Комплектов документов по форме Приложения 23 - АС ЦАРС;-;00;Запросы;Акт;120;RUCH
ОСЦ Новосибирск;Архив №1 Новосибирск;SZ 203 000 00 00;Передача Документов на перерегистрацию по факту составления Акта о выявленных нарушениях при регистрации Комплектов документов по форме Приложения 23 - АС ЦАРС;-;00;Запросы;Акт;120;RUCH
ОСЦ Новосибирск;Архив №3 Екатеринбург;SZ 203 000 00 00;Передача Документов на перерегистрацию по факту составления Акта о выявленных нарушениях при регистрации Комплектов документов по форме Приложения 23 - АС ЦАРС;-;00;Запросы;Акт;120;RUCH
ОСЦ Самара;Архив №1 Самара;SZ 203 000 00 00;Передача Документов на перерегистрацию по факту составления Акта о выявленных нарушениях при регистрации Комплектов документов по форме Приложения 23 - АС ЦАРС;-;00;Запросы;Акт;120;RUCH
ОСЦ Воронеж;Вне подразделений;SZ 059 000 00 00;Мониторинг и переадресация входящей корреспонденции с ТПЯ;-;00;Запросы;документ;154;RUCH
ОСЦ Воронеж;Архив №1 Воронеж;SZ 059 000 00 00;Мониторинг и переадресация входящей корреспонденции с ТПЯ;-;00;Запросы;документ;0;RUCH
ОСЦ Воронеж;Архив №3 Калининград;SZ 059 000 00 00;Мониторинг и переадресация входящей корреспонденции с ТПЯ;-;00;Запросы;документ;0;RUCH
ОСЦ Воронеж;Архив №4 Санкт-Петербург;SZ 059 000 00 00;Мониторинг и переадресация входящей корреспонденции с ТПЯ;-;00;Запросы;документ;0;RUCH
ОСЦ Москва;Вне подразделений;SZ 059 000 00 00;Мониторинг и переадресация входящей корреспонденции с ТПЯ;-;00;Запросы;документ;154;RUCH
ОСЦ Москва;Архив №1 Томилино;SZ 059 000 00 00;Мониторинг и переадресация входящей корреспонденции с ТПЯ;-;00;Запросы;документ;117;RUCH
ОСЦ Нижний Новгород;Вне подразделений;SZ 059 000 00 00;Мониторинг и переадресация входящей корреспонденции с ТПЯ;-;00;Запросы;документ;154;RUCH
ОСЦ Нижний Новгород;Архив №1 Нижний Новгород;SZ 059 000 00 00;Мониторинг и переадресация входящей корреспонденции с ТПЯ;-;00;Запросы;документ;0;RUCH
ОСЦ Новосибирск;Вне подразделений;SZ 059 000 00 00;Мониторинг и переадресация входящей корреспонденции с ТПЯ;-;00;Запросы;документ;154;RUCH
ОСЦ Новосибирск;Архив №1 Новосибирск;SZ 059 000 00 00;Мониторинг и переадресация входящей корреспонденции с ТПЯ;-;00;Запросы;документ;0;RUCH
ОСЦ Самара;Вне подразделений;SZ 059 000 00 00;Мониторинг и переадресация входящей корреспонденции с ТПЯ;-;00;Запросы;документ;154;RUCH
ОСЦ Новосибирск;Архив №3 Екатеринбург;SZ 059 000 00 00;Мониторинг и переадресация входящей корреспонденции с ТПЯ;-;00;Запросы;документ;0;RUCH
ОСЦ Самара;Архив №1 Самара;SZ 059 000 00 00;Мониторинг и переадресация входящей корреспонденции с ТПЯ;-;00;Запросы;документ;0;RUCH
ОСЦ Воронеж;Вне подразделений;NO 008 001 00 00;Анализ и контроль производственных показателей сервиса инструментами Кадриль| Дашборд| контрольные панели;-;00;Непроизводственные;минута;60;RUCH
ОСЦ Воронеж;Архив №1 Воронеж;NO 008 001 00 00;Анализ и контроль производственных показателей сервиса инструментами Кадриль| Дашборд| контрольные панели;-;00;Непроизводственные;минута;60;RUCH
ОСЦ Воронеж;Архив №2 Ставрополь;NO 008 001 00 00;Анализ и контроль производственных показателей сервиса инструментами Кадриль| Дашборд| контрольные панели;-;00;Непроизводственные;минута;60;RUCH
ОСЦ Воронеж;Архив №3 Калининград;NO 008 001 00 00;Анализ и контроль производственных показателей сервиса инструментами Кадриль| Дашборд| контрольные панели;-;00;Непроизводственные;минута;60;RUCH
ОСЦ Воронеж;Архив №4 Санкт-Петербург;NO 008 001 00 00;Анализ и контроль производственных показателей сервиса инструментами Кадриль| Дашборд| контрольные панели;-;00;Непроизводственные;минута;60;RUCH
ОСЦ Москва;Вне подразделений;NO 008 001 00 00;Анализ и контроль производственных показателей сервиса инструментами Кадриль| Дашборд| контрольные панели;-;00;Непроизводственные;минута;60;RUCH
ОСЦ Москва;Архив №1 Томилино;NO 008 001 00 00;Анализ и контроль производственных показателей сервиса инструментами Кадриль| Дашборд| контрольные панели;-;00;Непроизводственные;минута;60;RUCH
ОСЦ Нижний Новгород;Вне подразделений;NO 008 001 00 00;Анализ и контроль производственных показателей сервиса инструментами Кадриль| Дашборд| контрольные панели;-;00;Непроизводственные;минута;60;RUCH
ОСЦ Нижний Новгород;Архив №1 Нижний Новгород;NO 008 001 00 00;Анализ и контроль производственных показателей сервиса инструментами Кадриль| Дашборд| контрольные панели;-;00;Непроизводственные;минута;60;RUCH
ОСЦ Новосибирск;Вне подразделений;NO 008 001 00 00;Анализ и контроль производственных показателей сервиса инструментами Кадриль| Дашборд| контрольные панели;-;00;Непроизводственные;минута;60;RUCH
ОСЦ Новосибирск;Архив №1 Новосибирск;NO 008 001 00 00;Анализ и контроль производственных показателей сервиса инструментами Кадриль| Дашборд| контрольные панели;-;00;Непроизводственные;минута;60;RUCH
ОСЦ Самара;Вне подразделений;NO 008 001 00 00;Анализ и контроль производственных показателей сервиса инструментами Кадриль| Дашборд| контрольные панели;-;00;Непроизводственные;минута;60;RUCH
ОСЦ Новосибирск;Архив №3 Екатеринбург;NO 008 001 00 00;Анализ и контроль производственных показателей сервиса инструментами Кадриль| Дашборд| контрольные панели;-;00;Непроизводственные;минута;60;RUCH
ОСЦ Самара;Архив №1 Самара;NO 008 001 00 00;Анализ и контроль производственных показателей сервиса инструментами Кадриль| Дашборд| контрольные панели;-;00;Непроизводственные;минута;60;RUCH
ОСЦ Воронеж;Вне подразделений;NO 008 002 00 00;Анализ операций и производительности сотрудников в Кадрили;-;00;Непроизводственные;минута;60;RUCH
ОСЦ Воронеж;Архив №1 Воронеж;NO 008 002 00 00;Анализ операций и производительности сотрудников в Кадрили;-;00;Непроизводственные;минута;60;RUCH
ОСЦ Воронеж;Архив №2 Ставрополь;NO 008 002 00 00;Анализ операций и производительности сотрудников в Кадрили;-;00;Непроизводственные;минута;60;RUCH
ОСЦ Воронеж;Архив №3 Калининград;NO 008 002 00 00;Анализ операций и производительности сотрудников в Кадрили;-;00;Непроизводственные;минута;60;RUCH
ОСЦ Воронеж;Архив №4 Санкт-Петербург;NO 008 002 00 00;Анализ операций и производительности сотрудников в Кадрили;-;00;Непроизводственные;минута;60;RUCH
ОСЦ Москва;Вне подразделений;NO 008 002 00 00;Анализ операций и производительности сотрудников в Кадрили;-;00;Непроизводственные;минута;60;RUCH
ОСЦ Москва;Архив №1 Томилино;NO 008 002 00 00;Анализ операций и производительности сотрудников в Кадрили;-;00;Непроизводственные;минута;60;RUCH
ОСЦ Нижний Новгород;Вне подразделений;NO 008 002 00 00;Анализ операций и производительности сотрудников в Кадрили;-;00;Непроизводственные;минута;60;RUCH
ОСЦ Нижний Новгород;Архив №1 Нижний Новгород;NO 008 002 00 00;Анализ операций и производительности сотрудников в Кадрили;-;00;Непроизводственные;минута;60;RUCH
ОСЦ Новосибирск;Вне подразделений;NO 008 002 00 00;Анализ операций и производительности сотрудников в Кадрили;-;00;Непроизводственные;минута;60;RUCH
ОСЦ Новосибирск;Архив №1 Новосибирск;NO 008 002 00 00;Анализ операций и производительности сотрудников в Кадрили;-;00;Непроизводственные;минута;60;RUCH
ОСЦ Самара;Вне подразделений;NO 008 002 00 00;Анализ операций и производительности сотрудников в Кадрили;-;00;Непроизводственные;минута;60;RUCH
ОСЦ Новосибирск;Архив №3 Екатеринбург;NO 008 002 00 00;Анализ операций и производительности сотрудников в Кадрили;-;00;Непроизводственные;минута;60;RUCH
ОСЦ Самара;Архив №1 Самара;NO 008 002 00 00;Анализ операций и производительности сотрудников в Кадрили;-;00;Непроизводственные;минута;60;RUCH
ОСЦ Воронеж;Вне подразделений;NO 008 003 00 00;Работа с отклонениями/дефектами в процессе (разбор кейсов и принятие мер);-;00;Непроизводственные;минута;60;RUCH
ОСЦ Воронеж;Архив №1 Воронеж;NO 008 003 00 00;Работа с отклонениями/дефектами в процессе (разбор кейсов и принятие мер);-;00;Непроизводственные;минута;60;RUCH
ОСЦ Воронеж;Архив №2 Ставрополь;NO 008 003 00 00;Работа с отклонениями/дефектами в процессе (разбор кейсов и принятие мер);-;00;Непроизводственные;минута;60;RUCH
ОСЦ Воронеж;Архив №3 Калининград;NO 008 003 00 00;Работа с отклонениями/дефектами в процессе (разбор кейсов и принятие мер);-;00;Непроизводственные;минута;60;RUCH
ОСЦ Воронеж;Архив №4 Санкт-Петербург;NO 008 003 00 00;Работа с отклонениями/дефектами в процессе (разбор кейсов и принятие мер);-;00;Непроизводственные;минута;60;RUCH
ОСЦ Москва;Вне подразделений;NO 008 003 00 00;Работа с отклонениями/дефектами в процессе (разбор кейсов и принятие мер);-;00;Непроизводственные;минута;60;RUCH
ОСЦ Москва;Архив №1 Томилино;NO 008 003 00 00;Работа с отклонениями/дефектами в процессе (разбор кейсов и принятие мер);-;00;Непроизводственные;минута;60;RUCH
ОСЦ Нижний Новгород;Вне подразделений;NO 008 003 00 00;Работа с отклонениями/дефектами в процессе (разбор кейсов и принятие мер);-;00;Непроизводственные;минута;60;RUCH
ОСЦ Нижний Новгород;Архив №1 Нижний Новгород;NO 008 003 00 00;Работа с отклонениями/дефектами в процессе (разбор кейсов и принятие мер);-;00;Непроизводственные;минута;60;RUCH
ОСЦ Новосибирск;Вне подразделений;NO 008 003 00 00;Работа с отклонениями/дефектами в процессе (разбор кейсов и принятие мер);-;00;Непроизводственные;минута;60;RUCH
ОСЦ Новосибирск;Архив №1 Новосибирск;NO 008 003 00 00;Работа с отклонениями/дефектами в процессе (разбор кейсов и принятие мер);-;00;Непроизводственные;минута;60;RUCH
ОСЦ Самара;Вне подразделений;NO 008 003 00 00;Работа с отклонениями/дефектами в процессе (разбор кейсов и принятие мер);-;00;Непроизводственные;минута;60;RUCH
ОСЦ Новосибирск;Архив №3 Екатеринбург;NO 008 003 00 00;Работа с отклонениями/дефектами в процессе (разбор кейсов и принятие мер);-;00;Непроизводственные;минута;60;RUCH
ОСЦ Самара;Архив №1 Самара;NO 008 003 00 00;Работа с отклонениями/дефектами в процессе (разбор кейсов и принятие мер);-;00;Непроизводственные;минута;60;RUCH
ОСЦ Воронеж;Вне подразделений;NO 033 001 00 00;Кадровые мероприятия. Предложения по кадровым вопросам;-;00;Непроизводственные;минута;60;RUCH
ОСЦ Воронеж;Архив №1 Воронеж;NO 033 001 00 00;Кадровые мероприятия. Предложения по кадровым вопросам;-;00;Непроизводственные;минута;60;RUCH
ОСЦ Воронеж;Архив №2 Ставрополь;NO 033 001 00 00;Кадровые мероприятия. Предложения по кадровым вопросам;-;00;Непроизводственные;минута;60;RUCH
ОСЦ Воронеж;Архив №3 Калининград;NO 033 001 00 00;Кадровые мероприятия. Предложения по кадровым вопросам;-;00;Непроизводственные;минута;60;RUCH
ОСЦ Воронеж;Архив №4 Санкт-Петербург;NO 033 001 00 00;Кадровые мероприятия. Предложения по кадровым вопросам;-;00;Непроизводственные;минута;60;RUCH
ОСЦ Москва;Вне подразделений;NO 033 001 00 00;Кадровые мероприятия. Предложения по кадровым вопросам;-;00;Непроизводственные;минута;60;RUCH
ОСЦ Москва;Архив №1 Томилино;NO 033 001 00 00;Кадровые мероприятия. Предложения по кадровым вопросам;-;00;Непроизводственные;минута;60;RUCH
ОСЦ Нижний Новгород;Вне подразделений;NO 033 001 00 00;Кадровые мероприятия. Предложения по кадровым вопросам;-;00;Непроизводственные;минута;60;RUCH
ОСЦ Нижний Новгород;Архив №1 Нижний Новгород;NO 033 001 00 00;Кадровые мероприятия. Предложения по кадровым вопросам;-;00;Непроизводственные;минута;60;RUCH
ОСЦ Новосибирск;Вне подразделений;NO 033 001 00 00;Кадровые мероприятия. Предложения по кадровым вопросам;-;00;Непроизводственные;минута;60;RUCH
ОСЦ Новосибирск;Архив №1 Новосибирск;NO 033 001 00 00;Кадровые мероприятия. Предложения по кадровым вопросам;-;00;Непроизводственные;минута;60;RUCH
ОСЦ Самара;Вне подразделений;NO 033 001 00 00;Кадровые мероприятия. Предложения по кадровым вопросам;-;00;Непроизводственные;минута;60;RUCH
ОСЦ Новосибирск;Архив №3 Екатеринбург;NO 033 001 00 00;Кадровые мероприятия. Предложения по кадровым вопросам;-;00;Непроизводственные;минута;60;RUCH
ОСЦ Самара;Архив №1 Самара;NO 033 001 00 00;Кадровые мероприятия. Предложения по кадровым вопросам;-;00;Непроизводственные;минута;60;RUCH
ОСЦ Воронеж;Вне подразделений;NO 035 001 00 00;Вовлеченность сотрудников| анализ климата в коллективе и организация командообразующих мероприятий;-;00;Непроизводственные;минута;60;RUCH
ОСЦ Воронеж;Архив №1 Воронеж;NO 035 001 00 00;Вовлеченность сотрудников| анализ климата в коллективе и организация командообразующих мероприятий;-;00;Непроизводственные;минута;60;RUCH
ОСЦ Воронеж;Архив №2 Ставрополь;NO 035 001 00 00;Вовлеченность сотрудников| анализ климата в коллективе и организация командообразующих мероприятий;-;00;Непроизводственные;минута;60;RUCH
ОСЦ Воронеж;Архив №3 Калининград;NO 035 001 00 00;Вовлеченность сотрудников| анализ климата в коллективе и организация командообразующих мероприятий;-;00;Непроизводственные;минута;60;RUCH
ОСЦ Воронеж;Архив №4 Санкт-Петербург;NO 035 001 00 00;Вовлеченность сотрудников| анализ климата в коллективе и организация командообразующих мероприятий;-;00;Непроизводственные;минута;60;RUCH
ОСЦ Москва;Вне подразделений;NO 035 001 00 00;Вовлеченность сотрудников| анализ климата в коллективе и организация командообразующих мероприятий;-;00;Непроизводственные;минута;60;RUCH
ОСЦ Москва;Архив №1 Томилино;NO 035 001 00 00;Вовлеченность сотрудников| анализ климата в коллективе и организация командообразующих мероприятий;-;00;Непроизводственные;минута;60;RUCH
ОСЦ Нижний Новгород;Вне подразделений;NO 035 001 00 00;Вовлеченность сотрудников| анализ климата в коллективе и организация командообразующих мероприятий;-;00;Непроизводственные;минута;60;RUCH
ОСЦ Нижний Новгород;Архив №1 Нижний Новгород;NO 035 001 00 00;Вовлеченность сотрудников| анализ климата в коллективе и организация командообразующих мероприятий;-;00;Непроизводственные;минута;60;RUCH
ОСЦ Новосибирск;Вне подразделений;NO 035 001 00 00;Вовлеченность сотрудников| анализ климата в коллективе и организация командообразующих мероприятий;-;00;Непроизводственные;минута;60;RUCH
ОСЦ Новосибирск;Архив №1 Новосибирск;NO 035 001 00 00;Вовлеченность сотрудников| анализ климата в коллективе и организация командообразующих мероприятий;-;00;Непроизводственные;минута;60;RUCH
ОСЦ Самара;Вне подразделений;NO 035 001 00 00;Вовлеченность сотрудников| анализ климата в коллективе и организация командообразующих мероприятий;-;00;Непроизводственные;минута;60;RUCH
ОСЦ Новосибирск;Архив №3 Екатеринбург;NO 035 001 00 00;Вовлеченность сотрудников| анализ климата в коллективе и организация командообразующих мероприятий;-;00;Непроизводственные;минута;60;RUCH
ОСЦ Самара;Архив №1 Самара;NO 035 001 00 00;Вовлеченность сотрудников| анализ климата в коллективе и организация командообразующих мероприятий;-;00;Непроизводственные;минута;60;RUCH
ОСЦ Воронеж;Вне подразделений;NO 037 001 00 00;Работа по направлениям ПБ|ОТ| ЭБ и ГО;-;00;Непроизводственные;минута;60;RUCH
ОСЦ Воронеж;Архив №1 Воронеж;NO 037 001 00 00;Работа по направлениям ПБ|ОТ| ЭБ и ГО;-;00;Непроизводственные;минута;60;RUCH
ОСЦ Воронеж;Архив №2 Ставрополь;NO 037 001 00 00;Работа по направлениям ПБ|ОТ| ЭБ и ГО;-;00;Непроизводственные;минута;60;RUCH
ОСЦ Воронеж;Архив №3 Калининград;NO 037 001 00 00;Работа по направлениям ПБ|ОТ| ЭБ и ГО;-;00;Непроизводственные;минута;60;RUCH
ОСЦ Воронеж;Архив №4 Санкт-Петербург;NO 037 001 00 00;Работа по направлениям ПБ|ОТ| ЭБ и ГО;-;00;Непроизводственные;минута;60;RUCH
ОСЦ Москва;Вне подразделений;NO 037 001 00 00;Работа по направлениям ПБ|ОТ| ЭБ и ГО;-;00;Непроизводственные;минута;60;RUCH
ОСЦ Москва;Архив №1 Томилино;NO 037 001 00 00;Работа по направлениям ПБ|ОТ| ЭБ и ГО;-;00;Непроизводственные;минута;60;RUCH
ОСЦ Нижний Новгород;Вне подразделений;NO 037 001 00 00;Работа по направлениям ПБ|ОТ| ЭБ и ГО;-;00;Непроизводственные;минута;60;RUCH
ОСЦ Нижний Новгород;Архив №1 Нижний Новгород;NO 037 001 00 00;Работа по направлениям ПБ|ОТ| ЭБ и ГО;-;00;Непроизводственные;минута;60;RUCH
ОСЦ Новосибирск;Вне подразделений;NO 037 001 00 00;Работа по направлениям ПБ|ОТ| ЭБ и ГО;-;00;Непроизводственные;минута;60;RUCH
ОСЦ Новосибирск;Архив №1 Новосибирск;NO 037 001 00 00;Работа по направлениям ПБ|ОТ| ЭБ и ГО;-;00;Непроизводственные;минута;60;RUCH
ОСЦ Самара;Вне подразделений;NO 037 001 00 00;Работа по направлениям ПБ|ОТ| ЭБ и ГО;-;00;Непроизводственные;минута;60;RUCH
ОСЦ Новосибирск;Архив №3 Екатеринбург;NO 037 001 00 00;Работа по направлениям ПБ|ОТ| ЭБ и ГО;-;00;Непроизводственные;минута;60;RUCH
ОСЦ Самара;Архив №1 Самара;NO 037 001 00 00;Работа по направлениям ПБ|ОТ| ЭБ и ГО;-;00;Непроизводственные;минута;60;RUCH
ОСЦ Воронеж;Вне подразделений;NO 038 001 00 00;Выполнение поручений ЦАС/руководства СЦА. Контроль исполнения  поручений;-;00;Непроизводственные;минута;60;RUCH
ОСЦ Воронеж;Архив №1 Воронеж;NO 038 001 00 00;Выполнение поручений ЦАС/руководства СЦА. Контроль исполнения  поручений;-;00;Непроизводственные;минута;60;RUCH
ОСЦ Воронеж;Архив №2 Ставрополь;NO 038 001 00 00;Выполнение поручений ЦАС/руководства СЦА. Контроль исполнения  поручений;-;00;Непроизводственные;минута;60;RUCH
ОСЦ Воронеж;Архив №3 Калининград;NO 038 001 00 00;Выполнение поручений ЦАС/руководства СЦА. Контроль исполнения  поручений;-;00;Непроизводственные;минута;60;RUCH
ОСЦ Воронеж;Архив №4 Санкт-Петербург;NO 038 001 00 00;Выполнение поручений ЦАС/руководства СЦА. Контроль исполнения  поручений;-;00;Непроизводственные;минута;60;RUCH
ОСЦ Москва;Вне подразделений;NO 038 001 00 00;Выполнение поручений ЦАС/руководства СЦА. Контроль исполнения  поручений;-;00;Непроизводственные;минута;60;RUCH
ОСЦ Москва;Архив №1 Томилино;NO 038 001 00 00;Выполнение поручений ЦАС/руководства СЦА. Контроль исполнения  поручений;-;00;Непроизводственные;минута;60;RUCH
ОСЦ Нижний Новгород;Вне подразделений;NO 038 001 00 00;Выполнение поручений ЦАС/руководства СЦА. Контроль исполнения  поручений;-;00;Непроизводственные;минута;60;RUCH
ОСЦ Нижний Новгород;Архив №1 Нижний Новгород;NO 038 001 00 00;Выполнение поручений ЦАС/руководства СЦА. Контроль исполнения  поручений;-;00;Непроизводственные;минута;60;RUCH
ОСЦ Новосибирск;Вне подразделений;NO 038 001 00 00;Выполнение поручений ЦАС/руководства СЦА. Контроль исполнения  поручений;-;00;Непроизводственные;минута;60;RUCH
ОСЦ Новосибирск;Архив №1 Новосибирск;NO 038 001 00 00;Выполнение поручений ЦАС/руководства СЦА. Контроль исполнения  поручений;-;00;Непроизводственные;минута;60;RUCH
ОСЦ Самара;Вне подразделений;NO 038 001 00 00;Выполнение поручений ЦАС/руководства СЦА. Контроль исполнения  поручений;-;00;Непроизводственные;минута;60;RUCH
ОСЦ Новосибирск;Архив №3 Екатеринбург;NO 038 001 00 00;Выполнение поручений ЦАС/руководства СЦА. Контроль исполнения  поручений;-;00;Непроизводственные;минута;60;RUCH
ОСЦ Самара;Архив №1 Самара;NO 038 001 00 00;Выполнение поручений ЦАС/руководства СЦА. Контроль исполнения  поручений;-;00;Непроизводственные;минута;60;RUCH
ОСЦ Воронеж;Вне подразделений;NO 041 001 00 00;Коммуникации и взаимодействие;-;00;Непроизводственные;минута;60;RUCH
ОСЦ Воронеж;Архив №1 Воронеж;NO 041 001 00 00;Коммуникации и взаимодействие;-;00;Непроизводственные;минута;60;RUCH
ОСЦ Воронеж;Архив №2 Ставрополь;NO 041 001 00 00;Коммуникации и взаимодействие;-;00;Непроизводственные;минута;60;RUCH
ОСЦ Воронеж;Архив №3 Калининград;NO 041 001 00 00;Коммуникации и взаимодействие;-;00;Непроизводственные;минута;60;RUCH
ОСЦ Воронеж;Архив №4 Санкт-Петербург;NO 041 001 00 00;Коммуникации и взаимодействие;-;00;Непроизводственные;минута;60;RUCH
ОСЦ Москва;Вне подразделений;NO 041 001 00 00;Коммуникации и взаимодействие;-;00;Непроизводственные;минута;60;RUCH
ОСЦ Москва;Архив №1 Томилино;NO 041 001 00 00;Коммуникации и взаимодействие;-;00;Непроизводственные;минута;60;RUCH
ОСЦ Нижний Новгород;Вне подразделений;NO 041 001 00 00;Коммуникации и взаимодействие;-;00;Непроизводственные;минута;60;RUCH
ОСЦ Нижний Новгород;Архив №1 Нижний Новгород;NO 041 001 00 00;Коммуникации и взаимодействие;-;00;Непроизводственные;минута;60;RUCH
ОСЦ Новосибирск;Вне подразделений;NO 041 001 00 00;Коммуникации и взаимодействие;-;00;Непроизводственные;минута;60;RUCH
ОСЦ Новосибирск;Архив №1 Новосибирск;NO 041 001 00 00;Коммуникации и взаимодействие;-;00;Непроизводственные;минута;60;RUCH
ОСЦ Самара;Вне подразделений;NO 041 001 00 00;Коммуникации и взаимодействие;-;00;Непроизводственные;минута;60;RUCH
ОСЦ Новосибирск;Архив №3 Екатеринбург;NO 041 001 00 00;Коммуникации и взаимодействие;-;00;Непроизводственные;минута;60;RUCH
ОСЦ Самара;Архив №1 Самара;NO 041 001 00 00;Коммуникации и взаимодействие;-;00;Непроизводственные;минута;60;RUCH
ОСЦ Самара;Архив №1 Самара;NO 011 001 00 00;Формирование\корректировка и контроль исполнения ППР для Начальника цетра| Начальков отдела| Начальников секторов и сотрудников вне подразделений;-;00;Непроизводственные;минута;60;RUCH
ОСЦ Воронеж;Вне подразделений;NO 013 001 00 00;Тестирование функционала (АС ОАД| АС ЦАРХ| АС ЦАРС);-;00;Проекты;минута;60;RUCH
ОСЦ Воронеж;Архив №1 Воронеж;NO 013 001 00 00;Тестирование функционала (АС ОАД| АС ЦАРХ| АС ЦАРС);-;00;Проекты;минута;60;RUCH
ОСЦ Воронеж;Архив №3 Калининград;NO 013 001 00 00;Тестирование функционала (АС ОАД| АС ЦАРХ| АС ЦАРС);-;00;Проекты;минута;60;RUCH
ОСЦ Воронеж;Архив №4 Санкт-Петербург;NO 013 001 00 00;Тестирование функционала (АС ОАД| АС ЦАРХ| АС ЦАРС);-;00;Проекты;минута;60;RUCH
ОСЦ Москва;Вне подразделений;NO 013 001 00 00;Тестирование функционала (АС ОАД| АС ЦАРХ| АС ЦАРС);-;00;Проекты;минута;60;RUCH
ОСЦ Москва;Архив №1 Томилино;NO 013 001 00 00;Тестирование функционала (АС ОАД| АС ЦАРХ| АС ЦАРС);-;00;Проекты;минута;60;RUCH
ОСЦ Нижний Новгород;Вне подразделений;NO 013 001 00 00;Тестирование функционала (АС ОАД| АС ЦАРХ| АС ЦАРС);-;00;Проекты;минута;60;RUCH
ОСЦ Нижний Новгород;Архив №1 Нижний Новгород;NO 013 001 00 00;Тестирование функционала (АС ОАД| АС ЦАРХ| АС ЦАРС);-;00;Проекты;минута;60;RUCH
ОСЦ Новосибирск;Вне подразделений;NO 013 001 00 00;Тестирование функционала (АС ОАД| АС ЦАРХ| АС ЦАРС);-;00;Проекты;минута;60;RUCH
ОСЦ Новосибирск;Архив №1 Новосибирск;NO 013 001 00 00;Тестирование функционала (АС ОАД| АС ЦАРХ| АС ЦАРС);-;00;Проекты;минута;60;RUCH
ОСЦ Самара;Вне подразделений;NO 013 001 00 00;Тестирование функционала (АС ОАД| АС ЦАРХ| АС ЦАРС);-;00;Проекты;минута;60;RUCH
ОСЦ Новосибирск;Архив №3 Екатеринбург;NO 013 001 00 00;Тестирование функционала (АС ОАД| АС ЦАРХ| АС ЦАРС);-;00;Проекты;минута;60;RUCH
ОСЦ Самара;Архив №1 Самара;NO 013 001 00 00;Тестирование функционала (АС ОАД| АС ЦАРХ| АС ЦАРС);-;00;Проекты;минута;60;RUCH
ОСЦ Воронеж;Вне подразделений;NO 047 001 00 00;Разработка\поддержка Дашборда и КП;-;00;Непроизводственные;минута;0;RUCH
ОСЦ Воронеж;Архив №1 Воронеж;NO 047 001 00 00;Разработка\поддержка Дашборда и КП;-;00;Непроизводственные;минута;0;RUCH
ОСЦ Воронеж;Архив №2 Ставрополь;NO 047 001 00 00;Разработка\поддержка Дашборда и КП;-;00;Непроизводственные;минута;0;RUCH
ОСЦ Воронеж;Архив №3 Калининград;NO 047 001 00 00;Разработка\поддержка Дашборда и КП;-;00;Непроизводственные;минута;0;RUCH
ОСЦ Воронеж;Архив №4 Санкт-Петербург;NO 047 001 00 00;Разработка\поддержка Дашборда и КП;-;00;Непроизводственные;минута;0;RUCH
ОСЦ Москва;Вне подразделений;NO 047 001 00 00;Разработка\поддержка Дашборда и КП;-;00;Непроизводственные;минута;0;RUCH
ОСЦ Москва;Архив №1 Томилино;NO 047 001 00 00;Разработка\поддержка Дашборда и КП;-;00;Непроизводственные;минута;0;RUCH
ОСЦ Нижний Новгород;Вне подразделений;NO 047 001 00 00;Разработка\поддержка Дашборда и КП;-;00;Непроизводственные;минута;60;RUCH
ОСЦ Нижний Новгород;Архив №1 Нижний Новгород;NO 047 001 00 00;Разработка\поддержка Дашборда и КП;-;00;Непроизводственные;минута;60;RUCH
ОСЦ Новосибирск;Вне подразделений;NO 047 001 00 00;Разработка\поддержка Дашборда и КП;-;00;Непроизводственные;минута;0;RUCH
ОСЦ Новосибирск;Архив №1 Новосибирск;NO 047 001 00 00;Разработка\поддержка Дашборда и КП;-;00;Непроизводственные;минута;0;RUCH
ОСЦ Самара;Вне подразделений;NO 047 001 00 00;Разработка\поддержка Дашборда и КП;-;00;Непроизводственные;минута;0;RUCH
ОСЦ Новосибирск;Архив №3 Екатеринбург;NO 047 001 00 00;Разработка\поддержка Дашборда и КП;-;00;Непроизводственные;минута;0;RUCH
ОСЦ Самара;Архив №1 Самара;NO 047 001 00 00;Разработка\поддержка Дашборда и КП;-;00;Непроизводственные;минута;0;RUCH
ОСЦ Воронеж;Вне подразделений;NO 015 005 00 00;Разработка и поддержка роботов| макросов и скриптов| разработанных для автоматизации процесса;-;00;Непроизводственные;минута;60;RUCH
ОСЦ Воронеж;Архив №1 Воронеж;NO 015 005 00 00;Разработка и поддержка роботов| макросов и скриптов| разработанных для автоматизации процесса;-;00;Непроизводственные;минута;60;RUCH
ОСЦ Воронеж;Архив №2 Ставрополь;NO 015 005 00 00;Разработка и поддержка роботов| макросов и скриптов| разработанных для автоматизации процесса;-;00;Непроизводственные;минута;60;RUCH
ОСЦ Воронеж;Архив №3 Калининград;NO 015 005 00 00;Разработка и поддержка роботов| макросов и скриптов| разработанных для автоматизации процесса;-;00;Непроизводственные;минута;60;RUCH
ОСЦ Воронеж;Архив №4 Санкт-Петербург;NO 015 005 00 00;Разработка и поддержка роботов| макросов и скриптов| разработанных для автоматизации процесса;-;00;Непроизводственные;минута;60;RUCH
ОСЦ Москва;Вне подразделений;NO 015 005 00 00;Разработка и поддержка роботов| макросов и скриптов| разработанных для автоматизации процесса;-;00;Непроизводственные;минута;60;RUCH
ОСЦ Москва;Архив №1 Томилино;NO 015 005 00 00;Разработка и поддержка роботов| макросов и скриптов| разработанных для автоматизации процесса;-;00;Непроизводственные;минута;60;RUCH
ОСЦ Нижний Новгород;Вне подразделений;NO 015 005 00 00;Разработка и поддержка роботов| макросов и скриптов| разработанных для автоматизации процесса;-;00;Непроизводственные;минута;60;RUCH
ОСЦ Нижний Новгород;Архив №1 Нижний Новгород;NO 015 005 00 00;Разработка и поддержка роботов| макросов и скриптов| разработанных для автоматизации процесса;-;00;Непроизводственные;минута;60;RUCH
ОСЦ Новосибирск;Вне подразделений;NO 015 005 00 00;Разработка и поддержка роботов| макросов и скриптов| разработанных для автоматизации процесса;-;00;Непроизводственные;минута;60;RUCH
ОСЦ Новосибирск;Архив №1 Новосибирск;NO 015 005 00 00;Разработка и поддержка роботов| макросов и скриптов| разработанных для автоматизации процесса;-;00;Непроизводственные;минута;60;RUCH
ОСЦ Самара;Вне подразделений;NO 015 005 00 00;Разработка и поддержка роботов| макросов и скриптов| разработанных для автоматизации процесса;-;00;Непроизводственные;минута;60;RUCH
ОСЦ Новосибирск;Архив №3 Екатеринбург;NO 015 005 00 00;Разработка и поддержка роботов| макросов и скриптов| разработанных для автоматизации процесса;-;00;Непроизводственные;минута;60;RUCH
ОСЦ Самара;Архив №1 Самара;NO 015 005 00 00;Разработка и поддержка роботов| макросов и скриптов| разработанных для автоматизации процесса;-;00;Непроизводственные;минута;60;RUCH
ОСЦ Воронеж;Вне подразделений;SZ 142 000 00 00;Проверка состояния ЕХ;-;00;Запросы;единица хранения;360;RUCH
ОСЦ Воронеж;Архив №1 Воронеж;SZ 142 000 00 00;Проверка состояния ЕХ;-;00;Запросы;единица хранения;360;RUCH
ОСЦ Воронеж;Архив №3 Калининград;SZ 142 000 00 00;Проверка состояния ЕХ;-;00;Запросы;единица хранения;360;RUCH
ОСЦ Воронеж;Архив №4 Санкт-Петербург;SZ 142 000 00 00;Проверка состояния ЕХ;-;00;Запросы;единица хранения;360;RUCH
ОСЦ Москва;Вне подразделений;SZ 142 000 00 00;Проверка состояния ЕХ;-;00;Запросы;единица хранения;360;RUCH
ОСЦ Москва;Архив №1 Томилино;SZ 142 000 00 00;Проверка состояния ЕХ;-;00;Запросы;единица хранения;360;RUCH
ОСЦ Нижний Новгород;Вне подразделений;SZ 142 000 00 00;Проверка состояния ЕХ;-;00;Запросы;единица хранения;360;RUCH
ОСЦ Нижний Новгород;Архив №1 Нижний Новгород;SZ 142 000 00 00;Проверка состояния ЕХ;-;00;Запросы;единица хранения;360;RUCH
ОСЦ Новосибирск;Вне подразделений;SZ 142 000 00 00;Проверка состояния ЕХ;-;00;Запросы;единица хранения;360;RUCH
ОСЦ Новосибирск;Архив №1 Новосибирск;SZ 142 000 00 00;Проверка состояния ЕХ;-;00;Запросы;единица хранения;360;RUCH
ОСЦ Самара;Вне подразделений;SZ 142 000 00 00;Проверка состояния ЕХ;-;00;Запросы;единица хранения;360;RUCH
ОСЦ Новосибирск;Архив №3 Екатеринбург;SZ 142 000 00 00;Проверка состояния ЕХ;-;00;Запросы;единица хранения;360;RUCH
ОСЦ Самара;Архив №1 Самара;SZ 142 000 00 00;Проверка состояния ЕХ;-;00;Запросы;единица хранения;360;RUCH
ОСЦ Новосибирск;Архив №1 Новосибирск;NO 009 007 00 00;Вопросы кибербезопасности| в т.ч. функции АИБ;-;00;Непроизводственные;минута;60;RUCH
ОСЦ Самара;Вне подразделений;NO 009 007 00 00;Вопросы кибербезопасности| в т.ч. функции АИБ;-;00;Непроизводственные;минута;60;RUCH
ОСЦ Новосибирск;Архив №3 Екатеринбург;NO 009 007 00 00;Вопросы кибербезопасности| в т.ч. функции АИБ;-;00;Непроизводственные;минута;60;RUCH
ОСЦ Самара;Архив №1 Самара;NO 009 007 00 00;Вопросы кибербезопасности| в т.ч. функции АИБ;-;00;Непроизводственные;минута;60;RUCH
ОСЦ Воронеж;Вне подразделений;NO 009 009 00 00;Участие в проведении функционального аудита;-;00;Непроизводственные;минута;60;RUCH
ОСЦ Воронеж;Архив №1 Воронеж;NO 009 009 00 00;Участие в проведении функционального аудита;-;00;Непроизводственные;минута;60;RUCH
ОСЦ Воронеж;Архив №2 Ставрополь;NO 009 009 00 00;Участие в проведении функционального аудита;-;00;Непроизводственные;минута;60;RUCH
ОСЦ Воронеж;Архив №3 Калининград;NO 009 009 00 00;Участие в проведении функционального аудита;-;00;Непроизводственные;минута;60;RUCH
ОСЦ Воронеж;Архив №4 Санкт-Петербург;NO 009 009 00 00;Участие в проведении функционального аудита;-;00;Непроизводственные;минута;60;RUCH
ОСЦ Москва;Вне подразделений;NO 009 009 00 00;Участие в проведении функционального аудита;-;00;Непроизводственные;минута;60;RUCH
ОСЦ Москва;Архив №1 Томилино;NO 009 009 00 00;Участие в проведении функционального аудита;-;00;Непроизводственные;минута;60;RUCH
ОСЦ Нижний Новгород;Вне подразделений;NO 009 009 00 00;Участие в проведении функционального аудита;-;00;Непроизводственные;минута;60;RUCH
ОСЦ Нижний Новгород;Архив №1 Нижний Новгород;NO 009 009 00 00;Участие в проведении функционального аудита;-;00;Непроизводственные;минута;60;RUCH
ОСЦ Новосибирск;Вне подразделений;NO 009 009 00 00;Участие в проведении функционального аудита;-;00;Непроизводственные;минута;60;RUCH
ОСЦ Новосибирск;Архив №1 Новосибирск;NO 009 009 00 00;Участие в проведении функционального аудита;-;00;Непроизводственные;минута;60;RUCH
ОСЦ Самара;Вне подразделений;NO 009 009 00 00;Участие в проведении функционального аудита;-;00;Непроизводственные;минута;60;RUCH
ОСЦ Новосибирск;Архив №3 Екатеринбург;NO 009 009 00 00;Участие в проведении функционального аудита;-;00;Непроизводственные;минута;60;RUCH
ОСЦ Самара;Архив №1 Самара;NO 009 009 00 00;Участие в проведении функционального аудита;-;00;Непроизводственные;минута;60;RUCH
ОСЦ Воронеж;Вне подразделений;NO 010 002 00 00;Заполнение и верификация отчетов;-;00;Непроизводственные;минута;60;RUCH
ОСЦ Воронеж;Архив №1 Воронеж;NO 010 002 00 00;Заполнение и верификация отчетов;-;00;Непроизводственные;минута;60;RUCH
ОСЦ Воронеж;Архив №2 Ставрополь;NO 010 002 00 00;Заполнение и верификация отчетов;-;00;Непроизводственные;минута;60;RUCH
ОСЦ Воронеж;Архив №3 Калининград;NO 010 002 00 00;Заполнение и верификация отчетов;-;00;Непроизводственные;минута;60;RUCH
ОСЦ Воронеж;Архив №4 Санкт-Петербург;NO 010 002 00 00;Заполнение и верификация отчетов;-;00;Непроизводственные;минута;60;RUCH
ОСЦ Москва;Вне подразделений;NO 010 002 00 00;Заполнение и верификация отчетов;-;00;Непроизводственные;минута;60;RUCH
ОСЦ Москва;Архив №1 Томилино;NO 010 002 00 00;Заполнение и верификация отчетов;-;00;Непроизводственные;минута;60;RUCH
ОСЦ Нижний Новгород;Вне подразделений;NO 010 002 00 00;Заполнение и верификация отчетов;-;00;Непроизводственные;минута;60;RUCH
ОСЦ Нижний Новгород;Архив №1 Нижний Новгород;NO 010 002 00 00;Заполнение и верификация отчетов;-;00;Непроизводственные;минута;60;RUCH
ОСЦ Новосибирск;Вне подразделений;NO 010 002 00 00;Заполнение и верификация отчетов;-;00;Непроизводственные;минута;60;RUCH
ОСЦ Новосибирск;Архив №1 Новосибирск;NO 010 002 00 00;Заполнение и верификация отчетов;-;00;Непроизводственные;минута;60;RUCH
ОСЦ Самара;Вне подразделений;NO 010 002 00 00;Заполнение и верификация отчетов;-;00;Непроизводственные;минута;60;RUCH
ОСЦ Новосибирск;Архив №3 Екатеринбург;NO 010 002 00 00;Заполнение и верификация отчетов;-;00;Непроизводственные;минута;60;RUCH
ОСЦ Самара;Архив №1 Самара;NO 010 002 00 00;Заполнение и верификация отчетов;-;00;Непроизводственные;минута;60;RUCH
ОСЦ Воронеж;Вне подразделений;NO 011 001 00 00;Формирование\корректировка и контроль исполнения ППР для Начальника цетра| Начальков отдела| Начальников секторов и сотрудников вне подразделений;-;00;Непроизводственные;минута;60;RUCH
ОСЦ Воронеж;Архив №1 Воронеж;NO 011 001 00 00;Формирование\корректировка и контроль исполнения ППР для Начальника цетра| Начальков отдела| Начальников секторов и сотрудников вне подразделений;-;00;Непроизводственные;минута;60;RUCH
ОСЦ Воронеж;Архив №2 Ставрополь;NO 011 001 00 00;Формирование\корректировка и контроль исполнения ППР для Начальника цетра| Начальков отдела| Начальников секторов и сотрудников вне подразделений;-;00;Непроизводственные;минута;60;RUCH
ОСЦ Воронеж;Архив №3 Калининград;NO 011 001 00 00;Формирование\корректировка и контроль исполнения ППР для Начальника цетра| Начальков отдела| Начальников секторов и сотрудников вне подразделений;-;00;Непроизводственные;минута;60;RUCH
ОСЦ Воронеж;Архив №4 Санкт-Петербург;NO 011 001 00 00;Формирование\корректировка и контроль исполнения ППР для Начальника цетра| Начальков отдела| Начальников секторов и сотрудников вне подразделений;-;00;Непроизводственные;минута;60;RUCH
ОСЦ Москва;Вне подразделений;NO 011 001 00 00;Формирование\корректировка и контроль исполнения ППР для Начальника цетра| Начальков отдела| Начальников секторов и сотрудников вне подразделений;-;00;Непроизводственные;минута;60;RUCH
ОСЦ Москва;Архив №1 Томилино;NO 011 001 00 00;Формирование\корректировка и контроль исполнения ППР для Начальника цетра| Начальков отдела| Начальников секторов и сотрудников вне подразделений;-;00;Непроизводственные;минута;60;RUCH
ОСЦ Нижний Новгород;Вне подразделений;NO 011 001 00 00;Формирование\корректировка и контроль исполнения ППР для Начальника цетра| Начальков отдела| Начальников секторов и сотрудников вне подразделений;-;00;Непроизводственные;минута;60;RUCH
ОСЦ Нижний Новгород;Архив №1 Нижний Новгород;NO 011 001 00 00;Формирование\корректировка и контроль исполнения ППР для Начальника цетра| Начальков отдела| Начальников секторов и сотрудников вне подразделений;-;00;Непроизводственные;минута;60;RUCH
ОСЦ Новосибирск;Вне подразделений;NO 011 001 00 00;Формирование\корректировка и контроль исполнения ППР для Начальника цетра| Начальков отдела| Начальников секторов и сотрудников вне подразделений;-;00;Непроизводственные;минута;60;RUCH
ОСЦ Новосибирск;Архив №1 Новосибирск;NO 011 001 00 00;Формирование\корректировка и контроль исполнения ППР для Начальника цетра| Начальков отдела| Начальников секторов и сотрудников вне подразделений;-;00;Непроизводственные;минута;60;RUCH
ОСЦ Самара;Вне подразделений;NO 011 001 00 00;Формирование\корректировка и контроль исполнения ППР для Начальника цетра| Начальков отдела| Начальников секторов и сотрудников вне подразделений;-;00;Непроизводственные;минута;60;RUCH
ОСЦ Новосибирск;Архив №3 Екатеринбург;NO 011 001 00 00;Формирование\корректировка и контроль исполнения ППР для Начальника цетра| Начальков отдела| Начальников секторов и сотрудников вне подразделений;-;00;Непроизводственные;минута;60;RUCH
ОСЦ Воронеж;Вне подразделений;NO 019 003 00 00;Участие в инвентаризации ТМЦ;-;00;Непроизводственные;минута;60;RUCH
ОСЦ Воронеж;Архив №1 Воронеж;NO 019 003 00 00;Участие в инвентаризации ТМЦ;-;00;Непроизводственные;минута;60;RUCH
ОСЦ Воронеж;Архив №2 Ставрополь;NO 019 003 00 00;Участие в инвентаризации ТМЦ;-;00;Непроизводственные;минута;60;RUCH
ОСЦ Воронеж;Архив №3 Калининград;NO 019 003 00 00;Участие в инвентаризации ТМЦ;-;00;Непроизводственные;минута;60;RUCH
ОСЦ Воронеж;Архив №4 Санкт-Петербург;NO 019 003 00 00;Участие в инвентаризации ТМЦ;-;00;Непроизводственные;минута;60;RUCH
ОСЦ Москва;Вне подразделений;NO 019 003 00 00;Участие в инвентаризации ТМЦ;-;00;Непроизводственные;минута;60;RUCH
ОСЦ Москва;Архив №1 Томилино;NO 019 003 00 00;Участие в инвентаризации ТМЦ;-;00;Непроизводственные;минута;60;RUCH
ОСЦ Нижний Новгород;Вне подразделений;NO 019 003 00 00;Участие в инвентаризации ТМЦ;-;00;Непроизводственные;минута;60;RUCH
ОСЦ Нижний Новгород;Архив №1 Нижний Новгород;NO 019 003 00 00;Участие в инвентаризации ТМЦ;-;00;Непроизводственные;минута;60;RUCH
ОСЦ Новосибирск;Вне подразделений;NO 019 003 00 00;Участие в инвентаризации ТМЦ;-;00;Непроизводственные;минута;60;RUCH
ОСЦ Новосибирск;Архив №1 Новосибирск;NO 019 003 00 00;Участие в инвентаризации ТМЦ;-;00;Непроизводственные;минута;60;RUCH
ОСЦ Самара;Вне подразделений;NO 019 003 00 00;Участие в инвентаризации ТМЦ;-;00;Непроизводственные;минута;60;RUCH
ОСЦ Новосибирск;Архив №3 Екатеринбург;NO 019 003 00 00;Участие в инвентаризации ТМЦ;-;00;Непроизводственные;минута;60;RUCH
ОСЦ Самара;Архив №1 Самара;NO 019 003 00 00;Участие в инвентаризации ТМЦ;-;00;Непроизводственные;минута;60;RUCH
ОСЦ Воронеж;Вне подразделений;NO 020 001 00 00;Мониторинг и  уточнение информации по инцидентам;-;00;Непроизводственные;минута;60;RUCH
ОСЦ Воронеж;Архив №1 Воронеж;NO 020 001 00 00;Мониторинг и  уточнение информации по инцидентам;-;00;Непроизводственные;минута;60;RUCH
ОСЦ Воронеж;Архив №2 Ставрополь;NO 020 001 00 00;Мониторинг и  уточнение информации по инцидентам;-;00;Непроизводственные;минута;60;RUCH
ОСЦ Воронеж;Архив №3 Калининград;NO 020 001 00 00;Мониторинг и  уточнение информации по инцидентам;-;00;Непроизводственные;минута;60;RUCH
ОСЦ Воронеж;Архив №4 Санкт-Петербург;NO 020 001 00 00;Мониторинг и  уточнение информации по инцидентам;-;00;Непроизводственные;минута;60;RUCH
ОСЦ Москва;Вне подразделений;NO 020 001 00 00;Мониторинг и  уточнение информации по инцидентам;-;00;Непроизводственные;минута;60;RUCH
ОСЦ Москва;Архив №1 Томилино;NO 020 001 00 00;Мониторинг и  уточнение информации по инцидентам;-;00;Непроизводственные;минута;60;RUCH
ОСЦ Нижний Новгород;Вне подразделений;NO 020 001 00 00;Мониторинг и  уточнение информации по инцидентам;-;00;Непроизводственные;минута;60;RUCH
ОСЦ Нижний Новгород;Архив №1 Нижний Новгород;NO 020 001 00 00;Мониторинг и  уточнение информации по инцидентам;-;00;Непроизводственные;минута;60;RUCH
ОСЦ Новосибирск;Вне подразделений;NO 020 001 00 00;Мониторинг и  уточнение информации по инцидентам;-;00;Непроизводственные;минута;60;RUCH
ОСЦ Новосибирск;Архив №1 Новосибирск;NO 020 001 00 00;Мониторинг и  уточнение информации по инцидентам;-;00;Непроизводственные;минута;60;RUCH
ОСЦ Самара;Вне подразделений;NO 020 001 00 00;Мониторинг и  уточнение информации по инцидентам;-;00;Непроизводственные;минута;60;RUCH
ОСЦ Новосибирск;Архив №3 Екатеринбург;NO 020 001 00 00;Мониторинг и  уточнение информации по инцидентам;-;00;Непроизводственные;минута;60;RUCH
ОСЦ Самара;Архив №1 Самара;NO 020 001 00 00;Мониторинг и  уточнение информации по инцидентам;-;00;Непроизводственные;минута;60;RUCH
ОСЦ Воронеж;Вне подразделений;NO 022 001 00 00;Проведение экспертизы ценности документов Банка| формирование и согласование Актов о выделении к уничтожению документов и Протоколов ЭК посредством АС СЭОДО членами ЭК СЦА;-;00;Регистрация;минута;60;RUCH
ОСЦ Воронеж;Архив №1 Воронеж;NO 022 001 00 00;Проведение экспертизы ценности документов Банка| формирование и согласование Актов о выделении к уничтожению документов и Протоколов ЭК посредством АС СЭОДО членами ЭК СЦА;-;00;Регистрация;минута;60;RUCH
ОСЦ Воронеж;Архив №3 Калининград;NO 022 001 00 00;Проведение экспертизы ценности документов Банка| формирование и согласование Актов о выделении к уничтожению документов и Протоколов ЭК посредством АС СЭОДО членами ЭК СЦА;-;00;Регистрация;минута;60;RUCH
ОСЦ Воронеж;Архив №4 Санкт-Петербург;NO 022 001 00 00;Проведение экспертизы ценности документов Банка| формирование и согласование Актов о выделении к уничтожению документов и Протоколов ЭК посредством АС СЭОДО членами ЭК СЦА;-;00;Регистрация;минута;60;RUCH
ОСЦ Москва;Вне подразделений;NO 022 001 00 00;Проведение экспертизы ценности документов Банка| формирование и согласование Актов о выделении к уничтожению документов и Протоколов ЭК посредством АС СЭОДО членами ЭК СЦА;-;00;Регистрация;минута;60;RUCH
ОСЦ Москва;Архив №1 Томилино;NO 022 001 00 00;Проведение экспертизы ценности документов Банка| формирование и согласование Актов о выделении к уничтожению документов и Протоколов ЭК посредством АС СЭОДО членами ЭК СЦА;-;00;Регистрация;минута;60;RUCH
ОСЦ Нижний Новгород;Вне подразделений;NO 022 001 00 00;Проведение экспертизы ценности документов Банка| формирование и согласование Актов о выделении к уничтожению документов и Протоколов ЭК посредством АС СЭОДО членами ЭК СЦА;-;00;Регистрация;минута;60;RUCH
ОСЦ Нижний Новгород;Архив №1 Нижний Новгород;NO 022 001 00 00;Проведение экспертизы ценности документов Банка| формирование и согласование Актов о выделении к уничтожению документов и Протоколов ЭК посредством АС СЭОДО членами ЭК СЦА;-;00;Регистрация;минута;60;RUCH
ОСЦ Новосибирск;Вне подразделений;NO 022 001 00 00;Проведение экспертизы ценности документов Банка| формирование и согласование Актов о выделении к уничтожению документов и Протоколов ЭК посредством АС СЭОДО членами ЭК СЦА;-;00;Регистрация;минута;60;RUCH
ОСЦ Новосибирск;Архив №1 Новосибирск;NO 022 001 00 00;Проведение экспертизы ценности документов Банка| формирование и согласование Актов о выделении к уничтожению документов и Протоколов ЭК посредством АС СЭОДО членами ЭК СЦА;-;00;Регистрация;минута;60;RUCH
ОСЦ Самара;Вне подразделений;NO 022 001 00 00;Проведение экспертизы ценности документов Банка| формирование и согласование Актов о выделении к уничтожению документов и Протоколов ЭК посредством АС СЭОДО членами ЭК СЦА;-;00;Регистрация;минута;60;RUCH
ОСЦ Новосибирск;Архив №3 Екатеринбург;NO 022 001 00 00;Проведение экспертизы ценности документов Банка| формирование и согласование Актов о выделении к уничтожению документов и Протоколов ЭК посредством АС СЭОДО членами ЭК СЦА;-;00;Регистрация;минута;60;RUCH
ОСЦ Самара;Архив №1 Самара;NO 022 001 00 00;Проведение экспертизы ценности документов Банка| формирование и согласование Актов о выделении к уничтожению документов и Протоколов ЭК посредством АС СЭОДО членами ЭК СЦА;-;00;Регистрация;минута;60;RUCH
ОСЦ Воронеж;Вне подразделений;NO 023 001 00 00;Составление графиков;-;00;Непроизводственные;минута;60;RUCH
ОСЦ Воронеж;Архив №1 Воронеж;NO 023 001 00 00;Составление графиков;-;00;Непроизводственные;минута;60;RUCH
ОСЦ Воронеж;Архив №2 Ставрополь;NO 023 001 00 00;Составление графиков;-;00;Непроизводственные;минута;60;RUCH
ОСЦ Воронеж;Архив №3 Калининград;NO 023 001 00 00;Составление графиков;-;00;Непроизводственные;минута;60;RUCH
ОСЦ Воронеж;Архив №4 Санкт-Петербург;NO 023 001 00 00;Составление графиков;-;00;Непроизводственные;минута;60;RUCH
ОСЦ Москва;Вне подразделений;NO 023 001 00 00;Составление графиков;-;00;Непроизводственные;минута;60;RUCH
ОСЦ Москва;Архив №1 Томилино;NO 023 001 00 00;Составление графиков;-;00;Непроизводственные;минута;60;RUCH
ОСЦ Нижний Новгород;Вне подразделений;NO 023 001 00 00;Составление графиков;-;00;Непроизводственные;минута;60;RUCH
ОСЦ Нижний Новгород;Архив №1 Нижний Новгород;NO 023 001 00 00;Составление графиков;-;00;Непроизводственные;минута;60;RUCH
ОСЦ Новосибирск;Вне подразделений;NO 023 001 00 00;Составление графиков;-;00;Непроизводственные;минута;60;RUCH
ОСЦ Новосибирск;Архив №1 Новосибирск;NO 023 001 00 00;Составление графиков;-;00;Непроизводственные;минута;60;RUCH
ОСЦ Самара;Вне подразделений;NO 023 001 00 00;Составление графиков;-;00;Непроизводственные;минута;60;RUCH
ОСЦ Новосибирск;Архив №3 Екатеринбург;NO 023 001 00 00;Составление графиков;-;00;Непроизводственные;минута;60;RUCH
ОСЦ Самара;Архив №1 Самара;NO 023 001 00 00;Составление графиков;-;00;Непроизводственные;минута;60;RUCH
ОСЦ Нижний Новгород;Архив №1 Нижний Новгород;NO 025 002 00 00;Прослушивание звонков операторов СПАС для вывления слабых зон оператора + заполнение оценочной формы с криетириями и подробным комментарием (для СЦА г. Н.Новгород);-;00;СПАС;минута;60;RUCH
ОСЦ Нижний Новгород;Архив №1 Нижний Новгород;NO 025 003 00 00;Заполнение/обновление Базы знаний (для СЦА г. Н.Новгород);-;00;СПАС;минута;60;RUCH
ОСЦ Нижний Новгород;Архив №1 Нижний Новгород;NO 025 004 00 00;Составление вопросов теста размещение текста в Базе Знаний (для СЦА г. Н.Новгород);-;00;СПАС;минута;60;RUCH
ОСЦ Нижний Новгород;Архив №1 Нижний Новгород;NO 025 005 00 00;Обновление информации по текущим процерурам и нормативам + добавление новых данных (для СЦА г. Н.Новгород);-;00;СПАС;минута;60;RUCH
ОСЦ Нижний Новгород;Архив №1 Нижний Новгород;NO 025 006 00 00;Проверка выявленных нарушений операторов и т.д. (для СЦА г. Н.Новгород);-;00;СПАС;минута;60;RUCH
ОСЦ Нижний Новгород;Архив №1 Нижний Новгород;NO 025 007 00 00;Обратная связь с ВК по жалобе или отриц.оценке (для СЦА г. Н.Новгород);-;00;СПАС;минута;60;RUCH
ОСЦ Воронеж;Вне подразделений;NO 027 001 00 00;Организация и сопровождение закупок;-;00;Непроизводственные;минута;60;RUCH
ОСЦ Воронеж;Архив №1 Воронеж;NO 027 001 00 00;Организация и сопровождение закупок;-;00;Непроизводственные;минута;60;RUCH
ОСЦ Воронеж;Архив №2 Ставрополь;NO 027 001 00 00;Организация и сопровождение закупок;-;00;Непроизводственные;минута;60;RUCH
ОСЦ Воронеж;Архив №3 Калининград;NO 027 001 00 00;Организация и сопровождение закупок;-;00;Непроизводственные;минута;60;RUCH
ОСЦ Воронеж;Архив №4 Санкт-Петербург;NO 027 001 00 00;Организация и сопровождение закупок;-;00;Непроизводственные;минута;60;RUCH
ОСЦ Москва;Вне подразделений;NO 027 001 00 00;Организация и сопровождение закупок;-;00;Непроизводственные;минута;60;RUCH
ОСЦ Москва;Архив №1 Томилино;NO 027 001 00 00;Организация и сопровождение закупок;-;00;Непроизводственные;минута;60;RUCH
ОСЦ Нижний Новгород;Вне подразделений;NO 027 001 00 00;Организация и сопровождение закупок;-;00;Непроизводственные;минута;60;RUCH
ОСЦ Нижний Новгород;Архив №1 Нижний Новгород;NO 027 001 00 00;Организация и сопровождение закупок;-;00;Непроизводственные;минута;60;RUCH
ОСЦ Новосибирск;Вне подразделений;NO 027 001 00 00;Организация и сопровождение закупок;-;00;Непроизводственные;минута;60;RUCH
ОСЦ Новосибирск;Архив №1 Новосибирск;NO 027 001 00 00;Организация и сопровождение закупок;-;00;Непроизводственные;минута;60;RUCH
ОСЦ Самара;Вне подразделений;NO 027 001 00 00;Организация и сопровождение закупок;-;00;Непроизводственные;минута;60;RUCH
ОСЦ Новосибирск;Архив №3 Екатеринбург;NO 027 001 00 00;Организация и сопровождение закупок;-;00;Непроизводственные;минута;60;RUCH
ОСЦ Самара;Архив №1 Самара;NO 027 001 00 00;Организация и сопровождение закупок;-;00;Непроизводственные;минута;60;RUCH
ОСЦ Воронеж;Вне подразделений;NO 029 001 00 00;Работа со счетами;-;00;Непроизводственные;минута;60;RUCH
ОСЦ Воронеж;Архив №1 Воронеж;NO 029 001 00 00;Работа со счетами;-;00;Непроизводственные;минута;60;RUCH
ОСЦ Воронеж;Архив №2 Ставрополь;NO 029 001 00 00;Работа со счетами;-;00;Непроизводственные;минута;60;RUCH
ОСЦ Воронеж;Архив №3 Калининград;NO 029 001 00 00;Работа со счетами;-;00;Непроизводственные;минута;60;RUCH
ОСЦ Воронеж;Архив №4 Санкт-Петербург;NO 029 001 00 00;Работа со счетами;-;00;Непроизводственные;минута;60;RUCH
ОСЦ Москва;Вне подразделений;NO 029 001 00 00;Работа со счетами;-;00;Непроизводственные;минута;60;RUCH
ОСЦ Москва;Архив №1 Томилино;NO 029 001 00 00;Работа со счетами;-;00;Непроизводственные;минута;60;RUCH
ОСЦ Нижний Новгород;Вне подразделений;NO 029 001 00 00;Работа со счетами;-;00;Непроизводственные;минута;60;RUCH
ОСЦ Нижний Новгород;Архив №1 Нижний Новгород;NO 029 001 00 00;Работа со счетами;-;00;Непроизводственные;минута;60;RUCH
ОСЦ Новосибирск;Вне подразделений;NO 029 001 00 00;Работа со счетами;-;00;Непроизводственные;минута;60;RUCH
ОСЦ Новосибирск;Архив №1 Новосибирск;NO 029 001 00 00;Работа со счетами;-;00;Непроизводственные;минута;60;RUCH
ОСЦ Самара;Вне подразделений;NO 029 001 00 00;Работа со счетами;-;00;Непроизводственные;минута;60;RUCH
ОСЦ Новосибирск;Архив №3 Екатеринбург;NO 029 001 00 00;Работа со счетами;-;00;Непроизводственные;минута;60;RUCH
ОСЦ Самара;Архив №1 Самара;NO 029 001 00 00;Работа со счетами;-;00;Непроизводственные;минута;60;RUCH
ОСЦ Воронеж;Вне подразделений;NO 031 001 00 00;Работа с заявками СберДруг| Курс| САП| САП УВХД и др. ПО;-;00;Непроизводственные;минута;60;RUCH
ОСЦ Воронеж;Архив №1 Воронеж;NO 031 001 00 00;Работа с заявками СберДруг| Курс| САП| САП УВХД и др. ПО;-;00;Непроизводственные;минута;60;RUCH
ОСЦ Воронеж;Архив №2 Ставрополь;NO 031 001 00 00;Работа с заявками СберДруг| Курс| САП| САП УВХД и др. ПО;-;00;Непроизводственные;минута;60;RUCH
ОСЦ Воронеж;Архив №3 Калининград;NO 031 001 00 00;Работа с заявками СберДруг| Курс| САП| САП УВХД и др. ПО;-;00;Непроизводственные;минута;60;RUCH
ОСЦ Воронеж;Архив №4 Санкт-Петербург;NO 031 001 00 00;Работа с заявками СберДруг| Курс| САП| САП УВХД и др. ПО;-;00;Непроизводственные;минута;60;RUCH
ОСЦ Москва;Вне подразделений;NO 031 001 00 00;Работа с заявками СберДруг| Курс| САП| САП УВХД и др. ПО;-;00;Непроизводственные;минута;60;RUCH
ОСЦ Москва;Архив №1 Томилино;NO 031 001 00 00;Работа с заявками СберДруг| Курс| САП| САП УВХД и др. ПО;-;00;Непроизводственные;минута;60;RUCH
ОСЦ Нижний Новгород;Вне подразделений;NO 031 001 00 00;Работа с заявками СберДруг| Курс| САП| САП УВХД и др. ПО;-;00;Непроизводственные;минута;60;RUCH
ОСЦ Нижний Новгород;Архив №1 Нижний Новгород;NO 031 001 00 00;Работа с заявками СберДруг| Курс| САП| САП УВХД и др. ПО;-;00;Непроизводственные;минута;60;RUCH
ОСЦ Новосибирск;Вне подразделений;NO 031 001 00 00;Работа с заявками СберДруг| Курс| САП| САП УВХД и др. ПО;-;00;Непроизводственные;минута;60;RUCH
ОСЦ Новосибирск;Архив №1 Новосибирск;NO 031 001 00 00;Работа с заявками СберДруг| Курс| САП| САП УВХД и др. ПО;-;00;Непроизводственные;минута;60;RUCH
ОСЦ Самара;Вне подразделений;NO 031 001 00 00;Работа с заявками СберДруг| Курс| САП| САП УВХД и др. ПО;-;00;Непроизводственные;минута;60;RUCH
ОСЦ Новосибирск;Архив №3 Екатеринбург;NO 031 001 00 00;Работа с заявками СберДруг| Курс| САП| САП УВХД и др. ПО;-;00;Непроизводственные;минута;60;RUCH
ОСЦ Самара;Архив №1 Самара;NO 031 001 00 00;Работа с заявками СберДруг| Курс| САП| САП УВХД и др. ПО;-;00;Непроизводственные;минута;60;RUCH
ОСЦ Воронеж;Вне подразделений;NO 032 001 00 00;Организация и подготовка обзорных| аналитических и обучающих материалов;-;00;Непроизводственные;минута;60;RUCH
ОСЦ Воронеж;Архив №1 Воронеж;NO 032 001 00 00;Организация и подготовка обзорных| аналитических и обучающих материалов;-;00;Непроизводственные;минута;60;RUCH
ОСЦ Воронеж;Архив №2 Ставрополь;NO 032 001 00 00;Организация и подготовка обзорных| аналитических и обучающих материалов;-;00;Непроизводственные;минута;60;RUCH
ОСЦ Воронеж;Архив №3 Калининград;NO 032 001 00 00;Организация и подготовка обзорных| аналитических и обучающих материалов;-;00;Непроизводственные;минута;60;RUCH
ОСЦ Воронеж;Архив №4 Санкт-Петербург;NO 032 001 00 00;Организация и подготовка обзорных| аналитических и обучающих материалов;-;00;Непроизводственные;минута;60;RUCH
ОСЦ Москва;Вне подразделений;NO 032 001 00 00;Организация и подготовка обзорных| аналитических и обучающих материалов;-;00;Непроизводственные;минута;60;RUCH
ОСЦ Москва;Архив №1 Томилино;NO 032 001 00 00;Организация и подготовка обзорных| аналитических и обучающих материалов;-;00;Непроизводственные;минута;60;RUCH
ОСЦ Нижний Новгород;Вне подразделений;NO 032 001 00 00;Организация и подготовка обзорных| аналитических и обучающих материалов;-;00;Непроизводственные;минута;60;RUCH
ОСЦ Нижний Новгород;Архив №1 Нижний Новгород;NO 032 001 00 00;Организация и подготовка обзорных| аналитических и обучающих материалов;-;00;Непроизводственные;минута;60;RUCH
ОСЦ Новосибирск;Вне подразделений;NO 032 001 00 00;Организация и подготовка обзорных| аналитических и обучающих материалов;-;00;Непроизводственные;минута;60;RUCH
ОСЦ Новосибирск;Архив №1 Новосибирск;NO 032 001 00 00;Организация и подготовка обзорных| аналитических и обучающих материалов;-;00;Непроизводственные;минута;60;RUCH
ОСЦ Самара;Вне подразделений;NO 032 001 00 00;Организация и подготовка обзорных| аналитических и обучающих материалов;-;00;Непроизводственные;минута;60;RUCH
ОСЦ Новосибирск;Архив №3 Екатеринбург;NO 032 001 00 00;Организация и подготовка обзорных| аналитических и обучающих материалов;-;00;Непроизводственные;минута;60;RUCH
ОСЦ Самара;Архив №1 Самара;NO 032 001 00 00;Организация и подготовка обзорных| аналитических и обучающих материалов;-;00;Непроизводственные;минута;60;RUCH
ОСЦ Воронеж;Вне подразделений;NO 024 001 00 00;Осуществление выгрузки /обработки файлов для последующего архивирования и сопровождение документов ФП Архив (НН);-;00;Непроизводственные;минута;60;RUCH
ОСЦ Воронеж;Архив №1 Воронеж;NO 024 001 00 00;Осуществление выгрузки /обработки файлов для последующего архивирования и сопровождение документов ФП Архив (НН);-;00;Непроизводственные;минута;60;RUCH
ОСЦ Воронеж;Архив №2 Ставрополь;NO 024 001 00 00;Осуществление выгрузки /обработки файлов для последующего архивирования и сопровождение документов ФП Архив (НН);-;00;Непроизводственные;минута;60;RUCH
ОСЦ Воронеж;Архив №3 Калининград;NO 024 001 00 00;Осуществление выгрузки /обработки файлов для последующего архивирования и сопровождение документов ФП Архив (НН);-;00;Непроизводственные;минута;60;RUCH
ОСЦ Воронеж;Архив №4 Санкт-Петербург;NO 024 001 00 00;Осуществление выгрузки /обработки файлов для последующего архивирования и сопровождение документов ФП Архив (НН);-;00;Непроизводственные;минута;60;RUCH
ОСЦ Москва;Вне подразделений;NO 024 001 00 00;Осуществление выгрузки /обработки файлов для последующего архивирования и сопровождение документов ФП Архив (НН);-;00;Непроизводственные;минута;60;RUCH
ОСЦ Москва;Архив №1 Томилино;NO 024 001 00 00;Осуществление выгрузки /обработки файлов для последующего архивирования и сопровождение документов ФП Архив (НН);-;00;Непроизводственные;минута;60;RUCH
ОСЦ Нижний Новгород;Вне подразделений;NO 024 001 00 00;Осуществление выгрузки /обработки файлов для последующего архивирования и сопровождение документов ФП Архив (НН);-;00;Непроизводственные;минута;60;RUCH
ОСЦ Нижний Новгород;Архив №1 Нижний Новгород;NO 024 001 00 00;Осуществление выгрузки /обработки файлов для последующего архивирования и сопровождение документов ФП Архив (НН);-;00;Непроизводственные;минута;60;RUCH
ОСЦ Новосибирск;Вне подразделений;NO 024 001 00 00;Осуществление выгрузки /обработки файлов для последующего архивирования и сопровождение документов ФП Архив (НН);-;00;Непроизводственные;минута;60;RUCH
ОСЦ Новосибирск;Архив №1 Новосибирск;NO 024 001 00 00;Осуществление выгрузки /обработки файлов для последующего архивирования и сопровождение документов ФП Архив (НН);-;00;Непроизводственные;минута;60;RUCH
ОСЦ Самара;Вне подразделений;NO 024 001 00 00;Осуществление выгрузки /обработки файлов для последующего архивирования и сопровождение документов ФП Архив (НН);-;00;Непроизводственные;минута;60;RUCH
ОСЦ Новосибирск;Архив №3 Екатеринбург;NO 024 001 00 00;Осуществление выгрузки /обработки файлов для последующего архивирования и сопровождение документов ФП Архив (НН);-;00;Непроизводственные;минута;60;RUCH
ОСЦ Самара;Архив №1 Самара;NO 024 001 00 00;Осуществление выгрузки /обработки файлов для последующего архивирования и сопровождение документов ФП Архив (НН);-;00;Непроизводственные;минута;60;RUCH
ОСЦ Воронеж;Вне подразделений;NO 043 001 00 00;Внесение данных в Кубышку| бюджетирование;-;00;Непроизводственные;минута;60;RUCH
ОСЦ Воронеж;Архив №1 Воронеж;NO 043 001 00 00;Внесение данных в Кубышку| бюджетирование;-;00;Непроизводственные;минута;60;RUCH
ОСЦ Воронеж;Архив №2 Ставрополь;NO 043 001 00 00;Внесение данных в Кубышку| бюджетирование;-;00;Непроизводственные;минута;60;RUCH
ОСЦ Воронеж;Архив №3 Калининград;NO 043 001 00 00;Внесение данных в Кубышку| бюджетирование;-;00;Непроизводственные;минута;60;RUCH
ОСЦ Воронеж;Архив №4 Санкт-Петербург;NO 043 001 00 00;Внесение данных в Кубышку| бюджетирование;-;00;Непроизводственные;минута;60;RUCH
ОСЦ Москва;Вне подразделений;NO 043 001 00 00;Внесение данных в Кубышку| бюджетирование;-;00;Непроизводственные;минута;60;RUCH
ОСЦ Москва;Архив №1 Томилино;NO 043 001 00 00;Внесение данных в Кубышку| бюджетирование;-;00;Непроизводственные;минута;60;RUCH
ОСЦ Нижний Новгород;Вне подразделений;NO 043 001 00 00;Внесение данных в Кубышку| бюджетирование;-;00;Непроизводственные;минута;60;RUCH
ОСЦ Нижний Новгород;Архив №1 Нижний Новгород;NO 043 001 00 00;Внесение данных в Кубышку| бюджетирование;-;00;Непроизводственные;минута;60;RUCH
ОСЦ Новосибирск;Вне подразделений;NO 043 001 00 00;Внесение данных в Кубышку| бюджетирование;-;00;Непроизводственные;минута;60;RUCH
ОСЦ Новосибирск;Архив №1 Новосибирск;NO 043 001 00 00;Внесение данных в Кубышку| бюджетирование;-;00;Непроизводственные;минута;60;RUCH
ОСЦ Самара;Вне подразделений;NO 043 001 00 00;Внесение данных в Кубышку| бюджетирование;-;00;Непроизводственные;минута;60;RUCH
ОСЦ Новосибирск;Архив №3 Екатеринбург;NO 043 001 00 00;Внесение данных в Кубышку| бюджетирование;-;00;Непроизводственные;минута;60;RUCH
ОСЦ Самара;Архив №1 Самара;NO 043 001 00 00;Внесение данных в Кубышку| бюджетирование;-;00;Непроизводственные;минута;60;RUCH
ОСЦ Воронеж;Вне подразделений;NO 044 001 00 00;Заключение/изменение| сопровождение и оплата договоров ДГПХ;-;00;Непроизводственные;минута;60;RUCH
ОСЦ Воронеж;Архив №1 Воронеж;NO 044 001 00 00;Заключение/изменение| сопровождение и оплата договоров ДГПХ;-;00;Непроизводственные;минута;60;RUCH
ОСЦ Воронеж;Архив №2 Ставрополь;NO 044 001 00 00;Заключение/изменение| сопровождение и оплата договоров ДГПХ;-;00;Непроизводственные;минута;60;RUCH
ОСЦ Воронеж;Архив №3 Калининград;NO 044 001 00 00;Заключение/изменение| сопровождение и оплата договоров ДГПХ;-;00;Непроизводственные;минута;60;RUCH
ОСЦ Воронеж;Архив №4 Санкт-Петербург;NO 044 001 00 00;Заключение/изменение| сопровождение и оплата договоров ДГПХ;-;00;Непроизводственные;минута;60;RUCH
ОСЦ Москва;Вне подразделений;NO 044 001 00 00;Заключение/изменение| сопровождение и оплата договоров ДГПХ;-;00;Непроизводственные;минута;60;RUCH
ОСЦ Москва;Архив №1 Томилино;NO 044 001 00 00;Заключение/изменение| сопровождение и оплата договоров ДГПХ;-;00;Непроизводственные;минута;60;RUCH
ОСЦ Нижний Новгород;Вне подразделений;NO 044 001 00 00;Заключение/изменение| сопровождение и оплата договоров ДГПХ;-;00;Непроизводственные;минута;60;RUCH
ОСЦ Нижний Новгород;Архив №1 Нижний Новгород;NO 044 001 00 00;Заключение/изменение| сопровождение и оплата договоров ДГПХ;-;00;Непроизводственные;минута;60;RUCH
ОСЦ Новосибирск;Вне подразделений;NO 044 001 00 00;Заключение/изменение| сопровождение и оплата договоров ДГПХ;-;00;Непроизводственные;минута;60;RUCH
ОСЦ Новосибирск;Архив №1 Новосибирск;NO 044 001 00 00;Заключение/изменение| сопровождение и оплата договоров ДГПХ;-;00;Непроизводственные;минута;60;RUCH
ОСЦ Самара;Вне подразделений;NO 044 001 00 00;Заключение/изменение| сопровождение и оплата договоров ДГПХ;-;00;Непроизводственные;минута;60;RUCH
ОСЦ Новосибирск;Архив №3 Екатеринбург;NO 044 001 00 00;Заключение/изменение| сопровождение и оплата договоров ДГПХ;-;00;Непроизводственные;минута;60;RUCH
ОСЦ Самара;Архив №1 Самара;NO 044 001 00 00;Заключение/изменение| сопровождение и оплата договоров ДГПХ;-;00;Непроизводственные;минута;60;RUCH
ОСЦ Воронеж;Вне подразделений;RR 204 100 00 01;Принято в СОЗ из СЛ LZ ЦАРС для уничтожения;;00;Запросы;;7;RUCH
ОСЦ Воронеж;Архив №1 Воронеж;RR 204 100 00 01;Принято в СОЗ из СЛ LZ ЦАРС для уничтожения;;00;Запросы;;5,769;RUCH
ОСЦ Воронеж;Архив №3 Калининград;RR 204 100 00 01;Принято в СОЗ из СЛ LZ ЦАРС для уничтожения;;00;Запросы;;4,885;RUCH
ОСЦ Воронеж;Архив №4 Санкт-Петербург;RR 204 100 00 01;Принято в СОЗ из СЛ LZ ЦАРС для уничтожения;;00;Запросы;;0;RUCH
ОСЦ Москва;Вне подразделений;RR 204 100 00 01;Принято в СОЗ из СЛ LZ ЦАРС для уничтожения;;00;Запросы;;7;RUCH
ОСЦ Москва;Архив №1 Томилино;RR 204 100 00 01;Принято в СОЗ из СЛ LZ ЦАРС для уничтожения;;00;Запросы;;7;RUCH
ОСЦ Нижний Новгород;Вне подразделений;RR 204 100 00 01;Принято в СОЗ из СЛ LZ ЦАРС для уничтожения;;00;Запросы;;7;RUCH
ОСЦ Нижний Новгород;Архив №1 Нижний Новгород;RR 204 100 00 01;Принято в СОЗ из СЛ LZ ЦАРС для уничтожения;;00;Запросы;;4,79;RUCH
ОСЦ Новосибирск;Вне подразделений;RR 204 100 00 01;Принято в СОЗ из СЛ LZ ЦАРС для уничтожения;;00;Запросы;;7;RUCH
ОСЦ Новосибирск;Архив №1 Новосибирск;RR 204 100 00 01;Принято в СОЗ из СЛ LZ ЦАРС для уничтожения;;00;Запросы;;0;RUCH
ОСЦ Самара;Вне подразделений;RR 204 100 00 01;Принято в СОЗ из СЛ LZ ЦАРС для уничтожения;;00;Запросы;;7;RUCH
ОСЦ Новосибирск;Архив №3 Екатеринбург;RR 204 100 00 01;Принято в СОЗ из СЛ LZ ЦАРС для уничтожения;;00;Запросы;;6;RUCH
ОСЦ Самара;Архив №1 Самара;RR 204 100 00 01;Принято в СОЗ из СЛ LZ ЦАРС для уничтожения;;00;Запросы;;4,659;RUCH
ОСЦ Воронеж;Вне подразделений;SL 007 000 00 00;Назначение исполнителя на наряд| время исполнения наряда;-;00;Логистика;ШК;50;RUCH
ОСЦ Воронеж;Архив №1 Воронеж;SL 007 000 00 00;Назначение исполнителя на наряд| время исполнения наряда;-;00;Логистика;ШК;50;RUCH
ОСЦ Воронеж;Архив №3 Калининград;SL 007 000 00 00;Назначение исполнителя на наряд| время исполнения наряда;-;00;Логистика;ШК;50;RUCH
ОСЦ Воронеж;Архив №4 Санкт-Петербург;SL 007 000 00 00;Назначение исполнителя на наряд| время исполнения наряда;-;00;Логистика;ШК;50;RUCH
ОСЦ Москва;Вне подразделений;SL 007 000 00 00;Назначение исполнителя на наряд| время исполнения наряда;-;00;Логистика;ШК;50;RUCH
ОСЦ Москва;Архив №1 Томилино;SL 007 000 00 00;Назначение исполнителя на наряд| время исполнения наряда;-;00;Логистика;ШК;10;RUCH
ОСЦ Нижний Новгород;Вне подразделений;SL 007 000 00 00;Назначение исполнителя на наряд| время исполнения наряда;-;00;Логистика;ШК;40;RUCH
ОСЦ Нижний Новгород;Архив №1 Нижний Новгород;SL 007 000 00 00;Назначение исполнителя на наряд| время исполнения наряда;-;00;Логистика;ШК;40;RUCH
ОСЦ Новосибирск;Вне подразделений;SL 007 000 00 00;Назначение исполнителя на наряд| время исполнения наряда;-;00;Логистика;ШК;50;RUCH
ОСЦ Новосибирск;Архив №1 Новосибирск;SL 007 000 00 00;Назначение исполнителя на наряд| время исполнения наряда;-;00;Логистика;ШК;36;RUCH
ОСЦ Самара;Вне подразделений;SL 007 000 00 00;Назначение исполнителя на наряд| время исполнения наряда;-;00;Логистика;ШК;50;RUCH
ОСЦ Новосибирск;Архив №3 Екатеринбург;SL 007 000 00 00;Назначение исполнителя на наряд| время исполнения наряда;-;00;Логистика;ШК;50;RUCH
ОСЦ Самара;Архив №1 Самара;SL 007 000 00 00;Назначение исполнителя на наряд| время исполнения наряда;-;00;Логистика;ШК;50;RUCH
ОСЦ Воронеж;Вне подразделений;SL 011 000 00 00;Отработано коробов по запросам МБК| УДБО и др. (пакетная регистрация);-;00;Логистика;АК;274;RUCH
ОСЦ Воронеж;Архив №1 Воронеж;SL 011 000 00 00;Отработано коробов по запросам МБК| УДБО и др. (пакетная регистрация);-;00;Логистика;АК;274;RUCH
ОСЦ Воронеж;Архив №3 Калининград;SL 011 000 00 00;Отработано коробов по запросам МБК| УДБО и др. (пакетная регистрация);-;00;Логистика;АК;274;RUCH
ОСЦ Воронеж;Архив №4 Санкт-Петербург;SL 011 000 00 00;Отработано коробов по запросам МБК| УДБО и др. (пакетная регистрация);-;00;Логистика;АК;274;RUCH
ОСЦ Москва;Вне подразделений;SL 011 000 00 00;Отработано коробов по запросам МБК| УДБО и др. (пакетная регистрация);-;00;Логистика;АК;274;RUCH
ОСЦ Москва;Архив №1 Томилино;SL 011 000 00 00;Отработано коробов по запросам МБК| УДБО и др. (пакетная регистрация);-;00;Логистика;АК;274;RUCH
ОСЦ Нижний Новгород;Вне подразделений;SL 011 000 00 00;Отработано коробов по запросам МБК| УДБО и др. (пакетная регистрация);-;00;Логистика;АК;274;RUCH
ОСЦ Нижний Новгород;Архив №1 Нижний Новгород;SL 011 000 00 00;Отработано коробов по запросам МБК| УДБО и др. (пакетная регистрация);-;00;Логистика;АК;274;RUCH
ОСЦ Новосибирск;Вне подразделений;SL 011 000 00 00;Отработано коробов по запросам МБК| УДБО и др. (пакетная регистрация);-;00;Логистика;АК;274;RUCH
ОСЦ Новосибирск;Архив №1 Новосибирск;SL 011 000 00 00;Отработано коробов по запросам МБК| УДБО и др. (пакетная регистрация);-;00;Логистика;АК;274;RUCH
ОСЦ Самара;Вне подразделений;SL 011 000 00 00;Отработано коробов по запросам МБК| УДБО и др. (пакетная регистрация);-;00;Логистика;АК;274;RUCH
ОСЦ Новосибирск;Архив №3 Екатеринбург;SL 011 000 00 00;Отработано коробов по запросам МБК| УДБО и др. (пакетная регистрация);-;00;Логистика;АК;274;RUCH
ОСЦ Самара;Архив №1 Самара;SL 011 000 00 00;Отработано коробов по запросам МБК| УДБО и др. (пакетная регистрация);-;00;Логистика;АК;274;RUCH
ОСЦ Воронеж;Вне подразделений;SL 013 000 00 00;Перекартонирование поврежденных в ОСГ коробов с укрупненной проверкой содержимого;-;00;Логистика;АК;480;RUCH
ОСЦ Воронеж;Архив №1 Воронеж;SL 013 000 00 00;Перекартонирование поврежденных в ОСГ коробов с укрупненной проверкой содержимого;-;00;Логистика;АК;434,044;RUCH
ОСЦ Воронеж;Архив №3 Калининград;SL 013 000 00 00;Перекартонирование поврежденных в ОСГ коробов с укрупненной проверкой содержимого;-;00;Логистика;АК;480;RUCH
ОСЦ Воронеж;Архив №4 Санкт-Петербург;SL 013 000 00 00;Перекартонирование поврежденных в ОСГ коробов с укрупненной проверкой содержимого;-;00;Логистика;АК;480;RUCH
ОСЦ Москва;Вне подразделений;SL 013 000 00 00;Перекартонирование поврежденных в ОСГ коробов с укрупненной проверкой содержимого;-;00;Логистика;АК;480;RUCH
ОСЦ Москва;Архив №1 Томилино;SL 013 000 00 00;Перекартонирование поврежденных в ОСГ коробов с укрупненной проверкой содержимого;-;00;Логистика;АК;0;RUCH
ОСЦ Нижний Новгород;Вне подразделений;SL 013 000 00 00;Перекартонирование поврежденных в ОСГ коробов с укрупненной проверкой содержимого;-;00;Логистика;АК;480;RUCH
ОСЦ Нижний Новгород;Архив №1 Нижний Новгород;SL 013 000 00 00;Перекартонирование поврежденных в ОСГ коробов с укрупненной проверкой содержимого;-;00;Логистика;АК;437;RUCH
ОСЦ Новосибирск;Вне подразделений;SL 013 000 00 00;Перекартонирование поврежденных в ОСГ коробов с укрупненной проверкой содержимого;-;00;Логистика;АК;480;RUCH
ОСЦ Новосибирск;Архив №1 Новосибирск;SL 013 000 00 00;Перекартонирование поврежденных в ОСГ коробов с укрупненной проверкой содержимого;-;00;Логистика;АК;480;RUCH
ОСЦ Самара;Вне подразделений;SL 013 000 00 00;Перекартонирование поврежденных в ОСГ коробов с укрупненной проверкой содержимого;-;00;Логистика;АК;480;RUCH
ОСЦ Новосибирск;Архив №3 Екатеринбург;SL 013 000 00 00;Перекартонирование поврежденных в ОСГ коробов с укрупненной проверкой содержимого;-;00;Логистика;АК;480;RUCH
ОСЦ Самара;Архив №1 Самара;SL 013 000 00 00;Перекартонирование поврежденных в ОСГ коробов с укрупненной проверкой содержимого;-;00;Логистика;АК;285,089;RUCH
ОСЦ Воронеж;Вне подразделений;SL 014 000 00 00;Перекартонирование полупустых АК;-;00;Логистика;АК;180;RUCH
ОСЦ Воронеж;Архив №1 Воронеж;SL 014 000 00 00;Перекартонирование полупустых АК;-;00;Логистика;АК;162,335;RUCH
ОСЦ Воронеж;Архив №3 Калининград;SL 014 000 00 00;Перекартонирование полупустых АК;-;00;Логистика;АК;170,171;RUCH
ОСЦ Воронеж;Архив №4 Санкт-Петербург;SL 014 000 00 00;Перекартонирование полупустых АК;-;00;Логистика;АК;152,623;RUCH
ОСЦ Москва;Вне подразделений;SL 014 000 00 00;Перекартонирование полупустых АК;-;00;Логистика;АК;180;RUCH
ОСЦ Москва;Архив №1 Томилино;SL 014 000 00 00;Перекартонирование полупустых АК;-;00;Логистика;АК;124,211;RUCH
ОСЦ Нижний Новгород;Вне подразделений;SL 014 000 00 00;Перекартонирование полупустых АК;-;00;Логистика;АК;180;RUCH
ОСЦ Нижний Новгород;Архив №1 Нижний Новгород;SL 014 000 00 00;Перекартонирование полупустых АК;-;00;Логистика;АК;150;RUCH
ОСЦ Новосибирск;Вне подразделений;SL 014 000 00 00;Перекартонирование полупустых АК;-;00;Логистика;АК;180;RUCH
ОСЦ Новосибирск;Архив №1 Новосибирск;SL 014 000 00 00;Перекартонирование полупустых АК;-;00;Логистика;АК;160,182;RUCH
ОСЦ Самара;Вне подразделений;SL 014 000 00 00;Перекартонирование полупустых АК;-;00;Логистика;АК;180;RUCH
ОСЦ Новосибирск;Архив №3 Екатеринбург;SL 014 000 00 00;Перекартонирование полупустых АК;-;00;Логистика;АК;162,001;RUCH
ОСЦ Самара;Архив №1 Самара;SL 014 000 00 00;Перекартонирование полупустых АК;-;00;Логистика;АК;151,037;RUCH
ОСЦ Воронеж;Вне подразделений;SL 109 000 00 00;Подбор АК по Актам на уничтожение документов ЗД (ААХ);-;00;Логистика;АК;0;RUCH
ОСЦ Воронеж;Архив №1 Воронеж;SL 109 000 00 00;Подбор АК по Актам на уничтожение документов ЗД (ААХ);-;00;Логистика;АК;0;RUCH
ОСЦ Воронеж;Вне подразделений;SL 027 000 00 00;Поиск единиц хранения без размещения на хранение   или с неправильным статусом (исправление программных и человеческих ошибок на основании мониторинга отчетов);-;00;Логистика;минута;60;RUCH
ОСЦ Воронеж;Архив №1 Воронеж;SL 027 000 00 00;Поиск единиц хранения без размещения на хранение   или с неправильным статусом (исправление программных и человеческих ошибок на основании мониторинга отчетов);-;00;Логистика;минута;60;RUCH
ОСЦ Воронеж;Архив №3 Калининград;SL 027 000 00 00;Поиск единиц хранения без размещения на хранение   или с неправильным статусом (исправление программных и человеческих ошибок на основании мониторинга отчетов);-;00;Логистика;минута;60;RUCH
ОСЦ Воронеж;Архив №4 Санкт-Петербург;SL 027 000 00 00;Поиск единиц хранения без размещения на хранение   или с неправильным статусом (исправление программных и человеческих ошибок на основании мониторинга отчетов);-;00;Логистика;минута;60;RUCH
ОСЦ Москва;Вне подразделений;SL 027 000 00 00;Поиск единиц хранения без размещения на хранение   или с неправильным статусом (исправление программных и человеческих ошибок на основании мониторинга отчетов);-;00;Логистика;минута;60;RUCH
ОСЦ Москва;Архив №1 Томилино;SL 027 000 00 00;Поиск единиц хранения без размещения на хранение   или с неправильным статусом (исправление программных и человеческих ошибок на основании мониторинга отчетов);-;00;Логистика;минута;60;RUCH
ОСЦ Нижний Новгород;Вне подразделений;SL 027 000 00 00;Поиск единиц хранения без размещения на хранение   или с неправильным статусом (исправление программных и человеческих ошибок на основании мониторинга отчетов);-;00;Логистика;минута;60;RUCH
ОСЦ Нижний Новгород;Архив №1 Нижний Новгород;SL 027 000 00 00;Поиск единиц хранения без размещения на хранение   или с неправильным статусом (исправление программных и человеческих ошибок на основании мониторинга отчетов);-;00;Логистика;минута;60;RUCH
ОСЦ Новосибирск;Вне подразделений;SL 027 000 00 00;Поиск единиц хранения без размещения на хранение   или с неправильным статусом (исправление программных и человеческих ошибок на основании мониторинга отчетов);-;00;Логистика;минута;60;RUCH
ОСЦ Новосибирск;Архив №1 Новосибирск;SL 027 000 00 00;Поиск единиц хранения без размещения на хранение   или с неправильным статусом (исправление программных и человеческих ошибок на основании мониторинга отчетов);-;00;Логистика;минута;60;RUCH
ОСЦ Самара;Вне подразделений;SL 027 000 00 00;Поиск единиц хранения без размещения на хранение   или с неправильным статусом (исправление программных и человеческих ошибок на основании мониторинга отчетов);-;00;Логистика;минута;60;RUCH
ОСЦ Новосибирск;Архив №3 Екатеринбург;SL 027 000 00 00;Поиск единиц хранения без размещения на хранение   или с неправильным статусом (исправление программных и человеческих ошибок на основании мониторинга отчетов);-;00;Логистика;минута;60;RUCH
ОСЦ Самара;Архив №1 Самара;SL 027 000 00 00;Поиск единиц хранения без размещения на хранение   или с неправильным статусом (исправление программных и человеческих ошибок на основании мониторинга отчетов);-;00;Логистика;минута;60;RUCH
ОСЦ Воронеж;Вне подразделений;SL 077 000 00 00;Перекартонирование поврежденных архивных коробов;-;00;Логистика;АК;72;RUCH
ОСЦ Воронеж;Архив №1 Воронеж;SL 077 000 00 00;Перекартонирование поврежденных архивных коробов;-;00;Логистика;АК;0;RUCH
ОСЦ Воронеж;Архив №3 Калининград;SL 077 000 00 00;Перекартонирование поврежденных архивных коробов;-;00;Логистика;АК;72;RUCH
ОСЦ Воронеж;Архив №4 Санкт-Петербург;SL 077 000 00 00;Перекартонирование поврежденных архивных коробов;-;00;Логистика;АК;64,561;RUCH
ОСЦ Москва;Вне подразделений;SL 077 000 00 00;Перекартонирование поврежденных архивных коробов;-;00;Логистика;АК;72;RUCH
ОСЦ Москва;Архив №1 Томилино;SL 077 000 00 00;Перекартонирование поврежденных архивных коробов;-;00;Логистика;АК;62,2;RUCH
ОСЦ Нижний Новгород;Вне подразделений;SL 077 000 00 00;Перекартонирование поврежденных архивных коробов;-;00;Логистика;АК;72;RUCH
ОСЦ Нижний Новгород;Архив №1 Нижний Новгород;SL 077 000 00 00;Перекартонирование поврежденных архивных коробов;-;00;Логистика;АК;72;RUCH
ОСЦ Новосибирск;Вне подразделений;SL 077 000 00 00;Перекартонирование поврежденных архивных коробов;-;00;Логистика;АК;72;RUCH
ОСЦ Новосибирск;Архив №1 Новосибирск;SL 077 000 00 00;Перекартонирование поврежденных архивных коробов;-;00;Логистика;АК;60,932;RUCH
ОСЦ Самара;Вне подразделений;SL 077 000 00 00;Перекартонирование поврежденных архивных коробов;-;00;Логистика;АК;72;RUCH
ОСЦ Новосибирск;Архив №3 Екатеринбург;SL 077 000 00 00;Перекартонирование поврежденных архивных коробов;-;00;Логистика;АК;72;RUCH
ОСЦ Самара;Архив №1 Самара;SL 077 000 00 00;Перекартонирование поврежденных архивных коробов;-;00;Логистика;АК;72;RUCH
ОСЦ Воронеж;Вне подразделений;SL 080 000 00 00;Прием/ отправка/ сопровождение машин (уничтожение| НПФ)/ перемещение сотрудника между площадками| в минутах;-;00;Логистика;минута;60;RUCH
ОСЦ Воронеж;Архив №1 Воронеж;SL 080 000 00 00;Прием/ отправка/ сопровождение машин (уничтожение| НПФ)/ перемещение сотрудника между площадками| в минутах;-;00;Логистика;минута;60;RUCH
ОСЦ Воронеж;Архив №3 Калининград;SL 080 000 00 00;Прием/ отправка/ сопровождение машин (уничтожение| НПФ)/ перемещение сотрудника между площадками| в минутах;-;00;Логистика;минута;60;RUCH
ОСЦ Воронеж;Архив №4 Санкт-Петербург;SL 080 000 00 00;Прием/ отправка/ сопровождение машин (уничтожение| НПФ)/ перемещение сотрудника между площадками| в минутах;-;00;Логистика;минута;60;RUCH
ОСЦ Москва;Вне подразделений;SL 080 000 00 00;Прием/ отправка/ сопровождение машин (уничтожение| НПФ)/ перемещение сотрудника между площадками| в минутах;-;00;Логистика;минута;60;RUCH
ОСЦ Москва;Архив №1 Томилино;SL 080 000 00 00;Прием/ отправка/ сопровождение машин (уничтожение| НПФ)/ перемещение сотрудника между площадками| в минутах;-;00;Логистика;минута;60;RUCH
ОСЦ Нижний Новгород;Вне подразделений;SL 080 000 00 00;Прием/ отправка/ сопровождение машин (уничтожение| НПФ)/ перемещение сотрудника между площадками| в минутах;-;00;Логистика;минута;60;RUCH
ОСЦ Нижний Новгород;Архив №1 Нижний Новгород;SL 080 000 00 00;Прием/ отправка/ сопровождение машин (уничтожение| НПФ)/ перемещение сотрудника между площадками| в минутах;-;00;Логистика;минута;60;RUCH
ОСЦ Новосибирск;Вне подразделений;SL 080 000 00 00;Прием/ отправка/ сопровождение машин (уничтожение| НПФ)/ перемещение сотрудника между площадками| в минутах;-;00;Логистика;минута;60;RUCH
ОСЦ Новосибирск;Архив №1 Новосибирск;SL 080 000 00 00;Прием/ отправка/ сопровождение машин (уничтожение| НПФ)/ перемещение сотрудника между площадками| в минутах;-;00;Логистика;минута;60;RUCH
ОСЦ Самара;Вне подразделений;SL 080 000 00 00;Прием/ отправка/ сопровождение машин (уничтожение| НПФ)/ перемещение сотрудника между площадками| в минутах;-;00;Логистика;минута;60;RUCH
ОСЦ Новосибирск;Архив №3 Екатеринбург;SL 080 000 00 00;Прием/ отправка/ сопровождение машин (уничтожение| НПФ)/ перемещение сотрудника между площадками| в минутах;-;00;Логистика;минута;60;RUCH
ОСЦ Самара;Архив №1 Самара;SL 080 000 00 00;Прием/ отправка/ сопровождение машин (уничтожение| НПФ)/ перемещение сотрудника между площадками| в минутах;-;00;Логистика;минута;60;RUCH
ОСЦ Воронеж;Вне подразделений;SL 086 000 00 00;Подбор документов (завещательные распоряжения и военные пенсии) не зарегистрированный фонд;-;00;Логистика;документ;822,857;RUCH
ОСЦ Воронеж;Архив №1 Воронеж;SL 086 000 00 00;Подбор документов (завещательные распоряжения и военные пенсии) не зарегистрированный фонд;-;00;Логистика;документ;822,857;RUCH
ОСЦ Воронеж;Архив №3 Калининград;SL 086 000 00 00;Подбор документов (завещательные распоряжения и военные пенсии) не зарегистрированный фонд;-;00;Логистика;документ;780;RUCH
ОСЦ Воронеж;Архив №4 Санкт-Петербург;SL 086 000 00 00;Подбор документов (завещательные распоряжения и военные пенсии) не зарегистрированный фонд;-;00;Логистика;документ;822,857;RUCH
ОСЦ Москва;Вне подразделений;SL 086 000 00 00;Подбор документов (завещательные распоряжения и военные пенсии) не зарегистрированный фонд;-;00;Логистика;документ;822,857;RUCH
ОСЦ Москва;Архив №1 Томилино;SL 086 000 00 00;Подбор документов (завещательные распоряжения и военные пенсии) не зарегистрированный фонд;-;00;Логистика;документ;420;RUCH
ОСЦ Нижний Новгород;Вне подразделений;SL 086 000 00 00;Подбор документов (завещательные распоряжения и военные пенсии) не зарегистрированный фонд;-;00;Логистика;документ;822,857;RUCH
ОСЦ Нижний Новгород;Архив №1 Нижний Новгород;SL 086 000 00 00;Подбор документов (завещательные распоряжения и военные пенсии) не зарегистрированный фонд;-;00;Логистика;документ;822,857;RUCH
ОСЦ Новосибирск;Вне подразделений;SL 086 000 00 00;Подбор документов (завещательные распоряжения и военные пенсии) не зарегистрированный фонд;-;00;Логистика;документ;822,857;RUCH
ОСЦ Новосибирск;Архив №1 Новосибирск;SL 086 000 00 00;Подбор документов (завещательные распоряжения и военные пенсии) не зарегистрированный фонд;-;00;Логистика;документ;822,857;RUCH
ОСЦ Самара;Вне подразделений;SL 086 000 00 00;Подбор документов (завещательные распоряжения и военные пенсии) не зарегистрированный фонд;-;00;Логистика;документ;822,857;RUCH
ОСЦ Новосибирск;Архив №3 Екатеринбург;SL 086 000 00 00;Подбор документов (завещательные распоряжения и военные пенсии) не зарегистрированный фонд;-;00;Логистика;документ;822,857;RUCH
ОСЦ Самара;Архив №1 Самара;SL 086 000 00 00;Подбор документов (завещательные распоряжения и военные пенсии) не зарегистрированный фонд;-;00;Логистика;документ;822,857;RUCH
ОСЦ Воронеж;Вне подразделений;SL 092 000 00 00;Поиск необходимого АК в партии для аутсорсинговой площадки ОСГ;-;00;Логистика;АК;48;RUCH
ОСЦ Воронеж;Архив №1 Воронеж;SL 092 000 00 00;Поиск необходимого АК в партии для аутсорсинговой площадки ОСГ;-;00;Логистика;АК;48;RUCH
ОСЦ Воронеж;Архив №3 Калининград;SL 092 000 00 00;Поиск необходимого АК в партии для аутсорсинговой площадки ОСГ;-;00;Логистика;АК;48;RUCH
ОСЦ Воронеж;Архив №4 Санкт-Петербург;SL 092 000 00 00;Поиск необходимого АК в партии для аутсорсинговой площадки ОСГ;-;00;Логистика;АК;48;RUCH
ОСЦ Москва;Вне подразделений;SL 092 000 00 00;Поиск необходимого АК в партии для аутсорсинговой площадки ОСГ;-;00;Логистика;АК;48;RUCH
ОСЦ Москва;Архив №1 Томилино;SL 092 000 00 00;Поиск необходимого АК в партии для аутсорсинговой площадки ОСГ;-;00;Логистика;АК;0;RUCH
ОСЦ Нижний Новгород;Вне подразделений;SL 092 000 00 00;Поиск необходимого АК в партии для аутсорсинговой площадки ОСГ;-;00;Логистика;АК;48;RUCH
ОСЦ Нижний Новгород;Архив №1 Нижний Новгород;SL 092 000 00 00;Поиск необходимого АК в партии для аутсорсинговой площадки ОСГ;-;00;Логистика;АК;48;RUCH
ОСЦ Новосибирск;Вне подразделений;SL 092 000 00 00;Поиск необходимого АК в партии для аутсорсинговой площадки ОСГ;-;00;Логистика;АК;48;RUCH
ОСЦ Новосибирск;Архив №1 Новосибирск;SL 092 000 00 00;Поиск необходимого АК в партии для аутсорсинговой площадки ОСГ;-;00;Логистика;АК;48;RUCH
ОСЦ Самара;Вне подразделений;SL 092 000 00 00;Поиск необходимого АК в партии для аутсорсинговой площадки ОСГ;-;00;Логистика;АК;48;RUCH
ОСЦ Новосибирск;Архив №3 Екатеринбург;SL 092 000 00 00;Поиск необходимого АК в партии для аутсорсинговой площадки ОСГ;-;00;Логистика;АК;48;RUCH
ОСЦ Самара;Архив №1 Самара;SL 092 000 00 00;Поиск необходимого АК в партии для аутсорсинговой площадки ОСГ;-;00;Логистика;АК;48;RUCH
ОСЦ Воронеж;Вне подразделений;SL 095 000 00 00;Перекартонирование архивных коробов типа АК2 в АК1 ДВА без уплотнения/типа АК2 в АК3;-;00;Логистика;АК;288;RUCH
ОСЦ Воронеж;Архив №1 Воронеж;SL 095 000 00 00;Перекартонирование архивных коробов типа АК2 в АК1 ДВА без уплотнения/типа АК2 в АК3;-;00;Логистика;АК;0;RUCH
ОСЦ Воронеж;Архив №3 Калининград;SL 095 000 00 00;Перекартонирование архивных коробов типа АК2 в АК1 ДВА без уплотнения/типа АК2 в АК3;-;00;Логистика;АК;288;RUCH
ОСЦ Воронеж;Архив №4 Санкт-Петербург;SL 095 000 00 00;Перекартонирование архивных коробов типа АК2 в АК1 ДВА без уплотнения/типа АК2 в АК3;-;00;Логистика;АК;288;RUCH
ОСЦ Москва;Вне подразделений;SL 095 000 00 00;Перекартонирование архивных коробов типа АК2 в АК1 ДВА без уплотнения/типа АК2 в АК3;-;00;Логистика;АК;288;RUCH
ОСЦ Москва;Архив №1 Томилино;SL 095 000 00 00;Перекартонирование архивных коробов типа АК2 в АК1 ДВА без уплотнения/типа АК2 в АК3;-;00;Логистика;АК;288;RUCH
ОСЦ Нижний Новгород;Вне подразделений;SL 095 000 00 00;Перекартонирование архивных коробов типа АК2 в АК1 ДВА без уплотнения/типа АК2 в АК3;-;00;Логистика;АК;288;RUCH
ОСЦ Нижний Новгород;Архив №1 Нижний Новгород;SL 095 000 00 00;Перекартонирование архивных коробов типа АК2 в АК1 ДВА без уплотнения/типа АК2 в АК3;-;00;Логистика;АК;288;RUCH
ОСЦ Новосибирск;Вне подразделений;SL 095 000 00 00;Перекартонирование архивных коробов типа АК2 в АК1 ДВА без уплотнения/типа АК2 в АК3;-;00;Логистика;АК;288;RUCH
ОСЦ Новосибирск;Архив №1 Новосибирск;SL 095 000 00 00;Перекартонирование архивных коробов типа АК2 в АК1 ДВА без уплотнения/типа АК2 в АК3;-;00;Логистика;АК;288;RUCH
ОСЦ Самара;Вне подразделений;SL 095 000 00 00;Перекартонирование архивных коробов типа АК2 в АК1 ДВА без уплотнения/типа АК2 в АК3;-;00;Логистика;АК;288;RUCH
ОСЦ Новосибирск;Архив №3 Екатеринбург;SL 095 000 00 00;Перекартонирование архивных коробов типа АК2 в АК1 ДВА без уплотнения/типа АК2 в АК3;-;00;Логистика;АК;288;RUCH
ОСЦ Самара;Архив №1 Самара;SL 095 000 00 00;Перекартонирование архивных коробов типа АК2 в АК1 ДВА без уплотнения/типа АК2 в АК3;-;00;Логистика;АК;288;RUCH
ОСЦ Воронеж;Вне подразделений;SL 096 000 00 00;Сборка АК/ФК;-;00;Логистика;АК/ФК;12;RUCH
ОСЦ Воронеж;Архив №1 Воронеж;SL 096 000 00 00;Сборка АК/ФК;-;00;Логистика;АК/ФК;12;RUCH
ОСЦ Воронеж;Архив №3 Калининград;SL 096 000 00 00;Сборка АК/ФК;-;00;Логистика;АК/ФК;12;RUCH
ОСЦ Воронеж;Архив №4 Санкт-Петербург;SL 096 000 00 00;Сборка АК/ФК;-;00;Логистика;АК/ФК;12;RUCH
ОСЦ Москва;Вне подразделений;SL 096 000 00 00;Сборка АК/ФК;-;00;Логистика;АК/ФК;12;RUCH
ОСЦ Москва;Архив №1 Томилино;SL 096 000 00 00;Сборка АК/ФК;-;00;Логистика;АК/ФК;12;RUCH
ОСЦ Нижний Новгород;Вне подразделений;SL 096 000 00 00;Сборка АК/ФК;-;00;Логистика;АК/ФК;12;RUCH
ОСЦ Нижний Новгород;Архив №1 Нижний Новгород;SL 096 000 00 00;Сборка АК/ФК;-;00;Логистика;АК/ФК;12;RUCH
ОСЦ Новосибирск;Вне подразделений;SL 096 000 00 00;Сборка АК/ФК;-;00;Логистика;АК/ФК;12;RUCH
ОСЦ Новосибирск;Архив №1 Новосибирск;SL 096 000 00 00;Сборка АК/ФК;-;00;Логистика;АК/ФК;12;RUCH
ОСЦ Самара;Вне подразделений;SL 096 000 00 00;Сборка АК/ФК;-;00;Логистика;АК/ФК;12;RUCH
ОСЦ Новосибирск;Архив №3 Екатеринбург;SL 096 000 00 00;Сборка АК/ФК;-;00;Логистика;АК/ФК;12;RUCH
ОСЦ Самара;Архив №1 Самара;SL 096 000 00 00;Сборка АК/ФК;-;00;Логистика;АК/ФК;12;RUCH
ОСЦ Воронеж;Вне подразделений;SL 098 000 00 00;Замена повреждённого короба при мезонином хранении;-;00;Логистика;АК;75;RUCH
ОСЦ Воронеж;Архив №1 Воронеж;SL 098 000 00 00;Замена повреждённого короба при мезонином хранении;-;00;Логистика;АК;75;RUCH
ОСЦ Воронеж;Архив №3 Калининград;SL 098 000 00 00;Замена повреждённого короба при мезонином хранении;-;00;Логистика;АК;75;RUCH
ОСЦ Воронеж;Архив №4 Санкт-Петербург;SL 098 000 00 00;Замена повреждённого короба при мезонином хранении;-;00;Логистика;АК;75;RUCH
ОСЦ Москва;Вне подразделений;SL 098 000 00 00;Замена повреждённого короба при мезонином хранении;-;00;Логистика;АК;75;RUCH
ОСЦ Москва;Архив №1 Томилино;SL 098 000 00 00;Замена повреждённого короба при мезонином хранении;-;00;Логистика;АК;75;RUCH
ОСЦ Нижний Новгород;Вне подразделений;SL 098 000 00 00;Замена повреждённого короба при мезонином хранении;-;00;Логистика;АК;75;RUCH
ОСЦ Нижний Новгород;Архив №1 Нижний Новгород;SL 098 000 00 00;Замена повреждённого короба при мезонином хранении;-;00;Логистика;АК;0;RUCH
ОСЦ Новосибирск;Вне подразделений;SL 098 000 00 00;Замена повреждённого короба при мезонином хранении;-;00;Логистика;АК;75;RUCH
ОСЦ Новосибирск;Архив №1 Новосибирск;SL 098 000 00 00;Замена повреждённого короба при мезонином хранении;-;00;Логистика;АК;75;RUCH
ОСЦ Самара;Вне подразделений;SL 098 000 00 00;Замена повреждённого короба при мезонином хранении;-;00;Логистика;АК;75;RUCH
ОСЦ Новосибирск;Архив №3 Екатеринбург;SL 098 000 00 00;Замена повреждённого короба при мезонином хранении;-;00;Логистика;АК;75;RUCH
ОСЦ Самара;Архив №1 Самара;SL 098 000 00 00;Замена повреждённого короба при мезонином хранении;-;00;Логистика;АК;0;RUCH
ОСЦ Воронеж;Вне подразделений;SR 001 000 00 00;КОД ЮЛ_Верификакация прочих документов КОД;-;00;Регистрация;Документ;145;RUCH
ОСЦ Воронеж;Архив №1 Воронеж;SR 001 000 00 00;КОД ЮЛ_Верификакация прочих документов КОД;-;00;Регистрация;Документ;130,105;RUCH
ОСЦ Воронеж;Архив №3 Калининград;SR 001 000 00 00;КОД ЮЛ_Верификакация прочих документов КОД;-;00;Регистрация;Документ;145;RUCH
ОСЦ Воронеж;Архив №4 Санкт-Петербург;SR 001 000 00 00;КОД ЮЛ_Верификакация прочих документов КОД;-;00;Регистрация;Документ;131,064;RUCH
ОСЦ Москва;Вне подразделений;SR 001 000 00 00;КОД ЮЛ_Верификакация прочих документов КОД;-;00;Регистрация;Документ;145;RUCH
ОСЦ Москва;Архив №1 Томилино;SR 001 000 00 00;КОД ЮЛ_Верификакация прочих документов КОД;-;00;Регистрация;Документ;118,012;RUCH
ОСЦ Нижний Новгород;Вне подразделений;SR 001 000 00 00;КОД ЮЛ_Верификакация прочих документов КОД;-;00;Регистрация;Документ;145;RUCH
ОСЦ Нижний Новгород;Архив №1 Нижний Новгород;SR 001 000 00 00;КОД ЮЛ_Верификакация прочих документов КОД;-;00;Регистрация;Документ;130;RUCH
ОСЦ Новосибирск;Вне подразделений;SR 001 000 00 00;КОД ЮЛ_Верификакация прочих документов КОД;-;00;Регистрация;Документ;145;RUCH
ОСЦ Новосибирск;Архив №1 Новосибирск;SR 001 000 00 00;КОД ЮЛ_Верификакация прочих документов КОД;-;00;Регистрация;Документ;123,467;RUCH
ОСЦ Самара;Вне подразделений;SR 001 000 00 00;КОД ЮЛ_Верификакация прочих документов КОД;-;00;Регистрация;Документ;145;RUCH
ОСЦ Новосибирск;Архив №3 Екатеринбург;SR 001 000 00 00;КОД ЮЛ_Верификакация прочих документов КОД;-;00;Регистрация;Документ;129,167;RUCH
ОСЦ Самара;Архив №1 Самара;SR 001 000 00 00;КОД ЮЛ_Верификакация прочих документов КОД;-;00;Регистрация;Документ;130,596;RUCH
ОСЦ Воронеж;Вне подразделений;SR 004 000 00 00;КОД ЮЛ_Верификация досылов документов оригиналов КОД;-;00;Регистрация;Документ;205;RUCH
ОСЦ Воронеж;Архив №1 Воронеж;SR 004 000 00 00;КОД ЮЛ_Верификация досылов документов оригиналов КОД;-;00;Регистрация;Документ;185;RUCH
ОСЦ Воронеж;Архив №3 Калининград;SR 004 000 00 00;КОД ЮЛ_Верификация досылов документов оригиналов КОД;-;00;Регистрация;Документ;205;RUCH
ОСЦ Воронеж;Архив №4 Санкт-Петербург;SR 004 000 00 00;КОД ЮЛ_Верификация досылов документов оригиналов КОД;-;00;Регистрация;Документ;184,069;RUCH
ОСЦ Москва;Вне подразделений;SR 004 000 00 00;КОД ЮЛ_Верификация досылов документов оригиналов КОД;-;00;Регистрация;Документ;205;RUCH
ОСЦ Москва;Архив №1 Томилино;SR 004 000 00 00;КОД ЮЛ_Верификация досылов документов оригиналов КОД;-;00;Регистрация;Документ;173,42;RUCH
ОСЦ Нижний Новгород;Вне подразделений;SR 004 000 00 00;КОД ЮЛ_Верификация досылов документов оригиналов КОД;-;00;Регистрация;Документ;205;RUCH
ОСЦ Нижний Новгород;Архив №1 Нижний Новгород;SR 004 000 00 00;КОД ЮЛ_Верификация досылов документов оригиналов КОД;-;00;Регистрация;Документ;186;RUCH
ОСЦ Новосибирск;Вне подразделений;SR 004 000 00 00;КОД ЮЛ_Верификация досылов документов оригиналов КОД;-;00;Регистрация;Документ;205;RUCH
ОСЦ Новосибирск;Архив №1 Новосибирск;SR 004 000 00 00;КОД ЮЛ_Верификация досылов документов оригиналов КОД;-;00;Регистрация;Документ;178,967;RUCH
ОСЦ Самара;Вне подразделений;SR 004 000 00 00;КОД ЮЛ_Верификация досылов документов оригиналов КОД;-;00;Регистрация;Документ;205;RUCH
ОСЦ Новосибирск;Архив №3 Екатеринбург;SR 004 000 00 00;КОД ЮЛ_Верификация досылов документов оригиналов КОД;-;00;Регистрация;Документ;180,533;RUCH
ОСЦ Самара;Архив №1 Самара;SR 004 000 00 00;КОД ЮЛ_Верификация досылов документов оригиналов КОД;-;00;Регистрация;Документ;170,221;RUCH
ОСЦ Воронеж;Вне подразделений;SR 046 000 00 00;Сопровождение наемного персонала/перемещение коробов/палет в минутах;-;00;Регистрация;Минута;60;RUCH
ОСЦ Воронеж;Архив №1 Воронеж;SR 046 000 00 00;Сопровождение наемного персонала/перемещение коробов/палет в минутах;-;00;Регистрация;Минута;60;RUCH
ОСЦ Воронеж;Архив №3 Калининград;SR 046 000 00 00;Сопровождение наемного персонала/перемещение коробов/палет в минутах;-;00;Регистрация;Минута;60;RUCH
ОСЦ Воронеж;Архив №4 Санкт-Петербург;SR 046 000 00 00;Сопровождение наемного персонала/перемещение коробов/палет в минутах;-;00;Регистрация;Минута;60;RUCH
ОСЦ Москва;Вне подразделений;SR 046 000 00 00;Сопровождение наемного персонала/перемещение коробов/палет в минутах;-;00;Регистрация;Минута;60;RUCH
ОСЦ Москва;Архив №1 Томилино;SR 046 000 00 00;Сопровождение наемного персонала/перемещение коробов/палет в минутах;-;00;Регистрация;Минута;60;RUCH
ОСЦ Нижний Новгород;Вне подразделений;SR 046 000 00 00;Сопровождение наемного персонала/перемещение коробов/палет в минутах;-;00;Регистрация;Минута;60;RUCH
ОСЦ Нижний Новгород;Архив №1 Нижний Новгород;SR 046 000 00 00;Сопровождение наемного персонала/перемещение коробов/палет в минутах;-;00;Регистрация;Минута;60;RUCH
ОСЦ Новосибирск;Вне подразделений;SR 046 000 00 00;Сопровождение наемного персонала/перемещение коробов/палет в минутах;-;00;Регистрация;Минута;60;RUCH
ОСЦ Новосибирск;Архив №1 Новосибирск;SR 046 000 00 00;Сопровождение наемного персонала/перемещение коробов/палет в минутах;-;00;Регистрация;Минута;60;RUCH
ОСЦ Самара;Вне подразделений;SR 046 000 00 00;Сопровождение наемного персонала/перемещение коробов/палет в минутах;-;00;Регистрация;Минута;60;RUCH
ОСЦ Новосибирск;Архив №3 Екатеринбург;SR 046 000 00 00;Сопровождение наемного персонала/перемещение коробов/палет в минутах;-;00;Регистрация;Минута;60;RUCH
ОСЦ Самара;Архив №1 Самара;SR 046 000 00 00;Сопровождение наемного персонала/перемещение коробов/палет в минутах;-;00;Регистрация;Минута;60;RUCH
ОСЦ Воронеж;Вне подразделений;SL 038 000 00 00;Сверка реестра в WPM;-;00;Логистика;АК;10;RUCH
ОСЦ Воронеж;Архив №1 Воронеж;SL 038 000 00 00;Сверка реестра в WPM;-;00;Логистика;АК;0;RUCH
ОСЦ Воронеж;Архив №3 Калининград;SL 038 000 00 00;Сверка реестра в WPM;-;00;Логистика;АК;10;RUCH
ОСЦ Воронеж;Архив №4 Санкт-Петербург;SL 038 000 00 00;Сверка реестра в WPM;-;00;Логистика;АК;10;RUCH
ОСЦ Москва;Вне подразделений;SL 038 000 00 00;Сверка реестра в WPM;-;00;Логистика;АК;10;RUCH
ОСЦ Москва;Архив №1 Томилино;SL 038 000 00 00;Сверка реестра в WPM;-;00;Логистика;АК;10;RUCH
ОСЦ Нижний Новгород;Вне подразделений;SL 038 000 00 00;Сверка реестра в WPM;-;00;Логистика;АК;10;RUCH
ОСЦ Нижний Новгород;Архив №1 Нижний Новгород;SL 038 000 00 00;Сверка реестра в WPM;-;00;Логистика;АК;10;RUCH
ОСЦ Новосибирск;Вне подразделений;SL 038 000 00 00;Сверка реестра в WPM;-;00;Логистика;АК;10;RUCH
ОСЦ Новосибирск;Архив №1 Новосибирск;SL 038 000 00 00;Сверка реестра в WPM;-;00;Логистика;АК;10;RUCH
ОСЦ Самара;Вне подразделений;SL 038 000 00 00;Сверка реестра в WPM;-;00;Логистика;АК;10;RUCH
ОСЦ Новосибирск;Архив №3 Екатеринбург;SL 038 000 00 00;Сверка реестра в WPM;-;00;Логистика;АК;10;RUCH
ОСЦ Самара;Архив №1 Самара;SL 038 000 00 00;Сверка реестра в WPM;-;00;Логистика;АК;10;RUCH
ОСЦ Воронеж;Вне подразделений;SL 046 000 00 00;Установка АК на пустой трей;-;00;Логистика;АК;21;RUCH
ОСЦ Воронеж;Архив №1 Воронеж;SL 046 000 00 00;Установка АК на пустой трей;-;00;Логистика;АК;0;RUCH
ОСЦ Воронеж;Архив №3 Калининград;SL 046 000 00 00;Установка АК на пустой трей;-;00;Логистика;АК;21;RUCH
ОСЦ Воронеж;Архив №4 Санкт-Петербург;SL 046 000 00 00;Установка АК на пустой трей;-;00;Логистика;АК;21;RUCH
ОСЦ Москва;Вне подразделений;SL 046 000 00 00;Установка АК на пустой трей;-;00;Логистика;АК;21;RUCH
ОСЦ Москва;Архив №1 Томилино;SL 046 000 00 00;Установка АК на пустой трей;-;00;Логистика;АК;21;RUCH
ОСЦ Нижний Новгород;Вне подразделений;SL 046 000 00 00;Установка АК на пустой трей;-;00;Логистика;АК;21;RUCH
ОСЦ Нижний Новгород;Архив №1 Нижний Новгород;SL 046 000 00 00;Установка АК на пустой трей;-;00;Логистика;АК;21;RUCH
ОСЦ Новосибирск;Вне подразделений;SL 046 000 00 00;Установка АК на пустой трей;-;00;Логистика;АК;21;RUCH
ОСЦ Новосибирск;Архив №1 Новосибирск;SL 046 000 00 00;Установка АК на пустой трей;-;00;Логистика;АК;21;RUCH
ОСЦ Самара;Вне подразделений;SL 046 000 00 00;Установка АК на пустой трей;-;00;Логистика;АК;21;RUCH
ОСЦ Новосибирск;Архив №3 Екатеринбург;SL 046 000 00 00;Установка АК на пустой трей;-;00;Логистика;АК;21;RUCH
ОСЦ Самара;Архив №1 Самара;SL 046 000 00 00;Установка АК на пустой трей;-;00;Логистика;АК;21;RUCH
ОСЦ Воронеж;Вне подразделений;SL 053 000 00 00;Изъято / Размещено из/в АЛЦ коробов по запросам;-;00;Логистика;АК;29;RUCH
ОСЦ Воронеж;Архив №1 Воронеж;SL 053 000 00 00;Изъято / Размещено из/в АЛЦ коробов по запросам;-;00;Логистика;АК;0;RUCH
ОСЦ Воронеж;Архив №3 Калининград;SL 053 000 00 00;Изъято / Размещено из/в АЛЦ коробов по запросам;-;00;Логистика;АК;29;RUCH
ОСЦ Воронеж;Архив №4 Санкт-Петербург;SL 053 000 00 00;Изъято / Размещено из/в АЛЦ коробов по запросам;-;00;Логистика;АК;29;RUCH
ОСЦ Москва;Вне подразделений;SL 053 000 00 00;Изъято / Размещено из/в АЛЦ коробов по запросам;-;00;Логистика;АК;29;RUCH
ОСЦ Москва;Архив №1 Томилино;SL 053 000 00 00;Изъято / Размещено из/в АЛЦ коробов по запросам;-;00;Логистика;АК;26,364;RUCH
ОСЦ Нижний Новгород;Вне подразделений;SL 053 000 00 00;Изъято / Размещено из/в АЛЦ коробов по запросам;-;00;Логистика;АК;29;RUCH
ОСЦ Нижний Новгород;Архив №1 Нижний Новгород;SL 053 000 00 00;Изъято / Размещено из/в АЛЦ коробов по запросам;-;00;Логистика;АК;29;RUCH
ОСЦ Новосибирск;Вне подразделений;SL 053 000 00 00;Изъято / Размещено из/в АЛЦ коробов по запросам;-;00;Логистика;АК;29;RUCH
ОСЦ Новосибирск;Архив №1 Новосибирск;SL 053 000 00 00;Изъято / Размещено из/в АЛЦ коробов по запросам;-;00;Логистика;АК;29;RUCH
ОСЦ Самара;Вне подразделений;SL 053 000 00 00;Изъято / Размещено из/в АЛЦ коробов по запросам;-;00;Логистика;АК;29;RUCH
ОСЦ Новосибирск;Архив №3 Екатеринбург;SL 053 000 00 00;Изъято / Размещено из/в АЛЦ коробов по запросам;-;00;Логистика;АК;29;RUCH
ОСЦ Самара;Архив №1 Самара;SL 053 000 00 00;Изъято / Размещено из/в АЛЦ коробов по запросам;-;00;Логистика;АК;28;RUCH
ОСЦ Воронеж;Вне подразделений;SL 057 000 00 00;Прохождение дистанционного обучения| пожарная тревога (учения по охране труда и пожарной безопасности);-;00;Логистика;минута;60;RUCH
ОСЦ Воронеж;Архив №1 Воронеж;SL 057 000 00 00;Прохождение дистанционного обучения| пожарная тревога (учения по охране труда и пожарной безопасности);-;00;Логистика;минута;60;RUCH
ОСЦ Воронеж;Архив №3 Калининград;SL 057 000 00 00;Прохождение дистанционного обучения| пожарная тревога (учения по охране труда и пожарной безопасности);-;00;Логистика;минута;60;RUCH
ОСЦ Воронеж;Архив №4 Санкт-Петербург;SL 057 000 00 00;Прохождение дистанционного обучения| пожарная тревога (учения по охране труда и пожарной безопасности);-;00;Логистика;минута;60;RUCH
ОСЦ Москва;Вне подразделений;SL 057 000 00 00;Прохождение дистанционного обучения| пожарная тревога (учения по охране труда и пожарной безопасности);-;00;Логистика;минута;60;RUCH
ОСЦ Москва;Архив №1 Томилино;SL 057 000 00 00;Прохождение дистанционного обучения| пожарная тревога (учения по охране труда и пожарной безопасности);-;00;Логистика;минута;60;RUCH
ОСЦ Нижний Новгород;Вне подразделений;SL 057 000 00 00;Прохождение дистанционного обучения| пожарная тревога (учения по охране труда и пожарной безопасности);-;00;Логистика;минута;60;RUCH
ОСЦ Нижний Новгород;Архив №1 Нижний Новгород;SL 057 000 00 00;Прохождение дистанционного обучения| пожарная тревога (учения по охране труда и пожарной безопасности);-;00;Логистика;минута;60;RUCH
ОСЦ Новосибирск;Вне подразделений;SL 057 000 00 00;Прохождение дистанционного обучения| пожарная тревога (учения по охране труда и пожарной безопасности);-;00;Логистика;минута;60;RUCH
ОСЦ Новосибирск;Архив №1 Новосибирск;SL 057 000 00 00;Прохождение дистанционного обучения| пожарная тревога (учения по охране труда и пожарной безопасности);-;00;Логистика;минута;60;RUCH
ОСЦ Самара;Вне подразделений;SL 057 000 00 00;Прохождение дистанционного обучения| пожарная тревога (учения по охране труда и пожарной безопасности);-;00;Логистика;минута;60;RUCH
ОСЦ Новосибирск;Архив №3 Екатеринбург;SL 057 000 00 00;Прохождение дистанционного обучения| пожарная тревога (учения по охране труда и пожарной безопасности);-;00;Логистика;минута;60;RUCH
ОСЦ Самара;Архив №1 Самара;SL 057 000 00 00;Прохождение дистанционного обучения| пожарная тревога (учения по охране труда и пожарной безопасности);-;00;Логистика;минута;60;RUCH
ОСЦ Воронеж;Архив №3 Калининград;SL 109 000 00 00;Подбор АК по Актам на уничтожение документов ЗД (ААХ);-;00;Логистика;АК;0;RUCH
ОСЦ Воронеж;Архив №4 Санкт-Петербург;SL 109 000 00 00;Подбор АК по Актам на уничтожение документов ЗД (ААХ);-;00;Логистика;АК;0;RUCH
ОСЦ Москва;Вне подразделений;SL 109 000 00 00;Подбор АК по Актам на уничтожение документов ЗД (ААХ);-;00;Логистика;АК;0;RUCH
ОСЦ Москва;Архив №1 Томилино;SL 109 000 00 00;Подбор АК по Актам на уничтожение документов ЗД (ААХ);-;00;Логистика;АК;29;RUCH
ОСЦ Нижний Новгород;Вне подразделений;SL 109 000 00 00;Подбор АК по Актам на уничтожение документов ЗД (ААХ);-;00;Логистика;АК;0;RUCH
ОСЦ Нижний Новгород;Архив №1 Нижний Новгород;SL 109 000 00 00;Подбор АК по Актам на уничтожение документов ЗД (ААХ);-;00;Логистика;АК;29;RUCH
ОСЦ Новосибирск;Вне подразделений;SL 109 000 00 00;Подбор АК по Актам на уничтожение документов ЗД (ААХ);-;00;Логистика;АК;0;RUCH
ОСЦ Новосибирск;Архив №1 Новосибирск;SL 109 000 00 00;Подбор АК по Актам на уничтожение документов ЗД (ААХ);-;00;Логистика;АК;0;RUCH
ОСЦ Самара;Вне подразделений;SL 109 000 00 00;Подбор АК по Актам на уничтожение документов ЗД (ААХ);-;00;Логистика;АК;0;RUCH
ОСЦ Новосибирск;Архив №3 Екатеринбург;SL 109 000 00 00;Подбор АК по Актам на уничтожение документов ЗД (ААХ);-;00;Логистика;АК;0;RUCH
ОСЦ Самара;Архив №1 Самара;SL 109 000 00 00;Подбор АК по Актам на уничтожение документов ЗД (ААХ);-;00;Логистика;АК;29;RUCH
ОСЦ Воронеж;Вне подразделений;SR 017 000 00 00;КОД ЮЛ_Верификация первичных документов оригиналов КОД;-;00;Регистрация;Документ;395;RUCH
ОСЦ Воронеж;Архив №1 Воронеж;SR 017 000 00 00;КОД ЮЛ_Верификация первичных документов оригиналов КОД;-;00;Регистрация;Документ;350;RUCH
ОСЦ Воронеж;Архив №3 Калининград;SR 017 000 00 00;КОД ЮЛ_Верификация первичных документов оригиналов КОД;-;00;Регистрация;Документ;395;RUCH
ОСЦ Воронеж;Архив №4 Санкт-Петербург;SR 017 000 00 00;КОД ЮЛ_Верификация первичных документов оригиналов КОД;-;00;Регистрация;Документ;355,152;RUCH
ОСЦ Москва;Вне подразделений;SR 017 000 00 00;КОД ЮЛ_Верификация первичных документов оригиналов КОД;-;00;Регистрация;Документ;395;RUCH
ОСЦ Москва;Архив №1 Томилино;SR 017 000 00 00;КОД ЮЛ_Верификация первичных документов оригиналов КОД;-;00;Регистрация;Документ;309,334;RUCH
ОСЦ Нижний Новгород;Вне подразделений;SR 017 000 00 00;КОД ЮЛ_Верификация первичных документов оригиналов КОД;-;00;Регистрация;Документ;395;RUCH
ОСЦ Нижний Новгород;Архив №1 Нижний Новгород;SR 017 000 00 00;КОД ЮЛ_Верификация первичных документов оригиналов КОД;-;00;Регистрация;Документ;355,023;RUCH
ОСЦ Новосибирск;Вне подразделений;SR 017 000 00 00;КОД ЮЛ_Верификация первичных документов оригиналов КОД;-;00;Регистрация;Документ;395;RUCH
ОСЦ Новосибирск;Архив №1 Новосибирск;SR 017 000 00 00;КОД ЮЛ_Верификация первичных документов оригиналов КОД;-;00;Регистрация;Документ;312,2;RUCH
ОСЦ Самара;Вне подразделений;SR 017 000 00 00;КОД ЮЛ_Верификация первичных документов оригиналов КОД;-;00;Регистрация;Документ;395;RUCH
ОСЦ Новосибирск;Архив №3 Екатеринбург;SR 017 000 00 00;КОД ЮЛ_Верификация первичных документов оригиналов КОД;-;00;Регистрация;Документ;306,733;RUCH
ОСЦ Самара;Архив №1 Самара;SR 017 000 00 00;КОД ЮЛ_Верификация первичных документов оригиналов КОД;-;00;Регистрация;Документ;322,424;RUCH
ОСЦ Воронеж;Вне подразделений;SR 018 000 00 00;Внесение данных в МЕГАЦУКс идентификатора сертификата ЭЦП по РКО ЮЛ;-;00;Регистрация;Сертификат;20;RUCH
ОСЦ Воронеж;Архив №1 Воронеж;SR 018 000 00 00;Внесение данных в МЕГАЦУКс идентификатора сертификата ЭЦП по РКО ЮЛ;-;00;Регистрация;Сертификат;20;RUCH
ОСЦ Воронеж;Архив №3 Калининград;SR 018 000 00 00;Внесение данных в МЕГАЦУКс идентификатора сертификата ЭЦП по РКО ЮЛ;-;00;Регистрация;Сертификат;20;RUCH
ОСЦ Воронеж;Архив №4 Санкт-Петербург;SR 018 000 00 00;Внесение данных в МЕГАЦУКс идентификатора сертификата ЭЦП по РКО ЮЛ;-;00;Регистрация;Сертификат;20;RUCH
ОСЦ Москва;Вне подразделений;SR 018 000 00 00;Внесение данных в МЕГАЦУКс идентификатора сертификата ЭЦП по РКО ЮЛ;-;00;Регистрация;Сертификат;20;RUCH
ОСЦ Москва;Архив №1 Томилино;SR 018 000 00 00;Внесение данных в МЕГАЦУКс идентификатора сертификата ЭЦП по РКО ЮЛ;-;00;Регистрация;Сертификат;20;RUCH
ОСЦ Нижний Новгород;Вне подразделений;SR 018 000 00 00;Внесение данных в МЕГАЦУКс идентификатора сертификата ЭЦП по РКО ЮЛ;-;00;Регистрация;Сертификат;20;RUCH
ОСЦ Нижний Новгород;Архив №1 Нижний Новгород;SR 018 000 00 00;Внесение данных в МЕГАЦУКс идентификатора сертификата ЭЦП по РКО ЮЛ;-;00;Регистрация;Сертификат;20;RUCH
ОСЦ Новосибирск;Вне подразделений;SR 018 000 00 00;Внесение данных в МЕГАЦУКс идентификатора сертификата ЭЦП по РКО ЮЛ;-;00;Регистрация;Сертификат;20;RUCH
ОСЦ Новосибирск;Архив №1 Новосибирск;SR 018 000 00 00;Внесение данных в МЕГАЦУКс идентификатора сертификата ЭЦП по РКО ЮЛ;-;00;Регистрация;Сертификат;17;RUCH
ОСЦ Самара;Вне подразделений;SR 018 000 00 00;Внесение данных в МЕГАЦУКс идентификатора сертификата ЭЦП по РКО ЮЛ;-;00;Регистрация;Сертификат;20;RUCH
ОСЦ Новосибирск;Архив №3 Екатеринбург;SR 018 000 00 00;Внесение данных в МЕГАЦУКс идентификатора сертификата ЭЦП по РКО ЮЛ;-;00;Регистрация;Сертификат;17;RUCH
ОСЦ Самара;Архив №1 Самара;SR 018 000 00 00;Внесение данных в МЕГАЦУКс идентификатора сертификата ЭЦП по РКО ЮЛ;-;00;Регистрация;Сертификат;16;RUCH
ОСЦ Воронеж;Вне подразделений;SR 021 000 00 00;Возврат ВТУ отправителю;-;00;Регистрация;Упаковка;600;RUCH
ОСЦ Воронеж;Архив №1 Воронеж;SR 021 000 00 00;Возврат ВТУ отправителю;-;00;Регистрация;Упаковка;600;RUCH
ОСЦ Воронеж;Архив №3 Калининград;SR 021 000 00 00;Возврат ВТУ отправителю;-;00;Регистрация;Упаковка;600;RUCH
ОСЦ Воронеж;Архив №4 Санкт-Петербург;SR 021 000 00 00;Возврат ВТУ отправителю;-;00;Регистрация;Упаковка;600;RUCH
ОСЦ Москва;Вне подразделений;SR 021 000 00 00;Возврат ВТУ отправителю;-;00;Регистрация;Упаковка;600;RUCH
ОСЦ Москва;Архив №1 Томилино;SR 021 000 00 00;Возврат ВТУ отправителю;-;00;Регистрация;Упаковка;600;RUCH
ОСЦ Нижний Новгород;Вне подразделений;SR 021 000 00 00;Возврат ВТУ отправителю;-;00;Регистрация;Упаковка;600;RUCH
ОСЦ Нижний Новгород;Архив №1 Нижний Новгород;SR 021 000 00 00;Возврат ВТУ отправителю;-;00;Регистрация;Упаковка;600;RUCH
ОСЦ Новосибирск;Вне подразделений;SR 021 000 00 00;Возврат ВТУ отправителю;-;00;Регистрация;Упаковка;600;RUCH
ОСЦ Новосибирск;Архив №1 Новосибирск;SR 021 000 00 00;Возврат ВТУ отправителю;-;00;Регистрация;Упаковка;600;RUCH
ОСЦ Самара;Вне подразделений;SR 021 000 00 00;Возврат ВТУ отправителю;-;00;Регистрация;Упаковка;600;RUCH
ОСЦ Новосибирск;Архив №3 Екатеринбург;SR 021 000 00 00;Возврат ВТУ отправителю;-;00;Регистрация;Упаковка;600;RUCH
ОСЦ Самара;Архив №1 Самара;SR 021 000 00 00;Возврат ВТУ отправителю;-;00;Регистрация;Упаковка;600;RUCH
ОСЦ Воронеж;Вне подразделений;SR 061 000 00 00;Обработка обращений по запросам ВК (в том числе СПАС);-;00;Регистрация;Обращение;433;RUCH
ОСЦ Воронеж;Архив №1 Воронеж;SR 061 000 00 00;Обработка обращений по запросам ВК (в том числе СПАС);-;00;Регистрация;Обращение;433;RUCH
ОСЦ Воронеж;Архив №3 Калининград;SR 061 000 00 00;Обработка обращений по запросам ВК (в том числе СПАС);-;00;Регистрация;Обращение;433;RUCH
ОСЦ Воронеж;Архив №4 Санкт-Петербург;SR 061 000 00 00;Обработка обращений по запросам ВК (в том числе СПАС);-;00;Регистрация;Обращение;433;RUCH
ОСЦ Москва;Вне подразделений;SR 061 000 00 00;Обработка обращений по запросам ВК (в том числе СПАС);-;00;Регистрация;Обращение;433;RUCH
ОСЦ Москва;Архив №1 Томилино;SR 061 000 00 00;Обработка обращений по запросам ВК (в том числе СПАС);-;00;Регистрация;Обращение;433;RUCH
ОСЦ Нижний Новгород;Вне подразделений;SR 061 000 00 00;Обработка обращений по запросам ВК (в том числе СПАС);-;00;Регистрация;Обращение;433;RUCH
ОСЦ Нижний Новгород;Архив №1 Нижний Новгород;SR 061 000 00 00;Обработка обращений по запросам ВК (в том числе СПАС);-;00;Регистрация;Обращение;433;RUCH
ОСЦ Новосибирск;Вне подразделений;SR 061 000 00 00;Обработка обращений по запросам ВК (в том числе СПАС);-;00;Регистрация;Обращение;433;RUCH
ОСЦ Новосибирск;Архив №1 Новосибирск;SR 061 000 00 00;Обработка обращений по запросам ВК (в том числе СПАС);-;00;Регистрация;Обращение;433;RUCH
ОСЦ Самара;Вне подразделений;SR 061 000 00 00;Обработка обращений по запросам ВК (в том числе СПАС);-;00;Регистрация;Обращение;433;RUCH
ОСЦ Новосибирск;Архив №3 Екатеринбург;SR 061 000 00 00;Обработка обращений по запросам ВК (в том числе СПАС);-;00;Регистрация;Обращение;433;RUCH
ОСЦ Самара;Архив №1 Самара;SR 061 000 00 00;Обработка обращений по запросам ВК (в том числе СПАС);-;00;Регистрация;Обращение;433;RUCH
ОСЦ Воронеж;Вне подразделений;SR 318 000 00 00;КОД ЮЛ_Проведение коммуникаций в день  (КОД);-;00;Регистрация;Коммуникация;0;RUCH
ОСЦ Воронеж;Архив №1 Воронеж;SR 318 000 00 00;КОД ЮЛ_Проведение коммуникаций в день  (КОД);-;00;Регистрация;Коммуникация;404,745;RUCH
ОСЦ Воронеж;Архив №3 Калининград;SR 318 000 00 00;КОД ЮЛ_Проведение коммуникаций в день  (КОД);-;00;Регистрация;Коммуникация;0;RUCH
ОСЦ Воронеж;Архив №4 Санкт-Петербург;SR 318 000 00 00;КОД ЮЛ_Проведение коммуникаций в день  (КОД);-;00;Регистрация;Коммуникация;422,892;RUCH
ОСЦ Москва;Вне подразделений;SR 318 000 00 00;КОД ЮЛ_Проведение коммуникаций в день  (КОД);-;00;Регистрация;Коммуникация;0;RUCH
ОСЦ Москва;Архив №1 Томилино;SR 318 000 00 00;КОД ЮЛ_Проведение коммуникаций в день  (КОД);-;00;Регистрация;Коммуникация;430,1;RUCH
ОСЦ Нижний Новгород;Вне подразделений;SR 318 000 00 00;КОД ЮЛ_Проведение коммуникаций в день  (КОД);-;00;Регистрация;Коммуникация;0;RUCH
ОСЦ Нижний Новгород;Архив №1 Нижний Новгород;SR 318 000 00 00;КОД ЮЛ_Проведение коммуникаций в день  (КОД);-;00;Регистрация;Коммуникация;423,027;RUCH
ОСЦ Новосибирск;Вне подразделений;SR 318 000 00 00;КОД ЮЛ_Проведение коммуникаций в день  (КОД);-;00;Регистрация;Коммуникация;0;RUCH
ОСЦ Новосибирск;Архив №1 Новосибирск;SR 318 000 00 00;КОД ЮЛ_Проведение коммуникаций в день  (КОД);-;00;Регистрация;Коммуникация;420,306;RUCH
ОСЦ Самара;Вне подразделений;SR 318 000 00 00;КОД ЮЛ_Проведение коммуникаций в день  (КОД);-;00;Регистрация;Коммуникация;0;RUCH
ОСЦ Новосибирск;Архив №3 Екатеринбург;SR 318 000 00 00;КОД ЮЛ_Проведение коммуникаций в день  (КОД);-;00;Регистрация;Коммуникация;340,133;RUCH
ОСЦ Самара;Архив №1 Самара;SR 318 000 00 00;КОД ЮЛ_Проведение коммуникаций в день  (КОД);-;00;Регистрация;Коммуникация;407,133;RUCH
ОСЦ Воронеж;Вне подразделений;SR 115 000 00 00;КОД ЮЛ_Проверка комплектности поступивших оригиналов КОД клиентов КСБ менее 30 млн. и ММБ;-;00;Регистрация;Документ;175;RUCH
ОСЦ Воронеж;Архив №1 Воронеж;SR 115 000 00 00;КОД ЮЛ_Проверка комплектности поступивших оригиналов КОД клиентов КСБ менее 30 млн. и ММБ;-;00;Регистрация;Документ;155;RUCH
ОСЦ Воронеж;Архив №3 Калининград;SR 115 000 00 00;КОД ЮЛ_Проверка комплектности поступивших оригиналов КОД клиентов КСБ менее 30 млн. и ММБ;-;00;Регистрация;Документ;175;RUCH
ОСЦ Воронеж;Архив №4 Санкт-Петербург;SR 115 000 00 00;КОД ЮЛ_Проверка комплектности поступивших оригиналов КОД клиентов КСБ менее 30 млн. и ММБ;-;00;Регистрация;Документ;157,37;RUCH
ОСЦ Москва;Вне подразделений;SR 115 000 00 00;КОД ЮЛ_Проверка комплектности поступивших оригиналов КОД клиентов КСБ менее 30 млн. и ММБ;-;00;Регистрация;Документ;175;RUCH
ОСЦ Москва;Архив №1 Томилино;SR 115 000 00 00;КОД ЮЛ_Проверка комплектности поступивших оригиналов КОД клиентов КСБ менее 30 млн. и ММБ;-;00;Регистрация;Документ;125,527;RUCH
ОСЦ Нижний Новгород;Вне подразделений;SR 115 000 00 00;КОД ЮЛ_Проверка комплектности поступивших оригиналов КОД клиентов КСБ менее 30 млн. и ММБ;-;00;Регистрация;Документ;175;RUCH
ОСЦ Нижний Новгород;Архив №1 Нижний Новгород;SR 115 000 00 00;КОД ЮЛ_Проверка комплектности поступивших оригиналов КОД клиентов КСБ менее 30 млн. и ММБ;-;00;Регистрация;Документ;159,528;RUCH
ОСЦ Новосибирск;Вне подразделений;SR 115 000 00 00;КОД ЮЛ_Проверка комплектности поступивших оригиналов КОД клиентов КСБ менее 30 млн. и ММБ;-;00;Регистрация;Документ;175;RUCH
ОСЦ Новосибирск;Архив №1 Новосибирск;SR 115 000 00 00;КОД ЮЛ_Проверка комплектности поступивших оригиналов КОД клиентов КСБ менее 30 млн. и ММБ;-;00;Регистрация;Документ;149,433;RUCH
ОСЦ Самара;Вне подразделений;SR 115 000 00 00;КОД ЮЛ_Проверка комплектности поступивших оригиналов КОД клиентов КСБ менее 30 млн. и ММБ;-;00;Регистрация;Документ;175;RUCH
ОСЦ Новосибирск;Архив №3 Екатеринбург;SR 115 000 00 00;КОД ЮЛ_Проверка комплектности поступивших оригиналов КОД клиентов КСБ менее 30 млн. и ММБ;-;00;Регистрация;Документ;140,467;RUCH
ОСЦ Самара;Архив №1 Самара;SR 115 000 00 00;КОД ЮЛ_Проверка комплектности поступивших оригиналов КОД клиентов КСБ менее 30 млн. и ММБ;-;00;Регистрация;Документ;149,354;RUCH
ОСЦ Воронеж;Вне подразделений;IA 001 000 00 00;Работа с обращениями;-;00;Непроизводственные;Минута;60;RUCH
ОСЦ Воронеж;Вне подразделений;IA 002 000 00 00;Разработка/корректировка отчетов;-;00;Непроизводственные;Минута;60;RUCH
ОСЦ Воронеж;Вне подразделений;IA 004 000 00 00;Разработка/Сопровождение RPA алгоритмов;-;00;Непроизводственные;Минута;60;RUCH
ОСЦ Воронеж;Вне подразделений;IA 005 000 00 00;Разработка/Сопровождение AFL шаблонов;-;00;Непроизводственные;Минута;60;RUCH
ОСЦ Воронеж;Вне подразделений;IA 006 000 00 00;Коммуникации;-;00;Непроизводственные;Минута;60;RUCH
ОСЦ Воронеж;Вне подразделений;SR 083 000 00 00;Печать ШК АК/ФБ/досье (через шаблон);-;00;Регистрация;Задание;70;RUCH
ОСЦ Воронеж;Архив №1 Воронеж;SR 083 000 00 00;Печать ШК АК/ФБ/досье (через шаблон);-;00;Регистрация;Задание;70;RUCH
ОСЦ Воронеж;Архив №3 Калининград;SR 083 000 00 00;Печать ШК АК/ФБ/досье (через шаблон);-;00;Регистрация;Задание;70;RUCH
ОСЦ Воронеж;Архив №4 Санкт-Петербург;SR 083 000 00 00;Печать ШК АК/ФБ/досье (через шаблон);-;00;Регистрация;Задание;70;RUCH
ОСЦ Москва;Вне подразделений;SR 083 000 00 00;Печать ШК АК/ФБ/досье (через шаблон);-;00;Регистрация;Задание;70;RUCH
ОСЦ Москва;Архив №1 Томилино;SR 083 000 00 00;Печать ШК АК/ФБ/досье (через шаблон);-;00;Регистрация;Задание;70;RUCH
ОСЦ Нижний Новгород;Вне подразделений;SR 083 000 00 00;Печать ШК АК/ФБ/досье (через шаблон);-;00;Регистрация;Задание;70;RUCH
ОСЦ Нижний Новгород;Архив №1 Нижний Новгород;SR 083 000 00 00;Печать ШК АК/ФБ/досье (через шаблон);-;00;Регистрация;Задание;70;RUCH
ОСЦ Новосибирск;Вне подразделений;SR 083 000 00 00;Печать ШК АК/ФБ/досье (через шаблон);-;00;Регистрация;Задание;70;RUCH
ОСЦ Новосибирск;Архив №1 Новосибирск;SR 083 000 00 00;Печать ШК АК/ФБ/досье (через шаблон);-;00;Регистрация;Задание;60;RUCH
ОСЦ Самара;Вне подразделений;SR 083 000 00 00;Печать ШК АК/ФБ/досье (через шаблон);-;00;Регистрация;Задание;70;RUCH
ОСЦ Новосибирск;Архив №3 Екатеринбург;SR 083 000 00 00;Печать ШК АК/ФБ/досье (через шаблон);-;00;Регистрация;Задание;60;RUCH
ОСЦ Самара;Архив №1 Самара;SR 083 000 00 00;Печать ШК АК/ФБ/досье (через шаблон);-;00;Регистрация;Задание;70;RUCH
ОСЦ Воронеж;Вне подразделений;SR 319 000 00 00;Прием документов от ГОСБ/курьера;-;00;Регистрация;ТУ;0;RUCH
ОСЦ Воронеж;Архив №1 Воронеж;SR 319 000 00 00;Прием документов от ГОСБ/курьера;-;00;Регистрация;ТУ;97,888;RUCH
ОСЦ Воронеж;Архив №3 Калининград;SR 319 000 00 00;Прием документов от ГОСБ/курьера;-;00;Регистрация;ТУ;74,814;RUCH
ОСЦ Воронеж;Архив №4 Санкт-Петербург;SR 319 000 00 00;Прием документов от ГОСБ/курьера;-;00;Регистрация;ТУ;95,962;RUCH
ОСЦ Москва;Вне подразделений;SR 319 000 00 00;Прием документов от ГОСБ/курьера;-;00;Регистрация;ТУ;0;RUCH
ОСЦ Москва;Архив №1 Томилино;SR 319 000 00 00;Прием документов от ГОСБ/курьера;-;00;Регистрация;ТУ;61,536;RUCH
ОСЦ Нижний Новгород;Вне подразделений;SR 319 000 00 00;Прием документов от ГОСБ/курьера;-;00;Регистрация;ТУ;0;RUCH
ОСЦ Нижний Новгород;Архив №1 Нижний Новгород;SR 319 000 00 00;Прием документов от ГОСБ/курьера;-;00;Регистрация;ТУ;98,995;RUCH
ОСЦ Новосибирск;Вне подразделений;SR 319 000 00 00;Прием документов от ГОСБ/курьера;-;00;Регистрация;ТУ;0;RUCH
ОСЦ Новосибирск;Архив №1 Новосибирск;SR 319 000 00 00;Прием документов от ГОСБ/курьера;-;00;Регистрация;ТУ;72,421;RUCH
ОСЦ Самара;Вне подразделений;SR 319 000 00 00;Прием документов от ГОСБ/курьера;-;00;Регистрация;ТУ;0;RUCH
ОСЦ Новосибирск;Архив №3 Екатеринбург;SR 319 000 00 00;Прием документов от ГОСБ/курьера;-;00;Регистрация;ТУ;96,737;RUCH
ОСЦ Самара;Архив №1 Самара;SR 319 000 00 00;Прием документов от ГОСБ/курьера;-;00;Регистрация;ТУ;99,018;RUCH
ОСЦ Воронеж;Вне подразделений;SR 105 000 00 00;Прием ручной ТН;-;00;Регистрация;ТН;38;RUCH
ОСЦ Воронеж;Архив №1 Воронеж;SR 105 000 00 00;Прием ручной ТН;-;00;Регистрация;ТН;38;RUCH
ОСЦ Воронеж;Архив №3 Калининград;SR 105 000 00 00;Прием ручной ТН;-;00;Регистрация;ТН;38;RUCH
ОСЦ Воронеж;Архив №4 Санкт-Петербург;SR 105 000 00 00;Прием ручной ТН;-;00;Регистрация;ТН;38;RUCH
ОСЦ Москва;Вне подразделений;SR 105 000 00 00;Прием ручной ТН;-;00;Регистрация;ТН;38;RUCH
ОСЦ Москва;Архив №1 Томилино;SR 105 000 00 00;Прием ручной ТН;-;00;Регистрация;ТН;38;RUCH
ОСЦ Нижний Новгород;Вне подразделений;SR 105 000 00 00;Прием ручной ТН;-;00;Регистрация;ТН;38;RUCH
ОСЦ Нижний Новгород;Архив №1 Нижний Новгород;SR 105 000 00 00;Прием ручной ТН;-;00;Регистрация;ТН;38;RUCH
ОСЦ Новосибирск;Вне подразделений;SR 105 000 00 00;Прием ручной ТН;-;00;Регистрация;ТН;38;RUCH
ОСЦ Новосибирск;Архив №1 Новосибирск;SR 105 000 00 00;Прием ручной ТН;-;00;Регистрация;ТН;36;RUCH
ОСЦ Самара;Вне подразделений;SR 105 000 00 00;Прием ручной ТН;-;00;Регистрация;ТН;38;RUCH
ОСЦ Новосибирск;Архив №3 Екатеринбург;SR 105 000 00 00;Прием ручной ТН;-;00;Регистрация;ТН;36;RUCH
ОСЦ Самара;Архив №1 Самара;SR 105 000 00 00;Прием ручной ТН;-;00;Регистрация;ТН;38;RUCH
ОСЦ Воронеж;Вне подразделений;SR 134 000 00 00;КОД ЮЛ_Регистрация поступивших Комплектов документов в Журнале регистрации Комплектов документов;-;00;Регистрация;Документ;90;RUCH
ОСЦ Воронеж;Архив №1 Воронеж;SR 134 000 00 00;КОД ЮЛ_Регистрация поступивших Комплектов документов в Журнале регистрации Комплектов документов;-;00;Регистрация;Документ;90;RUCH
ОСЦ Воронеж;Архив №3 Калининград;SR 134 000 00 00;КОД ЮЛ_Регистрация поступивших Комплектов документов в Журнале регистрации Комплектов документов;-;00;Регистрация;Документ;90;RUCH
ОСЦ Воронеж;Архив №4 Санкт-Петербург;SR 134 000 00 00;КОД ЮЛ_Регистрация поступивших Комплектов документов в Журнале регистрации Комплектов документов;-;00;Регистрация;Документ;90;RUCH
ОСЦ Москва;Вне подразделений;SR 134 000 00 00;КОД ЮЛ_Регистрация поступивших Комплектов документов в Журнале регистрации Комплектов документов;-;00;Регистрация;Документ;90;RUCH
ОСЦ Москва;Архив №1 Томилино;SR 134 000 00 00;КОД ЮЛ_Регистрация поступивших Комплектов документов в Журнале регистрации Комплектов документов;-;00;Регистрация;Документ;60;RUCH
ОСЦ Нижний Новгород;Вне подразделений;SR 134 000 00 00;КОД ЮЛ_Регистрация поступивших Комплектов документов в Журнале регистрации Комплектов документов;-;00;Регистрация;Документ;90;RUCH
ОСЦ Нижний Новгород;Архив №1 Нижний Новгород;SR 134 000 00 00;КОД ЮЛ_Регистрация поступивших Комплектов документов в Журнале регистрации Комплектов документов;-;00;Регистрация;Документ;90;RUCH
ОСЦ Новосибирск;Вне подразделений;SR 134 000 00 00;КОД ЮЛ_Регистрация поступивших Комплектов документов в Журнале регистрации Комплектов документов;-;00;Регистрация;Документ;90;RUCH
ОСЦ Новосибирск;Архив №1 Новосибирск;SR 134 000 00 00;КОД ЮЛ_Регистрация поступивших Комплектов документов в Журнале регистрации Комплектов документов;-;00;Регистрация;Документ;84;RUCH
ОСЦ Самара;Вне подразделений;SR 134 000 00 00;КОД ЮЛ_Регистрация поступивших Комплектов документов в Журнале регистрации Комплектов документов;-;00;Регистрация;Документ;90;RUCH
ОСЦ Новосибирск;Архив №3 Екатеринбург;SR 134 000 00 00;КОД ЮЛ_Регистрация поступивших Комплектов документов в Журнале регистрации Комплектов документов;-;00;Регистрация;Документ;84;RUCH
ОСЦ Самара;Архив №1 Самара;SR 134 000 00 00;КОД ЮЛ_Регистрация поступивших Комплектов документов в Журнале регистрации Комплектов документов;-;00;Регистрация;Документ;84;RUCH
ОСЦ Воронеж;Вне подразделений;SR 138 000 00 00;Ручная сверка поступивших документов с актом приема-передачи;-;00;Регистрация;Досье;13;RUCH
ОСЦ Воронеж;Архив №1 Воронеж;SR 138 000 00 00;Ручная сверка поступивших документов с актом приема-передачи;-;00;Регистрация;Досье;13;RUCH
ОСЦ Воронеж;Архив №3 Калининград;SR 138 000 00 00;Ручная сверка поступивших документов с актом приема-передачи;-;00;Регистрация;Досье;13;RUCH
ОСЦ Воронеж;Архив №4 Санкт-Петербург;SR 138 000 00 00;Ручная сверка поступивших документов с актом приема-передачи;-;00;Регистрация;Досье;13;RUCH
ОСЦ Москва;Вне подразделений;SR 138 000 00 00;Ручная сверка поступивших документов с актом приема-передачи;-;00;Регистрация;Досье;13;RUCH
ОСЦ Москва;Архив №1 Томилино;SR 138 000 00 00;Ручная сверка поступивших документов с актом приема-передачи;-;00;Регистрация;Досье;13;RUCH
ОСЦ Нижний Новгород;Вне подразделений;SR 138 000 00 00;Ручная сверка поступивших документов с актом приема-передачи;-;00;Регистрация;Досье;13;RUCH
ОСЦ Нижний Новгород;Архив №1 Нижний Новгород;SR 138 000 00 00;Ручная сверка поступивших документов с актом приема-передачи;-;00;Регистрация;Досье;13;RUCH
ОСЦ Новосибирск;Вне подразделений;SR 138 000 00 00;Ручная сверка поступивших документов с актом приема-передачи;-;00;Регистрация;Досье;13;RUCH
ОСЦ Новосибирск;Архив №1 Новосибирск;SR 138 000 00 00;Ручная сверка поступивших документов с актом приема-передачи;-;00;Регистрация;Досье;10;RUCH
ОСЦ Самара;Вне подразделений;SR 138 000 00 00;Ручная сверка поступивших документов с актом приема-передачи;-;00;Регистрация;Досье;13;RUCH
ОСЦ Новосибирск;Архив №3 Екатеринбург;SR 138 000 00 00;Ручная сверка поступивших документов с актом приема-передачи;-;00;Регистрация;Досье;10;RUCH
ОСЦ Самара;Архив №1 Самара;SR 138 000 00 00;Ручная сверка поступивших документов с актом приема-передачи;-;00;Регистрация;Досье;13;RUCH
ОСЦ Воронеж;Вне подразделений;SR 160 000 00 00;Составление накладной на короба к вывозу;-;00;Регистрация;Накладная;180;RUCH
ОСЦ Воронеж;Архив №1 Воронеж;SR 160 000 00 00;Составление накладной на короба к вывозу;-;00;Регистрация;Накладная;180;RUCH
ОСЦ Воронеж;Архив №3 Калининград;SR 160 000 00 00;Составление накладной на короба к вывозу;-;00;Регистрация;Накладная;180;RUCH
ОСЦ Воронеж;Архив №4 Санкт-Петербург;SR 160 000 00 00;Составление накладной на короба к вывозу;-;00;Регистрация;Накладная;180;RUCH
ОСЦ Москва;Вне подразделений;SR 160 000 00 00;Составление накладной на короба к вывозу;-;00;Регистрация;Накладная;180;RUCH
ОСЦ Москва;Архив №1 Томилино;SR 160 000 00 00;Составление накладной на короба к вывозу;-;00;Регистрация;Накладная;180;RUCH
ОСЦ Нижний Новгород;Вне подразделений;SR 160 000 00 00;Составление накладной на короба к вывозу;-;00;Регистрация;Накладная;180;RUCH
ОСЦ Нижний Новгород;Архив №1 Нижний Новгород;SR 160 000 00 00;Составление накладной на короба к вывозу;-;00;Регистрация;Накладная;180;RUCH
ОСЦ Новосибирск;Вне подразделений;SR 160 000 00 00;Составление накладной на короба к вывозу;-;00;Регистрация;Накладная;180;RUCH
ОСЦ Новосибирск;Архив №1 Новосибирск;SR 160 000 00 00;Составление накладной на короба к вывозу;-;00;Регистрация;Накладная;180;RUCH
ОСЦ Самара;Вне подразделений;SR 160 000 00 00;Составление накладной на короба к вывозу;-;00;Регистрация;Накладная;180;RUCH
ОСЦ Новосибирск;Архив №3 Екатеринбург;SR 160 000 00 00;Составление накладной на короба к вывозу;-;00;Регистрация;Накладная;180;RUCH
ОСЦ Самара;Архив №1 Самара;SR 160 000 00 00;Составление накладной на короба к вывозу;-;00;Регистрация;Накладная;180;RUCH
ОСЦ Воронеж;Вне подразделений;SR 165 000 00 00;КОД ЮЛ_Составление отчета по плановым поступлениям по КСБ и ММБ и отправка информации бизнесу (КОД);-;00;Регистрация;Отчёт;1620;RUCH
ОСЦ Воронеж;Архив №1 Воронеж;SR 165 000 00 00;КОД ЮЛ_Составление отчета по плановым поступлениям по КСБ и ММБ и отправка информации бизнесу (КОД);-;00;Регистрация;Отчёт;1620;RUCH
ОСЦ Воронеж;Архив №3 Калининград;SR 165 000 00 00;КОД ЮЛ_Составление отчета по плановым поступлениям по КСБ и ММБ и отправка информации бизнесу (КОД);-;00;Регистрация;Отчёт;1620;RUCH
ОСЦ Воронеж;Архив №4 Санкт-Петербург;SR 165 000 00 00;КОД ЮЛ_Составление отчета по плановым поступлениям по КСБ и ММБ и отправка информации бизнесу (КОД);-;00;Регистрация;Отчёт;1620;RUCH
ОСЦ Москва;Вне подразделений;SR 165 000 00 00;КОД ЮЛ_Составление отчета по плановым поступлениям по КСБ и ММБ и отправка информации бизнесу (КОД);-;00;Регистрация;Отчёт;1620;RUCH
ОСЦ Москва;Архив №1 Томилино;SR 165 000 00 00;КОД ЮЛ_Составление отчета по плановым поступлениям по КСБ и ММБ и отправка информации бизнесу (КОД);-;00;Регистрация;Отчёт;1500;RUCH
ОСЦ Нижний Новгород;Вне подразделений;SR 165 000 00 00;КОД ЮЛ_Составление отчета по плановым поступлениям по КСБ и ММБ и отправка информации бизнесу (КОД);-;00;Регистрация;Отчёт;1620;RUCH
ОСЦ Нижний Новгород;Архив №1 Нижний Новгород;SR 165 000 00 00;КОД ЮЛ_Составление отчета по плановым поступлениям по КСБ и ММБ и отправка информации бизнесу (КОД);-;00;Регистрация;Отчёт;1620;RUCH
ОСЦ Новосибирск;Вне подразделений;SR 165 000 00 00;КОД ЮЛ_Составление отчета по плановым поступлениям по КСБ и ММБ и отправка информации бизнесу (КОД);-;00;Регистрация;Отчёт;1620;RUCH
ОСЦ Новосибирск;Архив №1 Новосибирск;SR 165 000 00 00;КОД ЮЛ_Составление отчета по плановым поступлениям по КСБ и ММБ и отправка информации бизнесу (КОД);-;00;Регистрация;Отчёт;1620;RUCH
ОСЦ Самара;Вне подразделений;SR 165 000 00 00;КОД ЮЛ_Составление отчета по плановым поступлениям по КСБ и ММБ и отправка информации бизнесу (КОД);-;00;Регистрация;Отчёт;1620;RUCH
ОСЦ Новосибирск;Архив №3 Екатеринбург;SR 165 000 00 00;КОД ЮЛ_Составление отчета по плановым поступлениям по КСБ и ММБ и отправка информации бизнесу (КОД);-;00;Регистрация;Отчёт;1620;RUCH
ОСЦ Самара;Архив №1 Самара;SR 165 000 00 00;КОД ЮЛ_Составление отчета по плановым поступлениям по КСБ и ММБ и отправка информации бизнесу (КОД);-;00;Регистрация;Отчёт;1620;RUCH
ОСЦ Воронеж;Вне подразделений;SR 171 000 00 00;Формирование акта об отсутствии ТЕ/реестра в составе ТН/Формирование акта об отсутствии реестра в составе ТЕ/Сканирование акта об отсутствии ТЕ/реестра в составе ТН/ТЕ;-;00;Регистрация;Акт;120;RUCH
ОСЦ Воронеж;Архив №1 Воронеж;SR 171 000 00 00;Формирование акта об отсутствии ТЕ/реестра в составе ТН/Формирование акта об отсутствии реестра в составе ТЕ/Сканирование акта об отсутствии ТЕ/реестра в составе ТН/ТЕ;-;00;Регистрация;Акт;120;RUCH
ОСЦ Воронеж;Архив №3 Калининград;SR 171 000 00 00;Формирование акта об отсутствии ТЕ/реестра в составе ТН/Формирование акта об отсутствии реестра в составе ТЕ/Сканирование акта об отсутствии ТЕ/реестра в составе ТН/ТЕ;-;00;Регистрация;Акт;120;RUCH
ОСЦ Воронеж;Архив №4 Санкт-Петербург;SR 171 000 00 00;Формирование акта об отсутствии ТЕ/реестра в составе ТН/Формирование акта об отсутствии реестра в составе ТЕ/Сканирование акта об отсутствии ТЕ/реестра в составе ТН/ТЕ;-;00;Регистрация;Акт;120;RUCH
ОСЦ Москва;Вне подразделений;SR 171 000 00 00;Формирование акта об отсутствии ТЕ/реестра в составе ТН/Формирование акта об отсутствии реестра в составе ТЕ/Сканирование акта об отсутствии ТЕ/реестра в составе ТН/ТЕ;-;00;Регистрация;Акт;120;RUCH
ОСЦ Москва;Архив №1 Томилино;SR 171 000 00 00;Формирование акта об отсутствии ТЕ/реестра в составе ТН/Формирование акта об отсутствии реестра в составе ТЕ/Сканирование акта об отсутствии ТЕ/реестра в составе ТН/ТЕ;-;00;Регистрация;Акт;120;RUCH
ОСЦ Нижний Новгород;Вне подразделений;SR 171 000 00 00;Формирование акта об отсутствии ТЕ/реестра в составе ТН/Формирование акта об отсутствии реестра в составе ТЕ/Сканирование акта об отсутствии ТЕ/реестра в составе ТН/ТЕ;-;00;Регистрация;Акт;120;RUCH
ОСЦ Нижний Новгород;Архив №1 Нижний Новгород;SR 171 000 00 00;Формирование акта об отсутствии ТЕ/реестра в составе ТН/Формирование акта об отсутствии реестра в составе ТЕ/Сканирование акта об отсутствии ТЕ/реестра в составе ТН/ТЕ;-;00;Регистрация;Акт;120;RUCH
ОСЦ Новосибирск;Вне подразделений;SR 171 000 00 00;Формирование акта об отсутствии ТЕ/реестра в составе ТН/Формирование акта об отсутствии реестра в составе ТЕ/Сканирование акта об отсутствии ТЕ/реестра в составе ТН/ТЕ;-;00;Регистрация;Акт;120;RUCH
ОСЦ Новосибирск;Архив №1 Новосибирск;SR 171 000 00 00;Формирование акта об отсутствии ТЕ/реестра в составе ТН/Формирование акта об отсутствии реестра в составе ТЕ/Сканирование акта об отсутствии ТЕ/реестра в составе ТН/ТЕ;-;00;Регистрация;Акт;120;RUCH
ОСЦ Самара;Вне подразделений;SR 171 000 00 00;Формирование акта об отсутствии ТЕ/реестра в составе ТН/Формирование акта об отсутствии реестра в составе ТЕ/Сканирование акта об отсутствии ТЕ/реестра в составе ТН/ТЕ;-;00;Регистрация;Акт;120;RUCH
ОСЦ Новосибирск;Архив №3 Екатеринбург;SR 171 000 00 00;Формирование акта об отсутствии ТЕ/реестра в составе ТН/Формирование акта об отсутствии реестра в составе ТЕ/Сканирование акта об отсутствии ТЕ/реестра в составе ТН/ТЕ;-;00;Регистрация;Акт;120;RUCH
ОСЦ Самара;Архив №1 Самара;SR 171 000 00 00;Формирование акта об отсутствии ТЕ/реестра в составе ТН/Формирование акта об отсутствии реестра в составе ТЕ/Сканирование акта об отсутствии ТЕ/реестра в составе ТН/ТЕ;-;00;Регистрация;Акт;120;RUCH
ОСЦ Воронеж;Вне подразделений;SR 175 000 00 00;КОД ЮЛ_Формирование журнала КОД выверка загруженной информации на дубли удаление документов из журнала (копии в договорах);-;00;Регистрация;Документ;26;RUCH
ОСЦ Воронеж;Архив №1 Воронеж;SR 175 000 00 00;КОД ЮЛ_Формирование журнала КОД выверка загруженной информации на дубли удаление документов из журнала (копии в договорах);-;00;Регистрация;Документ;24,8;RUCH
ОСЦ Воронеж;Архив №3 Калининград;SR 175 000 00 00;КОД ЮЛ_Формирование журнала КОД выверка загруженной информации на дубли удаление документов из журнала (копии в договорах);-;00;Регистрация;Документ;26;RUCH
ОСЦ Воронеж;Архив №4 Санкт-Петербург;SR 175 000 00 00;КОД ЮЛ_Формирование журнала КОД выверка загруженной информации на дубли удаление документов из журнала (копии в договорах);-;00;Регистрация;Документ;18,651;RUCH
ОСЦ Москва;Вне подразделений;SR 175 000 00 00;КОД ЮЛ_Формирование журнала КОД выверка загруженной информации на дубли удаление документов из журнала (копии в договорах);-;00;Регистрация;Документ;26;RUCH
ОСЦ Москва;Архив №1 Томилино;SR 175 000 00 00;КОД ЮЛ_Формирование журнала КОД выверка загруженной информации на дубли удаление документов из журнала (копии в договорах);-;00;Регистрация;Документ;19,907;RUCH
ОСЦ Нижний Новгород;Вне подразделений;SR 175 000 00 00;КОД ЮЛ_Формирование журнала КОД выверка загруженной информации на дубли удаление документов из журнала (копии в договорах);-;00;Регистрация;Документ;26;RUCH
ОСЦ Нижний Новгород;Архив №1 Нижний Новгород;SR 175 000 00 00;КОД ЮЛ_Формирование журнала КОД выверка загруженной информации на дубли удаление документов из журнала (копии в договорах);-;00;Регистрация;Документ;24,86;RUCH
ОСЦ Новосибирск;Вне подразделений;SR 175 000 00 00;КОД ЮЛ_Формирование журнала КОД выверка загруженной информации на дубли удаление документов из журнала (копии в договорах);-;00;Регистрация;Документ;26;RUCH
ОСЦ Новосибирск;Архив №1 Новосибирск;SR 175 000 00 00;КОД ЮЛ_Формирование журнала КОД выверка загруженной информации на дубли удаление документов из журнала (копии в договорах);-;00;Регистрация;Документ;24,633;RUCH
ОСЦ Самара;Вне подразделений;SR 175 000 00 00;КОД ЮЛ_Формирование журнала КОД выверка загруженной информации на дубли удаление документов из журнала (копии в договорах);-;00;Регистрация;Документ;26;RUCH
ОСЦ Новосибирск;Архив №3 Екатеринбург;SR 175 000 00 00;КОД ЮЛ_Формирование журнала КОД выверка загруженной информации на дубли удаление документов из журнала (копии в договорах);-;00;Регистрация;Документ;23,775;RUCH
ОСЦ Самара;Архив №1 Самара;SR 175 000 00 00;КОД ЮЛ_Формирование журнала КОД выверка загруженной информации на дубли удаление документов из журнала (копии в договорах);-;00;Регистрация;Документ;18,302;RUCH
ОСЦ Воронеж;Вне подразделений;SR 179 000 00 00;КОД ЮЛ_Формирование и направление сообщения ВК о выявленном факте нарушения;-;00;Регистрация;Сообщение;840;RUCH
ОСЦ Воронеж;Архив №1 Воронеж;SR 179 000 00 00;КОД ЮЛ_Формирование и направление сообщения ВК о выявленном факте нарушения;-;00;Регистрация;Сообщение;840;RUCH
ОСЦ Воронеж;Архив №3 Калининград;SR 179 000 00 00;КОД ЮЛ_Формирование и направление сообщения ВК о выявленном факте нарушения;-;00;Регистрация;Сообщение;840;RUCH
ОСЦ Воронеж;Архив №4 Санкт-Петербург;SR 179 000 00 00;КОД ЮЛ_Формирование и направление сообщения ВК о выявленном факте нарушения;-;00;Регистрация;Сообщение;840;RUCH
ОСЦ Москва;Вне подразделений;SR 179 000 00 00;КОД ЮЛ_Формирование и направление сообщения ВК о выявленном факте нарушения;-;00;Регистрация;Сообщение;840;RUCH
ОСЦ Москва;Архив №1 Томилино;SR 179 000 00 00;КОД ЮЛ_Формирование и направление сообщения ВК о выявленном факте нарушения;-;00;Регистрация;Сообщение;840;RUCH
ОСЦ Нижний Новгород;Вне подразделений;SR 179 000 00 00;КОД ЮЛ_Формирование и направление сообщения ВК о выявленном факте нарушения;-;00;Регистрация;Сообщение;840;RUCH
ОСЦ Нижний Новгород;Архив №1 Нижний Новгород;SR 179 000 00 00;КОД ЮЛ_Формирование и направление сообщения ВК о выявленном факте нарушения;-;00;Регистрация;Сообщение;840;RUCH
ОСЦ Новосибирск;Вне подразделений;SR 179 000 00 00;КОД ЮЛ_Формирование и направление сообщения ВК о выявленном факте нарушения;-;00;Регистрация;Сообщение;840;RUCH
ОСЦ Новосибирск;Архив №1 Новосибирск;SR 179 000 00 00;КОД ЮЛ_Формирование и направление сообщения ВК о выявленном факте нарушения;-;00;Регистрация;Сообщение;840;RUCH
ОСЦ Самара;Вне подразделений;SR 179 000 00 00;КОД ЮЛ_Формирование и направление сообщения ВК о выявленном факте нарушения;-;00;Регистрация;Сообщение;840;RUCH
ОСЦ Новосибирск;Архив №3 Екатеринбург;SR 179 000 00 00;КОД ЮЛ_Формирование и направление сообщения ВК о выявленном факте нарушения;-;00;Регистрация;Сообщение;840;RUCH
ОСЦ Самара;Архив №1 Самара;SR 179 000 00 00;КОД ЮЛ_Формирование и направление сообщения ВК о выявленном факте нарушения;-;00;Регистрация;Сообщение;840;RUCH
ОСЦ Воронеж;Вне подразделений;SR 180 000 00 00;КОД ЮЛ_Формирование копий документов/сканкопий (КОД);-;00;Регистрация;Документ;120;RUCH
ОСЦ Воронеж;Архив №1 Воронеж;SR 180 000 00 00;КОД ЮЛ_Формирование копий документов/сканкопий (КОД);-;00;Регистрация;Документ;120;RUCH
ОСЦ Воронеж;Архив №3 Калининград;SR 180 000 00 00;КОД ЮЛ_Формирование копий документов/сканкопий (КОД);-;00;Регистрация;Документ;120;RUCH
ОСЦ Воронеж;Архив №4 Санкт-Петербург;SR 180 000 00 00;КОД ЮЛ_Формирование копий документов/сканкопий (КОД);-;00;Регистрация;Документ;120;RUCH
ОСЦ Москва;Вне подразделений;SR 180 000 00 00;КОД ЮЛ_Формирование копий документов/сканкопий (КОД);-;00;Регистрация;Документ;120;RUCH
ОСЦ Москва;Архив №1 Томилино;SR 180 000 00 00;КОД ЮЛ_Формирование копий документов/сканкопий (КОД);-;00;Регистрация;Документ;120;RUCH
ОСЦ Нижний Новгород;Вне подразделений;SR 180 000 00 00;КОД ЮЛ_Формирование копий документов/сканкопий (КОД);-;00;Регистрация;Документ;120;RUCH
ОСЦ Нижний Новгород;Архив №1 Нижний Новгород;SR 180 000 00 00;КОД ЮЛ_Формирование копий документов/сканкопий (КОД);-;00;Регистрация;Документ;120;RUCH
ОСЦ Новосибирск;Вне подразделений;SR 180 000 00 00;КОД ЮЛ_Формирование копий документов/сканкопий (КОД);-;00;Регистрация;Документ;120;RUCH
ОСЦ Новосибирск;Архив №1 Новосибирск;SR 180 000 00 00;КОД ЮЛ_Формирование копий документов/сканкопий (КОД);-;00;Регистрация;Документ;120;RUCH
ОСЦ Самара;Вне подразделений;SR 180 000 00 00;КОД ЮЛ_Формирование копий документов/сканкопий (КОД);-;00;Регистрация;Документ;120;RUCH
ОСЦ Новосибирск;Архив №3 Екатеринбург;SR 180 000 00 00;КОД ЮЛ_Формирование копий документов/сканкопий (КОД);-;00;Регистрация;Документ;120;RUCH
ОСЦ Самара;Архив №1 Самара;SR 180 000 00 00;КОД ЮЛ_Формирование копий документов/сканкопий (КОД);-;00;Регистрация;Документ;120;RUCH
ОСЦ Воронеж;Вне подразделений;SR 194 000 00 00;КОД ЮЛ_Формирование списка документов КОД подлежащих верификации/проверке;-;00;Регистрация;Документ;4;RUCH
ОСЦ Воронеж;Архив №1 Воронеж;SR 194 000 00 00;КОД ЮЛ_Формирование списка документов КОД подлежащих верификации/проверке;-;00;Регистрация;Документ;4;RUCH
ОСЦ Воронеж;Архив №3 Калининград;SR 194 000 00 00;КОД ЮЛ_Формирование списка документов КОД подлежащих верификации/проверке;-;00;Регистрация;Документ;4;RUCH
ОСЦ Воронеж;Архив №4 Санкт-Петербург;SR 194 000 00 00;КОД ЮЛ_Формирование списка документов КОД подлежащих верификации/проверке;-;00;Регистрация;Документ;4;RUCH
ОСЦ Москва;Вне подразделений;SR 194 000 00 00;КОД ЮЛ_Формирование списка документов КОД подлежащих верификации/проверке;-;00;Регистрация;Документ;4;RUCH
ОСЦ Москва;Архив №1 Томилино;SR 194 000 00 00;КОД ЮЛ_Формирование списка документов КОД подлежащих верификации/проверке;-;00;Регистрация;Документ;4;RUCH
ОСЦ Нижний Новгород;Вне подразделений;SR 194 000 00 00;КОД ЮЛ_Формирование списка документов КОД подлежащих верификации/проверке;-;00;Регистрация;Документ;4;RUCH
ОСЦ Нижний Новгород;Архив №1 Нижний Новгород;SR 194 000 00 00;КОД ЮЛ_Формирование списка документов КОД подлежащих верификации/проверке;-;00;Регистрация;Документ;4;RUCH
ОСЦ Новосибирск;Вне подразделений;SR 194 000 00 00;КОД ЮЛ_Формирование списка документов КОД подлежащих верификации/проверке;-;00;Регистрация;Документ;4;RUCH
ОСЦ Новосибирск;Архив №1 Новосибирск;SR 194 000 00 00;КОД ЮЛ_Формирование списка документов КОД подлежащих верификации/проверке;-;00;Регистрация;Документ;4;RUCH
ОСЦ Самара;Вне подразделений;SR 194 000 00 00;КОД ЮЛ_Формирование списка документов КОД подлежащих верификации/проверке;-;00;Регистрация;Документ;4;RUCH
ОСЦ Новосибирск;Архив №3 Екатеринбург;SR 194 000 00 00;КОД ЮЛ_Формирование списка документов КОД подлежащих верификации/проверке;-;00;Регистрация;Документ;4;RUCH
ОСЦ Самара;Архив №1 Самара;SR 194 000 00 00;КОД ЮЛ_Формирование списка документов КОД подлежащих верификации/проверке;-;00;Регистрация;Документ;4;RUCH
ОСЦ Воронеж;Вне подразделений;SR 317 000 00 00;КОД ЮЛ_Контрольные процедуры (КОД);-;00;Регистрация;документ;0;RUCH
ОСЦ Воронеж;Архив №1 Воронеж;SR 317 000 00 00;КОД ЮЛ_Контрольные процедуры (КОД);-;00;Регистрация;документ;21,163;RUCH
ОСЦ Воронеж;Архив №3 Калининград;SR 317 000 00 00;КОД ЮЛ_Контрольные процедуры (КОД);-;00;Регистрация;документ;0;RUCH
ОСЦ Воронеж;Архив №4 Санкт-Петербург;SR 317 000 00 00;КОД ЮЛ_Контрольные процедуры (КОД);-;00;Регистрация;документ;16,628;RUCH
ОСЦ Москва;Вне подразделений;SR 317 000 00 00;КОД ЮЛ_Контрольные процедуры (КОД);-;00;Регистрация;документ;0;RUCH
ОСЦ Москва;Архив №1 Томилино;SR 317 000 00 00;КОД ЮЛ_Контрольные процедуры (КОД);-;00;Регистрация;документ;18,236;RUCH
ОСЦ Нижний Новгород;Вне подразделений;SR 317 000 00 00;КОД ЮЛ_Контрольные процедуры (КОД);-;00;Регистрация;документ;0;RUCH
ОСЦ Нижний Новгород;Архив №1 Нижний Новгород;SR 317 000 00 00;КОД ЮЛ_Контрольные процедуры (КОД);-;00;Регистрация;документ;17,252;RUCH
ОСЦ Новосибирск;Вне подразделений;SR 317 000 00 00;КОД ЮЛ_Контрольные процедуры (КОД);-;00;Регистрация;документ;0;RUCH
ОСЦ Новосибирск;Архив №1 Новосибирск;SR 317 000 00 00;КОД ЮЛ_Контрольные процедуры (КОД);-;00;Регистрация;документ;20,997;RUCH
ОСЦ Самара;Вне подразделений;SR 317 000 00 00;КОД ЮЛ_Контрольные процедуры (КОД);-;00;Регистрация;документ;0;RUCH
ОСЦ Новосибирск;Архив №3 Екатеринбург;SR 317 000 00 00;КОД ЮЛ_Контрольные процедуры (КОД);-;00;Регистрация;документ;18,138;RUCH
ОСЦ Самара;Архив №1 Самара;SR 317 000 00 00;КОД ЮЛ_Контрольные процедуры (КОД);-;00;Регистрация;документ;17,185;RUCH
ОСЦ Воронеж;Вне подразделений;SR 202 000 00 00;ДВА_Работа по обращениям ССП/ВСП в ЕСО;-;00;Регистрация;Обращение;331;RUCH
ОСЦ Воронеж;Архив №1 Воронеж;SR 202 000 00 00;ДВА_Работа по обращениям ССП/ВСП в ЕСО;-;00;Регистрация;Обращение;331;RUCH
ОСЦ Воронеж;Архив №3 Калининград;SR 202 000 00 00;ДВА_Работа по обращениям ССП/ВСП в ЕСО;-;00;Регистрация;Обращение;331;RUCH
ОСЦ Воронеж;Архив №4 Санкт-Петербург;SR 202 000 00 00;ДВА_Работа по обращениям ССП/ВСП в ЕСО;-;00;Регистрация;Обращение;331;RUCH
ОСЦ Москва;Вне подразделений;SR 202 000 00 00;ДВА_Работа по обращениям ССП/ВСП в ЕСО;-;00;Регистрация;Обращение;331;RUCH
ОСЦ Москва;Архив №1 Томилино;SR 202 000 00 00;ДВА_Работа по обращениям ССП/ВСП в ЕСО;-;00;Регистрация;Обращение;331;RUCH
ОСЦ Нижний Новгород;Вне подразделений;SR 202 000 00 00;ДВА_Работа по обращениям ССП/ВСП в ЕСО;-;00;Регистрация;Обращение;331;RUCH
ОСЦ Нижний Новгород;Архив №1 Нижний Новгород;SR 202 000 00 00;ДВА_Работа по обращениям ССП/ВСП в ЕСО;-;00;Регистрация;Обращение;331;RUCH
ОСЦ Новосибирск;Вне подразделений;SR 202 000 00 00;ДВА_Работа по обращениям ССП/ВСП в ЕСО;-;00;Регистрация;Обращение;331;RUCH
ОСЦ Новосибирск;Архив №1 Новосибирск;SR 202 000 00 00;ДВА_Работа по обращениям ССП/ВСП в ЕСО;-;00;Регистрация;Обращение;240;RUCH
ОСЦ Самара;Вне подразделений;SR 202 000 00 00;ДВА_Работа по обращениям ССП/ВСП в ЕСО;-;00;Регистрация;Обращение;331;RUCH
ОСЦ Новосибирск;Архив №3 Екатеринбург;SR 202 000 00 00;ДВА_Работа по обращениям ССП/ВСП в ЕСО;-;00;Регистрация;Обращение;240;RUCH
ОСЦ Самара;Архив №1 Самара;SR 202 000 00 00;ДВА_Работа по обращениям ССП/ВСП в ЕСО;-;00;Регистрация;Обращение;300;RUCH
ОСЦ Воронеж;Вне подразделений;SR 212 000 00 00;ДВА_Определение ССП/ВСП - владельца документов и/или правопреемника;-;00;Регистрация;Подразделение;80;RUCH
ОСЦ Воронеж;Архив №1 Воронеж;SR 212 000 00 00;ДВА_Определение ССП/ВСП - владельца документов и/или правопреемника;-;00;Регистрация;Подразделение;80;RUCH
ОСЦ Воронеж;Архив №3 Калининград;SR 212 000 00 00;ДВА_Определение ССП/ВСП - владельца документов и/или правопреемника;-;00;Регистрация;Подразделение;80;RUCH
ОСЦ Воронеж;Архив №4 Санкт-Петербург;SR 212 000 00 00;ДВА_Определение ССП/ВСП - владельца документов и/или правопреемника;-;00;Регистрация;Подразделение;80;RUCH
ОСЦ Москва;Вне подразделений;SR 212 000 00 00;ДВА_Определение ССП/ВСП - владельца документов и/или правопреемника;-;00;Регистрация;Подразделение;80;RUCH
ОСЦ Москва;Архив №1 Томилино;SR 212 000 00 00;ДВА_Определение ССП/ВСП - владельца документов и/или правопреемника;-;00;Регистрация;Подразделение;40;RUCH
ОСЦ Нижний Новгород;Вне подразделений;SR 212 000 00 00;ДВА_Определение ССП/ВСП - владельца документов и/или правопреемника;-;00;Регистрация;Подразделение;80;RUCH
ОСЦ Нижний Новгород;Архив №1 Нижний Новгород;SR 212 000 00 00;ДВА_Определение ССП/ВСП - владельца документов и/или правопреемника;-;00;Регистрация;Подразделение;80;RUCH
ОСЦ Новосибирск;Вне подразделений;SR 212 000 00 00;ДВА_Определение ССП/ВСП - владельца документов и/или правопреемника;-;00;Регистрация;Подразделение;80;RUCH
ОСЦ Новосибирск;Архив №1 Новосибирск;SR 212 000 00 00;ДВА_Определение ССП/ВСП - владельца документов и/или правопреемника;-;00;Регистрация;Подразделение;80;RUCH
ОСЦ Самара;Вне подразделений;SR 212 000 00 00;ДВА_Определение ССП/ВСП - владельца документов и/или правопреемника;-;00;Регистрация;Подразделение;80;RUCH
ОСЦ Новосибирск;Архив №3 Екатеринбург;SR 212 000 00 00;ДВА_Определение ССП/ВСП - владельца документов и/или правопреемника;-;00;Регистрация;Подразделение;80;RUCH
ОСЦ Самара;Архив №1 Самара;SR 212 000 00 00;ДВА_Определение ССП/ВСП - владельца документов и/или правопреемника;-;00;Регистрация;Подразделение;80;RUCH
ОСЦ Воронеж;Вне подразделений;SR 218 000 00 00;ДВА_Передача документов для организации их физического уничтожения;-;00;Регистрация;Рейс;28800;RUCH
ОСЦ Воронеж;Архив №1 Воронеж;SR 218 000 00 00;ДВА_Передача документов для организации их физического уничтожения;-;00;Регистрация;Рейс;28800;RUCH
ОСЦ Воронеж;Архив №3 Калининград;SR 218 000 00 00;ДВА_Передача документов для организации их физического уничтожения;-;00;Регистрация;Рейс;28800;RUCH
ОСЦ Воронеж;Архив №4 Санкт-Петербург;SR 218 000 00 00;ДВА_Передача документов для организации их физического уничтожения;-;00;Регистрация;Рейс;28800;RUCH
ОСЦ Москва;Вне подразделений;SR 218 000 00 00;ДВА_Передача документов для организации их физического уничтожения;-;00;Регистрация;Рейс;28800;RUCH
ОСЦ Москва;Архив №1 Томилино;SR 218 000 00 00;ДВА_Передача документов для организации их физического уничтожения;-;00;Регистрация;Рейс;28800;RUCH
ОСЦ Нижний Новгород;Вне подразделений;SR 218 000 00 00;ДВА_Передача документов для организации их физического уничтожения;-;00;Регистрация;Рейс;28800;RUCH
ОСЦ Нижний Новгород;Архив №1 Нижний Новгород;SR 218 000 00 00;ДВА_Передача документов для организации их физического уничтожения;-;00;Регистрация;Рейс;28800;RUCH
ОСЦ Новосибирск;Вне подразделений;SR 218 000 00 00;ДВА_Передача документов для организации их физического уничтожения;-;00;Регистрация;Рейс;28800;RUCH
ОСЦ Новосибирск;Архив №1 Новосибирск;SR 218 000 00 00;ДВА_Передача документов для организации их физического уничтожения;-;00;Регистрация;Рейс;28800;RUCH
ОСЦ Самара;Вне подразделений;SR 218 000 00 00;ДВА_Передача документов для организации их физического уничтожения;-;00;Регистрация;Рейс;28800;RUCH
ОСЦ Новосибирск;Архив №3 Екатеринбург;SR 218 000 00 00;ДВА_Передача документов для организации их физического уничтожения;-;00;Регистрация;Рейс;28800;RUCH
ОСЦ Самара;Архив №1 Самара;SR 218 000 00 00;ДВА_Передача документов для организации их физического уничтожения;-;00;Регистрация;Рейс;28800;RUCH
ОСЦ Воронеж;Вне подразделений;SR 234 000 00 00;ДВА_Формирование акта приема-передачи ШК для передачи на хранение (СЛиУД/ОСГ);-;00;Регистрация;АК;19;RUCH
ОСЦ Воронеж;Архив №1 Воронеж;SR 234 000 00 00;ДВА_Формирование акта приема-передачи ШК для передачи на хранение (СЛиУД/ОСГ);-;00;Регистрация;АК;19;RUCH
ОСЦ Воронеж;Архив №3 Калининград;SR 234 000 00 00;ДВА_Формирование акта приема-передачи ШК для передачи на хранение (СЛиУД/ОСГ);-;00;Регистрация;АК;19;RUCH
ОСЦ Воронеж;Архив №4 Санкт-Петербург;SR 234 000 00 00;ДВА_Формирование акта приема-передачи ШК для передачи на хранение (СЛиУД/ОСГ);-;00;Регистрация;АК;19;RUCH
ОСЦ Москва;Вне подразделений;SR 234 000 00 00;ДВА_Формирование акта приема-передачи ШК для передачи на хранение (СЛиУД/ОСГ);-;00;Регистрация;АК;19;RUCH
ОСЦ Москва;Архив №1 Томилино;SR 234 000 00 00;ДВА_Формирование акта приема-передачи ШК для передачи на хранение (СЛиУД/ОСГ);-;00;Регистрация;АК;19;RUCH
ОСЦ Нижний Новгород;Вне подразделений;SR 234 000 00 00;ДВА_Формирование акта приема-передачи ШК для передачи на хранение (СЛиУД/ОСГ);-;00;Регистрация;АК;20;RUCH
ОСЦ Нижний Новгород;Архив №1 Нижний Новгород;SR 234 000 00 00;ДВА_Формирование акта приема-передачи ШК для передачи на хранение (СЛиУД/ОСГ);-;00;Регистрация;АК;20;RUCH
ОСЦ Новосибирск;Вне подразделений;SR 234 000 00 00;ДВА_Формирование акта приема-передачи ШК для передачи на хранение (СЛиУД/ОСГ);-;00;Регистрация;АК;19;RUCH
ОСЦ Новосибирск;Архив №1 Новосибирск;SR 234 000 00 00;ДВА_Формирование акта приема-передачи ШК для передачи на хранение (СЛиУД/ОСГ);-;00;Регистрация;АК;19;RUCH
ОСЦ Самара;Вне подразделений;SR 234 000 00 00;ДВА_Формирование акта приема-передачи ШК для передачи на хранение (СЛиУД/ОСГ);-;00;Регистрация;АК;19;RUCH
ОСЦ Новосибирск;Архив №3 Екатеринбург;SR 234 000 00 00;ДВА_Формирование акта приема-передачи ШК для передачи на хранение (СЛиУД/ОСГ);-;00;Регистрация;АК;19;RUCH
ОСЦ Самара;Архив №1 Самара;SR 234 000 00 00;ДВА_Формирование акта приема-передачи ШК для передачи на хранение (СЛиУД/ОСГ);-;00;Регистрация;АК;16;RUCH
ОСЦ Воронеж;Вне подразделений;SR 238 000 00 00;ДВА_Формирование Протокола ЭК;-;00;Регистрация;Протокол;900;RUCH
ОСЦ Воронеж;Архив №1 Воронеж;SR 238 000 00 00;ДВА_Формирование Протокола ЭК;-;00;Регистрация;Протокол;900;RUCH
ОСЦ Воронеж;Архив №3 Калининград;SR 238 000 00 00;ДВА_Формирование Протокола ЭК;-;00;Регистрация;Протокол;900;RUCH
ОСЦ Воронеж;Архив №4 Санкт-Петербург;SR 238 000 00 00;ДВА_Формирование Протокола ЭК;-;00;Регистрация;Протокол;900;RUCH
ОСЦ Москва;Вне подразделений;SR 238 000 00 00;ДВА_Формирование Протокола ЭК;-;00;Регистрация;Протокол;900;RUCH
ОСЦ Москва;Архив №1 Томилино;SR 238 000 00 00;ДВА_Формирование Протокола ЭК;-;00;Регистрация;Протокол;900;RUCH
ОСЦ Нижний Новгород;Вне подразделений;SR 238 000 00 00;ДВА_Формирование Протокола ЭК;-;00;Регистрация;Протокол;900;RUCH
ОСЦ Нижний Новгород;Архив №1 Нижний Новгород;SR 238 000 00 00;ДВА_Формирование Протокола ЭК;-;00;Регистрация;Протокол;900;RUCH
ОСЦ Новосибирск;Вне подразделений;SR 238 000 00 00;ДВА_Формирование Протокола ЭК;-;00;Регистрация;Протокол;900;RUCH
ОСЦ Новосибирск;Архив №1 Новосибирск;SR 238 000 00 00;ДВА_Формирование Протокола ЭК;-;00;Регистрация;Протокол;900;RUCH
ОСЦ Самара;Вне подразделений;SR 238 000 00 00;ДВА_Формирование Протокола ЭК;-;00;Регистрация;Протокол;900;RUCH
ОСЦ Новосибирск;Архив №3 Екатеринбург;SR 238 000 00 00;ДВА_Формирование Протокола ЭК;-;00;Регистрация;Протокол;900;RUCH
ОСЦ Самара;Архив №1 Самара;SR 238 000 00 00;ДВА_Формирование Протокола ЭК;-;00;Регистрация;Протокол;900;RUCH
ОСЦ Воронеж;Вне подразделений;SR 252 000 00 00;КОД ЮЛ_КОД ЮЛ. Поиск СЗ по № договора. Прием служебной записки  на сопровождение| проверка корректности СЗ.;-;00;Регистрация;Договор;360;RUCH
ОСЦ Воронеж;Архив №1 Воронеж;SR 252 000 00 00;КОД ЮЛ_КОД ЮЛ. Поиск СЗ по № договора. Прием служебной записки  на сопровождение| проверка корректности СЗ.;-;00;Регистрация;Договор;360;RUCH
ОСЦ Воронеж;Архив №3 Калининград;SR 252 000 00 00;КОД ЮЛ_КОД ЮЛ. Поиск СЗ по № договора. Прием служебной записки  на сопровождение| проверка корректности СЗ.;-;00;Регистрация;Договор;360;RUCH
ОСЦ Воронеж;Архив №4 Санкт-Петербург;SR 252 000 00 00;КОД ЮЛ_КОД ЮЛ. Поиск СЗ по № договора. Прием служебной записки  на сопровождение| проверка корректности СЗ.;-;00;Регистрация;Договор;360;RUCH
ОСЦ Москва;Вне подразделений;SR 252 000 00 00;КОД ЮЛ_КОД ЮЛ. Поиск СЗ по № договора. Прием служебной записки  на сопровождение| проверка корректности СЗ.;-;00;Регистрация;Договор;360;RUCH
ОСЦ Москва;Архив №1 Томилино;SR 252 000 00 00;КОД ЮЛ_КОД ЮЛ. Поиск СЗ по № договора. Прием служебной записки  на сопровождение| проверка корректности СЗ.;-;00;Регистрация;Договор;360;RUCH
ОСЦ Нижний Новгород;Вне подразделений;SR 252 000 00 00;КОД ЮЛ_КОД ЮЛ. Поиск СЗ по № договора. Прием служебной записки  на сопровождение| проверка корректности СЗ.;-;00;Регистрация;Договор;360;RUCH
ОСЦ Нижний Новгород;Архив №1 Нижний Новгород;SR 252 000 00 00;КОД ЮЛ_КОД ЮЛ. Поиск СЗ по № договора. Прием служебной записки  на сопровождение| проверка корректности СЗ.;-;00;Регистрация;Договор;360;RUCH
ОСЦ Новосибирск;Вне подразделений;SR 252 000 00 00;КОД ЮЛ_КОД ЮЛ. Поиск СЗ по № договора. Прием служебной записки  на сопровождение| проверка корректности СЗ.;-;00;Регистрация;Договор;360;RUCH
ОСЦ Новосибирск;Архив №1 Новосибирск;SR 252 000 00 00;КОД ЮЛ_КОД ЮЛ. Поиск СЗ по № договора. Прием служебной записки  на сопровождение| проверка корректности СЗ.;-;00;Регистрация;Договор;360;RUCH
ОСЦ Самара;Вне подразделений;SR 252 000 00 00;КОД ЮЛ_КОД ЮЛ. Поиск СЗ по № договора. Прием служебной записки  на сопровождение| проверка корректности СЗ.;-;00;Регистрация;Договор;360;RUCH
ОСЦ Новосибирск;Архив №3 Екатеринбург;SR 252 000 00 00;КОД ЮЛ_КОД ЮЛ. Поиск СЗ по № договора. Прием служебной записки  на сопровождение| проверка корректности СЗ.;-;00;Регистрация;Договор;360;RUCH
ОСЦ Самара;Архив №1 Самара;SR 252 000 00 00;КОД ЮЛ_КОД ЮЛ. Поиск СЗ по № договора. Прием служебной записки  на сопровождение| проверка корректности СЗ.;-;00;Регистрация;Договор;360;RUCH
ОСЦ Воронеж;Вне подразделений;SR 266 000 00 00;Верификация доверенностей СБ1;-;00;Регистрация;Доверенность;13;RUCH
ОСЦ Воронеж;Архив №1 Воронеж;SR 266 000 00 00;Верификация доверенностей СБ1;-;00;Регистрация;Доверенность;13;RUCH
ОСЦ Воронеж;Архив №3 Калининград;SR 266 000 00 00;Верификация доверенностей СБ1;-;00;Регистрация;Доверенность;13;RUCH
ОСЦ Воронеж;Архив №4 Санкт-Петербург;SR 266 000 00 00;Верификация доверенностей СБ1;-;00;Регистрация;Доверенность;13;RUCH
ОСЦ Москва;Вне подразделений;SR 266 000 00 00;Верификация доверенностей СБ1;-;00;Регистрация;Доверенность;13;RUCH
ОСЦ Москва;Архив №1 Томилино;SR 266 000 00 00;Верификация доверенностей СБ1;-;00;Регистрация;Доверенность;13;RUCH
ОСЦ Нижний Новгород;Вне подразделений;SR 266 000 00 00;Верификация доверенностей СБ1;-;00;Регистрация;Доверенность;13;RUCH
ОСЦ Нижний Новгород;Архив №1 Нижний Новгород;SR 266 000 00 00;Верификация доверенностей СБ1;-;00;Регистрация;Доверенность;13;RUCH
ОСЦ Новосибирск;Вне подразделений;SR 266 000 00 00;Верификация доверенностей СБ1;-;00;Регистрация;Доверенность;13;RUCH
ОСЦ Новосибирск;Архив №1 Новосибирск;SR 266 000 00 00;Верификация доверенностей СБ1;-;00;Регистрация;Доверенность;13;RUCH
ОСЦ Самара;Вне подразделений;SR 266 000 00 00;Верификация доверенностей СБ1;-;00;Регистрация;Доверенность;13;RUCH
ОСЦ Новосибирск;Архив №3 Екатеринбург;SR 266 000 00 00;Верификация доверенностей СБ1;-;00;Регистрация;Доверенность;13;RUCH
ОСЦ Самара;Архив №1 Самара;SR 266 000 00 00;Верификация доверенностей СБ1;-;00;Регистрация;Доверенность;13;RUCH
ОСЦ Воронеж;Вне подразделений;SR 274 000 00 00;ДВА_Сортировка дел по срокам хранения и окончанию делопроизводства;-;00;Регистрация;АК;1460,5;RUCH
ОСЦ Воронеж;Архив №1 Воронеж;SR 274 000 00 00;ДВА_Сортировка дел по срокам хранения и окончанию делопроизводства;-;00;Регистрация;АК;1460,5;RUCH
ОСЦ Воронеж;Архив №3 Калининград;SR 274 000 00 00;ДВА_Сортировка дел по срокам хранения и окончанию делопроизводства;-;00;Регистрация;АК;1458,281;RUCH
ОСЦ Воронеж;Архив №4 Санкт-Петербург;SR 274 000 00 00;ДВА_Сортировка дел по срокам хранения и окончанию делопроизводства;-;00;Регистрация;АК;1454,681;RUCH
ОСЦ Москва;Вне подразделений;SR 274 000 00 00;ДВА_Сортировка дел по срокам хранения и окончанию делопроизводства;-;00;Регистрация;АК;2057;RUCH
ОСЦ Москва;Архив №1 Томилино;SR 274 000 00 00;ДВА_Сортировка дел по срокам хранения и окончанию делопроизводства;-;00;Регистрация;АК;865,037;RUCH
ОСЦ Нижний Новгород;Вне подразделений;SR 274 000 00 00;ДВА_Сортировка дел по срокам хранения и окончанию делопроизводства;-;00;Регистрация;АК;2057;RUCH
ОСЦ Нижний Новгород;Архив №1 Нижний Новгород;SR 274 000 00 00;ДВА_Сортировка дел по срокам хранения и окончанию делопроизводства;-;00;Регистрация;АК;921,412;RUCH
ОСЦ Новосибирск;Вне подразделений;SR 274 000 00 00;ДВА_Сортировка дел по срокам хранения и окончанию делопроизводства;-;00;Регистрация;АК;2057;RUCH
ОСЦ Новосибирск;Архив №1 Новосибирск;SR 274 000 00 00;ДВА_Сортировка дел по срокам хранения и окончанию делопроизводства;-;00;Регистрация;АК;1441,256;RUCH
ОСЦ Самара;Вне подразделений;SR 274 000 00 00;ДВА_Сортировка дел по срокам хранения и окончанию делопроизводства;-;00;Регистрация;АК;2057;RUCH
ОСЦ Новосибирск;Архив №3 Екатеринбург;SR 274 000 00 00;ДВА_Сортировка дел по срокам хранения и окончанию делопроизводства;-;00;Регистрация;АК;1441,628;RUCH
ОСЦ Самара;Архив №1 Самара;SR 274 000 00 00;ДВА_Сортировка дел по срокам хранения и окончанию делопроизводства;-;00;Регистрация;АК;1451,486;RUCH
ОСЦ Воронеж;Вне подразделений;SR 275 000 00 00;ДВА_Сортировка карточек ф.1 (внесистемный учет-1 АК=1700 карточек);-;00;Проекты;АК;11520;RUCH
ОСЦ Воронеж;Архив №1 Воронеж;SR 275 000 00 00;ДВА_Сортировка карточек ф.1 (внесистемный учет-1 АК=1700 карточек);-;00;Проекты;АК;11520;RUCH
ОСЦ Воронеж;Архив №3 Калининград;SR 275 000 00 00;ДВА_Сортировка карточек ф.1 (внесистемный учет-1 АК=1700 карточек);-;00;Проекты;АК;11520;RUCH
ОСЦ Воронеж;Архив №4 Санкт-Петербург;SR 275 000 00 00;ДВА_Сортировка карточек ф.1 (внесистемный учет-1 АК=1700 карточек);-;00;Проекты;АК;11520;RUCH
ОСЦ Москва;Вне подразделений;SR 275 000 00 00;ДВА_Сортировка карточек ф.1 (внесистемный учет-1 АК=1700 карточек);-;00;Проекты;АК;11520;RUCH
ОСЦ Москва;Архив №1 Томилино;SR 275 000 00 00;ДВА_Сортировка карточек ф.1 (внесистемный учет-1 АК=1700 карточек);-;00;Проекты;АК;11520;RUCH
ОСЦ Нижний Новгород;Вне подразделений;SR 275 000 00 00;ДВА_Сортировка карточек ф.1 (внесистемный учет-1 АК=1700 карточек);-;00;Проекты;АК;11520;RUCH
ОСЦ Нижний Новгород;Архив №1 Нижний Новгород;SR 275 000 00 00;ДВА_Сортировка карточек ф.1 (внесистемный учет-1 АК=1700 карточек);-;00;Проекты;АК;11520;RUCH
ОСЦ Новосибирск;Вне подразделений;SR 275 000 00 00;ДВА_Сортировка карточек ф.1 (внесистемный учет-1 АК=1700 карточек);-;00;Проекты;АК;11520;RUCH
ОСЦ Новосибирск;Архив №1 Новосибирск;SR 275 000 00 00;ДВА_Сортировка карточек ф.1 (внесистемный учет-1 АК=1700 карточек);-;00;Проекты;АК;11520;RUCH
ОСЦ Самара;Вне подразделений;SR 275 000 00 00;ДВА_Сортировка карточек ф.1 (внесистемный учет-1 АК=1700 карточек);-;00;Проекты;АК;11520;RUCH
ОСЦ Новосибирск;Архив №3 Екатеринбург;SR 275 000 00 00;ДВА_Сортировка карточек ф.1 (внесистемный учет-1 АК=1700 карточек);-;00;Проекты;АК;11520;RUCH
ОСЦ Самара;Архив №1 Самара;SR 275 000 00 00;ДВА_Сортировка карточек ф.1 (внесистемный учет-1 АК=1700 карточек);-;00;Проекты;АК;11520;RUCH
ОСЦ Воронеж;Вне подразделений;SR 276 000 00 00;Формирование коробов с карточками ф.1 при приеме ТЕ;-;00;Проекты;Короб;120;RUCH
ОСЦ Воронеж;Архив №1 Воронеж;SR 276 000 00 00;Формирование коробов с карточками ф.1 при приеме ТЕ;-;00;Проекты;Короб;120;RUCH
ОСЦ Воронеж;Архив №3 Калининград;SR 276 000 00 00;Формирование коробов с карточками ф.1 при приеме ТЕ;-;00;Проекты;Короб;120;RUCH
ОСЦ Воронеж;Архив №4 Санкт-Петербург;SR 276 000 00 00;Формирование коробов с карточками ф.1 при приеме ТЕ;-;00;Проекты;Короб;120;RUCH
ОСЦ Москва;Вне подразделений;SR 276 000 00 00;Формирование коробов с карточками ф.1 при приеме ТЕ;-;00;Проекты;Короб;120;RUCH
ОСЦ Москва;Архив №1 Томилино;SR 276 000 00 00;Формирование коробов с карточками ф.1 при приеме ТЕ;-;00;Проекты;Короб;120;RUCH
ОСЦ Нижний Новгород;Вне подразделений;SR 276 000 00 00;Формирование коробов с карточками ф.1 при приеме ТЕ;-;00;Проекты;Короб;120;RUCH
ОСЦ Нижний Новгород;Архив №1 Нижний Новгород;SR 276 000 00 00;Формирование коробов с карточками ф.1 при приеме ТЕ;-;00;Проекты;Короб;120;RUCH
ОСЦ Новосибирск;Вне подразделений;SR 276 000 00 00;Формирование коробов с карточками ф.1 при приеме ТЕ;-;00;Проекты;Короб;120;RUCH
ОСЦ Новосибирск;Архив №1 Новосибирск;SR 276 000 00 00;Формирование коробов с карточками ф.1 при приеме ТЕ;-;00;Проекты;Короб;120;RUCH
ОСЦ Самара;Вне подразделений;SR 276 000 00 00;Формирование коробов с карточками ф.1 при приеме ТЕ;-;00;Проекты;Короб;120;RUCH
ОСЦ Новосибирск;Архив №3 Екатеринбург;SR 276 000 00 00;Формирование коробов с карточками ф.1 при приеме ТЕ;-;00;Проекты;Короб;120;RUCH
ОСЦ Самара;Архив №1 Самара;SR 276 000 00 00;Формирование коробов с карточками ф.1 при приеме ТЕ;-;00;Проекты;Короб;120;RUCH
ОСЦ Воронеж;Вне подразделений;SR 277 000 00 00;ДВА_Формирование карточек ф.1 по диапазонам;-;00;Проекты;АК;1800;RUCH
ОСЦ Воронеж;Архив №1 Воронеж;SR 277 000 00 00;ДВА_Формирование карточек ф.1 по диапазонам;-;00;Проекты;АК;1800;RUCH
ОСЦ Воронеж;Архив №3 Калининград;SR 277 000 00 00;ДВА_Формирование карточек ф.1 по диапазонам;-;00;Проекты;АК;1800;RUCH
ОСЦ Воронеж;Архив №4 Санкт-Петербург;SR 277 000 00 00;ДВА_Формирование карточек ф.1 по диапазонам;-;00;Проекты;АК;1800;RUCH
ОСЦ Москва;Вне подразделений;SR 277 000 00 00;ДВА_Формирование карточек ф.1 по диапазонам;-;00;Проекты;АК;1800;RUCH
ОСЦ Москва;Архив №1 Томилино;SR 277 000 00 00;ДВА_Формирование карточек ф.1 по диапазонам;-;00;Проекты;АК;1800;RUCH
ОСЦ Нижний Новгород;Вне подразделений;SR 277 000 00 00;ДВА_Формирование карточек ф.1 по диапазонам;-;00;Проекты;АК;1800;RUCH
ОСЦ Нижний Новгород;Архив №1 Нижний Новгород;SR 277 000 00 00;ДВА_Формирование карточек ф.1 по диапазонам;-;00;Проекты;АК;1800;RUCH
ОСЦ Новосибирск;Вне подразделений;SR 277 000 00 00;ДВА_Формирование карточек ф.1 по диапазонам;-;00;Проекты;АК;1800;RUCH
ОСЦ Новосибирск;Архив №1 Новосибирск;SR 277 000 00 00;ДВА_Формирование карточек ф.1 по диапазонам;-;00;Проекты;АК;1800;RUCH
ОСЦ Самара;Вне подразделений;SR 277 000 00 00;ДВА_Формирование карточек ф.1 по диапазонам;-;00;Проекты;АК;1800;RUCH
ОСЦ Новосибирск;Архив №3 Екатеринбург;SR 277 000 00 00;ДВА_Формирование карточек ф.1 по диапазонам;-;00;Проекты;АК;1800;RUCH
ОСЦ Самара;Архив №1 Самара;SR 277 000 00 00;ДВА_Формирование карточек ф.1 по диапазонам;-;00;Проекты;АК;1800;RUCH
ОСЦ Воронеж;Вне подразделений;SZ 201 000 00 00;Контроль вложения документов в пакет и сверка в АС ЦАРС при передаче заказчику;-;00;Запросы;ШК;0;RUCH
ОСЦ Воронеж;Архив №1 Воронеж;SZ 201 000 00 00;Контроль вложения документов в пакет и сверка в АС ЦАРС при передаче заказчику;-;00;Запросы;ШК;31,825;RUCH
ОСЦ Воронеж;Архив №3 Калининград;SZ 201 000 00 00;Контроль вложения документов в пакет и сверка в АС ЦАРС при передаче заказчику;-;00;Запросы;ШК;38,8;RUCH
ОСЦ Воронеж;Архив №4 Санкт-Петербург;SZ 201 000 00 00;Контроль вложения документов в пакет и сверка в АС ЦАРС при передаче заказчику;-;00;Запросы;ШК;39,869;RUCH
ОСЦ Москва;Вне подразделений;SZ 201 000 00 00;Контроль вложения документов в пакет и сверка в АС ЦАРС при передаче заказчику;-;00;Запросы;ШК;0;RUCH
ОСЦ Москва;Архив №1 Томилино;SZ 201 000 00 00;Контроль вложения документов в пакет и сверка в АС ЦАРС при передаче заказчику;-;00;Запросы;ШК;35,699;RUCH
ОСЦ Нижний Новгород;Вне подразделений;SZ 201 000 00 00;Контроль вложения документов в пакет и сверка в АС ЦАРС при передаче заказчику;-;00;Запросы;ШК;0;RUCH
ОСЦ Нижний Новгород;Архив №1 Нижний Новгород;SZ 201 000 00 00;Контроль вложения документов в пакет и сверка в АС ЦАРС при передаче заказчику;-;00;Запросы;ШК;30,067;RUCH
ОСЦ Новосибирск;Вне подразделений;SZ 201 000 00 00;Контроль вложения документов в пакет и сверка в АС ЦАРС при передаче заказчику;-;00;Запросы;ШК;0;RUCH
ОСЦ Новосибирск;Архив №1 Новосибирск;SZ 201 000 00 00;Контроль вложения документов в пакет и сверка в АС ЦАРС при передаче заказчику;-;00;Запросы;ШК;29,054;RUCH
ОСЦ Самара;Вне подразделений;SZ 201 000 00 00;Контроль вложения документов в пакет и сверка в АС ЦАРС при передаче заказчику;-;00;Запросы;ШК;0;RUCH
ОСЦ Новосибирск;Архив №3 Екатеринбург;SZ 201 000 00 00;Контроль вложения документов в пакет и сверка в АС ЦАРС при передаче заказчику;-;00;Запросы;ШК;33,528;RUCH
ОСЦ Самара;Архив №1 Самара;SZ 201 000 00 00;Контроль вложения документов в пакет и сверка в АС ЦАРС при передаче заказчику;-;00;Запросы;ШК;37,94;RUCH
ОСЦ Воронеж;Вне подразделений;PS 000 000 00 03;Создание заявок в АС ЦАРС;-;00;Запросы;ШК;0;AUTO
ОСЦ Воронеж;Архив №1 Воронеж;PS 000 000 00 03;Создание заявок в АС ЦАРС;-;00;Запросы;ШК;34,632;AUTO
ОСЦ Воронеж;Архив №3 Калининград;PS 000 000 00 03;Создание заявок в АС ЦАРС;-;00;Запросы;ШК;34,814;AUTO
ОСЦ Воронеж;Архив №4 Санкт-Петербург;PS 000 000 00 03;Создание заявок в АС ЦАРС;-;00;Запросы;ШК;33,055;AUTO
ОСЦ Москва;Вне подразделений;PS 000 000 00 03;Создание заявок в АС ЦАРС;-;00;Запросы;ШК;0;AUTO
ОСЦ Москва;Архив №1 Томилино;PS 000 000 00 03;Создание заявок в АС ЦАРС;-;00;Запросы;ШК;33,198;AUTO
ОСЦ Нижний Новгород;Вне подразделений;PS 000 000 00 03;Создание заявок в АС ЦАРС;-;00;Запросы;ШК;0;AUTO
ОСЦ Нижний Новгород;Архив №1 Нижний Новгород;PS 000 000 00 03;Создание заявок в АС ЦАРС;-;00;Запросы;ШК;30,029;AUTO
ОСЦ Новосибирск;Вне подразделений;PS 000 000 00 03;Создание заявок в АС ЦАРС;-;00;Запросы;ШК;0;AUTO
ОСЦ Новосибирск;Архив №1 Новосибирск;PS 000 000 00 03;Создание заявок в АС ЦАРС;-;00;Запросы;ШК;30,766;AUTO
ОСЦ Самара;Вне подразделений;PS 000 000 00 03;Создание заявок в АС ЦАРС;-;00;Запросы;ШК;0;AUTO
ОСЦ Новосибирск;Архив №3 Екатеринбург;PS 000 000 00 03;Создание заявок в АС ЦАРС;-;00;Запросы;ШК;30,77;AUTO
ОСЦ Самара;Архив №1 Самара;PS 000 000 00 03;Создание заявок в АС ЦАРС;-;00;Запросы;ШК;32,071;AUTO
ОСЦ Воронеж;Вне подразделений;SZ 130 000 00 00;КОД ЮЛ. Размещение скана акта приема-передачи в АС ЕКС. Контроль размещения бизнес-подразделением подписанного акта приема-передачи в ЕКС.;-;00;Запросы;документ (договор);100;RUCH
ОСЦ Воронеж;Архив №1 Воронеж;SZ 130 000 00 00;КОД ЮЛ. Размещение скана акта приема-передачи в АС ЕКС. Контроль размещения бизнес-подразделением подписанного акта приема-передачи в ЕКС.;-;00;Запросы;документ (договор);100;RUCH
ОСЦ Воронеж;Архив №3 Калининград;SZ 130 000 00 00;КОД ЮЛ. Размещение скана акта приема-передачи в АС ЕКС. Контроль размещения бизнес-подразделением подписанного акта приема-передачи в ЕКС.;-;00;Запросы;документ (договор);100;RUCH
ОСЦ Воронеж;Архив №4 Санкт-Петербург;SZ 130 000 00 00;КОД ЮЛ. Размещение скана акта приема-передачи в АС ЕКС. Контроль размещения бизнес-подразделением подписанного акта приема-передачи в ЕКС.;-;00;Запросы;документ (договор);100;RUCH
ОСЦ Москва;Вне подразделений;SZ 130 000 00 00;КОД ЮЛ. Размещение скана акта приема-передачи в АС ЕКС. Контроль размещения бизнес-подразделением подписанного акта приема-передачи в ЕКС.;-;00;Запросы;документ (договор);100;RUCH
ОСЦ Москва;Архив №1 Томилино;SZ 130 000 00 00;КОД ЮЛ. Размещение скана акта приема-передачи в АС ЕКС. Контроль размещения бизнес-подразделением подписанного акта приема-передачи в ЕКС.;-;00;Запросы;документ (договор);100;RUCH
ОСЦ Нижний Новгород;Вне подразделений;SZ 130 000 00 00;КОД ЮЛ. Размещение скана акта приема-передачи в АС ЕКС. Контроль размещения бизнес-подразделением подписанного акта приема-передачи в ЕКС.;-;00;Запросы;документ (договор);100;RUCH
ОСЦ Нижний Новгород;Архив №1 Нижний Новгород;SZ 130 000 00 00;КОД ЮЛ. Размещение скана акта приема-передачи в АС ЕКС. Контроль размещения бизнес-подразделением подписанного акта приема-передачи в ЕКС.;-;00;Запросы;документ (договор);100;RUCH
ОСЦ Новосибирск;Вне подразделений;SZ 130 000 00 00;КОД ЮЛ. Размещение скана акта приема-передачи в АС ЕКС. Контроль размещения бизнес-подразделением подписанного акта приема-передачи в ЕКС.;-;00;Запросы;документ (договор);100;RUCH
ОСЦ Новосибирск;Архив №1 Новосибирск;SZ 130 000 00 00;КОД ЮЛ. Размещение скана акта приема-передачи в АС ЕКС. Контроль размещения бизнес-подразделением подписанного акта приема-передачи в ЕКС.;-;00;Запросы;документ (договор);100;RUCH
ОСЦ Самара;Вне подразделений;SZ 130 000 00 00;КОД ЮЛ. Размещение скана акта приема-передачи в АС ЕКС. Контроль размещения бизнес-подразделением подписанного акта приема-передачи в ЕКС.;-;00;Запросы;документ (договор);100;RUCH
ОСЦ Новосибирск;Архив №3 Екатеринбург;SZ 130 000 00 00;КОД ЮЛ. Размещение скана акта приема-передачи в АС ЕКС. Контроль размещения бизнес-подразделением подписанного акта приема-передачи в ЕКС.;-;00;Запросы;документ (договор);100;RUCH
ОСЦ Самара;Архив №1 Самара;SZ 130 000 00 00;КОД ЮЛ. Размещение скана акта приема-передачи в АС ЕКС. Контроль размещения бизнес-подразделением подписанного акта приема-передачи в ЕКС.;-;00;Запросы;документ (договор);126;RUCH
ОСЦ Воронеж;Вне подразделений;SZ 189 000 00 00;Взаимодействие с ОСГ  ответственный сотрудник (прием/передача коробов по нарядам ОСГ проверка нарушений целостности коробов фиксация нарушений)/Создание заявки на возврат короба аутсорсеру -Аутсорсинг - АС ЦАРС (Аутсорсинг);-;00;Запросы;АК;0;RUCH
ОСЦ Воронеж;Архив №1 Воронеж;SZ 189 000 00 00;Взаимодействие с ОСГ  ответственный сотрудник (прием/передача коробов по нарядам ОСГ проверка нарушений целостности коробов фиксация нарушений)/Создание заявки на возврат короба аутсорсеру -Аутсорсинг - АС ЦАРС (Аутсорсинг);-;00;Запросы;АК;8;RUCH
ОСЦ Воронеж;Архив №3 Калининград;SZ 189 000 00 00;Взаимодействие с ОСГ  ответственный сотрудник (прием/передача коробов по нарядам ОСГ проверка нарушений целостности коробов фиксация нарушений)/Создание заявки на возврат короба аутсорсеру -Аутсорсинг - АС ЦАРС (Аутсорсинг);-;00;Запросы;АК;0;RUCH
ОСЦ Воронеж;Архив №4 Санкт-Петербург;SZ 189 000 00 00;Взаимодействие с ОСГ  ответственный сотрудник (прием/передача коробов по нарядам ОСГ проверка нарушений целостности коробов фиксация нарушений)/Создание заявки на возврат короба аутсорсеру -Аутсорсинг - АС ЦАРС (Аутсорсинг);-;00;Запросы;АК;0;RUCH
ОСЦ Москва;Вне подразделений;SZ 189 000 00 00;Взаимодействие с ОСГ  ответственный сотрудник (прием/передача коробов по нарядам ОСГ проверка нарушений целостности коробов фиксация нарушений)/Создание заявки на возврат короба аутсорсеру -Аутсорсинг - АС ЦАРС (Аутсорсинг);-;00;Запросы;АК;0;RUCH
ОСЦ Москва;Архив №1 Томилино;SZ 189 000 00 00;Взаимодействие с ОСГ  ответственный сотрудник (прием/передача коробов по нарядам ОСГ проверка нарушений целостности коробов фиксация нарушений)/Создание заявки на возврат короба аутсорсеру -Аутсорсинг - АС ЦАРС (Аутсорсинг);-;00;Запросы;АК;0;RUCH
ОСЦ Нижний Новгород;Вне подразделений;SZ 189 000 00 00;Взаимодействие с ОСГ  ответственный сотрудник (прием/передача коробов по нарядам ОСГ проверка нарушений целостности коробов фиксация нарушений)/Создание заявки на возврат короба аутсорсеру -Аутсорсинг - АС ЦАРС (Аутсорсинг);-;00;Запросы;АК;0;RUCH
ОСЦ Нижний Новгород;Архив №1 Нижний Новгород;SZ 189 000 00 00;Взаимодействие с ОСГ  ответственный сотрудник (прием/передача коробов по нарядам ОСГ проверка нарушений целостности коробов фиксация нарушений)/Создание заявки на возврат короба аутсорсеру -Аутсорсинг - АС ЦАРС (Аутсорсинг);-;00;Запросы;АК;7;RUCH
ОСЦ Новосибирск;Вне подразделений;SZ 189 000 00 00;Взаимодействие с ОСГ  ответственный сотрудник (прием/передача коробов по нарядам ОСГ проверка нарушений целостности коробов фиксация нарушений)/Создание заявки на возврат короба аутсорсеру -Аутсорсинг - АС ЦАРС (Аутсорсинг);-;00;Запросы;АК;0;RUCH
ОСЦ Новосибирск;Архив №1 Новосибирск;SZ 189 000 00 00;Взаимодействие с ОСГ  ответственный сотрудник (прием/передача коробов по нарядам ОСГ проверка нарушений целостности коробов фиксация нарушений)/Создание заявки на возврат короба аутсорсеру -Аутсорсинг - АС ЦАРС (Аутсорсинг);-;00;Запросы;АК;6;RUCH
ОСЦ Самара;Вне подразделений;SZ 189 000 00 00;Взаимодействие с ОСГ  ответственный сотрудник (прием/передача коробов по нарядам ОСГ проверка нарушений целостности коробов фиксация нарушений)/Создание заявки на возврат короба аутсорсеру -Аутсорсинг - АС ЦАРС (Аутсорсинг);-;00;Запросы;АК;0;RUCH
ОСЦ Новосибирск;Архив №3 Екатеринбург;SZ 189 000 00 00;Взаимодействие с ОСГ  ответственный сотрудник (прием/передача коробов по нарядам ОСГ проверка нарушений целостности коробов фиксация нарушений)/Создание заявки на возврат короба аутсорсеру -Аутсорсинг - АС ЦАРС (Аутсорсинг);-;00;Запросы;АК;0;RUCH
ОСЦ Самара;Архив №1 Самара;SZ 189 000 00 00;Взаимодействие с ОСГ  ответственный сотрудник (прием/передача коробов по нарядам ОСГ проверка нарушений целостности коробов фиксация нарушений)/Создание заявки на возврат короба аутсорсеру -Аутсорсинг - АС ЦАРС (Аутсорсинг);-;00;Запросы;АК;8;RUCH
ОСЦ Воронеж;Вне подразделений;SZ 015 000 00 00;Заказ АК через web-форму ОСГ - Аутсорсинг;-;00;Запросы;сообщение;60;RUCH
ОСЦ Воронеж;Архив №1 Воронеж;SZ 015 000 00 00;Заказ АК через web-форму ОСГ - Аутсорсинг;-;00;Запросы;сообщение;60;RUCH
ОСЦ Воронеж;Архив №3 Калининград;SZ 015 000 00 00;Заказ АК через web-форму ОСГ - Аутсорсинг;-;00;Запросы;сообщение;60;RUCH
ОСЦ Воронеж;Архив №4 Санкт-Петербург;SZ 015 000 00 00;Заказ АК через web-форму ОСГ - Аутсорсинг;-;00;Запросы;сообщение;0;RUCH
ОСЦ Москва;Вне подразделений;SZ 015 000 00 00;Заказ АК через web-форму ОСГ - Аутсорсинг;-;00;Запросы;сообщение;60;RUCH
ОСЦ Москва;Архив №1 Томилино;SZ 015 000 00 00;Заказ АК через web-форму ОСГ - Аутсорсинг;-;00;Запросы;сообщение;0;RUCH
ОСЦ Нижний Новгород;Вне подразделений;SZ 015 000 00 00;Заказ АК через web-форму ОСГ - Аутсорсинг;-;00;Запросы;сообщение;60;RUCH
ОСЦ Нижний Новгород;Архив №1 Нижний Новгород;SZ 015 000 00 00;Заказ АК через web-форму ОСГ - Аутсорсинг;-;00;Запросы;сообщение;50;RUCH
ОСЦ Новосибирск;Вне подразделений;SZ 015 000 00 00;Заказ АК через web-форму ОСГ - Аутсорсинг;-;00;Запросы;сообщение;60;RUCH
ОСЦ Новосибирск;Архив №1 Новосибирск;SZ 015 000 00 00;Заказ АК через web-форму ОСГ - Аутсорсинг;-;00;Запросы;сообщение;40;RUCH
ОСЦ Самара;Вне подразделений;SZ 015 000 00 00;Заказ АК через web-форму ОСГ - Аутсорсинг;-;00;Запросы;сообщение;60;RUCH
ОСЦ Новосибирск;Архив №3 Екатеринбург;SZ 015 000 00 00;Заказ АК через web-форму ОСГ - Аутсорсинг;-;00;Запросы;сообщение;0;RUCH
ОСЦ Самара;Архив №1 Самара;SZ 015 000 00 00;Заказ АК через web-форму ОСГ - Аутсорсинг;-;00;Запросы;сообщение;60;RUCH
ОСЦ Воронеж;Вне подразделений;SZ 016 000 00 00;Формирование заданий на подбор коробов в Аутсорсинг| внесение данных в Журнал учета - Аутсорсинг;-;00;Запросы;АК;60;RUCH
ОСЦ Воронеж;Архив №1 Воронеж;SZ 016 000 00 00;Формирование заданий на подбор коробов в Аутсорсинг| внесение данных в Журнал учета - Аутсорсинг;-;00;Запросы;АК;60;RUCH
ОСЦ Воронеж;Архив №3 Калининград;SZ 016 000 00 00;Формирование заданий на подбор коробов в Аутсорсинг| внесение данных в Журнал учета - Аутсорсинг;-;00;Запросы;АК;60;RUCH
ОСЦ Воронеж;Архив №4 Санкт-Петербург;SZ 016 000 00 00;Формирование заданий на подбор коробов в Аутсорсинг| внесение данных в Журнал учета - Аутсорсинг;-;00;Запросы;АК;0;RUCH
ОСЦ Москва;Вне подразделений;SZ 016 000 00 00;Формирование заданий на подбор коробов в Аутсорсинг| внесение данных в Журнал учета - Аутсорсинг;-;00;Запросы;АК;60;RUCH
ОСЦ Москва;Архив №1 Томилино;SZ 016 000 00 00;Формирование заданий на подбор коробов в Аутсорсинг| внесение данных в Журнал учета - Аутсорсинг;-;00;Запросы;АК;30;RUCH
ОСЦ Нижний Новгород;Вне подразделений;SZ 016 000 00 00;Формирование заданий на подбор коробов в Аутсорсинг| внесение данных в Журнал учета - Аутсорсинг;-;00;Запросы;АК;60;RUCH
ОСЦ Нижний Новгород;Архив №1 Нижний Новгород;SZ 016 000 00 00;Формирование заданий на подбор коробов в Аутсорсинг| внесение данных в Журнал учета - Аутсорсинг;-;00;Запросы;АК;0;RUCH
ОСЦ Новосибирск;Вне подразделений;SZ 016 000 00 00;Формирование заданий на подбор коробов в Аутсорсинг| внесение данных в Журнал учета - Аутсорсинг;-;00;Запросы;АК;60;RUCH
ОСЦ Новосибирск;Архив №1 Новосибирск;SZ 016 000 00 00;Формирование заданий на подбор коробов в Аутсорсинг| внесение данных в Журнал учета - Аутсорсинг;-;00;Запросы;АК;30;RUCH
ОСЦ Самара;Вне подразделений;SZ 016 000 00 00;Формирование заданий на подбор коробов в Аутсорсинг| внесение данных в Журнал учета - Аутсорсинг;-;00;Запросы;АК;60;RUCH
ОСЦ Новосибирск;Архив №3 Екатеринбург;SZ 016 000 00 00;Формирование заданий на подбор коробов в Аутсорсинг| внесение данных в Журнал учета - Аутсорсинг;-;00;Запросы;АК;0;RUCH
ОСЦ Самара;Архив №1 Самара;SZ 016 000 00 00;Формирование заданий на подбор коробов в Аутсорсинг| внесение данных в Журнал учета - Аутсорсинг;-;00;Запросы;АК;60;RUCH
ОСЦ Москва;Вне подразделений;SZ 202 000 00 00;Обработка файлов УАК| неразмещенных автоматически в АС ЦАРС;-;00;Запросы;документ/ файл;0;RUCH
ОСЦ Москва;Архив №1 Томилино;SZ 202 000 00 00;Обработка файлов УАК| неразмещенных автоматически в АС ЦАРС;-;00;Запросы;документ/ файл;0;RUCH
ОСЦ Нижний Новгород;Вне подразделений;SZ 202 000 00 00;Обработка файлов УАК| неразмещенных автоматически в АС ЦАРС;-;00;Запросы;документ/ файл;0;RUCH
ОСЦ Нижний Новгород;Архив №1 Нижний Новгород;SZ 202 000 00 00;Обработка файлов УАК| неразмещенных автоматически в АС ЦАРС;-;00;Запросы;документ/ файл;0;RUCH
ОСЦ Новосибирск;Вне подразделений;SZ 202 000 00 00;Обработка файлов УАК| неразмещенных автоматически в АС ЦАРС;-;00;Запросы;документ/ файл;0;RUCH
ОСЦ Новосибирск;Архив №1 Новосибирск;SZ 202 000 00 00;Обработка файлов УАК| неразмещенных автоматически в АС ЦАРС;-;00;Запросы;документ/ файл;0;RUCH
ОСЦ Самара;Вне подразделений;SZ 202 000 00 00;Обработка файлов УАК| неразмещенных автоматически в АС ЦАРС;-;00;Запросы;документ/ файл;0;RUCH
ОСЦ Новосибирск;Архив №3 Екатеринбург;SZ 202 000 00 00;Обработка файлов УАК| неразмещенных автоматически в АС ЦАРС;-;00;Запросы;документ/ файл;0;RUCH
ОСЦ Самара;Архив №1 Самара;SZ 202 000 00 00;Обработка файлов УАК| неразмещенных автоматически в АС ЦАРС;-;00;Запросы;документ/ файл;0;RUCH
ОСЦ Воронеж;Архив №1 Воронеж;SZ 204 000 00 00;Распределение и закрытие заявок из списка на  ожидание| одобрение заявок в списке конфликтующих - АС ЦАРС;-;00;Запросы;заявка;75;RUCH
ОСЦ Воронеж;Архив №3 Калининград;SZ 204 000 00 00;Распределение и закрытие заявок из списка на  ожидание| одобрение заявок в списке конфликтующих - АС ЦАРС;-;00;Запросы;заявка;75;RUCH
ОСЦ Воронеж;Архив №4 Санкт-Петербург;SZ 204 000 00 00;Распределение и закрытие заявок из списка на  ожидание| одобрение заявок в списке конфликтующих - АС ЦАРС;-;00;Запросы;заявка;75;RUCH
ОСЦ Москва;Архив №1 Томилино;SZ 204 000 00 00;Распределение и закрытие заявок из списка на  ожидание| одобрение заявок в списке конфликтующих - АС ЦАРС;-;00;Запросы;заявка;75;RUCH
ОСЦ Нижний Новгород;Архив №1 Нижний Новгород;SZ 204 000 00 00;Распределение и закрытие заявок из списка на  ожидание| одобрение заявок в списке конфликтующих - АС ЦАРС;-;00;Запросы;заявка;75;RUCH
ОСЦ Новосибирск;Архив №1 Новосибирск;SZ 204 000 00 00;Распределение и закрытие заявок из списка на  ожидание| одобрение заявок в списке конфликтующих - АС ЦАРС;-;00;Запросы;заявка;75;RUCH
ОСЦ Новосибирск;Архив №3 Екатеринбург;SZ 204 000 00 00;Распределение и закрытие заявок из списка на  ожидание| одобрение заявок в списке конфликтующих - АС ЦАРС;-;00;Запросы;заявка;75;RUCH
ОСЦ Самара;Архив №1 Самара;SZ 204 000 00 00;Распределение и закрытие заявок из списка на  ожидание| одобрение заявок в списке конфликтующих - АС ЦАРС;-;00;Запросы;заявка;75;RUCH
ОСЦ Воронеж;Вне подразделений;SR 282 000 00 00;Фактическое размещение сшивов ДД на стеллажах| без привязки к месту хранения;-;00;Регистрация;АК;18;RUCH
ОСЦ Воронеж;Архив №1 Воронеж;SR 282 000 00 00;Фактическое размещение сшивов ДД на стеллажах| без привязки к месту хранения;-;00;Регистрация;АК;18;RUCH
ОСЦ Воронеж;Архив №3 Калининград;SR 282 000 00 00;Фактическое размещение сшивов ДД на стеллажах| без привязки к месту хранения;-;00;Регистрация;АК;18;RUCH
ОСЦ Воронеж;Архив №4 Санкт-Петербург;SR 282 000 00 00;Фактическое размещение сшивов ДД на стеллажах| без привязки к месту хранения;-;00;Регистрация;АК;18;RUCH
ОСЦ Москва;Вне подразделений;SR 282 000 00 00;Фактическое размещение сшивов ДД на стеллажах| без привязки к месту хранения;-;00;Регистрация;АК;18;RUCH
ОСЦ Москва;Архив №1 Томилино;SR 282 000 00 00;Фактическое размещение сшивов ДД на стеллажах| без привязки к месту хранения;-;00;Регистрация;АК;18;RUCH
ОСЦ Нижний Новгород;Вне подразделений;SR 282 000 00 00;Фактическое размещение сшивов ДД на стеллажах| без привязки к месту хранения;-;00;Регистрация;АК;18;RUCH
ОСЦ Нижний Новгород;Архив №1 Нижний Новгород;SR 282 000 00 00;Фактическое размещение сшивов ДД на стеллажах| без привязки к месту хранения;-;00;Регистрация;АК;0;RUCH
ОСЦ Новосибирск;Вне подразделений;SR 282 000 00 00;Фактическое размещение сшивов ДД на стеллажах| без привязки к месту хранения;-;00;Регистрация;АК;18;RUCH
ОСЦ Новосибирск;Архив №1 Новосибирск;SR 282 000 00 00;Фактическое размещение сшивов ДД на стеллажах| без привязки к месту хранения;-;00;Регистрация;АК;18;RUCH
ОСЦ Самара;Вне подразделений;SR 282 000 00 00;Фактическое размещение сшивов ДД на стеллажах| без привязки к месту хранения;-;00;Регистрация;АК;18;RUCH
ОСЦ Новосибирск;Архив №3 Екатеринбург;SR 282 000 00 00;Фактическое размещение сшивов ДД на стеллажах| без привязки к месту хранения;-;00;Регистрация;АК;18;RUCH
ОСЦ Самара;Архив №1 Самара;SR 282 000 00 00;Фактическое размещение сшивов ДД на стеллажах| без привязки к месту хранения;-;00;Регистрация;АК;18;RUCH
ОСЦ Воронеж;Вне подразделений;SR 283 000 00 00;Опломбировка АК;-;00;Регистрация;АК;30;RUCH
ОСЦ Воронеж;Архив №1 Воронеж;SR 283 000 00 00;Опломбировка АК;-;00;Регистрация;АК;30;RUCH
ОСЦ Воронеж;Архив №3 Калининград;SR 283 000 00 00;Опломбировка АК;-;00;Регистрация;АК;30;RUCH
ОСЦ Воронеж;Архив №4 Санкт-Петербург;SR 283 000 00 00;Опломбировка АК;-;00;Регистрация;АК;30;RUCH
ОСЦ Москва;Вне подразделений;SR 283 000 00 00;Опломбировка АК;-;00;Регистрация;АК;30;RUCH
ОСЦ Москва;Архив №1 Томилино;SR 283 000 00 00;Опломбировка АК;-;00;Регистрация;АК;30;RUCH
ОСЦ Нижний Новгород;Вне подразделений;SR 283 000 00 00;Опломбировка АК;-;00;Регистрация;АК;30;RUCH
ОСЦ Нижний Новгород;Архив №1 Нижний Новгород;SR 283 000 00 00;Опломбировка АК;-;00;Регистрация;АК;30;RUCH
ОСЦ Новосибирск;Вне подразделений;SR 283 000 00 00;Опломбировка АК;-;00;Регистрация;АК;30;RUCH
ОСЦ Новосибирск;Архив №1 Новосибирск;SR 283 000 00 00;Опломбировка АК;-;00;Регистрация;АК;30;RUCH
ОСЦ Самара;Вне подразделений;SR 283 000 00 00;Опломбировка АК;-;00;Регистрация;АК;30;RUCH
ОСЦ Новосибирск;Архив №3 Екатеринбург;SR 283 000 00 00;Опломбировка АК;-;00;Регистрация;АК;30;RUCH
ОСЦ Самара;Архив №1 Самара;SR 283 000 00 00;Опломбировка АК;-;00;Регистрация;АК;30;RUCH
ОСЦ Воронеж;Вне подразделений;SR 303 000 00 00;Регистрация документа через ручную привязку;-;00;Регистрация;ШК;10;RUCH
ОСЦ Воронеж;Архив №1 Воронеж;SR 303 000 00 00;Регистрация документа через ручную привязку;-;00;Регистрация;ШК;10;RUCH
ОСЦ Воронеж;Архив №3 Калининград;SR 303 000 00 00;Регистрация документа через ручную привязку;-;00;Регистрация;ШК;10;RUCH
ОСЦ Воронеж;Архив №4 Санкт-Петербург;SR 303 000 00 00;Регистрация документа через ручную привязку;-;00;Регистрация;ШК;10;RUCH
ОСЦ Москва;Вне подразделений;SR 303 000 00 00;Регистрация документа через ручную привязку;-;00;Регистрация;ШК;10;RUCH
ОСЦ Москва;Архив №1 Томилино;SR 303 000 00 00;Регистрация документа через ручную привязку;-;00;Регистрация;ШК;10;RUCH
ОСЦ Нижний Новгород;Вне подразделений;SR 303 000 00 00;Регистрация документа через ручную привязку;-;00;Регистрация;ШК;10;RUCH
ОСЦ Нижний Новгород;Архив №1 Нижний Новгород;SR 303 000 00 00;Регистрация документа через ручную привязку;-;00;Регистрация;ШК;10;RUCH
ОСЦ Новосибирск;Вне подразделений;SR 303 000 00 00;Регистрация документа через ручную привязку;-;00;Регистрация;ШК;10;RUCH
ОСЦ Новосибирск;Архив №1 Новосибирск;SR 303 000 00 00;Регистрация документа через ручную привязку;-;00;Регистрация;ШК;10;RUCH
ОСЦ Самара;Вне подразделений;SR 303 000 00 00;Регистрация документа через ручную привязку;-;00;Регистрация;ШК;10;RUCH
ОСЦ Новосибирск;Архив №3 Екатеринбург;SR 303 000 00 00;Регистрация документа через ручную привязку;-;00;Регистрация;ШК;10;RUCH
ОСЦ Самара;Архив №1 Самара;SR 303 000 00 00;Регистрация документа через ручную привязку;-;00;Регистрация;ШК;10;RUCH
ОСЦ Воронеж;Вне подразделений;PR 003 000 00 00;Анализ процессов СЦ Архив на платформе Process Mining;-;00;Непроизводственные;Минута;60;RUCH
ОСЦ Воронеж;Вне подразделений;PR 004 000 00 00;Проведение замеров количества листов бумаги DI.;-;00;Проекты;Минута;60;RUCH
ОСЦ Воронеж;Вне подразделений;PR 005 000 00 00;Ввод новых операций/нормативов в Кадриль;-;00;Проекты;Минута;60;RUCH
ОСЦ Воронеж;Вне подразделений;PR 006 000 00 00;Проведение операций с неустановленными нормативами;-;00;Проекты;Минута;60;RUCH
ОСЦ Воронеж;Архив №1 Воронеж;PR 003 000 00 00;Анализ процессов СЦ Архив на платформе Process Mining;-;00;Непроизводственные;Минута;60;RUCH
ОСЦ Воронеж;Архив №1 Воронеж;PR 004 000 00 00;Проведение замеров количества листов бумаги DI.;-;00;Проекты;Минута;60;RUCH
ОСЦ Воронеж;Архив №1 Воронеж;PR 005 000 00 00;Ввод новых операций/нормативов в Кадриль;-;00;Проекты;Минута;60;RUCH
ОСЦ Воронеж;Архив №1 Воронеж;PR 006 000 00 00;Проведение операций с неустановленными нормативами;-;00;Проекты;Минута;60;RUCH
ОСЦ Воронеж;Архив №2 Ставрополь;PR 003 000 00 00;Анализ процессов СЦ Архив на платформе Process Mining;-;00;Непроизводственные;Минута;60;RUCH
ОСЦ Воронеж;Архив №3 Калининград;PR 003 000 00 00;Анализ процессов СЦ Архив на платформе Process Mining;-;00;Непроизводственные;Минута;60;RUCH
ОСЦ Воронеж;Архив №3 Калининград;PR 004 000 00 00;Проведение замеров количества листов бумаги DI.;-;00;Проекты;Минута;60;RUCH
ОСЦ Воронеж;Архив №3 Калининград;PR 005 000 00 00;Ввод новых операций/нормативов в Кадриль;-;00;Проекты;Минута;60;RUCH
ОСЦ Воронеж;Архив №3 Калининград;PR 006 000 00 00;Проведение операций с неустановленными нормативами;-;00;Проекты;Минута;60;RUCH
ОСЦ Воронеж;Архив №4 Санкт-Петербург;PR 003 000 00 00;Анализ процессов СЦ Архив на платформе Process Mining;-;00;Непроизводственные;Минута;60;RUCH
ОСЦ Воронеж;Архив №4 Санкт-Петербург;PR 004 000 00 00;Проведение замеров количества листов бумаги DI.;-;00;Проекты;Минута;60;RUCH
ОСЦ Воронеж;Архив №4 Санкт-Петербург;PR 005 000 00 00;Ввод новых операций/нормативов в Кадриль;-;00;Проекты;Минута;60;RUCH
ОСЦ Воронеж;Архив №4 Санкт-Петербург;PR 006 000 00 00;Проведение операций с неустановленными нормативами;-;00;Проекты;Минута;60;RUCH
ОСЦ Москва;Вне подразделений;PR 003 000 00 00;Анализ процессов СЦ Архив на платформе Process Mining;-;00;Непроизводственные;Минута;60;RUCH
ОСЦ Москва;Вне подразделений;PR 004 000 00 00;Проведение замеров количества листов бумаги DI.;-;00;Проекты;Минута;60;RUCH
ОСЦ Москва;Вне подразделений;PR 005 000 00 00;Ввод новых операций/нормативов в Кадриль;-;00;Проекты;Минута;60;RUCH
ОСЦ Москва;Вне подразделений;PR 006 000 00 00;Проведение операций с неустановленными нормативами;-;00;Проекты;Минута;60;RUCH
ОСЦ Москва;Архив №1 Томилино;PR 003 000 00 00;Анализ процессов СЦ Архив на платформе Process Mining;-;00;Непроизводственные;Минута;60;RUCH
ОСЦ Москва;Архив №1 Томилино;PR 004 000 00 00;Проведение замеров количества листов бумаги DI.;-;00;Проекты;Минута;60;RUCH
ОСЦ Москва;Архив №1 Томилино;PR 005 000 00 00;Ввод новых операций/нормативов в Кадриль;-;00;Проекты;Минута;60;RUCH
ОСЦ Москва;Архив №1 Томилино;PR 006 000 00 00;Проведение операций с неустановленными нормативами;-;00;Проекты;Минута;60;RUCH
ОСЦ Нижний Новгород;Вне подразделений;PR 003 000 00 00;Анализ процессов СЦ Архив на платформе Process Mining;-;00;Непроизводственные;Минута;60;RUCH
ОСЦ Нижний Новгород;Вне подразделений;PR 004 000 00 00;Проведение замеров количества листов бумаги DI.;-;00;Проекты;Минута;60;RUCH
ОСЦ Нижний Новгород;Вне подразделений;PR 005 000 00 00;Ввод новых операций/нормативов в Кадриль;-;00;Проекты;Минута;60;RUCH
ОСЦ Нижний Новгород;Вне подразделений;PR 006 000 00 00;Проведение операций с неустановленными нормативами;-;00;Проекты;Минута;60;RUCH
ОСЦ Нижний Новгород;Архив №1 Нижний Новгород;PR 003 000 00 00;Анализ процессов СЦ Архив на платформе Process Mining;-;00;Непроизводственные;Минута;60;RUCH
ОСЦ Нижний Новгород;Архив №1 Нижний Новгород;PR 004 000 00 00;Проведение замеров количества листов бумаги DI.;-;00;Проекты;Минута;60;RUCH
ОСЦ Нижний Новгород;Архив №1 Нижний Новгород;PR 005 000 00 00;Ввод новых операций/нормативов в Кадриль;-;00;Проекты;Минута;60;RUCH
ОСЦ Нижний Новгород;Архив №1 Нижний Новгород;PR 006 000 00 00;Проведение операций с неустановленными нормативами;-;00;Проекты;Минута;60;RUCH
ОСЦ Новосибирск;Вне подразделений;PR 003 000 00 00;Анализ процессов СЦ Архив на платформе Process Mining;-;00;Непроизводственные;Минута;60;RUCH
ОСЦ Новосибирск;Вне подразделений;PR 004 000 00 00;Проведение замеров количества листов бумаги DI.;-;00;Проекты;Минута;60;RUCH
ОСЦ Новосибирск;Вне подразделений;PR 005 000 00 00;Ввод новых операций/нормативов в Кадриль;-;00;Проекты;Минута;60;RUCH
ОСЦ Новосибирск;Вне подразделений;PR 006 000 00 00;Проведение операций с неустановленными нормативами;-;00;Проекты;Минута;60;RUCH
ОСЦ Новосибирск;Архив №1 Новосибирск;PR 003 000 00 00;Анализ процессов СЦ Архив на платформе Process Mining;-;00;Непроизводственные;Минута;60;RUCH
ОСЦ Новосибирск;Архив №1 Новосибирск;PR 004 000 00 00;Проведение замеров количества листов бумаги DI.;-;00;Проекты;Минута;60;RUCH
ОСЦ Новосибирск;Архив №1 Новосибирск;PR 005 000 00 00;Ввод новых операций/нормативов в Кадриль;-;00;Проекты;Минута;60;RUCH
ОСЦ Новосибирск;Архив №1 Новосибирск;PR 006 000 00 00;Проведение операций с неустановленными нормативами;-;00;Проекты;Минута;60;RUCH
ОСЦ Самара;Вне подразделений;PR 003 000 00 00;Анализ процессов СЦ Архив на платформе Process Mining;-;00;Непроизводственные;Минута;60;RUCH
ОСЦ Самара;Вне подразделений;PR 004 000 00 00;Проведение замеров количества листов бумаги DI.;-;00;Проекты;Минута;60;RUCH
ОСЦ Самара;Вне подразделений;PR 005 000 00 00;Ввод новых операций/нормативов в Кадриль;-;00;Проекты;Минута;60;RUCH
ОСЦ Самара;Вне подразделений;PR 006 000 00 00;Проведение операций с неустановленными нормативами;-;00;Проекты;Минута;60;RUCH
ОСЦ Новосибирск;Архив №3 Екатеринбург;PR 003 000 00 00;Анализ процессов СЦ Архив на платформе Process Mining;-;00;Непроизводственные;Минута;60;RUCH
ОСЦ Новосибирск;Архив №3 Екатеринбург;PR 004 000 00 00;Проведение замеров количества листов бумаги DI.;-;00;Проекты;Минута;60;RUCH
ОСЦ Новосибирск;Архив №3 Екатеринбург;PR 005 000 00 00;Ввод новых операций/нормативов в Кадриль;-;00;Проекты;Минута;60;RUCH
ОСЦ Новосибирск;Архив №3 Екатеринбург;PR 006 000 00 00;Проведение операций с неустановленными нормативами;-;00;Проекты;Минута;60;RUCH
ОСЦ Самара;Архив №1 Самара;PR 003 000 00 00;Анализ процессов СЦ Архив на платформе Process Mining;-;00;Непроизводственные;Минута;60;RUCH
ОСЦ Самара;Архив №1 Самара;PR 004 000 00 00;Проведение замеров количества листов бумаги DI.;-;00;Проекты;Минута;60;RUCH
ОСЦ Самара;Архив №1 Самара;PR 005 000 00 00;Ввод новых операций/нормативов в Кадриль;-;00;Проекты;Минута;60;RUCH
ОСЦ Самара;Архив №1 Самара;PR 006 000 00 00;Проведение операций с неустановленными нормативами;-;00;Проекты;Минута;60;RUCH
ОСЦ Воронеж;Архив №4 Санкт-Петербург;SZ 172 000 00 00;Закрытие заявки - ЦАРС;-;00;Запросы;заявка;40,133;RUCH
ОСЦ Самара;Архив №1 Самара;SZ 172 000 00 00;Закрытие заявки - ЦАРС;-;00;Запросы;заявка;43,727;RUCH
ОСЦ Новосибирск;Архив №1 Новосибирск;SZ 172 000 00 00;Закрытие заявки - ЦАРС;-;00;Запросы;заявка;39,695;RUCH
ОСЦ Нижний Новгород;Архив №1 Нижний Новгород;SZ 172 000 00 00;Закрытие заявки - ЦАРС;-;00;Запросы;заявка;40,585;RUCH
ОСЦ Москва;Архив №1 Томилино;SZ 172 000 00 00;Закрытие заявки - ЦАРС;-;00;Запросы;заявка;40,633;RUCH
ОСЦ Воронеж;Архив №3 Калининград;SZ 172 000 00 00;Закрытие заявки - ЦАРС;-;00;Запросы;заявка;34,367;RUCH
ОСЦ Новосибирск;Архив №3 Екатеринбург;SZ 172 000 00 00;Закрытие заявки - ЦАРС;-;00;Запросы;заявка;30,467;RUCH
ОСЦ Воронеж;Архив №1 Воронеж;SZ 172 000 00 00;Закрытие заявки - ЦАРС;-;00;Запросы;заявка;40,033;RUCH
ОСЦ Новосибирск;Архив №3 Екатеринбург;SL 099 000 00 00;Сборка АК/ФК (Проект ?Екатеринбургский фонд?);-;00;Проекты;АК/ФК;12;RUCH
ОСЦ Новосибирск;Архив №3 Екатеринбург;SL 101 000 00 00;Замена повреждённого короба при мезонином хранении (Проект ?Екатеринбургский фонд?);-;00;Проекты;АК;75;RUCH
ОСЦ Воронеж;Вне подразделений;PR 008 000 00 00;Проект_Сканирование дел постоянного хранения;-;00;Проекты;Страница;0;RUCH
ОСЦ Воронеж;Архив №1 Воронеж;PR 008 000 00 00;Проект_Сканирование дел постоянного хранения;-;00;Проекты;Страница;0;RUCH
ОСЦ Воронеж;Архив №3 Калининград;PR 008 000 00 00;Проект_Сканирование дел постоянного хранения;-;00;Проекты;Страница;0;RUCH
ОСЦ Воронеж;Архив №4 Санкт-Петербург;PR 008 000 00 00;Проект_Сканирование дел постоянного хранения;-;00;Проекты;Страница;0;RUCH
ОСЦ Москва;Вне подразделений;PR 008 000 00 00;Проект_Сканирование дел постоянного хранения;-;00;Проекты;Страница;0;RUCH
ОСЦ Москва;Архив №1 Томилино;PR 008 000 00 00;Проект_Сканирование дел постоянного хранения;-;00;Проекты;Страница;8,364;RUCH
ОСЦ Нижний Новгород;Вне подразделений;PR 008 000 00 00;Проект_Сканирование дел постоянного хранения;-;00;Проекты;Страница;0;RUCH
ОСЦ Нижний Новгород;Архив №1 Нижний Новгород;PR 008 000 00 00;Проект_Сканирование дел постоянного хранения;-;00;Проекты;Страница;0;RUCH
ОСЦ Новосибирск;Вне подразделений;PR 008 000 00 00;Проект_Сканирование дел постоянного хранения;-;00;Проекты;Страница;0;RUCH
ОСЦ Новосибирск;Архив №1 Новосибирск;PR 008 000 00 00;Проект_Сканирование дел постоянного хранения;-;00;Проекты;Страница;0;RUCH
ОСЦ Самара;Вне подразделений;PR 008 000 00 00;Проект_Сканирование дел постоянного хранения;-;00;Проекты;Страница;0;RUCH
ОСЦ Новосибирск;Архив №3 Екатеринбург;PR 008 000 00 00;Проект_Сканирование дел постоянного хранения;-;00;Проекты;Страница;0;RUCH
ОСЦ Самара;Архив №1 Самара;PR 008 000 00 00;Проект_Сканирование дел постоянного хранения;-;00;Проекты;Страница;0;RUCH
ОСЦ Воронеж;Вне подразделений;SZ 175 000 00 00;Отправлено в СЛ из СОЗ ZL ЦАРС;-;00;Запросы;ШК;0;RUCH
ОСЦ Воронеж;Архив №1 Воронеж;SZ 175 000 00 00;Отправлено в СЛ из СОЗ ZL ЦАРС;-;00;Запросы;ШК;4,283;RUCH
ОСЦ Воронеж;Архив №3 Калининград;SZ 175 000 00 00;Отправлено в СЛ из СОЗ ZL ЦАРС;-;00;Запросы;ШК;3,594;RUCH
ОСЦ Воронеж;Архив №4 Санкт-Петербург;SZ 175 000 00 00;Отправлено в СЛ из СОЗ ZL ЦАРС;-;00;Запросы;ШК;4,208;RUCH
ОСЦ Москва;Вне подразделений;SZ 175 000 00 00;Отправлено в СЛ из СОЗ ZL ЦАРС;-;00;Запросы;ШК;0;RUCH
ОСЦ Москва;Архив №1 Томилино;SZ 175 000 00 00;Отправлено в СЛ из СОЗ ZL ЦАРС;-;00;Запросы;ШК;4,734;RUCH
ОСЦ Нижний Новгород;Вне подразделений;SZ 175 000 00 00;Отправлено в СЛ из СОЗ ZL ЦАРС;-;00;Запросы;ШК;0;RUCH
ОСЦ Нижний Новгород;Архив №1 Нижний Новгород;SZ 175 000 00 00;Отправлено в СЛ из СОЗ ZL ЦАРС;-;00;Запросы;ШК;4,268;RUCH
ОСЦ Новосибирск;Вне подразделений;SZ 175 000 00 00;Отправлено в СЛ из СОЗ ZL ЦАРС;-;00;Запросы;ШК;0;RUCH
ОСЦ Новосибирск;Архив №1 Новосибирск;SZ 175 000 00 00;Отправлено в СЛ из СОЗ ZL ЦАРС;-;00;Запросы;ШК;0;RUCH
ОСЦ Самара;Вне подразделений;SZ 175 000 00 00;Отправлено в СЛ из СОЗ ZL ЦАРС;-;00;Запросы;ШК;0;RUCH
ОСЦ Новосибирск;Архив №3 Екатеринбург;SZ 175 000 00 00;Отправлено в СЛ из СОЗ ZL ЦАРС;-;00;Запросы;ШК;4,95;RUCH
ОСЦ Самара;Архив №1 Самара;SZ 175 000 00 00;Отправлено в СЛ из СОЗ ZL ЦАРС;-;00;Запросы;ШК;4,696;RUCH
ОСЦ Воронеж;Вне подразделений;PR 010 000 00 00;Сортировка документов (пакетная регистрация вкладов ПВБ) (ист фонд);-;00;Проекты;АК;0;RUCH
ОСЦ Воронеж;Архив №1 Воронеж;PR 010 000 00 00;Сортировка документов (пакетная регистрация вкладов ПВБ) (ист фонд);-;00;Проекты;АК;5768,267;RUCH
ОСЦ Воронеж;Архив №3 Калининград;PR 010 000 00 00;Сортировка документов (пакетная регистрация вкладов ПВБ) (ист фонд);-;00;Проекты;АК;0;RUCH
ОСЦ Воронеж;Архив №4 Санкт-Петербург;PR 010 000 00 00;Сортировка документов (пакетная регистрация вкладов ПВБ) (ист фонд);-;00;Проекты;АК;0;RUCH
ОСЦ Москва;Вне подразделений;PR 010 000 00 00;Сортировка документов (пакетная регистрация вкладов ПВБ) (ист фонд);-;00;Проекты;АК;0;RUCH
ОСЦ Москва;Архив №1 Томилино;PR 010 000 00 00;Сортировка документов (пакетная регистрация вкладов ПВБ) (ист фонд);-;00;Проекты;АК;0;RUCH
ОСЦ Нижний Новгород;Вне подразделений;PR 010 000 00 00;Сортировка документов (пакетная регистрация вкладов ПВБ) (ист фонд);-;00;Проекты;АК;0;RUCH
ОСЦ Нижний Новгород;Архив №1 Нижний Новгород;PR 010 000 00 00;Сортировка документов (пакетная регистрация вкладов ПВБ) (ист фонд);-;00;Проекты;АК;0;RUCH
ОСЦ Новосибирск;Вне подразделений;PR 010 000 00 00;Сортировка документов (пакетная регистрация вкладов ПВБ) (ист фонд);-;00;Проекты;АК;0;RUCH
ОСЦ Новосибирск;Архив №1 Новосибирск;PR 010 000 00 00;Сортировка документов (пакетная регистрация вкладов ПВБ) (ист фонд);-;00;Проекты;АК;0;RUCH
ОСЦ Самара;Вне подразделений;PR 010 000 00 00;Сортировка документов (пакетная регистрация вкладов ПВБ) (ист фонд);-;00;Проекты;АК;0;RUCH
ОСЦ Новосибирск;Архив №3 Екатеринбург;PR 010 000 00 00;Сортировка документов (пакетная регистрация вкладов ПВБ) (ист фонд);-;00;Проекты;АК;0;RUCH
ОСЦ Самара;Архив №1 Самара;PR 010 000 00 00;Сортировка документов (пакетная регистрация вкладов ПВБ) (ист фонд);-;00;Проекты;АК;0;RUCH
ОСЦ Москва;Архив №1 Томилино;PR 011 000 00 00;Проект_Описание дел постоянного хранения;-;00;Проекты;заголовок;231,033;RUCH
ОСЦ Воронеж;Вне подразделений;NO 046 001 00 00;Выгрузка и обработка отчетов из АС ЦАРС для формирования дефектов| в т. ч. для ИСУ;-;00;Непроизводственные;минута;60;RUCH
ОСЦ Воронеж;Архив №1 Воронеж;NO 046 001 00 00;Выгрузка и обработка отчетов из АС ЦАРС для формирования дефектов| в т. ч. для ИСУ;-;00;Непроизводственные;минута;60;RUCH
ОСЦ Воронеж;Архив №2 Ставрополь;NO 046 001 00 00;Выгрузка и обработка отчетов из АС ЦАРС для формирования дефектов| в т. ч. для ИСУ;-;00;Непроизводственные;минута;60;RUCH
ОСЦ Воронеж;Архив №3 Калининград;NO 046 001 00 00;Выгрузка и обработка отчетов из АС ЦАРС для формирования дефектов| в т. ч. для ИСУ;-;00;Непроизводственные;минута;60;RUCH
ОСЦ Воронеж;Архив №4 Санкт-Петербург;NO 046 001 00 00;Выгрузка и обработка отчетов из АС ЦАРС для формирования дефектов| в т. ч. для ИСУ;-;00;Непроизводственные;минута;60;RUCH
ОСЦ Москва;Вне подразделений;NO 046 001 00 00;Выгрузка и обработка отчетов из АС ЦАРС для формирования дефектов| в т. ч. для ИСУ;-;00;Непроизводственные;минута;60;RUCH
ОСЦ Москва;Архив №1 Томилино;NO 046 001 00 00;Выгрузка и обработка отчетов из АС ЦАРС для формирования дефектов| в т. ч. для ИСУ;-;00;Непроизводственные;минута;60;RUCH
ОСЦ Нижний Новгород;Вне подразделений;NO 046 001 00 00;Выгрузка и обработка отчетов из АС ЦАРС для формирования дефектов| в т. ч. для ИСУ;-;00;Непроизводственные;минута;60;RUCH
ОСЦ Нижний Новгород;Архив №1 Нижний Новгород;NO 046 001 00 00;Выгрузка и обработка отчетов из АС ЦАРС для формирования дефектов| в т. ч. для ИСУ;-;00;Непроизводственные;минута;60;RUCH
ОСЦ Новосибирск;Вне подразделений;NO 046 001 00 00;Выгрузка и обработка отчетов из АС ЦАРС для формирования дефектов| в т. ч. для ИСУ;-;00;Непроизводственные;минута;60;RUCH
ОСЦ Новосибирск;Архив №1 Новосибирск;NO 046 001 00 00;Выгрузка и обработка отчетов из АС ЦАРС для формирования дефектов| в т. ч. для ИСУ;-;00;Непроизводственные;минута;60;RUCH
ОСЦ Самара;Вне подразделений;NO 046 001 00 00;Выгрузка и обработка отчетов из АС ЦАРС для формирования дефектов| в т. ч. для ИСУ;-;00;Непроизводственные;минута;60;RUCH
ОСЦ Новосибирск;Архив №3 Екатеринбург;NO 046 001 00 00;Выгрузка и обработка отчетов из АС ЦАРС для формирования дефектов| в т. ч. для ИСУ;-;00;Непроизводственные;минута;60;RUCH
ОСЦ Самара;Архив №1 Самара;NO 046 001 00 00;Выгрузка и обработка отчетов из АС ЦАРС для формирования дефектов| в т. ч. для ИСУ;-;00;Непроизводственные;минута;60;RUCH
ОСЦ Воронеж;Вне подразделений;PR 002 000 00 00;Конфиденциальное уничтожение без SD;-;00;Проекты;минута;60;RUCH
ОСЦ Воронеж;Архив №1 Воронеж;PR 002 000 00 00;Конфиденциальное уничтожение без SD;-;00;Проекты;минута;60;RUCH
ОСЦ Воронеж;Архив №3 Калининград;PR 002 000 00 00;Конфиденциальное уничтожение без SD;-;00;Проекты;минута;60;RUCH
ОСЦ Воронеж;Архив №4 Санкт-Петербург;PR 002 000 00 00;Конфиденциальное уничтожение без SD;-;00;Проекты;минута;60;RUCH
ОСЦ Москва;Вне подразделений;PR 002 000 00 00;Конфиденциальное уничтожение без SD;-;00;Проекты;минута;60;RUCH
ОСЦ Москва;Архив №1 Томилино;PR 002 000 00 00;Конфиденциальное уничтожение без SD;-;00;Проекты;минута;60;RUCH
ОСЦ Нижний Новгород;Вне подразделений;PR 002 000 00 00;Конфиденциальное уничтожение без SD;-;00;Проекты;минута;60;RUCH
ОСЦ Нижний Новгород;Архив №1 Нижний Новгород;PR 002 000 00 00;Конфиденциальное уничтожение без SD;-;00;Проекты;минута;60;RUCH
ОСЦ Новосибирск;Вне подразделений;PR 002 000 00 00;Конфиденциальное уничтожение без SD;-;00;Проекты;минута;60;RUCH
ОСЦ Новосибирск;Архив №1 Новосибирск;PR 002 000 00 00;Конфиденциальное уничтожение без SD;-;00;Проекты;минута;60;RUCH
ОСЦ Самара;Вне подразделений;PR 002 000 00 00;Конфиденциальное уничтожение без SD;-;00;Проекты;минута;60;RUCH
ОСЦ Новосибирск;Архив №3 Екатеринбург;PR 002 000 00 00;Конфиденциальное уничтожение без SD;-;00;Проекты;минута;60;RUCH
ОСЦ Самара;Архив №1 Самара;PR 002 000 00 00;Конфиденциальное уничтожение без SD;-;00;Проекты;минута;60;RUCH
ОСЦ Воронеж;Вне подразделений;PR 013 000 00 00;Проект_Миграция актов об уничтожении из ЦАРХа в ЦАРС;-;00;Проекты;минута;60;RUCH
ОСЦ Воронеж;Архив №1 Воронеж;PR 013 000 00 00;Проект_Миграция актов об уничтожении из ЦАРХа в ЦАРС;-;00;Проекты;минута;60;RUCH
ОСЦ Воронеж;Архив №3 Калининград;PR 013 000 00 00;Проект_Миграция актов об уничтожении из ЦАРХа в ЦАРС;-;00;Проекты;минута;60;RUCH
ОСЦ Воронеж;Архив №4 Санкт-Петербург;PR 013 000 00 00;Проект_Миграция актов об уничтожении из ЦАРХа в ЦАРС;-;00;Проекты;минута;60;RUCH
ОСЦ Москва;Вне подразделений;PR 013 000 00 00;Проект_Миграция актов об уничтожении из ЦАРХа в ЦАРС;-;00;Проекты;минута;60;RUCH
ОСЦ Москва;Архив №1 Томилино;PR 013 000 00 00;Проект_Миграция актов об уничтожении из ЦАРХа в ЦАРС;-;00;Проекты;минута;60;RUCH
ОСЦ Нижний Новгород;Вне подразделений;PR 013 000 00 00;Проект_Миграция актов об уничтожении из ЦАРХа в ЦАРС;-;00;Проекты;минута;60;RUCH
ОСЦ Нижний Новгород;Архив №1 Нижний Новгород;PR 013 000 00 00;Проект_Миграция актов об уничтожении из ЦАРХа в ЦАРС;-;00;Проекты;минута;60;RUCH
ОСЦ Новосибирск;Вне подразделений;PR 013 000 00 00;Проект_Миграция актов об уничтожении из ЦАРХа в ЦАРС;-;00;Проекты;минута;60;RUCH
ОСЦ Новосибирск;Архив №1 Новосибирск;PR 013 000 00 00;Проект_Миграция актов об уничтожении из ЦАРХа в ЦАРС;-;00;Проекты;минута;60;RUCH
ОСЦ Самара;Вне подразделений;PR 013 000 00 00;Проект_Миграция актов об уничтожении из ЦАРХа в ЦАРС;-;00;Проекты;минута;60;RUCH
ОСЦ Новосибирск;Архив №3 Екатеринбург;PR 013 000 00 00;Проект_Миграция актов об уничтожении из ЦАРХа в ЦАРС;-;00;Проекты;минута;60;RUCH
ОСЦ Самара;Архив №1 Самара;PR 013 000 00 00;Проект_Миграция актов об уничтожении из ЦАРХа в ЦАРС;-;00;Проекты;минута;60;RUCH
ОСЦ Самара;Архив №1 Самара;PR 014 000 00 00;Проект_ДВА_ заполнение реестра ДВХ хранение;-;00;Проекты;строка;39,8;RUCH
ОСЦ Воронеж;Архив №4 Санкт-Петербург;PR 014 000 00 00;Проект_ДВА_ заполнение реестра ДВХ хранение;-;00;Проекты;строка;39,867;RUCH
ОСЦ Воронеж;Архив №1 Воронеж;PR 014 000 00 00;Проект_ДВА_ заполнение реестра ДВХ хранение;-;00;Проекты;строка;39,967;RUCH
ОСЦ Новосибирск;Архив №1 Новосибирск;PR 014 000 00 00;Проект_ДВА_ заполнение реестра ДВХ хранение;-;00;Проекты;строка;40;RUCH
ОСЦ Новосибирск;Архив №3 Екатеринбург;PR 014 000 00 00;Проект_ДВА_ заполнение реестра ДВХ хранение;-;00;Проекты;строка;40;RUCH
ОСЦ Воронеж;Архив №3 Калининград;PR 014 000 00 00;Проект_ДВА_ заполнение реестра ДВХ хранение;-;00;Проекты;строка;40,158;RUCH
ОСЦ Москва;Архив №1 Томилино;PR 014 000 00 00;Проект_ДВА_ заполнение реестра ДВХ хранение;-;00;Проекты;строка;40,2;RUCH
ОСЦ Нижний Новгород;Архив №1 Нижний Новгород;PR 014 000 00 00;Проект_ДВА_ заполнение реестра ДВХ хранение;-;00;Проекты;строка;40,5;RUCH
ОСЦ Воронеж;Вне подразделений;SC 000 000 00 01;Сканирование общим томом;;00;Запросы;Страница;0;AUTO
ОСЦ Воронеж;Архив №1 Воронеж;SC 000 000 00 01;Сканирование общим томом;;00;Запросы;Страница;5,104;AUTO
ОСЦ Воронеж;Архив №3 Калининград;SC 000 000 00 01;Сканирование общим томом;;00;Запросы;Страница;5,408;AUTO
ОСЦ Воронеж;Архив №4 Санкт-Петербург;SC 000 000 00 01;Сканирование общим томом;;00;Запросы;Страница;5,038;AUTO
ОСЦ Москва;Вне подразделений;SC 000 000 00 01;Сканирование общим томом;;00;Запросы;Страница;0;AUTO
ОСЦ Москва;Архив №1 Томилино;SC 000 000 00 01;Сканирование общим томом;;00;Запросы;Страница;4,939;AUTO
ОСЦ Нижний Новгород;Вне подразделений;SC 000 000 00 01;Сканирование общим томом;;00;Запросы;Страница;0;AUTO
ОСЦ Нижний Новгород;Архив №1 Нижний Новгород;SC 000 000 00 01;Сканирование общим томом;;00;Запросы;Страница;5,006;AUTO
ОСЦ Новосибирск;Вне подразделений;SC 000 000 00 01;Сканирование общим томом;;00;Запросы;Страница;0;AUTO
ОСЦ Новосибирск;Архив №1 Новосибирск;SC 000 000 00 01;Сканирование общим томом;;00;Запросы;Страница;5,746;AUTO
ОСЦ Самара;Вне подразделений;SC 000 000 00 01;Сканирование общим томом;;00;Запросы;Страница;0;AUTO
ОСЦ Новосибирск;Архив №3 Екатеринбург;SC 000 000 00 01;Сканирование общим томом;;00;Запросы;Страница;5,151;AUTO
ОСЦ Самара;Архив №1 Самара;SC 000 000 00 01;Сканирование общим томом;;00;Запросы;Страница;5,55;AUTO
ОСЦ Воронеж;Вне подразделений;SC 000 000 00 02;Сканирование скелетон;;00;Запросы;Страница;0;AUTO
ОСЦ Воронеж;Архив №1 Воронеж;SC 000 000 00 02;Сканирование скелетон;;00;Запросы;Страница;8,743;AUTO
ОСЦ Воронеж;Архив №3 Калининград;SC 000 000 00 02;Сканирование скелетон;;00;Запросы;Страница;8,581;AUTO
ОСЦ Воронеж;Архив №4 Санкт-Петербург;SC 000 000 00 02;Сканирование скелетон;;00;Запросы;Страница;8,246;AUTO
ОСЦ Москва;Вне подразделений;SC 000 000 00 02;Сканирование скелетон;;00;Запросы;Страница;0;AUTO
ОСЦ Москва;Архив №1 Томилино;SC 000 000 00 02;Сканирование скелетон;;00;Запросы;Страница;7,563;AUTO
ОСЦ Нижний Новгород;Вне подразделений;SC 000 000 00 02;Сканирование скелетон;;00;Запросы;Страница;0;AUTO
ОСЦ Нижний Новгород;Архив №1 Нижний Новгород;SC 000 000 00 02;Сканирование скелетон;;00;Запросы;Страница;7,093;AUTO
ОСЦ Новосибирск;Вне подразделений;SC 000 000 00 02;Сканирование скелетон;;00;Запросы;Страница;0;AUTO
ОСЦ Новосибирск;Архив №1 Новосибирск;SC 000 000 00 02;Сканирование скелетон;;00;Запросы;Страница;8,938;AUTO
ОСЦ Самара;Вне подразделений;SC 000 000 00 02;Сканирование скелетон;;00;Запросы;Страница;0;AUTO
ОСЦ Новосибирск;Архив №3 Екатеринбург;SC 000 000 00 02;Сканирование скелетон;;00;Запросы;Страница;8,271;AUTO
ОСЦ Самара;Архив №1 Самара;SC 000 000 00 02;Сканирование скелетон;;00;Запросы;Страница;9,32;AUTO
ОСЦ Воронеж;Архив №4 Санкт-Петербург;DC 000 000 00 01;Подтверждение заявки в АС ЦАРС;-;00;Запросы;Заявка;26;AUTO
ОСЦ Самара;Архив №1 Самара;DC 000 000 00 01;Подтверждение заявки в АС ЦАРС;-;00;Запросы;Заявка;22;AUTO
ОСЦ Новосибирск;Архив №1 Новосибирск;DC 000 000 00 01;Подтверждение заявки в АС ЦАРС;-;00;Запросы;Заявка;28;AUTO
ОСЦ Нижний Новгород;Архив №1 Нижний Новгород;DC 000 000 00 01;Подтверждение заявки в АС ЦАРС;-;00;Запросы;Заявка;20;AUTO
ОСЦ Москва;Архив №1 Томилино;DC 000 000 00 01;Подтверждение заявки в АС ЦАРС;-;00;Запросы;Заявка;30;AUTO
ОСЦ Воронеж;Архив №3 Калининград;DC 000 000 00 01;Подтверждение заявки в АС ЦАРС;-;00;Запросы;Заявка;24;AUTO
ОСЦ Новосибирск;Архив №3 Екатеринбург;DC 000 000 00 01;Подтверждение заявки в АС ЦАРС;-;00;Запросы;Заявка;26;AUTO
ОСЦ Воронеж;Архив №1 Воронеж;DC 000 000 00 01;Подтверждение заявки в АС ЦАРС;-;00;Запросы;Заявка;26;AUTO
ОСЦ Воронеж;Вне подразделений;CP 0065 000 00 01;ФК На доукомплектовании АК;-;00;Логистика;Нет;0;AUTO
ОСЦ Воронеж;Архив №1 Воронеж;CP 0065 000 00 01;ФК На доукомплектовании АК;-;00;Логистика;Нет;14;AUTO
ОСЦ Воронеж;Архив №3 Калининград;CP 0065 000 00 01;ФК На доукомплектовании АК;-;00;Логистика;Нет;12,984;AUTO
ОСЦ Воронеж;Архив №4 Санкт-Петербург;CP 0065 000 00 01;ФК На доукомплектовании АК;-;00;Логистика;Нет;14;AUTO
ОСЦ Москва;Архив №1 Томилино;CP 0065 000 00 01;ФК На доукомплектовании АК;-;00;Логистика;Нет;14;AUTO
ОСЦ Нижний Новгород;Архив №1 Нижний Новгород;CP 0065 000 00 01;ФК На доукомплектовании АК;-;00;Логистика;Нет;14;AUTO
ОСЦ Новосибирск;Архив №1 Новосибирск;CP 0065 000 00 01;ФК На доукомплектовании АК;-;00;Логистика;Нет;14;AUTO
ОСЦ Новосибирск;Архив №3 Екатеринбург;CP 0065 000 00 01;ФК На доукомплектовании АК;-;00;Логистика;Нет;14;AUTO
ОСЦ Самара;Архив №1 Самара;CP 0065 000 00 01;ФК На доукомплектовании АК;-;00;Логистика;Нет;14;AUTO
ОСЦ Воронеж;Вне подразделений;BX 0077 000 00 01;Регистрация АК;-;00;Регистрация;Нет;0;AUTO
ОСЦ Воронеж;Архив №1 Воронеж;BX 0077 000 00 01;Регистрация АК;-;00;Регистрация;Нет;17,258;AUTO
ОСЦ Воронеж;Архив №3 Калининград;BX 0077 000 00 01;Регистрация АК;-;00;Регистрация;Нет;14;AUTO
ОСЦ Воронеж;Архив №4 Санкт-Петербург;BX 0077 000 00 01;Регистрация АК;-;00;Регистрация;Нет;17,258;AUTO
ОСЦ Москва;Архив №1 Томилино;BX 0077 000 00 01;Регистрация АК;-;00;Регистрация;Нет;6;AUTO
ОСЦ Нижний Новгород;Архив №1 Нижний Новгород;BX 0077 000 00 01;Регистрация АК;-;00;Регистрация;Нет;0;AUTO
ОСЦ Новосибирск;Архив №1 Новосибирск;BX 0077 000 00 01;Регистрация АК;-;00;Регистрация;Нет;1;AUTO
ОСЦ Новосибирск;Архив №3 Екатеринбург;BX 0077 000 00 01;Регистрация АК;-;00;Регистрация;Нет;0;AUTO
ОСЦ Самара;Архив №1 Самара;BX 0077 000 00 01;Регистрация АК;-;00;Регистрация;Нет;1;AUTO
ОСЦ Воронеж;Вне подразделений;BX 0085 000 00 01;Регистрация FB;-;00;Регистрация;Нет;0;AUTO
ОСЦ Нижний Новгород;Архив №1 Нижний Новгород;BX 0085 000 00 01;Регистрация FB;-;00;Регистрация;Нет;0;AUTO
ОСЦ Новосибирск;Архив №3 Екатеринбург;BX 0085 000 00 01;Регистрация FB;-;00;Регистрация;Нет;0;AUTO
ОСЦ Воронеж;Вне подразделений;BX 0010 000 00 01;АК размещен на хранение;-;00;Логистика;АК;43;AUTO
ОСЦ Воронеж;Архив №1 Воронеж;BX 0010 000 00 01;АК размещен на хранение;-;00;Логистика;АК;43;AUTO
ОСЦ Воронеж;Архив №3 Калининград;BX 0010 000 00 01;АК размещен на хранение;-;00;Логистика;АК;41,234;AUTO
ОСЦ Воронеж;Архив №4 Санкт-Петербург;BX 0010 000 00 01;АК размещен на хранение;-;00;Логистика;АК;43;AUTO
ОСЦ Москва;Архив №1 Томилино;BX 0010 000 00 01;АК размещен на хранение;-;00;Логистика;АК;34;AUTO
ОСЦ Нижний Новгород;Архив №1 Нижний Новгород;BX 0010 000 00 01;АК размещен на хранение;-;00;Логистика;АК;43;AUTO
ОСЦ Новосибирск;Архив №1 Новосибирск;BX 0010 000 00 01;АК размещен на хранение;-;00;Логистика;АК;43;AUTO
ОСЦ Новосибирск;Архив №3 Екатеринбург;BX 0010 000 00 01;АК размещен на хранение;-;00;Логистика;АК;43;AUTO
ОСЦ Самара;Архив №1 Самара;BX 0010 000 00 01;АК размещен на хранение;-;00;Логистика;АК;43;AUTO
ОСЦ Воронеж;Вне подразделений;RA 0009 000 00 01;Размещение коробов на хранение в автоматизированном хранилище ЦАРС;-;00;Логистика;;0;AUTO
ОСЦ Воронеж;Архив №1 Воронеж;RA 0009 000 00 01;Размещение коробов на хранение в автоматизированном хранилище ЦАРС;-;00;Логистика;;0;AUTO
ОСЦ Воронеж;Архив №3 Калининград;RA 0009 000 00 01;Размещение коробов на хранение в автоматизированном хранилище ЦАРС;-;00;Логистика;;0;AUTO
ОСЦ Воронеж;Архив №4 Санкт-Петербург;RA 0009 000 00 01;Размещение коробов на хранение в автоматизированном хранилище ЦАРС;-;00;Логистика;;0;AUTO
ОСЦ Москва;Архив №1 Томилино;RA 0009 000 00 01;Размещение коробов на хранение в автоматизированном хранилище ЦАРС;-;00;Логистика;;25,948;AUTO
ОСЦ Нижний Новгород;Архив №1 Нижний Новгород;RA 0009 000 00 01;Размещение коробов на хранение в автоматизированном хранилище ЦАРС;-;00;Логистика;;28;AUTO
ОСЦ Новосибирск;Архив №1 Новосибирск;RA 0009 000 00 01;Размещение коробов на хранение в автоматизированном хранилище ЦАРС;-;00;Логистика;;0;AUTO
ОСЦ Новосибирск;Архив №3 Екатеринбург;RA 0009 000 00 01;Размещение коробов на хранение в автоматизированном хранилище ЦАРС;-;00;Логистика;;0;AUTO
ОСЦ Самара;Архив №1 Самара;RA 0009 000 00 01;Размещение коробов на хранение в автоматизированном хранилище ЦАРС;-;00;Логистика;;28;AUTO
ОСЦ Воронеж;Архив №1 Воронеж;SS 0142 000 00 01;Прикрепление файлов в ЕСМ (маска электро);;;Регистрация;;72;AUTO
ОСЦ Воронеж;Архив №3 Калининград;SS 0142 000 00 01;Прикрепление файлов в ЕСМ (маска электро);;;Регистрация;;72;AUTO
ОСЦ Воронеж;Архив №4 Санкт-Петербург;SS 0142 000 00 01;Прикрепление файлов в ЕСМ (маска электро);;;Регистрация;;72;AUTO
ОСЦ Москва;Архив №1 Томилино;SS 0142 000 00 01;Прикрепление файлов в ЕСМ (маска электро);;;Регистрация;;83,522;AUTO
ОСЦ Нижний Новгород;Архив №1 Нижний Новгород;SS 0142 000 00 01;Прикрепление файлов в ЕСМ (маска электро);;;Регистрация;;72;AUTO
ОСЦ Новосибирск;Архив №1 Новосибирск;SS 0142 000 00 01;Прикрепление файлов в ЕСМ (маска электро);;;Регистрация;;72;AUTO
ОСЦ Новосибирск;Архив №3 Екатеринбург;SS 0142 000 00 01;Прикрепление файлов в ЕСМ (маска электро);;;Регистрация;;72;AUTO
ОСЦ Самара;Архив №1 Самара;SS 0142 000 00 01;Прикрепление файлов в ЕСМ (маска электро);;;Регистрация;;64;AUTO
ОСЦ Воронеж;Архив №1 Воронеж;BX 0013 000 00 01;АК изъят с хранения;-;00;Логистика;АК;32;AUTO
ОСЦ Нижний Новгород;Архив №1 Нижний Новгород;BX 0013 000 00 01;АК изъят с хранения;-;00;Логистика;АК;32;AUTO
ОСЦ Новосибирск;Архив №1 Новосибирск;BX 0013 000 00 01;АК изъят с хранения;-;00;Логистика;АК;32;AUTO
ОСЦ Самара;Архив №1 Самара;BX 0013 000 00 01;АК изъят с хранения;-;00;Логистика;АК;32;AUTO
ОСЦ Москва;Архив №1 Томилино;BX 0013 000 00 01;АК изъят с хранения;-;00;Логистика;АК;29,091;AUTO
ОСЦ Новосибирск;Архив №3 Екатеринбург;BX 0013 000 00 01;АК изъят с хранения;-;00;Логистика;АК;32;AUTO
ОСЦ Воронеж;Архив №3 Калининград;BX 0013 000 00 01;АК изъят с хранения;-;00;Логистика;АК;31,865;AUTO
ОСЦ Воронеж;Архив №4 Санкт-Петербург;BX 0013 000 00 01;АК изъят с хранения;-;00;Логистика;АК;32;AUTO
ОСЦ Воронеж;Архив №1 Воронеж;CP 0047 000 00 01;Документ/Опись/Сшив перемаркирован;-;00;Логистика;;12;AUTO
ОСЦ Нижний Новгород;Архив №1 Нижний Новгород;CP 0047 000 00 01;Документ/Опись/Сшив перемаркирован;-;00;Логистика;;12;AUTO
ОСЦ Новосибирск;Архив №1 Новосибирск;CP 0047 000 00 01;Документ/Опись/Сшив перемаркирован;-;00;Логистика;;12;AUTO
ОСЦ Самара;Архив №1 Самара;CP 0047 000 00 01;Документ/Опись/Сшив перемаркирован;-;00;Логистика;;12;AUTO
ОСЦ Москва;Архив №1 Томилино;CP 0047 000 00 01;Документ/Опись/Сшив перемаркирован;-;00;Логистика;;12;AUTO
ОСЦ Новосибирск;Архив №3 Екатеринбург;CP 0047 000 00 01;Документ/Опись/Сшив перемаркирован;-;00;Логистика;;12;AUTO
ОСЦ Воронеж;Архив №3 Калининград;CP 0047 000 00 01;Документ/Опись/Сшив перемаркирован;-;00;Логистика;;10,813;AUTO
ОСЦ Воронеж;Архив №4 Санкт-Петербург;CP 0047 000 00 01;Документ/Опись/Сшив перемаркирован;-;00;Логистика;;12;AUTO
ОСЦ Воронеж;Архив №1 Воронеж;CP 0021 000 00 01;АК перемаркирован;-;00;Логистика;;30;AUTO
ОСЦ Нижний Новгород;Архив №1 Нижний Новгород;CP 0021 000 00 01;АК перемаркирован;-;00;Логистика;;30;AUTO
ОСЦ Новосибирск;Архив №1 Новосибирск;CP 0021 000 00 01;АК перемаркирован;-;00;Логистика;;27,109;AUTO
ОСЦ Самара;Архив №1 Самара;CP 0021 000 00 01;АК перемаркирован;-;00;Логистика;;30;AUTO
ОСЦ Москва;Архив №1 Томилино;CP 0021 000 00 01;АК перемаркирован;-;00;Логистика;;30;AUTO
ОСЦ Новосибирск;Архив №3 Екатеринбург;CP 0021 000 00 01;АК перемаркирован;-;00;Логистика;;30;AUTO
ОСЦ Воронеж;Архив №3 Калининград;CP 0021 000 00 01;АК перемаркирован;-;00;Логистика;;27,882;AUTO
ОСЦ Воронеж;Архив №4 Санкт-Петербург;CP 0021 000 00 01;АК перемаркирован;-;00;Логистика;;30;AUTO
ОСЦ Воронеж;Архив №1 Воронеж;BF 0038 000 00 01;Документ/Опись/Сшив присутствовал внутри короба при проведении контроля полноты короба;-;00;Логистика;;0;AUTO
ОСЦ Нижний Новгород;Архив №1 Нижний Новгород;BF 0038 000 00 01;Документ/Опись/Сшив присутствовал внутри короба при проведении контроля полноты короба;-;00;Логистика;;2,27;AUTO
ОСЦ Новосибирск;Архив №1 Новосибирск;BF 0038 000 00 01;Документ/Опись/Сшив присутствовал внутри короба при проведении контроля полноты короба;-;00;Логистика;;2,469;AUTO
ОСЦ Самара;Архив №1 Самара;BF 0038 000 00 01;Документ/Опись/Сшив присутствовал внутри короба при проведении контроля полноты короба;-;00;Логистика;;0;AUTO
ОСЦ Москва;Архив №1 Томилино;BF 0038 000 00 01;Документ/Опись/Сшив присутствовал внутри короба при проведении контроля полноты короба;-;00;Логистика;;2,076;AUTO
ОСЦ Новосибирск;Архив №3 Екатеринбург;BF 0038 000 00 01;Документ/Опись/Сшив присутствовал внутри короба при проведении контроля полноты короба;-;00;Логистика;;0;AUTO
ОСЦ Воронеж;Архив №3 Калининград;BF 0038 000 00 01;Документ/Опись/Сшив присутствовал внутри короба при проведении контроля полноты короба;-;00;Логистика;;2,662;AUTO
ОСЦ Воронеж;Архив №4 Санкт-Петербург;BF 0038 000 00 01;Документ/Опись/Сшив присутствовал внутри короба при проведении контроля полноты короба;-;00;Логистика;;2,698;AUTO
ОСЦ Воронеж;Архив №1 Воронеж;RR 0099 000 00 01;Принято в СОЗ из СЛ LZ ЦАРС по запросам (с сортировкой);;00;Запросы;ШК;11,76;AUTO
ОСЦ Воронеж;Архив №3 Калининград;RR 0099 000 00 01;Принято в СОЗ из СЛ LZ ЦАРС по запросам (с сортировкой);;00;Запросы;ШК;4,388;AUTO
ОСЦ Воронеж;Архив №4 Санкт-Петербург;RR 0099 000 00 01;Принято в СОЗ из СЛ LZ ЦАРС по запросам (с сортировкой);;00;Запросы;ШК;9,668;AUTO
ОСЦ Москва;Архив №1 Томилино;RR 0099 000 00 01;Принято в СОЗ из СЛ LZ ЦАРС по запросам (с сортировкой);;00;Запросы;ШК;12,473;AUTO
ОСЦ Нижний Новгород;Архив №1 Нижний Новгород;RR 0099 000 00 01;Принято в СОЗ из СЛ LZ ЦАРС по запросам (с сортировкой);;00;Запросы;ШК;10,06;AUTO
ОСЦ Новосибирск;Архив №1 Новосибирск;RR 0099 000 00 01;Принято в СОЗ из СЛ LZ ЦАРС по запросам (с сортировкой);;00;Запросы;ШК;13,273;AUTO
ОСЦ Новосибирск;Архив №3 Екатеринбург;RR 0099 000 00 01;Принято в СОЗ из СЛ LZ ЦАРС по запросам (с сортировкой);;00;Запросы;ШК;12,617;AUTO
ОСЦ Самара;Архив №1 Самара;RR 0099 000 00 01;Принято в СОЗ из СЛ LZ ЦАРС по запросам (с сортировкой);;00;Запросы;ШК;14,087;AUTO
ОСЦ Воронеж;Вне подразделений;RG 0001 002 00 01;Регистрация по БП;Рег.;02;Регистрация;досье;0;AUTO
ОСЦ Воронеж;Архив №1 Воронеж;RG 0001 002 00 01;Регистрация по БП;Рег.;02;Регистрация;досье;21;AUTO
ОСЦ Новосибирск;Архив №1 Новосибирск;RG 0001 233 00 01;Регистрация по БП;Рег.;233;Регистрация;досье;21,531;AUTO
ОСЦ Новосибирск;Архив №3 Екатеринбург;RG 0001 233 00 01;Регистрация по БП;Рег.;233;Регистрация;досье;20,6;AUTO
ОСЦ Самара;Вне подразделений;RG 0001 233 00 01;Регистрация по БП;Рег.;233;Регистрация;досье;0;AUTO
ОСЦ Самара;Архив №1 Самара;RG 0001 233 00 01;Регистрация по БП;Рег.;233;Регистрация;досье;22;AUTO
ОСЦ Воронеж;Вне подразделений;RG 0001 007 00 01;Регистрация по БП;Рег.;07;Регистрация;досье;0;AUTO
ОСЦ Воронеж;Архив №1 Воронеж;RG 0001 007 00 01;Регистрация по БП;Рег.;07;Регистрация;досье;38;AUTO
ОСЦ Воронеж;Архив №3 Калининград;RG 0001 007 00 01;Регистрация по БП;Рег.;07;Регистрация;досье;24,576;AUTO
ОСЦ Воронеж;Архив №4 Санкт-Петербург;RG 0001 007 00 01;Регистрация по БП;Рег.;07;Регистрация;досье;23;AUTO
ОСЦ Москва;Вне подразделений;RG 0001 007 00 01;Регистрация по БП;Рег.;07;Регистрация;досье;0;AUTO
ОСЦ Москва;Архив №1 Томилино;RG 0001 007 00 01;Регистрация по БП;Рег.;07;Регистрация;досье;24;AUTO
ОСЦ Нижний Новгород;Вне подразделений;RG 0001 007 00 01;Регистрация по БП;Рег.;07;Регистрация;досье;0;AUTO
ОСЦ Нижний Новгород;Архив №1 Нижний Новгород;RG 0001 007 00 01;Регистрация по БП;Рег.;07;Регистрация;досье;21;AUTO
ОСЦ Новосибирск;Вне подразделений;RG 0001 007 00 01;Регистрация по БП;Рег.;07;Регистрация;досье;0;AUTO
ОСЦ Новосибирск;Архив №1 Новосибирск;RG 0001 007 00 01;Регистрация по БП;Рег.;07;Регистрация;досье;28,75;AUTO
ОСЦ Новосибирск;Архив №3 Екатеринбург;RG 0001 007 00 01;Регистрация по БП;Рег.;07;Регистрация;досье;29,284;AUTO
ОСЦ Самара;Вне подразделений;RG 0001 007 00 01;Регистрация по БП;Рег.;07;Регистрация;досье;0;AUTO
ОСЦ Самара;Архив №1 Самара;RG 0001 007 00 01;Регистрация по БП;Рег.;07;Регистрация;досье;30;AUTO
ОСЦ Воронеж;Вне подразделений;RG 0001 058 00 01;Регистрация по БП;Рег.;58;Регистрация;досье;0;AUTO
ОСЦ Воронеж;Архив №1 Воронеж;RG 0001 058 00 01;Регистрация по БП;Рег.;58;Регистрация;досье;0;AUTO
ОСЦ Воронеж;Архив №3 Калининград;RG 0001 058 00 01;Регистрация по БП;Рег.;58;Регистрация;досье;0;AUTO
ОСЦ Воронеж;Архив №4 Санкт-Петербург;RG 0001 058 00 01;Регистрация по БП;Рег.;58;Регистрация;досье;23,313;AUTO
ОСЦ Москва;Вне подразделений;RG 0001 058 00 01;Регистрация по БП;Рег.;58;Регистрация;досье;0;AUTO
ОСЦ Москва;Архив №1 Томилино;RG 0001 058 00 01;Регистрация по БП;Рег.;58;Регистрация;досье;37;AUTO
ОСЦ Нижний Новгород;Вне подразделений;RG 0001 058 00 01;Регистрация по БП;Рег.;58;Регистрация;досье;0;AUTO
ОСЦ Нижний Новгород;Архив №1 Нижний Новгород;RG 0001 058 00 01;Регистрация по БП;Рег.;58;Регистрация;досье;0;AUTO
ОСЦ Новосибирск;Вне подразделений;RG 0001 058 00 01;Регистрация по БП;Рег.;58;Регистрация;досье;0;AUTO
ОСЦ Новосибирск;Архив №1 Новосибирск;RG 0001 058 00 01;Регистрация по БП;Рег.;58;Регистрация;досье;0;AUTO
ОСЦ Новосибирск;Архив №3 Екатеринбург;RG 0001 058 00 01;Регистрация по БП;Рег.;58;Регистрация;досье;0;AUTO
ОСЦ Самара;Вне подразделений;RG 0001 058 00 01;Регистрация по БП;Рег.;58;Регистрация;досье;0;AUTO
ОСЦ Самара;Архив №1 Самара;RG 0001 058 00 01;Регистрация по БП;Рег.;58;Регистрация;досье;0;AUTO
ОСЦ Воронеж;Вне подразделений;RG 0001 028 00 01;Регистрация по БП;Рег.;28;Регистрация;досье;0;AUTO
ОСЦ Воронеж;Архив №1 Воронеж;RG 0001 028 00 01;Регистрация по БП;Рег.;28;Регистрация;досье;0;AUTO
ОСЦ Воронеж;Архив №3 Калининград;RG 0001 028 00 01;Регистрация по БП;Рег.;28;Регистрация;досье;23,327;AUTO
ОСЦ Воронеж;Архив №4 Санкт-Петербург;RG 0001 028 00 01;Регистрация по БП;Рег.;28;Регистрация;досье;21;AUTO
ОСЦ Москва;Вне подразделений;RG 0001 028 00 01;Регистрация по БП;Рег.;28;Регистрация;досье;0;AUTO
ОСЦ Москва;Архив №1 Томилино;RG 0001 028 00 01;Регистрация по БП;Рег.;28;Регистрация;досье;24;AUTO
ОСЦ Нижний Новгород;Вне подразделений;RG 0001 028 00 01;Регистрация по БП;Рег.;28;Регистрация;досье;0;AUTO
ОСЦ Нижний Новгород;Архив №1 Нижний Новгород;RG 0001 028 00 01;Регистрация по БП;Рег.;28;Регистрация;досье;24,188;AUTO
ОСЦ Новосибирск;Вне подразделений;RG 0001 028 00 01;Регистрация по БП;Рег.;28;Регистрация;досье;0;AUTO
ОСЦ Новосибирск;Архив №1 Новосибирск;RG 0001 028 00 01;Регистрация по БП;Рег.;28;Регистрация;досье;24,528;AUTO
ОСЦ Новосибирск;Архив №3 Екатеринбург;RG 0001 028 00 01;Регистрация по БП;Рег.;28;Регистрация;досье;25,5;AUTO
ОСЦ Самара;Вне подразделений;RG 0001 028 00 01;Регистрация по БП;Рег.;28;Регистрация;досье;0;AUTO
ОСЦ Самара;Архив №1 Самара;RG 0001 028 00 01;Регистрация по БП;Рег.;28;Регистрация;досье;23,314;AUTO
ОСЦ Воронеж;Вне подразделений;RG 0001 019 00 01;Регистрация по БП;Рег.;19;Регистрация;досье;0;AUTO
ОСЦ Воронеж;Архив №1 Воронеж;RG 0001 019 00 01;Регистрация по БП;Рег.;19;Регистрация;досье;67;AUTO
ОСЦ Воронеж;Архив №3 Калининград;RG 0001 019 00 01;Регистрация по БП;Рег.;19;Регистрация;досье;0;AUTO
ОСЦ Воронеж;Архив №4 Санкт-Петербург;RG 0001 019 00 01;Регистрация по БП;Рег.;19;Регистрация;досье;65,923;AUTO
ОСЦ Москва;Вне подразделений;RG 0001 019 00 01;Регистрация по БП;Рег.;19;Регистрация;досье;0;AUTO
ОСЦ Москва;Архив №1 Томилино;RG 0001 019 00 01;Регистрация по БП;Рег.;19;Регистрация;досье;58;AUTO
ОСЦ Нижний Новгород;Вне подразделений;RG 0001 019 00 01;Регистрация по БП;Рег.;19;Регистрация;досье;0;AUTO
ОСЦ Нижний Новгород;Архив №1 Нижний Новгород;RG 0001 019 00 01;Регистрация по БП;Рег.;19;Регистрация;досье;71,502;AUTO
ОСЦ Новосибирск;Вне подразделений;RG 0001 019 00 01;Регистрация по БП;Рег.;19;Регистрация;досье;0;AUTO
ОСЦ Новосибирск;Архив №1 Новосибирск;RG 0001 019 00 01;Регистрация по БП;Рег.;19;Регистрация;досье;54,897;AUTO
ОСЦ Новосибирск;Архив №3 Екатеринбург;RG 0001 019 00 01;Регистрация по БП;Рег.;19;Регистрация;досье;71,767;AUTO
ОСЦ Самара;Вне подразделений;RG 0001 019 00 01;Регистрация по БП;Рег.;19;Регистрация;досье;0;AUTO
ОСЦ Самара;Архив №1 Самара;RG 0001 019 00 01;Регистрация по БП;Рег.;19;Регистрация;досье;77,533;AUTO
ОСЦ Воронеж;Вне подразделений;RG 0001 243 00 01;Регистрация по БП;Рег.;243;Регистрация;досье;0;AUTO
ОСЦ Воронеж;Архив №1 Воронеж;RG 0001 243 00 01;Регистрация по БП;Рег.;243;Регистрация;досье;100,567;AUTO
ОСЦ Воронеж;Архив №3 Калининград;RG 0001 243 00 01;Регистрация по БП;Рег.;243;Регистрация;досье;0;AUTO
ОСЦ Воронеж;Архив №4 Санкт-Петербург;RG 0001 243 00 01;Регистрация по БП;Рег.;243;Регистрация;досье;97,129;AUTO
ОСЦ Москва;Вне подразделений;RG 0001 243 00 01;Регистрация по БП;Рег.;243;Регистрация;досье;0;AUTO
ОСЦ Москва;Архив №1 Томилино;RG 0001 243 00 01;Регистрация по БП;Рег.;243;Регистрация;досье;93,2;AUTO
ОСЦ Нижний Новгород;Вне подразделений;RG 0001 243 00 01;Регистрация по БП;Рег.;243;Регистрация;досье;0;AUTO
ОСЦ Нижний Новгород;Архив №1 Нижний Новгород;RG 0001 243 00 01;Регистрация по БП;Рег.;243;Регистрация;досье;88,7;AUTO
ОСЦ Новосибирск;Вне подразделений;RG 0001 243 00 01;Регистрация по БП;Рег.;243;Регистрация;досье;0;AUTO
ОСЦ Новосибирск;Архив №1 Новосибирск;RG 0001 243 00 01;Регистрация по БП;Рег.;243;Регистрация;досье;77,987;AUTO
ОСЦ Новосибирск;Архив №3 Екатеринбург;RG 0001 243 00 01;Регистрация по БП;Рег.;243;Регистрация;досье;101,233;AUTO
ОСЦ Самара;Вне подразделений;RG 0001 243 00 01;Регистрация по БП;Рег.;243;Регистрация;досье;0;AUTO
ОСЦ Самара;Архив №1 Самара;RG 0001 243 00 01;Регистрация по БП;Рег.;243;Регистрация;досье;95,7;AUTO
ОСЦ Воронеж;Вне подразделений;RG 0001 016 00 01;Регистрация по БП;Рег.;16;Регистрация;досье;0;AUTO
ОСЦ Воронеж;Архив №1 Воронеж;RG 0001 016 00 01;Регистрация по БП;Рег.;16;Регистрация;досье;0;AUTO
ОСЦ Воронеж;Архив №3 Калининград;RG 0001 016 00 01;Регистрация по БП;Рег.;16;Регистрация;досье;16,161;AUTO
ОСЦ Воронеж;Архив №4 Санкт-Петербург;RG 0001 016 00 01;Регистрация по БП;Рег.;16;Регистрация;досье;0;AUTO
ОСЦ Москва;Вне подразделений;RG 0001 016 00 01;Регистрация по БП;Рег.;16;Регистрация;досье;0;AUTO
ОСЦ Москва;Архив №1 Томилино;RG 0001 016 00 01;Регистрация по БП;Рег.;16;Регистрация;досье;0;AUTO
ОСЦ Нижний Новгород;Вне подразделений;RG 0001 016 00 01;Регистрация по БП;Рег.;16;Регистрация;досье;0;AUTO
ОСЦ Нижний Новгород;Архив №1 Нижний Новгород;RG 0001 016 00 01;Регистрация по БП;Рег.;16;Регистрация;досье;0;AUTO
ОСЦ Новосибирск;Вне подразделений;RG 0001 016 00 01;Регистрация по БП;Рег.;16;Регистрация;досье;0;AUTO
ОСЦ Новосибирск;Архив №1 Новосибирск;RG 0001 016 00 01;Регистрация по БП;Рег.;16;Регистрация;досье;16,173;AUTO
ОСЦ Новосибирск;Архив №3 Екатеринбург;RG 0001 016 00 01;Регистрация по БП;Рег.;16;Регистрация;досье;0;AUTO
ОСЦ Самара;Вне подразделений;RG 0001 016 00 01;Регистрация по БП;Рег.;16;Регистрация;досье;0;AUTO
ОСЦ Самара;Архив №1 Самара;RG 0001 016 00 01;Регистрация по БП;Рег.;16;Регистрация;досье;0;AUTO
ОСЦ Воронеж;Вне подразделений;RG 0001 027 00 01;Регистрация по БП;Рег.;27;Регистрация;досье;0;AUTO
ОСЦ Воронеж;Архив №1 Воронеж;RG 0001 027 00 01;Регистрация по БП;Рег.;27;Регистрация;досье;20;AUTO
ОСЦ Воронеж;Архив №3 Калининград;RG 0001 027 00 01;Регистрация по БП;Рег.;27;Регистрация;досье;26,034;AUTO
ОСЦ Воронеж;Архив №4 Санкт-Петербург;RG 0001 027 00 01;Регистрация по БП;Рег.;27;Регистрация;досье;23,313;AUTO
ОСЦ Москва;Вне подразделений;RG 0001 027 00 01;Регистрация по БП;Рег.;27;Регистрация;досье;0;AUTO
ОСЦ Москва;Архив №1 Томилино;RG 0001 027 00 01;Регистрация по БП;Рег.;27;Регистрация;досье;15;AUTO
ОСЦ Нижний Новгород;Вне подразделений;RG 0001 027 00 01;Регистрация по БП;Рег.;27;Регистрация;досье;0;AUTO
ОСЦ Нижний Новгород;Архив №1 Нижний Новгород;RG 0001 027 00 01;Регистрация по БП;Рег.;27;Регистрация;досье;35;AUTO
ОСЦ Новосибирск;Вне подразделений;RG 0001 027 00 01;Регистрация по БП;Рег.;27;Регистрация;досье;0;AUTO
ОСЦ Новосибирск;Архив №1 Новосибирск;RG 0001 027 00 01;Регистрация по БП;Рег.;27;Регистрация;досье;22,967;AUTO
ОСЦ Новосибирск;Архив №3 Екатеринбург;RG 0001 027 00 01;Регистрация по БП;Рег.;27;Регистрация;досье;23,2;AUTO
ОСЦ Самара;Вне подразделений;RG 0001 027 00 01;Регистрация по БП;Рег.;27;Регистрация;досье;0;AUTO
ОСЦ Самара;Архив №1 Самара;RG 0001 027 00 01;Регистрация по БП;Рег.;27;Регистрация;досье;25;AUTO
ОСЦ Воронеж;Вне подразделений;RG 0001 035 00 01;Регистрация по БП;Рег.;35;Регистрация;досье;0;AUTO
ОСЦ Воронеж;Архив №1 Воронеж;RG 0001 035 00 01;Регистрация по БП;Рег.;35;Регистрация;досье;23,067;AUTO
ОСЦ Воронеж;Архив №3 Калининград;RG 0001 035 00 01;Регистрация по БП;Рег.;35;Регистрация;досье;23,76;AUTO
ОСЦ Воронеж;Архив №4 Санкт-Петербург;RG 0001 035 00 01;Регистрация по БП;Рег.;35;Регистрация;досье;21,761;AUTO
ОСЦ Москва;Вне подразделений;RG 0001 035 00 01;Регистрация по БП;Рег.;35;Регистрация;досье;0;AUTO
ОСЦ Москва;Архив №1 Томилино;RG 0001 035 00 01;Регистрация по БП;Рег.;35;Регистрация;досье;24;AUTO
ОСЦ Нижний Новгород;Вне подразделений;RG 0001 035 00 01;Регистрация по БП;Рег.;35;Регистрация;досье;0;AUTO
ОСЦ Нижний Новгород;Архив №1 Нижний Новгород;RG 0001 035 00 01;Регистрация по БП;Рег.;35;Регистрация;досье;21;AUTO
ОСЦ Новосибирск;Вне подразделений;RG 0001 035 00 01;Регистрация по БП;Рег.;35;Регистрация;досье;0;AUTO
ОСЦ Новосибирск;Архив №1 Новосибирск;RG 0001 035 00 01;Регистрация по БП;Рег.;35;Регистрация;досье;23,333;AUTO
ОСЦ Новосибирск;Архив №3 Екатеринбург;RG 0001 035 00 01;Регистрация по БП;Рег.;35;Регистрация;досье;22,533;AUTO
ОСЦ Самара;Вне подразделений;RG 0001 035 00 01;Регистрация по БП;Рег.;35;Регистрация;досье;0;AUTO
ОСЦ Самара;Архив №1 Самара;RG 0001 035 00 01;Регистрация по БП;Рег.;35;Регистрация;досье;20;AUTO
ОСЦ Воронеж;Вне подразделений;RG 0001 005 00 01;Регистрация по БП;Рег.;05;Регистрация;досье;0;AUTO
ОСЦ Воронеж;Архив №1 Воронеж;RG 0001 005 00 01;Регистрация по БП;Рег.;05;Регистрация;досье;38;AUTO
ОСЦ Воронеж;Архив №3 Калининград;RG 0001 005 00 01;Регистрация по БП;Рег.;05;Регистрация;досье;31,378;AUTO
ОСЦ Воронеж;Архив №4 Санкт-Петербург;RG 0001 005 00 01;Регистрация по БП;Рег.;05;Регистрация;досье;37,677;AUTO
ОСЦ Москва;Вне подразделений;RG 0001 005 00 01;Регистрация по БП;Рег.;05;Регистрация;досье;0;AUTO
ОСЦ Москва;Архив №1 Томилино;RG 0001 005 00 01;Регистрация по БП;Рег.;05;Регистрация;досье;34,397;AUTO
ОСЦ Нижний Новгород;Вне подразделений;RG 0001 005 00 01;Регистрация по БП;Рег.;05;Регистрация;досье;0;AUTO
ОСЦ Нижний Новгород;Архив №1 Нижний Новгород;RG 0001 005 00 01;Регистрация по БП;Рег.;05;Регистрация;досье;32;AUTO
ОСЦ Новосибирск;Вне подразделений;RG 0001 005 00 01;Регистрация по БП;Рег.;05;Регистрация;досье;0;AUTO
ОСЦ Новосибирск;Архив №1 Новосибирск;RG 0001 005 00 01;Регистрация по БП;Рег.;05;Регистрация;досье;32,233;AUTO
ОСЦ Новосибирск;Архив №3 Екатеринбург;RG 0001 005 00 01;Регистрация по БП;Рег.;05;Регистрация;досье;32,467;AUTO
ОСЦ Самара;Вне подразделений;RG 0001 005 00 01;Регистрация по БП;Рег.;05;Регистрация;досье;0;AUTO
ОСЦ Самара;Архив №1 Самара;RG 0001 005 00 01;Регистрация по БП;Рег.;05;Регистрация;досье;36;AUTO
ОСЦ Воронеж;Вне подразделений;RG 0001 201 00 01;Регистрация по БП;Рег.;201;Регистрация;досье;0;AUTO
ОСЦ Воронеж;Архив №1 Воронеж;RG 0001 201 00 01;Регистрация по БП;Рег.;201;Регистрация;досье;68;AUTO
ОСЦ Воронеж;Архив №3 Калининград;RG 0001 201 00 01;Регистрация по БП;Рег.;201;Регистрация;досье;59,361;AUTO
ОСЦ Воронеж;Архив №4 Санкт-Петербург;RG 0001 201 00 01;Регистрация по БП;Рег.;201;Регистрация;досье;43,058;AUTO
ОСЦ Москва;Вне подразделений;RG 0001 201 00 01;Регистрация по БП;Рег.;201;Регистрация;досье;0;AUTO
ОСЦ Москва;Архив №1 Томилино;RG 0001 201 00 01;Регистрация по БП;Рег.;201;Регистрация;досье;63;AUTO
ОСЦ Нижний Новгород;Вне подразделений;RG 0001 201 00 01;Регистрация по БП;Рег.;201;Регистрация;досье;0;AUTO
ОСЦ Нижний Новгород;Архив №1 Нижний Новгород;RG 0001 201 00 01;Регистрация по БП;Рег.;201;Регистрация;досье;83;AUTO
ОСЦ Новосибирск;Вне подразделений;RG 0001 201 00 01;Регистрация по БП;Рег.;201;Регистрация;досье;0;AUTO
ОСЦ Новосибирск;Архив №1 Новосибирск;RG 0001 201 00 01;Регистрация по БП;Рег.;201;Регистрация;досье;64,167;AUTO
ОСЦ Новосибирск;Архив №3 Екатеринбург;RG 0001 201 00 01;Регистрация по БП;Рег.;201;Регистрация;досье;64,284;AUTO
ОСЦ Самара;Вне подразделений;RG 0001 201 00 01;Регистрация по БП;Рег.;201;Регистрация;досье;0;AUTO
ОСЦ Самара;Архив №1 Самара;RG 0001 201 00 01;Регистрация по БП;Рег.;201;Регистрация;досье;93;AUTO
ОСЦ Воронеж;Вне подразделений;RG 0001 048 00 01;Регистрация по БП;Рег.;48;Регистрация;досье;0;AUTO
ОСЦ Воронеж;Архив №1 Воронеж;RG 0001 048 00 01;Регистрация по БП;Рег.;48;Регистрация;досье;32;AUTO
ОСЦ Воронеж;Архив №3 Калининград;RG 0001 048 00 01;Регистрация по БП;Рег.;48;Регистрация;досье;34,575;AUTO
ОСЦ Воронеж;Архив №4 Санкт-Петербург;RG 0001 048 00 01;Регистрация по БП;Рег.;48;Регистрация;досье;28,198;AUTO
ОСЦ Москва;Вне подразделений;RG 0001 048 00 01;Регистрация по БП;Рег.;48;Регистрация;досье;0;AUTO
ОСЦ Москва;Архив №1 Томилино;RG 0001 048 00 01;Регистрация по БП;Рег.;48;Регистрация;досье;48;AUTO
ОСЦ Нижний Новгород;Вне подразделений;RG 0001 048 00 01;Регистрация по БП;Рег.;48;Регистрация;досье;0;AUTO
ОСЦ Нижний Новгород;Архив №1 Нижний Новгород;RG 0001 048 00 01;Регистрация по БП;Рег.;48;Регистрация;досье;59;AUTO
ОСЦ Новосибирск;Вне подразделений;RG 0001 048 00 01;Регистрация по БП;Рег.;48;Регистрация;досье;0;AUTO
ОСЦ Новосибирск;Архив №1 Новосибирск;RG 0001 048 00 01;Регистрация по БП;Рег.;48;Регистрация;досье;40,883;AUTO
ОСЦ Новосибирск;Архив №3 Екатеринбург;RG 0001 048 00 01;Регистрация по БП;Рег.;48;Регистрация;досье;40,25;AUTO
ОСЦ Самара;Вне подразделений;RG 0001 048 00 01;Регистрация по БП;Рег.;48;Регистрация;досье;0;AUTO
ОСЦ Самара;Архив №1 Самара;RG 0001 048 00 01;Регистрация по БП;Рег.;48;Регистрация;досье;36;AUTO
ОСЦ Воронеж;Вне подразделений;RG 0001 049 00 01;Регистрация по БП;Рег.;49;Регистрация;досье;0;AUTO
ОСЦ Воронеж;Архив №1 Воронеж;RG 0001 049 00 01;Регистрация по БП;Рег.;49;Регистрация;досье;32;AUTO
ОСЦ Воронеж;Архив №3 Калининград;RG 0001 049 00 01;Регистрация по БП;Рег.;49;Регистрация;досье;34,575;AUTO
ОСЦ Воронеж;Архив №4 Санкт-Петербург;RG 0001 049 00 01;Регистрация по БП;Рег.;49;Регистрация;досье;30,048;AUTO
ОСЦ Москва;Вне подразделений;RG 0001 049 00 01;Регистрация по БП;Рег.;49;Регистрация;досье;0;AUTO
ОСЦ Москва;Архив №1 Томилино;RG 0001 049 00 01;Регистрация по БП;Рег.;49;Регистрация;досье;56;AUTO
ОСЦ Нижний Новгород;Вне подразделений;RG 0001 049 00 01;Регистрация по БП;Рег.;49;Регистрация;досье;0;AUTO
ОСЦ Нижний Новгород;Архив №1 Нижний Новгород;RG 0001 049 00 01;Регистрация по БП;Рег.;49;Регистрация;досье;62;AUTO
ОСЦ Новосибирск;Вне подразделений;RG 0001 049 00 01;Регистрация по БП;Рег.;49;Регистрация;досье;0;AUTO
ОСЦ Новосибирск;Архив №1 Новосибирск;RG 0001 049 00 01;Регистрация по БП;Рег.;49;Регистрация;досье;41,033;AUTO
ОСЦ Новосибирск;Архив №3 Екатеринбург;RG 0001 049 00 01;Регистрация по БП;Рег.;49;Регистрация;досье;40,917;AUTO
ОСЦ Самара;Вне подразделений;RG 0001 049 00 01;Регистрация по БП;Рег.;49;Регистрация;досье;0;AUTO
ОСЦ Самара;Архив №1 Самара;RG 0001 049 00 01;Регистрация по БП;Рег.;49;Регистрация;досье;37;AUTO
ОСЦ Воронеж;Вне подразделений;RG 0001 050 00 01;Регистрация по БП;Рег.;50;Регистрация;досье;0;AUTO
ОСЦ Воронеж;Архив №1 Воронеж;RG 0001 050 00 01;Регистрация по БП;Рег.;50;Регистрация;досье;43,364;AUTO
ОСЦ Воронеж;Архив №3 Калининград;RG 0001 050 00 01;Регистрация по БП;Рег.;50;Регистрация;досье;39,075;AUTO
ОСЦ Воронеж;Архив №4 Санкт-Петербург;RG 0001 050 00 01;Регистрация по БП;Рег.;50;Регистрация;досье;42,613;AUTO
ОСЦ Москва;Вне подразделений;RG 0001 050 00 01;Регистрация по БП;Рег.;50;Регистрация;досье;0;AUTO
ОСЦ Москва;Архив №1 Томилино;RG 0001 050 00 01;Регистрация по БП;Рег.;50;Регистрация;досье;44,563;AUTO
ОСЦ Нижний Новгород;Вне подразделений;RG 0001 050 00 01;Регистрация по БП;Рег.;50;Регистрация;досье;0;AUTO
ОСЦ Нижний Новгород;Архив №1 Нижний Новгород;RG 0001 050 00 01;Регистрация по БП;Рег.;50;Регистрация;досье;45,009;AUTO
ОСЦ Новосибирск;Вне подразделений;RG 0001 050 00 01;Регистрация по БП;Рег.;50;Регистрация;досье;0;AUTO
ОСЦ Новосибирск;Архив №1 Новосибирск;RG 0001 050 00 01;Регистрация по БП;Рег.;50;Регистрация;досье;45,933;AUTO
ОСЦ Воронеж;Архив №3 Калининград;RG 0001 002 00 01;Регистрация по БП;Рег.;02;Регистрация;досье;20,049;AUTO
ОСЦ Воронеж;Архив №4 Санкт-Петербург;RG 0001 002 00 01;Регистрация по БП;Рег.;02;Регистрация;досье;20,262;AUTO
ОСЦ Москва;Вне подразделений;RG 0001 002 00 01;Регистрация по БП;Рег.;02;Регистрация;досье;0;AUTO
ОСЦ Москва;Архив №1 Томилино;RG 0001 002 00 01;Регистрация по БП;Рег.;02;Регистрация;досье;23;AUTO
ОСЦ Нижний Новгород;Вне подразделений;RG 0001 002 00 01;Регистрация по БП;Рег.;02;Регистрация;досье;0;AUTO
ОСЦ Нижний Новгород;Архив №1 Нижний Новгород;RG 0001 002 00 01;Регистрация по БП;Рег.;02;Регистрация;досье;18;AUTO
ОСЦ Новосибирск;Вне подразделений;RG 0001 002 00 01;Регистрация по БП;Рег.;02;Регистрация;досье;0;AUTO
ОСЦ Новосибирск;Архив №1 Новосибирск;RG 0001 002 00 01;Регистрация по БП;Рег.;02;Регистрация;досье;20,15;AUTO
ОСЦ Новосибирск;Архив №3 Екатеринбург;RG 0001 002 00 01;Регистрация по БП;Рег.;02;Регистрация;досье;19,733;AUTO
ОСЦ Самара;Вне подразделений;RG 0001 002 00 01;Регистрация по БП;Рег.;02;Регистрация;досье;0;AUTO
ОСЦ Самара;Архив №1 Самара;RG 0001 002 00 01;Регистрация по БП;Рег.;02;Регистрация;досье;20;AUTO
ОСЦ Воронеж;Вне подразделений;RG 0001 013 00 01;Регистрация по БП;Рег.;13;Регистрация;досье;0;AUTO
ОСЦ Воронеж;Архив №1 Воронеж;RG 0001 013 00 01;Регистрация по БП;Рег.;13;Регистрация;досье;18;AUTO
ОСЦ Воронеж;Архив №3 Калининград;RG 0001 013 00 01;Регистрация по БП;Рег.;13;Регистрация;досье;17,023;AUTO
ОСЦ Воронеж;Архив №4 Санкт-Петербург;RG 0001 013 00 01;Регистрация по БП;Рег.;13;Регистрация;досье;18;AUTO
ОСЦ Москва;Вне подразделений;RG 0001 013 00 01;Регистрация по БП;Рег.;13;Регистрация;досье;0;AUTO
ОСЦ Москва;Архив №1 Томилино;RG 0001 013 00 01;Регистрация по БП;Рег.;13;Регистрация;досье;18;AUTO
ОСЦ Нижний Новгород;Вне подразделений;RG 0001 013 00 01;Регистрация по БП;Рег.;13;Регистрация;досье;0;AUTO
ОСЦ Нижний Новгород;Архив №1 Нижний Новгород;RG 0001 013 00 01;Регистрация по БП;Рег.;13;Регистрация;досье;13;AUTO
ОСЦ Новосибирск;Вне подразделений;RG 0001 013 00 01;Регистрация по БП;Рег.;13;Регистрация;досье;0;AUTO
ОСЦ Новосибирск;Архив №1 Новосибирск;RG 0001 013 00 01;Регистрация по БП;Рег.;13;Регистрация;досье;18,416;AUTO
ОСЦ Новосибирск;Архив №3 Екатеринбург;RG 0001 013 00 01;Регистрация по БП;Рег.;13;Регистрация;досье;17,8;AUTO
ОСЦ Самара;Вне подразделений;RG 0001 013 00 01;Регистрация по БП;Рег.;13;Регистрация;досье;0;AUTO
ОСЦ Самара;Архив №1 Самара;RG 0001 013 00 01;Регистрация по БП;Рег.;13;Регистрация;досье;20;AUTO
ОСЦ Воронеж;Вне подразделений;RG 0001 001 00 01;Регистрация по БП;Рег.;01;Регистрация;досье;0;AUTO
ОСЦ Воронеж;Архив №1 Воронеж;RG 0001 001 00 01;Регистрация по БП;Рег.;01;Регистрация;досье;18;AUTO
ОСЦ Воронеж;Архив №3 Калининград;RG 0001 001 00 01;Регистрация по БП;Рег.;01;Регистрация;досье;16;AUTO
ОСЦ Воронеж;Архив №4 Санкт-Петербург;RG 0001 001 00 01;Регистрация по БП;Рег.;01;Регистрация;досье;19;AUTO
ОСЦ Москва;Вне подразделений;RG 0001 001 00 01;Регистрация по БП;Рег.;01;Регистрация;досье;0;AUTO
ОСЦ Москва;Архив №1 Томилино;RG 0001 001 00 01;Регистрация по БП;Рег.;01;Регистрация;досье;19;AUTO
ОСЦ Нижний Новгород;Вне подразделений;RG 0001 001 00 01;Регистрация по БП;Рег.;01;Регистрация;досье;0;AUTO
ОСЦ Нижний Новгород;Архив №1 Нижний Новгород;RG 0001 001 00 01;Регистрация по БП;Рег.;01;Регистрация;досье;17;AUTO
ОСЦ Новосибирск;Вне подразделений;RG 0001 001 00 01;Регистрация по БП;Рег.;01;Регистрация;досье;0;AUTO
ОСЦ Новосибирск;Архив №1 Новосибирск;RG 0001 001 00 01;Регистрация по БП;Рег.;01;Регистрация;досье;18,133;AUTO
ОСЦ Новосибирск;Архив №3 Екатеринбург;RG 0001 001 00 01;Регистрация по БП;Рег.;01;Регистрация;досье;17,834;AUTO
ОСЦ Самара;Вне подразделений;RG 0001 001 00 01;Регистрация по БП;Рег.;01;Регистрация;досье;0;AUTO
ОСЦ Самара;Архив №1 Самара;RG 0001 001 00 01;Регистрация по БП;Рег.;01;Регистрация;досье;20;AUTO
ОСЦ Воронеж;Вне подразделений;RG 0001 233 00 01;Регистрация по БП;Рег.;233;Регистрация;досье;0;AUTO
ОСЦ Воронеж;Архив №1 Воронеж;RG 0001 233 00 01;Регистрация по БП;Рег.;233;Регистрация;досье;21;AUTO
ОСЦ Воронеж;Архив №3 Калининград;RG 0001 233 00 01;Регистрация по БП;Рег.;233;Регистрация;досье;17,463;AUTO
ОСЦ Воронеж;Архив №4 Санкт-Петербург;RG 0001 233 00 01;Регистрация по БП;Рег.;233;Регистрация;досье;22,897;AUTO
ОСЦ Москва;Вне подразделений;RG 0001 233 00 01;Регистрация по БП;Рег.;233;Регистрация;досье;0;AUTO
ОСЦ Москва;Архив №1 Томилино;RG 0001 233 00 01;Регистрация по БП;Рег.;233;Регистрация;досье;22;AUTO
ОСЦ Нижний Новгород;Вне подразделений;RG 0001 233 00 01;Регистрация по БП;Рег.;233;Регистрация;досье;0;AUTO
ОСЦ Нижний Новгород;Архив №1 Нижний Новгород;RG 0001 233 00 01;Регистрация по БП;Рег.;233;Регистрация;досье;22;AUTO
ОСЦ Новосибирск;Вне подразделений;RG 0001 233 00 01;Регистрация по БП;Рег.;233;Регистрация;досье;0;AUTO
ОСЦ Новосибирск;Архив №3 Екатеринбург;RG 0001 050 00 01;Регистрация по БП;Рег.;50;Регистрация;досье;42,2;AUTO
ОСЦ Самара;Вне подразделений;RG 0001 050 00 01;Регистрация по БП;Рег.;50;Регистрация;досье;0;AUTO
ОСЦ Самара;Архив №1 Самара;RG 0001 050 00 01;Регистрация по БП;Рег.;50;Регистрация;досье;43,114;AUTO
ОСЦ Воронеж;Вне подразделений;RG 0001 248 00 01;Регистрация по БП;Рег.;248;Регистрация;досье;0;AUTO
ОСЦ Воронеж;Архив №1 Воронеж;RG 0001 248 00 01;Регистрация по БП;Рег.;248;Регистрация;досье;0;AUTO
ОСЦ Воронеж;Архив №3 Калининград;RG 0001 248 00 01;Регистрация по БП;Рег.;248;Регистрация;досье;0;AUTO
ОСЦ Воронеж;Архив №4 Санкт-Петербург;RG 0001 248 00 01;Регистрация по БП;Рег.;248;Регистрация;досье;0;AUTO
ОСЦ Москва;Вне подразделений;RG 0001 248 00 01;Регистрация по БП;Рег.;248;Регистрация;досье;0;AUTO
ОСЦ Москва;Архив №1 Томилино;RG 0001 248 00 01;Регистрация по БП;Рег.;248;Регистрация;досье;0;AUTO
ОСЦ Нижний Новгород;Вне подразделений;RG 0001 248 00 01;Регистрация по БП;Рег.;248;Регистрация;досье;0;AUTO
ОСЦ Нижний Новгород;Архив №1 Нижний Новгород;RG 0001 248 00 01;Регистрация по БП;Рег.;248;Регистрация;досье;0;AUTO
ОСЦ Новосибирск;Вне подразделений;RG 0001 248 00 01;Регистрация по БП;Рег.;248;Регистрация;досье;0;AUTO
ОСЦ Новосибирск;Архив №1 Новосибирск;RG 0001 248 00 01;Регистрация по БП;Рег.;248;Регистрация;досье;0;AUTO
ОСЦ Новосибирск;Архив №3 Екатеринбург;RG 0001 248 00 01;Регистрация по БП;Рег.;248;Регистрация;досье;0;AUTO
ОСЦ Самара;Вне подразделений;RG 0001 248 00 01;Регистрация по БП;Рег.;248;Регистрация;досье;0;AUTO
ОСЦ Самара;Архив №1 Самара;RG 0001 248 00 01;Регистрация по БП;Рег.;248;Регистрация;досье;0;AUTO
ОСЦ Воронеж;Вне подразделений;RG 0001 200 00 01;Регистрация по БП;Рег.;200;Регистрация;досье;0;AUTO
ОСЦ Воронеж;Архив №1 Воронеж;RG 0001 200 00 01;Регистрация по БП;Рег.;200;Регистрация;досье;38;AUTO
ОСЦ Воронеж;Архив №3 Калининград;RG 0001 200 00 01;Регистрация по БП;Рег.;200;Регистрация;досье;39,075;AUTO
ОСЦ Воронеж;Архив №4 Санкт-Петербург;RG 0001 200 00 01;Регистрация по БП;Рег.;200;Регистрация;досье;38,181;AUTO
ОСЦ Москва;Вне подразделений;RG 0001 200 00 01;Регистрация по БП;Рег.;200;Регистрация;досье;0;AUTO
ОСЦ Москва;Архив №1 Томилино;RG 0001 200 00 01;Регистрация по БП;Рег.;200;Регистрация;досье;38;AUTO
ОСЦ Нижний Новгород;Вне подразделений;RG 0001 200 00 01;Регистрация по БП;Рег.;200;Регистрация;досье;0;AUTO
ОСЦ Нижний Новгород;Архив №1 Нижний Новгород;RG 0001 200 00 01;Регистрация по БП;Рег.;200;Регистрация;досье;62;AUTO
ОСЦ Новосибирск;Вне подразделений;RG 0001 200 00 01;Регистрация по БП;Рег.;200;Регистрация;досье;0;AUTO
ОСЦ Новосибирск;Архив №1 Новосибирск;RG 0001 200 00 01;Регистрация по БП;Рег.;200;Регистрация;досье;31,416;AUTO
ОСЦ Новосибирск;Архив №3 Екатеринбург;RG 0001 200 00 01;Регистрация по БП;Рег.;200;Регистрация;досье;31,65;AUTO
ОСЦ Самара;Вне подразделений;RG 0001 200 00 01;Регистрация по БП;Рег.;200;Регистрация;досье;0;AUTO
ОСЦ Самара;Архив №1 Самара;RG 0001 200 00 01;Регистрация по БП;Рег.;200;Регистрация;досье;43;AUTO
ОСЦ Воронеж;Вне подразделений;RG 0001 046 00 01;Регистрация по БП;Рег.;46;Регистрация;досье;0;AUTO
ОСЦ Воронеж;Архив №1 Воронеж;RG 0001 046 00 01;Регистрация по БП;Рег.;46;Регистрация;досье;37,143;AUTO
ОСЦ Воронеж;Архив №3 Калининград;RG 0001 046 00 01;Регистрация по БП;Рег.;46;Регистрация;досье;39,048;AUTO
ОСЦ Воронеж;Архив №4 Санкт-Петербург;RG 0001 046 00 01;Регистрация по БП;Рег.;46;Регистрация;досье;32,171;AUTO
ОСЦ Москва;Вне подразделений;RG 0001 046 00 01;Регистрация по БП;Рег.;46;Регистрация;досье;0;AUTO
ОСЦ Москва;Архив №1 Томилино;RG 0001 046 00 01;Регистрация по БП;Рег.;46;Регистрация;досье;36,667;AUTO
ОСЦ Нижний Новгород;Вне подразделений;RG 0001 046 00 01;Регистрация по БП;Рег.;46;Регистрация;досье;0;AUTO
ОСЦ Нижний Новгород;Архив №1 Нижний Новгород;RG 0001 046 00 01;Регистрация по БП;Рег.;46;Регистрация;досье;36,636;AUTO
ОСЦ Новосибирск;Вне подразделений;RG 0001 046 00 01;Регистрация по БП;Рег.;46;Регистрация;досье;0;AUTO
ОСЦ Новосибирск;Архив №1 Новосибирск;RG 0001 046 00 01;Регистрация по БП;Рег.;46;Регистрация;досье;37,674;AUTO
ОСЦ Новосибирск;Архив №3 Екатеринбург;RG 0001 046 00 01;Регистрация по БП;Рег.;46;Регистрация;досье;37,242;AUTO
ОСЦ Самара;Вне подразделений;RG 0001 046 00 01;Регистрация по БП;Рег.;46;Регистрация;досье;0;AUTO
ОСЦ Самара;Архив №1 Самара;RG 0001 046 00 01;Регистрация по БП;Рег.;46;Регистрация;досье;33;AUTO
ОСЦ Воронеж;Вне подразделений;RG 0001 047 00 01;Регистрация по БП;Рег.;47;Регистрация;досье;0;AUTO
ОСЦ Воронеж;Архив №1 Воронеж;RG 0001 047 00 01;Регистрация по БП;Рег.;47;Регистрация;досье;41,868;AUTO
ОСЦ Воронеж;Архив №3 Калининград;RG 0001 047 00 01;Регистрация по БП;Рег.;47;Регистрация;досье;39,075;AUTO
ОСЦ Воронеж;Архив №4 Санкт-Петербург;RG 0001 047 00 01;Регистрация по БП;Рег.;47;Регистрация;досье;39,6;AUTO
ОСЦ Москва;Вне подразделений;RG 0001 047 00 01;Регистрация по БП;Рег.;47;Регистрация;досье;0;AUTO
ОСЦ Москва;Архив №1 Томилино;RG 0001 047 00 01;Регистрация по БП;Рег.;47;Регистрация;досье;43,412;AUTO
ОСЦ Нижний Новгород;Вне подразделений;RG 0001 047 00 01;Регистрация по БП;Рег.;47;Регистрация;досье;0;AUTO
ОСЦ Нижний Новгород;Архив №1 Нижний Новгород;RG 0001 047 00 01;Регистрация по БП;Рег.;47;Регистрация;досье;41,471;AUTO
ОСЦ Новосибирск;Вне подразделений;RG 0001 047 00 01;Регистрация по БП;Рег.;47;Регистрация;досье;0;AUTO
ОСЦ Новосибирск;Архив №1 Новосибирск;RG 0001 047 00 01;Регистрация по БП;Рег.;47;Регистрация;досье;40,467;AUTO
ОСЦ Новосибирск;Архив №3 Екатеринбург;RG 0001 047 00 01;Регистрация по БП;Рег.;47;Регистрация;досье;44,167;AUTO
ОСЦ Самара;Вне подразделений;RG 0001 047 00 01;Регистрация по БП;Рег.;47;Регистрация;досье;0;AUTO
ОСЦ Самара;Архив №1 Самара;RG 0001 047 00 01;Регистрация по БП;Рег.;47;Регистрация;досье;39,943;AUTO
ОСЦ Воронеж;Вне подразделений;RG 0001 232 00 01;Регистрация по БП;Рег.;232;Регистрация;досье;0;AUTO
ОСЦ Воронеж;Архив №1 Воронеж;RG 0001 232 00 01;Регистрация по БП;Рег.;232;Регистрация;досье;33,667;AUTO
ОСЦ Воронеж;Архив №3 Калининград;RG 0001 232 00 01;Регистрация по БП;Рег.;232;Регистрация;досье;34,575;AUTO
ОСЦ Воронеж;Архив №4 Санкт-Петербург;RG 0001 232 00 01;Регистрация по БП;Рег.;232;Регистрация;досье;33,367;AUTO
ОСЦ Москва;Вне подразделений;RG 0001 232 00 01;Регистрация по БП;Рег.;232;Регистрация;досье;0;AUTO
ОСЦ Москва;Архив №1 Томилино;RG 0001 232 00 01;Регистрация по БП;Рег.;232;Регистрация;досье;33;AUTO
ОСЦ Нижний Новгород;Вне подразделений;RG 0001 232 00 01;Регистрация по БП;Рег.;232;Регистрация;досье;0;AUTO
ОСЦ Нижний Новгород;Архив №1 Нижний Новгород;RG 0001 232 00 01;Регистрация по БП;Рег.;232;Регистрация;досье;35,089;AUTO
ОСЦ Новосибирск;Вне подразделений;RG 0001 232 00 01;Регистрация по БП;Рег.;232;Регистрация;досье;0;AUTO
ОСЦ Новосибирск;Архив №1 Новосибирск;RG 0001 232 00 01;Регистрация по БП;Рег.;232;Регистрация;досье;35,6;AUTO
ОСЦ Новосибирск;Архив №3 Екатеринбург;RG 0001 232 00 01;Регистрация по БП;Рег.;232;Регистрация;досье;35,1;AUTO
ОСЦ Самара;Вне подразделений;RG 0001 232 00 01;Регистрация по БП;Рег.;232;Регистрация;досье;0;AUTO
ОСЦ Самара;Архив №1 Самара;RG 0001 232 00 01;Регистрация по БП;Рег.;232;Регистрация;досье;33;AUTO
ОСЦ Воронеж;Вне подразделений;RG 0001 263 00 01;Регистрация по БП;Рег.;263;Регистрация;досье;0;AUTO
ОСЦ Воронеж;Архив №1 Воронеж;RG 0001 263 00 01;Регистрация по БП;Рег.;263;Регистрация;досье;0;AUTO
ОСЦ Воронеж;Архив №3 Калининград;RG 0001 263 00 01;Регистрация по БП;Рег.;263;Регистрация;досье;0;AUTO
ОСЦ Воронеж;Архив №4 Санкт-Петербург;RG 0001 263 00 01;Регистрация по БП;Рег.;263;Регистрация;досье;0;AUTO
ОСЦ Москва;Вне подразделений;RG 0001 263 00 01;Регистрация по БП;Рег.;263;Регистрация;досье;0;AUTO
ОСЦ Москва;Архив №1 Томилино;RG 0001 263 00 01;Регистрация по БП;Рег.;263;Регистрация;досье;0;AUTO
ОСЦ Нижний Новгород;Вне подразделений;RG 0001 263 00 01;Регистрация по БП;Рег.;263;Регистрация;досье;0;AUTO
ОСЦ Нижний Новгород;Архив №1 Нижний Новгород;RG 0001 263 00 01;Регистрация по БП;Рег.;263;Регистрация;досье;0;AUTO
ОСЦ Новосибирск;Вне подразделений;RG 0001 263 00 01;Регистрация по БП;Рег.;263;Регистрация;досье;0;AUTO
ОСЦ Новосибирск;Архив №1 Новосибирск;RG 0001 263 00 01;Регистрация по БП;Рег.;263;Регистрация;досье;0;AUTO
ОСЦ Новосибирск;Архив №3 Екатеринбург;RG 0001 263 00 01;Регистрация по БП;Рег.;263;Регистрация;досье;0;AUTO
ОСЦ Самара;Вне подразделений;RG 0001 263 00 01;Регистрация по БП;Рег.;263;Регистрация;досье;0;AUTO
ОСЦ Самара;Архив №1 Самара;RG 0001 263 00 01;Регистрация по БП;Рег.;263;Регистрация;досье;0;AUTO
ОСЦ Воронеж;Вне подразделений;RG 0001 003 00 01;Регистрация по БП;Рег.;03;Регистрация;досье;0;AUTO
ОСЦ Воронеж;Архив №1 Воронеж;RG 0001 003 00 01;Регистрация по БП;Рег.;03;Регистрация;досье;18;AUTO
ОСЦ Воронеж;Архив №3 Калининград;RG 0001 003 00 01;Регистрация по БП;Рег.;03;Регистрация;досье;16,05;AUTO
ОСЦ Воронеж;Архив №4 Санкт-Петербург;RG 0001 003 00 01;Регистрация по БП;Рег.;03;Регистрация;досье;16;AUTO
ОСЦ Москва;Вне подразделений;RG 0001 003 00 01;Регистрация по БП;Рег.;03;Регистрация;досье;0;AUTO
ОСЦ Москва;Архив №1 Томилино;RG 0001 003 00 01;Регистрация по БП;Рег.;03;Регистрация;досье;19;AUTO
ОСЦ Нижний Новгород;Вне подразделений;RG 0001 003 00 01;Регистрация по БП;Рег.;03;Регистрация;досье;0;AUTO
ОСЦ Нижний Новгород;Архив №1 Нижний Новгород;RG 0001 003 00 01;Регистрация по БП;Рег.;03;Регистрация;досье;15;AUTO
ОСЦ Новосибирск;Вне подразделений;RG 0001 003 00 01;Регистрация по БП;Рег.;03;Регистрация;досье;0;AUTO
ОСЦ Новосибирск;Архив №1 Новосибирск;RG 0001 003 00 01;Регистрация по БП;Рег.;03;Регистрация;досье;16,083;AUTO
ОСЦ Новосибирск;Архив №3 Екатеринбург;RG 0001 003 00 01;Регистрация по БП;Рег.;03;Регистрация;досье;19,133;AUTO
ОСЦ Самара;Вне подразделений;RG 0001 003 00 01;Регистрация по БП;Рег.;03;Регистрация;досье;0;AUTO
ОСЦ Самара;Архив №1 Самара;RG 0001 003 00 01;Регистрация по БП;Рег.;03;Регистрация;досье;10;AUTO
ОСЦ Воронеж;Вне подразделений;RG 0001 212 00 01;Регистрация по БП;Рег.;212;Регистрация;досье;0;AUTO
ОСЦ Воронеж;Архив №1 Воронеж;RG 0001 212 00 01;Регистрация по БП;Рег.;212;Регистрация;досье;19;AUTO
ОСЦ Воронеж;Архив №3 Калининград;RG 0001 212 00 01;Регистрация по БП;Рег.;212;Регистрация;досье;16,227;AUTO
ОСЦ Воронеж;Архив №4 Санкт-Петербург;RG 0001 212 00 01;Регистрация по БП;Рег.;212;Регистрация;досье;17;AUTO
ОСЦ Москва;Вне подразделений;RG 0001 212 00 01;Регистрация по БП;Рег.;212;Регистрация;досье;0;AUTO
ОСЦ Москва;Архив №1 Томилино;RG 0001 212 00 01;Регистрация по БП;Рег.;212;Регистрация;досье;19;AUTO
ОСЦ Нижний Новгород;Вне подразделений;RG 0001 212 00 01;Регистрация по БП;Рег.;212;Регистрация;досье;0;AUTO
ОСЦ Нижний Новгород;Архив №1 Нижний Новгород;RG 0001 212 00 01;Регистрация по БП;Рег.;212;Регистрация;досье;9;AUTO
ОСЦ Новосибирск;Вне подразделений;RG 0001 212 00 01;Регистрация по БП;Рег.;212;Регистрация;досье;0;AUTO
ОСЦ Новосибирск;Архив №1 Новосибирск;RG 0001 212 00 01;Регистрация по БП;Рег.;212;Регистрация;досье;18,35;AUTO
ОСЦ Новосибирск;Архив №3 Екатеринбург;RG 0001 212 00 01;Регистрация по БП;Рег.;212;Регистрация;досье;18;AUTO
ОСЦ Самара;Вне подразделений;RG 0001 212 00 01;Регистрация по БП;Рег.;212;Регистрация;досье;0;AUTO
ОСЦ Самара;Архив №1 Самара;RG 0001 212 00 01;Регистрация по БП;Рег.;212;Регистрация;досье;20;AUTO
ОСЦ Воронеж;Вне подразделений;RG 0001 099 00 01;Регистрация по БП;Рег.;99;Регистрация;досье;0;AUTO
ОСЦ Воронеж;Архив №1 Воронеж;RG 0001 099 00 01;Регистрация по БП;Рег.;99;Регистрация;досье;0;AUTO
ОСЦ Воронеж;Архив №3 Калининград;RG 0001 099 00 01;Регистрация по БП;Рег.;99;Регистрация;досье;0;AUTO
ОСЦ Воронеж;Архив №4 Санкт-Петербург;RG 0001 099 00 01;Регистрация по БП;Рег.;99;Регистрация;досье;0;AUTO
ОСЦ Москва;Вне подразделений;RG 0001 099 00 01;Регистрация по БП;Рег.;99;Регистрация;досье;0;AUTO
ОСЦ Москва;Архив №1 Томилино;RG 0001 099 00 01;Регистрация по БП;Рег.;99;Регистрация;досье;0;AUTO
ОСЦ Нижний Новгород;Вне подразделений;RG 0001 099 00 01;Регистрация по БП;Рег.;99;Регистрация;досье;0;AUTO
ОСЦ Нижний Новгород;Архив №1 Нижний Новгород;RG 0001 099 00 01;Регистрация по БП;Рег.;99;Регистрация;досье;0;AUTO
ОСЦ Новосибирск;Вне подразделений;RG 0001 099 00 01;Регистрация по БП;Рег.;99;Регистрация;досье;0;AUTO
ОСЦ Новосибирск;Архив №1 Новосибирск;RG 0001 099 00 01;Регистрация по БП;Рег.;99;Регистрация;досье;0;AUTO
ОСЦ Новосибирск;Архив №3 Екатеринбург;RG 0001 099 00 01;Регистрация по БП;Рег.;99;Регистрация;досье;0;AUTO
ОСЦ Самара;Вне подразделений;RG 0001 099 00 01;Регистрация по БП;Рег.;99;Регистрация;досье;0;AUTO
ОСЦ Самара;Архив №1 Самара;RG 0001 099 00 01;Регистрация по БП;Рег.;99;Регистрация;досье;0;AUTO
ОСЦ Воронеж;Вне подразделений;RG 0001 141 00 01;Регистрация по БП;Рег.;141;Регистрация;досье;0;AUTO
ОСЦ Воронеж;Архив №1 Воронеж;RG 0001 141 00 01;Регистрация по БП;Рег.;141;Регистрация;досье;15;AUTO
ОСЦ Воронеж;Архив №3 Калининград;RG 0001 141 00 01;Регистрация по БП;Рег.;141;Регистрация;досье;15,5;AUTO
ОСЦ Воронеж;Архив №4 Санкт-Петербург;RG 0001 141 00 01;Регистрация по БП;Рег.;141;Регистрация;досье;18,053;AUTO
ОСЦ Москва;Вне подразделений;RG 0001 141 00 01;Регистрация по БП;Рег.;141;Регистрация;досье;0;AUTO
ОСЦ Москва;Архив №1 Томилино;RG 0001 141 00 01;Регистрация по БП;Рег.;141;Регистрация;досье;19,167;AUTO
ОСЦ Нижний Новгород;Вне подразделений;RG 0001 141 00 01;Регистрация по БП;Рег.;141;Регистрация;досье;0;AUTO
ОСЦ Нижний Новгород;Архив №1 Нижний Новгород;RG 0001 141 00 01;Регистрация по БП;Рег.;141;Регистрация;досье;18;AUTO
ОСЦ Новосибирск;Вне подразделений;RG 0001 141 00 01;Регистрация по БП;Рег.;141;Регистрация;досье;0;AUTO
ОСЦ Новосибирск;Архив №1 Новосибирск;RG 0001 141 00 01;Регистрация по БП;Рег.;141;Регистрация;досье;16,945;AUTO
ОСЦ Новосибирск;Архив №3 Екатеринбург;RG 0001 141 00 01;Регистрация по БП;Рег.;141;Регистрация;досье;18,4;AUTO
ОСЦ Самара;Вне подразделений;RG 0001 141 00 01;Регистрация по БП;Рег.;141;Регистрация;досье;0;AUTO
ОСЦ Самара;Архив №1 Самара;RG 0001 141 00 01;Регистрация по БП;Рег.;141;Регистрация;досье;15;AUTO
ОСЦ Воронеж;Вне подразделений;RG 0001 148 00 01;Регистрация по БП;Рег.;148;Регистрация;досье;0;AUTO
ОСЦ Воронеж;Архив №1 Воронеж;RG 0001 148 00 01;Регистрация по БП;Рег.;148;Регистрация;досье;21,353;AUTO
ОСЦ Воронеж;Архив №3 Калининград;RG 0001 148 00 01;Регистрация по БП;Рег.;148;Регистрация;досье;20,2;AUTO
ОСЦ Воронеж;Архив №4 Санкт-Петербург;RG 0001 148 00 01;Регистрация по БП;Рег.;148;Регистрация;досье;20,88;AUTO
ОСЦ Москва;Вне подразделений;RG 0001 148 00 01;Регистрация по БП;Рег.;148;Регистрация;досье;0;AUTO
ОСЦ Москва;Архив №1 Томилино;RG 0001 148 00 01;Регистрация по БП;Рег.;148;Регистрация;досье;23;AUTO
ОСЦ Нижний Новгород;Вне подразделений;RG 0001 148 00 01;Регистрация по БП;Рег.;148;Регистрация;досье;0;AUTO
ОСЦ Нижний Новгород;Архив №1 Нижний Новгород;RG 0001 148 00 01;Регистрация по БП;Рег.;148;Регистрация;досье;22,161;AUTO
ОСЦ Новосибирск;Вне подразделений;RG 0001 148 00 01;Регистрация по БП;Рег.;148;Регистрация;досье;0;AUTO
ОСЦ Новосибирск;Архив №1 Новосибирск;RG 0001 148 00 01;Регистрация по БП;Рег.;148;Регистрация;досье;20,99;AUTO
ОСЦ Новосибирск;Архив №3 Екатеринбург;RG 0001 148 00 01;Регистрация по БП;Рег.;148;Регистрация;досье;23;AUTO
ОСЦ Самара;Вне подразделений;RG 0001 148 00 01;Регистрация по БП;Рег.;148;Регистрация;досье;0;AUTO
ОСЦ Самара;Архив №1 Самара;RG 0001 148 00 01;Регистрация по БП;Рег.;148;Регистрация;досье;20;AUTO
ОСЦ Воронеж;Вне подразделений;RG 0001 149 00 01;Регистрация по БП;Рег.;149;Регистрация;досье;0;AUTO
ОСЦ Воронеж;Архив №1 Воронеж;RG 0001 149 00 01;Регистрация по БП;Рег.;149;Регистрация;досье;15;AUTO
ОСЦ Воронеж;Архив №3 Калининград;RG 0001 149 00 01;Регистрация по БП;Рег.;149;Регистрация;досье;15,435;AUTO
ОСЦ Воронеж;Архив №4 Санкт-Петербург;RG 0001 149 00 01;Регистрация по БП;Рег.;149;Регистрация;досье;18,325;AUTO
ОСЦ Москва;Вне подразделений;RG 0001 149 00 01;Регистрация по БП;Рег.;149;Регистрация;досье;0;AUTO
ОСЦ Москва;Архив №1 Томилино;RG 0001 149 00 01;Регистрация по БП;Рег.;149;Регистрация;досье;15;AUTO
ОСЦ Нижний Новгород;Вне подразделений;RG 0001 149 00 01;Регистрация по БП;Рег.;149;Регистрация;досье;0;AUTO
ОСЦ Нижний Новгород;Архив №1 Нижний Новгород;RG 0001 149 00 01;Регистрация по БП;Рег.;149;Регистрация;досье;25;AUTO
ОСЦ Новосибирск;Вне подразделений;RG 0001 149 00 01;Регистрация по БП;Рег.;149;Регистрация;досье;0;AUTO
ОСЦ Новосибирск;Архив №1 Новосибирск;RG 0001 149 00 01;Регистрация по БП;Рег.;149;Регистрация;досье;17,3;AUTO
ОСЦ Новосибирск;Архив №3 Екатеринбург;RG 0001 149 00 01;Регистрация по БП;Рег.;149;Регистрация;досье;17,575;AUTO
ОСЦ Самара;Вне подразделений;RG 0001 149 00 01;Регистрация по БП;Рег.;149;Регистрация;досье;0;AUTO
ОСЦ Самара;Архив №1 Самара;RG 0001 149 00 01;Регистрация по БП;Рег.;149;Регистрация;досье;20;AUTO
ОСЦ Воронеж;Вне подразделений;RG 0001 011 00 01;Регистрация по БП;Рег.;11;Регистрация;досье;0;AUTO
ОСЦ Воронеж;Архив №1 Воронеж;RG 0001 011 00 01;Регистрация по БП;Рег.;11;Регистрация;досье;18;AUTO
ОСЦ Воронеж;Архив №3 Калининград;RG 0001 011 00 01;Регистрация по БП;Рег.;11;Регистрация;досье;0;AUTO
ОСЦ Воронеж;Архив №4 Санкт-Петербург;RG 0001 011 00 01;Регистрация по БП;Рег.;11;Регистрация;досье;16;AUTO
ОСЦ Москва;Вне подразделений;RG 0001 011 00 01;Регистрация по БП;Рег.;11;Регистрация;досье;0;AUTO
ОСЦ Москва;Архив №1 Томилино;RG 0001 011 00 01;Регистрация по БП;Рег.;11;Регистрация;досье;17;AUTO
ОСЦ Нижний Новгород;Вне подразделений;RG 0001 011 00 01;Регистрация по БП;Рег.;11;Регистрация;досье;0;AUTO
ОСЦ Нижний Новгород;Архив №1 Нижний Новгород;RG 0001 011 00 01;Регистрация по БП;Рег.;11;Регистрация;досье;15;AUTO
ОСЦ Новосибирск;Вне подразделений;RG 0001 011 00 01;Регистрация по БП;Рег.;11;Регистрация;досье;0;AUTO
ОСЦ Новосибирск;Архив №1 Новосибирск;RG 0001 011 00 01;Регистрация по БП;Рег.;11;Регистрация;досье;18,2;AUTO
ОСЦ Новосибирск;Архив №3 Екатеринбург;RG 0001 011 00 01;Регистрация по БП;Рег.;11;Регистрация;досье;17,884;AUTO
ОСЦ Самара;Вне подразделений;RG 0001 011 00 01;Регистрация по БП;Рег.;11;Регистрация;досье;0;AUTO
ОСЦ Самара;Архив №1 Самара;RG 0001 011 00 01;Регистрация по БП;Рег.;11;Регистрация;досье;20;AUTO
ОСЦ Воронеж;Вне подразделений;RG 0001 211 00 01;Регистрация по БП;Рег.;211;Регистрация;досье;0;AUTO
ОСЦ Воронеж;Архив №1 Воронеж;RG 0001 211 00 01;Регистрация по БП;Рег.;211;Регистрация;досье;27,898;AUTO
ОСЦ Воронеж;Архив №3 Калининград;RG 0001 211 00 01;Регистрация по БП;Рег.;211;Регистрация;досье;23,869;AUTO
ОСЦ Воронеж;Архив №4 Санкт-Петербург;RG 0001 211 00 01;Регистрация по БП;Рег.;211;Регистрация;досье;23,965;AUTO
ОСЦ Москва;Вне подразделений;RG 0001 211 00 01;Регистрация по БП;Рег.;211;Регистрация;досье;0;AUTO
ОСЦ Москва;Архив №1 Томилино;RG 0001 211 00 01;Регистрация по БП;Рег.;211;Регистрация;досье;28,093;AUTO
ОСЦ Нижний Новгород;Вне подразделений;RG 0001 211 00 01;Регистрация по БП;Рег.;211;Регистрация;досье;0;AUTO
ОСЦ Нижний Новгород;Архив №1 Нижний Новгород;RG 0001 211 00 01;Регистрация по БП;Рег.;211;Регистрация;досье;23,94;AUTO
ОСЦ Новосибирск;Вне подразделений;RG 0001 211 00 01;Регистрация по БП;Рег.;211;Регистрация;досье;0;AUTO
ОСЦ Новосибирск;Архив №1 Новосибирск;RG 0001 211 00 01;Регистрация по БП;Рег.;211;Регистрация;досье;25;AUTO
ОСЦ Новосибирск;Архив №3 Екатеринбург;RG 0001 211 00 01;Регистрация по БП;Рег.;211;Регистрация;досье;24,988;AUTO
ОСЦ Самара;Вне подразделений;RG 0001 211 00 01;Регистрация по БП;Рег.;211;Регистрация;досье;0;AUTO
ОСЦ Самара;Архив №1 Самара;RG 0001 211 00 01;Регистрация по БП;Рег.;211;Регистрация;досье;23,551;AUTO
ОСЦ Воронеж;Вне подразделений;RG 0001 020 00 01;Регистрация по БП;Рег.;20;Регистрация;досье;0;AUTO
ОСЦ Воронеж;Архив №1 Воронеж;RG 0001 020 00 01;Регистрация по БП;Рег.;20;Регистрация;досье;0;AUTO
ОСЦ Воронеж;Архив №3 Калининград;RG 0001 020 00 01;Регистрация по БП;Рег.;20;Регистрация;досье;0;AUTO
ОСЦ Воронеж;Архив №4 Санкт-Петербург;RG 0001 020 00 01;Регистрация по БП;Рег.;20;Регистрация;досье;0;AUTO
ОСЦ Москва;Вне подразделений;RG 0001 020 00 01;Регистрация по БП;Рег.;20;Регистрация;досье;0;AUTO
ОСЦ Москва;Архив №1 Томилино;RG 0001 020 00 01;Регистрация по БП;Рег.;20;Регистрация;досье;0;AUTO
ОСЦ Нижний Новгород;Вне подразделений;RG 0001 020 00 01;Регистрация по БП;Рег.;20;Регистрация;досье;0;AUTO
ОСЦ Нижний Новгород;Архив №1 Нижний Новгород;RG 0001 020 00 01;Регистрация по БП;Рег.;20;Регистрация;досье;0;AUTO
ОСЦ Новосибирск;Вне подразделений;RG 0001 020 00 01;Регистрация по БП;Рег.;20;Регистрация;досье;0;AUTO
ОСЦ Новосибирск;Архив №1 Новосибирск;RG 0001 020 00 01;Регистрация по БП;Рег.;20;Регистрация;досье;0;AUTO
ОСЦ Новосибирск;Архив №3 Екатеринбург;RG 0001 020 00 01;Регистрация по БП;Рег.;20;Регистрация;досье;0;AUTO
ОСЦ Самара;Вне подразделений;RG 0001 020 00 01;Регистрация по БП;Рег.;20;Регистрация;досье;0;AUTO
ОСЦ Самара;Архив №1 Самара;RG 0001 020 00 01;Регистрация по БП;Рег.;20;Регистрация;досье;0;AUTO
ОСЦ Воронеж;Вне подразделений;RG 0001 241 00 01;Регистрация по БП;Рег.;241;Регистрация;досье;0;AUTO
ОСЦ Воронеж;Архив №1 Воронеж;RG 0001 241 00 01;Регистрация по БП;Рег.;241;Регистрация;досье;0;AUTO
ОСЦ Воронеж;Архив №3 Калининград;RG 0001 241 00 01;Регистрация по БП;Рег.;241;Регистрация;досье;0;AUTO
ОСЦ Воронеж;Архив №4 Санкт-Петербург;RG 0001 241 00 01;Регистрация по БП;Рег.;241;Регистрация;досье;0;AUTO
ОСЦ Москва;Вне подразделений;RG 0001 241 00 01;Регистрация по БП;Рег.;241;Регистрация;досье;0;AUTO
ОСЦ Москва;Архив №1 Томилино;RG 0001 241 00 01;Регистрация по БП;Рег.;241;Регистрация;досье;0;AUTO
ОСЦ Нижний Новгород;Вне подразделений;RG 0001 241 00 01;Регистрация по БП;Рег.;241;Регистрация;досье;0;AUTO
ОСЦ Нижний Новгород;Архив №1 Нижний Новгород;RG 0001 241 00 01;Регистрация по БП;Рег.;241;Регистрация;досье;0;AUTO
ОСЦ Новосибирск;Вне подразделений;RG 0001 241 00 01;Регистрация по БП;Рег.;241;Регистрация;досье;0;AUTO
ОСЦ Новосибирск;Архив №1 Новосибирск;RG 0001 241 00 01;Регистрация по БП;Рег.;241;Регистрация;досье;0;AUTO
ОСЦ Новосибирск;Архив №3 Екатеринбург;RG 0001 241 00 01;Регистрация по БП;Рег.;241;Регистрация;досье;0;AUTO
ОСЦ Самара;Вне подразделений;RG 0001 241 00 01;Регистрация по БП;Рег.;241;Регистрация;досье;0;AUTO
ОСЦ Самара;Архив №1 Самара;RG 0001 241 00 01;Регистрация по БП;Рег.;241;Регистрация;досье;0;AUTO
ОСЦ Воронеж;Вне подразделений;RG 0001 043 00 01;Регистрация по БП;Рег.;43;Регистрация;досье;0;AUTO
ОСЦ Воронеж;Архив №1 Воронеж;RG 0001 043 00 01;Регистрация по БП;Рег.;43;Регистрация;досье;0;AUTO
ОСЦ Воронеж;Архив №3 Калининград;RG 0001 043 00 01;Регистрация по БП;Рег.;43;Регистрация;досье;0;AUTO
ОСЦ Воронеж;Архив №4 Санкт-Петербург;RG 0001 043 00 01;Регистрация по БП;Рег.;43;Регистрация;досье;0;AUTO
ОСЦ Москва;Вне подразделений;RG 0001 043 00 01;Регистрация по БП;Рег.;43;Регистрация;досье;0;AUTO
ОСЦ Москва;Архив №1 Томилино;RG 0001 043 00 01;Регистрация по БП;Рег.;43;Регистрация;досье;60,2;AUTO
ОСЦ Нижний Новгород;Вне подразделений;RG 0001 043 00 01;Регистрация по БП;Рег.;43;Регистрация;досье;0;AUTO
ОСЦ Нижний Новгород;Архив №1 Нижний Новгород;RG 0001 043 00 01;Регистрация по БП;Рег.;43;Регистрация;досье;71,58;AUTO
ОСЦ Новосибирск;Вне подразделений;RG 0001 043 00 01;Регистрация по БП;Рег.;43;Регистрация;досье;0;AUTO
ОСЦ Новосибирск;Архив №1 Новосибирск;RG 0001 043 00 01;Регистрация по БП;Рег.;43;Регистрация;досье;0;AUTO
ОСЦ Новосибирск;Архив №3 Екатеринбург;RG 0001 043 00 01;Регистрация по БП;Рег.;43;Регистрация;досье;71,6;AUTO
ОСЦ Самара;Вне подразделений;RG 0001 043 00 01;Регистрация по БП;Рег.;43;Регистрация;досье;0;AUTO
ОСЦ Самара;Архив №1 Самара;RG 0001 043 00 01;Регистрация по БП;Рег.;43;Регистрация;досье;0;AUTO
ОСЦ Воронеж;Вне подразделений;RG 0001 012 00 01;Регистрация по БП;Рег.;12;Регистрация;досье;0;AUTO
ОСЦ Воронеж;Архив №1 Воронеж;RG 0001 012 00 01;Регистрация по БП;Рег.;12;Регистрация;досье;0;AUTO
ОСЦ Воронеж;Архив №3 Калининград;RG 0001 012 00 01;Регистрация по БП;Рег.;12;Регистрация;досье;0;AUTO
ОСЦ Воронеж;Архив №4 Санкт-Петербург;RG 0001 012 00 01;Регистрация по БП;Рег.;12;Регистрация;досье;0;AUTO
ОСЦ Москва;Вне подразделений;RG 0001 012 00 01;Регистрация по БП;Рег.;12;Регистрация;досье;0;AUTO
ОСЦ Москва;Архив №1 Томилино;RG 0001 012 00 01;Регистрация по БП;Рег.;12;Регистрация;досье;60,2;AUTO
ОСЦ Нижний Новгород;Вне подразделений;RG 0001 012 00 01;Регистрация по БП;Рег.;12;Регистрация;досье;0;AUTO
ОСЦ Нижний Новгород;Архив №1 Нижний Новгород;RG 0001 012 00 01;Регистрация по БП;Рег.;12;Регистрация;досье;64,35;AUTO
ОСЦ Новосибирск;Вне подразделений;RG 0001 012 00 01;Регистрация по БП;Рег.;12;Регистрация;досье;0;AUTO
ОСЦ Новосибирск;Архив №1 Новосибирск;RG 0001 012 00 01;Регистрация по БП;Рег.;12;Регистрация;досье;0;AUTO
ОСЦ Новосибирск;Архив №3 Екатеринбург;RG 0001 012 00 01;Регистрация по БП;Рег.;12;Регистрация;досье;0;AUTO
ОСЦ Самара;Вне подразделений;RG 0001 012 00 01;Регистрация по БП;Рег.;12;Регистрация;досье;0;AUTO
ОСЦ Самара;Архив №1 Самара;RG 0001 012 00 01;Регистрация по БП;Рег.;12;Регистрация;досье;0;AUTO
ОСЦ Воронеж;Вне подразделений;RG 0001 236 00 01;Регистрация по БП;Рег.;236;Регистрация;досье;0;AUTO
ОСЦ Воронеж;Архив №1 Воронеж;RG 0001 236 00 01;Регистрация по БП;Рег.;236;Регистрация;досье;0;AUTO
ОСЦ Воронеж;Архив №3 Калининград;RG 0001 236 00 01;Регистрация по БП;Рег.;236;Регистрация;досье;0;AUTO
ОСЦ Воронеж;Архив №4 Санкт-Петербург;RG 0001 236 00 01;Регистрация по БП;Рег.;236;Регистрация;досье;0;AUTO
ОСЦ Москва;Вне подразделений;RG 0001 236 00 01;Регистрация по БП;Рег.;236;Регистрация;досье;0;AUTO
ОСЦ Москва;Архив №1 Томилино;RG 0001 236 00 01;Регистрация по БП;Рег.;236;Регистрация;досье;0;AUTO
ОСЦ Нижний Новгород;Вне подразделений;RG 0001 236 00 01;Регистрация по БП;Рег.;236;Регистрация;досье;0;AUTO
ОСЦ Нижний Новгород;Архив №1 Нижний Новгород;RG 0001 236 00 01;Регистрация по БП;Рег.;236;Регистрация;досье;0;AUTO
ОСЦ Новосибирск;Вне подразделений;RG 0001 236 00 01;Регистрация по БП;Рег.;236;Регистрация;досье;0;AUTO
ОСЦ Новосибирск;Архив №1 Новосибирск;RG 0001 236 00 01;Регистрация по БП;Рег.;236;Регистрация;досье;0;AUTO
ОСЦ Новосибирск;Архив №3 Екатеринбург;RG 0001 236 00 01;Регистрация по БП;Рег.;236;Регистрация;досье;0;AUTO
ОСЦ Самара;Вне подразделений;RG 0001 236 00 01;Регистрация по БП;Рег.;236;Регистрация;досье;0;AUTO
ОСЦ Самара;Архив №1 Самара;RG 0001 236 00 01;Регистрация по БП;Рег.;236;Регистрация;досье;17,364;AUTO
ОСЦ Воронеж;Вне подразделений;RG 0001 238 00 01;Регистрация по БП;Рег.;238;Регистрация;досье;0;AUTO
ОСЦ Воронеж;Архив №1 Воронеж;RG 0001 238 00 01;Регистрация по БП;Рег.;238;Регистрация;досье;66;AUTO
ОСЦ Воронеж;Архив №3 Калининград;RG 0001 238 00 01;Регистрация по БП;Рег.;238;Регистрация;досье;0;AUTO
ОСЦ Воронеж;Архив №4 Санкт-Петербург;RG 0001 238 00 01;Регистрация по БП;Рег.;238;Регистрация;досье;65;AUTO
ОСЦ Москва;Вне подразделений;RG 0001 238 00 01;Регистрация по БП;Рег.;238;Регистрация;досье;0;AUTO
ОСЦ Москва;Архив №1 Томилино;RG 0001 238 00 01;Регистрация по БП;Рег.;238;Регистрация;досье;63,6;AUTO
ОСЦ Нижний Новгород;Вне подразделений;RG 0001 238 00 01;Регистрация по БП;Рег.;238;Регистрация;досье;0;AUTO
ОСЦ Нижний Новгород;Архив №1 Нижний Новгород;RG 0001 238 00 01;Регистрация по БП;Рег.;238;Регистрация;досье;69,015;AUTO
ОСЦ Новосибирск;Вне подразделений;RG 0001 238 00 01;Регистрация по БП;Рег.;238;Регистрация;досье;0;AUTO
ОСЦ Новосибирск;Архив №1 Новосибирск;RG 0001 238 00 01;Регистрация по БП;Рег.;238;Регистрация;досье;69,6;AUTO
ОСЦ Новосибирск;Архив №3 Екатеринбург;RG 0001 238 00 01;Регистрация по БП;Рег.;238;Регистрация;досье;62,818;AUTO
ОСЦ Самара;Вне подразделений;RG 0001 238 00 01;Регистрация по БП;Рег.;238;Регистрация;досье;0;AUTO
ОСЦ Самара;Архив №1 Самара;RG 0001 238 00 01;Регистрация по БП;Рег.;238;Регистрация;досье;67;AUTO
ОСЦ Воронеж;Вне подразделений;RG 0001 234 00 01;Регистрация по БП;Рег.;234;Регистрация;досье;0;AUTO
ОСЦ Воронеж;Архив №1 Воронеж;RG 0001 234 00 01;Регистрация по БП;Рег.;234;Регистрация;досье;24;AUTO
ОСЦ Воронеж;Архив №3 Калининград;RG 0001 234 00 01;Регистрация по БП;Рег.;234;Регистрация;досье;23,953;AUTO
ОСЦ Воронеж;Архив №4 Санкт-Петербург;RG 0001 234 00 01;Регистрация по БП;Рег.;234;Регистрация;досье;23,039;AUTO
ОСЦ Москва;Вне подразделений;RG 0001 234 00 01;Регистрация по БП;Рег.;234;Регистрация;досье;0;AUTO
ОСЦ Москва;Архив №1 Томилино;RG 0001 234 00 01;Регистрация по БП;Рег.;234;Регистрация;досье;25;AUTO
ОСЦ Нижний Новгород;Вне подразделений;RG 0001 234 00 01;Регистрация по БП;Рег.;234;Регистрация;досье;0;AUTO
ОСЦ Нижний Новгород;Архив №1 Нижний Новгород;RG 0001 234 00 01;Регистрация по БП;Рег.;234;Регистрация;досье;24;AUTO
ОСЦ Новосибирск;Вне подразделений;RG 0001 234 00 01;Регистрация по БП;Рег.;234;Регистрация;досье;0;AUTO
ОСЦ Новосибирск;Архив №1 Новосибирск;RG 0001 234 00 01;Регистрация по БП;Рег.;234;Регистрация;досье;28,1;AUTO
ОСЦ Новосибирск;Архив №3 Екатеринбург;RG 0001 234 00 01;Регистрация по БП;Рег.;234;Регистрация;досье;28,1;AUTO
ОСЦ Самара;Вне подразделений;RG 0001 234 00 01;Регистрация по БП;Рег.;234;Регистрация;досье;0;AUTO
ОСЦ Самара;Архив №1 Самара;RG 0001 234 00 01;Регистрация по БП;Рег.;234;Регистрация;досье;23;AUTO
ОСЦ Воронеж;Вне подразделений;RG 0001 042 00 01;Регистрация по БП;Рег.;42;Регистрация;досье;0;AUTO
ОСЦ Воронеж;Архив №1 Воронеж;RG 0001 042 00 01;Регистрация по БП;Рег.;42;Регистрация;досье;23;AUTO
ОСЦ Воронеж;Архив №3 Калининград;RG 0001 042 00 01;Регистрация по БП;Рег.;42;Регистрация;досье;19,183;AUTO
ОСЦ Воронеж;Архив №4 Санкт-Петербург;RG 0001 042 00 01;Регистрация по БП;Рег.;42;Регистрация;досье;28,539;AUTO
ОСЦ Москва;Вне подразделений;RG 0001 042 00 01;Регистрация по БП;Рег.;42;Регистрация;досье;0;AUTO
ОСЦ Москва;Архив №1 Томилино;RG 0001 042 00 01;Регистрация по БП;Рег.;42;Регистрация;досье;19;AUTO
ОСЦ Нижний Новгород;Вне подразделений;RG 0001 042 00 01;Регистрация по БП;Рег.;42;Регистрация;досье;0;AUTO
ОСЦ Нижний Новгород;Архив №1 Нижний Новгород;RG 0001 042 00 01;Регистрация по БП;Рег.;42;Регистрация;досье;17;AUTO
ОСЦ Новосибирск;Вне подразделений;RG 0001 042 00 01;Регистрация по БП;Рег.;42;Регистрация;досье;0;AUTO
ОСЦ Новосибирск;Архив №1 Новосибирск;RG 0001 042 00 01;Регистрация по БП;Рег.;42;Регистрация;досье;20,352;AUTO
ОСЦ Новосибирск;Архив №3 Екатеринбург;RG 0001 042 00 01;Регистрация по БП;Рег.;42;Регистрация;досье;20,584;AUTO
ОСЦ Самара;Вне подразделений;RG 0001 042 00 01;Регистрация по БП;Рег.;42;Регистрация;досье;0;AUTO
ОСЦ Самара;Архив №1 Самара;RG 0001 042 00 01;Регистрация по БП;Рег.;42;Регистрация;досье;20;AUTO
ОСЦ Воронеж;Вне подразделений;RG 0001 213 00 01;Регистрация по БП;Рег.;213;Регистрация;досье;0;AUTO
ОСЦ Воронеж;Архив №1 Воронеж;RG 0001 213 00 01;Регистрация по БП;Рег.;213;Регистрация;досье;24;AUTO
ОСЦ Воронеж;Архив №3 Калининград;RG 0001 213 00 01;Регистрация по БП;Рег.;213;Регистрация;досье;23,352;AUTO
ОСЦ Воронеж;Архив №4 Санкт-Петербург;RG 0001 213 00 01;Регистрация по БП;Рег.;213;Регистрация;досье;21,485;AUTO
ОСЦ Москва;Вне подразделений;RG 0001 213 00 01;Регистрация по БП;Рег.;213;Регистрация;досье;0;AUTO
ОСЦ Москва;Архив №1 Томилино;RG 0001 213 00 01;Регистрация по БП;Рег.;213;Регистрация;досье;24;AUTO
ОСЦ Нижний Новгород;Вне подразделений;RG 0001 213 00 01;Регистрация по БП;Рег.;213;Регистрация;досье;0;AUTO
ОСЦ Нижний Новгород;Архив №1 Нижний Новгород;RG 0001 213 00 01;Регистрация по БП;Рег.;213;Регистрация;досье;21,02;AUTO
ОСЦ Новосибирск;Вне подразделений;RG 0001 213 00 01;Регистрация по БП;Рег.;213;Регистрация;досье;0;AUTO
ОСЦ Новосибирск;Архив №1 Новосибирск;RG 0001 213 00 01;Регистрация по БП;Рег.;213;Регистрация;досье;23,933;AUTO
ОСЦ Новосибирск;Архив №3 Екатеринбург;RG 0001 213 00 01;Регистрация по БП;Рег.;213;Регистрация;досье;23,967;AUTO
ОСЦ Самара;Вне подразделений;RG 0001 213 00 01;Регистрация по БП;Рег.;213;Регистрация;досье;0;AUTO
ОСЦ Самара;Архив №1 Самара;RG 0001 213 00 01;Регистрация по БП;Рег.;213;Регистрация;досье;23,065;AUTO
ОСЦ Воронеж;Вне подразделений;RG 0001 256 00 01;Регистрация по БП;Рег.;256;Регистрация;досье;0;AUTO
ОСЦ Воронеж;Архив №1 Воронеж;RG 0001 256 00 01;Регистрация по БП;Рег.;256;Регистрация;досье;0;AUTO
ОСЦ Воронеж;Архив №3 Калининград;RG 0001 256 00 01;Регистрация по БП;Рег.;256;Регистрация;досье;0;AUTO
ОСЦ Воронеж;Архив №4 Санкт-Петербург;RG 0001 256 00 01;Регистрация по БП;Рег.;256;Регистрация;досье;0;AUTO
ОСЦ Москва;Вне подразделений;RG 0001 256 00 01;Регистрация по БП;Рег.;256;Регистрация;досье;0;AUTO
ОСЦ Москва;Архив №1 Томилино;RG 0001 256 00 01;Регистрация по БП;Рег.;256;Регистрация;досье;0;AUTO
ОСЦ Нижний Новгород;Вне подразделений;RG 0001 256 00 01;Регистрация по БП;Рег.;256;Регистрация;досье;0;AUTO
ОСЦ Нижний Новгород;Архив №1 Нижний Новгород;RG 0001 256 00 01;Регистрация по БП;Рег.;256;Регистрация;досье;0;AUTO
ОСЦ Новосибирск;Вне подразделений;RG 0001 256 00 01;Регистрация по БП;Рег.;256;Регистрация;досье;0;AUTO
ОСЦ Новосибирск;Архив №1 Новосибирск;RG 0001 256 00 01;Регистрация по БП;Рег.;256;Регистрация;досье;0;AUTO
ОСЦ Новосибирск;Архив №3 Екатеринбург;RG 0001 256 00 01;Регистрация по БП;Рег.;256;Регистрация;досье;0;AUTO
ОСЦ Самара;Вне подразделений;RG 0001 256 00 01;Регистрация по БП;Рег.;256;Регистрация;досье;0;AUTO
ОСЦ Самара;Архив №1 Самара;RG 0001 256 00 01;Регистрация по БП;Рег.;256;Регистрация;досье;0;AUTO
ОСЦ Воронеж;Вне подразделений;RG 0001 253 00 01;Регистрация по БП;Рег.;253;Регистрация;досье;0;AUTO
ОСЦ Воронеж;Архив №1 Воронеж;RG 0001 253 00 01;Регистрация по БП;Рег.;253;Регистрация;досье;0;AUTO
ОСЦ Воронеж;Архив №3 Калининград;RG 0001 253 00 01;Регистрация по БП;Рег.;253;Регистрация;досье;0;AUTO
ОСЦ Воронеж;Архив №4 Санкт-Петербург;RG 0001 253 00 01;Регистрация по БП;Рег.;253;Регистрация;досье;0;AUTO
ОСЦ Москва;Вне подразделений;RG 0001 253 00 01;Регистрация по БП;Рег.;253;Регистрация;досье;0;AUTO
ОСЦ Москва;Архив №1 Томилино;RG 0001 253 00 01;Регистрация по БП;Рег.;253;Регистрация;досье;0;AUTO
ОСЦ Нижний Новгород;Вне подразделений;RG 0001 253 00 01;Регистрация по БП;Рег.;253;Регистрация;досье;0;AUTO
ОСЦ Нижний Новгород;Архив №1 Нижний Новгород;RG 0001 253 00 01;Регистрация по БП;Рег.;253;Регистрация;досье;12,715;AUTO
ОСЦ Новосибирск;Вне подразделений;RG 0001 253 00 01;Регистрация по БП;Рег.;253;Регистрация;досье;0;AUTO
ОСЦ Новосибирск;Архив №1 Новосибирск;RG 0001 253 00 01;Регистрация по БП;Рег.;253;Регистрация;досье;13;AUTO
ОСЦ Новосибирск;Архив №3 Екатеринбург;RG 0001 253 00 01;Регистрация по БП;Рег.;253;Регистрация;досье;12,733;AUTO
ОСЦ Самара;Вне подразделений;RG 0001 253 00 01;Регистрация по БП;Рег.;253;Регистрация;досье;0;AUTO
ОСЦ Самара;Архив №1 Самара;RG 0001 253 00 01;Регистрация по БП;Рег.;253;Регистрация;досье;13;AUTO
ОСЦ Воронеж;Вне подразделений;RG 0001 254 00 01;Регистрация по БП;Рег.;254;Регистрация;досье;0;AUTO
ОСЦ Воронеж;Архив №1 Воронеж;RG 0001 254 00 01;Регистрация по БП;Рег.;254;Регистрация;досье;0;AUTO
ОСЦ Воронеж;Архив №3 Калининград;RG 0001 254 00 01;Регистрация по БП;Рег.;254;Регистрация;досье;0;AUTO
ОСЦ Воронеж;Архив №4 Санкт-Петербург;RG 0001 254 00 01;Регистрация по БП;Рег.;254;Регистрация;досье;0;AUTO
ОСЦ Москва;Вне подразделений;RG 0001 254 00 01;Регистрация по БП;Рег.;254;Регистрация;досье;0;AUTO
ОСЦ Москва;Архив №1 Томилино;RG 0001 254 00 01;Регистрация по БП;Рег.;254;Регистрация;досье;0;AUTO
ОСЦ Нижний Новгород;Вне подразделений;RG 0001 254 00 01;Регистрация по БП;Рег.;254;Регистрация;досье;0;AUTO
ОСЦ Нижний Новгород;Архив №1 Нижний Новгород;RG 0001 254 00 01;Регистрация по БП;Рег.;254;Регистрация;досье;12,863;AUTO
ОСЦ Новосибирск;Вне подразделений;RG 0001 254 00 01;Регистрация по БП;Рег.;254;Регистрация;досье;0;AUTO
ОСЦ Новосибирск;Архив №1 Новосибирск;RG 0001 254 00 01;Регистрация по БП;Рег.;254;Регистрация;досье;13;AUTO
ОСЦ Новосибирск;Архив №3 Екатеринбург;RG 0001 254 00 01;Регистрация по БП;Рег.;254;Регистрация;досье;12,733;AUTO
ОСЦ Самара;Вне подразделений;RG 0001 254 00 01;Регистрация по БП;Рег.;254;Регистрация;досье;0;AUTO
ОСЦ Самара;Архив №1 Самара;RG 0001 254 00 01;Регистрация по БП;Рег.;254;Регистрация;досье;13;AUTO
ОСЦ Воронеж;Вне подразделений;RG 0001 038 00 01;Регистрация по БП;Рег.;38;Регистрация;досье;0;AUTO
ОСЦ Воронеж;Архив №1 Воронеж;RG 0001 038 00 01;Регистрация по БП;Рег.;38;Регистрация;досье;20;AUTO
ОСЦ Воронеж;Архив №3 Калининград;RG 0001 038 00 01;Регистрация по БП;Рег.;38;Регистрация;досье;17,023;AUTO
ОСЦ Воронеж;Архив №4 Санкт-Петербург;RG 0001 038 00 01;Регистрация по БП;Рег.;38;Регистрация;досье;28,629;AUTO
ОСЦ Москва;Вне подразделений;RG 0001 038 00 01;Регистрация по БП;Рег.;38;Регистрация;досье;0;AUTO
ОСЦ Москва;Архив №1 Томилино;RG 0001 038 00 01;Регистрация по БП;Рег.;38;Регистрация;досье;21;AUTO
ОСЦ Нижний Новгород;Вне подразделений;RG 0001 038 00 01;Регистрация по БП;Рег.;38;Регистрация;досье;0;AUTO
ОСЦ Нижний Новгород;Архив №1 Нижний Новгород;RG 0001 038 00 01;Регистрация по БП;Рег.;38;Регистрация;досье;16;AUTO
ОСЦ Новосибирск;Вне подразделений;RG 0001 038 00 01;Регистрация по БП;Рег.;38;Регистрация;досье;0;AUTO
ОСЦ Новосибирск;Архив №1 Новосибирск;RG 0001 038 00 01;Регистрация по БП;Рег.;38;Регистрация;досье;18,35;AUTO
ОСЦ Новосибирск;Архив №3 Екатеринбург;RG 0001 038 00 01;Регистрация по БП;Рег.;38;Регистрация;досье;18;AUTO
ОСЦ Самара;Вне подразделений;RG 0001 038 00 01;Регистрация по БП;Рег.;38;Регистрация;досье;0;AUTO
ОСЦ Самара;Архив №1 Самара;RG 0001 038 00 01;Регистрация по БП;Рег.;38;Регистрация;досье;20;AUTO
ОСЦ Воронеж;Вне подразделений;RG 0001 039 00 01;Регистрация по БП;Рег.;39;Регистрация;досье;0;AUTO
ОСЦ Воронеж;Архив №1 Воронеж;RG 0001 039 00 01;Регистрация по БП;Рег.;39;Регистрация;досье;20;AUTO
ОСЦ Воронеж;Архив №3 Калининград;RG 0001 039 00 01;Регистрация по БП;Рег.;39;Регистрация;досье;21,5;AUTO
ОСЦ Воронеж;Архив №4 Санкт-Петербург;RG 0001 039 00 01;Регистрация по БП;Рег.;39;Регистрация;досье;27,186;AUTO
ОСЦ Москва;Вне подразделений;RG 0001 039 00 01;Регистрация по БП;Рег.;39;Регистрация;досье;0;AUTO
ОСЦ Москва;Архив №1 Томилино;RG 0001 039 00 01;Регистрация по БП;Рег.;39;Регистрация;досье;26;AUTO
ОСЦ Нижний Новгород;Вне подразделений;RG 0001 039 00 01;Регистрация по БП;Рег.;39;Регистрация;досье;0;AUTO
ОСЦ Нижний Новгород;Архив №1 Нижний Новгород;RG 0001 039 00 01;Регистрация по БП;Рег.;39;Регистрация;досье;10;AUTO
ОСЦ Новосибирск;Вне подразделений;RG 0001 039 00 01;Регистрация по БП;Рег.;39;Регистрация;досье;0;AUTO
ОСЦ Новосибирск;Архив №1 Новосибирск;RG 0001 039 00 01;Регистрация по БП;Рег.;39;Регистрация;досье;18,85;AUTO
ОСЦ Новосибирск;Архив №3 Екатеринбург;RG 0001 039 00 01;Регистрация по БП;Рег.;39;Регистрация;досье;17,8;AUTO
ОСЦ Самара;Вне подразделений;RG 0001 039 00 01;Регистрация по БП;Рег.;39;Регистрация;досье;0;AUTO
ОСЦ Самара;Архив №1 Самара;RG 0001 039 00 01;Регистрация по БП;Рег.;39;Регистрация;досье;20;AUTO
ОСЦ Воронеж;Вне подразделений;RG 0001 237 00 01;Регистрация по БП;Рег.;237;Регистрация;досье;0;AUTO
ОСЦ Воронеж;Архив №1 Воронеж;RG 0001 237 00 01;Регистрация по БП;Рег.;237;Регистрация;досье;0;AUTO
ОСЦ Воронеж;Архив №3 Калининград;RG 0001 237 00 01;Регистрация по БП;Рег.;237;Регистрация;досье;0;AUTO
ОСЦ Воронеж;Архив №4 Санкт-Петербург;RG 0001 237 00 01;Регистрация по БП;Рег.;237;Регистрация;досье;0;AUTO
ОСЦ Москва;Вне подразделений;RG 0001 237 00 01;Регистрация по БП;Рег.;237;Регистрация;досье;0;AUTO
ОСЦ Москва;Архив №1 Томилино;RG 0001 237 00 01;Регистрация по БП;Рег.;237;Регистрация;досье;32;AUTO
ОСЦ Нижний Новгород;Вне подразделений;RG 0001 237 00 01;Регистрация по БП;Рег.;237;Регистрация;досье;0;AUTO
ОСЦ Нижний Новгород;Архив №1 Нижний Новгород;RG 0001 237 00 01;Регистрация по БП;Рег.;237;Регистрация;досье;0;AUTO
ОСЦ Новосибирск;Вне подразделений;RG 0001 237 00 01;Регистрация по БП;Рег.;237;Регистрация;досье;0;AUTO
ОСЦ Новосибирск;Архив №1 Новосибирск;RG 0001 237 00 01;Регистрация по БП;Рег.;237;Регистрация;досье;0;AUTO
ОСЦ Новосибирск;Архив №3 Екатеринбург;RG 0001 237 00 01;Регистрация по БП;Рег.;237;Регистрация;досье;0;AUTO
ОСЦ Самара;Вне подразделений;RG 0001 237 00 01;Регистрация по БП;Рег.;237;Регистрация;досье;0;AUTO
ОСЦ Самара;Архив №1 Самара;RG 0001 237 00 01;Регистрация по БП;Рег.;237;Регистрация;досье;0;AUTO
ОСЦ Воронеж;Вне подразделений;RG 0001 247 00 01;Регистрация по БП;Рег.;247;Регистрация;досье;0;AUTO
ОСЦ Воронеж;Архив №1 Воронеж;RG 0001 247 00 01;Регистрация по БП;Рег.;247;Регистрация;досье;0;AUTO
ОСЦ Воронеж;Архив №3 Калининград;RG 0001 247 00 01;Регистрация по БП;Рег.;247;Регистрация;досье;0;AUTO
ОСЦ Воронеж;Архив №4 Санкт-Петербург;RG 0001 247 00 01;Регистрация по БП;Рег.;247;Регистрация;досье;0;AUTO
ОСЦ Москва;Вне подразделений;RG 0001 247 00 01;Регистрация по БП;Рег.;247;Регистрация;досье;0;AUTO
ОСЦ Москва;Архив №1 Томилино;RG 0001 247 00 01;Регистрация по БП;Рег.;247;Регистрация;досье;0;AUTO
ОСЦ Нижний Новгород;Вне подразделений;RG 0001 247 00 01;Регистрация по БП;Рег.;247;Регистрация;досье;0;AUTO
ОСЦ Нижний Новгород;Архив №1 Нижний Новгород;RG 0001 247 00 01;Регистрация по БП;Рег.;247;Регистрация;досье;0;AUTO
ОСЦ Новосибирск;Вне подразделений;RG 0001 247 00 01;Регистрация по БП;Рег.;247;Регистрация;досье;0;AUTO
ОСЦ Новосибирск;Архив №1 Новосибирск;RG 0001 247 00 01;Регистрация по БП;Рег.;247;Регистрация;досье;0;AUTO
ОСЦ Новосибирск;Архив №3 Екатеринбург;RG 0001 247 00 01;Регистрация по БП;Рег.;247;Регистрация;досье;0;AUTO
ОСЦ Самара;Вне подразделений;RG 0001 247 00 01;Регистрация по БП;Рег.;247;Регистрация;досье;0;AUTO
ОСЦ Самара;Архив №1 Самара;RG 0001 247 00 01;Регистрация по БП;Рег.;247;Регистрация;досье;0;AUTO
ОСЦ Воронеж;Вне подразделений;RG 0001 264 00 01;Регистрация по БП;Рег.;264;Регистрация;досье;0;AUTO
ОСЦ Воронеж;Архив №1 Воронеж;RG 0001 264 00 01;Регистрация по БП;Рег.;264;Регистрация;досье;0;AUTO
ОСЦ Воронеж;Архив №3 Калининград;RG 0001 264 00 01;Регистрация по БП;Рег.;264;Регистрация;досье;0;AUTO
ОСЦ Воронеж;Архив №4 Санкт-Петербург;RG 0001 264 00 01;Регистрация по БП;Рег.;264;Регистрация;досье;0;AUTO
ОСЦ Москва;Вне подразделений;RG 0001 264 00 01;Регистрация по БП;Рег.;264;Регистрация;досье;0;AUTO
ОСЦ Москва;Архив №1 Томилино;RG 0001 264 00 01;Регистрация по БП;Рег.;264;Регистрация;досье;0;AUTO
ОСЦ Нижний Новгород;Вне подразделений;RG 0001 264 00 01;Регистрация по БП;Рег.;264;Регистрация;досье;0;AUTO
ОСЦ Нижний Новгород;Архив №1 Нижний Новгород;RG 0001 264 00 01;Регистрация по БП;Рег.;264;Регистрация;досье;0;AUTO
ОСЦ Новосибирск;Вне подразделений;RG 0001 264 00 01;Регистрация по БП;Рег.;264;Регистрация;досье;0;AUTO
ОСЦ Новосибирск;Архив №1 Новосибирск;RG 0001 264 00 01;Регистрация по БП;Рег.;264;Регистрация;досье;0;AUTO
ОСЦ Новосибирск;Архив №3 Екатеринбург;RG 0001 264 00 01;Регистрация по БП;Рег.;264;Регистрация;досье;0;AUTO
ОСЦ Самара;Вне подразделений;RG 0001 264 00 01;Регистрация по БП;Рег.;264;Регистрация;досье;0;AUTO
ОСЦ Самара;Архив №1 Самара;RG 0001 264 00 01;Регистрация по БП;Рег.;264;Регистрация;досье;0;AUTO
ОСЦ Воронеж;Вне подразделений;RG 0001 245 00 01;Регистрация по БП;Рег.;245;Регистрация;досье;0;AUTO
ОСЦ Воронеж;Архив №1 Воронеж;RG 0001 245 00 01;Регистрация по БП;Рег.;245;Регистрация;досье;0;AUTO
ОСЦ Воронеж;Архив №3 Калининград;RG 0001 245 00 01;Регистрация по БП;Рег.;245;Регистрация;досье;0;AUTO
ОСЦ Воронеж;Архив №4 Санкт-Петербург;RG 0001 245 00 01;Регистрация по БП;Рег.;245;Регистрация;досье;0;AUTO
ОСЦ Москва;Вне подразделений;RG 0001 245 00 01;Регистрация по БП;Рег.;245;Регистрация;досье;0;AUTO
ОСЦ Москва;Архив №1 Томилино;RG 0001 245 00 01;Регистрация по БП;Рег.;245;Регистрация;досье;0;AUTO
ОСЦ Нижний Новгород;Вне подразделений;RG 0001 245 00 01;Регистрация по БП;Рег.;245;Регистрация;досье;0;AUTO
ОСЦ Нижний Новгород;Архив №1 Нижний Новгород;RG 0001 245 00 01;Регистрация по БП;Рег.;245;Регистрация;досье;0;AUTO
ОСЦ Новосибирск;Вне подразделений;RG 0001 245 00 01;Регистрация по БП;Рег.;245;Регистрация;досье;0;AUTO
ОСЦ Новосибирск;Архив №1 Новосибирск;RG 0001 245 00 01;Регистрация по БП;Рег.;245;Регистрация;досье;0;AUTO
ОСЦ Новосибирск;Архив №3 Екатеринбург;RG 0001 245 00 01;Регистрация по БП;Рег.;245;Регистрация;досье;0;AUTO
ОСЦ Самара;Вне подразделений;RG 0001 245 00 01;Регистрация по БП;Рег.;245;Регистрация;досье;0;AUTO
ОСЦ Самара;Архив №1 Самара;RG 0001 245 00 01;Регистрация по БП;Рег.;245;Регистрация;досье;0;AUTO
ОСЦ Воронеж;Вне подразделений;RG 0001 098 00 01;Регистрация по БП;Рег.;98;Регистрация;досье;0;AUTO
ОСЦ Воронеж;Архив №1 Воронеж;RG 0001 098 00 01;Регистрация по БП;Рег.;98;Регистрация;досье;0;AUTO
ОСЦ Воронеж;Архив №3 Калининград;RG 0001 098 00 01;Регистрация по БП;Рег.;98;Регистрация;досье;0;AUTO
ОСЦ Воронеж;Архив №4 Санкт-Петербург;RG 0001 098 00 01;Регистрация по БП;Рег.;98;Регистрация;досье;0;AUTO
ОСЦ Москва;Вне подразделений;RG 0001 098 00 01;Регистрация по БП;Рег.;98;Регистрация;досье;0;AUTO
ОСЦ Москва;Архив №1 Томилино;RG 0001 098 00 01;Регистрация по БП;Рег.;98;Регистрация;досье;0;AUTO
ОСЦ Нижний Новгород;Вне подразделений;RG 0001 098 00 01;Регистрация по БП;Рег.;98;Регистрация;досье;0;AUTO
ОСЦ Нижний Новгород;Архив №1 Нижний Новгород;RG 0001 098 00 01;Регистрация по БП;Рег.;98;Регистрация;досье;0;AUTO
ОСЦ Новосибирск;Вне подразделений;RG 0001 098 00 01;Регистрация по БП;Рег.;98;Регистрация;досье;0;AUTO
ОСЦ Новосибирск;Архив №1 Новосибирск;RG 0001 098 00 01;Регистрация по БП;Рег.;98;Регистрация;досье;60;AUTO
ОСЦ Новосибирск;Архив №3 Екатеринбург;RG 0001 098 00 01;Регистрация по БП;Рег.;98;Регистрация;досье;60;AUTO
ОСЦ Самара;Вне подразделений;RG 0001 098 00 01;Регистрация по БП;Рег.;98;Регистрация;досье;0;AUTO
ОСЦ Самара;Архив №1 Самара;RG 0001 098 00 01;Регистрация по БП;Рег.;98;Регистрация;досье;0;AUTO
ОСЦ Воронеж;Вне подразделений;RG 0001 235 00 01;Регистрация по БП;Рег.;235;Регистрация;досье;0;AUTO
ОСЦ Воронеж;Архив №1 Воронеж;RG 0001 235 00 01;Регистрация по БП;Рег.;235;Регистрация;досье;0;AUTO
ОСЦ Воронеж;Архив №3 Калининград;RG 0001 235 00 01;Регистрация по БП;Рег.;235;Регистрация;досье;0;AUTO
ОСЦ Воронеж;Архив №4 Санкт-Петербург;RG 0001 235 00 01;Регистрация по БП;Рег.;235;Регистрация;досье;0;AUTO
ОСЦ Москва;Вне подразделений;RG 0001 235 00 01;Регистрация по БП;Рег.;235;Регистрация;досье;0;AUTO
ОСЦ Москва;Архив №1 Томилино;RG 0001 235 00 01;Регистрация по БП;Рег.;235;Регистрация;досье;0;AUTO
ОСЦ Нижний Новгород;Вне подразделений;RG 0001 235 00 01;Регистрация по БП;Рег.;235;Регистрация;досье;0;AUTO
ОСЦ Нижний Новгород;Архив №1 Нижний Новгород;RG 0001 235 00 01;Регистрация по БП;Рег.;235;Регистрация;досье;0;AUTO
ОСЦ Новосибирск;Вне подразделений;RG 0001 235 00 01;Регистрация по БП;Рег.;235;Регистрация;досье;0;AUTO
ОСЦ Новосибирск;Архив №1 Новосибирск;RG 0001 235 00 01;Регистрация по БП;Рег.;235;Регистрация;досье;0;AUTO
ОСЦ Новосибирск;Архив №3 Екатеринбург;RG 0001 235 00 01;Регистрация по БП;Рег.;235;Регистрация;досье;0;AUTO
ОСЦ Самара;Вне подразделений;RG 0001 235 00 01;Регистрация по БП;Рег.;235;Регистрация;досье;0;AUTO
ОСЦ Самара;Архив №1 Самара;RG 0001 235 00 01;Регистрация по БП;Рег.;235;Регистрация;досье;0;AUTO
ОСЦ Воронеж;Вне подразделений;RG 0001 223 00 01;Регистрация по БП;Рег.;223;Регистрация;досье;0;AUTO
ОСЦ Воронеж;Архив №1 Воронеж;RG 0001 223 00 01;Регистрация по БП;Рег.;223;Регистрация;досье;0;AUTO
ОСЦ Воронеж;Архив №3 Калининград;RG 0001 223 00 01;Регистрация по БП;Рег.;223;Регистрация;досье;0;AUTO
ОСЦ Воронеж;Архив №4 Санкт-Петербург;RG 0001 223 00 01;Регистрация по БП;Рег.;223;Регистрация;досье;0;AUTO
ОСЦ Москва;Вне подразделений;RG 0001 223 00 01;Регистрация по БП;Рег.;223;Регистрация;досье;0;AUTO
ОСЦ Москва;Архив №1 Томилино;RG 0001 223 00 01;Регистрация по БП;Рег.;223;Регистрация;досье;34,191;AUTO
ОСЦ Нижний Новгород;Вне подразделений;RG 0001 223 00 01;Регистрация по БП;Рег.;223;Регистрация;досье;0;AUTO
ОСЦ Нижний Новгород;Архив №1 Нижний Новгород;RG 0001 223 00 01;Регистрация по БП;Рег.;223;Регистрация;досье;0;AUTO
ОСЦ Новосибирск;Вне подразделений;RG 0001 223 00 01;Регистрация по БП;Рег.;223;Регистрация;досье;0;AUTO
ОСЦ Новосибирск;Архив №1 Новосибирск;RG 0001 223 00 01;Регистрация по БП;Рег.;223;Регистрация;досье;0;AUTO
ОСЦ Новосибирск;Архив №3 Екатеринбург;RG 0001 223 00 01;Регистрация по БП;Рег.;223;Регистрация;досье;0;AUTO
ОСЦ Самара;Вне подразделений;RG 0001 223 00 01;Регистрация по БП;Рег.;223;Регистрация;досье;0;AUTO
ОСЦ Самара;Архив №1 Самара;RG 0001 223 00 01;Регистрация по БП;Рег.;223;Регистрация;досье;0;AUTO
ОСЦ Воронеж;Вне подразделений;RG 0001 224 00 01;Регистрация по БП;Рег.;224;Регистрация;досье;0;AUTO
ОСЦ Воронеж;Архив №1 Воронеж;RG 0001 224 00 01;Регистрация по БП;Рег.;224;Регистрация;досье;0;AUTO
ОСЦ Воронеж;Архив №3 Калининград;RG 0001 224 00 01;Регистрация по БП;Рег.;224;Регистрация;досье;0;AUTO
ОСЦ Воронеж;Архив №4 Санкт-Петербург;RG 0001 224 00 01;Регистрация по БП;Рег.;224;Регистрация;досье;0;AUTO
ОСЦ Москва;Вне подразделений;RG 0001 224 00 01;Регистрация по БП;Рег.;224;Регистрация;досье;0;AUTO
ОСЦ Москва;Архив №1 Томилино;RG 0001 224 00 01;Регистрация по БП;Рег.;224;Регистрация;досье;0;AUTO
ОСЦ Нижний Новгород;Вне подразделений;RG 0001 224 00 01;Регистрация по БП;Рег.;224;Регистрация;досье;0;AUTO
ОСЦ Нижний Новгород;Архив №1 Нижний Новгород;RG 0001 224 00 01;Регистрация по БП;Рег.;224;Регистрация;досье;0;AUTO
ОСЦ Новосибирск;Вне подразделений;RG 0001 224 00 01;Регистрация по БП;Рег.;224;Регистрация;досье;0;AUTO
ОСЦ Новосибирск;Архив №1 Новосибирск;RG 0001 224 00 01;Регистрация по БП;Рег.;224;Регистрация;досье;0;AUTO
ОСЦ Новосибирск;Архив №3 Екатеринбург;RG 0001 224 00 01;Регистрация по БП;Рег.;224;Регистрация;досье;0;AUTO
ОСЦ Самара;Вне подразделений;RG 0001 224 00 01;Регистрация по БП;Рег.;224;Регистрация;досье;0;AUTO
ОСЦ Самара;Архив №1 Самара;RG 0001 224 00 01;Регистрация по БП;Рег.;224;Регистрация;досье;0;AUTO
ОСЦ Воронеж;Вне подразделений;RG 0001 225 00 01;Регистрация по БП;Рег.;225;Регистрация;досье;0;AUTO
ОСЦ Воронеж;Архив №1 Воронеж;RG 0001 225 00 01;Регистрация по БП;Рег.;225;Регистрация;досье;0;AUTO
ОСЦ Воронеж;Архив №3 Калининград;RG 0001 225 00 01;Регистрация по БП;Рег.;225;Регистрация;досье;0;AUTO
ОСЦ Воронеж;Архив №4 Санкт-Петербург;RG 0001 225 00 01;Регистрация по БП;Рег.;225;Регистрация;досье;0;AUTO
ОСЦ Москва;Вне подразделений;RG 0001 225 00 01;Регистрация по БП;Рег.;225;Регистрация;досье;0;AUTO
ОСЦ Москва;Архив №1 Томилино;RG 0001 225 00 01;Регистрация по БП;Рег.;225;Регистрация;досье;34,191;AUTO
ОСЦ Нижний Новгород;Вне подразделений;RG 0001 225 00 01;Регистрация по БП;Рег.;225;Регистрация;досье;0;AUTO
ОСЦ Нижний Новгород;Архив №1 Нижний Новгород;RG 0001 225 00 01;Регистрация по БП;Рег.;225;Регистрация;досье;0;AUTO
ОСЦ Новосибирск;Вне подразделений;RG 0001 225 00 01;Регистрация по БП;Рег.;225;Регистрация;досье;0;AUTO
ОСЦ Новосибирск;Архив №1 Новосибирск;RG 0001 225 00 01;Регистрация по БП;Рег.;225;Регистрация;досье;0;AUTO
ОСЦ Новосибирск;Архив №3 Екатеринбург;RG 0001 225 00 01;Регистрация по БП;Рег.;225;Регистрация;досье;0;AUTO
ОСЦ Самара;Вне подразделений;RG 0001 225 00 01;Регистрация по БП;Рег.;225;Регистрация;досье;0;AUTO
ОСЦ Самара;Архив №1 Самара;RG 0001 225 00 01;Регистрация по БП;Рег.;225;Регистрация;досье;0;AUTO
ОСЦ Воронеж;Вне подразделений;RG 0001 226 00 01;Регистрация по БП;Рег.;226;Регистрация;досье;0;AUTO
ОСЦ Воронеж;Архив №1 Воронеж;RG 0001 226 00 01;Регистрация по БП;Рег.;226;Регистрация;досье;0;AUTO
ОСЦ Воронеж;Архив №3 Калининград;RG 0001 226 00 01;Регистрация по БП;Рег.;226;Регистрация;досье;0;AUTO
ОСЦ Воронеж;Архив №4 Санкт-Петербург;RG 0001 226 00 01;Регистрация по БП;Рег.;226;Регистрация;досье;0;AUTO
ОСЦ Москва;Вне подразделений;RG 0001 226 00 01;Регистрация по БП;Рег.;226;Регистрация;досье;0;AUTO
ОСЦ Москва;Архив №1 Томилино;RG 0001 226 00 01;Регистрация по БП;Рег.;226;Регистрация;досье;34,191;AUTO
ОСЦ Нижний Новгород;Вне подразделений;RG 0001 226 00 01;Регистрация по БП;Рег.;226;Регистрация;досье;0;AUTO
ОСЦ Нижний Новгород;Архив №1 Нижний Новгород;RG 0001 226 00 01;Регистрация по БП;Рег.;226;Регистрация;досье;0;AUTO
ОСЦ Новосибирск;Вне подразделений;RG 0001 226 00 01;Регистрация по БП;Рег.;226;Регистрация;досье;0;AUTO
ОСЦ Новосибирск;Архив №1 Новосибирск;RG 0001 226 00 01;Регистрация по БП;Рег.;226;Регистрация;досье;0;AUTO
ОСЦ Новосибирск;Архив №3 Екатеринбург;RG 0001 226 00 01;Регистрация по БП;Рег.;226;Регистрация;досье;0;AUTO
ОСЦ Самара;Вне подразделений;RG 0001 226 00 01;Регистрация по БП;Рег.;226;Регистрация;досье;0;AUTO
ОСЦ Самара;Архив №1 Самара;RG 0001 226 00 01;Регистрация по БП;Рег.;226;Регистрация;досье;0;AUTO
ОСЦ Воронеж;Вне подразделений;RG 0001 227 00 01;Регистрация по БП;Рег.;227;Регистрация;досье;0;AUTO
ОСЦ Воронеж;Архив №1 Воронеж;RG 0001 227 00 01;Регистрация по БП;Рег.;227;Регистрация;досье;0;AUTO
ОСЦ Воронеж;Архив №3 Калининград;RG 0001 227 00 01;Регистрация по БП;Рег.;227;Регистрация;досье;0;AUTO
ОСЦ Воронеж;Архив №4 Санкт-Петербург;RG 0001 227 00 01;Регистрация по БП;Рег.;227;Регистрация;досье;0;AUTO
ОСЦ Москва;Вне подразделений;RG 0001 227 00 01;Регистрация по БП;Рег.;227;Регистрация;досье;0;AUTO
ОСЦ Москва;Архив №1 Томилино;RG 0001 227 00 01;Регистрация по БП;Рег.;227;Регистрация;досье;0;AUTO
ОСЦ Нижний Новгород;Вне подразделений;RG 0001 227 00 01;Регистрация по БП;Рег.;227;Регистрация;досье;0;AUTO
ОСЦ Нижний Новгород;Архив №1 Нижний Новгород;RG 0001 227 00 01;Регистрация по БП;Рег.;227;Регистрация;досье;0;AUTO
ОСЦ Новосибирск;Вне подразделений;RG 0001 227 00 01;Регистрация по БП;Рег.;227;Регистрация;досье;0;AUTO
ОСЦ Новосибирск;Архив №1 Новосибирск;RG 0001 227 00 01;Регистрация по БП;Рег.;227;Регистрация;досье;0;AUTO
ОСЦ Новосибирск;Архив №3 Екатеринбург;RG 0001 227 00 01;Регистрация по БП;Рег.;227;Регистрация;досье;0;AUTO
ОСЦ Самара;Вне подразделений;RG 0001 227 00 01;Регистрация по БП;Рег.;227;Регистрация;досье;0;AUTO
ОСЦ Самара;Архив №1 Самара;RG 0001 227 00 01;Регистрация по БП;Рег.;227;Регистрация;досье;0;AUTO
ОСЦ Воронеж;Вне подразделений;RG 0001 228 00 01;Регистрация по БП;Рег.;228;Регистрация;досье;0;AUTO
ОСЦ Воронеж;Архив №1 Воронеж;RG 0001 228 00 01;Регистрация по БП;Рег.;228;Регистрация;досье;0;AUTO
ОСЦ Воронеж;Архив №3 Калининград;RG 0001 228 00 01;Регистрация по БП;Рег.;228;Регистрация;досье;0;AUTO
ОСЦ Воронеж;Архив №4 Санкт-Петербург;RG 0001 228 00 01;Регистрация по БП;Рег.;228;Регистрация;досье;0;AUTO
ОСЦ Москва;Вне подразделений;RG 0001 228 00 01;Регистрация по БП;Рег.;228;Регистрация;досье;0;AUTO
ОСЦ Москва;Архив №1 Томилино;RG 0001 228 00 01;Регистрация по БП;Рег.;228;Регистрация;досье;0;AUTO
ОСЦ Нижний Новгород;Вне подразделений;RG 0001 228 00 01;Регистрация по БП;Рег.;228;Регистрация;досье;0;AUTO
ОСЦ Нижний Новгород;Архив №1 Нижний Новгород;RG 0001 228 00 01;Регистрация по БП;Рег.;228;Регистрация;досье;0;AUTO
ОСЦ Новосибирск;Вне подразделений;RG 0001 228 00 01;Регистрация по БП;Рег.;228;Регистрация;досье;0;AUTO
ОСЦ Новосибирск;Архив №1 Новосибирск;RG 0001 228 00 01;Регистрация по БП;Рег.;228;Регистрация;досье;0;AUTO
ОСЦ Новосибирск;Архив №3 Екатеринбург;RG 0001 228 00 01;Регистрация по БП;Рег.;228;Регистрация;досье;0;AUTO
ОСЦ Самара;Вне подразделений;RG 0001 228 00 01;Регистрация по БП;Рег.;228;Регистрация;досье;0;AUTO
ОСЦ Самара;Архив №1 Самара;RG 0001 228 00 01;Регистрация по БП;Рег.;228;Регистрация;досье;0;AUTO
ОСЦ Воронеж;Вне подразделений;RG 0001 229 00 01;Регистрация по БП;Рег.;229;Регистрация;досье;0;AUTO
ОСЦ Воронеж;Архив №1 Воронеж;RG 0001 229 00 01;Регистрация по БП;Рег.;229;Регистрация;досье;0;AUTO
ОСЦ Воронеж;Архив №3 Калининград;RG 0001 229 00 01;Регистрация по БП;Рег.;229;Регистрация;досье;0;AUTO
ОСЦ Воронеж;Архив №4 Санкт-Петербург;RG 0001 229 00 01;Регистрация по БП;Рег.;229;Регистрация;досье;0;AUTO
ОСЦ Москва;Вне подразделений;RG 0001 229 00 01;Регистрация по БП;Рег.;229;Регистрация;досье;0;AUTO
ОСЦ Москва;Архив №1 Томилино;RG 0001 229 00 01;Регистрация по БП;Рег.;229;Регистрация;досье;34,191;AUTO
ОСЦ Нижний Новгород;Вне подразделений;RG 0001 229 00 01;Регистрация по БП;Рег.;229;Регистрация;досье;0;AUTO
ОСЦ Нижний Новгород;Архив №1 Нижний Новгород;RG 0001 229 00 01;Регистрация по БП;Рег.;229;Регистрация;досье;0;AUTO
ОСЦ Новосибирск;Вне подразделений;RG 0001 229 00 01;Регистрация по БП;Рег.;229;Регистрация;досье;0;AUTO
ОСЦ Новосибирск;Архив №1 Новосибирск;RG 0001 229 00 01;Регистрация по БП;Рег.;229;Регистрация;досье;0;AUTO
ОСЦ Новосибирск;Архив №3 Екатеринбург;RG 0001 229 00 01;Регистрация по БП;Рег.;229;Регистрация;досье;0;AUTO
ОСЦ Самара;Вне подразделений;RG 0001 229 00 01;Регистрация по БП;Рег.;229;Регистрация;досье;0;AUTO
ОСЦ Самара;Архив №1 Самара;RG 0001 229 00 01;Регистрация по БП;Рег.;229;Регистрация;досье;0;AUTO
ОСЦ Воронеж;Вне подразделений;RG 0001 230 00 01;Регистрация по БП;Рег.;230;Регистрация;досье;0;AUTO
ОСЦ Воронеж;Архив №1 Воронеж;RG 0001 230 00 01;Регистрация по БП;Рег.;230;Регистрация;досье;0;AUTO
ОСЦ Воронеж;Архив №3 Калининград;RG 0001 230 00 01;Регистрация по БП;Рег.;230;Регистрация;досье;0;AUTO
ОСЦ Воронеж;Архив №4 Санкт-Петербург;RG 0001 230 00 01;Регистрация по БП;Рег.;230;Регистрация;досье;0;AUTO
ОСЦ Москва;Вне подразделений;RG 0001 230 00 01;Регистрация по БП;Рег.;230;Регистрация;досье;0;AUTO
ОСЦ Москва;Архив №1 Томилино;RG 0001 230 00 01;Регистрация по БП;Рег.;230;Регистрация;досье;0;AUTO
ОСЦ Нижний Новгород;Вне подразделений;RG 0001 230 00 01;Регистрация по БП;Рег.;230;Регистрация;досье;0;AUTO
ОСЦ Нижний Новгород;Архив №1 Нижний Новгород;RG 0001 230 00 01;Регистрация по БП;Рег.;230;Регистрация;досье;0;AUTO
ОСЦ Новосибирск;Вне подразделений;RG 0001 230 00 01;Регистрация по БП;Рег.;230;Регистрация;досье;0;AUTO
ОСЦ Новосибирск;Архив №1 Новосибирск;RG 0001 230 00 01;Регистрация по БП;Рег.;230;Регистрация;досье;0;AUTO
ОСЦ Новосибирск;Архив №3 Екатеринбург;RG 0001 230 00 01;Регистрация по БП;Рег.;230;Регистрация;досье;0;AUTO
ОСЦ Самара;Вне подразделений;RG 0001 230 00 01;Регистрация по БП;Рег.;230;Регистрация;досье;0;AUTO
ОСЦ Самара;Архив №1 Самара;RG 0001 230 00 01;Регистрация по БП;Рег.;230;Регистрация;досье;0;AUTO
ОСЦ Воронеж;Вне подразделений;RG 0001 255 00 01;Регистрация по БП;Рег.;255;Регистрация;досье;0;AUTO
ОСЦ Воронеж;Архив №1 Воронеж;RG 0001 255 00 01;Регистрация по БП;Рег.;255;Регистрация;досье;0;AUTO
ОСЦ Воронеж;Архив №3 Калининград;RG 0001 255 00 01;Регистрация по БП;Рег.;255;Регистрация;досье;0;AUTO
ОСЦ Воронеж;Архив №4 Санкт-Петербург;RG 0001 255 00 01;Регистрация по БП;Рег.;255;Регистрация;досье;0;AUTO
ОСЦ Москва;Вне подразделений;RG 0001 255 00 01;Регистрация по БП;Рег.;255;Регистрация;досье;0;AUTO
ОСЦ Москва;Архив №1 Томилино;RG 0001 255 00 01;Регистрация по БП;Рег.;255;Регистрация;досье;0;AUTO
ОСЦ Нижний Новгород;Вне подразделений;RG 0001 255 00 01;Регистрация по БП;Рег.;255;Регистрация;досье;0;AUTO
ОСЦ Нижний Новгород;Архив №1 Нижний Новгород;RG 0001 255 00 01;Регистрация по БП;Рег.;255;Регистрация;досье;0;AUTO
ОСЦ Новосибирск;Вне подразделений;RG 0001 255 00 01;Регистрация по БП;Рег.;255;Регистрация;досье;0;AUTO
ОСЦ Новосибирск;Архив №1 Новосибирск;RG 0001 255 00 01;Регистрация по БП;Рег.;255;Регистрация;досье;0;AUTO
ОСЦ Новосибирск;Архив №3 Екатеринбург;RG 0001 255 00 01;Регистрация по БП;Рег.;255;Регистрация;досье;0;AUTO
ОСЦ Самара;Вне подразделений;RG 0001 255 00 01;Регистрация по БП;Рег.;255;Регистрация;досье;0;AUTO
ОСЦ Самара;Архив №1 Самара;RG 0001 255 00 01;Регистрация по БП;Рег.;255;Регистрация;досье;0;AUTO
ОСЦ Воронеж;Вне подразделений;RG 0001 260 00 01;Регистрация по БП;Рег.;260;Регистрация;досье;0;AUTO
ОСЦ Воронеж;Архив №1 Воронеж;RG 0001 260 00 01;Регистрация по БП;Рег.;260;Регистрация;досье;0;AUTO
ОСЦ Воронеж;Архив №3 Калининград;RG 0001 260 00 01;Регистрация по БП;Рег.;260;Регистрация;досье;0;AUTO
ОСЦ Воронеж;Архив №4 Санкт-Петербург;RG 0001 260 00 01;Регистрация по БП;Рег.;260;Регистрация;досье;0;AUTO
ОСЦ Москва;Вне подразделений;RG 0001 260 00 01;Регистрация по БП;Рег.;260;Регистрация;досье;0;AUTO
ОСЦ Москва;Архив №1 Томилино;RG 0001 260 00 01;Регистрация по БП;Рег.;260;Регистрация;досье;61,667;AUTO
ОСЦ Нижний Новгород;Вне подразделений;RG 0001 260 00 01;Регистрация по БП;Рег.;260;Регистрация;досье;0;AUTO
ОСЦ Нижний Новгород;Архив №1 Нижний Новгород;RG 0001 260 00 01;Регистрация по БП;Рег.;260;Регистрация;досье;0;AUTO
ОСЦ Новосибирск;Вне подразделений;RG 0001 260 00 01;Регистрация по БП;Рег.;260;Регистрация;досье;0;AUTO
ОСЦ Новосибирск;Архив №1 Новосибирск;RG 0001 260 00 01;Регистрация по БП;Рег.;260;Регистрация;досье;0;AUTO
ОСЦ Новосибирск;Архив №3 Екатеринбург;RG 0001 260 00 01;Регистрация по БП;Рег.;260;Регистрация;досье;0;AUTO
ОСЦ Самара;Вне подразделений;RG 0001 260 00 01;Регистрация по БП;Рег.;260;Регистрация;досье;0;AUTO
ОСЦ Самара;Архив №1 Самара;RG 0001 260 00 01;Регистрация по БП;Рег.;260;Регистрация;досье;0;AUTO
ОСЦ Воронеж;Вне подразделений;RG 0001 266 00 01;Регистрация по БП;Рег.;266;Регистрация;досье;0;AUTO
ОСЦ Воронеж;Архив №1 Воронеж;RG 0001 266 00 01;Регистрация по БП;Рег.;266;Регистрация;досье;0;AUTO
ОСЦ Воронеж;Архив №3 Калининград;RG 0001 266 00 01;Регистрация по БП;Рег.;266;Регистрация;досье;0;AUTO
ОСЦ Воронеж;Архив №4 Санкт-Петербург;RG 0001 266 00 01;Регистрация по БП;Рег.;266;Регистрация;досье;0;AUTO
ОСЦ Москва;Вне подразделений;RG 0001 266 00 01;Регистрация по БП;Рег.;266;Регистрация;досье;0;AUTO
ОСЦ Москва;Архив №1 Томилино;RG 0001 266 00 01;Регистрация по БП;Рег.;266;Регистрация;досье;0;AUTO
ОСЦ Нижний Новгород;Вне подразделений;RG 0001 266 00 01;Регистрация по БП;Рег.;266;Регистрация;досье;0;AUTO
ОСЦ Нижний Новгород;Архив №1 Нижний Новгород;RG 0001 266 00 01;Регистрация по БП;Рег.;266;Регистрация;досье;0;AUTO
ОСЦ Новосибирск;Вне подразделений;RG 0001 266 00 01;Регистрация по БП;Рег.;266;Регистрация;досье;0;AUTO
ОСЦ Новосибирск;Архив №1 Новосибирск;RG 0001 266 00 01;Регистрация по БП;Рег.;266;Регистрация;досье;0;AUTO
ОСЦ Новосибирск;Архив №3 Екатеринбург;RG 0001 266 00 01;Регистрация по БП;Рег.;266;Регистрация;досье;0;AUTO
ОСЦ Самара;Вне подразделений;RG 0001 266 00 01;Регистрация по БП;Рег.;266;Регистрация;досье;0;AUTO
ОСЦ Самара;Архив №1 Самара;RG 0001 266 00 01;Регистрация по БП;Рег.;266;Регистрация;досье;0;AUTO
ОСЦ Воронеж;Вне подразделений;RG 0001 222 00 01;Регистрация по БП;Рег.;222;Регистрация;досье;0;AUTO
ОСЦ Воронеж;Архив №1 Воронеж;RG 0001 222 00 01;Регистрация по БП;Рег.;222;Регистрация;досье;24;AUTO
ОСЦ Воронеж;Архив №3 Калининград;RG 0001 222 00 01;Регистрация по БП;Рег.;222;Регистрация;досье;24,576;AUTO
ОСЦ Воронеж;Архив №4 Санкт-Петербург;RG 0001 222 00 01;Регистрация по БП;Рег.;222;Регистрация;досье;26;AUTO
ОСЦ Москва;Вне подразделений;RG 0001 222 00 01;Регистрация по БП;Рег.;222;Регистрация;досье;0;AUTO
ОСЦ Москва;Архив №1 Томилино;RG 0001 222 00 01;Регистрация по БП;Рег.;222;Регистрация;досье;26,5;AUTO
ОСЦ Нижний Новгород;Вне подразделений;RG 0001 222 00 01;Регистрация по БП;Рег.;222;Регистрация;досье;0;AUTO
ОСЦ Нижний Новгород;Архив №1 Нижний Новгород;RG 0001 222 00 01;Регистрация по БП;Рег.;222;Регистрация;досье;25,011;AUTO
ОСЦ Новосибирск;Вне подразделений;RG 0001 222 00 01;Регистрация по БП;Рег.;222;Регистрация;досье;0;AUTO
ОСЦ Новосибирск;Архив №1 Новосибирск;RG 0001 222 00 01;Регистрация по БП;Рег.;222;Регистрация;досье;26,125;AUTO
ОСЦ Новосибирск;Архив №3 Екатеринбург;RG 0001 222 00 01;Регистрация по БП;Рег.;222;Регистрация;досье;25,267;AUTO
ОСЦ Самара;Вне подразделений;RG 0001 222 00 01;Регистрация по БП;Рег.;222;Регистрация;досье;0;AUTO
ОСЦ Самара;Архив №1 Самара;RG 0001 222 00 01;Регистрация по БП;Рег.;222;Регистрация;досье;26;AUTO
ОСЦ Воронеж;Вне подразделений;RG 0001 246 00 01;Регистрация по БП;Рег.;246;Регистрация;досье;0;AUTO
ОСЦ Воронеж;Архив №1 Воронеж;RG 0001 246 00 01;Регистрация по БП;Рег.;246;Регистрация;досье;0;AUTO
ОСЦ Воронеж;Архив №3 Калининград;RG 0001 246 00 01;Регистрация по БП;Рег.;246;Регистрация;досье;0;AUTO
ОСЦ Воронеж;Архив №4 Санкт-Петербург;RG 0001 246 00 01;Регистрация по БП;Рег.;246;Регистрация;досье;0;AUTO
ОСЦ Москва;Вне подразделений;RG 0001 246 00 01;Регистрация по БП;Рег.;246;Регистрация;досье;0;AUTO
ОСЦ Москва;Архив №1 Томилино;RG 0001 246 00 01;Регистрация по БП;Рег.;246;Регистрация;досье;0;AUTO
ОСЦ Нижний Новгород;Вне подразделений;RG 0001 246 00 01;Регистрация по БП;Рег.;246;Регистрация;досье;0;AUTO
ОСЦ Нижний Новгород;Архив №1 Нижний Новгород;RG 0001 246 00 01;Регистрация по БП;Рег.;246;Регистрация;досье;0;AUTO
ОСЦ Новосибирск;Вне подразделений;RG 0001 246 00 01;Регистрация по БП;Рег.;246;Регистрация;досье;0;AUTO
ОСЦ Новосибирск;Архив №1 Новосибирск;RG 0001 246 00 01;Регистрация по БП;Рег.;246;Регистрация;досье;0;AUTO
ОСЦ Новосибирск;Архив №3 Екатеринбург;RG 0001 246 00 01;Регистрация по БП;Рег.;246;Регистрация;досье;0;AUTO
ОСЦ Самара;Вне подразделений;RG 0001 246 00 01;Регистрация по БП;Рег.;246;Регистрация;досье;0;AUTO
ОСЦ Самара;Архив №1 Самара;RG 0001 246 00 01;Регистрация по БП;Рег.;246;Регистрация;досье;0;AUTO
ОСЦ Воронеж;Вне подразделений;RG 0001 244 00 01;Регистрация по БП;Рег.;244;Регистрация;досье;0;AUTO
ОСЦ Воронеж;Архив №1 Воронеж;RG 0001 244 00 01;Регистрация по БП;Рег.;244;Регистрация;досье;0;AUTO
ОСЦ Воронеж;Архив №3 Калининград;RG 0001 244 00 01;Регистрация по БП;Рег.;244;Регистрация;досье;0;AUTO
ОСЦ Воронеж;Архив №4 Санкт-Петербург;RG 0001 244 00 01;Регистрация по БП;Рег.;244;Регистрация;досье;0;AUTO
ОСЦ Москва;Вне подразделений;RG 0001 244 00 01;Регистрация по БП;Рег.;244;Регистрация;досье;0;AUTO
ОСЦ Москва;Архив №1 Томилино;RG 0001 244 00 01;Регистрация по БП;Рег.;244;Регистрация;досье;0;AUTO
ОСЦ Нижний Новгород;Вне подразделений;RG 0001 244 00 01;Регистрация по БП;Рег.;244;Регистрация;досье;0;AUTO
ОСЦ Нижний Новгород;Архив №1 Нижний Новгород;RG 0001 244 00 01;Регистрация по БП;Рег.;244;Регистрация;досье;0;AUTO
ОСЦ Новосибирск;Вне подразделений;RG 0001 244 00 01;Регистрация по БП;Рег.;244;Регистрация;досье;0;AUTO
ОСЦ Новосибирск;Архив №1 Новосибирск;RG 0001 244 00 01;Регистрация по БП;Рег.;244;Регистрация;досье;0;AUTO
ОСЦ Новосибирск;Архив №3 Екатеринбург;RG 0001 244 00 01;Регистрация по БП;Рег.;244;Регистрация;досье;0;AUTO
ОСЦ Самара;Вне подразделений;RG 0001 244 00 01;Регистрация по БП;Рег.;244;Регистрация;досье;0;AUTO
ОСЦ Самара;Архив №1 Самара;RG 0001 244 00 01;Регистрация по БП;Рег.;244;Регистрация;досье;0;AUTO
ОСЦ Воронеж;Вне подразделений;RG 0001 242 00 01;Регистрация по БП;Рег.;242;Регистрация;досье;0;AUTO
ОСЦ Воронеж;Архив №1 Воронеж;RG 0001 242 00 01;Регистрация по БП;Рег.;242;Регистрация;досье;0;AUTO
ОСЦ Воронеж;Архив №3 Калининград;RG 0001 242 00 01;Регистрация по БП;Рег.;242;Регистрация;досье;0;AUTO
ОСЦ Воронеж;Архив №4 Санкт-Петербург;RG 0001 242 00 01;Регистрация по БП;Рег.;242;Регистрация;досье;0;AUTO
ОСЦ Москва;Вне подразделений;RG 0001 242 00 01;Регистрация по БП;Рег.;242;Регистрация;досье;0;AUTO
ОСЦ Москва;Архив №1 Томилино;RG 0001 242 00 01;Регистрация по БП;Рег.;242;Регистрация;досье;0;AUTO
ОСЦ Нижний Новгород;Вне подразделений;RG 0001 242 00 01;Регистрация по БП;Рег.;242;Регистрация;досье;0;AUTO
ОСЦ Нижний Новгород;Архив №1 Нижний Новгород;RG 0001 242 00 01;Регистрация по БП;Рег.;242;Регистрация;досье;0;AUTO
ОСЦ Новосибирск;Вне подразделений;RG 0001 242 00 01;Регистрация по БП;Рег.;242;Регистрация;досье;0;AUTO
ОСЦ Новосибирск;Архив №1 Новосибирск;RG 0001 242 00 01;Регистрация по БП;Рег.;242;Регистрация;досье;0;AUTO
ОСЦ Новосибирск;Архив №3 Екатеринбург;RG 0001 242 00 01;Регистрация по БП;Рег.;242;Регистрация;досье;0;AUTO
ОСЦ Самара;Вне подразделений;RG 0001 242 00 01;Регистрация по БП;Рег.;242;Регистрация;досье;0;AUTO
ОСЦ Самара;Архив №1 Самара;RG 0001 242 00 01;Регистрация по БП;Рег.;242;Регистрация;досье;0;AUTO
ОСЦ Воронеж;Вне подразделений;RG 0001 267 00 01;Регистрация по БП;Рег.;267;Регистрация;досье;0;AUTO
ОСЦ Воронеж;Архив №1 Воронеж;RG 0001 267 00 01;Регистрация по БП;Рег.;267;Регистрация;досье;19,011;AUTO
ОСЦ Воронеж;Архив №3 Калининград;RG 0001 267 00 01;Регистрация по БП;Рег.;267;Регистрация;досье;19,686;AUTO
ОСЦ Воронеж;Архив №4 Санкт-Петербург;RG 0001 267 00 01;Регистрация по БП;Рег.;267;Регистрация;досье;19,058;AUTO
ОСЦ Москва;Вне подразделений;RG 0001 267 00 01;Регистрация по БП;Рег.;267;Регистрация;досье;0;AUTO
ОСЦ Москва;Архив №1 Томилино;RG 0001 267 00 01;Регистрация по БП;Рег.;267;Регистрация;досье;19,236;AUTO
ОСЦ Нижний Новгород;Вне подразделений;RG 0001 267 00 01;Регистрация по БП;Рег.;267;Регистрация;досье;0;AUTO
ОСЦ Нижний Новгород;Архив №1 Нижний Новгород;RG 0001 267 00 01;Регистрация по БП;Рег.;267;Регистрация;досье;18,067;AUTO
ОСЦ Новосибирск;Вне подразделений;RG 0001 267 00 01;Регистрация по БП;Рег.;267;Регистрация;досье;0;AUTO
ОСЦ Новосибирск;Архив №1 Новосибирск;RG 0001 267 00 01;Регистрация по БП;Рег.;267;Регистрация;досье;18,746;AUTO
ОСЦ Новосибирск;Архив №3 Екатеринбург;RG 0001 267 00 01;Регистрация по БП;Рег.;267;Регистрация;досье;17,805;AUTO
ОСЦ Самара;Вне подразделений;RG 0001 267 00 01;Регистрация по БП;Рег.;267;Регистрация;досье;0;AUTO
ОСЦ Самара;Архив №1 Самара;RG 0001 267 00 01;Регистрация по БП;Рег.;267;Регистрация;досье;16,946;AUTO
ОСЦ Воронеж;Вне подразделений;RG 0001 268 00 01;Регистрация по БП;Рег.;268;Регистрация;досье;0;AUTO
ОСЦ Воронеж;Архив №1 Воронеж;RG 0001 268 00 01;Регистрация по БП;Рег.;268;Регистрация;досье;12;AUTO
ОСЦ Воронеж;Архив №3 Калининград;RG 0001 268 00 01;Регистрация по БП;Рег.;268;Регистрация;досье;16,026;AUTO
ОСЦ Воронеж;Архив №4 Санкт-Петербург;RG 0001 268 00 01;Регистрация по БП;Рег.;268;Регистрация;досье;16,17;AUTO
ОСЦ Москва;Вне подразделений;RG 0001 268 00 01;Регистрация по БП;Рег.;268;Регистрация;досье;0;AUTO
ОСЦ Москва;Архив №1 Томилино;RG 0001 268 00 01;Регистрация по БП;Рег.;268;Регистрация;досье;16,25;AUTO
ОСЦ Нижний Новгород;Вне подразделений;RG 0001 268 00 01;Регистрация по БП;Рег.;268;Регистрация;досье;0;AUTO
ОСЦ Нижний Новгород;Архив №1 Нижний Новгород;RG 0001 268 00 01;Регистрация по БП;Рег.;268;Регистрация;досье;14,911;AUTO
ОСЦ Новосибирск;Вне подразделений;RG 0001 268 00 01;Регистрация по БП;Рег.;268;Регистрация;досье;0;AUTO
ОСЦ Новосибирск;Архив №1 Новосибирск;RG 0001 268 00 01;Регистрация по БП;Рег.;268;Регистрация;досье;16;AUTO
ОСЦ Новосибирск;Архив №3 Екатеринбург;RG 0001 268 00 01;Регистрация по БП;Рег.;268;Регистрация;досье;16,233;AUTO
ОСЦ Самара;Вне подразделений;RG 0001 268 00 01;Регистрация по БП;Рег.;268;Регистрация;досье;0;AUTO
ОСЦ Самара;Архив №1 Самара;RG 0001 268 00 01;Регистрация по БП;Рег.;268;Регистрация;досье;13;AUTO
ОСЦ Воронеж;Вне подразделений;RG 0001 281 00 01;Регистрация по БП;Рег.;281;Регистрация;досье;0;AUTO
ОСЦ Воронеж;Архив №1 Воронеж;RG 0001 281 00 01;Регистрация по БП;Рег.;281;Регистрация;досье;0;AUTO
ОСЦ Воронеж;Архив №3 Калининград;RG 0001 281 00 01;Регистрация по БП;Рег.;281;Регистрация;досье;0;AUTO
ОСЦ Воронеж;Архив №4 Санкт-Петербург;RG 0001 281 00 01;Регистрация по БП;Рег.;281;Регистрация;досье;0;AUTO
ОСЦ Москва;Вне подразделений;RG 0001 281 00 01;Регистрация по БП;Рег.;281;Регистрация;досье;0;AUTO
ОСЦ Москва;Архив №1 Томилино;RG 0001 281 00 01;Регистрация по БП;Рег.;281;Регистрация;досье;0;AUTO
ОСЦ Нижний Новгород;Вне подразделений;RG 0001 281 00 01;Регистрация по БП;Рег.;281;Регистрация;досье;0;AUTO
ОСЦ Нижний Новгород;Архив №1 Нижний Новгород;RG 0001 281 00 01;Регистрация по БП;Рег.;281;Регистрация;досье;0;AUTO
ОСЦ Новосибирск;Вне подразделений;RG 0001 281 00 01;Регистрация по БП;Рег.;281;Регистрация;досье;0;AUTO
ОСЦ Новосибирск;Архив №1 Новосибирск;RG 0001 281 00 01;Регистрация по БП;Рег.;281;Регистрация;досье;0;AUTO
ОСЦ Новосибирск;Архив №3 Екатеринбург;RG 0001 281 00 01;Регистрация по БП;Рег.;281;Регистрация;досье;0;AUTO
ОСЦ Самара;Вне подразделений;RG 0001 281 00 01;Регистрация по БП;Рег.;281;Регистрация;досье;0;AUTO
ОСЦ Самара;Архив №1 Самара;RG 0001 281 00 01;Регистрация по БП;Рег.;281;Регистрация;досье;0;AUTO
ОСЦ Воронеж;Вне подразделений;RG 0001 293 00 01;Регистрация по БП;Рег.;293;Регистрация;досье;0;AUTO
ОСЦ Воронеж;Архив №1 Воронеж;RG 0001 293 00 01;Регистрация по БП;Рег.;293;Регистрация;досье;0;AUTO
ОСЦ Воронеж;Архив №3 Калининград;RG 0001 293 00 01;Регистрация по БП;Рег.;293;Регистрация;досье;0;AUTO
ОСЦ Воронеж;Архив №4 Санкт-Петербург;RG 0001 293 00 01;Регистрация по БП;Рег.;293;Регистрация;досье;0;AUTO
ОСЦ Москва;Вне подразделений;RG 0001 293 00 01;Регистрация по БП;Рег.;293;Регистрация;досье;0;AUTO
ОСЦ Москва;Архив №1 Томилино;RG 0001 293 00 01;Регистрация по БП;Рег.;293;Регистрация;досье;0;AUTO
ОСЦ Нижний Новгород;Вне подразделений;RG 0001 293 00 01;Регистрация по БП;Рег.;293;Регистрация;досье;0;AUTO
ОСЦ Нижний Новгород;Архив №1 Нижний Новгород;RG 0001 293 00 01;Регистрация по БП;Рег.;293;Регистрация;досье;0;AUTO
ОСЦ Новосибирск;Вне подразделений;RG 0001 293 00 01;Регистрация по БП;Рег.;293;Регистрация;досье;0;AUTO
ОСЦ Новосибирск;Архив №1 Новосибирск;RG 0001 293 00 01;Регистрация по БП;Рег.;293;Регистрация;досье;0;AUTO
ОСЦ Новосибирск;Архив №3 Екатеринбург;RG 0001 293 00 01;Регистрация по БП;Рег.;293;Регистрация;досье;0;AUTO
ОСЦ Самара;Вне подразделений;RG 0001 293 00 01;Регистрация по БП;Рег.;293;Регистрация;досье;0;AUTO
ОСЦ Самара;Архив №1 Самара;RG 0001 293 00 01;Регистрация по БП;Рег.;293;Регистрация;досье;0;AUTO
ОСЦ Воронеж;Вне подразделений;RG 0001 294 00 01;Регистрация по БП;Рег.;294;Регистрация;досье;0;AUTO
ОСЦ Воронеж;Архив №1 Воронеж;RG 0001 294 00 01;Регистрация по БП;Рег.;294;Регистрация;досье;0;AUTO
ОСЦ Воронеж;Архив №3 Калининград;RG 0001 294 00 01;Регистрация по БП;Рег.;294;Регистрация;досье;0;AUTO
ОСЦ Воронеж;Архив №4 Санкт-Петербург;RG 0001 294 00 01;Регистрация по БП;Рег.;294;Регистрация;досье;0;AUTO
ОСЦ Москва;Вне подразделений;RG 0001 294 00 01;Регистрация по БП;Рег.;294;Регистрация;досье;0;AUTO
ОСЦ Москва;Архив №1 Томилино;RG 0001 294 00 01;Регистрация по БП;Рег.;294;Регистрация;досье;0;AUTO
ОСЦ Нижний Новгород;Вне подразделений;RG 0001 294 00 01;Регистрация по БП;Рег.;294;Регистрация;досье;0;AUTO
ОСЦ Нижний Новгород;Архив №1 Нижний Новгород;RG 0001 294 00 01;Регистрация по БП;Рег.;294;Регистрация;досье;0;AUTO
ОСЦ Новосибирск;Вне подразделений;RG 0001 294 00 01;Регистрация по БП;Рег.;294;Регистрация;досье;0;AUTO
ОСЦ Новосибирск;Архив №1 Новосибирск;RG 0001 294 00 01;Регистрация по БП;Рег.;294;Регистрация;досье;0;AUTO
ОСЦ Новосибирск;Архив №3 Екатеринбург;RG 0001 294 00 01;Регистрация по БП;Рег.;294;Регистрация;досье;0;AUTO
ОСЦ Самара;Вне подразделений;RG 0001 294 00 01;Регистрация по БП;Рег.;294;Регистрация;досье;0;AUTO
ОСЦ Самара;Архив №1 Самара;RG 0001 294 00 01;Регистрация по БП;Рег.;294;Регистрация;досье;0;AUTO
ОСЦ Воронеж;Вне подразделений;RG 0001 295 00 01;Регистрация по БП;Рег.;295;Регистрация;досье;0;AUTO
ОСЦ Воронеж;Архив №1 Воронеж;RG 0001 295 00 01;Регистрация по БП;Рег.;295;Регистрация;досье;0;AUTO
ОСЦ Воронеж;Архив №3 Калининград;RG 0001 295 00 01;Регистрация по БП;Рег.;295;Регистрация;досье;0;AUTO
ОСЦ Воронеж;Архив №4 Санкт-Петербург;RG 0001 295 00 01;Регистрация по БП;Рег.;295;Регистрация;досье;0;AUTO
ОСЦ Москва;Вне подразделений;RG 0001 295 00 01;Регистрация по БП;Рег.;295;Регистрация;досье;0;AUTO
ОСЦ Москва;Архив №1 Томилино;RG 0001 295 00 01;Регистрация по БП;Рег.;295;Регистрация;досье;0;AUTO
ОСЦ Нижний Новгород;Вне подразделений;RG 0001 295 00 01;Регистрация по БП;Рег.;295;Регистрация;досье;0;AUTO
ОСЦ Нижний Новгород;Архив №1 Нижний Новгород;RG 0001 295 00 01;Регистрация по БП;Рег.;295;Регистрация;досье;0;AUTO
ОСЦ Новосибирск;Вне подразделений;RG 0001 295 00 01;Регистрация по БП;Рег.;295;Регистрация;досье;0;AUTO
ОСЦ Новосибирск;Архив №1 Новосибирск;RG 0001 295 00 01;Регистрация по БП;Рег.;295;Регистрация;досье;0;AUTO
ОСЦ Новосибирск;Архив №3 Екатеринбург;RG 0001 295 00 01;Регистрация по БП;Рег.;295;Регистрация;досье;0;AUTO
ОСЦ Самара;Вне подразделений;RG 0001 295 00 01;Регистрация по БП;Рег.;295;Регистрация;досье;0;AUTO
ОСЦ Самара;Архив №1 Самара;RG 0001 295 00 01;Регистрация по БП;Рег.;295;Регистрация;досье;0;AUTO
ОСЦ Воронеж;Вне подразделений;RG 0001 007 00 02;Регистрация по БП;ВСП;07;Регистрация;досье;0;AUTO
ОСЦ Воронеж;Архив №1 Воронеж;RG 0001 007 00 02;Регистрация по БП;ВСП;07;Регистрация;досье;36;AUTO
ОСЦ Воронеж;Архив №3 Калининград;RG 0001 007 00 02;Регистрация по БП;ВСП;07;Регистрация;досье;16,473;AUTO
ОСЦ Воронеж;Архив №4 Санкт-Петербург;RG 0001 007 00 02;Регистрация по БП;ВСП;07;Регистрация;досье;17,894;AUTO
ОСЦ Москва;Вне подразделений;RG 0001 007 00 02;Регистрация по БП;ВСП;07;Регистрация;досье;0;AUTO
ОСЦ Москва;Архив №1 Томилино;RG 0001 007 00 02;Регистрация по БП;ВСП;07;Регистрация;досье;18;AUTO
ОСЦ Нижний Новгород;Вне подразделений;RG 0001 007 00 02;Регистрация по БП;ВСП;07;Регистрация;досье;0;AUTO
ОСЦ Нижний Новгород;Архив №1 Нижний Новгород;RG 0001 007 00 02;Регистрация по БП;ВСП;07;Регистрация;досье;19;AUTO
ОСЦ Новосибирск;Вне подразделений;RG 0001 007 00 02;Регистрация по БП;ВСП;07;Регистрация;досье;0;AUTO
ОСЦ Новосибирск;Архив №1 Новосибирск;RG 0001 007 00 02;Регистрация по БП;ВСП;07;Регистрация;досье;16;AUTO
ОСЦ Новосибирск;Архив №3 Екатеринбург;RG 0001 007 00 02;Регистрация по БП;ВСП;07;Регистрация;досье;16;AUTO
ОСЦ Самара;Вне подразделений;RG 0001 007 00 02;Регистрация по БП;ВСП;07;Регистрация;досье;0;AUTO
ОСЦ Самара;Архив №1 Самара;RG 0001 007 00 02;Регистрация по БП;ВСП;07;Регистрация;досье;22;AUTO
ОСЦ Воронеж;Вне подразделений;RG 0001 058 00 02;Регистрация по БП;ВСП;58;Регистрация;досье;0;AUTO
ОСЦ Воронеж;Архив №1 Воронеж;RG 0001 058 00 02;Регистрация по БП;ВСП;58;Регистрация;досье;0;AUTO
ОСЦ Воронеж;Архив №3 Калининград;RG 0001 058 00 02;Регистрация по БП;ВСП;58;Регистрация;досье;0;AUTO
ОСЦ Воронеж;Архив №4 Санкт-Петербург;RG 0001 058 00 02;Регистрация по БП;ВСП;58;Регистрация;досье;18,149;AUTO
ОСЦ Москва;Вне подразделений;RG 0001 058 00 02;Регистрация по БП;ВСП;58;Регистрация;досье;0;AUTO
ОСЦ Москва;Архив №1 Томилино;RG 0001 058 00 02;Регистрация по БП;ВСП;58;Регистрация;досье;25;AUTO
ОСЦ Нижний Новгород;Вне подразделений;RG 0001 058 00 02;Регистрация по БП;ВСП;58;Регистрация;досье;0;AUTO
ОСЦ Нижний Новгород;Архив №1 Нижний Новгород;RG 0001 058 00 02;Регистрация по БП;ВСП;58;Регистрация;досье;0;AUTO
ОСЦ Новосибирск;Вне подразделений;RG 0001 058 00 02;Регистрация по БП;ВСП;58;Регистрация;досье;0;AUTO
ОСЦ Новосибирск;Архив №1 Новосибирск;RG 0001 058 00 02;Регистрация по БП;ВСП;58;Регистрация;досье;0;AUTO
ОСЦ Новосибирск;Архив №3 Екатеринбург;RG 0001 058 00 02;Регистрация по БП;ВСП;58;Регистрация;досье;0;AUTO
ОСЦ Самара;Вне подразделений;RG 0001 058 00 02;Регистрация по БП;ВСП;58;Регистрация;досье;0;AUTO
ОСЦ Самара;Архив №1 Самара;RG 0001 058 00 02;Регистрация по БП;ВСП;58;Регистрация;досье;0;AUTO
ОСЦ Воронеж;Вне подразделений;RG 0001 028 00 02;Регистрация по БП;ВСП;28;Регистрация;досье;0;AUTO
ОСЦ Воронеж;Архив №1 Воронеж;RG 0001 028 00 02;Регистрация по БП;ВСП;28;Регистрация;досье;0;AUTO
ОСЦ Воронеж;Архив №3 Калининград;RG 0001 028 00 02;Регистрация по БП;ВСП;28;Регистрация;досье;16,113;AUTO
ОСЦ Воронеж;Архив №4 Санкт-Петербург;RG 0001 028 00 02;Регистрация по БП;ВСП;28;Регистрация;досье;15;AUTO
ОСЦ Москва;Вне подразделений;RG 0001 028 00 02;Регистрация по БП;ВСП;28;Регистрация;досье;0;AUTO
ОСЦ Москва;Архив №1 Томилино;RG 0001 028 00 02;Регистрация по БП;ВСП;28;Регистрация;досье;18;AUTO
ОСЦ Нижний Новгород;Вне подразделений;RG 0001 028 00 02;Регистрация по БП;ВСП;28;Регистрация;досье;0;AUTO
ОСЦ Нижний Новгород;Архив №1 Нижний Новгород;RG 0001 028 00 02;Регистрация по БП;ВСП;28;Регистрация;досье;18,559;AUTO
ОСЦ Новосибирск;Вне подразделений;RG 0001 028 00 02;Регистрация по БП;ВСП;28;Регистрация;досье;0;AUTO
ОСЦ Новосибирск;Архив №1 Новосибирск;RG 0001 028 00 02;Регистрация по БП;ВСП;28;Регистрация;досье;19,1;AUTO
ОСЦ Новосибирск;Архив №3 Екатеринбург;RG 0001 028 00 02;Регистрация по БП;ВСП;28;Регистрация;досье;18,567;AUTO
ОСЦ Самара;Вне подразделений;RG 0001 028 00 02;Регистрация по БП;ВСП;28;Регистрация;досье;0;AUTO
ОСЦ Самара;Архив №1 Самара;RG 0001 028 00 02;Регистрация по БП;ВСП;28;Регистрация;досье;17,3;AUTO
ОСЦ Воронеж;Вне подразделений;RG 0001 019 00 02;Регистрация по БП;ВСП;19;Регистрация;досье;0;AUTO
ОСЦ Воронеж;Архив №1 Воронеж;RG 0001 019 00 02;Регистрация по БП;ВСП;19;Регистрация;досье;67;AUTO
ОСЦ Воронеж;Архив №3 Калининград;RG 0001 019 00 02;Регистрация по БП;ВСП;19;Регистрация;досье;0;AUTO
ОСЦ Воронеж;Архив №4 Санкт-Петербург;RG 0001 019 00 02;Регистрация по БП;ВСП;19;Регистрация;досье;57,9;AUTO
ОСЦ Москва;Вне подразделений;RG 0001 019 00 02;Регистрация по БП;ВСП;19;Регистрация;досье;0;AUTO
ОСЦ Москва;Архив №1 Томилино;RG 0001 019 00 02;Регистрация по БП;ВСП;19;Регистрация;досье;63,397;AUTO
ОСЦ Нижний Новгород;Вне подразделений;RG 0001 019 00 02;Регистрация по БП;ВСП;19;Регистрация;досье;0;AUTO
ОСЦ Нижний Новгород;Архив №1 Нижний Новгород;RG 0001 019 00 02;Регистрация по БП;ВСП;19;Регистрация;досье;64;AUTO
ОСЦ Новосибирск;Вне подразделений;RG 0001 019 00 02;Регистрация по БП;ВСП;19;Регистрация;досье;0;AUTO
ОСЦ Новосибирск;Архив №1 Новосибирск;RG 0001 019 00 02;Регистрация по БП;ВСП;19;Регистрация;досье;62,767;AUTO
ОСЦ Новосибирск;Архив №3 Екатеринбург;RG 0001 019 00 02;Регистрация по БП;ВСП;19;Регистрация;досье;67,033;AUTO
ОСЦ Самара;Вне подразделений;RG 0001 019 00 02;Регистрация по БП;ВСП;19;Регистрация;досье;0;AUTO
ОСЦ Самара;Архив №1 Самара;RG 0001 019 00 02;Регистрация по БП;ВСП;19;Регистрация;досье;70;AUTO
ОСЦ Воронеж;Вне подразделений;RG 0001 243 00 02;Регистрация по БП;ВСП;243;Регистрация;досье;0;AUTO
ОСЦ Воронеж;Архив №1 Воронеж;RG 0001 243 00 02;Регистрация по БП;ВСП;243;Регистрация;досье;94,1;AUTO
ОСЦ Воронеж;Архив №3 Калининград;RG 0001 243 00 02;Регистрация по БП;ВСП;243;Регистрация;досье;0;AUTO
ОСЦ Воронеж;Архив №4 Санкт-Петербург;RG 0001 243 00 02;Регистрация по БП;ВСП;243;Регистрация;досье;86;AUTO
ОСЦ Москва;Вне подразделений;RG 0001 243 00 02;Регистрация по БП;ВСП;243;Регистрация;досье;0;AUTO
ОСЦ Москва;Архив №1 Томилино;RG 0001 243 00 02;Регистрация по БП;ВСП;243;Регистрация;досье;86;AUTO
ОСЦ Нижний Новгород;Вне подразделений;RG 0001 243 00 02;Регистрация по БП;ВСП;243;Регистрация;досье;0;AUTO
ОСЦ Нижний Новгород;Архив №1 Нижний Новгород;RG 0001 243 00 02;Регистрация по БП;ВСП;243;Регистрация;досье;87;AUTO
ОСЦ Новосибирск;Вне подразделений;RG 0001 243 00 02;Регистрация по БП;ВСП;243;Регистрация;досье;0;AUTO
ОСЦ Новосибирск;Архив №1 Новосибирск;RG 0001 243 00 02;Регистрация по БП;ВСП;243;Регистрация;досье;87,833;AUTO
ОСЦ Новосибирск;Архив №3 Екатеринбург;RG 0001 243 00 02;Регистрация по БП;ВСП;243;Регистрация;досье;93,567;AUTO
ОСЦ Самара;Вне подразделений;RG 0001 243 00 02;Регистрация по БП;ВСП;243;Регистрация;досье;0;AUTO
ОСЦ Самара;Архив №1 Самара;RG 0001 243 00 02;Регистрация по БП;ВСП;243;Регистрация;досье;92,832;AUTO
ОСЦ Воронеж;Вне подразделений;RG 0001 016 00 02;Регистрация по БП;ВСП;16;Регистрация;досье;0;AUTO
ОСЦ Воронеж;Архив №1 Воронеж;RG 0001 016 00 02;Регистрация по БП;ВСП;16;Регистрация;досье;0;AUTO
ОСЦ Воронеж;Архив №3 Калининград;RG 0001 016 00 02;Регистрация по БП;ВСП;16;Регистрация;досье;11,929;AUTO
ОСЦ Воронеж;Архив №4 Санкт-Петербург;RG 0001 016 00 02;Регистрация по БП;ВСП;16;Регистрация;досье;0;AUTO
ОСЦ Москва;Вне подразделений;RG 0001 016 00 02;Регистрация по БП;ВСП;16;Регистрация;досье;0;AUTO
ОСЦ Москва;Архив №1 Томилино;RG 0001 016 00 02;Регистрация по БП;ВСП;16;Регистрация;досье;0;AUTO
ОСЦ Нижний Новгород;Вне подразделений;RG 0001 016 00 02;Регистрация по БП;ВСП;16;Регистрация;досье;0;AUTO
ОСЦ Нижний Новгород;Архив №1 Нижний Новгород;RG 0001 016 00 02;Регистрация по БП;ВСП;16;Регистрация;досье;0;AUTO
ОСЦ Новосибирск;Вне подразделений;RG 0001 016 00 02;Регистрация по БП;ВСП;16;Регистрация;досье;0;AUTO
ОСЦ Новосибирск;Архив №1 Новосибирск;RG 0001 016 00 02;Регистрация по БП;ВСП;16;Регистрация;досье;11,123;AUTO
ОСЦ Новосибирск;Архив №3 Екатеринбург;RG 0001 016 00 02;Регистрация по БП;ВСП;16;Регистрация;досье;0;AUTO
ОСЦ Самара;Вне подразделений;RG 0001 016 00 02;Регистрация по БП;ВСП;16;Регистрация;досье;0;AUTO
ОСЦ Самара;Архив №1 Самара;RG 0001 016 00 02;Регистрация по БП;ВСП;16;Регистрация;досье;0;AUTO
ОСЦ Воронеж;Вне подразделений;RG 0001 027 00 02;Регистрация по БП;ВСП;27;Регистрация;досье;0;AUTO
ОСЦ Воронеж;Архив №1 Воронеж;RG 0001 027 00 02;Регистрация по БП;ВСП;27;Регистрация;досье;19;AUTO
ОСЦ Воронеж;Архив №3 Калининград;RG 0001 027 00 02;Регистрация по БП;ВСП;27;Регистрация;досье;20,367;AUTO
ОСЦ Воронеж;Архив №4 Санкт-Петербург;RG 0001 027 00 02;Регистрация по БП;ВСП;27;Регистрация;досье;18,219;AUTO
ОСЦ Москва;Вне подразделений;RG 0001 027 00 02;Регистрация по БП;ВСП;27;Регистрация;досье;0;AUTO
ОСЦ Москва;Архив №1 Томилино;RG 0001 027 00 02;Регистрация по БП;ВСП;27;Регистрация;досье;19;AUTO
ОСЦ Нижний Новгород;Вне подразделений;RG 0001 027 00 02;Регистрация по БП;ВСП;27;Регистрация;досье;0;AUTO
ОСЦ Нижний Новгород;Архив №1 Нижний Новгород;RG 0001 027 00 02;Регистрация по БП;ВСП;27;Регистрация;досье;19,908;AUTO
ОСЦ Новосибирск;Вне подразделений;RG 0001 027 00 02;Регистрация по БП;ВСП;27;Регистрация;досье;0;AUTO
ОСЦ Новосибирск;Архив №1 Новосибирск;RG 0001 027 00 02;Регистрация по БП;ВСП;27;Регистрация;досье;17,978;AUTO
ОСЦ Новосибирск;Архив №3 Екатеринбург;RG 0001 027 00 02;Регистрация по БП;ВСП;27;Регистрация;досье;19,6;AUTO
ОСЦ Самара;Вне подразделений;RG 0001 027 00 02;Регистрация по БП;ВСП;27;Регистрация;досье;0;AUTO
ОСЦ Самара;Архив №1 Самара;RG 0001 027 00 02;Регистрация по БП;ВСП;27;Регистрация;досье;19;AUTO
ОСЦ Воронеж;Вне подразделений;RG 0001 035 00 02;Регистрация по БП;ВСП;35;Регистрация;досье;0;AUTO
ОСЦ Воронеж;Архив №1 Воронеж;RG 0001 035 00 02;Регистрация по БП;ВСП;35;Регистрация;досье;18;AUTO
ОСЦ Воронеж;Архив №3 Калининград;RG 0001 035 00 02;Регистрация по БП;ВСП;35;Регистрация;досье;18,167;AUTO
ОСЦ Воронеж;Архив №4 Санкт-Петербург;RG 0001 035 00 02;Регистрация по БП;ВСП;35;Регистрация;досье;18,219;AUTO
ОСЦ Москва;Вне подразделений;RG 0001 035 00 02;Регистрация по БП;ВСП;35;Регистрация;досье;0;AUTO
ОСЦ Москва;Архив №1 Томилино;RG 0001 035 00 02;Регистрация по БП;ВСП;35;Регистрация;досье;17,358;AUTO
ОСЦ Нижний Новгород;Вне подразделений;RG 0001 035 00 02;Регистрация по БП;ВСП;35;Регистрация;досье;0;AUTO
ОСЦ Нижний Новгород;Архив №1 Нижний Новгород;RG 0001 035 00 02;Регистрация по БП;ВСП;35;Регистрация;досье;18,649;AUTO
ОСЦ Новосибирск;Вне подразделений;RG 0001 035 00 02;Регистрация по БП;ВСП;35;Регистрация;досье;0;AUTO
ОСЦ Новосибирск;Архив №1 Новосибирск;RG 0001 035 00 02;Регистрация по БП;ВСП;35;Регистрация;досье;17,05;AUTO
ОСЦ Новосибирск;Архив №3 Екатеринбург;RG 0001 035 00 02;Регистрация по БП;ВСП;35;Регистрация;досье;18,5;AUTO
ОСЦ Самара;Вне подразделений;RG 0001 035 00 02;Регистрация по БП;ВСП;35;Регистрация;досье;0;AUTO
ОСЦ Самара;Архив №1 Самара;RG 0001 035 00 02;Регистрация по БП;ВСП;35;Регистрация;досье;17;AUTO
ОСЦ Воронеж;Вне подразделений;RG 0001 005 00 02;Регистрация по БП;ВСП;05;Регистрация;досье;0;AUTO
ОСЦ Воронеж;Архив №1 Воронеж;RG 0001 005 00 02;Регистрация по БП;ВСП;05;Регистрация;досье;36;AUTO
ОСЦ Воронеж;Архив №3 Калининград;RG 0001 005 00 02;Регистрация по БП;ВСП;05;Регистрация;досье;23,273;AUTO
ОСЦ Воронеж;Архив №4 Санкт-Петербург;RG 0001 005 00 02;Регистрация по БП;ВСП;05;Регистрация;досье;35;AUTO
ОСЦ Москва;Вне подразделений;RG 0001 005 00 02;Регистрация по БП;ВСП;05;Регистрация;досье;0;AUTO
ОСЦ Москва;Архив №1 Томилино;RG 0001 005 00 02;Регистрация по БП;ВСП;05;Регистрация;досье;21;AUTO
ОСЦ Нижний Новгород;Вне подразделений;RG 0001 005 00 02;Регистрация по БП;ВСП;05;Регистрация;досье;0;AUTO
ОСЦ Нижний Новгород;Архив №1 Нижний Новгород;RG 0001 005 00 02;Регистрация по БП;ВСП;05;Регистрация;досье;27;AUTO
ОСЦ Новосибирск;Вне подразделений;RG 0001 005 00 02;Регистрация по БП;ВСП;05;Регистрация;досье;0;AUTO
ОСЦ Новосибирск;Архив №1 Новосибирск;RG 0001 005 00 02;Регистрация по БП;ВСП;05;Регистрация;досье;25,3;AUTO
ОСЦ Новосибирск;Архив №3 Екатеринбург;RG 0001 005 00 02;Регистрация по БП;ВСП;05;Регистрация;досье;28,967;AUTO
ОСЦ Самара;Вне подразделений;RG 0001 005 00 02;Регистрация по БП;ВСП;05;Регистрация;досье;0;AUTO
ОСЦ Самара;Архив №1 Самара;RG 0001 005 00 02;Регистрация по БП;ВСП;05;Регистрация;досье;33;AUTO
ОСЦ Воронеж;Вне подразделений;RG 0001 201 00 02;Регистрация по БП;ВСП;201;Регистрация;досье;0;AUTO
ОСЦ Воронеж;Архив №1 Воронеж;RG 0001 201 00 02;Регистрация по БП;ВСП;201;Регистрация;досье;45;AUTO
ОСЦ Воронеж;Архив №3 Калининград;RG 0001 201 00 02;Регистрация по БП;ВСП;201;Регистрация;досье;53,548;AUTO
ОСЦ Воронеж;Архив №4 Санкт-Петербург;RG 0001 201 00 02;Регистрация по БП;ВСП;201;Регистрация;досье;30,3;AUTO
ОСЦ Москва;Вне подразделений;RG 0001 201 00 02;Регистрация по БП;ВСП;201;Регистрация;досье;0;AUTO
ОСЦ Москва;Архив №1 Томилино;RG 0001 201 00 02;Регистрация по БП;ВСП;201;Регистрация;досье;44;AUTO
ОСЦ Нижний Новгород;Вне подразделений;RG 0001 201 00 02;Регистрация по БП;ВСП;201;Регистрация;досье;0;AUTO
ОСЦ Нижний Новгород;Архив №1 Нижний Новгород;RG 0001 201 00 02;Регистрация по БП;ВСП;201;Регистрация;досье;100;AUTO
ОСЦ Новосибирск;Вне подразделений;RG 0001 201 00 02;Регистрация по БП;ВСП;201;Регистрация;досье;0;AUTO
ОСЦ Новосибирск;Архив №1 Новосибирск;RG 0001 201 00 02;Регистрация по БП;ВСП;201;Регистрация;досье;40,325;AUTO
ОСЦ Новосибирск;Архив №3 Екатеринбург;RG 0001 201 00 02;Регистрация по БП;ВСП;201;Регистрация;досье;39,977;AUTO
ОСЦ Самара;Вне подразделений;RG 0001 201 00 02;Регистрация по БП;ВСП;201;Регистрация;досье;0;AUTO
ОСЦ Самара;Архив №1 Самара;RG 0001 201 00 02;Регистрация по БП;ВСП;201;Регистрация;досье;43;AUTO
ОСЦ Воронеж;Вне подразделений;RG 0001 048 00 02;Регистрация по БП;ВСП;48;Регистрация;досье;0;AUTO
ОСЦ Воронеж;Архив №1 Воронеж;RG 0001 048 00 02;Регистрация по БП;ВСП;48;Регистрация;досье;28;AUTO
ОСЦ Воронеж;Архив №3 Калининград;RG 0001 048 00 02;Регистрация по БП;ВСП;48;Регистрация;досье;28,567;AUTO
ОСЦ Воронеж;Архив №4 Санкт-Петербург;RG 0001 048 00 02;Регистрация по БП;ВСП;48;Регистрация;досье;15,004;AUTO
ОСЦ Москва;Вне подразделений;RG 0001 048 00 02;Регистрация по БП;ВСП;48;Регистрация;досье;0;AUTO
ОСЦ Москва;Архив №1 Томилино;RG 0001 048 00 02;Регистрация по БП;ВСП;48;Регистрация;досье;30;AUTO
ОСЦ Нижний Новгород;Вне подразделений;RG 0001 048 00 02;Регистрация по БП;ВСП;48;Регистрация;досье;0;AUTO
ОСЦ Нижний Новгород;Архив №1 Нижний Новгород;RG 0001 048 00 02;Регистрация по БП;ВСП;48;Регистрация;досье;51;AUTO
ОСЦ Новосибирск;Вне подразделений;RG 0001 048 00 02;Регистрация по БП;ВСП;48;Регистрация;досье;0;AUTO
ОСЦ Новосибирск;Архив №1 Новосибирск;RG 0001 048 00 02;Регистрация по БП;ВСП;48;Регистрация;досье;18,817;AUTO
ОСЦ Новосибирск;Архив №3 Екатеринбург;RG 0001 048 00 02;Регистрация по БП;ВСП;48;Регистрация;досье;19,184;AUTO
ОСЦ Самара;Вне подразделений;RG 0001 048 00 02;Регистрация по БП;ВСП;48;Регистрация;досье;0;AUTO
ОСЦ Самара;Архив №1 Самара;RG 0001 048 00 02;Регистрация по БП;ВСП;48;Регистрация;досье;32;AUTO
ОСЦ Воронеж;Вне подразделений;RG 0001 049 00 02;Регистрация по БП;ВСП;49;Регистрация;досье;0;AUTO
ОСЦ Воронеж;Архив №1 Воронеж;RG 0001 049 00 02;Регистрация по БП;ВСП;49;Регистрация;досье;30;AUTO
ОСЦ Воронеж;Архив №3 Калининград;RG 0001 049 00 02;Регистрация по БП;ВСП;49;Регистрация;досье;28,533;AUTO
ОСЦ Воронеж;Архив №4 Санкт-Петербург;RG 0001 049 00 02;Регистрация по БП;ВСП;49;Регистрация;досье;17,199;AUTO
ОСЦ Москва;Вне подразделений;RG 0001 049 00 02;Регистрация по БП;ВСП;49;Регистрация;досье;0;AUTO
ОСЦ Москва;Архив №1 Томилино;RG 0001 049 00 02;Регистрация по БП;ВСП;49;Регистрация;досье;30;AUTO
ОСЦ Нижний Новгород;Вне подразделений;RG 0001 049 00 02;Регистрация по БП;ВСП;49;Регистрация;досье;0;AUTO
ОСЦ Нижний Новгород;Архив №1 Нижний Новгород;RG 0001 049 00 02;Регистрация по БП;ВСП;49;Регистрация;досье;37;AUTO
ОСЦ Новосибирск;Вне подразделений;RG 0001 049 00 02;Регистрация по БП;ВСП;49;Регистрация;досье;0;AUTO
ОСЦ Новосибирск;Архив №1 Новосибирск;RG 0001 049 00 02;Регистрация по БП;ВСП;49;Регистрация;досье;22,516;AUTO
ОСЦ Новосибирск;Архив №3 Екатеринбург;RG 0001 049 00 02;Регистрация по БП;ВСП;49;Регистрация;досье;22,433;AUTO
ОСЦ Самара;Вне подразделений;RG 0001 049 00 02;Регистрация по БП;ВСП;49;Регистрация;досье;0;AUTO
ОСЦ Самара;Архив №1 Самара;RG 0001 049 00 02;Регистрация по БП;ВСП;49;Регистрация;досье;33;AUTO
ОСЦ Воронеж;Вне подразделений;RG 0001 050 00 02;Регистрация по БП;ВСП;50;Регистрация;досье;0;AUTO
ОСЦ Воронеж;Архив №1 Воронеж;RG 0001 050 00 02;Регистрация по БП;ВСП;50;Регистрация;досье;33,313;AUTO
ОСЦ Воронеж;Архив №3 Калининград;RG 0001 050 00 02;Регистрация по БП;ВСП;50;Регистрация;досье;29,733;AUTO
ОСЦ Воронеж;Архив №4 Санкт-Петербург;RG 0001 050 00 02;Регистрация по БП;ВСП;50;Регистрация;досье;32,481;AUTO
ОСЦ Москва;Вне подразделений;RG 0001 050 00 02;Регистрация по БП;ВСП;50;Регистрация;досье;0;AUTO
ОСЦ Москва;Архив №1 Томилино;RG 0001 050 00 02;Регистрация по БП;ВСП;50;Регистрация;досье;34,686;AUTO
ОСЦ Нижний Новгород;Вне подразделений;RG 0001 050 00 02;Регистрация по БП;ВСП;50;Регистрация;досье;0;AUTO
ОСЦ Нижний Новгород;Архив №1 Нижний Новгород;RG 0001 050 00 02;Регистрация по БП;ВСП;50;Регистрация;досье;34,776;AUTO
ОСЦ Новосибирск;Вне подразделений;RG 0001 050 00 02;Регистрация по БП;ВСП;50;Регистрация;досье;0;AUTO
ОСЦ Новосибирск;Архив №1 Новосибирск;RG 0001 050 00 02;Регистрация по БП;ВСП;50;Регистрация;досье;33,7;AUTO
ОСЦ Новосибирск;Архив №3 Екатеринбург;RG 0001 050 00 02;Регистрация по БП;ВСП;50;Регистрация;досье;31,767;AUTO
ОСЦ Самара;Вне подразделений;RG 0001 050 00 02;Регистрация по БП;ВСП;50;Регистрация;досье;0;AUTO
ОСЦ Самара;Архив №1 Самара;RG 0001 050 00 02;Регистрация по БП;ВСП;50;Регистрация;досье;32,116;AUTO
ОСЦ Воронеж;Вне подразделений;RG 0001 248 00 02;Регистрация по БП;ВСП;248;Регистрация;досье;0;AUTO
ОСЦ Воронеж;Архив №1 Воронеж;RG 0001 248 00 02;Регистрация по БП;ВСП;248;Регистрация;досье;0;AUTO
ОСЦ Воронеж;Архив №3 Калининград;RG 0001 248 00 02;Регистрация по БП;ВСП;248;Регистрация;досье;0;AUTO
ОСЦ Воронеж;Архив №4 Санкт-Петербург;RG 0001 248 00 02;Регистрация по БП;ВСП;248;Регистрация;досье;0;AUTO
ОСЦ Москва;Вне подразделений;RG 0001 248 00 02;Регистрация по БП;ВСП;248;Регистрация;досье;0;AUTO
ОСЦ Москва;Архив №1 Томилино;RG 0001 248 00 02;Регистрация по БП;ВСП;248;Регистрация;досье;0;AUTO
ОСЦ Нижний Новгород;Вне подразделений;RG 0001 248 00 02;Регистрация по БП;ВСП;248;Регистрация;досье;0;AUTO
ОСЦ Нижний Новгород;Архив №1 Нижний Новгород;RG 0001 248 00 02;Регистрация по БП;ВСП;248;Регистрация;досье;0;AUTO
ОСЦ Новосибирск;Вне подразделений;RG 0001 248 00 02;Регистрация по БП;ВСП;248;Регистрация;досье;0;AUTO
ОСЦ Новосибирск;Архив №1 Новосибирск;RG 0001 248 00 02;Регистрация по БП;ВСП;248;Регистрация;досье;0;AUTO
ОСЦ Новосибирск;Архив №3 Екатеринбург;RG 0001 248 00 02;Регистрация по БП;ВСП;248;Регистрация;досье;0;AUTO
ОСЦ Самара;Вне подразделений;RG 0001 248 00 02;Регистрация по БП;ВСП;248;Регистрация;досье;0;AUTO
ОСЦ Самара;Архив №1 Самара;RG 0001 248 00 02;Регистрация по БП;ВСП;248;Регистрация;досье;0;AUTO
ОСЦ Воронеж;Вне подразделений;RG 0001 200 00 02;Регистрация по БП;ВСП;200;Регистрация;досье;0;AUTO
ОСЦ Воронеж;Архив №1 Воронеж;RG 0001 200 00 02;Регистрация по БП;ВСП;200;Регистрация;досье;31;AUTO
ОСЦ Воронеж;Архив №3 Калининград;RG 0001 200 00 02;Регистрация по БП;ВСП;200;Регистрация;досье;29,733;AUTO
ОСЦ Воронеж;Архив №4 Санкт-Петербург;RG 0001 200 00 02;Регистрация по БП;ВСП;200;Регистрация;досье;20,4;AUTO
ОСЦ Москва;Вне подразделений;RG 0001 200 00 02;Регистрация по БП;ВСП;200;Регистрация;досье;0;AUTO
ОСЦ Москва;Архив №1 Томилино;RG 0001 200 00 02;Регистрация по БП;ВСП;200;Регистрация;досье;25;AUTO
ОСЦ Нижний Новгород;Вне подразделений;RG 0001 200 00 02;Регистрация по БП;ВСП;200;Регистрация;досье;0;AUTO
ОСЦ Нижний Новгород;Архив №1 Нижний Новгород;RG 0001 200 00 02;Регистрация по БП;ВСП;200;Регистрация;досье;29;AUTO
ОСЦ Новосибирск;Вне подразделений;RG 0001 200 00 02;Регистрация по БП;ВСП;200;Регистрация;досье;0;AUTO
ОСЦ Новосибирск;Архив №1 Новосибирск;RG 0001 200 00 02;Регистрация по БП;ВСП;200;Регистрация;досье;21,35;AUTO
ОСЦ Новосибирск;Архив №3 Екатеринбург;RG 0001 200 00 02;Регистрация по БП;ВСП;200;Регистрация;досье;21,376;AUTO
ОСЦ Самара;Вне подразделений;RG 0001 200 00 02;Регистрация по БП;ВСП;200;Регистрация;досье;0;AUTO
ОСЦ Самара;Архив №1 Самара;RG 0001 200 00 02;Регистрация по БП;ВСП;200;Регистрация;досье;30;AUTO
ОСЦ Воронеж;Вне подразделений;RG 0001 046 00 02;Регистрация по БП;ВСП;46;Регистрация;досье;0;AUTO
ОСЦ Воронеж;Архив №1 Воронеж;RG 0001 046 00 02;Регистрация по БП;ВСП;46;Регистрация;досье;29,319;AUTO
ОСЦ Воронеж;Архив №3 Калининград;RG 0001 046 00 02;Регистрация по БП;ВСП;46;Регистрация;досье;28,377;AUTO
ОСЦ Воронеж;Архив №4 Санкт-Петербург;RG 0001 046 00 02;Регистрация по БП;ВСП;46;Регистрация;досье;28,145;AUTO
ОСЦ Москва;Вне подразделений;RG 0001 046 00 02;Регистрация по БП;ВСП;46;Регистрация;досье;0;AUTO
ОСЦ Москва;Архив №1 Томилино;RG 0001 046 00 02;Регистрация по БП;ВСП;46;Регистрация;досье;27,412;AUTO
ОСЦ Нижний Новгород;Вне подразделений;RG 0001 046 00 02;Регистрация по БП;ВСП;46;Регистрация;досье;0;AUTO
ОСЦ Нижний Новгород;Архив №1 Нижний Новгород;RG 0001 046 00 02;Регистрация по БП;ВСП;46;Регистрация;досье;29,104;AUTO
ОСЦ Новосибирск;Вне подразделений;RG 0001 046 00 02;Регистрация по БП;ВСП;46;Регистрация;досье;0;AUTO
ОСЦ Новосибирск;Архив №1 Новосибирск;RG 0001 046 00 02;Регистрация по БП;ВСП;46;Регистрация;досье;29,3;AUTO
ОСЦ Новосибирск;Архив №3 Екатеринбург;RG 0001 046 00 02;Регистрация по БП;ВСП;46;Регистрация;досье;29,333;AUTO
ОСЦ Самара;Вне подразделений;RG 0001 046 00 02;Регистрация по БП;ВСП;46;Регистрация;досье;0;AUTO
ОСЦ Самара;Архив №1 Самара;RG 0001 046 00 02;Регистрация по БП;ВСП;46;Регистрация;досье;29,884;AUTO
ОСЦ Воронеж;Вне подразделений;RG 0001 047 00 02;Регистрация по БП;ВСП;47;Регистрация;досье;0;AUTO
ОСЦ Воронеж;Архив №1 Воронеж;RG 0001 047 00 02;Регистрация по БП;ВСП;47;Регистрация;досье;33,551;AUTO
ОСЦ Воронеж;Архив №3 Калининград;RG 0001 047 00 02;Регистрация по БП;ВСП;47;Регистрация;досье;31,065;AUTO
ОСЦ Воронеж;Архив №4 Санкт-Петербург;RG 0001 047 00 02;Регистрация по БП;ВСП;47;Регистрация;досье;33,233;AUTO
ОСЦ Москва;Вне подразделений;RG 0001 047 00 02;Регистрация по БП;ВСП;47;Регистрация;досье;0;AUTO
ОСЦ Москва;Архив №1 Томилино;RG 0001 047 00 02;Регистрация по БП;ВСП;47;Регистрация;досье;34,686;AUTO
ОСЦ Нижний Новгород;Вне подразделений;RG 0001 047 00 02;Регистрация по БП;ВСП;47;Регистрация;досье;0;AUTO
ОСЦ Нижний Новгород;Архив №1 Нижний Новгород;RG 0001 047 00 02;Регистрация по БП;ВСП;47;Регистрация;досье;33,858;AUTO
ОСЦ Новосибирск;Вне подразделений;RG 0001 047 00 02;Регистрация по БП;ВСП;47;Регистрация;досье;0;AUTO
ОСЦ Новосибирск;Архив №1 Новосибирск;RG 0001 047 00 02;Регистрация по БП;ВСП;47;Регистрация;досье;32,233;AUTO
ОСЦ Новосибирск;Архив №3 Екатеринбург;RG 0001 047 00 02;Регистрация по БП;ВСП;47;Регистрация;досье;34,733;AUTO
ОСЦ Самара;Вне подразделений;RG 0001 047 00 02;Регистрация по БП;ВСП;47;Регистрация;досье;0;AUTO
ОСЦ Самара;Архив №1 Самара;RG 0001 047 00 02;Регистрация по БП;ВСП;47;Регистрация;досье;31,093;AUTO
ОСЦ Воронеж;Вне подразделений;RG 0001 232 00 02;Регистрация по БП;ВСП;232;Регистрация;досье;0;AUTO
ОСЦ Воронеж;Архив №1 Воронеж;RG 0001 232 00 02;Регистрация по БП;ВСП;232;Регистрация;досье;28,184;AUTO
ОСЦ Воронеж;Архив №3 Калининград;RG 0001 232 00 02;Регистрация по БП;ВСП;232;Регистрация;досье;28,567;AUTO
ОСЦ Воронеж;Архив №4 Санкт-Петербург;RG 0001 232 00 02;Регистрация по БП;ВСП;232;Регистрация;досье;28,1;AUTO
ОСЦ Москва;Вне подразделений;RG 0001 232 00 02;Регистрация по БП;ВСП;232;Регистрация;досье;0;AUTO
ОСЦ Москва;Архив №1 Томилино;RG 0001 232 00 02;Регистрация по БП;ВСП;232;Регистрация;досье;27,833;AUTO
ОСЦ Нижний Новгород;Вне подразделений;RG 0001 232 00 02;Регистрация по БП;ВСП;232;Регистрация;досье;0;AUTO
ОСЦ Нижний Новгород;Архив №1 Нижний Новгород;RG 0001 232 00 02;Регистрация по БП;ВСП;232;Регистрация;досье;27,049;AUTO
ОСЦ Новосибирск;Вне подразделений;RG 0001 232 00 02;Регистрация по БП;ВСП;232;Регистрация;досье;0;AUTO
ОСЦ Новосибирск;Архив №1 Новосибирск;RG 0001 232 00 02;Регистрация по БП;ВСП;232;Регистрация;досье;29,237;AUTO
ОСЦ Новосибирск;Архив №3 Екатеринбург;RG 0001 232 00 02;Регистрация по БП;ВСП;232;Регистрация;досье;27,722;AUTO
ОСЦ Самара;Вне подразделений;RG 0001 232 00 02;Регистрация по БП;ВСП;232;Регистрация;досье;0;AUTO
ОСЦ Самара;Архив №1 Самара;RG 0001 232 00 02;Регистрация по БП;ВСП;232;Регистрация;досье;27,262;AUTO
ОСЦ Воронеж;Вне подразделений;RG 0001 263 00 02;Регистрация по БП;ВСП;263;Регистрация;досье;0;AUTO
ОСЦ Воронеж;Архив №1 Воронеж;RG 0001 263 00 02;Регистрация по БП;ВСП;263;Регистрация;досье;0;AUTO
ОСЦ Воронеж;Архив №3 Калининград;RG 0001 263 00 02;Регистрация по БП;ВСП;263;Регистрация;досье;0;AUTO
ОСЦ Воронеж;Архив №4 Санкт-Петербург;RG 0001 263 00 02;Регистрация по БП;ВСП;263;Регистрация;досье;0;AUTO
ОСЦ Москва;Вне подразделений;RG 0001 263 00 02;Регистрация по БП;ВСП;263;Регистрация;досье;0;AUTO
ОСЦ Москва;Архив №1 Томилино;RG 0001 263 00 02;Регистрация по БП;ВСП;263;Регистрация;досье;0;AUTO
ОСЦ Нижний Новгород;Вне подразделений;RG 0001 263 00 02;Регистрация по БП;ВСП;263;Регистрация;досье;0;AUTO
ОСЦ Нижний Новгород;Архив №1 Нижний Новгород;RG 0001 263 00 02;Регистрация по БП;ВСП;263;Регистрация;досье;0;AUTO
ОСЦ Новосибирск;Вне подразделений;RG 0001 263 00 02;Регистрация по БП;ВСП;263;Регистрация;досье;0;AUTO
ОСЦ Новосибирск;Архив №1 Новосибирск;RG 0001 263 00 02;Регистрация по БП;ВСП;263;Регистрация;досье;0;AUTO
ОСЦ Новосибирск;Архив №3 Екатеринбург;RG 0001 263 00 02;Регистрация по БП;ВСП;263;Регистрация;досье;0;AUTO
ОСЦ Самара;Вне подразделений;RG 0001 263 00 02;Регистрация по БП;ВСП;263;Регистрация;досье;0;AUTO
ОСЦ Самара;Архив №1 Самара;RG 0001 263 00 02;Регистрация по БП;ВСП;263;Регистрация;досье;0;AUTO
ОСЦ Воронеж;Вне подразделений;RG 0001 099 00 02;Регистрация по БП;ВСП;99;Регистрация;досье;0;AUTO
ОСЦ Воронеж;Архив №1 Воронеж;RG 0001 099 00 02;Регистрация по БП;ВСП;99;Регистрация;досье;0;AUTO
ОСЦ Воронеж;Архив №3 Калининград;RG 0001 099 00 02;Регистрация по БП;ВСП;99;Регистрация;досье;0;AUTO
ОСЦ Воронеж;Архив №4 Санкт-Петербург;RG 0001 099 00 02;Регистрация по БП;ВСП;99;Регистрация;досье;0;AUTO
ОСЦ Москва;Вне подразделений;RG 0001 099 00 02;Регистрация по БП;ВСП;99;Регистрация;досье;0;AUTO
ОСЦ Москва;Архив №1 Томилино;RG 0001 099 00 02;Регистрация по БП;ВСП;99;Регистрация;досье;0;AUTO
ОСЦ Нижний Новгород;Вне подразделений;RG 0001 099 00 02;Регистрация по БП;ВСП;99;Регистрация;досье;0;AUTO
ОСЦ Нижний Новгород;Архив №1 Нижний Новгород;RG 0001 099 00 02;Регистрация по БП;ВСП;99;Регистрация;досье;0;AUTO
ОСЦ Новосибирск;Вне подразделений;RG 0001 099 00 02;Регистрация по БП;ВСП;99;Регистрация;досье;0;AUTO
ОСЦ Новосибирск;Архив №1 Новосибирск;RG 0001 099 00 02;Регистрация по БП;ВСП;99;Регистрация;досье;0;AUTO
ОСЦ Новосибирск;Архив №3 Екатеринбург;RG 0001 099 00 02;Регистрация по БП;ВСП;99;Регистрация;досье;0;AUTO
ОСЦ Самара;Вне подразделений;RG 0001 099 00 02;Регистрация по БП;ВСП;99;Регистрация;досье;0;AUTO
ОСЦ Самара;Архив №1 Самара;RG 0001 099 00 02;Регистрация по БП;ВСП;99;Регистрация;досье;0;AUTO
ОСЦ Воронеж;Вне подразделений;RG 0001 141 00 02;Регистрация по БП;ВСП;141;Регистрация;досье;0;AUTO
ОСЦ Воронеж;Архив №1 Воронеж;RG 0001 141 00 02;Регистрация по БП;ВСП;141;Регистрация;досье;13;AUTO
ОСЦ Воронеж;Архив №3 Калининград;RG 0001 141 00 02;Регистрация по БП;ВСП;141;Регистрация;досье;11,5;AUTO
ОСЦ Воронеж;Архив №4 Санкт-Петербург;RG 0001 141 00 02;Регистрация по БП;ВСП;141;Регистрация;досье;8,254;AUTO
ОСЦ Москва;Вне подразделений;RG 0001 141 00 02;Регистрация по БП;ВСП;141;Регистрация;досье;0;AUTO
ОСЦ Москва;Архив №1 Томилино;RG 0001 141 00 02;Регистрация по БП;ВСП;141;Регистрация;досье;18,433;AUTO
ОСЦ Нижний Новгород;Вне подразделений;RG 0001 141 00 02;Регистрация по БП;ВСП;141;Регистрация;досье;0;AUTO
ОСЦ Нижний Новгород;Архив №1 Нижний Новгород;RG 0001 141 00 02;Регистрация по БП;ВСП;141;Регистрация;досье;11;AUTO
ОСЦ Новосибирск;Вне подразделений;RG 0001 141 00 02;Регистрация по БП;ВСП;141;Регистрация;досье;0;AUTO
ОСЦ Новосибирск;Архив №1 Новосибирск;RG 0001 141 00 02;Регистрация по БП;ВСП;141;Регистрация;досье;11,233;AUTO
ОСЦ Новосибирск;Архив №3 Екатеринбург;RG 0001 141 00 02;Регистрация по БП;ВСП;141;Регистрация;досье;11,067;AUTO
ОСЦ Самара;Вне подразделений;RG 0001 141 00 02;Регистрация по БП;ВСП;141;Регистрация;досье;0;AUTO
ОСЦ Самара;Архив №1 Самара;RG 0001 141 00 02;Регистрация по БП;ВСП;141;Регистрация;досье;20;AUTO
ОСЦ Воронеж;Вне подразделений;RG 0001 148 00 02;Регистрация по БП;ВСП;148;Регистрация;досье;0;AUTO
ОСЦ Воронеж;Архив №1 Воронеж;RG 0001 148 00 02;Регистрация по БП;ВСП;148;Регистрация;досье;28;AUTO
ОСЦ Воронеж;Архив №3 Калининград;RG 0001 148 00 02;Регистрация по БП;ВСП;148;Регистрация;досье;15,2;AUTO
ОСЦ Воронеж;Архив №4 Санкт-Петербург;RG 0001 148 00 02;Регистрация по БП;ВСП;148;Регистрация;досье;13,103;AUTO
ОСЦ Москва;Вне подразделений;RG 0001 148 00 02;Регистрация по БП;ВСП;148;Регистрация;досье;0;AUTO
ОСЦ Москва;Архив №1 Томилино;RG 0001 148 00 02;Регистрация по БП;ВСП;148;Регистрация;досье;16;AUTO
ОСЦ Нижний Новгород;Вне подразделений;RG 0001 148 00 02;Регистрация по БП;ВСП;148;Регистрация;досье;0;AUTO
ОСЦ Нижний Новгород;Архив №1 Нижний Новгород;RG 0001 148 00 02;Регистрация по БП;ВСП;148;Регистрация;досье;13;AUTO
ОСЦ Новосибирск;Вне подразделений;RG 0001 148 00 02;Регистрация по БП;ВСП;148;Регистрация;досье;0;AUTO
ОСЦ Новосибирск;Архив №1 Новосибирск;RG 0001 148 00 02;Регистрация по БП;ВСП;148;Регистрация;досье;13,431;AUTO
ОСЦ Новосибирск;Архив №3 Екатеринбург;RG 0001 148 00 02;Регистрация по БП;ВСП;148;Регистрация;досье;11,294;AUTO
ОСЦ Самара;Вне подразделений;RG 0001 148 00 02;Регистрация по БП;ВСП;148;Регистрация;досье;0;AUTO
ОСЦ Самара;Архив №1 Самара;RG 0001 148 00 02;Регистрация по БП;ВСП;148;Регистрация;досье;15;AUTO
ОСЦ Воронеж;Вне подразделений;RG 0001 149 00 02;Регистрация по БП;ВСП;149;Регистрация;досье;0;AUTO
ОСЦ Воронеж;Архив №1 Воронеж;RG 0001 149 00 02;Регистрация по БП;ВСП;149;Регистрация;досье;14;AUTO
ОСЦ Воронеж;Архив №3 Калининград;RG 0001 149 00 02;Регистрация по БП;ВСП;149;Регистрация;досье;13,092;AUTO
ОСЦ Воронеж;Архив №4 Санкт-Петербург;RG 0001 149 00 02;Регистрация по БП;ВСП;149;Регистрация;досье;11,933;AUTO
ОСЦ Москва;Вне подразделений;RG 0001 149 00 02;Регистрация по БП;ВСП;149;Регистрация;досье;0;AUTO
ОСЦ Москва;Архив №1 Томилино;RG 0001 149 00 02;Регистрация по БП;ВСП;149;Регистрация;досье;13;AUTO
ОСЦ Нижний Новгород;Вне подразделений;RG 0001 149 00 02;Регистрация по БП;ВСП;149;Регистрация;досье;0;AUTO
ОСЦ Нижний Новгород;Архив №1 Нижний Новгород;RG 0001 149 00 02;Регистрация по БП;ВСП;149;Регистрация;досье;25;AUTO
ОСЦ Новосибирск;Вне подразделений;RG 0001 149 00 02;Регистрация по БП;ВСП;149;Регистрация;досье;0;AUTO
ОСЦ Новосибирск;Архив №1 Новосибирск;RG 0001 149 00 02;Регистрация по БП;ВСП;149;Регистрация;досье;13,1;AUTO
ОСЦ Новосибирск;Архив №3 Екатеринбург;RG 0001 149 00 02;Регистрация по БП;ВСП;149;Регистрация;досье;12,8;AUTO
ОСЦ Самара;Вне подразделений;RG 0001 149 00 02;Регистрация по БП;ВСП;149;Регистрация;досье;0;AUTO
ОСЦ Самара;Архив №1 Самара;RG 0001 149 00 02;Регистрация по БП;ВСП;149;Регистрация;досье;15;AUTO
ОСЦ Воронеж;Вне подразделений;RG 0001 011 00 02;Регистрация по БП;ВСП;11;Регистрация;досье;0;AUTO
ОСЦ Воронеж;Архив №1 Воронеж;RG 0001 011 00 02;Регистрация по БП;ВСП;11;Регистрация;досье;0;AUTO
ОСЦ Воронеж;Архив №3 Калининград;RG 0001 011 00 02;Регистрация по БП;ВСП;11;Регистрация;досье;0;AUTO
ОСЦ Воронеж;Архив №4 Санкт-Петербург;RG 0001 011 00 02;Регистрация по БП;ВСП;11;Регистрация;досье;17,174;AUTO
ОСЦ Москва;Вне подразделений;RG 0001 011 00 02;Регистрация по БП;ВСП;11;Регистрация;досье;0;AUTO
ОСЦ Москва;Архив №1 Томилино;RG 0001 011 00 02;Регистрация по БП;ВСП;11;Регистрация;досье;15,041;AUTO
ОСЦ Нижний Новгород;Вне подразделений;RG 0001 011 00 02;Регистрация по БП;ВСП;11;Регистрация;досье;0;AUTO
ОСЦ Нижний Новгород;Архив №1 Нижний Новгород;RG 0001 011 00 02;Регистрация по БП;ВСП;11;Регистрация;досье;15,091;AUTO
ОСЦ Новосибирск;Вне подразделений;RG 0001 011 00 02;Регистрация по БП;ВСП;11;Регистрация;досье;0;AUTO
ОСЦ Новосибирск;Архив №1 Новосибирск;RG 0001 011 00 02;Регистрация по БП;ВСП;11;Регистрация;досье;17,578;AUTO
ОСЦ Новосибирск;Архив №3 Екатеринбург;RG 0001 011 00 02;Регистрация по БП;ВСП;11;Регистрация;досье;17,312;AUTO
ОСЦ Самара;Вне подразделений;RG 0001 011 00 02;Регистрация по БП;ВСП;11;Регистрация;досье;0;AUTO
ОСЦ Самара;Архив №1 Самара;RG 0001 011 00 02;Регистрация по БП;ВСП;11;Регистрация;досье;17,204;AUTO
ОСЦ Воронеж;Вне подразделений;RG 0001 211 00 02;Регистрация по БП;ВСП;211;Регистрация;досье;0;AUTO
ОСЦ Воронеж;Архив №1 Воронеж;RG 0001 211 00 02;Регистрация по БП;ВСП;211;Регистрация;досье;18,1;AUTO
ОСЦ Воронеж;Архив №3 Калининград;RG 0001 211 00 02;Регистрация по БП;ВСП;211;Регистрация;досье;17,925;AUTO
ОСЦ Воронеж;Архив №4 Санкт-Петербург;RG 0001 211 00 02;Регистрация по БП;ВСП;211;Регистрация;досье;12,005;AUTO
ОСЦ Москва;Вне подразделений;RG 0001 211 00 02;Регистрация по БП;ВСП;211;Регистрация;досье;0;AUTO
ОСЦ Москва;Архив №1 Томилино;RG 0001 211 00 02;Регистрация по БП;ВСП;211;Регистрация;досье;18,033;AUTO
ОСЦ Нижний Новгород;Вне подразделений;RG 0001 211 00 02;Регистрация по БП;ВСП;211;Регистрация;досье;0;AUTO
ОСЦ Нижний Новгород;Архив №1 Нижний Новгород;RG 0001 211 00 02;Регистрация по БП;ВСП;211;Регистрация;досье;17,832;AUTO
ОСЦ Новосибирск;Вне подразделений;RG 0001 211 00 02;Регистрация по БП;ВСП;211;Регистрация;досье;0;AUTO
ОСЦ Новосибирск;Архив №1 Новосибирск;RG 0001 211 00 02;Регистрация по БП;ВСП;211;Регистрация;досье;17,918;AUTO
ОСЦ Новосибирск;Архив №3 Екатеринбург;RG 0001 211 00 02;Регистрация по БП;ВСП;211;Регистрация;досье;18,217;AUTO
ОСЦ Самара;Вне подразделений;RG 0001 211 00 02;Регистрация по БП;ВСП;211;Регистрация;досье;0;AUTO
ОСЦ Самара;Архив №1 Самара;RG 0001 211 00 02;Регистрация по БП;ВСП;211;Регистрация;досье;16,45;AUTO
ОСЦ Воронеж;Вне подразделений;RG 0001 020 00 02;Регистрация по БП;ВСП;20;Регистрация;досье;0;AUTO
ОСЦ Воронеж;Архив №1 Воронеж;RG 0001 020 00 02;Регистрация по БП;ВСП;20;Регистрация;досье;0;AUTO
ОСЦ Воронеж;Архив №3 Калининград;RG 0001 020 00 02;Регистрация по БП;ВСП;20;Регистрация;досье;0;AUTO
ОСЦ Воронеж;Архив №4 Санкт-Петербург;RG 0001 020 00 02;Регистрация по БП;ВСП;20;Регистрация;досье;0;AUTO
ОСЦ Москва;Вне подразделений;RG 0001 020 00 02;Регистрация по БП;ВСП;20;Регистрация;досье;0;AUTO
ОСЦ Москва;Архив №1 Томилино;RG 0001 020 00 02;Регистрация по БП;ВСП;20;Регистрация;досье;0;AUTO
ОСЦ Нижний Новгород;Вне подразделений;RG 0001 020 00 02;Регистрация по БП;ВСП;20;Регистрация;досье;0;AUTO
ОСЦ Нижний Новгород;Архив №1 Нижний Новгород;RG 0001 020 00 02;Регистрация по БП;ВСП;20;Регистрация;досье;0;AUTO
ОСЦ Новосибирск;Вне подразделений;RG 0001 020 00 02;Регистрация по БП;ВСП;20;Регистрация;досье;0;AUTO
ОСЦ Новосибирск;Архив №1 Новосибирск;RG 0001 020 00 02;Регистрация по БП;ВСП;20;Регистрация;досье;0;AUTO
ОСЦ Новосибирск;Архив №3 Екатеринбург;RG 0001 020 00 02;Регистрация по БП;ВСП;20;Регистрация;досье;0;AUTO
ОСЦ Самара;Вне подразделений;RG 0001 020 00 02;Регистрация по БП;ВСП;20;Регистрация;досье;0;AUTO
ОСЦ Самара;Архив №1 Самара;RG 0001 020 00 02;Регистрация по БП;ВСП;20;Регистрация;досье;0;AUTO
ОСЦ Воронеж;Вне подразделений;RG 0001 241 00 02;Регистрация по БП;ВСП;241;Регистрация;досье;0;AUTO
ОСЦ Воронеж;Архив №1 Воронеж;RG 0001 241 00 02;Регистрация по БП;ВСП;241;Регистрация;досье;0;AUTO
ОСЦ Воронеж;Архив №3 Калининград;RG 0001 241 00 02;Регистрация по БП;ВСП;241;Регистрация;досье;0;AUTO
ОСЦ Воронеж;Архив №4 Санкт-Петербург;RG 0001 241 00 02;Регистрация по БП;ВСП;241;Регистрация;досье;0;AUTO
ОСЦ Москва;Вне подразделений;RG 0001 241 00 02;Регистрация по БП;ВСП;241;Регистрация;досье;0;AUTO
ОСЦ Москва;Архив №1 Томилино;RG 0001 241 00 02;Регистрация по БП;ВСП;241;Регистрация;досье;0;AUTO
ОСЦ Нижний Новгород;Вне подразделений;RG 0001 241 00 02;Регистрация по БП;ВСП;241;Регистрация;досье;0;AUTO
ОСЦ Нижний Новгород;Архив №1 Нижний Новгород;RG 0001 241 00 02;Регистрация по БП;ВСП;241;Регистрация;досье;0;AUTO
ОСЦ Новосибирск;Вне подразделений;RG 0001 241 00 02;Регистрация по БП;ВСП;241;Регистрация;досье;0;AUTO
ОСЦ Новосибирск;Архив №1 Новосибирск;RG 0001 241 00 02;Регистрация по БП;ВСП;241;Регистрация;досье;0;AUTO
ОСЦ Новосибирск;Архив №3 Екатеринбург;RG 0001 241 00 02;Регистрация по БП;ВСП;241;Регистрация;досье;0;AUTO
ОСЦ Самара;Вне подразделений;RG 0001 241 00 02;Регистрация по БП;ВСП;241;Регистрация;досье;0;AUTO
ОСЦ Самара;Архив №1 Самара;RG 0001 241 00 02;Регистрация по БП;ВСП;241;Регистрация;досье;0;AUTO
ОСЦ Воронеж;Вне подразделений;RG 0001 043 00 02;Регистрация по БП;ВСП;43;Регистрация;досье;0;AUTO
ОСЦ Воронеж;Архив №1 Воронеж;RG 0001 043 00 02;Регистрация по БП;ВСП;43;Регистрация;досье;0;AUTO
ОСЦ Воронеж;Архив №3 Калининград;RG 0001 043 00 02;Регистрация по БП;ВСП;43;Регистрация;досье;0;AUTO
ОСЦ Воронеж;Архив №4 Санкт-Петербург;RG 0001 043 00 02;Регистрация по БП;ВСП;43;Регистрация;досье;0;AUTO
ОСЦ Москва;Вне подразделений;RG 0001 043 00 02;Регистрация по БП;ВСП;43;Регистрация;досье;0;AUTO
ОСЦ Москва;Архив №1 Томилино;RG 0001 043 00 02;Регистрация по БП;ВСП;43;Регистрация;досье;45,367;AUTO
ОСЦ Нижний Новгород;Вне подразделений;RG 0001 043 00 02;Регистрация по БП;ВСП;43;Регистрация;досье;0;AUTO
ОСЦ Нижний Новгород;Архив №1 Нижний Новгород;RG 0001 043 00 02;Регистрация по БП;ВСП;43;Регистрация;досье;0;AUTO
ОСЦ Новосибирск;Вне подразделений;RG 0001 043 00 02;Регистрация по БП;ВСП;43;Регистрация;досье;0;AUTO
ОСЦ Новосибирск;Архив №1 Новосибирск;RG 0001 043 00 02;Регистрация по БП;ВСП;43;Регистрация;досье;0;AUTO
ОСЦ Новосибирск;Архив №3 Екатеринбург;RG 0001 043 00 02;Регистрация по БП;ВСП;43;Регистрация;досье;42,567;AUTO
ОСЦ Самара;Вне подразделений;RG 0001 043 00 02;Регистрация по БП;ВСП;43;Регистрация;досье;0;AUTO
ОСЦ Самара;Архив №1 Самара;RG 0001 043 00 02;Регистрация по БП;ВСП;43;Регистрация;досье;0;AUTO
ОСЦ Воронеж;Вне подразделений;RG 0001 012 00 02;Регистрация по БП;ВСП;12;Регистрация;досье;0;AUTO
ОСЦ Воронеж;Архив №1 Воронеж;RG 0001 012 00 02;Регистрация по БП;ВСП;12;Регистрация;досье;0;AUTO
ОСЦ Воронеж;Архив №3 Калининград;RG 0001 012 00 02;Регистрация по БП;ВСП;12;Регистрация;досье;0;AUTO
ОСЦ Воронеж;Архив №4 Санкт-Петербург;RG 0001 012 00 02;Регистрация по БП;ВСП;12;Регистрация;досье;0;AUTO
ОСЦ Москва;Вне подразделений;RG 0001 012 00 02;Регистрация по БП;ВСП;12;Регистрация;досье;0;AUTO
ОСЦ Москва;Архив №1 Томилино;RG 0001 012 00 02;Регистрация по БП;ВСП;12;Регистрация;досье;45,367;AUTO
ОСЦ Нижний Новгород;Вне подразделений;RG 0001 012 00 02;Регистрация по БП;ВСП;12;Регистрация;досье;0;AUTO
ОСЦ Нижний Новгород;Архив №1 Нижний Новгород;RG 0001 012 00 02;Регистрация по БП;ВСП;12;Регистрация;досье;54,134;AUTO
ОСЦ Новосибирск;Вне подразделений;RG 0001 012 00 02;Регистрация по БП;ВСП;12;Регистрация;досье;0;AUTO
ОСЦ Новосибирск;Архив №1 Новосибирск;RG 0001 012 00 02;Регистрация по БП;ВСП;12;Регистрация;досье;0;AUTO
ОСЦ Новосибирск;Архив №3 Екатеринбург;RG 0001 012 00 02;Регистрация по БП;ВСП;12;Регистрация;досье;0;AUTO
ОСЦ Самара;Вне подразделений;RG 0001 012 00 02;Регистрация по БП;ВСП;12;Регистрация;досье;0;AUTO
ОСЦ Самара;Архив №1 Самара;RG 0001 012 00 02;Регистрация по БП;ВСП;12;Регистрация;досье;0;AUTO
ОСЦ Воронеж;Вне подразделений;RG 0001 236 00 02;Регистрация по БП;ВСП;236;Регистрация;досье;0;AUTO
ОСЦ Воронеж;Архив №1 Воронеж;RG 0001 236 00 02;Регистрация по БП;ВСП;236;Регистрация;досье;0;AUTO
ОСЦ Воронеж;Архив №3 Калининград;RG 0001 236 00 02;Регистрация по БП;ВСП;236;Регистрация;досье;0;AUTO
ОСЦ Воронеж;Архив №4 Санкт-Петербург;RG 0001 236 00 02;Регистрация по БП;ВСП;236;Регистрация;досье;0;AUTO
ОСЦ Москва;Вне подразделений;RG 0001 236 00 02;Регистрация по БП;ВСП;236;Регистрация;досье;0;AUTO
ОСЦ Москва;Архив №1 Томилино;RG 0001 236 00 02;Регистрация по БП;ВСП;236;Регистрация;досье;15,342;AUTO
ОСЦ Нижний Новгород;Вне подразделений;RG 0001 236 00 02;Регистрация по БП;ВСП;236;Регистрация;досье;0;AUTO
ОСЦ Нижний Новгород;Архив №1 Нижний Новгород;RG 0001 236 00 02;Регистрация по БП;ВСП;236;Регистрация;досье;0;AUTO
ОСЦ Новосибирск;Вне подразделений;RG 0001 236 00 02;Регистрация по БП;ВСП;236;Регистрация;досье;0;AUTO
ОСЦ Новосибирск;Архив №1 Новосибирск;RG 0001 236 00 02;Регистрация по БП;ВСП;236;Регистрация;досье;0;AUTO
ОСЦ Новосибирск;Архив №3 Екатеринбург;RG 0001 236 00 02;Регистрация по БП;ВСП;236;Регистрация;досье;0;AUTO
ОСЦ Самара;Вне подразделений;RG 0001 236 00 02;Регистрация по БП;ВСП;236;Регистрация;досье;0;AUTO
ОСЦ Самара;Архив №1 Самара;RG 0001 236 00 02;Регистрация по БП;ВСП;236;Регистрация;досье;15,205;AUTO
ОСЦ Воронеж;Вне подразделений;RG 0001 238 00 02;Регистрация по БП;ВСП;238;Регистрация;досье;0;AUTO
ОСЦ Воронеж;Архив №1 Воронеж;RG 0001 238 00 02;Регистрация по БП;ВСП;238;Регистрация;досье;66;AUTO
ОСЦ Воронеж;Архив №3 Калининград;RG 0001 238 00 02;Регистрация по БП;ВСП;238;Регистрация;досье;0;AUTO
ОСЦ Воронеж;Архив №4 Санкт-Петербург;RG 0001 238 00 02;Регистрация по БП;ВСП;238;Регистрация;досье;60;AUTO
ОСЦ Москва;Вне подразделений;RG 0001 238 00 02;Регистрация по БП;ВСП;238;Регистрация;досье;0;AUTO
ОСЦ Москва;Архив №1 Томилино;RG 0001 238 00 02;Регистрация по БП;ВСП;238;Регистрация;досье;0;AUTO
ОСЦ Нижний Новгород;Вне подразделений;RG 0001 238 00 02;Регистрация по БП;ВСП;238;Регистрация;досье;0;AUTO
ОСЦ Нижний Новгород;Архив №1 Нижний Новгород;RG 0001 238 00 02;Регистрация по БП;ВСП;238;Регистрация;досье;0;AUTO
ОСЦ Новосибирск;Вне подразделений;RG 0001 238 00 02;Регистрация по БП;ВСП;238;Регистрация;досье;0;AUTO
ОСЦ Новосибирск;Архив №1 Новосибирск;RG 0001 238 00 02;Регистрация по БП;ВСП;238;Регистрация;досье;0;AUTO
ОСЦ Новосибирск;Архив №3 Екатеринбург;RG 0001 238 00 02;Регистрация по БП;ВСП;238;Регистрация;досье;70;AUTO
ОСЦ Самара;Вне подразделений;RG 0001 238 00 02;Регистрация по БП;ВСП;238;Регистрация;досье;0;AUTO
ОСЦ Самара;Архив №1 Самара;RG 0001 238 00 02;Регистрация по БП;ВСП;238;Регистрация;досье;70;AUTO
ОСЦ Воронеж;Вне подразделений;RG 0001 234 00 02;Регистрация по БП;ВСП;234;Регистрация;досье;0;AUTO
ОСЦ Воронеж;Архив №1 Воронеж;RG 0001 234 00 02;Регистрация по БП;ВСП;234;Регистрация;досье;17;AUTO
ОСЦ Воронеж;Архив №3 Калининград;RG 0001 234 00 02;Регистрация по БП;ВСП;234;Регистрация;досье;17,364;AUTO
ОСЦ Воронеж;Архив №4 Санкт-Петербург;RG 0001 234 00 02;Регистрация по БП;ВСП;234;Регистрация;досье;16,023;AUTO
ОСЦ Москва;Вне подразделений;RG 0001 234 00 02;Регистрация по БП;ВСП;234;Регистрация;досье;0;AUTO
ОСЦ Москва;Архив №1 Томилино;RG 0001 234 00 02;Регистрация по БП;ВСП;234;Регистрация;досье;20;AUTO
ОСЦ Нижний Новгород;Вне подразделений;RG 0001 234 00 02;Регистрация по БП;ВСП;234;Регистрация;досье;0;AUTO
ОСЦ Нижний Новгород;Архив №1 Нижний Новгород;RG 0001 234 00 02;Регистрация по БП;ВСП;234;Регистрация;досье;17;AUTO
ОСЦ Новосибирск;Вне подразделений;RG 0001 234 00 02;Регистрация по БП;ВСП;234;Регистрация;досье;0;AUTO
ОСЦ Новосибирск;Архив №1 Новосибирск;RG 0001 234 00 02;Регистрация по БП;ВСП;234;Регистрация;досье;20,783;AUTO
ОСЦ Новосибирск;Архив №3 Екатеринбург;RG 0001 234 00 02;Регистрация по БП;ВСП;234;Регистрация;досье;21,19;AUTO
ОСЦ Самара;Вне подразделений;RG 0001 234 00 02;Регистрация по БП;ВСП;234;Регистрация;досье;0;AUTO
ОСЦ Самара;Архив №1 Самара;RG 0001 234 00 02;Регистрация по БП;ВСП;234;Регистрация;досье;14;AUTO
ОСЦ Воронеж;Вне подразделений;RG 0001 213 00 02;Регистрация по БП;ВСП;213;Регистрация;досье;0;AUTO
ОСЦ Воронеж;Архив №1 Воронеж;RG 0001 213 00 02;Регистрация по БП;ВСП;213;Регистрация;досье;19,9;AUTO
ОСЦ Воронеж;Архив №3 Калининград;RG 0001 213 00 02;Регистрация по БП;ВСП;213;Регистрация;досье;21,323;AUTO
ОСЦ Воронеж;Архив №4 Санкт-Петербург;RG 0001 213 00 02;Регистрация по БП;ВСП;213;Регистрация;досье;18,149;AUTO
ОСЦ Москва;Вне подразделений;RG 0001 213 00 02;Регистрация по БП;ВСП;213;Регистрация;досье;0;AUTO
ОСЦ Москва;Архив №1 Томилино;RG 0001 213 00 02;Регистрация по БП;ВСП;213;Регистрация;досье;22,152;AUTO
ОСЦ Нижний Новгород;Вне подразделений;RG 0001 213 00 02;Регистрация по БП;ВСП;213;Регистрация;досье;0;AUTO
ОСЦ Нижний Новгород;Архив №1 Нижний Новгород;RG 0001 213 00 02;Регистрация по БП;ВСП;213;Регистрация;досье;17;AUTO
ОСЦ Новосибирск;Вне подразделений;RG 0001 213 00 02;Регистрация по БП;ВСП;213;Регистрация;досье;0;AUTO
ОСЦ Новосибирск;Архив №1 Новосибирск;RG 0001 213 00 02;Регистрация по БП;ВСП;213;Регистрация;досье;21,716;AUTO
ОСЦ Новосибирск;Архив №3 Екатеринбург;RG 0001 213 00 02;Регистрация по БП;ВСП;213;Регистрация;досье;22,167;AUTO
ОСЦ Самара;Вне подразделений;RG 0001 213 00 02;Регистрация по БП;ВСП;213;Регистрация;досье;0;AUTO
ОСЦ Самара;Архив №1 Самара;RG 0001 213 00 02;Регистрация по БП;ВСП;213;Регистрация;досье;22,3;AUTO
ОСЦ Воронеж;Вне подразделений;RG 0001 256 00 02;Регистрация по БП;ВСП;256;Регистрация;досье;0;AUTO
ОСЦ Воронеж;Архив №1 Воронеж;RG 0001 256 00 02;Регистрация по БП;ВСП;256;Регистрация;досье;0;AUTO
ОСЦ Воронеж;Архив №3 Калининград;RG 0001 256 00 02;Регистрация по БП;ВСП;256;Регистрация;досье;0;AUTO
ОСЦ Воронеж;Архив №4 Санкт-Петербург;RG 0001 256 00 02;Регистрация по БП;ВСП;256;Регистрация;досье;0;AUTO
ОСЦ Москва;Вне подразделений;RG 0001 256 00 02;Регистрация по БП;ВСП;256;Регистрация;досье;0;AUTO
ОСЦ Москва;Архив №1 Томилино;RG 0001 256 00 02;Регистрация по БП;ВСП;256;Регистрация;досье;0;AUTO
ОСЦ Нижний Новгород;Вне подразделений;RG 0001 256 00 02;Регистрация по БП;ВСП;256;Регистрация;досье;0;AUTO
ОСЦ Нижний Новгород;Архив №1 Нижний Новгород;RG 0001 256 00 02;Регистрация по БП;ВСП;256;Регистрация;досье;0;AUTO
ОСЦ Новосибирск;Вне подразделений;RG 0001 256 00 02;Регистрация по БП;ВСП;256;Регистрация;досье;0;AUTO
ОСЦ Новосибирск;Архив №1 Новосибирск;RG 0001 256 00 02;Регистрация по БП;ВСП;256;Регистрация;досье;0;AUTO
ОСЦ Новосибирск;Архив №3 Екатеринбург;RG 0001 256 00 02;Регистрация по БП;ВСП;256;Регистрация;досье;0;AUTO
ОСЦ Самара;Вне подразделений;RG 0001 256 00 02;Регистрация по БП;ВСП;256;Регистрация;досье;0;AUTO
ОСЦ Самара;Архив №1 Самара;RG 0001 256 00 02;Регистрация по БП;ВСП;256;Регистрация;досье;0;AUTO
ОСЦ Воронеж;Вне подразделений;RG 0001 253 00 02;Регистрация по БП;ВСП;253;Регистрация;досье;0;AUTO
ОСЦ Воронеж;Архив №1 Воронеж;RG 0001 253 00 02;Регистрация по БП;ВСП;253;Регистрация;досье;0;AUTO
ОСЦ Воронеж;Архив №3 Калининград;RG 0001 253 00 02;Регистрация по БП;ВСП;253;Регистрация;досье;0;AUTO
ОСЦ Воронеж;Архив №4 Санкт-Петербург;RG 0001 253 00 02;Регистрация по БП;ВСП;253;Регистрация;досье;7;AUTO
ОСЦ Москва;Вне подразделений;RG 0001 253 00 02;Регистрация по БП;ВСП;253;Регистрация;досье;0;AUTO
ОСЦ Москва;Архив №1 Томилино;RG 0001 253 00 02;Регистрация по БП;ВСП;253;Регистрация;досье;0;AUTO
ОСЦ Нижний Новгород;Вне подразделений;RG 0001 253 00 02;Регистрация по БП;ВСП;253;Регистрация;досье;0;AUTO
ОСЦ Нижний Новгород;Архив №1 Нижний Новгород;RG 0001 253 00 02;Регистрация по БП;ВСП;253;Регистрация;досье;7,143;AUTO
ОСЦ Новосибирск;Вне подразделений;RG 0001 253 00 02;Регистрация по БП;ВСП;253;Регистрация;досье;0;AUTO
ОСЦ Новосибирск;Архив №1 Новосибирск;RG 0001 253 00 02;Регистрация по БП;ВСП;253;Регистрация;досье;5;AUTO
ОСЦ Новосибирск;Архив №3 Екатеринбург;RG 0001 253 00 02;Регистрация по БП;ВСП;253;Регистрация;досье;7,6;AUTO
ОСЦ Самара;Вне подразделений;RG 0001 253 00 02;Регистрация по БП;ВСП;253;Регистрация;досье;0;AUTO
ОСЦ Самара;Архив №1 Самара;RG 0001 253 00 02;Регистрация по БП;ВСП;253;Регистрация;досье;7,542;AUTO
ОСЦ Воронеж;Вне подразделений;RG 0001 254 00 02;Регистрация по БП;ВСП;254;Регистрация;досье;0;AUTO
ОСЦ Воронеж;Архив №1 Воронеж;RG 0001 254 00 02;Регистрация по БП;ВСП;254;Регистрация;досье;0;AUTO
ОСЦ Воронеж;Архив №3 Калининград;RG 0001 254 00 02;Регистрация по БП;ВСП;254;Регистрация;досье;0;AUTO
ОСЦ Воронеж;Архив №4 Санкт-Петербург;RG 0001 254 00 02;Регистрация по БП;ВСП;254;Регистрация;досье;10;AUTO
ОСЦ Москва;Вне подразделений;RG 0001 254 00 02;Регистрация по БП;ВСП;254;Регистрация;досье;0;AUTO
ОСЦ Москва;Архив №1 Томилино;RG 0001 254 00 02;Регистрация по БП;ВСП;254;Регистрация;досье;0;AUTO
ОСЦ Нижний Новгород;Вне подразделений;RG 0001 254 00 02;Регистрация по БП;ВСП;254;Регистрация;досье;0;AUTO
ОСЦ Нижний Новгород;Архив №1 Нижний Новгород;RG 0001 254 00 02;Регистрация по БП;ВСП;254;Регистрация;досье;9;AUTO
ОСЦ Новосибирск;Вне подразделений;RG 0001 254 00 02;Регистрация по БП;ВСП;254;Регистрация;досье;0;AUTO
ОСЦ Новосибирск;Архив №1 Новосибирск;RG 0001 254 00 02;Регистрация по БП;ВСП;254;Регистрация;досье;9,353;AUTO
ОСЦ Новосибирск;Архив №3 Екатеринбург;RG 0001 254 00 02;Регистрация по БП;ВСП;254;Регистрация;досье;10,033;AUTO
ОСЦ Самара;Вне подразделений;RG 0001 254 00 02;Регистрация по БП;ВСП;254;Регистрация;досье;0;AUTO
ОСЦ Самара;Архив №1 Самара;RG 0001 254 00 02;Регистрация по БП;ВСП;254;Регистрация;досье;9,642;AUTO
ОСЦ Воронеж;Вне подразделений;RG 0001 237 00 02;Регистрация по БП;ВСП;237;Регистрация;досье;0;AUTO
ОСЦ Воронеж;Архив №1 Воронеж;RG 0001 237 00 02;Регистрация по БП;ВСП;237;Регистрация;досье;0;AUTO
ОСЦ Воронеж;Архив №3 Калининград;RG 0001 237 00 02;Регистрация по БП;ВСП;237;Регистрация;досье;0;AUTO
ОСЦ Воронеж;Архив №4 Санкт-Петербург;RG 0001 237 00 02;Регистрация по БП;ВСП;237;Регистрация;досье;0;AUTO
ОСЦ Москва;Вне подразделений;RG 0001 237 00 02;Регистрация по БП;ВСП;237;Регистрация;досье;0;AUTO
ОСЦ Москва;Архив №1 Томилино;RG 0001 237 00 02;Регистрация по БП;ВСП;237;Регистрация;досье;82;AUTO
ОСЦ Нижний Новгород;Вне подразделений;RG 0001 237 00 02;Регистрация по БП;ВСП;237;Регистрация;досье;0;AUTO
ОСЦ Нижний Новгород;Архив №1 Нижний Новгород;RG 0001 237 00 02;Регистрация по БП;ВСП;237;Регистрация;досье;0;AUTO
ОСЦ Новосибирск;Вне подразделений;RG 0001 237 00 02;Регистрация по БП;ВСП;237;Регистрация;досье;0;AUTO
ОСЦ Новосибирск;Архив №1 Новосибирск;RG 0001 237 00 02;Регистрация по БП;ВСП;237;Регистрация;досье;0;AUTO
ОСЦ Новосибирск;Архив №3 Екатеринбург;RG 0001 237 00 02;Регистрация по БП;ВСП;237;Регистрация;досье;0;AUTO
ОСЦ Самара;Вне подразделений;RG 0001 237 00 02;Регистрация по БП;ВСП;237;Регистрация;досье;0;AUTO
ОСЦ Самара;Архив №1 Самара;RG 0001 237 00 02;Регистрация по БП;ВСП;237;Регистрация;досье;0;AUTO
ОСЦ Воронеж;Вне подразделений;RG 0001 247 00 02;Регистрация по БП;ВСП;247;Регистрация;досье;0;AUTO
ОСЦ Воронеж;Архив №1 Воронеж;RG 0001 247 00 02;Регистрация по БП;ВСП;247;Регистрация;досье;0;AUTO
ОСЦ Воронеж;Архив №3 Калининград;RG 0001 247 00 02;Регистрация по БП;ВСП;247;Регистрация;досье;0;AUTO
ОСЦ Воронеж;Архив №4 Санкт-Петербург;RG 0001 247 00 02;Регистрация по БП;ВСП;247;Регистрация;досье;0;AUTO
ОСЦ Москва;Вне подразделений;RG 0001 247 00 02;Регистрация по БП;ВСП;247;Регистрация;досье;0;AUTO
ОСЦ Москва;Архив №1 Томилино;RG 0001 247 00 02;Регистрация по БП;ВСП;247;Регистрация;досье;0;AUTO
ОСЦ Нижний Новгород;Вне подразделений;RG 0001 247 00 02;Регистрация по БП;ВСП;247;Регистрация;досье;0;AUTO
ОСЦ Нижний Новгород;Архив №1 Нижний Новгород;RG 0001 247 00 02;Регистрация по БП;ВСП;247;Регистрация;досье;0;AUTO
ОСЦ Новосибирск;Вне подразделений;RG 0001 247 00 02;Регистрация по БП;ВСП;247;Регистрация;досье;0;AUTO
ОСЦ Новосибирск;Архив №1 Новосибирск;RG 0001 247 00 02;Регистрация по БП;ВСП;247;Регистрация;досье;0;AUTO
ОСЦ Новосибирск;Архив №3 Екатеринбург;RG 0001 247 00 02;Регистрация по БП;ВСП;247;Регистрация;досье;0;AUTO
ОСЦ Самара;Вне подразделений;RG 0001 247 00 02;Регистрация по БП;ВСП;247;Регистрация;досье;0;AUTO
ОСЦ Самара;Архив №1 Самара;RG 0001 247 00 02;Регистрация по БП;ВСП;247;Регистрация;досье;0;AUTO
ОСЦ Воронеж;Вне подразделений;RG 0001 264 00 02;Регистрация по БП;ВСП;264;Регистрация;досье;0;AUTO
ОСЦ Воронеж;Архив №1 Воронеж;RG 0001 264 00 02;Регистрация по БП;ВСП;264;Регистрация;досье;0;AUTO
ОСЦ Воронеж;Архив №3 Калининград;RG 0001 264 00 02;Регистрация по БП;ВСП;264;Регистрация;досье;0;AUTO
ОСЦ Воронеж;Архив №4 Санкт-Петербург;RG 0001 264 00 02;Регистрация по БП;ВСП;264;Регистрация;досье;0;AUTO
ОСЦ Москва;Вне подразделений;RG 0001 264 00 02;Регистрация по БП;ВСП;264;Регистрация;досье;0;AUTO
ОСЦ Москва;Архив №1 Томилино;RG 0001 264 00 02;Регистрация по БП;ВСП;264;Регистрация;досье;0;AUTO
ОСЦ Нижний Новгород;Вне подразделений;RG 0001 264 00 02;Регистрация по БП;ВСП;264;Регистрация;досье;0;AUTO
ОСЦ Нижний Новгород;Архив №1 Нижний Новгород;RG 0001 264 00 02;Регистрация по БП;ВСП;264;Регистрация;досье;0;AUTO
ОСЦ Новосибирск;Вне подразделений;RG 0001 264 00 02;Регистрация по БП;ВСП;264;Регистрация;досье;0;AUTO
ОСЦ Новосибирск;Архив №1 Новосибирск;RG 0001 264 00 02;Регистрация по БП;ВСП;264;Регистрация;досье;0;AUTO
ОСЦ Новосибирск;Архив №3 Екатеринбург;RG 0001 264 00 02;Регистрация по БП;ВСП;264;Регистрация;досье;0;AUTO
ОСЦ Самара;Вне подразделений;RG 0001 264 00 02;Регистрация по БП;ВСП;264;Регистрация;досье;0;AUTO
ОСЦ Самара;Архив №1 Самара;RG 0001 264 00 02;Регистрация по БП;ВСП;264;Регистрация;досье;0;AUTO
ОСЦ Воронеж;Вне подразделений;RG 0001 245 00 02;Регистрация по БП;ВСП;245;Регистрация;досье;0;AUTO
ОСЦ Воронеж;Архив №1 Воронеж;RG 0001 245 00 02;Регистрация по БП;ВСП;245;Регистрация;досье;0;AUTO
ОСЦ Воронеж;Архив №3 Калининград;RG 0001 245 00 02;Регистрация по БП;ВСП;245;Регистрация;досье;0;AUTO
ОСЦ Воронеж;Архив №4 Санкт-Петербург;RG 0001 245 00 02;Регистрация по БП;ВСП;245;Регистрация;досье;0;AUTO
ОСЦ Москва;Вне подразделений;RG 0001 245 00 02;Регистрация по БП;ВСП;245;Регистрация;досье;0;AUTO
ОСЦ Москва;Архив №1 Томилино;RG 0001 245 00 02;Регистрация по БП;ВСП;245;Регистрация;досье;0;AUTO
ОСЦ Нижний Новгород;Вне подразделений;RG 0001 245 00 02;Регистрация по БП;ВСП;245;Регистрация;досье;0;AUTO
ОСЦ Нижний Новгород;Архив №1 Нижний Новгород;RG 0001 245 00 02;Регистрация по БП;ВСП;245;Регистрация;досье;0;AUTO
ОСЦ Новосибирск;Вне подразделений;RG 0001 245 00 02;Регистрация по БП;ВСП;245;Регистрация;досье;0;AUTO
ОСЦ Новосибирск;Архив №1 Новосибирск;RG 0001 245 00 02;Регистрация по БП;ВСП;245;Регистрация;досье;0;AUTO
ОСЦ Новосибирск;Архив №3 Екатеринбург;RG 0001 245 00 02;Регистрация по БП;ВСП;245;Регистрация;досье;0;AUTO
ОСЦ Самара;Вне подразделений;RG 0001 245 00 02;Регистрация по БП;ВСП;245;Регистрация;досье;0;AUTO
ОСЦ Самара;Архив №1 Самара;RG 0001 245 00 02;Регистрация по БП;ВСП;245;Регистрация;досье;0;AUTO
ОСЦ Воронеж;Вне подразделений;RG 0001 098 00 02;Регистрация по БП;ВСП;98;Регистрация;досье;0;AUTO
ОСЦ Воронеж;Архив №1 Воронеж;RG 0001 098 00 02;Регистрация по БП;ВСП;98;Регистрация;досье;0;AUTO
ОСЦ Воронеж;Архив №3 Калининград;RG 0001 098 00 02;Регистрация по БП;ВСП;98;Регистрация;досье;0;AUTO
ОСЦ Воронеж;Архив №4 Санкт-Петербург;RG 0001 098 00 02;Регистрация по БП;ВСП;98;Регистрация;досье;0;AUTO
ОСЦ Москва;Вне подразделений;RG 0001 098 00 02;Регистрация по БП;ВСП;98;Регистрация;досье;0;AUTO
ОСЦ Москва;Архив №1 Томилино;RG 0001 098 00 02;Регистрация по БП;ВСП;98;Регистрация;досье;0;AUTO
ОСЦ Нижний Новгород;Вне подразделений;RG 0001 098 00 02;Регистрация по БП;ВСП;98;Регистрация;досье;0;AUTO
ОСЦ Нижний Новгород;Архив №1 Нижний Новгород;RG 0001 098 00 02;Регистрация по БП;ВСП;98;Регистрация;досье;0;AUTO
ОСЦ Новосибирск;Вне подразделений;RG 0001 098 00 02;Регистрация по БП;ВСП;98;Регистрация;досье;0;AUTO
ОСЦ Новосибирск;Архив №1 Новосибирск;RG 0001 098 00 02;Регистрация по БП;ВСП;98;Регистрация;досье;60;AUTO
ОСЦ Новосибирск;Архив №3 Екатеринбург;RG 0001 098 00 02;Регистрация по БП;ВСП;98;Регистрация;досье;60;AUTO
ОСЦ Самара;Вне подразделений;RG 0001 098 00 02;Регистрация по БП;ВСП;98;Регистрация;досье;0;AUTO
ОСЦ Самара;Архив №1 Самара;RG 0001 098 00 02;Регистрация по БП;ВСП;98;Регистрация;досье;0;AUTO
ОСЦ Воронеж;Вне подразделений;RG 0001 235 00 02;Регистрация по БП;ВСП;235;Регистрация;досье;0;AUTO
ОСЦ Воронеж;Архив №1 Воронеж;RG 0001 235 00 02;Регистрация по БП;ВСП;235;Регистрация;досье;0;AUTO
ОСЦ Воронеж;Архив №3 Калининград;RG 0001 235 00 02;Регистрация по БП;ВСП;235;Регистрация;досье;0;AUTO
ОСЦ Воронеж;Архив №4 Санкт-Петербург;RG 0001 235 00 02;Регистрация по БП;ВСП;235;Регистрация;досье;0;AUTO
ОСЦ Москва;Вне подразделений;RG 0001 235 00 02;Регистрация по БП;ВСП;235;Регистрация;досье;0;AUTO
ОСЦ Москва;Архив №1 Томилино;RG 0001 235 00 02;Регистрация по БП;ВСП;235;Регистрация;досье;0;AUTO
ОСЦ Нижний Новгород;Вне подразделений;RG 0001 235 00 02;Регистрация по БП;ВСП;235;Регистрация;досье;0;AUTO
ОСЦ Нижний Новгород;Архив №1 Нижний Новгород;RG 0001 235 00 02;Регистрация по БП;ВСП;235;Регистрация;досье;0;AUTO
ОСЦ Новосибирск;Вне подразделений;RG 0001 235 00 02;Регистрация по БП;ВСП;235;Регистрация;досье;0;AUTO
ОСЦ Новосибирск;Архив №1 Новосибирск;RG 0001 235 00 02;Регистрация по БП;ВСП;235;Регистрация;досье;0;AUTO
ОСЦ Новосибирск;Архив №3 Екатеринбург;RG 0001 235 00 02;Регистрация по БП;ВСП;235;Регистрация;досье;0;AUTO
ОСЦ Самара;Вне подразделений;RG 0001 235 00 02;Регистрация по БП;ВСП;235;Регистрация;досье;0;AUTO
ОСЦ Самара;Архив №1 Самара;RG 0001 235 00 02;Регистрация по БП;ВСП;235;Регистрация;досье;0;AUTO
ОСЦ Воронеж;Вне подразделений;RG 0001 223 00 02;Регистрация по БП;ВСП;223;Регистрация;досье;0;AUTO
ОСЦ Воронеж;Архив №1 Воронеж;RG 0001 223 00 02;Регистрация по БП;ВСП;223;Регистрация;досье;0;AUTO
ОСЦ Воронеж;Архив №3 Калининград;RG 0001 223 00 02;Регистрация по БП;ВСП;223;Регистрация;досье;0;AUTO
ОСЦ Воронеж;Архив №4 Санкт-Петербург;RG 0001 223 00 02;Регистрация по БП;ВСП;223;Регистрация;досье;0;AUTO
ОСЦ Москва;Вне подразделений;RG 0001 223 00 02;Регистрация по БП;ВСП;223;Регистрация;досье;0;AUTO
ОСЦ Москва;Архив №1 Томилино;RG 0001 223 00 02;Регистрация по БП;ВСП;223;Регистрация;досье;0;AUTO
ОСЦ Нижний Новгород;Вне подразделений;RG 0001 223 00 02;Регистрация по БП;ВСП;223;Регистрация;досье;0;AUTO
ОСЦ Нижний Новгород;Архив №1 Нижний Новгород;RG 0001 223 00 02;Регистрация по БП;ВСП;223;Регистрация;досье;0;AUTO
ОСЦ Новосибирск;Вне подразделений;RG 0001 223 00 02;Регистрация по БП;ВСП;223;Регистрация;досье;0;AUTO
ОСЦ Новосибирск;Архив №1 Новосибирск;RG 0001 223 00 02;Регистрация по БП;ВСП;223;Регистрация;досье;0;AUTO
ОСЦ Новосибирск;Архив №3 Екатеринбург;RG 0001 223 00 02;Регистрация по БП;ВСП;223;Регистрация;досье;0;AUTO
ОСЦ Самара;Вне подразделений;RG 0001 223 00 02;Регистрация по БП;ВСП;223;Регистрация;досье;0;AUTO
ОСЦ Самара;Архив №1 Самара;RG 0001 223 00 02;Регистрация по БП;ВСП;223;Регистрация;досье;0;AUTO
ОСЦ Воронеж;Вне подразделений;RG 0001 224 00 02;Регистрация по БП;ВСП;224;Регистрация;досье;0;AUTO
ОСЦ Воронеж;Архив №1 Воронеж;RG 0001 224 00 02;Регистрация по БП;ВСП;224;Регистрация;досье;0;AUTO
ОСЦ Воронеж;Архив №3 Калининград;RG 0001 224 00 02;Регистрация по БП;ВСП;224;Регистрация;досье;0;AUTO
ОСЦ Воронеж;Архив №4 Санкт-Петербург;RG 0001 224 00 02;Регистрация по БП;ВСП;224;Регистрация;досье;0;AUTO
ОСЦ Москва;Вне подразделений;RG 0001 224 00 02;Регистрация по БП;ВСП;224;Регистрация;досье;0;AUTO
ОСЦ Москва;Архив №1 Томилино;RG 0001 224 00 02;Регистрация по БП;ВСП;224;Регистрация;досье;0;AUTO
ОСЦ Нижний Новгород;Вне подразделений;RG 0001 224 00 02;Регистрация по БП;ВСП;224;Регистрация;досье;0;AUTO
ОСЦ Нижний Новгород;Архив №1 Нижний Новгород;RG 0001 224 00 02;Регистрация по БП;ВСП;224;Регистрация;досье;0;AUTO
ОСЦ Новосибирск;Вне подразделений;RG 0001 224 00 02;Регистрация по БП;ВСП;224;Регистрация;досье;0;AUTO
ОСЦ Новосибирск;Архив №1 Новосибирск;RG 0001 224 00 02;Регистрация по БП;ВСП;224;Регистрация;досье;0;AUTO
ОСЦ Новосибирск;Архив №3 Екатеринбург;RG 0001 224 00 02;Регистрация по БП;ВСП;224;Регистрация;досье;0;AUTO
ОСЦ Самара;Вне подразделений;RG 0001 224 00 02;Регистрация по БП;ВСП;224;Регистрация;досье;0;AUTO
ОСЦ Самара;Архив №1 Самара;RG 0001 224 00 02;Регистрация по БП;ВСП;224;Регистрация;досье;0;AUTO
ОСЦ Воронеж;Вне подразделений;RG 0001 225 00 02;Регистрация по БП;ВСП;225;Регистрация;досье;0;AUTO
ОСЦ Воронеж;Архив №1 Воронеж;RG 0001 225 00 02;Регистрация по БП;ВСП;225;Регистрация;досье;0;AUTO
ОСЦ Воронеж;Архив №3 Калининград;RG 0001 225 00 02;Регистрация по БП;ВСП;225;Регистрация;досье;0;AUTO
ОСЦ Воронеж;Архив №4 Санкт-Петербург;RG 0001 225 00 02;Регистрация по БП;ВСП;225;Регистрация;досье;0;AUTO
ОСЦ Москва;Вне подразделений;RG 0001 225 00 02;Регистрация по БП;ВСП;225;Регистрация;досье;0;AUTO
ОСЦ Москва;Архив №1 Томилино;RG 0001 225 00 02;Регистрация по БП;ВСП;225;Регистрация;досье;0;AUTO
ОСЦ Нижний Новгород;Вне подразделений;RG 0001 225 00 02;Регистрация по БП;ВСП;225;Регистрация;досье;0;AUTO
ОСЦ Нижний Новгород;Архив №1 Нижний Новгород;RG 0001 225 00 02;Регистрация по БП;ВСП;225;Регистрация;досье;0;AUTO
ОСЦ Новосибирск;Вне подразделений;RG 0001 225 00 02;Регистрация по БП;ВСП;225;Регистрация;досье;0;AUTO
ОСЦ Новосибирск;Архив №1 Новосибирск;RG 0001 225 00 02;Регистрация по БП;ВСП;225;Регистрация;досье;0;AUTO
ОСЦ Новосибирск;Архив №3 Екатеринбург;RG 0001 225 00 02;Регистрация по БП;ВСП;225;Регистрация;досье;0;AUTO
ОСЦ Самара;Вне подразделений;RG 0001 225 00 02;Регистрация по БП;ВСП;225;Регистрация;досье;0;AUTO
ОСЦ Самара;Архив №1 Самара;RG 0001 225 00 02;Регистрация по БП;ВСП;225;Регистрация;досье;0;AUTO
ОСЦ Воронеж;Вне подразделений;RG 0001 226 00 02;Регистрация по БП;ВСП;226;Регистрация;досье;0;AUTO
ОСЦ Воронеж;Архив №1 Воронеж;RG 0001 226 00 02;Регистрация по БП;ВСП;226;Регистрация;досье;0;AUTO
ОСЦ Воронеж;Архив №3 Калининград;RG 0001 226 00 02;Регистрация по БП;ВСП;226;Регистрация;досье;0;AUTO
ОСЦ Воронеж;Архив №4 Санкт-Петербург;RG 0001 226 00 02;Регистрация по БП;ВСП;226;Регистрация;досье;0;AUTO
ОСЦ Москва;Вне подразделений;RG 0001 226 00 02;Регистрация по БП;ВСП;226;Регистрация;досье;0;AUTO
ОСЦ Москва;Архив №1 Томилино;RG 0001 226 00 02;Регистрация по БП;ВСП;226;Регистрация;досье;0;AUTO
ОСЦ Нижний Новгород;Вне подразделений;RG 0001 226 00 02;Регистрация по БП;ВСП;226;Регистрация;досье;0;AUTO
ОСЦ Нижний Новгород;Архив №1 Нижний Новгород;RG 0001 226 00 02;Регистрация по БП;ВСП;226;Регистрация;досье;0;AUTO
ОСЦ Новосибирск;Вне подразделений;RG 0001 226 00 02;Регистрация по БП;ВСП;226;Регистрация;досье;0;AUTO
ОСЦ Новосибирск;Архив №1 Новосибирск;RG 0001 226 00 02;Регистрация по БП;ВСП;226;Регистрация;досье;0;AUTO
ОСЦ Новосибирск;Архив №3 Екатеринбург;RG 0001 226 00 02;Регистрация по БП;ВСП;226;Регистрация;досье;0;AUTO
ОСЦ Самара;Вне подразделений;RG 0001 226 00 02;Регистрация по БП;ВСП;226;Регистрация;досье;0;AUTO
ОСЦ Самара;Архив №1 Самара;RG 0001 226 00 02;Регистрация по БП;ВСП;226;Регистрация;досье;0;AUTO
ОСЦ Воронеж;Вне подразделений;RG 0001 227 00 02;Регистрация по БП;ВСП;227;Регистрация;досье;0;AUTO
ОСЦ Воронеж;Архив №1 Воронеж;RG 0001 227 00 02;Регистрация по БП;ВСП;227;Регистрация;досье;0;AUTO
ОСЦ Воронеж;Архив №3 Калининград;RG 0001 227 00 02;Регистрация по БП;ВСП;227;Регистрация;досье;0;AUTO
ОСЦ Воронеж;Архив №4 Санкт-Петербург;RG 0001 227 00 02;Регистрация по БП;ВСП;227;Регистрация;досье;0;AUTO
ОСЦ Москва;Вне подразделений;RG 0001 227 00 02;Регистрация по БП;ВСП;227;Регистрация;досье;0;AUTO
ОСЦ Москва;Архив №1 Томилино;RG 0001 227 00 02;Регистрация по БП;ВСП;227;Регистрация;досье;0;AUTO
ОСЦ Нижний Новгород;Вне подразделений;RG 0001 227 00 02;Регистрация по БП;ВСП;227;Регистрация;досье;0;AUTO
ОСЦ Нижний Новгород;Архив №1 Нижний Новгород;RG 0001 227 00 02;Регистрация по БП;ВСП;227;Регистрация;досье;0;AUTO
ОСЦ Новосибирск;Вне подразделений;RG 0001 227 00 02;Регистрация по БП;ВСП;227;Регистрация;досье;0;AUTO
ОСЦ Новосибирск;Архив №1 Новосибирск;RG 0001 227 00 02;Регистрация по БП;ВСП;227;Регистрация;досье;0;AUTO
ОСЦ Новосибирск;Архив №3 Екатеринбург;RG 0001 227 00 02;Регистрация по БП;ВСП;227;Регистрация;досье;0;AUTO
ОСЦ Самара;Вне подразделений;RG 0001 227 00 02;Регистрация по БП;ВСП;227;Регистрация;досье;0;AUTO
ОСЦ Самара;Архив №1 Самара;RG 0001 227 00 02;Регистрация по БП;ВСП;227;Регистрация;досье;0;AUTO
ОСЦ Воронеж;Вне подразделений;RG 0001 228 00 02;Регистрация по БП;ВСП;228;Регистрация;досье;0;AUTO
ОСЦ Воронеж;Архив №1 Воронеж;RG 0001 228 00 02;Регистрация по БП;ВСП;228;Регистрация;досье;0;AUTO
ОСЦ Воронеж;Архив №3 Калининград;RG 0001 228 00 02;Регистрация по БП;ВСП;228;Регистрация;досье;0;AUTO
ОСЦ Воронеж;Архив №4 Санкт-Петербург;RG 0001 228 00 02;Регистрация по БП;ВСП;228;Регистрация;досье;0;AUTO
ОСЦ Москва;Вне подразделений;RG 0001 228 00 02;Регистрация по БП;ВСП;228;Регистрация;досье;0;AUTO
ОСЦ Москва;Архив №1 Томилино;RG 0001 228 00 02;Регистрация по БП;ВСП;228;Регистрация;досье;0;AUTO
ОСЦ Нижний Новгород;Вне подразделений;RG 0001 228 00 02;Регистрация по БП;ВСП;228;Регистрация;досье;0;AUTO
ОСЦ Нижний Новгород;Архив №1 Нижний Новгород;RG 0001 228 00 02;Регистрация по БП;ВСП;228;Регистрация;досье;0;AUTO
ОСЦ Новосибирск;Вне подразделений;RG 0001 228 00 02;Регистрация по БП;ВСП;228;Регистрация;досье;0;AUTO
ОСЦ Новосибирск;Архив №1 Новосибирск;RG 0001 228 00 02;Регистрация по БП;ВСП;228;Регистрация;досье;0;AUTO
ОСЦ Новосибирск;Архив №3 Екатеринбург;RG 0001 228 00 02;Регистрация по БП;ВСП;228;Регистрация;досье;0;AUTO
ОСЦ Самара;Вне подразделений;RG 0001 228 00 02;Регистрация по БП;ВСП;228;Регистрация;досье;0;AUTO
ОСЦ Самара;Архив №1 Самара;RG 0001 228 00 02;Регистрация по БП;ВСП;228;Регистрация;досье;0;AUTO
ОСЦ Воронеж;Вне подразделений;RG 0001 229 00 02;Регистрация по БП;ВСП;229;Регистрация;досье;0;AUTO
ОСЦ Воронеж;Архив №1 Воронеж;RG 0001 229 00 02;Регистрация по БП;ВСП;229;Регистрация;досье;0;AUTO
ОСЦ Воронеж;Архив №3 Калининград;RG 0001 229 00 02;Регистрация по БП;ВСП;229;Регистрация;досье;0;AUTO
ОСЦ Воронеж;Архив №4 Санкт-Петербург;RG 0001 229 00 02;Регистрация по БП;ВСП;229;Регистрация;досье;0;AUTO
ОСЦ Москва;Вне подразделений;RG 0001 229 00 02;Регистрация по БП;ВСП;229;Регистрация;досье;0;AUTO
ОСЦ Москва;Архив №1 Томилино;RG 0001 229 00 02;Регистрация по БП;ВСП;229;Регистрация;досье;0;AUTO
ОСЦ Нижний Новгород;Вне подразделений;RG 0001 229 00 02;Регистрация по БП;ВСП;229;Регистрация;досье;0;AUTO
ОСЦ Нижний Новгород;Архив №1 Нижний Новгород;RG 0001 229 00 02;Регистрация по БП;ВСП;229;Регистрация;досье;0;AUTO
ОСЦ Новосибирск;Вне подразделений;RG 0001 229 00 02;Регистрация по БП;ВСП;229;Регистрация;досье;0;AUTO
ОСЦ Новосибирск;Архив №1 Новосибирск;RG 0001 229 00 02;Регистрация по БП;ВСП;229;Регистрация;досье;0;AUTO
ОСЦ Новосибирск;Архив №3 Екатеринбург;RG 0001 229 00 02;Регистрация по БП;ВСП;229;Регистрация;досье;0;AUTO
ОСЦ Самара;Вне подразделений;RG 0001 229 00 02;Регистрация по БП;ВСП;229;Регистрация;досье;0;AUTO
ОСЦ Самара;Архив №1 Самара;RG 0001 229 00 02;Регистрация по БП;ВСП;229;Регистрация;досье;0;AUTO
ОСЦ Воронеж;Вне подразделений;RG 0001 230 00 02;Регистрация по БП;ВСП;230;Регистрация;досье;0;AUTO
ОСЦ Воронеж;Архив №1 Воронеж;RG 0001 230 00 02;Регистрация по БП;ВСП;230;Регистрация;досье;0;AUTO
ОСЦ Воронеж;Архив №3 Калининград;RG 0001 230 00 02;Регистрация по БП;ВСП;230;Регистрация;досье;0;AUTO
ОСЦ Воронеж;Архив №4 Санкт-Петербург;RG 0001 230 00 02;Регистрация по БП;ВСП;230;Регистрация;досье;0;AUTO
ОСЦ Москва;Вне подразделений;RG 0001 230 00 02;Регистрация по БП;ВСП;230;Регистрация;досье;0;AUTO
ОСЦ Москва;Архив №1 Томилино;RG 0001 230 00 02;Регистрация по БП;ВСП;230;Регистрация;досье;0;AUTO
ОСЦ Нижний Новгород;Вне подразделений;RG 0001 230 00 02;Регистрация по БП;ВСП;230;Регистрация;досье;0;AUTO
ОСЦ Нижний Новгород;Архив №1 Нижний Новгород;RG 0001 230 00 02;Регистрация по БП;ВСП;230;Регистрация;досье;0;AUTO
ОСЦ Новосибирск;Вне подразделений;RG 0001 230 00 02;Регистрация по БП;ВСП;230;Регистрация;досье;0;AUTO
ОСЦ Новосибирск;Архив №1 Новосибирск;RG 0001 230 00 02;Регистрация по БП;ВСП;230;Регистрация;досье;0;AUTO
ОСЦ Новосибирск;Архив №3 Екатеринбург;RG 0001 230 00 02;Регистрация по БП;ВСП;230;Регистрация;досье;0;AUTO
ОСЦ Самара;Вне подразделений;RG 0001 230 00 02;Регистрация по БП;ВСП;230;Регистрация;досье;0;AUTO
ОСЦ Самара;Архив №1 Самара;RG 0001 230 00 02;Регистрация по БП;ВСП;230;Регистрация;досье;0;AUTO
ОСЦ Воронеж;Вне подразделений;RG 0001 255 00 02;Регистрация по БП;ВСП;255;Регистрация;досье;0;AUTO
ОСЦ Воронеж;Архив №1 Воронеж;RG 0001 255 00 02;Регистрация по БП;ВСП;255;Регистрация;досье;0;AUTO
ОСЦ Воронеж;Архив №3 Калининград;RG 0001 255 00 02;Регистрация по БП;ВСП;255;Регистрация;досье;0;AUTO
ОСЦ Воронеж;Архив №4 Санкт-Петербург;RG 0001 255 00 02;Регистрация по БП;ВСП;255;Регистрация;досье;0;AUTO
ОСЦ Москва;Вне подразделений;RG 0001 255 00 02;Регистрация по БП;ВСП;255;Регистрация;досье;0;AUTO
ОСЦ Москва;Архив №1 Томилино;RG 0001 255 00 02;Регистрация по БП;ВСП;255;Регистрация;досье;0;AUTO
ОСЦ Нижний Новгород;Вне подразделений;RG 0001 255 00 02;Регистрация по БП;ВСП;255;Регистрация;досье;0;AUTO
ОСЦ Нижний Новгород;Архив №1 Нижний Новгород;RG 0001 255 00 02;Регистрация по БП;ВСП;255;Регистрация;досье;0;AUTO
ОСЦ Новосибирск;Вне подразделений;RG 0001 255 00 02;Регистрация по БП;ВСП;255;Регистрация;досье;0;AUTO
ОСЦ Новосибирск;Архив №1 Новосибирск;RG 0001 255 00 02;Регистрация по БП;ВСП;255;Регистрация;досье;0;AUTO
ОСЦ Новосибирск;Архив №3 Екатеринбург;RG 0001 255 00 02;Регистрация по БП;ВСП;255;Регистрация;досье;0;AUTO
ОСЦ Самара;Вне подразделений;RG 0001 255 00 02;Регистрация по БП;ВСП;255;Регистрация;досье;0;AUTO
ОСЦ Самара;Архив №1 Самара;RG 0001 255 00 02;Регистрация по БП;ВСП;255;Регистрация;досье;0;AUTO
ОСЦ Воронеж;Вне подразделений;RG 0001 260 00 02;Регистрация по БП;ВСП;260;Регистрация;досье;0;AUTO
ОСЦ Воронеж;Архив №1 Воронеж;RG 0001 260 00 02;Регистрация по БП;ВСП;260;Регистрация;досье;0;AUTO
ОСЦ Воронеж;Архив №3 Калининград;RG 0001 260 00 02;Регистрация по БП;ВСП;260;Регистрация;досье;0;AUTO
ОСЦ Воронеж;Архив №4 Санкт-Петербург;RG 0001 260 00 02;Регистрация по БП;ВСП;260;Регистрация;досье;0;AUTO
ОСЦ Москва;Вне подразделений;RG 0001 260 00 02;Регистрация по БП;ВСП;260;Регистрация;досье;0;AUTO
ОСЦ Москва;Архив №1 Томилино;RG 0001 260 00 02;Регистрация по БП;ВСП;260;Регистрация;досье;0;AUTO
ОСЦ Нижний Новгород;Вне подразделений;RG 0001 260 00 02;Регистрация по БП;ВСП;260;Регистрация;досье;0;AUTO
ОСЦ Нижний Новгород;Архив №1 Нижний Новгород;RG 0001 260 00 02;Регистрация по БП;ВСП;260;Регистрация;досье;0;AUTO
ОСЦ Новосибирск;Вне подразделений;RG 0001 260 00 02;Регистрация по БП;ВСП;260;Регистрация;досье;0;AUTO
ОСЦ Новосибирск;Архив №1 Новосибирск;RG 0001 260 00 02;Регистрация по БП;ВСП;260;Регистрация;досье;0;AUTO
ОСЦ Новосибирск;Архив №3 Екатеринбург;RG 0001 260 00 02;Регистрация по БП;ВСП;260;Регистрация;досье;0;AUTO
ОСЦ Самара;Вне подразделений;RG 0001 260 00 02;Регистрация по БП;ВСП;260;Регистрация;досье;0;AUTO
ОСЦ Самара;Архив №1 Самара;RG 0001 260 00 02;Регистрация по БП;ВСП;260;Регистрация;досье;0;AUTO
ОСЦ Воронеж;Вне подразделений;RG 0001 266 00 02;Регистрация по БП;ВСП;266;Регистрация;досье;0;AUTO
ОСЦ Воронеж;Архив №1 Воронеж;RG 0001 266 00 02;Регистрация по БП;ВСП;266;Регистрация;досье;0;AUTO
ОСЦ Воронеж;Архив №3 Калининград;RG 0001 266 00 02;Регистрация по БП;ВСП;266;Регистрация;досье;0;AUTO
ОСЦ Воронеж;Архив №4 Санкт-Петербург;RG 0001 266 00 02;Регистрация по БП;ВСП;266;Регистрация;досье;0;AUTO
ОСЦ Москва;Вне подразделений;RG 0001 266 00 02;Регистрация по БП;ВСП;266;Регистрация;досье;0;AUTO
ОСЦ Москва;Архив №1 Томилино;RG 0001 266 00 02;Регистрация по БП;ВСП;266;Регистрация;досье;0;AUTO
ОСЦ Нижний Новгород;Вне подразделений;RG 0001 266 00 02;Регистрация по БП;ВСП;266;Регистрация;досье;0;AUTO
ОСЦ Нижний Новгород;Архив №1 Нижний Новгород;RG 0001 266 00 02;Регистрация по БП;ВСП;266;Регистрация;досье;0;AUTO
ОСЦ Новосибирск;Вне подразделений;RG 0001 266 00 02;Регистрация по БП;ВСП;266;Регистрация;досье;0;AUTO
ОСЦ Новосибирск;Архив №1 Новосибирск;RG 0001 266 00 02;Регистрация по БП;ВСП;266;Регистрация;досье;0;AUTO
ОСЦ Новосибирск;Архив №3 Екатеринбург;RG 0001 266 00 02;Регистрация по БП;ВСП;266;Регистрация;досье;0;AUTO
ОСЦ Самара;Вне подразделений;RG 0001 266 00 02;Регистрация по БП;ВСП;266;Регистрация;досье;0;AUTO
ОСЦ Самара;Архив №1 Самара;RG 0001 266 00 02;Регистрация по БП;ВСП;266;Регистрация;досье;0;AUTO
ОСЦ Воронеж;Вне подразделений;RG 0001 246 00 02;Регистрация по БП;ВСП;246;Регистрация;досье;0;AUTO
ОСЦ Воронеж;Архив №1 Воронеж;RG 0001 246 00 02;Регистрация по БП;ВСП;246;Регистрация;досье;0;AUTO
ОСЦ Воронеж;Архив №3 Калининград;RG 0001 246 00 02;Регистрация по БП;ВСП;246;Регистрация;досье;0;AUTO
ОСЦ Воронеж;Архив №4 Санкт-Петербург;RG 0001 246 00 02;Регистрация по БП;ВСП;246;Регистрация;досье;0;AUTO
ОСЦ Москва;Вне подразделений;RG 0001 246 00 02;Регистрация по БП;ВСП;246;Регистрация;досье;0;AUTO
ОСЦ Москва;Архив №1 Томилино;RG 0001 246 00 02;Регистрация по БП;ВСП;246;Регистрация;досье;0;AUTO
ОСЦ Нижний Новгород;Вне подразделений;RG 0001 246 00 02;Регистрация по БП;ВСП;246;Регистрация;досье;0;AUTO
ОСЦ Нижний Новгород;Архив №1 Нижний Новгород;RG 0001 246 00 02;Регистрация по БП;ВСП;246;Регистрация;досье;0;AUTO
ОСЦ Новосибирск;Вне подразделений;RG 0001 246 00 02;Регистрация по БП;ВСП;246;Регистрация;досье;0;AUTO
ОСЦ Новосибирск;Архив №1 Новосибирск;RG 0001 246 00 02;Регистрация по БП;ВСП;246;Регистрация;досье;0;AUTO
ОСЦ Новосибирск;Архив №3 Екатеринбург;RG 0001 246 00 02;Регистрация по БП;ВСП;246;Регистрация;досье;0;AUTO
ОСЦ Самара;Вне подразделений;RG 0001 246 00 02;Регистрация по БП;ВСП;246;Регистрация;досье;0;AUTO
ОСЦ Самара;Архив №1 Самара;RG 0001 246 00 02;Регистрация по БП;ВСП;246;Регистрация;досье;0;AUTO
ОСЦ Воронеж;Вне подразделений;RG 0001 244 00 02;Регистрация по БП;ВСП;244;Регистрация;досье;0;AUTO
ОСЦ Воронеж;Архив №1 Воронеж;RG 0001 244 00 02;Регистрация по БП;ВСП;244;Регистрация;досье;0;AUTO
ОСЦ Воронеж;Архив №3 Калининград;RG 0001 244 00 02;Регистрация по БП;ВСП;244;Регистрация;досье;0;AUTO
ОСЦ Воронеж;Архив №4 Санкт-Петербург;RG 0001 244 00 02;Регистрация по БП;ВСП;244;Регистрация;досье;0;AUTO
ОСЦ Москва;Вне подразделений;RG 0001 244 00 02;Регистрация по БП;ВСП;244;Регистрация;досье;0;AUTO
ОСЦ Москва;Архив №1 Томилино;RG 0001 244 00 02;Регистрация по БП;ВСП;244;Регистрация;досье;0;AUTO
ОСЦ Нижний Новгород;Вне подразделений;RG 0001 244 00 02;Регистрация по БП;ВСП;244;Регистрация;досье;0;AUTO
ОСЦ Нижний Новгород;Архив №1 Нижний Новгород;RG 0001 244 00 02;Регистрация по БП;ВСП;244;Регистрация;досье;0;AUTO
ОСЦ Новосибирск;Вне подразделений;RG 0001 244 00 02;Регистрация по БП;ВСП;244;Регистрация;досье;0;AUTO
ОСЦ Новосибирск;Архив №1 Новосибирск;RG 0001 244 00 02;Регистрация по БП;ВСП;244;Регистрация;досье;0;AUTO
ОСЦ Новосибирск;Архив №3 Екатеринбург;RG 0001 244 00 02;Регистрация по БП;ВСП;244;Регистрация;досье;0;AUTO
ОСЦ Самара;Вне подразделений;RG 0001 244 00 02;Регистрация по БП;ВСП;244;Регистрация;досье;0;AUTO
ОСЦ Самара;Архив №1 Самара;RG 0001 244 00 02;Регистрация по БП;ВСП;244;Регистрация;досье;0;AUTO
ОСЦ Воронеж;Вне подразделений;RG 0001 267 00 02;Регистрация по БП;ВСП;267;Регистрация;досье;0;AUTO
ОСЦ Воронеж;Архив №1 Воронеж;RG 0001 267 00 02;Регистрация по БП;ВСП;267;Регистрация;досье;0;AUTO
ОСЦ Воронеж;Архив №3 Калининград;RG 0001 267 00 02;Регистрация по БП;ВСП;267;Регистрация;досье;0;AUTO
ОСЦ Воронеж;Архив №4 Санкт-Петербург;RG 0001 267 00 02;Регистрация по БП;ВСП;267;Регистрация;досье;0;AUTO
ОСЦ Москва;Вне подразделений;RG 0001 267 00 02;Регистрация по БП;ВСП;267;Регистрация;досье;0;AUTO
ОСЦ Москва;Архив №1 Томилино;RG 0001 267 00 02;Регистрация по БП;ВСП;267;Регистрация;досье;0;AUTO
ОСЦ Нижний Новгород;Вне подразделений;RG 0001 267 00 02;Регистрация по БП;ВСП;267;Регистрация;досье;0;AUTO
ОСЦ Нижний Новгород;Архив №1 Нижний Новгород;RG 0001 267 00 02;Регистрация по БП;ВСП;267;Регистрация;досье;0;AUTO
ОСЦ Новосибирск;Вне подразделений;RG 0001 267 00 02;Регистрация по БП;ВСП;267;Регистрация;досье;0;AUTO
ОСЦ Новосибирск;Архив №1 Новосибирск;RG 0001 267 00 02;Регистрация по БП;ВСП;267;Регистрация;досье;0;AUTO
ОСЦ Новосибирск;Архив №3 Екатеринбург;RG 0001 267 00 02;Регистрация по БП;ВСП;267;Регистрация;досье;0;AUTO
ОСЦ Самара;Вне подразделений;RG 0001 267 00 02;Регистрация по БП;ВСП;267;Регистрация;досье;0;AUTO
ОСЦ Самара;Архив №1 Самара;RG 0001 267 00 02;Регистрация по БП;ВСП;267;Регистрация;досье;0;AUTO
ОСЦ Воронеж;Вне подразделений;RG 0001 268 00 02;Регистрация по БП;ВСП;268;Регистрация;досье;0;AUTO
ОСЦ Воронеж;Архив №1 Воронеж;RG 0001 268 00 02;Регистрация по БП;ВСП;268;Регистрация;досье;7,933;AUTO
ОСЦ Воронеж;Архив №3 Калининград;RG 0001 268 00 02;Регистрация по БП;ВСП;268;Регистрация;досье;7,055;AUTO
ОСЦ Воронеж;Архив №4 Санкт-Петербург;RG 0001 268 00 02;Регистрация по БП;ВСП;268;Регистрация;досье;5,849;AUTO
ОСЦ Москва;Вне подразделений;RG 0001 268 00 02;Регистрация по БП;ВСП;268;Регистрация;досье;0;AUTO
ОСЦ Москва;Архив №1 Томилино;RG 0001 268 00 02;Регистрация по БП;ВСП;268;Регистрация;досье;8;AUTO
ОСЦ Нижний Новгород;Вне подразделений;RG 0001 268 00 02;Регистрация по БП;ВСП;268;Регистрация;досье;0;AUTO
ОСЦ Нижний Новгород;Архив №1 Нижний Новгород;RG 0001 268 00 02;Регистрация по БП;ВСП;268;Регистрация;досье;6;AUTO
ОСЦ Новосибирск;Вне подразделений;RG 0001 268 00 02;Регистрация по БП;ВСП;268;Регистрация;досье;0;AUTO
ОСЦ Новосибирск;Архив №1 Новосибирск;RG 0001 268 00 02;Регистрация по БП;ВСП;268;Регистрация;досье;5,967;AUTO
ОСЦ Новосибирск;Архив №3 Екатеринбург;RG 0001 268 00 02;Регистрация по БП;ВСП;268;Регистрация;досье;6;AUTO
ОСЦ Самара;Вне подразделений;RG 0001 268 00 02;Регистрация по БП;ВСП;268;Регистрация;досье;0;AUTO
ОСЦ Самара;Архив №1 Самара;RG 0001 268 00 02;Регистрация по БП;ВСП;268;Регистрация;досье;7,867;AUTO
ОСЦ Воронеж;Вне подразделений;RG 0001 281 00 02;Регистрация по БП;ВСП;281;Регистрация;досье;0;AUTO
ОСЦ Воронеж;Архив №1 Воронеж;RG 0001 281 00 02;Регистрация по БП;ВСП;281;Регистрация;досье;0;AUTO
ОСЦ Воронеж;Архив №3 Калининград;RG 0001 281 00 02;Регистрация по БП;ВСП;281;Регистрация;досье;0;AUTO
ОСЦ Воронеж;Архив №4 Санкт-Петербург;RG 0001 281 00 02;Регистрация по БП;ВСП;281;Регистрация;досье;0;AUTO
ОСЦ Москва;Вне подразделений;RG 0001 281 00 02;Регистрация по БП;ВСП;281;Регистрация;досье;0;AUTO
ОСЦ Москва;Архив №1 Томилино;RG 0001 281 00 02;Регистрация по БП;ВСП;281;Регистрация;досье;0;AUTO
ОСЦ Нижний Новгород;Вне подразделений;RG 0001 281 00 02;Регистрация по БП;ВСП;281;Регистрация;досье;0;AUTO
ОСЦ Нижний Новгород;Архив №1 Нижний Новгород;RG 0001 281 00 02;Регистрация по БП;ВСП;281;Регистрация;досье;0;AUTO
ОСЦ Новосибирск;Вне подразделений;RG 0001 281 00 02;Регистрация по БП;ВСП;281;Регистрация;досье;0;AUTO
ОСЦ Новосибирск;Архив №1 Новосибирск;RG 0001 281 00 02;Регистрация по БП;ВСП;281;Регистрация;досье;0;AUTO
ОСЦ Новосибирск;Архив №3 Екатеринбург;RG 0001 281 00 02;Регистрация по БП;ВСП;281;Регистрация;досье;0;AUTO
ОСЦ Самара;Вне подразделений;RG 0001 281 00 02;Регистрация по БП;ВСП;281;Регистрация;досье;0;AUTO
ОСЦ Самара;Архив №1 Самара;RG 0001 281 00 02;Регистрация по БП;ВСП;281;Регистрация;досье;0;AUTO
ОСЦ Воронеж;Вне подразделений;RG 0001 293 00 02;Регистрация по БП;ВСП;293;Регистрация;досье;0;AUTO
ОСЦ Воронеж;Архив №1 Воронеж;RG 0001 293 00 02;Регистрация по БП;ВСП;293;Регистрация;досье;0;AUTO
ОСЦ Воронеж;Архив №3 Калининград;RG 0001 293 00 02;Регистрация по БП;ВСП;293;Регистрация;досье;0;AUTO
ОСЦ Воронеж;Архив №4 Санкт-Петербург;RG 0001 293 00 02;Регистрация по БП;ВСП;293;Регистрация;досье;0;AUTO
ОСЦ Москва;Вне подразделений;RG 0001 293 00 02;Регистрация по БП;ВСП;293;Регистрация;досье;0;AUTO
ОСЦ Москва;Архив №1 Томилино;RG 0001 293 00 02;Регистрация по БП;ВСП;293;Регистрация;досье;0;AUTO
ОСЦ Нижний Новгород;Вне подразделений;RG 0001 293 00 02;Регистрация по БП;ВСП;293;Регистрация;досье;0;AUTO
ОСЦ Нижний Новгород;Архив №1 Нижний Новгород;RG 0001 293 00 02;Регистрация по БП;ВСП;293;Регистрация;досье;0;AUTO
ОСЦ Новосибирск;Вне подразделений;RG 0001 293 00 02;Регистрация по БП;ВСП;293;Регистрация;досье;0;AUTO
ОСЦ Новосибирск;Архив №1 Новосибирск;RG 0001 293 00 02;Регистрация по БП;ВСП;293;Регистрация;досье;0;AUTO
ОСЦ Новосибирск;Архив №3 Екатеринбург;RG 0001 293 00 02;Регистрация по БП;ВСП;293;Регистрация;досье;0;AUTO
ОСЦ Самара;Вне подразделений;RG 0001 293 00 02;Регистрация по БП;ВСП;293;Регистрация;досье;0;AUTO
ОСЦ Самара;Архив №1 Самара;RG 0001 293 00 02;Регистрация по БП;ВСП;293;Регистрация;досье;0;AUTO
ОСЦ Воронеж;Вне подразделений;RG 0001 294 00 02;Регистрация по БП;ВСП;294;Регистрация;досье;0;AUTO
ОСЦ Воронеж;Архив №1 Воронеж;RG 0001 294 00 02;Регистрация по БП;ВСП;294;Регистрация;досье;0;AUTO
ОСЦ Воронеж;Архив №3 Калининград;RG 0001 294 00 02;Регистрация по БП;ВСП;294;Регистрация;досье;0;AUTO
ОСЦ Воронеж;Архив №4 Санкт-Петербург;RG 0001 294 00 02;Регистрация по БП;ВСП;294;Регистрация;досье;0;AUTO
ОСЦ Москва;Вне подразделений;RG 0001 294 00 02;Регистрация по БП;ВСП;294;Регистрация;досье;0;AUTO
ОСЦ Москва;Архив №1 Томилино;RG 0001 294 00 02;Регистрация по БП;ВСП;294;Регистрация;досье;0;AUTO
ОСЦ Нижний Новгород;Вне подразделений;RG 0001 294 00 02;Регистрация по БП;ВСП;294;Регистрация;досье;0;AUTO
ОСЦ Нижний Новгород;Архив №1 Нижний Новгород;RG 0001 294 00 02;Регистрация по БП;ВСП;294;Регистрация;досье;0;AUTO
ОСЦ Новосибирск;Вне подразделений;RG 0001 294 00 02;Регистрация по БП;ВСП;294;Регистрация;досье;0;AUTO
ОСЦ Новосибирск;Архив №1 Новосибирск;RG 0001 294 00 02;Регистрация по БП;ВСП;294;Регистрация;досье;0;AUTO
ОСЦ Новосибирск;Архив №3 Екатеринбург;RG 0001 294 00 02;Регистрация по БП;ВСП;294;Регистрация;досье;0;AUTO
ОСЦ Самара;Вне подразделений;RG 0001 294 00 02;Регистрация по БП;ВСП;294;Регистрация;досье;0;AUTO
ОСЦ Самара;Архив №1 Самара;RG 0001 294 00 02;Регистрация по БП;ВСП;294;Регистрация;досье;0;AUTO
ОСЦ Воронеж;Вне подразделений;RG 0001 295 00 02;Регистрация по БП;ВСП;295;Регистрация;досье;0;AUTO
ОСЦ Воронеж;Архив №1 Воронеж;RG 0001 295 00 02;Регистрация по БП;ВСП;295;Регистрация;досье;0;AUTO
ОСЦ Воронеж;Архив №3 Калининград;RG 0001 295 00 02;Регистрация по БП;ВСП;295;Регистрация;досье;0;AUTO
ОСЦ Воронеж;Архив №4 Санкт-Петербург;RG 0001 295 00 02;Регистрация по БП;ВСП;295;Регистрация;досье;0;AUTO
ОСЦ Москва;Вне подразделений;RG 0001 295 00 02;Регистрация по БП;ВСП;295;Регистрация;досье;0;AUTO
ОСЦ Москва;Архив №1 Томилино;RG 0001 295 00 02;Регистрация по БП;ВСП;295;Регистрация;досье;0;AUTO
ОСЦ Нижний Новгород;Вне подразделений;RG 0001 295 00 02;Регистрация по БП;ВСП;295;Регистрация;досье;0;AUTO
ОСЦ Нижний Новгород;Архив №1 Нижний Новгород;RG 0001 295 00 02;Регистрация по БП;ВСП;295;Регистрация;досье;0;AUTO
ОСЦ Новосибирск;Вне подразделений;RG 0001 295 00 02;Регистрация по БП;ВСП;295;Регистрация;досье;0;AUTO
ОСЦ Новосибирск;Архив №1 Новосибирск;RG 0001 295 00 02;Регистрация по БП;ВСП;295;Регистрация;досье;0;AUTO
ОСЦ Новосибирск;Архив №3 Екатеринбург;RG 0001 295 00 02;Регистрация по БП;ВСП;295;Регистрация;досье;0;AUTO
ОСЦ Самара;Вне подразделений;RG 0001 295 00 02;Регистрация по БП;ВСП;295;Регистрация;досье;0;AUTO
ОСЦ Самара;Архив №1 Самара;RG 0001 295 00 02;Регистрация по БП;ВСП;295;Регистрация;досье;0;AUTO
ОСЦ Воронеж;Вне подразделений;RG 0001 002 00 03;Регистрация по БП;ВРУК;02;Регистрация;досье;0;AUTO
ОСЦ Воронеж;Архив №1 Воронеж;RG 0001 002 00 03;Регистрация по БП;ВРУК;02;Регистрация;досье;95;AUTO
ОСЦ Воронеж;Архив №3 Калининград;RG 0001 002 00 03;Регистрация по БП;ВРУК;02;Регистрация;досье;92,382;AUTO
ОСЦ Воронеж;Архив №4 Санкт-Петербург;RG 0001 002 00 03;Регистрация по БП;ВРУК;02;Регистрация;досье;79,827;AUTO
ОСЦ Москва;Вне подразделений;RG 0001 002 00 03;Регистрация по БП;ВРУК;02;Регистрация;досье;0;AUTO
ОСЦ Москва;Архив №1 Томилино;RG 0001 002 00 03;Регистрация по БП;ВРУК;02;Регистрация;досье;86,692;AUTO
ОСЦ Нижний Новгород;Вне подразделений;RG 0001 002 00 03;Регистрация по БП;ВРУК;02;Регистрация;досье;0;AUTO
ОСЦ Нижний Новгород;Архив №1 Нижний Новгород;RG 0001 002 00 03;Регистрация по БП;ВРУК;02;Регистрация;досье;93,028;AUTO
ОСЦ Новосибирск;Вне подразделений;RG 0001 002 00 03;Регистрация по БП;ВРУК;02;Регистрация;досье;0;AUTO
ОСЦ Новосибирск;Архив №1 Новосибирск;RG 0001 002 00 03;Регистрация по БП;ВРУК;02;Регистрация;досье;82;AUTO
ОСЦ Новосибирск;Архив №3 Екатеринбург;RG 0001 002 00 03;Регистрация по БП;ВРУК;02;Регистрация;досье;85;AUTO
ОСЦ Самара;Вне подразделений;RG 0001 002 00 03;Регистрация по БП;ВРУК;02;Регистрация;досье;0;AUTO
ОСЦ Самара;Архив №1 Самара;RG 0001 002 00 03;Регистрация по БП;ВРУК;02;Регистрация;досье;90;AUTO
ОСЦ Воронеж;Вне подразделений;RG 0001 013 00 03;Регистрация по БП;ВРУК;13;Регистрация;досье;0;AUTO
ОСЦ Воронеж;Архив №1 Воронеж;RG 0001 013 00 03;Регистрация по БП;ВРУК;13;Регистрация;досье;93,3;AUTO
ОСЦ Воронеж;Архив №3 Калининград;RG 0001 013 00 03;Регистрация по БП;ВРУК;13;Регистрация;досье;81,968;AUTO
ОСЦ Воронеж;Архив №4 Санкт-Петербург;RG 0001 013 00 03;Регистрация по БП;ВРУК;13;Регистрация;досье;87,124;AUTO
ОСЦ Москва;Вне подразделений;RG 0001 013 00 03;Регистрация по БП;ВРУК;13;Регистрация;досье;0;AUTO
ОСЦ Москва;Архив №1 Томилино;RG 0001 013 00 03;Регистрация по БП;ВРУК;13;Регистрация;досье;86,692;AUTO
ОСЦ Нижний Новгород;Вне подразделений;RG 0001 013 00 03;Регистрация по БП;ВРУК;13;Регистрация;досье;0;AUTO
ОСЦ Нижний Новгород;Архив №1 Нижний Новгород;RG 0001 013 00 03;Регистрация по БП;ВРУК;13;Регистрация;досье;93,031;AUTO
ОСЦ Новосибирск;Вне подразделений;RG 0001 013 00 03;Регистрация по БП;ВРУК;13;Регистрация;досье;0;AUTO
ОСЦ Новосибирск;Архив №1 Новосибирск;RG 0001 013 00 03;Регистрация по БП;ВРУК;13;Регистрация;досье;82,033;AUTO
ОСЦ Новосибирск;Архив №3 Екатеринбург;RG 0001 013 00 03;Регистрация по БП;ВРУК;13;Регистрация;досье;85;AUTO
ОСЦ Самара;Вне подразделений;RG 0001 013 00 03;Регистрация по БП;ВРУК;13;Регистрация;досье;0;AUTO
ОСЦ Самара;Архив №1 Самара;RG 0001 013 00 03;Регистрация по БП;ВРУК;13;Регистрация;досье;91,3;AUTO
ОСЦ Воронеж;Вне подразделений;RG 0001 001 00 03;Регистрация по БП;ВРУК;01;Регистрация;досье;0;AUTO
ОСЦ Воронеж;Архив №1 Воронеж;RG 0001 001 00 03;Регистрация по БП;ВРУК;01;Регистрация;досье;82;AUTO
ОСЦ Воронеж;Архив №3 Калининград;RG 0001 001 00 03;Регистрация по БП;ВРУК;01;Регистрация;досье;79,606;AUTO
ОСЦ Воронеж;Архив №4 Санкт-Петербург;RG 0001 001 00 03;Регистрация по БП;ВРУК;01;Регистрация;досье;79,864;AUTO
ОСЦ Москва;Вне подразделений;RG 0001 001 00 03;Регистрация по БП;ВРУК;01;Регистрация;досье;0;AUTO
ОСЦ Москва;Архив №1 Томилино;RG 0001 001 00 03;Регистрация по БП;ВРУК;01;Регистрация;досье;86,692;AUTO
ОСЦ Нижний Новгород;Вне подразделений;RG 0001 001 00 03;Регистрация по БП;ВРУК;01;Регистрация;досье;0;AUTO
ОСЦ Нижний Новгород;Архив №1 Нижний Новгород;RG 0001 001 00 03;Регистрация по БП;ВРУК;01;Регистрация;досье;86,463;AUTO
ОСЦ Новосибирск;Вне подразделений;RG 0001 001 00 03;Регистрация по БП;ВРУК;01;Регистрация;досье;0;AUTO
ОСЦ Новосибирск;Архив №1 Новосибирск;RG 0001 001 00 03;Регистрация по БП;ВРУК;01;Регистрация;досье;82;AUTO
ОСЦ Новосибирск;Архив №3 Екатеринбург;RG 0001 001 00 03;Регистрация по БП;ВРУК;01;Регистрация;досье;90;AUTO
ОСЦ Самара;Вне подразделений;RG 0001 001 00 03;Регистрация по БП;ВРУК;01;Регистрация;досье;0;AUTO
ОСЦ Самара;Архив №1 Самара;RG 0001 001 00 03;Регистрация по БП;ВРУК;01;Регистрация;досье;60;AUTO
ОСЦ Воронеж;Вне подразделений;RG 0001 233 00 03;Регистрация по БП;ВРУК;233;Регистрация;досье;0;AUTO
ОСЦ Воронеж;Архив №1 Воронеж;RG 0001 233 00 03;Регистрация по БП;ВРУК;233;Регистрация;досье;95;AUTO
ОСЦ Воронеж;Архив №3 Калининград;RG 0001 233 00 03;Регистрация по БП;ВРУК;233;Регистрация;досье;81,733;AUTO
ОСЦ Воронеж;Архив №4 Санкт-Петербург;RG 0001 233 00 03;Регистрация по БП;ВРУК;233;Регистрация;досье;82,014;AUTO
ОСЦ Москва;Вне подразделений;RG 0001 233 00 03;Регистрация по БП;ВРУК;233;Регистрация;досье;0;AUTO
ОСЦ Москва;Архив №1 Томилино;RG 0001 233 00 03;Регистрация по БП;ВРУК;233;Регистрация;досье;90,1;AUTO
ОСЦ Нижний Новгород;Вне подразделений;RG 0001 233 00 03;Регистрация по БП;ВРУК;233;Регистрация;досье;0;AUTO
ОСЦ Нижний Новгород;Архив №1 Нижний Новгород;RG 0001 233 00 03;Регистрация по БП;ВРУК;233;Регистрация;досье;93,074;AUTO
ОСЦ Новосибирск;Вне подразделений;RG 0001 233 00 03;Регистрация по БП;ВРУК;233;Регистрация;досье;0;AUTO
ОСЦ Новосибирск;Архив №1 Новосибирск;RG 0001 233 00 03;Регистрация по БП;ВРУК;233;Регистрация;досье;82;AUTO
ОСЦ Новосибирск;Архив №3 Екатеринбург;RG 0001 233 00 03;Регистрация по БП;ВРУК;233;Регистрация;досье;87;AUTO
ОСЦ Самара;Вне подразделений;RG 0001 233 00 03;Регистрация по БП;ВРУК;233;Регистрация;досье;0;AUTO
ОСЦ Самара;Архив №1 Самара;RG 0001 233 00 03;Регистрация по БП;ВРУК;233;Регистрация;досье;90,667;AUTO
ОСЦ Воронеж;Вне подразделений;RG 0001 007 00 03;Регистрация по БП;ВРУК;07;Регистрация;досье;0;AUTO
ОСЦ Воронеж;Архив №1 Воронеж;RG 0001 007 00 03;Регистрация по БП;ВРУК;07;Регистрация;досье;95;AUTO
ОСЦ Воронеж;Архив №3 Калининград;RG 0001 007 00 03;Регистрация по БП;ВРУК;07;Регистрация;досье;81,771;AUTO
ОСЦ Воронеж;Архив №4 Санкт-Петербург;RG 0001 007 00 03;Регистрация по БП;ВРУК;07;Регистрация;досье;82,267;AUTO
ОСЦ Москва;Вне подразделений;RG 0001 007 00 03;Регистрация по БП;ВРУК;07;Регистрация;досье;0;AUTO
ОСЦ Москва;Архив №1 Томилино;RG 0001 007 00 03;Регистрация по БП;ВРУК;07;Регистрация;досье;86,692;AUTO
ОСЦ Нижний Новгород;Вне подразделений;RG 0001 007 00 03;Регистрация по БП;ВРУК;07;Регистрация;досье;0;AUTO
ОСЦ Нижний Новгород;Архив №1 Нижний Новгород;RG 0001 007 00 03;Регистрация по БП;ВРУК;07;Регистрация;досье;93,028;AUTO
ОСЦ Новосибирск;Вне подразделений;RG 0001 007 00 03;Регистрация по БП;ВРУК;07;Регистрация;досье;0;AUTO
ОСЦ Новосибирск;Архив №1 Новосибирск;RG 0001 007 00 03;Регистрация по БП;ВРУК;07;Регистрация;досье;85,033;AUTO
ОСЦ Новосибирск;Архив №3 Екатеринбург;RG 0001 007 00 03;Регистрация по БП;ВРУК;07;Регистрация;досье;85;AUTO
ОСЦ Самара;Вне подразделений;RG 0001 007 00 03;Регистрация по БП;ВРУК;07;Регистрация;досье;0;AUTO
ОСЦ Самара;Архив №1 Самара;RG 0001 007 00 03;Регистрация по БП;ВРУК;07;Регистрация;досье;85;AUTO
ОСЦ Воронеж;Вне подразделений;RG 0001 058 00 03;Регистрация по БП;ВРУК;58;Регистрация;досье;0;AUTO
ОСЦ Воронеж;Архив №1 Воронеж;RG 0001 058 00 03;Регистрация по БП;ВРУК;58;Регистрация;досье;82,433;AUTO
ОСЦ Воронеж;Архив №3 Калининград;RG 0001 058 00 03;Регистрация по БП;ВРУК;58;Регистрация;досье;0;AUTO
ОСЦ Воронеж;Архив №4 Санкт-Петербург;RG 0001 058 00 03;Регистрация по БП;ВРУК;58;Регистрация;досье;80,044;AUTO
ОСЦ Москва;Вне подразделений;RG 0001 058 00 03;Регистрация по БП;ВРУК;58;Регистрация;досье;0;AUTO
ОСЦ Москва;Архив №1 Томилино;RG 0001 058 00 03;Регистрация по БП;ВРУК;58;Регистрация;досье;82,988;AUTO
ОСЦ Нижний Новгород;Вне подразделений;RG 0001 058 00 03;Регистрация по БП;ВРУК;58;Регистрация;досье;0;AUTO
ОСЦ Нижний Новгород;Архив №1 Нижний Новгород;RG 0001 058 00 03;Регистрация по БП;ВРУК;58;Регистрация;досье;0;AUTO
ОСЦ Новосибирск;Вне подразделений;RG 0001 058 00 03;Регистрация по БП;ВРУК;58;Регистрация;досье;0;AUTO
ОСЦ Новосибирск;Архив №1 Новосибирск;RG 0001 058 00 03;Регистрация по БП;ВРУК;58;Регистрация;досье;82,033;AUTO
ОСЦ Новосибирск;Архив №3 Екатеринбург;RG 0001 058 00 03;Регистрация по БП;ВРУК;58;Регистрация;досье;0;AUTO
ОСЦ Самара;Вне подразделений;RG 0001 058 00 03;Регистрация по БП;ВРУК;58;Регистрация;досье;0;AUTO
ОСЦ Самара;Архив №1 Самара;RG 0001 058 00 03;Регистрация по БП;ВРУК;58;Регистрация;досье;60;AUTO
ОСЦ Воронеж;Вне подразделений;RG 0001 028 00 03;Регистрация по БП;ВРУК;28;Регистрация;досье;0;AUTO
ОСЦ Воронеж;Архив №1 Воронеж;RG 0001 028 00 03;Регистрация по БП;ВРУК;28;Регистрация;досье;72,516;AUTO
ОСЦ Воронеж;Архив №3 Калининград;RG 0001 028 00 03;Регистрация по БП;ВРУК;28;Регистрация;досье;65,25;AUTO
ОСЦ Воронеж;Архив №4 Санкт-Петербург;RG 0001 028 00 03;Регистрация по БП;ВРУК;28;Регистрация;досье;69,379;AUTO
ОСЦ Москва;Вне подразделений;RG 0001 028 00 03;Регистрация по БП;ВРУК;28;Регистрация;досье;0;AUTO
ОСЦ Москва;Архив №1 Томилино;RG 0001 028 00 03;Регистрация по БП;ВРУК;28;Регистрация;досье;69;AUTO
ОСЦ Нижний Новгород;Вне подразделений;RG 0001 028 00 03;Регистрация по БП;ВРУК;28;Регистрация;досье;0;AUTO
ОСЦ Нижний Новгород;Архив №1 Нижний Новгород;RG 0001 028 00 03;Регистрация по БП;ВРУК;28;Регистрация;досье;72,548;AUTO
ОСЦ Новосибирск;Вне подразделений;RG 0001 028 00 03;Регистрация по БП;ВРУК;28;Регистрация;досье;0;AUTO
ОСЦ Новосибирск;Архив №1 Новосибирск;RG 0001 028 00 03;Регистрация по БП;ВРУК;28;Регистрация;досье;70;AUTO
ОСЦ Новосибирск;Архив №3 Екатеринбург;RG 0001 028 00 03;Регистрация по БП;ВРУК;28;Регистрация;досье;73,133;AUTO
ОСЦ Самара;Вне подразделений;RG 0001 028 00 03;Регистрация по БП;ВРУК;28;Регистрация;досье;0;AUTO
ОСЦ Самара;Архив №1 Самара;RG 0001 028 00 03;Регистрация по БП;ВРУК;28;Регистрация;досье;73,133;AUTO
ОСЦ Воронеж;Вне подразделений;RG 0001 019 00 03;Регистрация по БП;ВРУК;19;Регистрация;досье;0;AUTO
ОСЦ Воронеж;Архив №1 Воронеж;RG 0001 019 00 03;Регистрация по БП;ВРУК;19;Регистрация;досье;95;AUTO
ОСЦ Воронеж;Архив №3 Калининград;RG 0001 019 00 03;Регистрация по БП;ВРУК;19;Регистрация;досье;0;AUTO
ОСЦ Воронеж;Архив №4 Санкт-Петербург;RG 0001 019 00 03;Регистрация по БП;ВРУК;19;Регистрация;досье;80,367;AUTO
ОСЦ Москва;Вне подразделений;RG 0001 019 00 03;Регистрация по БП;ВРУК;19;Регистрация;досье;0;AUTO
ОСЦ Москва;Архив №1 Томилино;RG 0001 019 00 03;Регистрация по БП;ВРУК;19;Регистрация;досье;86,692;AUTO
ОСЦ Нижний Новгород;Вне подразделений;RG 0001 019 00 03;Регистрация по БП;ВРУК;19;Регистрация;досье;0;AUTO
ОСЦ Нижний Новгород;Архив №1 Нижний Новгород;RG 0001 019 00 03;Регистрация по БП;ВРУК;19;Регистрация;досье;95,082;AUTO
ОСЦ Новосибирск;Вне подразделений;RG 0001 019 00 03;Регистрация по БП;ВРУК;19;Регистрация;досье;0;AUTO
ОСЦ Новосибирск;Архив №1 Новосибирск;RG 0001 019 00 03;Регистрация по БП;ВРУК;19;Регистрация;досье;85,433;AUTO
ОСЦ Новосибирск;Архив №3 Екатеринбург;RG 0001 019 00 03;Регистрация по БП;ВРУК;19;Регистрация;досье;84,2;AUTO
ОСЦ Самара;Вне подразделений;RG 0001 019 00 03;Регистрация по БП;ВРУК;19;Регистрация;досье;0;AUTO
ОСЦ Самара;Архив №1 Самара;RG 0001 019 00 03;Регистрация по БП;ВРУК;19;Регистрация;досье;95,9;AUTO
ОСЦ Воронеж;Вне подразделений;RG 0001 243 00 03;Регистрация по БП;ВРУК;243;Регистрация;досье;0;AUTO
ОСЦ Воронеж;Архив №1 Воронеж;RG 0001 243 00 03;Регистрация по БП;ВРУК;243;Регистрация;досье;95;AUTO
ОСЦ Воронеж;Архив №3 Калининград;RG 0001 243 00 03;Регистрация по БП;ВРУК;243;Регистрация;досье;0;AUTO
ОСЦ Воронеж;Архив №4 Санкт-Петербург;RG 0001 243 00 03;Регистрация по БП;ВРУК;243;Регистрация;досье;97,5;AUTO
ОСЦ Москва;Вне подразделений;RG 0001 243 00 03;Регистрация по БП;ВРУК;243;Регистрация;досье;0;AUTO
ОСЦ Москва;Архив №1 Томилино;RG 0001 243 00 03;Регистрация по БП;ВРУК;243;Регистрация;досье;86,692;AUTO
ОСЦ Нижний Новгород;Вне подразделений;RG 0001 243 00 03;Регистрация по БП;ВРУК;243;Регистрация;досье;0;AUTO
ОСЦ Нижний Новгород;Архив №1 Нижний Новгород;RG 0001 243 00 03;Регистрация по БП;ВРУК;243;Регистрация;досье;95,033;AUTO
ОСЦ Новосибирск;Вне подразделений;RG 0001 243 00 03;Регистрация по БП;ВРУК;243;Регистрация;досье;0;AUTO
ОСЦ Новосибирск;Архив №1 Новосибирск;RG 0001 243 00 03;Регистрация по БП;ВРУК;243;Регистрация;досье;90;AUTO
ОСЦ Новосибирск;Архив №3 Екатеринбург;RG 0001 243 00 03;Регистрация по БП;ВРУК;243;Регистрация;досье;92;AUTO
ОСЦ Самара;Вне подразделений;RG 0001 243 00 03;Регистрация по БП;ВРУК;243;Регистрация;досье;0;AUTO
ОСЦ Самара;Архив №1 Самара;RG 0001 243 00 03;Регистрация по БП;ВРУК;243;Регистрация;досье;95,5;AUTO
ОСЦ Воронеж;Вне подразделений;RG 0001 016 00 03;Регистрация по БП;ВРУК;16;Регистрация;досье;0;AUTO
ОСЦ Воронеж;Архив №1 Воронеж;RG 0001 016 00 03;Регистрация по БП;ВРУК;16;Регистрация;досье;86,867;AUTO
ОСЦ Воронеж;Архив №3 Калининград;RG 0001 016 00 03;Регистрация по БП;ВРУК;16;Регистрация;досье;77,976;AUTO
ОСЦ Воронеж;Архив №4 Санкт-Петербург;RG 0001 016 00 03;Регистрация по БП;ВРУК;16;Регистрация;досье;60;AUTO
ОСЦ Москва;Вне подразделений;RG 0001 016 00 03;Регистрация по БП;ВРУК;16;Регистрация;досье;0;AUTO
ОСЦ Москва;Архив №1 Томилино;RG 0001 016 00 03;Регистрация по БП;ВРУК;16;Регистрация;досье;86,692;AUTO
ОСЦ Нижний Новгород;Вне подразделений;RG 0001 016 00 03;Регистрация по БП;ВРУК;16;Регистрация;досье;0;AUTO
ОСЦ Нижний Новгород;Архив №1 Нижний Новгород;RG 0001 016 00 03;Регистрация по БП;ВРУК;16;Регистрация;досье;86,433;AUTO
ОСЦ Новосибирск;Вне подразделений;RG 0001 016 00 03;Регистрация по БП;ВРУК;16;Регистрация;досье;0;AUTO
ОСЦ Новосибирск;Архив №1 Новосибирск;RG 0001 016 00 03;Регистрация по БП;ВРУК;16;Регистрация;досье;81,367;AUTO
ОСЦ Новосибирск;Архив №3 Екатеринбург;RG 0001 016 00 03;Регистрация по БП;ВРУК;16;Регистрация;досье;85;AUTO
ОСЦ Самара;Вне подразделений;RG 0001 016 00 03;Регистрация по БП;ВРУК;16;Регистрация;досье;0;AUTO
ОСЦ Самара;Архив №1 Самара;RG 0001 016 00 03;Регистрация по БП;ВРУК;16;Регистрация;досье;60;AUTO
ОСЦ Воронеж;Вне подразделений;RG 0001 027 00 03;Регистрация по БП;ВРУК;27;Регистрация;досье;0;AUTO
ОСЦ Воронеж;Архив №1 Воронеж;RG 0001 027 00 03;Регистрация по БП;ВРУК;27;Регистрация;досье;92,383;AUTO
ОСЦ Воронеж;Архив №3 Калининград;RG 0001 027 00 03;Регистрация по БП;ВРУК;27;Регистрация;досье;82,067;AUTO
ОСЦ Воронеж;Архив №4 Санкт-Петербург;RG 0001 027 00 03;Регистрация по БП;ВРУК;27;Регистрация;досье;80,044;AUTO
ОСЦ Москва;Вне подразделений;RG 0001 027 00 03;Регистрация по БП;ВРУК;27;Регистрация;досье;0;AUTO
ОСЦ Москва;Архив №1 Томилино;RG 0001 027 00 03;Регистрация по БП;ВРУК;27;Регистрация;досье;86,692;AUTO
ОСЦ Нижний Новгород;Вне подразделений;RG 0001 027 00 03;Регистрация по БП;ВРУК;27;Регистрация;досье;0;AUTO
ОСЦ Нижний Новгород;Архив №1 Нижний Новгород;RG 0001 027 00 03;Регистрация по БП;ВРУК;27;Регистрация;досье;93,028;AUTO
ОСЦ Новосибирск;Вне подразделений;RG 0001 027 00 03;Регистрация по БП;ВРУК;27;Регистрация;досье;0;AUTO
ОСЦ Новосибирск;Архив №1 Новосибирск;RG 0001 027 00 03;Регистрация по БП;ВРУК;27;Регистрация;досье;82;AUTO
ОСЦ Новосибирск;Архив №3 Екатеринбург;RG 0001 027 00 03;Регистрация по БП;ВРУК;27;Регистрация;досье;86;AUTO
ОСЦ Самара;Вне подразделений;RG 0001 027 00 03;Регистрация по БП;ВРУК;27;Регистрация;досье;0;AUTO
ОСЦ Самара;Архив №1 Самара;RG 0001 027 00 03;Регистрация по БП;ВРУК;27;Регистрация;досье;85,367;AUTO
ОСЦ Воронеж;Вне подразделений;RG 0001 035 00 03;Регистрация по БП;ВРУК;35;Регистрация;досье;0;AUTO
ОСЦ Воронеж;Архив №1 Воронеж;RG 0001 035 00 03;Регистрация по БП;ВРУК;35;Регистрация;досье;95;AUTO
ОСЦ Воронеж;Архив №3 Калининград;RG 0001 035 00 03;Регистрация по БП;ВРУК;35;Регистрация;досье;81,633;AUTO
ОСЦ Воронеж;Архив №4 Санкт-Петербург;RG 0001 035 00 03;Регистрация по БП;ВРУК;35;Регистрация;досье;80,044;AUTO
ОСЦ Москва;Вне подразделений;RG 0001 035 00 03;Регистрация по БП;ВРУК;35;Регистрация;досье;0;AUTO
ОСЦ Москва;Архив №1 Томилино;RG 0001 035 00 03;Регистрация по БП;ВРУК;35;Регистрация;досье;86,692;AUTO
ОСЦ Нижний Новгород;Вне подразделений;RG 0001 035 00 03;Регистрация по БП;ВРУК;35;Регистрация;досье;0;AUTO
ОСЦ Нижний Новгород;Архив №1 Нижний Новгород;RG 0001 035 00 03;Регистрация по БП;ВРУК;35;Регистрация;досье;93,028;AUTO
ОСЦ Новосибирск;Вне подразделений;RG 0001 035 00 03;Регистрация по БП;ВРУК;35;Регистрация;досье;0;AUTO
ОСЦ Новосибирск;Архив №1 Новосибирск;RG 0001 035 00 03;Регистрация по БП;ВРУК;35;Регистрация;досье;82;AUTO
ОСЦ Новосибирск;Архив №3 Екатеринбург;RG 0001 035 00 03;Регистрация по БП;ВРУК;35;Регистрация;досье;85;AUTO
ОСЦ Самара;Вне подразделений;RG 0001 035 00 03;Регистрация по БП;ВРУК;35;Регистрация;досье;0;AUTO
ОСЦ Самара;Архив №1 Самара;RG 0001 035 00 03;Регистрация по БП;ВРУК;35;Регистрация;досье;92,7;AUTO
ОСЦ Воронеж;Вне подразделений;RG 0001 005 00 03;Регистрация по БП;ВРУК;05;Регистрация;досье;0;AUTO
ОСЦ Воронеж;Архив №1 Воронеж;RG 0001 005 00 03;Регистрация по БП;ВРУК;05;Регистрация;досье;95;AUTO
ОСЦ Воронеж;Архив №3 Калининград;RG 0001 005 00 03;Регистрация по БП;ВРУК;05;Регистрация;досье;81,618;AUTO
ОСЦ Воронеж;Архив №4 Санкт-Петербург;RG 0001 005 00 03;Регистрация по БП;ВРУК;05;Регистрация;досье;80,2;AUTO
ОСЦ Москва;Вне подразделений;RG 0001 005 00 03;Регистрация по БП;ВРУК;05;Регистрация;досье;0;AUTO
ОСЦ Москва;Архив №1 Томилино;RG 0001 005 00 03;Регистрация по БП;ВРУК;05;Регистрация;досье;86,692;AUTO
ОСЦ Нижний Новгород;Вне подразделений;RG 0001 005 00 03;Регистрация по БП;ВРУК;05;Регистрация;досье;0;AUTO
ОСЦ Нижний Новгород;Архив №1 Нижний Новгород;RG 0001 005 00 03;Регистрация по БП;ВРУК;05;Регистрация;досье;93,028;AUTO
ОСЦ Новосибирск;Вне подразделений;RG 0001 005 00 03;Регистрация по БП;ВРУК;05;Регистрация;досье;0;AUTO
ОСЦ Новосибирск;Архив №1 Новосибирск;RG 0001 005 00 03;Регистрация по БП;ВРУК;05;Регистрация;досье;84,367;AUTO
ОСЦ Новосибирск;Архив №3 Екатеринбург;RG 0001 005 00 03;Регистрация по БП;ВРУК;05;Регистрация;досье;85;AUTO
ОСЦ Самара;Вне подразделений;RG 0001 005 00 03;Регистрация по БП;ВРУК;05;Регистрация;досье;0;AUTO
ОСЦ Самара;Архив №1 Самара;RG 0001 005 00 03;Регистрация по БП;ВРУК;05;Регистрация;досье;90;AUTO
ОСЦ Воронеж;Вне подразделений;RG 0001 201 00 03;Регистрация по БП;ВРУК;201;Регистрация;досье;0;AUTO
ОСЦ Воронеж;Архив №1 Воронеж;RG 0001 201 00 03;Регистрация по БП;ВРУК;201;Регистрация;досье;110;AUTO
ОСЦ Воронеж;Архив №3 Калининград;RG 0001 201 00 03;Регистрация по БП;ВРУК;201;Регистрация;досье;95,437;AUTO
ОСЦ Воронеж;Архив №4 Санкт-Петербург;RG 0001 201 00 03;Регистрация по БП;ВРУК;201;Регистрация;досье;90,267;AUTO
ОСЦ Москва;Вне подразделений;RG 0001 201 00 03;Регистрация по БП;ВРУК;201;Регистрация;досье;0;AUTO
ОСЦ Москва;Архив №1 Томилино;RG 0001 201 00 03;Регистрация по БП;ВРУК;201;Регистрация;досье;109,733;AUTO
ОСЦ Нижний Новгород;Вне подразделений;RG 0001 201 00 03;Регистрация по БП;ВРУК;201;Регистрация;досье;0;AUTO
ОСЦ Нижний Новгород;Архив №1 Нижний Новгород;RG 0001 201 00 03;Регистрация по БП;ВРУК;201;Регистрация;досье;114,767;AUTO
ОСЦ Новосибирск;Вне подразделений;RG 0001 201 00 03;Регистрация по БП;ВРУК;201;Регистрация;досье;0;AUTO
ОСЦ Новосибирск;Архив №1 Новосибирск;RG 0001 201 00 03;Регистрация по БП;ВРУК;201;Регистрация;досье;110,1;AUTO
ОСЦ Новосибирск;Архив №3 Екатеринбург;RG 0001 201 00 03;Регистрация по БП;ВРУК;201;Регистрация;досье;110;AUTO
ОСЦ Самара;Вне подразделений;RG 0001 201 00 03;Регистрация по БП;ВРУК;201;Регистрация;досье;0;AUTO
ОСЦ Самара;Архив №1 Самара;RG 0001 201 00 03;Регистрация по БП;ВРУК;201;Регистрация;досье;109,167;AUTO
ОСЦ Воронеж;Вне подразделений;RG 0001 048 00 03;Регистрация по БП;ВРУК;48;Регистрация;досье;0;AUTO
ОСЦ Воронеж;Архив №1 Воронеж;RG 0001 048 00 03;Регистрация по БП;ВРУК;48;Регистрация;досье;110;AUTO
ОСЦ Воронеж;Архив №3 Калининград;RG 0001 048 00 03;Регистрация по БП;ВРУК;48;Регистрация;досье;94,156;AUTO
ОСЦ Воронеж;Архив №4 Санкт-Петербург;RG 0001 048 00 03;Регистрация по БП;ВРУК;48;Регистрация;досье;90,2;AUTO
ОСЦ Москва;Вне подразделений;RG 0001 048 00 03;Регистрация по БП;ВРУК;48;Регистрация;досье;0;AUTO
ОСЦ Москва;Архив №1 Томилино;RG 0001 048 00 03;Регистрация по БП;ВРУК;48;Регистрация;досье;105,222;AUTO
ОСЦ Нижний Новгород;Вне подразделений;RG 0001 048 00 03;Регистрация по БП;ВРУК;48;Регистрация;досье;0;AUTO
ОСЦ Нижний Новгород;Архив №1 Нижний Новгород;RG 0001 048 00 03;Регистрация по БП;ВРУК;48;Регистрация;досье;107,079;AUTO
ОСЦ Новосибирск;Вне подразделений;RG 0001 048 00 03;Регистрация по БП;ВРУК;48;Регистрация;досье;0;AUTO
ОСЦ Новосибирск;Архив №1 Новосибирск;RG 0001 048 00 03;Регистрация по БП;ВРУК;48;Регистрация;досье;110;AUTO
ОСЦ Новосибирск;Архив №3 Екатеринбург;RG 0001 048 00 03;Регистрация по БП;ВРУК;48;Регистрация;досье;110;AUTO
ОСЦ Самара;Вне подразделений;RG 0001 048 00 03;Регистрация по БП;ВРУК;48;Регистрация;досье;0;AUTO
ОСЦ Самара;Архив №1 Самара;RG 0001 048 00 03;Регистрация по БП;ВРУК;48;Регистрация;досье;109,867;AUTO
ОСЦ Воронеж;Вне подразделений;RG 0001 049 00 03;Регистрация по БП;ВРУК;49;Регистрация;досье;0;AUTO
ОСЦ Воронеж;Архив №1 Воронеж;RG 0001 049 00 03;Регистрация по БП;ВРУК;49;Регистрация;досье;110;AUTO
ОСЦ Воронеж;Архив №3 Калининград;RG 0001 049 00 03;Регистрация по БП;ВРУК;49;Регистрация;досье;94,143;AUTO
ОСЦ Воронеж;Архив №4 Санкт-Петербург;RG 0001 049 00 03;Регистрация по БП;ВРУК;49;Регистрация;досье;90,267;AUTO
ОСЦ Москва;Вне подразделений;RG 0001 049 00 03;Регистрация по БП;ВРУК;49;Регистрация;досье;0;AUTO
ОСЦ Москва;Архив №1 Томилино;RG 0001 049 00 03;Регистрация по БП;ВРУК;49;Регистрация;досье;105,222;AUTO
ОСЦ Нижний Новгород;Вне подразделений;RG 0001 049 00 03;Регистрация по БП;ВРУК;49;Регистрация;досье;0;AUTO
ОСЦ Нижний Новгород;Архив №1 Нижний Новгород;RG 0001 049 00 03;Регистрация по БП;ВРУК;49;Регистрация;досье;107,556;AUTO
ОСЦ Новосибирск;Вне подразделений;RG 0001 049 00 03;Регистрация по БП;ВРУК;49;Регистрация;досье;0;AUTO
ОСЦ Новосибирск;Архив №1 Новосибирск;RG 0001 049 00 03;Регистрация по БП;ВРУК;49;Регистрация;досье;110;AUTO
ОСЦ Новосибирск;Архив №3 Екатеринбург;RG 0001 049 00 03;Регистрация по БП;ВРУК;49;Регистрация;досье;110;AUTO
ОСЦ Самара;Вне подразделений;RG 0001 049 00 03;Регистрация по БП;ВРУК;49;Регистрация;досье;0;AUTO
ОСЦ Самара;Архив №1 Самара;RG 0001 049 00 03;Регистрация по БП;ВРУК;49;Регистрация;досье;97,1;AUTO
ОСЦ Воронеж;Вне подразделений;RG 0001 050 00 03;Регистрация по БП;ВРУК;50;Регистрация;досье;0;AUTO
ОСЦ Воронеж;Архив №1 Воронеж;RG 0001 050 00 03;Регистрация по БП;ВРУК;50;Регистрация;досье;101,167;AUTO
ОСЦ Воронеж;Архив №3 Калининград;RG 0001 050 00 03;Регистрация по БП;ВРУК;50;Регистрация;досье;106,387;AUTO
ОСЦ Воронеж;Архив №4 Санкт-Петербург;RG 0001 050 00 03;Регистрация по БП;ВРУК;50;Регистрация;досье;101;AUTO
ОСЦ Москва;Вне подразделений;RG 0001 050 00 03;Регистрация по БП;ВРУК;50;Регистрация;досье;0;AUTO
ОСЦ Москва;Архив №1 Томилино;RG 0001 050 00 03;Регистрация по БП;ВРУК;50;Регистрация;досье;109,733;AUTO
ОСЦ Нижний Новгород;Вне подразделений;RG 0001 050 00 03;Регистрация по БП;ВРУК;50;Регистрация;досье;0;AUTO
ОСЦ Нижний Новгород;Архив №1 Нижний Новгород;RG 0001 050 00 03;Регистрация по БП;ВРУК;50;Регистрация;досье;107,333;AUTO
ОСЦ Новосибирск;Вне подразделений;RG 0001 050 00 03;Регистрация по БП;ВРУК;50;Регистрация;досье;0;AUTO
ОСЦ Новосибирск;Архив №1 Новосибирск;RG 0001 050 00 03;Регистрация по БП;ВРУК;50;Регистрация;досье;105,593;AUTO
ОСЦ Новосибирск;Архив №3 Екатеринбург;RG 0001 050 00 03;Регистрация по БП;ВРУК;50;Регистрация;досье;110;AUTO
ОСЦ Самара;Вне подразделений;RG 0001 050 00 03;Регистрация по БП;ВРУК;50;Регистрация;досье;0;AUTO
ОСЦ Самара;Архив №1 Самара;RG 0001 050 00 03;Регистрация по БП;ВРУК;50;Регистрация;досье;111,633;AUTO
ОСЦ Воронеж;Вне подразделений;RG 0001 248 00 03;Регистрация по БП;ВРУК;248;Регистрация;досье;0;AUTO
ОСЦ Воронеж;Архив №1 Воронеж;RG 0001 248 00 03;Регистрация по БП;ВРУК;248;Регистрация;досье;0;AUTO
ОСЦ Воронеж;Архив №3 Калининград;RG 0001 248 00 03;Регистрация по БП;ВРУК;248;Регистрация;досье;0;AUTO
ОСЦ Воронеж;Архив №4 Санкт-Петербург;RG 0001 248 00 03;Регистрация по БП;ВРУК;248;Регистрация;досье;0;AUTO
ОСЦ Москва;Вне подразделений;RG 0001 248 00 03;Регистрация по БП;ВРУК;248;Регистрация;досье;0;AUTO
ОСЦ Москва;Архив №1 Томилино;RG 0001 248 00 03;Регистрация по БП;ВРУК;248;Регистрация;досье;0;AUTO
ОСЦ Нижний Новгород;Вне подразделений;RG 0001 248 00 03;Регистрация по БП;ВРУК;248;Регистрация;досье;0;AUTO
ОСЦ Нижний Новгород;Архив №1 Нижний Новгород;RG 0001 248 00 03;Регистрация по БП;ВРУК;248;Регистрация;досье;0;AUTO
ОСЦ Новосибирск;Вне подразделений;RG 0001 248 00 03;Регистрация по БП;ВРУК;248;Регистрация;досье;0;AUTO
ОСЦ Новосибирск;Архив №1 Новосибирск;RG 0001 248 00 03;Регистрация по БП;ВРУК;248;Регистрация;досье;0;AUTO
ОСЦ Новосибирск;Архив №3 Екатеринбург;RG 0001 248 00 03;Регистрация по БП;ВРУК;248;Регистрация;досье;0;AUTO
ОСЦ Самара;Вне подразделений;RG 0001 248 00 03;Регистрация по БП;ВРУК;248;Регистрация;досье;0;AUTO
ОСЦ Самара;Архив №1 Самара;RG 0001 248 00 03;Регистрация по БП;ВРУК;248;Регистрация;досье;0;AUTO
ОСЦ Воронеж;Вне подразделений;RG 0001 200 00 03;Регистрация по БП;ВРУК;200;Регистрация;досье;0;AUTO
ОСЦ Воронеж;Архив №1 Воронеж;RG 0001 200 00 03;Регистрация по БП;ВРУК;200;Регистрация;досье;110;AUTO
ОСЦ Воронеж;Архив №3 Калининград;RG 0001 200 00 03;Регистрация по БП;ВРУК;200;Регистрация;досье;85,935;AUTO
ОСЦ Воронеж;Архив №4 Санкт-Петербург;RG 0001 200 00 03;Регистрация по БП;ВРУК;200;Регистрация;досье;90,267;AUTO
ОСЦ Москва;Вне подразделений;RG 0001 200 00 03;Регистрация по БП;ВРУК;200;Регистрация;досье;0;AUTO
ОСЦ Москва;Архив №1 Томилино;RG 0001 200 00 03;Регистрация по БП;ВРУК;200;Регистрация;досье;105,333;AUTO
ОСЦ Нижний Новгород;Вне подразделений;RG 0001 200 00 03;Регистрация по БП;ВРУК;200;Регистрация;досье;0;AUTO
ОСЦ Нижний Новгород;Архив №1 Нижний Новгород;RG 0001 200 00 03;Регистрация по БП;ВРУК;200;Регистрация;досье;109,967;AUTO
ОСЦ Новосибирск;Вне подразделений;RG 0001 200 00 03;Регистрация по БП;ВРУК;200;Регистрация;досье;0;AUTO
ОСЦ Новосибирск;Архив №1 Новосибирск;RG 0001 200 00 03;Регистрация по БП;ВРУК;200;Регистрация;досье;110,033;AUTO
ОСЦ Новосибирск;Архив №3 Екатеринбург;RG 0001 200 00 03;Регистрация по БП;ВРУК;200;Регистрация;досье;110;AUTO
ОСЦ Самара;Вне подразделений;RG 0001 200 00 03;Регистрация по БП;ВРУК;200;Регистрация;досье;0;AUTO
ОСЦ Самара;Архив №1 Самара;RG 0001 200 00 03;Регистрация по БП;ВРУК;200;Регистрация;досье;98,433;AUTO
ОСЦ Воронеж;Вне подразделений;RG 0001 046 00 03;Регистрация по БП;ВРУК;46;Регистрация;досье;0;AUTO
ОСЦ Воронеж;Архив №1 Воронеж;RG 0001 046 00 03;Регистрация по БП;ВРУК;46;Регистрация;досье;101,119;AUTO
ОСЦ Воронеж;Архив №3 Калининград;RG 0001 046 00 03;Регистрация по БП;ВРУК;46;Регистрация;досье;106,375;AUTO
ОСЦ Воронеж;Архив №4 Санкт-Петербург;RG 0001 046 00 03;Регистрация по БП;ВРУК;46;Регистрация;досье;100,567;AUTO
ОСЦ Москва;Вне подразделений;RG 0001 046 00 03;Регистрация по БП;ВРУК;46;Регистрация;досье;0;AUTO
ОСЦ Москва;Архив №1 Томилино;RG 0001 046 00 03;Регистрация по БП;ВРУК;46;Регистрация;досье;105,222;AUTO
ОСЦ Нижний Новгород;Вне подразделений;RG 0001 046 00 03;Регистрация по БП;ВРУК;46;Регистрация;досье;0;AUTO
ОСЦ Нижний Новгород;Архив №1 Нижний Новгород;RG 0001 046 00 03;Регистрация по БП;ВРУК;46;Регистрация;досье;107,079;AUTO
ОСЦ Новосибирск;Вне подразделений;RG 0001 046 00 03;Регистрация по БП;ВРУК;46;Регистрация;досье;0;AUTO
ОСЦ Новосибирск;Архив №1 Новосибирск;RG 0001 046 00 03;Регистрация по БП;ВРУК;46;Регистрация;досье;105,593;AUTO
ОСЦ Новосибирск;Архив №3 Екатеринбург;RG 0001 046 00 03;Регистрация по БП;ВРУК;46;Регистрация;досье;110;AUTO
ОСЦ Самара;Вне подразделений;RG 0001 046 00 03;Регистрация по БП;ВРУК;46;Регистрация;досье;0;AUTO
ОСЦ Самара;Архив №1 Самара;RG 0001 046 00 03;Регистрация по БП;ВРУК;46;Регистрация;досье;103,528;AUTO
ОСЦ Воронеж;Вне подразделений;RG 0001 047 00 03;Регистрация по БП;ВРУК;47;Регистрация;досье;0;AUTO
ОСЦ Воронеж;Архив №1 Воронеж;RG 0001 047 00 03;Регистрация по БП;ВРУК;47;Регистрация;досье;95,742;AUTO
ОСЦ Воронеж;Архив №3 Калининград;RG 0001 047 00 03;Регистрация по БП;ВРУК;47;Регистрация;досье;106,681;AUTO
ОСЦ Воронеж;Архив №4 Санкт-Петербург;RG 0001 047 00 03;Регистрация по БП;ВРУК;47;Регистрация;досье;100;AUTO
ОСЦ Москва;Вне подразделений;RG 0001 047 00 03;Регистрация по БП;ВРУК;47;Регистрация;досье;0;AUTO
ОСЦ Москва;Архив №1 Томилино;RG 0001 047 00 03;Регистрация по БП;ВРУК;47;Регистрация;досье;105,222;AUTO
ОСЦ Нижний Новгород;Вне подразделений;RG 0001 047 00 03;Регистрация по БП;ВРУК;47;Регистрация;досье;0;AUTO
ОСЦ Нижний Новгород;Архив №1 Нижний Новгород;RG 0001 047 00 03;Регистрация по БП;ВРУК;47;Регистрация;досье;107,243;AUTO
ОСЦ Новосибирск;Вне подразделений;RG 0001 047 00 03;Регистрация по БП;ВРУК;47;Регистрация;досье;0;AUTO
ОСЦ Новосибирск;Архив №1 Новосибирск;RG 0001 047 00 03;Регистрация по БП;ВРУК;47;Регистрация;досье;105,593;AUTO
ОСЦ Новосибирск;Архив №3 Екатеринбург;RG 0001 047 00 03;Регистрация по БП;ВРУК;47;Регистрация;досье;110;AUTO
ОСЦ Самара;Вне подразделений;RG 0001 047 00 03;Регистрация по БП;ВРУК;47;Регистрация;досье;0;AUTO
ОСЦ Самара;Архив №1 Самара;RG 0001 047 00 03;Регистрация по БП;ВРУК;47;Регистрация;досье;102,421;AUTO
ОСЦ Воронеж;Вне подразделений;RG 0001 232 00 03;Регистрация по БП;ВРУК;232;Регистрация;досье;0;AUTO
ОСЦ Воронеж;Архив №1 Воронеж;RG 0001 232 00 03;Регистрация по БП;ВРУК;232;Регистрация;досье;103,167;AUTO
ОСЦ Воронеж;Архив №3 Калининград;RG 0001 232 00 03;Регистрация по БП;ВРУК;232;Регистрация;досье;107,667;AUTO
ОСЦ Воронеж;Архив №4 Санкт-Петербург;RG 0001 232 00 03;Регистрация по БП;ВРУК;232;Регистрация;досье;100;AUTO
ОСЦ Москва;Вне подразделений;RG 0001 232 00 03;Регистрация по БП;ВРУК;232;Регистрация;досье;0;AUTO
ОСЦ Москва;Архив №1 Томилино;RG 0001 232 00 03;Регистрация по БП;ВРУК;232;Регистрация;досье;105,222;AUTO
ОСЦ Нижний Новгород;Вне подразделений;RG 0001 232 00 03;Регистрация по БП;ВРУК;232;Регистрация;досье;0;AUTO
ОСЦ Нижний Новгород;Архив №1 Нижний Новгород;RG 0001 232 00 03;Регистрация по БП;ВРУК;232;Регистрация;досье;107,556;AUTO
ОСЦ Новосибирск;Вне подразделений;RG 0001 232 00 03;Регистрация по БП;ВРУК;232;Регистрация;досье;0;AUTO
ОСЦ Новосибирск;Архив №1 Новосибирск;RG 0001 232 00 03;Регистрация по БП;ВРУК;232;Регистрация;досье;100;AUTO
ОСЦ Новосибирск;Архив №3 Екатеринбург;RG 0001 232 00 03;Регистрация по БП;ВРУК;232;Регистрация;досье;110;AUTO
ОСЦ Самара;Вне подразделений;RG 0001 232 00 03;Регистрация по БП;ВРУК;232;Регистрация;досье;0;AUTO
ОСЦ Самара;Архив №1 Самара;RG 0001 232 00 03;Регистрация по БП;ВРУК;232;Регистрация;досье;107,556;AUTO
ОСЦ Воронеж;Вне подразделений;RG 0001 263 00 03;Регистрация по БП;ВРУК;263;Регистрация;досье;0;AUTO
ОСЦ Воронеж;Архив №1 Воронеж;RG 0001 263 00 03;Регистрация по БП;ВРУК;263;Регистрация;досье;0;AUTO
ОСЦ Воронеж;Архив №3 Калининград;RG 0001 263 00 03;Регистрация по БП;ВРУК;263;Регистрация;досье;0;AUTO
ОСЦ Воронеж;Архив №4 Санкт-Петербург;RG 0001 263 00 03;Регистрация по БП;ВРУК;263;Регистрация;досье;0;AUTO
ОСЦ Москва;Вне подразделений;RG 0001 263 00 03;Регистрация по БП;ВРУК;263;Регистрация;досье;0;AUTO
ОСЦ Москва;Архив №1 Томилино;RG 0001 263 00 03;Регистрация по БП;ВРУК;263;Регистрация;досье;0;AUTO
ОСЦ Нижний Новгород;Вне подразделений;RG 0001 263 00 03;Регистрация по БП;ВРУК;263;Регистрация;досье;0;AUTO
ОСЦ Нижний Новгород;Архив №1 Нижний Новгород;RG 0001 263 00 03;Регистрация по БП;ВРУК;263;Регистрация;досье;0;AUTO
ОСЦ Новосибирск;Вне подразделений;RG 0001 263 00 03;Регистрация по БП;ВРУК;263;Регистрация;досье;0;AUTO
ОСЦ Новосибирск;Архив №1 Новосибирск;RG 0001 263 00 03;Регистрация по БП;ВРУК;263;Регистрация;досье;0;AUTO
ОСЦ Новосибирск;Архив №3 Екатеринбург;RG 0001 263 00 03;Регистрация по БП;ВРУК;263;Регистрация;досье;0;AUTO
ОСЦ Самара;Вне подразделений;RG 0001 263 00 03;Регистрация по БП;ВРУК;263;Регистрация;досье;0;AUTO
ОСЦ Самара;Архив №1 Самара;RG 0001 263 00 03;Регистрация по БП;ВРУК;263;Регистрация;досье;0;AUTO
ОСЦ Воронеж;Вне подразделений;RG 0001 003 00 03;Регистрация по БП;ВРУК;03;Регистрация;досье;0;AUTO
ОСЦ Воронеж;Архив №1 Воронеж;RG 0001 003 00 03;Регистрация по БП;ВРУК;03;Регистрация;досье;95;AUTO
ОСЦ Воронеж;Архив №3 Калининград;RG 0001 003 00 03;Регистрация по БП;ВРУК;03;Регистрация;досье;81,125;AUTO
ОСЦ Воронеж;Архив №4 Санкт-Петербург;RG 0001 003 00 03;Регистрация по БП;ВРУК;03;Регистрация;досье;86,783;AUTO
ОСЦ Москва;Вне подразделений;RG 0001 003 00 03;Регистрация по БП;ВРУК;03;Регистрация;досье;0;AUTO
ОСЦ Москва;Архив №1 Томилино;RG 0001 003 00 03;Регистрация по БП;ВРУК;03;Регистрация;досье;86,692;AUTO
ОСЦ Нижний Новгород;Вне подразделений;RG 0001 003 00 03;Регистрация по БП;ВРУК;03;Регистрация;досье;0;AUTO
ОСЦ Нижний Новгород;Архив №1 Нижний Новгород;RG 0001 003 00 03;Регистрация по БП;ВРУК;03;Регистрация;досье;93;AUTO
ОСЦ Новосибирск;Вне подразделений;RG 0001 003 00 03;Регистрация по БП;ВРУК;03;Регистрация;досье;0;AUTO
ОСЦ Новосибирск;Архив №1 Новосибирск;RG 0001 003 00 03;Регистрация по БП;ВРУК;03;Регистрация;досье;82;AUTO
ОСЦ Новосибирск;Архив №3 Екатеринбург;RG 0001 003 00 03;Регистрация по БП;ВРУК;03;Регистрация;досье;85;AUTO
ОСЦ Самара;Вне подразделений;RG 0001 003 00 03;Регистрация по БП;ВРУК;03;Регистрация;досье;0;AUTO
ОСЦ Самара;Архив №1 Самара;RG 0001 003 00 03;Регистрация по БП;ВРУК;03;Регистрация;досье;86,6;AUTO
ОСЦ Воронеж;Вне подразделений;RG 0001 212 00 03;Регистрация по БП;ВРУК;212;Регистрация;досье;0;AUTO
ОСЦ Воронеж;Архив №1 Воронеж;RG 0001 212 00 03;Регистрация по БП;ВРУК;212;Регистрация;досье;92,933;AUTO
ОСЦ Воронеж;Архив №3 Калининград;RG 0001 212 00 03;Регистрация по БП;ВРУК;212;Регистрация;досье;79,387;AUTO
ОСЦ Воронеж;Архив №4 Санкт-Петербург;RG 0001 212 00 03;Регистрация по БП;ВРУК;212;Регистрация;досье;83,805;AUTO
ОСЦ Москва;Вне подразделений;RG 0001 212 00 03;Регистрация по БП;ВРУК;212;Регистрация;досье;0;AUTO
ОСЦ Москва;Архив №1 Томилино;RG 0001 212 00 03;Регистрация по БП;ВРУК;212;Регистрация;досье;85,597;AUTO
ОСЦ Нижний Новгород;Вне подразделений;RG 0001 212 00 03;Регистрация по БП;ВРУК;212;Регистрация;досье;0;AUTO
ОСЦ Нижний Новгород;Архив №1 Нижний Новгород;RG 0001 212 00 03;Регистрация по БП;ВРУК;212;Регистрация;досье;90;AUTO
ОСЦ Новосибирск;Вне подразделений;RG 0001 212 00 03;Регистрация по БП;ВРУК;212;Регистрация;досье;0;AUTO
ОСЦ Новосибирск;Архив №1 Новосибирск;RG 0001 212 00 03;Регистрация по БП;ВРУК;212;Регистрация;досье;82;AUTO
ОСЦ Новосибирск;Архив №3 Екатеринбург;RG 0001 212 00 03;Регистрация по БП;ВРУК;212;Регистрация;досье;90;AUTO
ОСЦ Самара;Вне подразделений;RG 0001 212 00 03;Регистрация по БП;ВРУК;212;Регистрация;досье;0;AUTO
ОСЦ Самара;Архив №1 Самара;RG 0001 212 00 03;Регистрация по БП;ВРУК;212;Регистрация;досье;85;AUTO
ОСЦ Воронеж;Вне подразделений;RG 0001 099 00 03;Регистрация по БП;ВРУК;99;Регистрация;досье;0;AUTO
ОСЦ Воронеж;Архив №1 Воронеж;RG 0001 099 00 03;Регистрация по БП;ВРУК;99;Регистрация;досье;0;AUTO
ОСЦ Воронеж;Архив №3 Калининград;RG 0001 099 00 03;Регистрация по БП;ВРУК;99;Регистрация;досье;0;AUTO
ОСЦ Воронеж;Архив №4 Санкт-Петербург;RG 0001 099 00 03;Регистрация по БП;ВРУК;99;Регистрация;досье;0;AUTO
ОСЦ Москва;Вне подразделений;RG 0001 099 00 03;Регистрация по БП;ВРУК;99;Регистрация;досье;0;AUTO
ОСЦ Москва;Архив №1 Томилино;RG 0001 099 00 03;Регистрация по БП;ВРУК;99;Регистрация;досье;0;AUTO
ОСЦ Нижний Новгород;Вне подразделений;RG 0001 099 00 03;Регистрация по БП;ВРУК;99;Регистрация;досье;0;AUTO
ОСЦ Нижний Новгород;Архив №1 Нижний Новгород;RG 0001 099 00 03;Регистрация по БП;ВРУК;99;Регистрация;досье;0;AUTO
ОСЦ Новосибирск;Вне подразделений;RG 0001 099 00 03;Регистрация по БП;ВРУК;99;Регистрация;досье;0;AUTO
ОСЦ Новосибирск;Архив №1 Новосибирск;RG 0001 099 00 03;Регистрация по БП;ВРУК;99;Регистрация;досье;0;AUTO
ОСЦ Новосибирск;Архив №3 Екатеринбург;RG 0001 099 00 03;Регистрация по БП;ВРУК;99;Регистрация;досье;0;AUTO
ОСЦ Самара;Вне подразделений;RG 0001 099 00 03;Регистрация по БП;ВРУК;99;Регистрация;досье;0;AUTO
ОСЦ Самара;Архив №1 Самара;RG 0001 099 00 03;Регистрация по БП;ВРУК;99;Регистрация;досье;0;AUTO
ОСЦ Воронеж;Вне подразделений;RG 0001 141 00 03;Регистрация по БП;ВРУК;141;Регистрация;досье;0;AUTO
ОСЦ Воронеж;Архив №1 Воронеж;RG 0001 141 00 03;Регистрация по БП;ВРУК;141;Регистрация;досье;95;AUTO
ОСЦ Воронеж;Архив №3 Калининград;RG 0001 141 00 03;Регистрация по БП;ВРУК;141;Регистрация;досье;83,267;AUTO
ОСЦ Воронеж;Архив №4 Санкт-Петербург;RG 0001 141 00 03;Регистрация по БП;ВРУК;141;Регистрация;досье;82,333;AUTO
ОСЦ Москва;Вне подразделений;RG 0001 141 00 03;Регистрация по БП;ВРУК;141;Регистрация;досье;0;AUTO
ОСЦ Москва;Архив №1 Томилино;RG 0001 141 00 03;Регистрация по БП;ВРУК;141;Регистрация;досье;92;AUTO
ОСЦ Нижний Новгород;Вне подразделений;RG 0001 141 00 03;Регистрация по БП;ВРУК;141;Регистрация;досье;0;AUTO
ОСЦ Нижний Новгород;Архив №1 Нижний Новгород;RG 0001 141 00 03;Регистрация по БП;ВРУК;141;Регистрация;досье;90;AUTO
ОСЦ Новосибирск;Вне подразделений;RG 0001 141 00 03;Регистрация по БП;ВРУК;141;Регистрация;досье;0;AUTO
ОСЦ Новосибирск;Архив №1 Новосибирск;RG 0001 141 00 03;Регистрация по БП;ВРУК;141;Регистрация;досье;82;AUTO
ОСЦ Новосибирск;Архив №3 Екатеринбург;RG 0001 141 00 03;Регистрация по БП;ВРУК;141;Регистрация;досье;85;AUTO
ОСЦ Самара;Вне подразделений;RG 0001 141 00 03;Регистрация по БП;ВРУК;141;Регистрация;досье;0;AUTO
ОСЦ Самара;Архив №1 Самара;RG 0001 141 00 03;Регистрация по БП;ВРУК;141;Регистрация;досье;95,8;AUTO
ОСЦ Воронеж;Вне подразделений;RG 0001 148 00 03;Регистрация по БП;ВРУК;148;Регистрация;досье;0;AUTO
ОСЦ Воронеж;Архив №1 Воронеж;RG 0001 148 00 03;Регистрация по БП;ВРУК;148;Регистрация;досье;95;AUTO
ОСЦ Воронеж;Архив №3 Калининград;RG 0001 148 00 03;Регистрация по БП;ВРУК;148;Регистрация;досье;83,033;AUTO
ОСЦ Воронеж;Архив №4 Санкт-Петербург;RG 0001 148 00 03;Регистрация по БП;ВРУК;148;Регистрация;досье;82,333;AUTO
ОСЦ Москва;Вне подразделений;RG 0001 148 00 03;Регистрация по БП;ВРУК;148;Регистрация;досье;0;AUTO
ОСЦ Москва;Архив №1 Томилино;RG 0001 148 00 03;Регистрация по БП;ВРУК;148;Регистрация;досье;92;AUTO
ОСЦ Нижний Новгород;Вне подразделений;RG 0001 148 00 03;Регистрация по БП;ВРУК;148;Регистрация;досье;0;AUTO
ОСЦ Нижний Новгород;Архив №1 Нижний Новгород;RG 0001 148 00 03;Регистрация по БП;ВРУК;148;Регистрация;досье;90;AUTO
ОСЦ Новосибирск;Вне подразделений;RG 0001 148 00 03;Регистрация по БП;ВРУК;148;Регистрация;досье;0;AUTO
ОСЦ Новосибирск;Архив №1 Новосибирск;RG 0001 148 00 03;Регистрация по БП;ВРУК;148;Регистрация;досье;82;AUTO
ОСЦ Новосибирск;Архив №3 Екатеринбург;RG 0001 148 00 03;Регистрация по БП;ВРУК;148;Регистрация;досье;85;AUTO
ОСЦ Самара;Вне подразделений;RG 0001 148 00 03;Регистрация по БП;ВРУК;148;Регистрация;досье;0;AUTO
ОСЦ Самара;Архив №1 Самара;RG 0001 148 00 03;Регистрация по БП;ВРУК;148;Регистрация;досье;90;AUTO
ОСЦ Воронеж;Вне подразделений;RG 0001 149 00 03;Регистрация по БП;ВРУК;149;Регистрация;досье;0;AUTO
ОСЦ Воронеж;Архив №1 Воронеж;RG 0001 149 00 03;Регистрация по БП;ВРУК;149;Регистрация;досье;95;AUTO
ОСЦ Воронеж;Архив №3 Калининград;RG 0001 149 00 03;Регистрация по БП;ВРУК;149;Регистрация;досье;83,067;AUTO
ОСЦ Воронеж;Архив №4 Санкт-Петербург;RG 0001 149 00 03;Регистрация по БП;ВРУК;149;Регистрация;досье;82,333;AUTO
ОСЦ Москва;Вне подразделений;RG 0001 149 00 03;Регистрация по БП;ВРУК;149;Регистрация;досье;0;AUTO
ОСЦ Москва;Архив №1 Томилино;RG 0001 149 00 03;Регистрация по БП;ВРУК;149;Регистрация;досье;92;AUTO
ОСЦ Нижний Новгород;Вне подразделений;RG 0001 149 00 03;Регистрация по БП;ВРУК;149;Регистрация;досье;0;AUTO
ОСЦ Нижний Новгород;Архив №1 Нижний Новгород;RG 0001 149 00 03;Регистрация по БП;ВРУК;149;Регистрация;досье;90;AUTO
ОСЦ Новосибирск;Вне подразделений;RG 0001 149 00 03;Регистрация по БП;ВРУК;149;Регистрация;досье;0;AUTO
ОСЦ Новосибирск;Архив №1 Новосибирск;RG 0001 149 00 03;Регистрация по БП;ВРУК;149;Регистрация;досье;82;AUTO
ОСЦ Новосибирск;Архив №3 Екатеринбург;RG 0001 149 00 03;Регистрация по БП;ВРУК;149;Регистрация;досье;85;AUTO
ОСЦ Самара;Вне подразделений;RG 0001 149 00 03;Регистрация по БП;ВРУК;149;Регистрация;досье;0;AUTO
ОСЦ Самара;Архив №1 Самара;RG 0001 149 00 03;Регистрация по БП;ВРУК;149;Регистрация;досье;96,433;AUTO
ОСЦ Воронеж;Вне подразделений;RG 0001 011 00 03;Регистрация по БП;ВРУК;11;Регистрация;досье;0;AUTO
ОСЦ Воронеж;Архив №1 Воронеж;RG 0001 011 00 03;Регистрация по БП;ВРУК;11;Регистрация;досье;91,267;AUTO
ОСЦ Воронеж;Архив №3 Калининград;RG 0001 011 00 03;Регистрация по БП;ВРУК;11;Регистрация;досье;0;AUTO
ОСЦ Воронеж;Архив №4 Санкт-Петербург;RG 0001 011 00 03;Регистрация по БП;ВРУК;11;Регистрация;досье;80;AUTO
ОСЦ Москва;Вне подразделений;RG 0001 011 00 03;Регистрация по БП;ВРУК;11;Регистрация;досье;0;AUTO
ОСЦ Москва;Архив №1 Томилино;RG 0001 011 00 03;Регистрация по БП;ВРУК;11;Регистрация;досье;85,533;AUTO
ОСЦ Нижний Новгород;Вне подразделений;RG 0001 011 00 03;Регистрация по БП;ВРУК;11;Регистрация;досье;0;AUTO
ОСЦ Нижний Новгород;Архив №1 Нижний Новгород;RG 0001 011 00 03;Регистрация по БП;ВРУК;11;Регистрация;досье;90;AUTO
ОСЦ Новосибирск;Вне подразделений;RG 0001 011 00 03;Регистрация по БП;ВРУК;11;Регистрация;досье;0;AUTO
ОСЦ Новосибирск;Архив №1 Новосибирск;RG 0001 011 00 03;Регистрация по БП;ВРУК;11;Регистрация;досье;82;AUTO
ОСЦ Новосибирск;Архив №3 Екатеринбург;RG 0001 011 00 03;Регистрация по БП;ВРУК;11;Регистрация;досье;85;AUTO
ОСЦ Самара;Вне подразделений;RG 0001 011 00 03;Регистрация по БП;ВРУК;11;Регистрация;досье;0;AUTO
ОСЦ Самара;Архив №1 Самара;RG 0001 011 00 03;Регистрация по БП;ВРУК;11;Регистрация;досье;90;AUTO
ОСЦ Воронеж;Вне подразделений;RG 0001 021 00 03;Регистрация по БП;ВРУК;21;Регистрация;досье;0;AUTO
ОСЦ Воронеж;Архив №1 Воронеж;RG 0001 021 00 03;Регистрация по БП;ВРУК;21;Регистрация;досье;95;AUTO
ОСЦ Воронеж;Архив №3 Калининград;RG 0001 021 00 03;Регистрация по БП;ВРУК;21;Регистрация;досье;82,645;AUTO
ОСЦ Воронеж;Архив №4 Санкт-Петербург;RG 0001 021 00 03;Регистрация по БП;ВРУК;21;Регистрация;досье;94,5;AUTO
ОСЦ Москва;Вне подразделений;RG 0001 021 00 03;Регистрация по БП;ВРУК;21;Регистрация;досье;0;AUTO
ОСЦ Москва;Архив №1 Томилино;RG 0001 021 00 03;Регистрация по БП;ВРУК;21;Регистрация;досье;86,692;AUTO
ОСЦ Нижний Новгород;Вне подразделений;RG 0001 021 00 03;Регистрация по БП;ВРУК;21;Регистрация;досье;0;AUTO
ОСЦ Нижний Новгород;Архив №1 Нижний Новгород;RG 0001 021 00 03;Регистрация по БП;ВРУК;21;Регистрация;досье;94,9;AUTO
ОСЦ Новосибирск;Вне подразделений;RG 0001 021 00 03;Регистрация по БП;ВРУК;21;Регистрация;досье;0;AUTO
ОСЦ Новосибирск;Архив №1 Новосибирск;RG 0001 021 00 03;Регистрация по БП;ВРУК;21;Регистрация;досье;85,533;AUTO
ОСЦ Новосибирск;Архив №3 Екатеринбург;RG 0001 021 00 03;Регистрация по БП;ВРУК;21;Регистрация;досье;86;AUTO
ОСЦ Самара;Вне подразделений;RG 0001 021 00 03;Регистрация по БП;ВРУК;21;Регистрация;досье;0;AUTO
ОСЦ Самара;Архив №1 Самара;RG 0001 021 00 03;Регистрация по БП;ВРУК;21;Регистрация;досье;96,033;AUTO
ОСЦ Воронеж;Вне подразделений;RG 0001 211 00 03;Регистрация по БП;ВРУК;211;Регистрация;досье;0;AUTO
ОСЦ Воронеж;Архив №1 Воронеж;RG 0001 211 00 03;Регистрация по БП;ВРУК;211;Регистрация;досье;29,767;AUTO
ОСЦ Воронеж;Архив №3 Калининград;RG 0001 211 00 03;Регистрация по БП;ВРУК;211;Регистрация;досье;26,019;AUTO
ОСЦ Воронеж;Архив №4 Санкт-Петербург;RG 0001 211 00 03;Регистрация по БП;ВРУК;211;Регистрация;досье;27,767;AUTO
ОСЦ Москва;Вне подразделений;RG 0001 211 00 03;Регистрация по БП;ВРУК;211;Регистрация;досье;0;AUTO
ОСЦ Москва;Архив №1 Томилино;RG 0001 211 00 03;Регистрация по БП;ВРУК;211;Регистрация;досье;30;AUTO
ОСЦ Нижний Новгород;Вне подразделений;RG 0001 211 00 03;Регистрация по БП;ВРУК;211;Регистрация;досье;0;AUTO
ОСЦ Нижний Новгород;Архив №1 Нижний Новгород;RG 0001 211 00 03;Регистрация по БП;ВРУК;211;Регистрация;досье;26,831;AUTO
ОСЦ Новосибирск;Вне подразделений;RG 0001 211 00 03;Регистрация по БП;ВРУК;211;Регистрация;досье;0;AUTO
ОСЦ Новосибирск;Архив №1 Новосибирск;RG 0001 211 00 03;Регистрация по БП;ВРУК;211;Регистрация;досье;29;AUTO
ОСЦ Новосибирск;Архив №3 Екатеринбург;RG 0001 211 00 03;Регистрация по БП;ВРУК;211;Регистрация;досье;28,465;AUTO
ОСЦ Самара;Вне подразделений;RG 0001 211 00 03;Регистрация по БП;ВРУК;211;Регистрация;досье;0;AUTO
ОСЦ Самара;Архив №1 Самара;RG 0001 211 00 03;Регистрация по БП;ВРУК;211;Регистрация;досье;27,242;AUTO
ОСЦ Воронеж;Вне подразделений;RG 0001 020 00 03;Регистрация по БП;ВРУК;20;Регистрация;досье;0;AUTO
ОСЦ Воронеж;Архив №1 Воронеж;RG 0001 020 00 03;Регистрация по БП;ВРУК;20;Регистрация;досье;0;AUTO
ОСЦ Воронеж;Архив №3 Калининград;RG 0001 020 00 03;Регистрация по БП;ВРУК;20;Регистрация;досье;0;AUTO
ОСЦ Воронеж;Архив №4 Санкт-Петербург;RG 0001 020 00 03;Регистрация по БП;ВРУК;20;Регистрация;досье;0;AUTO
ОСЦ Москва;Вне подразделений;RG 0001 020 00 03;Регистрация по БП;ВРУК;20;Регистрация;досье;0;AUTO
ОСЦ Москва;Архив №1 Томилино;RG 0001 020 00 03;Регистрация по БП;ВРУК;20;Регистрация;досье;0;AUTO
ОСЦ Нижний Новгород;Вне подразделений;RG 0001 020 00 03;Регистрация по БП;ВРУК;20;Регистрация;досье;0;AUTO
ОСЦ Нижний Новгород;Архив №1 Нижний Новгород;RG 0001 020 00 03;Регистрация по БП;ВРУК;20;Регистрация;досье;0;AUTO
ОСЦ Новосибирск;Вне подразделений;RG 0001 020 00 03;Регистрация по БП;ВРУК;20;Регистрация;досье;0;AUTO
ОСЦ Новосибирск;Архив №1 Новосибирск;RG 0001 020 00 03;Регистрация по БП;ВРУК;20;Регистрация;досье;0;AUTO
ОСЦ Новосибирск;Архив №3 Екатеринбург;RG 0001 020 00 03;Регистрация по БП;ВРУК;20;Регистрация;досье;0;AUTO
ОСЦ Самара;Вне подразделений;RG 0001 020 00 03;Регистрация по БП;ВРУК;20;Регистрация;досье;0;AUTO
ОСЦ Самара;Архив №1 Самара;RG 0001 020 00 03;Регистрация по БП;ВРУК;20;Регистрация;досье;0;AUTO
ОСЦ Воронеж;Вне подразделений;RG 0001 241 00 03;Регистрация по БП;ВРУК;241;Регистрация;досье;0;AUTO
ОСЦ Воронеж;Архив №1 Воронеж;RG 0001 241 00 03;Регистрация по БП;ВРУК;241;Регистрация;досье;0;AUTO
ОСЦ Воронеж;Архив №3 Калининград;RG 0001 241 00 03;Регистрация по БП;ВРУК;241;Регистрация;досье;0;AUTO
ОСЦ Воронеж;Архив №4 Санкт-Петербург;RG 0001 241 00 03;Регистрация по БП;ВРУК;241;Регистрация;досье;0;AUTO
ОСЦ Москва;Вне подразделений;RG 0001 241 00 03;Регистрация по БП;ВРУК;241;Регистрация;досье;0;AUTO
ОСЦ Москва;Архив №1 Томилино;RG 0001 241 00 03;Регистрация по БП;ВРУК;241;Регистрация;досье;0;AUTO
ОСЦ Нижний Новгород;Вне подразделений;RG 0001 241 00 03;Регистрация по БП;ВРУК;241;Регистрация;досье;0;AUTO
ОСЦ Нижний Новгород;Архив №1 Нижний Новгород;RG 0001 241 00 03;Регистрация по БП;ВРУК;241;Регистрация;досье;90;AUTO
ОСЦ Новосибирск;Вне подразделений;RG 0001 241 00 03;Регистрация по БП;ВРУК;241;Регистрация;досье;0;AUTO
ОСЦ Новосибирск;Архив №1 Новосибирск;RG 0001 241 00 03;Регистрация по БП;ВРУК;241;Регистрация;досье;0;AUTO
ОСЦ Новосибирск;Архив №3 Екатеринбург;RG 0001 241 00 03;Регистрация по БП;ВРУК;241;Регистрация;досье;0;AUTO
ОСЦ Самара;Вне подразделений;RG 0001 241 00 03;Регистрация по БП;ВРУК;241;Регистрация;досье;0;AUTO
ОСЦ Самара;Архив №1 Самара;RG 0001 241 00 03;Регистрация по БП;ВРУК;241;Регистрация;досье;0;AUTO
ОСЦ Воронеж;Вне подразделений;RG 0001 043 00 03;Регистрация по БП;ВРУК;43;Регистрация;досье;0;AUTO
ОСЦ Воронеж;Архив №1 Воронеж;RG 0001 043 00 03;Регистрация по БП;ВРУК;43;Регистрация;досье;84,367;AUTO
ОСЦ Воронеж;Архив №3 Калининград;RG 0001 043 00 03;Регистрация по БП;ВРУК;43;Регистрация;досье;0;AUTO
ОСЦ Воронеж;Архив №4 Санкт-Петербург;RG 0001 043 00 03;Регистрация по БП;ВРУК;43;Регистрация;досье;60;AUTO
ОСЦ Москва;Вне подразделений;RG 0001 043 00 03;Регистрация по БП;ВРУК;43;Регистрация;досье;0;AUTO
ОСЦ Москва;Архив №1 Томилино;RG 0001 043 00 03;Регистрация по БП;ВРУК;43;Регистрация;досье;84,525;AUTO
ОСЦ Нижний Новгород;Вне подразделений;RG 0001 043 00 03;Регистрация по БП;ВРУК;43;Регистрация;досье;0;AUTO
ОСЦ Нижний Новгород;Архив №1 Нижний Новгород;RG 0001 043 00 03;Регистрация по БП;ВРУК;43;Регистрация;досье;84,633;AUTO
ОСЦ Новосибирск;Вне подразделений;RG 0001 043 00 03;Регистрация по БП;ВРУК;43;Регистрация;досье;0;AUTO
ОСЦ Новосибирск;Архив №1 Новосибирск;RG 0001 043 00 03;Регистрация по БП;ВРУК;43;Регистрация;досье;84,502;AUTO
ОСЦ Новосибирск;Архив №3 Екатеринбург;RG 0001 043 00 03;Регистрация по БП;ВРУК;43;Регистрация;досье;85;AUTO
ОСЦ Самара;Вне подразделений;RG 0001 043 00 03;Регистрация по БП;ВРУК;43;Регистрация;досье;0;AUTO
ОСЦ Самара;Архив №1 Самара;RG 0001 043 00 03;Регистрация по БП;ВРУК;43;Регистрация;досье;60;AUTO
ОСЦ Воронеж;Вне подразделений;RG 0001 012 00 03;Регистрация по БП;ВРУК;12;Регистрация;досье;0;AUTO
ОСЦ Воронеж;Архив №1 Воронеж;RG 0001 012 00 03;Регистрация по БП;ВРУК;12;Регистрация;досье;0;AUTO
ОСЦ Воронеж;Архив №3 Калининград;RG 0001 012 00 03;Регистрация по БП;ВРУК;12;Регистрация;досье;0;AUTO
ОСЦ Воронеж;Архив №4 Санкт-Петербург;RG 0001 012 00 03;Регистрация по БП;ВРУК;12;Регистрация;досье;0;AUTO
ОСЦ Москва;Вне подразделений;RG 0001 012 00 03;Регистрация по БП;ВРУК;12;Регистрация;досье;0;AUTO
ОСЦ Москва;Архив №1 Томилино;RG 0001 012 00 03;Регистрация по БП;ВРУК;12;Регистрация;досье;0;AUTO
ОСЦ Нижний Новгород;Вне подразделений;RG 0001 012 00 03;Регистрация по БП;ВРУК;12;Регистрация;досье;0;AUTO
ОСЦ Нижний Новгород;Архив №1 Нижний Новгород;RG 0001 012 00 03;Регистрация по БП;ВРУК;12;Регистрация;досье;93;AUTO
ОСЦ Новосибирск;Вне подразделений;RG 0001 012 00 03;Регистрация по БП;ВРУК;12;Регистрация;досье;0;AUTO
ОСЦ Новосибирск;Архив №1 Новосибирск;RG 0001 012 00 03;Регистрация по БП;ВРУК;12;Регистрация;досье;0;AUTO
ОСЦ Новосибирск;Архив №3 Екатеринбург;RG 0001 012 00 03;Регистрация по БП;ВРУК;12;Регистрация;досье;0;AUTO
ОСЦ Самара;Вне подразделений;RG 0001 012 00 03;Регистрация по БП;ВРУК;12;Регистрация;досье;0;AUTO
ОСЦ Самара;Архив №1 Самара;RG 0001 012 00 03;Регистрация по БП;ВРУК;12;Регистрация;досье;0;AUTO
ОСЦ Воронеж;Вне подразделений;RG 0001 236 00 03;Регистрация по БП;ВРУК;236;Регистрация;досье;0;AUTO
ОСЦ Воронеж;Архив №1 Воронеж;RG 0001 236 00 03;Регистрация по БП;ВРУК;236;Регистрация;досье;0;AUTO
ОСЦ Воронеж;Архив №3 Калининград;RG 0001 236 00 03;Регистрация по БП;ВРУК;236;Регистрация;досье;0;AUTO
ОСЦ Воронеж;Архив №4 Санкт-Петербург;RG 0001 236 00 03;Регистрация по БП;ВРУК;236;Регистрация;досье;0;AUTO
ОСЦ Москва;Вне подразделений;RG 0001 236 00 03;Регистрация по БП;ВРУК;236;Регистрация;досье;0;AUTO
ОСЦ Москва;Архив №1 Томилино;RG 0001 236 00 03;Регистрация по БП;ВРУК;236;Регистрация;досье;0;AUTO
ОСЦ Нижний Новгород;Вне подразделений;RG 0001 236 00 03;Регистрация по БП;ВРУК;236;Регистрация;досье;0;AUTO
ОСЦ Нижний Новгород;Архив №1 Нижний Новгород;RG 0001 236 00 03;Регистрация по БП;ВРУК;236;Регистрация;досье;75;AUTO
ОСЦ Новосибирск;Вне подразделений;RG 0001 236 00 03;Регистрация по БП;ВРУК;236;Регистрация;досье;0;AUTO
ОСЦ Новосибирск;Архив №1 Новосибирск;RG 0001 236 00 03;Регистрация по БП;ВРУК;236;Регистрация;досье;0;AUTO
ОСЦ Новосибирск;Архив №3 Екатеринбург;RG 0001 236 00 03;Регистрация по БП;ВРУК;236;Регистрация;досье;0;AUTO
ОСЦ Самара;Вне подразделений;RG 0001 236 00 03;Регистрация по БП;ВРУК;236;Регистрация;досье;0;AUTO
ОСЦ Самара;Архив №1 Самара;RG 0001 236 00 03;Регистрация по БП;ВРУК;236;Регистрация;досье;72;AUTO
ОСЦ Воронеж;Вне подразделений;RG 0001 238 00 03;Регистрация по БП;ВРУК;238;Регистрация;досье;0;AUTO
ОСЦ Воронеж;Архив №1 Воронеж;RG 0001 238 00 03;Регистрация по БП;ВРУК;238;Регистрация;досье;95;AUTO
ОСЦ Воронеж;Архив №3 Калининград;RG 0001 238 00 03;Регистрация по БП;ВРУК;238;Регистрация;досье;0;AUTO
ОСЦ Воронеж;Архив №4 Санкт-Петербург;RG 0001 238 00 03;Регистрация по БП;ВРУК;238;Регистрация;досье;81,133;AUTO
ОСЦ Москва;Вне подразделений;RG 0001 238 00 03;Регистрация по БП;ВРУК;238;Регистрация;досье;0;AUTO
ОСЦ Москва;Архив №1 Томилино;RG 0001 238 00 03;Регистрация по БП;ВРУК;238;Регистрация;досье;86,692;AUTO
ОСЦ Нижний Новгород;Вне подразделений;RG 0001 238 00 03;Регистрация по БП;ВРУК;238;Регистрация;досье;0;AUTO
ОСЦ Нижний Новгород;Архив №1 Нижний Новгород;RG 0001 238 00 03;Регистрация по БП;ВРУК;238;Регистрация;досье;95,031;AUTO
ОСЦ Новосибирск;Вне подразделений;RG 0001 238 00 03;Регистрация по БП;ВРУК;238;Регистрация;досье;0;AUTO
ОСЦ Новосибирск;Архив №1 Новосибирск;RG 0001 238 00 03;Регистрация по БП;ВРУК;238;Регистрация;досье;82;AUTO
ОСЦ Новосибирск;Архив №3 Екатеринбург;RG 0001 238 00 03;Регистрация по БП;ВРУК;238;Регистрация;досье;89;AUTO
ОСЦ Самара;Вне подразделений;RG 0001 238 00 03;Регистрация по БП;ВРУК;238;Регистрация;досье;0;AUTO
ОСЦ Самара;Архив №1 Самара;RG 0001 238 00 03;Регистрация по БП;ВРУК;238;Регистрация;досье;90;AUTO
ОСЦ Воронеж;Вне подразделений;RG 0001 234 00 03;Регистрация по БП;ВРУК;234;Регистрация;досье;0;AUTO
ОСЦ Воронеж;Архив №1 Воронеж;RG 0001 234 00 03;Регистрация по БП;ВРУК;234;Регистрация;досье;95;AUTO
ОСЦ Воронеж;Архив №3 Калининград;RG 0001 234 00 03;Регистрация по БП;ВРУК;234;Регистрация;досье;82,933;AUTO
ОСЦ Воронеж;Архив №4 Санкт-Петербург;RG 0001 234 00 03;Регистрация по БП;ВРУК;234;Регистрация;досье;80,044;AUTO
ОСЦ Москва;Вне подразделений;RG 0001 234 00 03;Регистрация по БП;ВРУК;234;Регистрация;досье;0;AUTO
ОСЦ Москва;Архив №1 Томилино;RG 0001 234 00 03;Регистрация по БП;ВРУК;234;Регистрация;досье;86,692;AUTO
ОСЦ Нижний Новгород;Вне подразделений;RG 0001 234 00 03;Регистрация по БП;ВРУК;234;Регистрация;досье;0;AUTO
ОСЦ Нижний Новгород;Архив №1 Нижний Новгород;RG 0001 234 00 03;Регистрация по БП;ВРУК;234;Регистрация;досье;90;AUTO
ОСЦ Новосибирск;Вне подразделений;RG 0001 234 00 03;Регистрация по БП;ВРУК;234;Регистрация;досье;0;AUTO
ОСЦ Новосибирск;Архив №1 Новосибирск;RG 0001 234 00 03;Регистрация по БП;ВРУК;234;Регистрация;досье;82;AUTO
ОСЦ Новосибирск;Архив №3 Екатеринбург;RG 0001 234 00 03;Регистрация по БП;ВРУК;234;Регистрация;досье;85;AUTO
ОСЦ Самара;Вне подразделений;RG 0001 234 00 03;Регистрация по БП;ВРУК;234;Регистрация;досье;0;AUTO
ОСЦ Самара;Архив №1 Самара;RG 0001 234 00 03;Регистрация по БП;ВРУК;234;Регистрация;досье;93,525;AUTO
ОСЦ Воронеж;Вне подразделений;RG 0001 042 00 03;Регистрация по БП;ВРУК;42;Регистрация;досье;0;AUTO
ОСЦ Воронеж;Архив №1 Воронеж;RG 0001 042 00 03;Регистрация по БП;ВРУК;42;Регистрация;досье;93,033;AUTO
ОСЦ Воронеж;Архив №3 Калининград;RG 0001 042 00 03;Регистрация по БП;ВРУК;42;Регистрация;досье;79,433;AUTO
ОСЦ Воронеж;Архив №4 Санкт-Петербург;RG 0001 042 00 03;Регистрация по БП;ВРУК;42;Регистрация;досье;84,771;AUTO
ОСЦ Москва;Вне подразделений;RG 0001 042 00 03;Регистрация по БП;ВРУК;42;Регистрация;досье;0;AUTO
ОСЦ Москва;Архив №1 Томилино;RG 0001 042 00 03;Регистрация по БП;ВРУК;42;Регистрация;досье;86,4;AUTO
ОСЦ Нижний Новгород;Вне подразделений;RG 0001 042 00 03;Регистрация по БП;ВРУК;42;Регистрация;досье;0;AUTO
ОСЦ Нижний Новгород;Архив №1 Нижний Новгород;RG 0001 042 00 03;Регистрация по БП;ВРУК;42;Регистрация;досье;93;AUTO
ОСЦ Новосибирск;Вне подразделений;RG 0001 042 00 03;Регистрация по БП;ВРУК;42;Регистрация;досье;0;AUTO
ОСЦ Новосибирск;Архив №1 Новосибирск;RG 0001 042 00 03;Регистрация по БП;ВРУК;42;Регистрация;досье;82;AUTO
ОСЦ Новосибирск;Архив №3 Екатеринбург;RG 0001 042 00 03;Регистрация по БП;ВРУК;42;Регистрация;досье;90;AUTO
ОСЦ Самара;Вне подразделений;RG 0001 042 00 03;Регистрация по БП;ВРУК;42;Регистрация;досье;0;AUTO
ОСЦ Самара;Архив №1 Самара;RG 0001 042 00 03;Регистрация по БП;ВРУК;42;Регистрация;досье;83,273;AUTO
ОСЦ Воронеж;Вне подразделений;RG 0001 213 00 03;Регистрация по БП;ВРУК;213;Регистрация;досье;0;AUTO
ОСЦ Воронеж;Архив №1 Воронеж;RG 0001 213 00 03;Регистрация по БП;ВРУК;213;Регистрация;досье;93,667;AUTO
ОСЦ Воронеж;Архив №3 Калининград;RG 0001 213 00 03;Регистрация по БП;ВРУК;213;Регистрация;досье;82,419;AUTO
ОСЦ Воронеж;Архив №4 Санкт-Петербург;RG 0001 213 00 03;Регистрация по БП;ВРУК;213;Регистрация;досье;80,044;AUTO
ОСЦ Москва;Вне подразделений;RG 0001 213 00 03;Регистрация по БП;ВРУК;213;Регистрация;досье;0;AUTO
ОСЦ Москва;Архив №1 Томилино;RG 0001 213 00 03;Регистрация по БП;ВРУК;213;Регистрация;досье;86,692;AUTO
ОСЦ Нижний Новгород;Вне подразделений;RG 0001 213 00 03;Регистрация по БП;ВРУК;213;Регистрация;досье;0;AUTO
ОСЦ Нижний Новгород;Архив №1 Нижний Новгород;RG 0001 213 00 03;Регистрация по БП;ВРУК;213;Регистрация;досье;90;AUTO
ОСЦ Новосибирск;Вне подразделений;RG 0001 213 00 03;Регистрация по БП;ВРУК;213;Регистрация;досье;0;AUTO
ОСЦ Новосибирск;Архив №1 Новосибирск;RG 0001 213 00 03;Регистрация по БП;ВРУК;213;Регистрация;досье;82;AUTO
ОСЦ Новосибирск;Архив №3 Екатеринбург;RG 0001 213 00 03;Регистрация по БП;ВРУК;213;Регистрация;досье;85;AUTO
ОСЦ Самара;Вне подразделений;RG 0001 213 00 03;Регистрация по БП;ВРУК;213;Регистрация;досье;0;AUTO
ОСЦ Самара;Архив №1 Самара;RG 0001 213 00 03;Регистрация по БП;ВРУК;213;Регистрация;досье;90;AUTO
ОСЦ Воронеж;Вне подразделений;RG 0001 256 00 03;Регистрация по БП;ВРУК;256;Регистрация;досье;0;AUTO
ОСЦ Воронеж;Архив №1 Воронеж;RG 0001 256 00 03;Регистрация по БП;ВРУК;256;Регистрация;досье;0;AUTO
ОСЦ Воронеж;Архив №3 Калининград;RG 0001 256 00 03;Регистрация по БП;ВРУК;256;Регистрация;досье;0;AUTO
ОСЦ Воронеж;Архив №4 Санкт-Петербург;RG 0001 256 00 03;Регистрация по БП;ВРУК;256;Регистрация;досье;0;AUTO
ОСЦ Москва;Вне подразделений;RG 0001 256 00 03;Регистрация по БП;ВРУК;256;Регистрация;досье;0;AUTO
ОСЦ Москва;Архив №1 Томилино;RG 0001 256 00 03;Регистрация по БП;ВРУК;256;Регистрация;досье;0;AUTO
ОСЦ Нижний Новгород;Вне подразделений;RG 0001 256 00 03;Регистрация по БП;ВРУК;256;Регистрация;досье;0;AUTO
ОСЦ Нижний Новгород;Архив №1 Нижний Новгород;RG 0001 256 00 03;Регистрация по БП;ВРУК;256;Регистрация;досье;0;AUTO
ОСЦ Новосибирск;Вне подразделений;RG 0001 256 00 03;Регистрация по БП;ВРУК;256;Регистрация;досье;0;AUTO
ОСЦ Новосибирск;Архив №1 Новосибирск;RG 0001 256 00 03;Регистрация по БП;ВРУК;256;Регистрация;досье;0;AUTO
ОСЦ Новосибирск;Архив №3 Екатеринбург;RG 0001 256 00 03;Регистрация по БП;ВРУК;256;Регистрация;досье;0;AUTO
ОСЦ Самара;Вне подразделений;RG 0001 256 00 03;Регистрация по БП;ВРУК;256;Регистрация;досье;0;AUTO
ОСЦ Самара;Архив №1 Самара;RG 0001 256 00 03;Регистрация по БП;ВРУК;256;Регистрация;досье;0;AUTO
ОСЦ Воронеж;Вне подразделений;RG 0001 253 00 03;Регистрация по БП;ВРУК;253;Регистрация;досье;0;AUTO
ОСЦ Воронеж;Архив №1 Воронеж;RG 0001 253 00 03;Регистрация по БП;ВРУК;253;Регистрация;досье;90,5;AUTO
ОСЦ Воронеж;Архив №3 Калининград;RG 0001 253 00 03;Регистрация по БП;ВРУК;253;Регистрация;досье;0;AUTO
ОСЦ Воронеж;Архив №4 Санкт-Петербург;RG 0001 253 00 03;Регистрация по БП;ВРУК;253;Регистрация;досье;60;AUTO
ОСЦ Москва;Вне подразделений;RG 0001 253 00 03;Регистрация по БП;ВРУК;253;Регистрация;досье;0;AUTO
ОСЦ Москва;Архив №1 Томилино;RG 0001 253 00 03;Регистрация по БП;ВРУК;253;Регистрация;досье;86,692;AUTO
ОСЦ Нижний Новгород;Вне подразделений;RG 0001 253 00 03;Регистрация по БП;ВРУК;253;Регистрация;досье;0;AUTO
ОСЦ Нижний Новгород;Архив №1 Нижний Новгород;RG 0001 253 00 03;Регистрация по БП;ВРУК;253;Регистрация;досье;90;AUTO
ОСЦ Новосибирск;Вне подразделений;RG 0001 253 00 03;Регистрация по БП;ВРУК;253;Регистрация;досье;0;AUTO
ОСЦ Новосибирск;Архив №1 Новосибирск;RG 0001 253 00 03;Регистрация по БП;ВРУК;253;Регистрация;досье;82;AUTO
ОСЦ Новосибирск;Архив №3 Екатеринбург;RG 0001 253 00 03;Регистрация по БП;ВРУК;253;Регистрация;досье;85;AUTO
ОСЦ Самара;Вне подразделений;RG 0001 253 00 03;Регистрация по БП;ВРУК;253;Регистрация;досье;0;AUTO
ОСЦ Самара;Архив №1 Самара;RG 0001 253 00 03;Регистрация по БП;ВРУК;253;Регистрация;досье;85,6;AUTO
ОСЦ Воронеж;Вне подразделений;RG 0001 254 00 03;Регистрация по БП;ВРУК;254;Регистрация;досье;0;AUTO
ОСЦ Воронеж;Архив №1 Воронеж;RG 0001 254 00 03;Регистрация по БП;ВРУК;254;Регистрация;досье;90,467;AUTO
ОСЦ Воронеж;Архив №3 Калининград;RG 0001 254 00 03;Регистрация по БП;ВРУК;254;Регистрация;досье;0;AUTO
ОСЦ Воронеж;Архив №4 Санкт-Петербург;RG 0001 254 00 03;Регистрация по БП;ВРУК;254;Регистрация;досье;60;AUTO
ОСЦ Москва;Вне подразделений;RG 0001 254 00 03;Регистрация по БП;ВРУК;254;Регистрация;досье;0;AUTO
ОСЦ Москва;Архив №1 Томилино;RG 0001 254 00 03;Регистрация по БП;ВРУК;254;Регистрация;досье;86,692;AUTO
ОСЦ Нижний Новгород;Вне подразделений;RG 0001 254 00 03;Регистрация по БП;ВРУК;254;Регистрация;досье;0;AUTO
ОСЦ Нижний Новгород;Архив №1 Нижний Новгород;RG 0001 254 00 03;Регистрация по БП;ВРУК;254;Регистрация;досье;90;AUTO
ОСЦ Новосибирск;Вне подразделений;RG 0001 254 00 03;Регистрация по БП;ВРУК;254;Регистрация;досье;0;AUTO
ОСЦ Новосибирск;Архив №1 Новосибирск;RG 0001 254 00 03;Регистрация по БП;ВРУК;254;Регистрация;досье;82;AUTO
ОСЦ Новосибирск;Архив №3 Екатеринбург;RG 0001 254 00 03;Регистрация по БП;ВРУК;254;Регистрация;досье;85;AUTO
ОСЦ Самара;Вне подразделений;RG 0001 254 00 03;Регистрация по БП;ВРУК;254;Регистрация;досье;0;AUTO
ОСЦ Самара;Архив №1 Самара;RG 0001 254 00 03;Регистрация по БП;ВРУК;254;Регистрация;досье;90;AUTO
ОСЦ Воронеж;Вне подразделений;RG 0001 038 00 03;Регистрация по БП;ВРУК;38;Регистрация;досье;0;AUTO
ОСЦ Воронеж;Архив №1 Воронеж;RG 0001 038 00 03;Регистрация по БП;ВРУК;38;Регистрация;досье;93,002;AUTO
ОСЦ Воронеж;Архив №3 Калининград;RG 0001 038 00 03;Регистрация по БП;ВРУК;38;Регистрация;досье;79,333;AUTO
ОСЦ Воронеж;Архив №4 Санкт-Петербург;RG 0001 038 00 03;Регистрация по БП;ВРУК;38;Регистрация;досье;84,924;AUTO
ОСЦ Москва;Вне подразделений;RG 0001 038 00 03;Регистрация по БП;ВРУК;38;Регистрация;досье;0;AUTO
ОСЦ Москва;Архив №1 Томилино;RG 0001 038 00 03;Регистрация по БП;ВРУК;38;Регистрация;досье;86,692;AUTO
ОСЦ Нижний Новгород;Вне подразделений;RG 0001 038 00 03;Регистрация по БП;ВРУК;38;Регистрация;досье;0;AUTO
ОСЦ Нижний Новгород;Архив №1 Нижний Новгород;RG 0001 038 00 03;Регистрация по БП;ВРУК;38;Регистрация;досье;93,028;AUTO
ОСЦ Новосибирск;Вне подразделений;RG 0001 038 00 03;Регистрация по БП;ВРУК;38;Регистрация;досье;0;AUTO
ОСЦ Новосибирск;Архив №1 Новосибирск;RG 0001 038 00 03;Регистрация по БП;ВРУК;38;Регистрация;досье;82;AUTO
ОСЦ Новосибирск;Архив №3 Екатеринбург;RG 0001 038 00 03;Регистрация по БП;ВРУК;38;Регистрация;досье;90;AUTO
ОСЦ Самара;Вне подразделений;RG 0001 038 00 03;Регистрация по БП;ВРУК;38;Регистрация;досье;0;AUTO
ОСЦ Самара;Архив №1 Самара;RG 0001 038 00 03;Регистрация по БП;ВРУК;38;Регистрация;досье;85,133;AUTO
ОСЦ Воронеж;Вне подразделений;RG 0001 039 00 03;Регистрация по БП;ВРУК;39;Регистрация;досье;0;AUTO
ОСЦ Воронеж;Архив №1 Воронеж;RG 0001 039 00 03;Регистрация по БП;ВРУК;39;Регистрация;досье;93,002;AUTO
ОСЦ Воронеж;Архив №3 Калининград;RG 0001 039 00 03;Регистрация по БП;ВРУК;39;Регистрация;досье;82,033;AUTO
ОСЦ Воронеж;Архив №4 Санкт-Петербург;RG 0001 039 00 03;Регистрация по БП;ВРУК;39;Регистрация;досье;82,556;AUTO
ОСЦ Москва;Вне подразделений;RG 0001 039 00 03;Регистрация по БП;ВРУК;39;Регистрация;досье;0;AUTO
ОСЦ Москва;Архив №1 Томилино;RG 0001 039 00 03;Регистрация по БП;ВРУК;39;Регистрация;досье;86,692;AUTO
ОСЦ Нижний Новгород;Вне подразделений;RG 0001 039 00 03;Регистрация по БП;ВРУК;39;Регистрация;досье;0;AUTO
ОСЦ Нижний Новгород;Архив №1 Нижний Новгород;RG 0001 039 00 03;Регистрация по БП;ВРУК;39;Регистрация;досье;93,009;AUTO
ОСЦ Новосибирск;Вне подразделений;RG 0001 039 00 03;Регистрация по БП;ВРУК;39;Регистрация;досье;0;AUTO
ОСЦ Новосибирск;Архив №1 Новосибирск;RG 0001 039 00 03;Регистрация по БП;ВРУК;39;Регистрация;досье;82;AUTO
ОСЦ Новосибирск;Архив №3 Екатеринбург;RG 0001 039 00 03;Регистрация по БП;ВРУК;39;Регистрация;досье;85;AUTO
ОСЦ Самара;Вне подразделений;RG 0001 039 00 03;Регистрация по БП;ВРУК;39;Регистрация;досье;0;AUTO
ОСЦ Самара;Архив №1 Самара;RG 0001 039 00 03;Регистрация по БП;ВРУК;39;Регистрация;досье;86,767;AUTO
ОСЦ Воронеж;Вне подразделений;RG 0001 237 00 03;Регистрация по БП;ВРУК;237;Регистрация;досье;0;AUTO
ОСЦ Воронеж;Архив №1 Воронеж;RG 0001 237 00 03;Регистрация по БП;ВРУК;237;Регистрация;досье;82,333;AUTO
ОСЦ Воронеж;Архив №3 Калининград;RG 0001 237 00 03;Регистрация по БП;ВРУК;237;Регистрация;досье;0;AUTO
ОСЦ Воронеж;Архив №4 Санкт-Петербург;RG 0001 237 00 03;Регистрация по БП;ВРУК;237;Регистрация;досье;60;AUTO
ОСЦ Москва;Вне подразделений;RG 0001 237 00 03;Регистрация по БП;ВРУК;237;Регистрация;досье;0;AUTO
ОСЦ Москва;Архив №1 Томилино;RG 0001 237 00 03;Регистрация по БП;ВРУК;237;Регистрация;досье;82,5;AUTO
ОСЦ Нижний Новгород;Вне подразделений;RG 0001 237 00 03;Регистрация по БП;ВРУК;237;Регистрация;досье;0;AUTO
ОСЦ Нижний Новгород;Архив №1 Нижний Новгород;RG 0001 237 00 03;Регистрация по БП;ВРУК;237;Регистрация;досье;82,4;AUTO
ОСЦ Новосибирск;Вне подразделений;RG 0001 237 00 03;Регистрация по БП;ВРУК;237;Регистрация;досье;0;AUTO
ОСЦ Новосибирск;Архив №1 Новосибирск;RG 0001 237 00 03;Регистрация по БП;ВРУК;237;Регистрация;досье;82,067;AUTO
ОСЦ Новосибирск;Архив №3 Екатеринбург;RG 0001 237 00 03;Регистрация по БП;ВРУК;237;Регистрация;досье;0;AUTO
ОСЦ Самара;Вне подразделений;RG 0001 237 00 03;Регистрация по БП;ВРУК;237;Регистрация;досье;0;AUTO
ОСЦ Самара;Архив №1 Самара;RG 0001 237 00 03;Регистрация по БП;ВРУК;237;Регистрация;досье;60;AUTO
ОСЦ Воронеж;Вне подразделений;RG 0001 247 00 03;Регистрация по БП;ВРУК;247;Регистрация;досье;0;AUTO
ОСЦ Воронеж;Архив №1 Воронеж;RG 0001 247 00 03;Регистрация по БП;ВРУК;247;Регистрация;досье;0;AUTO
ОСЦ Воронеж;Архив №3 Калининград;RG 0001 247 00 03;Регистрация по БП;ВРУК;247;Регистрация;досье;0;AUTO
ОСЦ Воронеж;Архив №4 Санкт-Петербург;RG 0001 247 00 03;Регистрация по БП;ВРУК;247;Регистрация;досье;0;AUTO
ОСЦ Москва;Вне подразделений;RG 0001 247 00 03;Регистрация по БП;ВРУК;247;Регистрация;досье;0;AUTO
ОСЦ Москва;Архив №1 Томилино;RG 0001 247 00 03;Регистрация по БП;ВРУК;247;Регистрация;досье;0;AUTO
ОСЦ Нижний Новгород;Вне подразделений;RG 0001 247 00 03;Регистрация по БП;ВРУК;247;Регистрация;досье;0;AUTO
ОСЦ Нижний Новгород;Архив №1 Нижний Новгород;RG 0001 247 00 03;Регистрация по БП;ВРУК;247;Регистрация;досье;0;AUTO
ОСЦ Новосибирск;Вне подразделений;RG 0001 247 00 03;Регистрация по БП;ВРУК;247;Регистрация;досье;0;AUTO
ОСЦ Новосибирск;Архив №1 Новосибирск;RG 0001 247 00 03;Регистрация по БП;ВРУК;247;Регистрация;досье;0;AUTO
ОСЦ Новосибирск;Архив №3 Екатеринбург;RG 0001 247 00 03;Регистрация по БП;ВРУК;247;Регистрация;досье;0;AUTO
ОСЦ Самара;Вне подразделений;RG 0001 247 00 03;Регистрация по БП;ВРУК;247;Регистрация;досье;0;AUTO
ОСЦ Самара;Архив №1 Самара;RG 0001 247 00 03;Регистрация по БП;ВРУК;247;Регистрация;досье;0;AUTO
ОСЦ Воронеж;Вне подразделений;RG 0001 264 00 03;Регистрация по БП;ВРУК;264;Регистрация;досье;0;AUTO
ОСЦ Воронеж;Архив №1 Воронеж;RG 0001 264 00 03;Регистрация по БП;ВРУК;264;Регистрация;досье;0;AUTO
ОСЦ Воронеж;Архив №3 Калининград;RG 0001 264 00 03;Регистрация по БП;ВРУК;264;Регистрация;досье;0;AUTO
ОСЦ Воронеж;Архив №4 Санкт-Петербург;RG 0001 264 00 03;Регистрация по БП;ВРУК;264;Регистрация;досье;0;AUTO
ОСЦ Москва;Вне подразделений;RG 0001 264 00 03;Регистрация по БП;ВРУК;264;Регистрация;досье;0;AUTO
ОСЦ Москва;Архив №1 Томилино;RG 0001 264 00 03;Регистрация по БП;ВРУК;264;Регистрация;досье;0;AUTO
ОСЦ Нижний Новгород;Вне подразделений;RG 0001 264 00 03;Регистрация по БП;ВРУК;264;Регистрация;досье;0;AUTO
ОСЦ Нижний Новгород;Архив №1 Нижний Новгород;RG 0001 264 00 03;Регистрация по БП;ВРУК;264;Регистрация;досье;0;AUTO
ОСЦ Новосибирск;Вне подразделений;RG 0001 264 00 03;Регистрация по БП;ВРУК;264;Регистрация;досье;0;AUTO
ОСЦ Новосибирск;Архив №1 Новосибирск;RG 0001 264 00 03;Регистрация по БП;ВРУК;264;Регистрация;досье;0;AUTO
ОСЦ Новосибирск;Архив №3 Екатеринбург;RG 0001 264 00 03;Регистрация по БП;ВРУК;264;Регистрация;досье;0;AUTO
ОСЦ Самара;Вне подразделений;RG 0001 264 00 03;Регистрация по БП;ВРУК;264;Регистрация;досье;0;AUTO
ОСЦ Самара;Архив №1 Самара;RG 0001 264 00 03;Регистрация по БП;ВРУК;264;Регистрация;досье;0;AUTO
ОСЦ Воронеж;Вне подразделений;RG 0001 245 00 03;Регистрация по БП;ВРУК;245;Регистрация;досье;0;AUTO
ОСЦ Воронеж;Архив №1 Воронеж;RG 0001 245 00 03;Регистрация по БП;ВРУК;245;Регистрация;досье;0;AUTO
ОСЦ Воронеж;Архив №3 Калининград;RG 0001 245 00 03;Регистрация по БП;ВРУК;245;Регистрация;досье;0;AUTO
ОСЦ Воронеж;Архив №4 Санкт-Петербург;RG 0001 245 00 03;Регистрация по БП;ВРУК;245;Регистрация;досье;0;AUTO
ОСЦ Москва;Вне подразделений;RG 0001 245 00 03;Регистрация по БП;ВРУК;245;Регистрация;досье;0;AUTO
ОСЦ Москва;Архив №1 Томилино;RG 0001 245 00 03;Регистрация по БП;ВРУК;245;Регистрация;досье;0;AUTO
ОСЦ Нижний Новгород;Вне подразделений;RG 0001 245 00 03;Регистрация по БП;ВРУК;245;Регистрация;досье;0;AUTO
ОСЦ Нижний Новгород;Архив №1 Нижний Новгород;RG 0001 245 00 03;Регистрация по БП;ВРУК;245;Регистрация;досье;0;AUTO
ОСЦ Новосибирск;Вне подразделений;RG 0001 245 00 03;Регистрация по БП;ВРУК;245;Регистрация;досье;0;AUTO
ОСЦ Новосибирск;Архив №1 Новосибирск;RG 0001 245 00 03;Регистрация по БП;ВРУК;245;Регистрация;досье;0;AUTO
ОСЦ Новосибирск;Архив №3 Екатеринбург;RG 0001 245 00 03;Регистрация по БП;ВРУК;245;Регистрация;досье;0;AUTO
ОСЦ Самара;Вне подразделений;RG 0001 245 00 03;Регистрация по БП;ВРУК;245;Регистрация;досье;0;AUTO
ОСЦ Самара;Архив №1 Самара;RG 0001 245 00 03;Регистрация по БП;ВРУК;245;Регистрация;досье;0;AUTO
ОСЦ Воронеж;Вне подразделений;RG 0001 098 00 03;Регистрация по БП;ВРУК;98;Регистрация;досье;0;AUTO
ОСЦ Воронеж;Архив №1 Воронеж;RG 0001 098 00 03;Регистрация по БП;ВРУК;98;Регистрация;досье;0;AUTO
ОСЦ Воронеж;Архив №3 Калининград;RG 0001 098 00 03;Регистрация по БП;ВРУК;98;Регистрация;досье;0;AUTO
ОСЦ Воронеж;Архив №4 Санкт-Петербург;RG 0001 098 00 03;Регистрация по БП;ВРУК;98;Регистрация;досье;90,967;AUTO
ОСЦ Москва;Вне подразделений;RG 0001 098 00 03;Регистрация по БП;ВРУК;98;Регистрация;досье;0;AUTO
ОСЦ Москва;Архив №1 Томилино;RG 0001 098 00 03;Регистрация по БП;ВРУК;98;Регистрация;досье;0;AUTO
ОСЦ Нижний Новгород;Вне подразделений;RG 0001 098 00 03;Регистрация по БП;ВРУК;98;Регистрация;досье;0;AUTO
ОСЦ Нижний Новгород;Архив №1 Нижний Новгород;RG 0001 098 00 03;Регистрация по БП;ВРУК;98;Регистрация;досье;90,1;AUTO
ОСЦ Новосибирск;Вне подразделений;RG 0001 098 00 03;Регистрация по БП;ВРУК;98;Регистрация;досье;0;AUTO
ОСЦ Новосибирск;Архив №1 Новосибирск;RG 0001 098 00 03;Регистрация по БП;ВРУК;98;Регистрация;досье;0;AUTO
ОСЦ Новосибирск;Архив №3 Екатеринбург;RG 0001 098 00 03;Регистрация по БП;ВРУК;98;Регистрация;досье;88;AUTO
ОСЦ Самара;Вне подразделений;RG 0001 098 00 03;Регистрация по БП;ВРУК;98;Регистрация;досье;0;AUTO
ОСЦ Самара;Архив №1 Самара;RG 0001 098 00 03;Регистрация по БП;ВРУК;98;Регистрация;досье;0;AUTO
ОСЦ Воронеж;Вне подразделений;RG 0001 235 00 03;Регистрация по БП;ВРУК;235;Регистрация;досье;0;AUTO
ОСЦ Воронеж;Архив №1 Воронеж;RG 0001 235 00 03;Регистрация по БП;ВРУК;235;Регистрация;досье;0;AUTO
ОСЦ Воронеж;Архив №3 Калининград;RG 0001 235 00 03;Регистрация по БП;ВРУК;235;Регистрация;досье;0;AUTO
ОСЦ Воронеж;Архив №4 Санкт-Петербург;RG 0001 235 00 03;Регистрация по БП;ВРУК;235;Регистрация;досье;0;AUTO
ОСЦ Москва;Вне подразделений;RG 0001 235 00 03;Регистрация по БП;ВРУК;235;Регистрация;досье;0;AUTO
ОСЦ Москва;Архив №1 Томилино;RG 0001 235 00 03;Регистрация по БП;ВРУК;235;Регистрация;досье;0;AUTO
ОСЦ Нижний Новгород;Вне подразделений;RG 0001 235 00 03;Регистрация по БП;ВРУК;235;Регистрация;досье;0;AUTO
ОСЦ Нижний Новгород;Архив №1 Нижний Новгород;RG 0001 235 00 03;Регистрация по БП;ВРУК;235;Регистрация;досье;0;AUTO
ОСЦ Новосибирск;Вне подразделений;RG 0001 235 00 03;Регистрация по БП;ВРУК;235;Регистрация;досье;0;AUTO
ОСЦ Новосибирск;Архив №1 Новосибирск;RG 0001 235 00 03;Регистрация по БП;ВРУК;235;Регистрация;досье;0;AUTO
ОСЦ Новосибирск;Архив №3 Екатеринбург;RG 0001 235 00 03;Регистрация по БП;ВРУК;235;Регистрация;досье;0;AUTO
ОСЦ Самара;Вне подразделений;RG 0001 235 00 03;Регистрация по БП;ВРУК;235;Регистрация;досье;0;AUTO
ОСЦ Самара;Архив №1 Самара;RG 0001 235 00 03;Регистрация по БП;ВРУК;235;Регистрация;досье;0;AUTO
ОСЦ Воронеж;Вне подразделений;RG 0001 223 00 03;Регистрация по БП;ВРУК;223;Регистрация;досье;0;AUTO
ОСЦ Воронеж;Архив №1 Воронеж;RG 0001 223 00 03;Регистрация по БП;ВРУК;223;Регистрация;досье;80;AUTO
ОСЦ Воронеж;Архив №3 Калининград;RG 0001 223 00 03;Регистрация по БП;ВРУК;223;Регистрация;досье;0;AUTO
ОСЦ Воронеж;Архив №4 Санкт-Петербург;RG 0001 223 00 03;Регистрация по БП;ВРУК;223;Регистрация;досье;75;AUTO
ОСЦ Москва;Вне подразделений;RG 0001 223 00 03;Регистрация по БП;ВРУК;223;Регистрация;досье;0;AUTO
ОСЦ Москва;Архив №1 Томилино;RG 0001 223 00 03;Регистрация по БП;ВРУК;223;Регистрация;досье;74,669;AUTO
ОСЦ Нижний Новгород;Вне подразделений;RG 0001 223 00 03;Регистрация по БП;ВРУК;223;Регистрация;досье;0;AUTO
ОСЦ Нижний Новгород;Архив №1 Нижний Новгород;RG 0001 223 00 03;Регистрация по БП;ВРУК;223;Регистрация;досье;75;AUTO
ОСЦ Новосибирск;Вне подразделений;RG 0001 223 00 03;Регистрация по БП;ВРУК;223;Регистрация;досье;0;AUTO
ОСЦ Новосибирск;Архив №1 Новосибирск;RG 0001 223 00 03;Регистрация по БП;ВРУК;223;Регистрация;досье;80;AUTO
ОСЦ Новосибирск;Архив №3 Екатеринбург;RG 0001 223 00 03;Регистрация по БП;ВРУК;223;Регистрация;досье;72,5;AUTO
ОСЦ Самара;Вне подразделений;RG 0001 223 00 03;Регистрация по БП;ВРУК;223;Регистрация;досье;0;AUTO
ОСЦ Самара;Архив №1 Самара;RG 0001 223 00 03;Регистрация по БП;ВРУК;223;Регистрация;досье;80;AUTO
ОСЦ Воронеж;Вне подразделений;RG 0001 224 00 03;Регистрация по БП;ВРУК;224;Регистрация;досье;0;AUTO
ОСЦ Воронеж;Архив №1 Воронеж;RG 0001 224 00 03;Регистрация по БП;ВРУК;224;Регистрация;досье;80;AUTO
ОСЦ Воронеж;Архив №3 Калининград;RG 0001 224 00 03;Регистрация по БП;ВРУК;224;Регистрация;досье;0;AUTO
ОСЦ Воронеж;Архив №4 Санкт-Петербург;RG 0001 224 00 03;Регистрация по БП;ВРУК;224;Регистрация;досье;75;AUTO
ОСЦ Москва;Вне подразделений;RG 0001 224 00 03;Регистрация по БП;ВРУК;224;Регистрация;досье;0;AUTO
ОСЦ Москва;Архив №1 Томилино;RG 0001 224 00 03;Регистрация по БП;ВРУК;224;Регистрация;досье;74,669;AUTO
ОСЦ Нижний Новгород;Вне подразделений;RG 0001 224 00 03;Регистрация по БП;ВРУК;224;Регистрация;досье;0;AUTO
ОСЦ Нижний Новгород;Архив №1 Нижний Новгород;RG 0001 224 00 03;Регистрация по БП;ВРУК;224;Регистрация;досье;75,067;AUTO
ОСЦ Новосибирск;Вне подразделений;RG 0001 224 00 03;Регистрация по БП;ВРУК;224;Регистрация;досье;0;AUTO
ОСЦ Новосибирск;Архив №1 Новосибирск;RG 0001 224 00 03;Регистрация по БП;ВРУК;224;Регистрация;досье;80;AUTO
ОСЦ Новосибирск;Архив №3 Екатеринбург;RG 0001 224 00 03;Регистрация по БП;ВРУК;224;Регистрация;досье;72,5;AUTO
ОСЦ Самара;Вне подразделений;RG 0001 224 00 03;Регистрация по БП;ВРУК;224;Регистрация;досье;0;AUTO
ОСЦ Самара;Архив №1 Самара;RG 0001 224 00 03;Регистрация по БП;ВРУК;224;Регистрация;досье;73;AUTO
ОСЦ Воронеж;Вне подразделений;RG 0001 225 00 03;Регистрация по БП;ВРУК;225;Регистрация;досье;0;AUTO
ОСЦ Воронеж;Архив №1 Воронеж;RG 0001 225 00 03;Регистрация по БП;ВРУК;225;Регистрация;досье;80;AUTO
ОСЦ Воронеж;Архив №3 Калининград;RG 0001 225 00 03;Регистрация по БП;ВРУК;225;Регистрация;досье;0;AUTO
ОСЦ Воронеж;Архив №4 Санкт-Петербург;RG 0001 225 00 03;Регистрация по БП;ВРУК;225;Регистрация;досье;75;AUTO
ОСЦ Москва;Вне подразделений;RG 0001 225 00 03;Регистрация по БП;ВРУК;225;Регистрация;досье;0;AUTO
ОСЦ Москва;Архив №1 Томилино;RG 0001 225 00 03;Регистрация по БП;ВРУК;225;Регистрация;досье;74,669;AUTO
ОСЦ Нижний Новгород;Вне подразделений;RG 0001 225 00 03;Регистрация по БП;ВРУК;225;Регистрация;досье;0;AUTO
ОСЦ Нижний Новгород;Архив №1 Нижний Новгород;RG 0001 225 00 03;Регистрация по БП;ВРУК;225;Регистрация;досье;75;AUTO
ОСЦ Новосибирск;Вне подразделений;RG 0001 225 00 03;Регистрация по БП;ВРУК;225;Регистрация;досье;0;AUTO
ОСЦ Новосибирск;Архив №1 Новосибирск;RG 0001 225 00 03;Регистрация по БП;ВРУК;225;Регистрация;досье;80;AUTO
ОСЦ Новосибирск;Архив №3 Екатеринбург;RG 0001 225 00 03;Регистрация по БП;ВРУК;225;Регистрация;досье;72,5;AUTO
ОСЦ Самара;Вне подразделений;RG 0001 225 00 03;Регистрация по БП;ВРУК;225;Регистрация;досье;0;AUTO
ОСЦ Самара;Архив №1 Самара;RG 0001 225 00 03;Регистрация по БП;ВРУК;225;Регистрация;досье;80;AUTO
ОСЦ Воронеж;Вне подразделений;RG 0001 226 00 03;Регистрация по БП;ВРУК;226;Регистрация;досье;0;AUTO
ОСЦ Воронеж;Архив №1 Воронеж;RG 0001 226 00 03;Регистрация по БП;ВРУК;226;Регистрация;досье;80;AUTO
ОСЦ Воронеж;Архив №3 Калининград;RG 0001 226 00 03;Регистрация по БП;ВРУК;226;Регистрация;досье;0;AUTO
ОСЦ Воронеж;Архив №4 Санкт-Петербург;RG 0001 226 00 03;Регистрация по БП;ВРУК;226;Регистрация;досье;75;AUTO
ОСЦ Москва;Вне подразделений;RG 0001 226 00 03;Регистрация по БП;ВРУК;226;Регистрация;досье;0;AUTO
ОСЦ Москва;Архив №1 Томилино;RG 0001 226 00 03;Регистрация по БП;ВРУК;226;Регистрация;досье;74,669;AUTO
ОСЦ Нижний Новгород;Вне подразделений;RG 0001 226 00 03;Регистрация по БП;ВРУК;226;Регистрация;досье;0;AUTO
ОСЦ Нижний Новгород;Архив №1 Нижний Новгород;RG 0001 226 00 03;Регистрация по БП;ВРУК;226;Регистрация;досье;75;AUTO
ОСЦ Новосибирск;Вне подразделений;RG 0001 226 00 03;Регистрация по БП;ВРУК;226;Регистрация;досье;0;AUTO
ОСЦ Новосибирск;Архив №1 Новосибирск;RG 0001 226 00 03;Регистрация по БП;ВРУК;226;Регистрация;досье;80;AUTO
ОСЦ Новосибирск;Архив №3 Екатеринбург;RG 0001 226 00 03;Регистрация по БП;ВРУК;226;Регистрация;досье;72,5;AUTO
ОСЦ Самара;Вне подразделений;RG 0001 226 00 03;Регистрация по БП;ВРУК;226;Регистрация;досье;0;AUTO
ОСЦ Самара;Архив №1 Самара;RG 0001 226 00 03;Регистрация по БП;ВРУК;226;Регистрация;досье;80;AUTO
ОСЦ Воронеж;Вне подразделений;RG 0001 227 00 03;Регистрация по БП;ВРУК;227;Регистрация;досье;0;AUTO
ОСЦ Воронеж;Архив №1 Воронеж;RG 0001 227 00 03;Регистрация по БП;ВРУК;227;Регистрация;досье;80;AUTO
ОСЦ Воронеж;Архив №3 Калининград;RG 0001 227 00 03;Регистрация по БП;ВРУК;227;Регистрация;досье;0;AUTO
ОСЦ Воронеж;Архив №4 Санкт-Петербург;RG 0001 227 00 03;Регистрация по БП;ВРУК;227;Регистрация;досье;75;AUTO
ОСЦ Москва;Вне подразделений;RG 0001 227 00 03;Регистрация по БП;ВРУК;227;Регистрация;досье;0;AUTO
ОСЦ Москва;Архив №1 Томилино;RG 0001 227 00 03;Регистрация по БП;ВРУК;227;Регистрация;досье;74,669;AUTO
ОСЦ Нижний Новгород;Вне подразделений;RG 0001 227 00 03;Регистрация по БП;ВРУК;227;Регистрация;досье;0;AUTO
ОСЦ Нижний Новгород;Архив №1 Нижний Новгород;RG 0001 227 00 03;Регистрация по БП;ВРУК;227;Регистрация;досье;75;AUTO
ОСЦ Новосибирск;Вне подразделений;RG 0001 227 00 03;Регистрация по БП;ВРУК;227;Регистрация;досье;0;AUTO
ОСЦ Новосибирск;Архив №1 Новосибирск;RG 0001 227 00 03;Регистрация по БП;ВРУК;227;Регистрация;досье;80;AUTO
ОСЦ Новосибирск;Архив №3 Екатеринбург;RG 0001 227 00 03;Регистрация по БП;ВРУК;227;Регистрация;досье;72,5;AUTO
ОСЦ Самара;Вне подразделений;RG 0001 227 00 03;Регистрация по БП;ВРУК;227;Регистрация;досье;0;AUTO
ОСЦ Самара;Архив №1 Самара;RG 0001 227 00 03;Регистрация по БП;ВРУК;227;Регистрация;досье;80;AUTO
ОСЦ Воронеж;Вне подразделений;RG 0001 228 00 03;Регистрация по БП;ВРУК;228;Регистрация;досье;0;AUTO
ОСЦ Воронеж;Архив №1 Воронеж;RG 0001 228 00 03;Регистрация по БП;ВРУК;228;Регистрация;досье;80;AUTO
ОСЦ Воронеж;Архив №3 Калининград;RG 0001 228 00 03;Регистрация по БП;ВРУК;228;Регистрация;досье;0;AUTO
ОСЦ Воронеж;Архив №4 Санкт-Петербург;RG 0001 228 00 03;Регистрация по БП;ВРУК;228;Регистрация;досье;75;AUTO
ОСЦ Москва;Вне подразделений;RG 0001 228 00 03;Регистрация по БП;ВРУК;228;Регистрация;досье;0;AUTO
ОСЦ Москва;Архив №1 Томилино;RG 0001 228 00 03;Регистрация по БП;ВРУК;228;Регистрация;досье;74,669;AUTO
ОСЦ Нижний Новгород;Вне подразделений;RG 0001 228 00 03;Регистрация по БП;ВРУК;228;Регистрация;досье;0;AUTO
ОСЦ Нижний Новгород;Архив №1 Нижний Новгород;RG 0001 228 00 03;Регистрация по БП;ВРУК;228;Регистрация;досье;75;AUTO
ОСЦ Новосибирск;Вне подразделений;RG 0001 228 00 03;Регистрация по БП;ВРУК;228;Регистрация;досье;0;AUTO
ОСЦ Новосибирск;Архив №1 Новосибирск;RG 0001 228 00 03;Регистрация по БП;ВРУК;228;Регистрация;досье;80;AUTO
ОСЦ Новосибирск;Архив №3 Екатеринбург;RG 0001 228 00 03;Регистрация по БП;ВРУК;228;Регистрация;досье;72,5;AUTO
ОСЦ Самара;Вне подразделений;RG 0001 228 00 03;Регистрация по БП;ВРУК;228;Регистрация;досье;0;AUTO
ОСЦ Самара;Архив №1 Самара;RG 0001 228 00 03;Регистрация по БП;ВРУК;228;Регистрация;досье;80;AUTO
ОСЦ Воронеж;Вне подразделений;RG 0001 229 00 03;Регистрация по БП;ВРУК;229;Регистрация;досье;0;AUTO
ОСЦ Воронеж;Архив №1 Воронеж;RG 0001 229 00 03;Регистрация по БП;ВРУК;229;Регистрация;досье;80;AUTO
ОСЦ Воронеж;Архив №3 Калининград;RG 0001 229 00 03;Регистрация по БП;ВРУК;229;Регистрация;досье;0;AUTO
ОСЦ Воронеж;Архив №4 Санкт-Петербург;RG 0001 229 00 03;Регистрация по БП;ВРУК;229;Регистрация;досье;75;AUTO
ОСЦ Москва;Вне подразделений;RG 0001 229 00 03;Регистрация по БП;ВРУК;229;Регистрация;досье;0;AUTO
ОСЦ Москва;Архив №1 Томилино;RG 0001 229 00 03;Регистрация по БП;ВРУК;229;Регистрация;досье;74,669;AUTO
ОСЦ Нижний Новгород;Вне подразделений;RG 0001 229 00 03;Регистрация по БП;ВРУК;229;Регистрация;досье;0;AUTO
ОСЦ Нижний Новгород;Архив №1 Нижний Новгород;RG 0001 229 00 03;Регистрация по БП;ВРУК;229;Регистрация;досье;75;AUTO
ОСЦ Новосибирск;Вне подразделений;RG 0001 229 00 03;Регистрация по БП;ВРУК;229;Регистрация;досье;0;AUTO
ОСЦ Новосибирск;Архив №1 Новосибирск;RG 0001 229 00 03;Регистрация по БП;ВРУК;229;Регистрация;досье;80;AUTO
ОСЦ Новосибирск;Архив №3 Екатеринбург;RG 0001 229 00 03;Регистрация по БП;ВРУК;229;Регистрация;досье;72,5;AUTO
ОСЦ Самара;Вне подразделений;RG 0001 229 00 03;Регистрация по БП;ВРУК;229;Регистрация;досье;0;AUTO
ОСЦ Самара;Архив №1 Самара;RG 0001 229 00 03;Регистрация по БП;ВРУК;229;Регистрация;досье;80;AUTO
ОСЦ Воронеж;Вне подразделений;RG 0001 230 00 03;Регистрация по БП;ВРУК;230;Регистрация;досье;0;AUTO
ОСЦ Воронеж;Архив №1 Воронеж;RG 0001 230 00 03;Регистрация по БП;ВРУК;230;Регистрация;досье;80;AUTO
ОСЦ Воронеж;Архив №3 Калининград;RG 0001 230 00 03;Регистрация по БП;ВРУК;230;Регистрация;досье;79,367;AUTO
ОСЦ Воронеж;Архив №4 Санкт-Петербург;RG 0001 230 00 03;Регистрация по БП;ВРУК;230;Регистрация;досье;75;AUTO
ОСЦ Москва;Вне подразделений;RG 0001 230 00 03;Регистрация по БП;ВРУК;230;Регистрация;досье;0;AUTO
ОСЦ Москва;Архив №1 Томилино;RG 0001 230 00 03;Регистрация по БП;ВРУК;230;Регистрация;досье;74,669;AUTO
ОСЦ Нижний Новгород;Вне подразделений;RG 0001 230 00 03;Регистрация по БП;ВРУК;230;Регистрация;досье;0;AUTO
ОСЦ Нижний Новгород;Архив №1 Нижний Новгород;RG 0001 230 00 03;Регистрация по БП;ВРУК;230;Регистрация;досье;75;AUTO
ОСЦ Новосибирск;Вне подразделений;RG 0001 230 00 03;Регистрация по БП;ВРУК;230;Регистрация;досье;0;AUTO
ОСЦ Новосибирск;Архив №1 Новосибирск;RG 0001 230 00 03;Регистрация по БП;ВРУК;230;Регистрация;досье;80;AUTO
ОСЦ Новосибирск;Архив №3 Екатеринбург;RG 0001 230 00 03;Регистрация по БП;ВРУК;230;Регистрация;досье;72,5;AUTO
ОСЦ Самара;Вне подразделений;RG 0001 230 00 03;Регистрация по БП;ВРУК;230;Регистрация;досье;0;AUTO
ОСЦ Самара;Архив №1 Самара;RG 0001 230 00 03;Регистрация по БП;ВРУК;230;Регистрация;досье;80;AUTO
ОСЦ Воронеж;Вне подразделений;RG 0001 255 00 03;Регистрация по БП;ВРУК;255;Регистрация;досье;0;AUTO
ОСЦ Воронеж;Архив №1 Воронеж;RG 0001 255 00 03;Регистрация по БП;ВРУК;255;Регистрация;досье;0;AUTO
ОСЦ Воронеж;Архив №3 Калининград;RG 0001 255 00 03;Регистрация по БП;ВРУК;255;Регистрация;досье;0;AUTO
ОСЦ Воронеж;Архив №4 Санкт-Петербург;RG 0001 255 00 03;Регистрация по БП;ВРУК;255;Регистрация;досье;0;AUTO
ОСЦ Москва;Вне подразделений;RG 0001 255 00 03;Регистрация по БП;ВРУК;255;Регистрация;досье;0;AUTO
ОСЦ Москва;Архив №1 Томилино;RG 0001 255 00 03;Регистрация по БП;ВРУК;255;Регистрация;досье;92;AUTO
ОСЦ Нижний Новгород;Вне подразделений;RG 0001 255 00 03;Регистрация по БП;ВРУК;255;Регистрация;досье;0;AUTO
ОСЦ Нижний Новгород;Архив №1 Нижний Новгород;RG 0001 255 00 03;Регистрация по БП;ВРУК;255;Регистрация;досье;90;AUTO
ОСЦ Новосибирск;Вне подразделений;RG 0001 255 00 03;Регистрация по БП;ВРУК;255;Регистрация;досье;0;AUTO
ОСЦ Новосибирск;Архив №1 Новосибирск;RG 0001 255 00 03;Регистрация по БП;ВРУК;255;Регистрация;досье;0;AUTO
ОСЦ Новосибирск;Архив №3 Екатеринбург;RG 0001 255 00 03;Регистрация по БП;ВРУК;255;Регистрация;досье;0;AUTO
ОСЦ Самара;Вне подразделений;RG 0001 255 00 03;Регистрация по БП;ВРУК;255;Регистрация;досье;0;AUTO
ОСЦ Самара;Архив №1 Самара;RG 0001 255 00 03;Регистрация по БП;ВРУК;255;Регистрация;досье;0;AUTO
ОСЦ Воронеж;Вне подразделений;RG 0001 260 00 03;Регистрация по БП;ВРУК;260;Регистрация;досье;0;AUTO
ОСЦ Воронеж;Архив №1 Воронеж;RG 0001 260 00 03;Регистрация по БП;ВРУК;260;Регистрация;досье;0;AUTO
ОСЦ Воронеж;Архив №3 Калининград;RG 0001 260 00 03;Регистрация по БП;ВРУК;260;Регистрация;досье;0;AUTO
ОСЦ Воронеж;Архив №4 Санкт-Петербург;RG 0001 260 00 03;Регистрация по БП;ВРУК;260;Регистрация;досье;0;AUTO
ОСЦ Москва;Вне подразделений;RG 0001 260 00 03;Регистрация по БП;ВРУК;260;Регистрация;досье;0;AUTO
ОСЦ Москва;Архив №1 Томилино;RG 0001 260 00 03;Регистрация по БП;ВРУК;260;Регистрация;досье;96,967;AUTO
ОСЦ Нижний Новгород;Вне подразделений;RG 0001 260 00 03;Регистрация по БП;ВРУК;260;Регистрация;досье;0;AUTO
ОСЦ Нижний Новгород;Архив №1 Нижний Новгород;RG 0001 260 00 03;Регистрация по БП;ВРУК;260;Регистрация;досье;90;AUTO
ОСЦ Новосибирск;Вне подразделений;RG 0001 260 00 03;Регистрация по БП;ВРУК;260;Регистрация;досье;0;AUTO
ОСЦ Новосибирск;Архив №1 Новосибирск;RG 0001 260 00 03;Регистрация по БП;ВРУК;260;Регистрация;досье;0;AUTO
ОСЦ Новосибирск;Архив №3 Екатеринбург;RG 0001 260 00 03;Регистрация по БП;ВРУК;260;Регистрация;досье;0;AUTO
ОСЦ Самара;Вне подразделений;RG 0001 260 00 03;Регистрация по БП;ВРУК;260;Регистрация;досье;0;AUTO
ОСЦ Самара;Архив №1 Самара;RG 0001 260 00 03;Регистрация по БП;ВРУК;260;Регистрация;досье;0;AUTO
ОСЦ Воронеж;Вне подразделений;RG 0001 266 00 03;Регистрация по БП;ВРУК;266;Регистрация;досье;0;AUTO
ОСЦ Воронеж;Архив №1 Воронеж;RG 0001 266 00 03;Регистрация по БП;ВРУК;266;Регистрация;досье;0;AUTO
ОСЦ Воронеж;Архив №3 Калининград;RG 0001 266 00 03;Регистрация по БП;ВРУК;266;Регистрация;досье;0;AUTO
ОСЦ Воронеж;Архив №4 Санкт-Петербург;RG 0001 266 00 03;Регистрация по БП;ВРУК;266;Регистрация;досье;0;AUTO
ОСЦ Москва;Вне подразделений;RG 0001 266 00 03;Регистрация по БП;ВРУК;266;Регистрация;досье;0;AUTO
ОСЦ Москва;Архив №1 Томилино;RG 0001 266 00 03;Регистрация по БП;ВРУК;266;Регистрация;досье;0;AUTO
ОСЦ Нижний Новгород;Вне подразделений;RG 0001 266 00 03;Регистрация по БП;ВРУК;266;Регистрация;досье;0;AUTO
ОСЦ Нижний Новгород;Архив №1 Нижний Новгород;RG 0001 266 00 03;Регистрация по БП;ВРУК;266;Регистрация;досье;0;AUTO
ОСЦ Новосибирск;Вне подразделений;RG 0001 266 00 03;Регистрация по БП;ВРУК;266;Регистрация;досье;0;AUTO
ОСЦ Новосибирск;Архив №1 Новосибирск;RG 0001 266 00 03;Регистрация по БП;ВРУК;266;Регистрация;досье;0;AUTO
ОСЦ Новосибирск;Архив №3 Екатеринбург;RG 0001 266 00 03;Регистрация по БП;ВРУК;266;Регистрация;досье;0;AUTO
ОСЦ Самара;Вне подразделений;RG 0001 266 00 03;Регистрация по БП;ВРУК;266;Регистрация;досье;0;AUTO
ОСЦ Самара;Архив №1 Самара;RG 0001 266 00 03;Регистрация по БП;ВРУК;266;Регистрация;досье;0;AUTO
ОСЦ Воронеж;Вне подразделений;RG 0001 222 00 03;Регистрация по БП;ВРУК;222;Регистрация;досье;0;AUTO
ОСЦ Воронеж;Архив №1 Воронеж;RG 0001 222 00 03;Регистрация по БП;ВРУК;222;Регистрация;досье;93,2;AUTO
ОСЦ Воронеж;Архив №3 Калининград;RG 0001 222 00 03;Регистрация по БП;ВРУК;222;Регистрация;досье;82,367;AUTO
ОСЦ Воронеж;Архив №4 Санкт-Петербург;RG 0001 222 00 03;Регистрация по БП;ВРУК;222;Регистрация;досье;80,044;AUTO
ОСЦ Москва;Вне подразделений;RG 0001 222 00 03;Регистрация по БП;ВРУК;222;Регистрация;досье;0;AUTO
ОСЦ Москва;Архив №1 Томилино;RG 0001 222 00 03;Регистрация по БП;ВРУК;222;Регистрация;досье;86,692;AUTO
ОСЦ Нижний Новгород;Вне подразделений;RG 0001 222 00 03;Регистрация по БП;ВРУК;222;Регистрация;досье;0;AUTO
ОСЦ Нижний Новгород;Архив №1 Нижний Новгород;RG 0001 222 00 03;Регистрация по БП;ВРУК;222;Регистрация;досье;90;AUTO
ОСЦ Новосибирск;Вне подразделений;RG 0001 222 00 03;Регистрация по БП;ВРУК;222;Регистрация;досье;0;AUTO
ОСЦ Новосибирск;Архив №1 Новосибирск;RG 0001 222 00 03;Регистрация по БП;ВРУК;222;Регистрация;досье;82;AUTO
ОСЦ Новосибирск;Архив №3 Екатеринбург;RG 0001 222 00 03;Регистрация по БП;ВРУК;222;Регистрация;досье;85;AUTO
ОСЦ Самара;Вне подразделений;RG 0001 222 00 03;Регистрация по БП;ВРУК;222;Регистрация;досье;0;AUTO
ОСЦ Самара;Архив №1 Самара;RG 0001 222 00 03;Регистрация по БП;ВРУК;222;Регистрация;досье;90;AUTO
ОСЦ Воронеж;Вне подразделений;RG 0001 239 00 03;Регистрация по БП;ВРУК;239;Регистрация;досье;0;AUTO
ОСЦ Воронеж;Архив №1 Воронеж;RG 0001 239 00 03;Регистрация по БП;ВРУК;239;Регистрация;досье;90,017;AUTO
ОСЦ Воронеж;Архив №3 Калининград;RG 0001 239 00 03;Регистрация по БП;ВРУК;239;Регистрация;досье;83,433;AUTO
ОСЦ Воронеж;Архив №4 Санкт-Петербург;RG 0001 239 00 03;Регистрация по БП;ВРУК;239;Регистрация;досье;60;AUTO
ОСЦ Москва;Вне подразделений;RG 0001 239 00 03;Регистрация по БП;ВРУК;239;Регистрация;досье;0;AUTO
ОСЦ Москва;Архив №1 Томилино;RG 0001 239 00 03;Регистрация по БП;ВРУК;239;Регистрация;досье;86,692;AUTO
ОСЦ Нижний Новгород;Вне подразделений;RG 0001 239 00 03;Регистрация по БП;ВРУК;239;Регистрация;досье;0;AUTO
ОСЦ Нижний Новгород;Архив №1 Нижний Новгород;RG 0001 239 00 03;Регистрация по БП;ВРУК;239;Регистрация;досье;94,867;AUTO
ОСЦ Новосибирск;Вне подразделений;RG 0001 239 00 03;Регистрация по БП;ВРУК;239;Регистрация;досье;0;AUTO
ОСЦ Новосибирск;Архив №1 Новосибирск;RG 0001 239 00 03;Регистрация по БП;ВРУК;239;Регистрация;досье;82;AUTO
ОСЦ Новосибирск;Архив №3 Екатеринбург;RG 0001 239 00 03;Регистрация по БП;ВРУК;239;Регистрация;досье;85;AUTO
ОСЦ Самара;Вне подразделений;RG 0001 239 00 03;Регистрация по БП;ВРУК;239;Регистрация;досье;0;AUTO
ОСЦ Самара;Архив №1 Самара;RG 0001 239 00 03;Регистрация по БП;ВРУК;239;Регистрация;досье;86,433;AUTO
ОСЦ Воронеж;Вне подразделений;RG 0001 246 00 03;Регистрация по БП;ВРУК;246;Регистрация;досье;0;AUTO
ОСЦ Воронеж;Архив №1 Воронеж;RG 0001 246 00 03;Регистрация по БП;ВРУК;246;Регистрация;досье;0;AUTO
ОСЦ Воронеж;Архив №3 Калининград;RG 0001 246 00 03;Регистрация по БП;ВРУК;246;Регистрация;досье;0;AUTO
ОСЦ Воронеж;Архив №4 Санкт-Петербург;RG 0001 246 00 03;Регистрация по БП;ВРУК;246;Регистрация;досье;0;AUTO
ОСЦ Москва;Вне подразделений;RG 0001 246 00 03;Регистрация по БП;ВРУК;246;Регистрация;досье;0;AUTO
ОСЦ Москва;Архив №1 Томилино;RG 0001 246 00 03;Регистрация по БП;ВРУК;246;Регистрация;досье;0;AUTO
ОСЦ Нижний Новгород;Вне подразделений;RG 0001 246 00 03;Регистрация по БП;ВРУК;246;Регистрация;досье;0;AUTO
ОСЦ Нижний Новгород;Архив №1 Нижний Новгород;RG 0001 246 00 03;Регистрация по БП;ВРУК;246;Регистрация;досье;0;AUTO
ОСЦ Новосибирск;Вне подразделений;RG 0001 246 00 03;Регистрация по БП;ВРУК;246;Регистрация;досье;0;AUTO
ОСЦ Новосибирск;Архив №1 Новосибирск;RG 0001 246 00 03;Регистрация по БП;ВРУК;246;Регистрация;досье;0;AUTO
ОСЦ Новосибирск;Архив №3 Екатеринбург;RG 0001 246 00 03;Регистрация по БП;ВРУК;246;Регистрация;досье;0;AUTO
ОСЦ Самара;Вне подразделений;RG 0001 246 00 03;Регистрация по БП;ВРУК;246;Регистрация;досье;0;AUTO
ОСЦ Самара;Архив №1 Самара;RG 0001 246 00 03;Регистрация по БП;ВРУК;246;Регистрация;досье;0;AUTO
ОСЦ Воронеж;Вне подразделений;RG 0001 244 00 03;Регистрация по БП;ВРУК;244;Регистрация;досье;0;AUTO
ОСЦ Воронеж;Архив №1 Воронеж;RG 0001 244 00 03;Регистрация по БП;ВРУК;244;Регистрация;досье;0;AUTO
ОСЦ Воронеж;Архив №3 Калининград;RG 0001 244 00 03;Регистрация по БП;ВРУК;244;Регистрация;досье;0;AUTO
ОСЦ Воронеж;Архив №4 Санкт-Петербург;RG 0001 244 00 03;Регистрация по БП;ВРУК;244;Регистрация;досье;0;AUTO
ОСЦ Москва;Вне подразделений;RG 0001 244 00 03;Регистрация по БП;ВРУК;244;Регистрация;досье;0;AUTO
ОСЦ Москва;Архив №1 Томилино;RG 0001 244 00 03;Регистрация по БП;ВРУК;244;Регистрация;досье;0;AUTO
ОСЦ Нижний Новгород;Вне подразделений;RG 0001 244 00 03;Регистрация по БП;ВРУК;244;Регистрация;досье;0;AUTO
ОСЦ Нижний Новгород;Архив №1 Нижний Новгород;RG 0001 244 00 03;Регистрация по БП;ВРУК;244;Регистрация;досье;0;AUTO
ОСЦ Новосибирск;Вне подразделений;RG 0001 244 00 03;Регистрация по БП;ВРУК;244;Регистрация;досье;0;AUTO
ОСЦ Новосибирск;Архив №1 Новосибирск;RG 0001 244 00 03;Регистрация по БП;ВРУК;244;Регистрация;досье;0;AUTO
ОСЦ Новосибирск;Архив №3 Екатеринбург;RG 0001 244 00 03;Регистрация по БП;ВРУК;244;Регистрация;досье;0;AUTO
ОСЦ Самара;Вне подразделений;RG 0001 244 00 03;Регистрация по БП;ВРУК;244;Регистрация;досье;0;AUTO
ОСЦ Самара;Архив №1 Самара;RG 0001 244 00 03;Регистрация по БП;ВРУК;244;Регистрация;досье;0;AUTO
ОСЦ Воронеж;Вне подразделений;RG 0001 242 00 03;Регистрация БП;ВРУК;242;Регистрация;ШК;0;AUTO
ОСЦ Москва;Вне подразделений;RG 0001 242 00 03;Регистрация БП;ВРУК;242;Регистрация;ШК;0;AUTO
ОСЦ Нижний Новгород;Вне подразделений;RG 0001 242 00 03;Регистрация БП;ВРУК;242;Регистрация;ШК;0;AUTO
ОСЦ Новосибирск;Вне подразделений;RG 0001 242 00 03;Регистрация БП;ВРУК;242;Регистрация;ШК;0;AUTO
ОСЦ Самара;Вне подразделений;RG 0001 242 00 03;Регистрация БП;ВРУК;242;Регистрация;ШК;0;AUTO
ОСЦ Воронеж;Вне подразделений;RG 0001 267 00 03;Регистрация по БП;ВРУК;267;Регистрация;досье;0;AUTO
ОСЦ Воронеж;Архив №1 Воронеж;RG 0001 267 00 03;Регистрация по БП;ВРУК;267;Регистрация;досье;0;AUTO
ОСЦ Воронеж;Архив №3 Калининград;RG 0001 267 00 03;Регистрация по БП;ВРУК;267;Регистрация;досье;0;AUTO
ОСЦ Воронеж;Архив №4 Санкт-Петербург;RG 0001 267 00 03;Регистрация по БП;ВРУК;267;Регистрация;досье;0;AUTO
ОСЦ Москва;Вне подразделений;RG 0001 267 00 03;Регистрация по БП;ВРУК;267;Регистрация;досье;0;AUTO
ОСЦ Москва;Архив №1 Томилино;RG 0001 267 00 03;Регистрация по БП;ВРУК;267;Регистрация;досье;0;AUTO
ОСЦ Нижний Новгород;Вне подразделений;RG 0001 267 00 03;Регистрация по БП;ВРУК;267;Регистрация;досье;0;AUTO
ОСЦ Нижний Новгород;Архив №1 Нижний Новгород;RG 0001 267 00 03;Регистрация по БП;ВРУК;267;Регистрация;досье;0;AUTO
ОСЦ Новосибирск;Вне подразделений;RG 0001 267 00 03;Регистрация по БП;ВРУК;267;Регистрация;досье;0;AUTO
ОСЦ Новосибирск;Архив №1 Новосибирск;RG 0001 267 00 03;Регистрация по БП;ВРУК;267;Регистрация;досье;0;AUTO
ОСЦ Новосибирск;Архив №3 Екатеринбург;RG 0001 267 00 03;Регистрация по БП;ВРУК;267;Регистрация;досье;0;AUTO
ОСЦ Самара;Вне подразделений;RG 0001 267 00 03;Регистрация по БП;ВРУК;267;Регистрация;досье;0;AUTO
ОСЦ Самара;Архив №1 Самара;RG 0001 267 00 03;Регистрация по БП;ВРУК;267;Регистрация;досье;0;AUTO
ОСЦ Воронеж;Вне подразделений;RG 0001 268 00 03;Регистрация по БП;ВРУК;268;Регистрация;досье;0;AUTO
ОСЦ Воронеж;Архив №1 Воронеж;RG 0001 268 00 03;Регистрация по БП;ВРУК;268;Регистрация;досье;92,333;AUTO
ОСЦ Воронеж;Архив №3 Калининград;RG 0001 268 00 03;Регистрация по БП;ВРУК;268;Регистрация;досье;81,367;AUTO
ОСЦ Воронеж;Архив №4 Санкт-Петербург;RG 0001 268 00 03;Регистрация по БП;ВРУК;268;Регистрация;досье;82,556;AUTO
ОСЦ Москва;Вне подразделений;RG 0001 268 00 03;Регистрация по БП;ВРУК;268;Регистрация;досье;0;AUTO
ОСЦ Москва;Архив №1 Томилино;RG 0001 268 00 03;Регистрация по БП;ВРУК;268;Регистрация;досье;86,692;AUTO
ОСЦ Нижний Новгород;Вне подразделений;RG 0001 268 00 03;Регистрация по БП;ВРУК;268;Регистрация;досье;0;AUTO
ОСЦ Нижний Новгород;Архив №1 Нижний Новгород;RG 0001 268 00 03;Регистрация по БП;ВРУК;268;Регистрация;досье;90;AUTO
ОСЦ Новосибирск;Вне подразделений;RG 0001 268 00 03;Регистрация по БП;ВРУК;268;Регистрация;досье;0;AUTO
ОСЦ Новосибирск;Архив №1 Новосибирск;RG 0001 268 00 03;Регистрация по БП;ВРУК;268;Регистрация;досье;75;AUTO
ОСЦ Новосибирск;Архив №3 Екатеринбург;RG 0001 268 00 03;Регистрация по БП;ВРУК;268;Регистрация;досье;85;AUTO
ОСЦ Самара;Вне подразделений;RG 0001 268 00 03;Регистрация по БП;ВРУК;268;Регистрация;досье;0;AUTO
ОСЦ Самара;Архив №1 Самара;RG 0001 268 00 03;Регистрация по БП;ВРУК;268;Регистрация;досье;97,667;AUTO
ОСЦ Воронеж;Вне подразделений;RG 0001 281 00 03;Регистрация по БП;ВРУК;281;Регистрация;досье;0;AUTO
ОСЦ Воронеж;Архив №1 Воронеж;RG 0001 281 00 03;Регистрация по БП;ВРУК;281;Регистрация;досье;0;AUTO
ОСЦ Воронеж;Архив №3 Калининград;RG 0001 281 00 03;Регистрация по БП;ВРУК;281;Регистрация;досье;0;AUTO
ОСЦ Воронеж;Архив №4 Санкт-Петербург;RG 0001 281 00 03;Регистрация по БП;ВРУК;281;Регистрация;досье;0;AUTO
ОСЦ Москва;Вне подразделений;RG 0001 281 00 03;Регистрация по БП;ВРУК;281;Регистрация;досье;0;AUTO
ОСЦ Москва;Архив №1 Томилино;RG 0001 281 00 03;Регистрация по БП;ВРУК;281;Регистрация;досье;0;AUTO
ОСЦ Нижний Новгород;Вне подразделений;RG 0001 281 00 03;Регистрация по БП;ВРУК;281;Регистрация;досье;0;AUTO
ОСЦ Нижний Новгород;Архив №1 Нижний Новгород;RG 0001 281 00 03;Регистрация по БП;ВРУК;281;Регистрация;досье;0;AUTO
ОСЦ Новосибирск;Вне подразделений;RG 0001 281 00 03;Регистрация по БП;ВРУК;281;Регистрация;досье;0;AUTO
ОСЦ Новосибирск;Архив №1 Новосибирск;RG 0001 281 00 03;Регистрация по БП;ВРУК;281;Регистрация;досье;0;AUTO
ОСЦ Новосибирск;Архив №3 Екатеринбург;RG 0001 281 00 03;Регистрация по БП;ВРУК;281;Регистрация;досье;0;AUTO
ОСЦ Самара;Вне подразделений;RG 0001 281 00 03;Регистрация по БП;ВРУК;281;Регистрация;досье;0;AUTO
ОСЦ Самара;Архив №1 Самара;RG 0001 281 00 03;Регистрация по БП;ВРУК;281;Регистрация;досье;0;AUTO
ОСЦ Воронеж;Вне подразделений;RG 0001 293 00 03;Регистрация по БП;ВРУК;293;Регистрация;досье;0;AUTO
ОСЦ Воронеж;Архив №1 Воронеж;RG 0001 293 00 03;Регистрация по БП;ВРУК;293;Регистрация;досье;0;AUTO
ОСЦ Воронеж;Архив №3 Калининград;RG 0001 293 00 03;Регистрация по БП;ВРУК;293;Регистрация;досье;0;AUTO
ОСЦ Воронеж;Архив №4 Санкт-Петербург;RG 0001 293 00 03;Регистрация по БП;ВРУК;293;Регистрация;досье;75;AUTO
ОСЦ Москва;Вне подразделений;RG 0001 293 00 03;Регистрация по БП;ВРУК;293;Регистрация;досье;0;AUTO
ОСЦ Москва;Архив №1 Томилино;RG 0001 293 00 03;Регистрация по БП;ВРУК;293;Регистрация;досье;74,669;AUTO
ОСЦ Нижний Новгород;Вне подразделений;RG 0001 293 00 03;Регистрация по БП;ВРУК;293;Регистрация;досье;0;AUTO
ОСЦ Нижний Новгород;Архив №1 Нижний Новгород;RG 0001 293 00 03;Регистрация по БП;ВРУК;293;Регистрация;досье;75;AUTO
ОСЦ Новосибирск;Вне подразделений;RG 0001 293 00 03;Регистрация по БП;ВРУК;293;Регистрация;досье;0;AUTO
ОСЦ Новосибирск;Архив №1 Новосибирск;RG 0001 293 00 03;Регистрация по БП;ВРУК;293;Регистрация;досье;75;AUTO
ОСЦ Новосибирск;Архив №3 Екатеринбург;RG 0001 293 00 03;Регистрация по БП;ВРУК;293;Регистрация;досье;75;AUTO
ОСЦ Самара;Вне подразделений;RG 0001 293 00 03;Регистрация по БП;ВРУК;293;Регистрация;досье;0;AUTO
ОСЦ Самара;Архив №1 Самара;RG 0001 293 00 03;Регистрация по БП;ВРУК;293;Регистрация;досье;75;AUTO
ОСЦ Воронеж;Вне подразделений;RG 0001 294 00 03;Регистрация по БП;ВРУК;294;Регистрация;досье;0;AUTO
ОСЦ Воронеж;Архив №1 Воронеж;RG 0001 294 00 03;Регистрация по БП;ВРУК;294;Регистрация;досье;0;AUTO
ОСЦ Воронеж;Архив №3 Калининград;RG 0001 294 00 03;Регистрация по БП;ВРУК;294;Регистрация;досье;0;AUTO
ОСЦ Воронеж;Архив №4 Санкт-Петербург;RG 0001 294 00 03;Регистрация по БП;ВРУК;294;Регистрация;досье;75,05;AUTO
ОСЦ Москва;Вне подразделений;RG 0001 294 00 03;Регистрация по БП;ВРУК;294;Регистрация;досье;0;AUTO
ОСЦ Москва;Архив №1 Томилино;RG 0001 294 00 03;Регистрация по БП;ВРУК;294;Регистрация;досье;74,669;AUTO
ОСЦ Нижний Новгород;Вне подразделений;RG 0001 294 00 03;Регистрация по БП;ВРУК;294;Регистрация;досье;0;AUTO
ОСЦ Нижний Новгород;Архив №1 Нижний Новгород;RG 0001 294 00 03;Регистрация по БП;ВРУК;294;Регистрация;досье;75,033;AUTO
ОСЦ Новосибирск;Вне подразделений;RG 0001 294 00 03;Регистрация по БП;ВРУК;294;Регистрация;досье;0;AUTO
ОСЦ Новосибирск;Архив №1 Новосибирск;RG 0001 294 00 03;Регистрация по БП;ВРУК;294;Регистрация;досье;74,867;AUTO
ОСЦ Новосибирск;Архив №3 Екатеринбург;RG 0001 294 00 03;Регистрация по БП;ВРУК;294;Регистрация;досье;75;AUTO
ОСЦ Самара;Вне подразделений;RG 0001 294 00 03;Регистрация по БП;ВРУК;294;Регистрация;досье;0;AUTO
ОСЦ Самара;Архив №1 Самара;RG 0001 294 00 03;Регистрация по БП;ВРУК;294;Регистрация;досье;75;AUTO
ОСЦ Воронеж;Вне подразделений;RG 0001 295 00 03;Регистрация по БП;ВРУК;295;Регистрация;досье;0;AUTO
ОСЦ Воронеж;Архив №1 Воронеж;RG 0001 295 00 03;Регистрация по БП;ВРУК;295;Регистрация;досье;0;AUTO
ОСЦ Воронеж;Архив №3 Калининград;RG 0001 295 00 03;Регистрация по БП;ВРУК;295;Регистрация;досье;0;AUTO
ОСЦ Воронеж;Архив №4 Санкт-Петербург;RG 0001 295 00 03;Регистрация по БП;ВРУК;295;Регистрация;досье;75;AUTO
ОСЦ Москва;Вне подразделений;RG 0001 295 00 03;Регистрация по БП;ВРУК;295;Регистрация;досье;0;AUTO
ОСЦ Москва;Архив №1 Томилино;RG 0001 295 00 03;Регистрация по БП;ВРУК;295;Регистрация;досье;74,669;AUTO
ОСЦ Нижний Новгород;Вне подразделений;RG 0001 295 00 03;Регистрация по БП;ВРУК;295;Регистрация;досье;0;AUTO
ОСЦ Нижний Новгород;Архив №1 Нижний Новгород;RG 0001 295 00 03;Регистрация по БП;ВРУК;295;Регистрация;досье;75,033;AUTO
ОСЦ Новосибирск;Вне подразделений;RG 0001 295 00 03;Регистрация по БП;ВРУК;295;Регистрация;досье;0;AUTO
ОСЦ Новосибирск;Архив №1 Новосибирск;RG 0001 295 00 03;Регистрация по БП;ВРУК;295;Регистрация;досье;75,067;AUTO
ОСЦ Новосибирск;Архив №3 Екатеринбург;RG 0001 295 00 03;Регистрация по БП;ВРУК;295;Регистрация;досье;75,133;AUTO
ОСЦ Самара;Вне подразделений;RG 0001 295 00 03;Регистрация по БП;ВРУК;295;Регистрация;досье;0;AUTO
ОСЦ Самара;Архив №1 Самара;RG 0001 295 00 03;Регистрация по БП;ВРУК;295;Регистрация;досье;75;AUTO
ОСЦ Воронеж;Вне подразделений;RG 0001 002 00 51;Регистрация по БП (Ист. Фонд не ДБО);Рег.;02;Регистрация;досье;0;AUTO
ОСЦ Воронеж;Архив №1 Воронеж;RG 0001 002 00 51;Регистрация по БП (Ист. Фонд не ДБО);Рег.;02;Регистрация;досье;0;AUTO
ОСЦ Воронеж;Архив №3 Калининград;RG 0001 002 00 51;Регистрация по БП (Ист. Фонд не ДБО);Рег.;02;Регистрация;досье;0;AUTO
ОСЦ Воронеж;Архив №4 Санкт-Петербург;RG 0001 002 00 51;Регистрация по БП (Ист. Фонд не ДБО);Рег.;02;Регистрация;досье;0;AUTO
ОСЦ Москва;Вне подразделений;RG 0001 002 00 51;Регистрация по БП (Ист. Фонд не ДБО);Рег.;02;Регистрация;досье;0;AUTO
ОСЦ Москва;Архив №1 Томилино;RG 0001 002 00 51;Регистрация по БП (Ист. Фонд не ДБО);Рег.;02;Регистрация;досье;0;AUTO
ОСЦ Нижний Новгород;Вне подразделений;RG 0001 002 00 51;Регистрация по БП (Ист. Фонд не ДБО);Рег.;02;Регистрация;досье;0;AUTO
ОСЦ Нижний Новгород;Архив №1 Нижний Новгород;RG 0001 002 00 51;Регистрация по БП (Ист. Фонд не ДБО);Рег.;02;Регистрация;досье;0;AUTO
ОСЦ Новосибирск;Вне подразделений;RG 0001 002 00 51;Регистрация по БП (Ист. Фонд не ДБО);Рег.;02;Регистрация;досье;0;AUTO
ОСЦ Новосибирск;Архив №1 Новосибирск;RG 0001 002 00 51;Регистрация по БП (Ист. Фонд не ДБО);Рег.;02;Регистрация;досье;0;AUTO
ОСЦ Новосибирск;Архив №3 Екатеринбург;RG 0001 002 00 51;Регистрация по БП (Ист. Фонд не ДБО);Рег.;02;Регистрация;досье;0;AUTO
ОСЦ Самара;Вне подразделений;RG 0001 002 00 51;Регистрация по БП (Ист. Фонд не ДБО);Рег.;02;Регистрация;досье;0;AUTO
ОСЦ Самара;Архив №1 Самара;RG 0001 002 00 51;Регистрация по БП (Ист. Фонд не ДБО);Рег.;02;Регистрация;досье;0;AUTO
ОСЦ Воронеж;Вне подразделений;RG 0001 013 00 51;Регистрация по БП (Ист. Фонд не ДБО);Рег.;13;Регистрация;досье;0;AUTO
ОСЦ Воронеж;Архив №1 Воронеж;RG 0001 013 00 51;Регистрация по БП (Ист. Фонд не ДБО);Рег.;13;Регистрация;досье;39;AUTO
ОСЦ Воронеж;Архив №3 Калининград;RG 0001 013 00 51;Регистрация по БП (Ист. Фонд не ДБО);Рег.;13;Регистрация;досье;59;AUTO
ОСЦ Воронеж;Архив №4 Санкт-Петербург;RG 0001 013 00 51;Регистрация по БП (Ист. Фонд не ДБО);Рег.;13;Регистрация;досье;29;AUTO
ОСЦ Москва;Вне подразделений;RG 0001 013 00 51;Регистрация по БП (Ист. Фонд не ДБО);Рег.;13;Регистрация;досье;0;AUTO
ОСЦ Москва;Архив №1 Томилино;RG 0001 013 00 51;Регистрация по БП (Ист. Фонд не ДБО);Рег.;13;Регистрация;досье;31,097;AUTO
ОСЦ Нижний Новгород;Вне подразделений;RG 0001 013 00 51;Регистрация по БП (Ист. Фонд не ДБО);Рег.;13;Регистрация;досье;0;AUTO
ОСЦ Нижний Новгород;Архив №1 Нижний Новгород;RG 0001 013 00 51;Регистрация по БП (Ист. Фонд не ДБО);Рег.;13;Регистрация;досье;39;AUTO
ОСЦ Новосибирск;Вне подразделений;RG 0001 013 00 51;Регистрация по БП (Ист. Фонд не ДБО);Рег.;13;Регистрация;досье;0;AUTO
ОСЦ Новосибирск;Архив №1 Новосибирск;RG 0001 013 00 51;Регистрация по БП (Ист. Фонд не ДБО);Рег.;13;Регистрация;досье;29;AUTO
ОСЦ Новосибирск;Архив №3 Екатеринбург;RG 0001 013 00 51;Регистрация по БП (Ист. Фонд не ДБО);Рег.;13;Регистрация;досье;29;AUTO
ОСЦ Самара;Вне подразделений;RG 0001 013 00 51;Регистрация по БП (Ист. Фонд не ДБО);Рег.;13;Регистрация;досье;0;AUTO
ОСЦ Самара;Архив №1 Самара;RG 0001 013 00 51;Регистрация по БП (Ист. Фонд не ДБО);Рег.;13;Регистрация;досье;29;AUTO
ОСЦ Воронеж;Вне подразделений;RG 0001 001 00 51;Регистрация по БП (Ист. Фонд не ДБО);Рег.;01;Регистрация;досье;0;AUTO
ОСЦ Воронеж;Архив №1 Воронеж;RG 0001 001 00 51;Регистрация по БП (Ист. Фонд не ДБО);Рег.;01;Регистрация;досье;33;AUTO
ОСЦ Воронеж;Архив №3 Калининград;RG 0001 001 00 51;Регистрация по БП (Ист. Фонд не ДБО);Рег.;01;Регистрация;досье;0;AUTO
ОСЦ Воронеж;Архив №4 Санкт-Петербург;RG 0001 001 00 51;Регистрация по БП (Ист. Фонд не ДБО);Рег.;01;Регистрация;досье;29;AUTO
ОСЦ Москва;Вне подразделений;RG 0001 001 00 51;Регистрация по БП (Ист. Фонд не ДБО);Рег.;01;Регистрация;досье;0;AUTO
ОСЦ Москва;Архив №1 Томилино;RG 0001 001 00 51;Регистрация по БП (Ист. Фонд не ДБО);Рег.;01;Регистрация;досье;31,063;AUTO
ОСЦ Нижний Новгород;Вне подразделений;RG 0001 001 00 51;Регистрация по БП (Ист. Фонд не ДБО);Рег.;01;Регистрация;досье;0;AUTO
ОСЦ Нижний Новгород;Архив №1 Нижний Новгород;RG 0001 001 00 51;Регистрация по БП (Ист. Фонд не ДБО);Рег.;01;Регистрация;досье;32,023;AUTO
ОСЦ Новосибирск;Вне подразделений;RG 0001 001 00 51;Регистрация по БП (Ист. Фонд не ДБО);Рег.;01;Регистрация;досье;0;AUTO
ОСЦ Новосибирск;Архив №1 Новосибирск;RG 0001 001 00 51;Регистрация по БП (Ист. Фонд не ДБО);Рег.;01;Регистрация;досье;29;AUTO
ОСЦ Новосибирск;Архив №3 Екатеринбург;RG 0001 001 00 51;Регистрация по БП (Ист. Фонд не ДБО);Рег.;01;Регистрация;досье;29;AUTO
ОСЦ Самара;Вне подразделений;RG 0001 001 00 51;Регистрация по БП (Ист. Фонд не ДБО);Рег.;01;Регистрация;досье;0;AUTO
ОСЦ Самара;Архив №1 Самара;RG 0001 001 00 51;Регистрация по БП (Ист. Фонд не ДБО);Рег.;01;Регистрация;досье;29;AUTO
ОСЦ Воронеж;Вне подразделений;RG 0001 003 00 51;Регистрация по БП (Ист. Фонд не ДБО);Рег.;03;Регистрация;досье;0;AUTO
ОСЦ Воронеж;Архив №1 Воронеж;RG 0001 003 00 51;Регистрация по БП (Ист. Фонд не ДБО);Рег.;03;Регистрация;досье;39;AUTO
ОСЦ Воронеж;Архив №3 Калининград;RG 0001 003 00 51;Регистрация по БП (Ист. Фонд не ДБО);Рег.;03;Регистрация;досье;59;AUTO
ОСЦ Воронеж;Архив №4 Санкт-Петербург;RG 0001 003 00 51;Регистрация по БП (Ист. Фонд не ДБО);Рег.;03;Регистрация;досье;29;AUTO
ОСЦ Москва;Вне подразделений;RG 0001 003 00 51;Регистрация по БП (Ист. Фонд не ДБО);Рег.;03;Регистрация;досье;0;AUTO
ОСЦ Москва;Архив №1 Томилино;RG 0001 003 00 51;Регистрация по БП (Ист. Фонд не ДБО);Рег.;03;Регистрация;досье;36;AUTO
ОСЦ Нижний Новгород;Вне подразделений;RG 0001 003 00 51;Регистрация по БП (Ист. Фонд не ДБО);Рег.;03;Регистрация;досье;0;AUTO
ОСЦ Нижний Новгород;Архив №1 Нижний Новгород;RG 0001 003 00 51;Регистрация по БП (Ист. Фонд не ДБО);Рег.;03;Регистрация;досье;39;AUTO
ОСЦ Новосибирск;Вне подразделений;RG 0001 003 00 51;Регистрация по БП (Ист. Фонд не ДБО);Рег.;03;Регистрация;досье;0;AUTO
ОСЦ Новосибирск;Архив №1 Новосибирск;RG 0001 003 00 51;Регистрация по БП (Ист. Фонд не ДБО);Рег.;03;Регистрация;досье;29;AUTO
ОСЦ Новосибирск;Архив №3 Екатеринбург;RG 0001 003 00 51;Регистрация по БП (Ист. Фонд не ДБО);Рег.;03;Регистрация;досье;29;AUTO
ОСЦ Самара;Вне подразделений;RG 0001 003 00 51;Регистрация по БП (Ист. Фонд не ДБО);Рег.;03;Регистрация;досье;0;AUTO
ОСЦ Самара;Архив №1 Самара;RG 0001 003 00 51;Регистрация по БП (Ист. Фонд не ДБО);Рег.;03;Регистрация;досье;28;AUTO
ОСЦ Воронеж;Вне подразделений;RG 0001 002 00 52;Регистрация по БП (Ист. Фонд не ДБО);ВСП;02;Регистрация;досье;0;AUTO
ОСЦ Воронеж;Архив №1 Воронеж;RG 0001 002 00 52;Регистрация по БП (Ист. Фонд не ДБО);ВСП;02;Регистрация;досье;0;AUTO
ОСЦ Воронеж;Архив №3 Калининград;RG 0001 002 00 52;Регистрация по БП (Ист. Фонд не ДБО);ВСП;02;Регистрация;досье;0;AUTO
ОСЦ Воронеж;Архив №4 Санкт-Петербург;RG 0001 002 00 52;Регистрация по БП (Ист. Фонд не ДБО);ВСП;02;Регистрация;досье;0;AUTO
ОСЦ Москва;Вне подразделений;RG 0001 002 00 52;Регистрация по БП (Ист. Фонд не ДБО);ВСП;02;Регистрация;досье;0;AUTO
ОСЦ Москва;Архив №1 Томилино;RG 0001 002 00 52;Регистрация по БП (Ист. Фонд не ДБО);ВСП;02;Регистрация;досье;0;AUTO
ОСЦ Нижний Новгород;Вне подразделений;RG 0001 002 00 52;Регистрация по БП (Ист. Фонд не ДБО);ВСП;02;Регистрация;досье;0;AUTO
ОСЦ Нижний Новгород;Архив №1 Нижний Новгород;RG 0001 002 00 52;Регистрация по БП (Ист. Фонд не ДБО);ВСП;02;Регистрация;досье;0;AUTO
ОСЦ Новосибирск;Вне подразделений;RG 0001 002 00 52;Регистрация по БП (Ист. Фонд не ДБО);ВСП;02;Регистрация;досье;0;AUTO
ОСЦ Новосибирск;Архив №1 Новосибирск;RG 0001 002 00 52;Регистрация по БП (Ист. Фонд не ДБО);ВСП;02;Регистрация;досье;0;AUTO
ОСЦ Новосибирск;Архив №3 Екатеринбург;RG 0001 002 00 52;Регистрация по БП (Ист. Фонд не ДБО);ВСП;02;Регистрация;досье;0;AUTO
ОСЦ Самара;Вне подразделений;RG 0001 002 00 52;Регистрация по БП (Ист. Фонд не ДБО);ВСП;02;Регистрация;досье;0;AUTO
ОСЦ Самара;Архив №1 Самара;RG 0001 002 00 52;Регистрация по БП (Ист. Фонд не ДБО);ВСП;02;Регистрация;досье;0;AUTO
ОСЦ Воронеж;Вне подразделений;RG 0001 013 00 52;Регистрация по БП (Ист. Фонд не ДБО);ВСП;13;Регистрация;досье;0;AUTO
ОСЦ Воронеж;Архив №1 Воронеж;RG 0001 013 00 52;Регистрация по БП (Ист. Фонд не ДБО);ВСП;13;Регистрация;досье;0;AUTO
ОСЦ Воронеж;Архив №3 Калининград;RG 0001 013 00 52;Регистрация по БП (Ист. Фонд не ДБО);ВСП;13;Регистрация;досье;0;AUTO
ОСЦ Воронеж;Архив №4 Санкт-Петербург;RG 0001 013 00 52;Регистрация по БП (Ист. Фонд не ДБО);ВСП;13;Регистрация;досье;0;AUTO
ОСЦ Москва;Вне подразделений;RG 0001 013 00 52;Регистрация по БП (Ист. Фонд не ДБО);ВСП;13;Регистрация;досье;0;AUTO
ОСЦ Москва;Архив №1 Томилино;RG 0001 013 00 52;Регистрация по БП (Ист. Фонд не ДБО);ВСП;13;Регистрация;досье;0;AUTO
ОСЦ Нижний Новгород;Вне подразделений;RG 0001 013 00 52;Регистрация по БП (Ист. Фонд не ДБО);ВСП;13;Регистрация;досье;0;AUTO
ОСЦ Нижний Новгород;Архив №1 Нижний Новгород;RG 0001 013 00 52;Регистрация по БП (Ист. Фонд не ДБО);ВСП;13;Регистрация;досье;0;AUTO
ОСЦ Новосибирск;Вне подразделений;RG 0001 013 00 52;Регистрация по БП (Ист. Фонд не ДБО);ВСП;13;Регистрация;досье;0;AUTO
ОСЦ Новосибирск;Архив №1 Новосибирск;RG 0001 013 00 52;Регистрация по БП (Ист. Фонд не ДБО);ВСП;13;Регистрация;досье;0;AUTO
ОСЦ Новосибирск;Архив №3 Екатеринбург;RG 0001 013 00 52;Регистрация по БП (Ист. Фонд не ДБО);ВСП;13;Регистрация;досье;0;AUTO
ОСЦ Самара;Вне подразделений;RG 0001 013 00 52;Регистрация по БП (Ист. Фонд не ДБО);ВСП;13;Регистрация;досье;0;AUTO
ОСЦ Самара;Архив №1 Самара;RG 0001 013 00 52;Регистрация по БП (Ист. Фонд не ДБО);ВСП;13;Регистрация;досье;0;AUTO
ОСЦ Воронеж;Вне подразделений;RG 0001 001 00 52;Регистрация по БП (Ист. Фонд не ДБО);ВСП;01;Регистрация;досье;0;AUTO
ОСЦ Воронеж;Архив №1 Воронеж;RG 0001 001 00 52;Регистрация по БП (Ист. Фонд не ДБО);ВСП;01;Регистрация;досье;0;AUTO
ОСЦ Воронеж;Архив №3 Калининград;RG 0001 001 00 52;Регистрация по БП (Ист. Фонд не ДБО);ВСП;01;Регистрация;досье;0;AUTO
ОСЦ Воронеж;Архив №4 Санкт-Петербург;RG 0001 001 00 52;Регистрация по БП (Ист. Фонд не ДБО);ВСП;01;Регистрация;досье;0;AUTO
ОСЦ Москва;Вне подразделений;RG 0001 001 00 52;Регистрация по БП (Ист. Фонд не ДБО);ВСП;01;Регистрация;досье;0;AUTO
ОСЦ Москва;Архив №1 Томилино;RG 0001 001 00 52;Регистрация по БП (Ист. Фонд не ДБО);ВСП;01;Регистрация;досье;0;AUTO
ОСЦ Нижний Новгород;Вне подразделений;RG 0001 001 00 52;Регистрация по БП (Ист. Фонд не ДБО);ВСП;01;Регистрация;досье;0;AUTO
ОСЦ Нижний Новгород;Архив №1 Нижний Новгород;RG 0001 001 00 52;Регистрация по БП (Ист. Фонд не ДБО);ВСП;01;Регистрация;досье;0;AUTO
ОСЦ Новосибирск;Вне подразделений;RG 0001 001 00 52;Регистрация по БП (Ист. Фонд не ДБО);ВСП;01;Регистрация;досье;0;AUTO
ОСЦ Новосибирск;Архив №1 Новосибирск;RG 0001 001 00 52;Регистрация по БП (Ист. Фонд не ДБО);ВСП;01;Регистрация;досье;0;AUTO
ОСЦ Новосибирск;Архив №3 Екатеринбург;RG 0001 001 00 52;Регистрация по БП (Ист. Фонд не ДБО);ВСП;01;Регистрация;досье;0;AUTO
ОСЦ Самара;Вне подразделений;RG 0001 001 00 52;Регистрация по БП (Ист. Фонд не ДБО);ВСП;01;Регистрация;досье;0;AUTO
ОСЦ Самара;Архив №1 Самара;RG 0001 001 00 52;Регистрация по БП (Ист. Фонд не ДБО);ВСП;01;Регистрация;досье;0;AUTO
ОСЦ Воронеж;Вне подразделений;RG 0001 003 00 52;Регистрация по БП (Ист. Фонд не ДБО);ВСП;03;Регистрация;досье;0;AUTO
ОСЦ Воронеж;Архив №1 Воронеж;RG 0001 003 00 52;Регистрация по БП (Ист. Фонд не ДБО);ВСП;03;Регистрация;досье;0;AUTO
ОСЦ Воронеж;Архив №3 Калининград;RG 0001 003 00 52;Регистрация по БП (Ист. Фонд не ДБО);ВСП;03;Регистрация;досье;0;AUTO
ОСЦ Воронеж;Архив №4 Санкт-Петербург;RG 0001 003 00 52;Регистрация по БП (Ист. Фонд не ДБО);ВСП;03;Регистрация;досье;0;AUTO
ОСЦ Москва;Вне подразделений;RG 0001 003 00 52;Регистрация по БП (Ист. Фонд не ДБО);ВСП;03;Регистрация;досье;0;AUTO
ОСЦ Москва;Архив №1 Томилино;RG 0001 003 00 52;Регистрация по БП (Ист. Фонд не ДБО);ВСП;03;Регистрация;досье;0;AUTO
ОСЦ Нижний Новгород;Вне подразделений;RG 0001 003 00 52;Регистрация по БП (Ист. Фонд не ДБО);ВСП;03;Регистрация;досье;0;AUTO
ОСЦ Нижний Новгород;Архив №1 Нижний Новгород;RG 0001 003 00 52;Регистрация по БП (Ист. Фонд не ДБО);ВСП;03;Регистрация;досье;0;AUTO
ОСЦ Новосибирск;Вне подразделений;RG 0001 003 00 52;Регистрация по БП (Ист. Фонд не ДБО);ВСП;03;Регистрация;досье;0;AUTO
ОСЦ Новосибирск;Архив №1 Новосибирск;RG 0001 003 00 52;Регистрация по БП (Ист. Фонд не ДБО);ВСП;03;Регистрация;досье;0;AUTO
ОСЦ Новосибирск;Архив №3 Екатеринбург;RG 0001 003 00 52;Регистрация по БП (Ист. Фонд не ДБО);ВСП;03;Регистрация;досье;0;AUTO
ОСЦ Самара;Вне подразделений;RG 0001 003 00 52;Регистрация по БП (Ист. Фонд не ДБО);ВСП;03;Регистрация;досье;0;AUTO
ОСЦ Самара;Архив №1 Самара;RG 0001 003 00 52;Регистрация по БП (Ист. Фонд не ДБО);ВСП;03;Регистрация;досье;0;AUTO
ОСЦ Воронеж;Вне подразделений;RG 0001 002 00 53;Регистрация по БП (Ист. Фонд не ДБО);ВРУК;02;Регистрация;досье;0;AUTO
ОСЦ Воронеж;Архив №1 Воронеж;RG 0001 002 00 53;Регистрация по БП (Ист. Фонд не ДБО);ВРУК;02;Регистрация;досье;0;AUTO
ОСЦ Воронеж;Архив №3 Калининград;RG 0001 002 00 53;Регистрация по БП (Ист. Фонд не ДБО);ВРУК;02;Регистрация;досье;0;AUTO
ОСЦ Воронеж;Архив №4 Санкт-Петербург;RG 0001 002 00 53;Регистрация по БП (Ист. Фонд не ДБО);ВРУК;02;Регистрация;досье;0;AUTO
ОСЦ Москва;Вне подразделений;RG 0001 002 00 53;Регистрация по БП (Ист. Фонд не ДБО);ВРУК;02;Регистрация;досье;0;AUTO
ОСЦ Москва;Архив №1 Томилино;RG 0001 002 00 53;Регистрация по БП (Ист. Фонд не ДБО);ВРУК;02;Регистрация;досье;0;AUTO
ОСЦ Нижний Новгород;Вне подразделений;RG 0001 002 00 53;Регистрация по БП (Ист. Фонд не ДБО);ВРУК;02;Регистрация;досье;0;AUTO
ОСЦ Нижний Новгород;Архив №1 Нижний Новгород;RG 0001 002 00 53;Регистрация по БП (Ист. Фонд не ДБО);ВРУК;02;Регистрация;досье;0;AUTO
ОСЦ Новосибирск;Вне подразделений;RG 0001 002 00 53;Регистрация по БП (Ист. Фонд не ДБО);ВРУК;02;Регистрация;досье;0;AUTO
ОСЦ Новосибирск;Архив №1 Новосибирск;RG 0001 002 00 53;Регистрация по БП (Ист. Фонд не ДБО);ВРУК;02;Регистрация;досье;0;AUTO
ОСЦ Новосибирск;Архив №3 Екатеринбург;RG 0001 002 00 53;Регистрация по БП (Ист. Фонд не ДБО);ВРУК;02;Регистрация;досье;0;AUTO
ОСЦ Самара;Вне подразделений;RG 0001 002 00 53;Регистрация по БП (Ист. Фонд не ДБО);ВРУК;02;Регистрация;досье;0;AUTO
ОСЦ Самара;Архив №1 Самара;RG 0001 002 00 53;Регистрация по БП (Ист. Фонд не ДБО);ВРУК;02;Регистрация;досье;0;AUTO
ОСЦ Воронеж;Вне подразделений;RG 0001 013 00 53;Регистрация по БП (Ист. Фонд не ДБО);ВРУК;13;Регистрация;досье;0;AUTO
ОСЦ Воронеж;Архив №1 Воронеж;RG 0001 013 00 53;Регистрация по БП (Ист. Фонд не ДБО);ВРУК;13;Регистрация;досье;96;AUTO
ОСЦ Воронеж;Архив №3 Калининград;RG 0001 013 00 53;Регистрация по БП (Ист. Фонд не ДБО);ВРУК;13;Регистрация;досье;60;AUTO
ОСЦ Воронеж;Архив №4 Санкт-Петербург;RG 0001 013 00 53;Регистрация по БП (Ист. Фонд не ДБО);ВРУК;13;Регистрация;досье;60;AUTO
ОСЦ Москва;Вне подразделений;RG 0001 013 00 53;Регистрация по БП (Ист. Фонд не ДБО);ВРУК;13;Регистрация;досье;0;AUTO
ОСЦ Москва;Архив №1 Томилино;RG 0001 013 00 53;Регистрация по БП (Ист. Фонд не ДБО);ВРУК;13;Регистрация;досье;120;AUTO
ОСЦ Нижний Новгород;Вне подразделений;RG 0001 013 00 53;Регистрация по БП (Ист. Фонд не ДБО);ВРУК;13;Регистрация;досье;0;AUTO
ОСЦ Нижний Новгород;Архив №1 Нижний Новгород;RG 0001 013 00 53;Регистрация по БП (Ист. Фонд не ДБО);ВРУК;13;Регистрация;досье;93;AUTO
ОСЦ Новосибирск;Вне подразделений;RG 0001 013 00 53;Регистрация по БП (Ист. Фонд не ДБО);ВРУК;13;Регистрация;досье;0;AUTO
ОСЦ Новосибирск;Архив №1 Новосибирск;RG 0001 013 00 53;Регистрация по БП (Ист. Фонд не ДБО);ВРУК;13;Регистрация;досье;75;AUTO
ОСЦ Новосибирск;Архив №3 Екатеринбург;RG 0001 013 00 53;Регистрация по БП (Ист. Фонд не ДБО);ВРУК;13;Регистрация;досье;75;AUTO
ОСЦ Самара;Вне подразделений;RG 0001 013 00 53;Регистрация по БП (Ист. Фонд не ДБО);ВРУК;13;Регистрация;досье;0;AUTO
ОСЦ Самара;Архив №1 Самара;RG 0001 013 00 53;Регистрация по БП (Ист. Фонд не ДБО);ВРУК;13;Регистрация;досье;63;AUTO
ОСЦ Воронеж;Вне подразделений;RG 0001 001 00 53;Регистрация по БП (Ист. Фонд не ДБО);ВРУК;01;Регистрация;досье;0;AUTO
ОСЦ Воронеж;Архив №1 Воронеж;RG 0001 001 00 53;Регистрация по БП (Ист. Фонд не ДБО);ВРУК;01;Регистрация;досье;96;AUTO
ОСЦ Воронеж;Архив №3 Калининград;RG 0001 001 00 53;Регистрация по БП (Ист. Фонд не ДБО);ВРУК;01;Регистрация;досье;60;AUTO
ОСЦ Воронеж;Архив №4 Санкт-Петербург;RG 0001 001 00 53;Регистрация по БП (Ист. Фонд не ДБО);ВРУК;01;Регистрация;досье;60;AUTO
ОСЦ Москва;Вне подразделений;RG 0001 001 00 53;Регистрация по БП (Ист. Фонд не ДБО);ВРУК;01;Регистрация;досье;0;AUTO
ОСЦ Москва;Архив №1 Томилино;RG 0001 001 00 53;Регистрация по БП (Ист. Фонд не ДБО);ВРУК;01;Регистрация;досье;120;AUTO
ОСЦ Нижний Новгород;Вне подразделений;RG 0001 001 00 53;Регистрация по БП (Ист. Фонд не ДБО);ВРУК;01;Регистрация;досье;0;AUTO
ОСЦ Нижний Новгород;Архив №1 Нижний Новгород;RG 0001 001 00 53;Регистрация по БП (Ист. Фонд не ДБО);ВРУК;01;Регистрация;досье;93;AUTO
ОСЦ Новосибирск;Вне подразделений;RG 0001 001 00 53;Регистрация по БП (Ист. Фонд не ДБО);ВРУК;01;Регистрация;досье;0;AUTO
ОСЦ Новосибирск;Архив №1 Новосибирск;RG 0001 001 00 53;Регистрация по БП (Ист. Фонд не ДБО);ВРУК;01;Регистрация;досье;75;AUTO
ОСЦ Новосибирск;Архив №3 Екатеринбург;RG 0001 001 00 53;Регистрация по БП (Ист. Фонд не ДБО);ВРУК;01;Регистрация;досье;0;AUTO
ОСЦ Самара;Вне подразделений;RG 0001 001 00 53;Регистрация по БП (Ист. Фонд не ДБО);ВРУК;01;Регистрация;досье;0;AUTO
ОСЦ Самара;Архив №1 Самара;RG 0001 001 00 53;Регистрация по БП (Ист. Фонд не ДБО);ВРУК;01;Регистрация;досье;63;AUTO
ОСЦ Воронеж;Вне подразделений;RG 0001 003 00 53;Регистрация по БП (Ист. Фонд не ДБО);ВРУК;03;Регистрация;досье;0;AUTO
ОСЦ Воронеж;Архив №1 Воронеж;RG 0001 003 00 53;Регистрация по БП (Ист. Фонд не ДБО);ВРУК;03;Регистрация;досье;96;AUTO
ОСЦ Воронеж;Архив №3 Калининград;RG 0001 003 00 53;Регистрация по БП (Ист. Фонд не ДБО);ВРУК;03;Регистрация;досье;60;AUTO
ОСЦ Воронеж;Архив №4 Санкт-Петербург;RG 0001 003 00 53;Регистрация по БП (Ист. Фонд не ДБО);ВРУК;03;Регистрация;досье;60;AUTO
ОСЦ Москва;Вне подразделений;RG 0001 003 00 53;Регистрация по БП (Ист. Фонд не ДБО);ВРУК;03;Регистрация;досье;0;AUTO
ОСЦ Москва;Архив №1 Томилино;RG 0001 003 00 53;Регистрация по БП (Ист. Фонд не ДБО);ВРУК;03;Регистрация;досье;120;AUTO
ОСЦ Нижний Новгород;Вне подразделений;RG 0001 003 00 53;Регистрация по БП (Ист. Фонд не ДБО);ВРУК;03;Регистрация;досье;0;AUTO
ОСЦ Нижний Новгород;Архив №1 Нижний Новгород;RG 0001 003 00 53;Регистрация по БП (Ист. Фонд не ДБО);ВРУК;03;Регистрация;досье;93;AUTO
ОСЦ Новосибирск;Вне подразделений;RG 0001 003 00 53;Регистрация по БП (Ист. Фонд не ДБО);ВРУК;03;Регистрация;досье;0;AUTO
ОСЦ Новосибирск;Архив №1 Новосибирск;RG 0001 003 00 53;Регистрация по БП (Ист. Фонд не ДБО);ВРУК;03;Регистрация;досье;75;AUTO
ОСЦ Новосибирск;Архив №3 Екатеринбург;RG 0001 003 00 53;Регистрация по БП (Ист. Фонд не ДБО);ВРУК;03;Регистрация;досье;75;AUTO
ОСЦ Самара;Вне подразделений;RG 0001 003 00 53;Регистрация по БП (Ист. Фонд не ДБО);ВРУК;03;Регистрация;досье;0;AUTO
ОСЦ Самара;Архив №1 Самара;RG 0001 003 00 53;Регистрация по БП (Ист. Фонд не ДБО);ВРУК;03;Регистрация;досье;63;AUTO
ОСЦ Воронеж;Вне подразделений;RG 0001 280 00 01;Регистрация по БП;Рег.;280;Регистрация;досье;0;AUTO
ОСЦ Воронеж;Архив №1 Воронеж;RG 0001 280 00 01;Регистрация по БП;Рег.;280;Регистрация;досье;0;AUTO
ОСЦ Воронеж;Архив №3 Калининград;RG 0001 280 00 01;Регистрация по БП;Рег.;280;Регистрация;досье;19;AUTO
ОСЦ Воронеж;Архив №4 Санкт-Петербург;RG 0001 280 00 01;Регистрация по БП;Рег.;280;Регистрация;досье;18,325;AUTO
ОСЦ Москва;Вне подразделений;RG 0001 280 00 01;Регистрация по БП;Рег.;280;Регистрация;досье;0;AUTO
ОСЦ Москва;Архив №1 Томилино;RG 0001 280 00 01;Регистрация по БП;Рег.;280;Регистрация;досье;21,667;AUTO
ОСЦ Нижний Новгород;Вне подразделений;RG 0001 280 00 01;Регистрация по БП;Рег.;280;Регистрация;досье;0;AUTO
ОСЦ Нижний Новгород;Архив №1 Нижний Новгород;RG 0001 280 00 01;Регистрация по БП;Рег.;280;Регистрация;досье;21,56;AUTO
ОСЦ Новосибирск;Вне подразделений;RG 0001 280 00 01;Регистрация по БП;Рег.;280;Регистрация;досье;0;AUTO
ОСЦ Новосибирск;Архив №1 Новосибирск;RG 0001 280 00 01;Регистрация по БП;Рег.;280;Регистрация;досье;21,1;AUTO
ОСЦ Новосибирск;Архив №3 Екатеринбург;RG 0001 280 00 01;Регистрация по БП;Рег.;280;Регистрация;досье;21,333;AUTO
ОСЦ Самара;Вне подразделений;RG 0001 280 00 01;Регистрация по БП;Рег.;280;Регистрация;досье;0;AUTO
ОСЦ Самара;Архив №1 Самара;RG 0001 280 00 01;Регистрация по БП;Рег.;280;Регистрация;досье;21,756;AUTO
ОСЦ Воронеж;Вне подразделений;RG 0001 280 00 02;Регистрация по БП;ВСП;280;Регистрация;досье;0;AUTO
ОСЦ Воронеж;Архив №1 Воронеж;RG 0001 280 00 02;Регистрация по БП;ВСП;280;Регистрация;досье;0;AUTO
ОСЦ Воронеж;Архив №3 Калининград;RG 0001 280 00 02;Регистрация по БП;ВСП;280;Регистрация;досье;14;AUTO
ОСЦ Воронеж;Архив №4 Санкт-Петербург;RG 0001 280 00 02;Регистрация по БП;ВСП;280;Регистрация;досье;11,933;AUTO
ОСЦ Москва;Вне подразделений;RG 0001 280 00 02;Регистрация по БП;ВСП;280;Регистрация;досье;0;AUTO
ОСЦ Москва;Архив №1 Томилино;RG 0001 280 00 02;Регистрация по БП;ВСП;280;Регистрация;досье;12,419;AUTO
ОСЦ Нижний Новгород;Вне подразделений;RG 0001 280 00 02;Регистрация по БП;ВСП;280;Регистрация;досье;0;AUTO
ОСЦ Нижний Новгород;Архив №1 Нижний Новгород;RG 0001 280 00 02;Регистрация по БП;ВСП;280;Регистрация;досье;13,038;AUTO
ОСЦ Новосибирск;Вне подразделений;RG 0001 280 00 02;Регистрация по БП;ВСП;280;Регистрация;досье;0;AUTO
ОСЦ Новосибирск;Архив №1 Новосибирск;RG 0001 280 00 02;Регистрация по БП;ВСП;280;Регистрация;досье;12,067;AUTO
ОСЦ Новосибирск;Архив №3 Екатеринбург;RG 0001 280 00 02;Регистрация по БП;ВСП;280;Регистрация;досье;14,578;AUTO
ОСЦ Самара;Вне подразделений;RG 0001 280 00 02;Регистрация по БП;ВСП;280;Регистрация;досье;0;AUTO
ОСЦ Самара;Архив №1 Самара;RG 0001 280 00 02;Регистрация по БП;ВСП;280;Регистрация;досье;14,548;AUTO
ОСЦ Воронеж;Вне подразделений;RG 0001 280 00 03;Регистрация по БП;ВРУК;280;Регистрация;досье;0;AUTO
ОСЦ Воронеж;Архив №1 Воронеж;RG 0001 280 00 03;Регистрация по БП;ВРУК;280;Регистрация;досье;90,3;AUTO
ОСЦ Воронеж;Архив №3 Калининград;RG 0001 280 00 03;Регистрация по БП;ВРУК;280;Регистрация;досье;78,433;AUTO
ОСЦ Воронеж;Архив №4 Санкт-Петербург;RG 0001 280 00 03;Регистрация по БП;ВРУК;280;Регистрация;досье;82,333;AUTO
ОСЦ Москва;Вне подразделений;RG 0001 280 00 03;Регистрация по БП;ВРУК;280;Регистрация;досье;0;AUTO
ОСЦ Москва;Архив №1 Томилино;RG 0001 280 00 03;Регистрация по БП;ВРУК;280;Регистрация;досье;86,692;AUTO
ОСЦ Нижний Новгород;Вне подразделений;RG 0001 280 00 03;Регистрация по БП;ВРУК;280;Регистрация;досье;0;AUTO
ОСЦ Нижний Новгород;Архив №1 Нижний Новгород;RG 0001 280 00 03;Регистрация по БП;ВРУК;280;Регистрация;досье;60;AUTO
ОСЦ Новосибирск;Вне подразделений;RG 0001 280 00 03;Регистрация по БП;ВРУК;280;Регистрация;досье;0;AUTO
ОСЦ Новосибирск;Архив №1 Новосибирск;RG 0001 280 00 03;Регистрация по БП;ВРУК;280;Регистрация;досье;82;AUTO
ОСЦ Новосибирск;Архив №3 Екатеринбург;RG 0001 280 00 03;Регистрация по БП;ВРУК;280;Регистрация;досье;85;AUTO
ОСЦ Самара;Вне подразделений;RG 0001 280 00 03;Регистрация по БП;ВРУК;280;Регистрация;досье;0;AUTO
ОСЦ Самара;Архив №1 Самара;RG 0001 280 00 03;Регистрация по БП;ВРУК;280;Регистрация;досье;85,167;AUTO
ОСЦ Воронеж;Архив №1 Воронеж;RG 0001 273 00 03;Регистрация по БП;ВРУК;273;Регистрация;досье;80;AUTO
ОСЦ Воронеж;Архив №3 Калининград;RG 0001 273 00 03;Регистрация по БП;ВРУК;273;Регистрация;досье;75,395;AUTO
ОСЦ Воронеж;Архив №4 Санкт-Петербург;RG 0001 273 00 03;Регистрация по БП;ВРУК;273;Регистрация;досье;0;AUTO
ОСЦ Москва;Вне подразделений;RG 0001 273 00 03;Регистрация по БП;ВРУК;273;Регистрация;досье;0;AUTO
ОСЦ Москва;Архив №1 Томилино;RG 0001 273 00 03;Регистрация по БП;ВРУК;273;Регистрация;досье;0;AUTO
ОСЦ Нижний Новгород;Вне подразделений;RG 0001 273 00 03;Регистрация по БП;ВРУК;273;Регистрация;досье;0;AUTO
ОСЦ Нижний Новгород;Архив №1 Нижний Новгород;RG 0001 273 00 03;Регистрация по БП;ВРУК;273;Регистрация;досье;80,4;AUTO
ОСЦ Новосибирск;Вне подразделений;RG 0001 273 00 03;Регистрация по БП;ВРУК;273;Регистрация;досье;0;AUTO
ОСЦ Новосибирск;Архив №1 Новосибирск;RG 0001 273 00 03;Регистрация по БП;ВРУК;273;Регистрация;досье;0;AUTO
ОСЦ Новосибирск;Архив №3 Екатеринбург;RG 0001 273 00 03;Регистрация по БП;ВРУК;273;Регистрация;досье;70;AUTO
ОСЦ Самара;Вне подразделений;RG 0001 273 00 03;Регистрация по БП;ВРУК;273;Регистрация;досье;0;AUTO
ОСЦ Самара;Архив №1 Самара;RG 0001 273 00 03;Регистрация по БП;ВРУК;273;Регистрация;досье;80;AUTO
ОСЦ Воронеж;Архив №4 Санкт-Петербург;BX 0085 000 00 01;Регистрация FB;-;00;Регистрация;Нет;17,258;AUTO
ОСЦ Воронеж;Вне подразделений;RG 0001 006 00 01;Регистрация по БП;Рег.;6;Регистрация;досье;0;AUTO
ОСЦ Воронеж;Архив №1 Воронеж;RG 0001 006 00 01;Регистрация по БП;Рег.;6;Регистрация;досье;0;AUTO
ОСЦ Воронеж;Архив №3 Калининград;RG 0001 006 00 01;Регистрация по БП;Рег.;6;Регистрация;досье;19,8;AUTO
ОСЦ Воронеж;Архив №4 Санкт-Петербург;RG 0001 006 00 01;Регистрация по БП;Рег.;6;Регистрация;досье;24,547;AUTO
ОСЦ Москва;Вне подразделений;RG 0001 006 00 01;Регистрация по БП;Рег.;6;Регистрация;досье;0;AUTO
ОСЦ Москва;Архив №1 Томилино;RG 0001 006 00 01;Регистрация по БП;Рег.;6;Регистрация;досье;0;AUTO
ОСЦ Нижний Новгород;Вне подразделений;RG 0001 006 00 01;Регистрация по БП;Рег.;6;Регистрация;досье;0;AUTO
ОСЦ Нижний Новгород;Архив №1 Нижний Новгород;RG 0001 006 00 01;Регистрация по БП;Рег.;6;Регистрация;досье;0;AUTO
ОСЦ Новосибирск;Вне подразделений;RG 0001 006 00 01;Регистрация по БП;Рег.;6;Регистрация;досье;0;AUTO
ОСЦ Новосибирск;Архив №1 Новосибирск;RG 0001 006 00 01;Регистрация по БП;Рег.;6;Регистрация;досье;17,867;AUTO
ОСЦ Новосибирск;Архив №3 Екатеринбург;RG 0001 006 00 01;Регистрация по БП;Рег.;6;Регистрация;досье;19,733;AUTO
ОСЦ Самара;Вне подразделений;RG 0001 006 00 01;Регистрация по БП;Рег.;6;Регистрация;досье;0;AUTO
ОСЦ Самара;Архив №1 Самара;RG 0001 006 00 01;Регистрация по БП;Рег.;6;Регистрация;досье;25;AUTO
ОСЦ Воронеж;Вне подразделений;RG 0001 006 00 02;Регистрация по БП;ВСП;6;Регистрация;досье;0;AUTO
ОСЦ Воронеж;Архив №1 Воронеж;RG 0001 006 00 02;Регистрация по БП;ВСП;6;Регистрация;досье;0;AUTO
ОСЦ Воронеж;Архив №3 Калининград;RG 0001 006 00 02;Регистрация по БП;ВСП;6;Регистрация;досье;13,9;AUTO
ОСЦ Воронеж;Архив №4 Санкт-Петербург;RG 0001 006 00 02;Регистрация по БП;ВСП;6;Регистрация;досье;18;AUTO
ОСЦ Москва;Вне подразделений;RG 0001 006 00 02;Регистрация по БП;ВСП;6;Регистрация;досье;0;AUTO
ОСЦ Москва;Архив №1 Томилино;RG 0001 006 00 02;Регистрация по БП;ВСП;6;Регистрация;досье;0;AUTO
ОСЦ Нижний Новгород;Вне подразделений;RG 0001 006 00 02;Регистрация по БП;ВСП;6;Регистрация;досье;0;AUTO
ОСЦ Нижний Новгород;Архив №1 Нижний Новгород;RG 0001 006 00 02;Регистрация по БП;ВСП;6;Регистрация;досье;0;AUTO
ОСЦ Новосибирск;Вне подразделений;RG 0001 006 00 02;Регистрация по БП;ВСП;6;Регистрация;досье;0;AUTO
ОСЦ Новосибирск;Архив №1 Новосибирск;RG 0001 006 00 02;Регистрация по БП;ВСП;6;Регистрация;досье;17,216;AUTO
ОСЦ Новосибирск;Архив №3 Екатеринбург;RG 0001 006 00 02;Регистрация по БП;ВСП;6;Регистрация;досье;17,6;AUTO
ОСЦ Самара;Вне подразделений;RG 0001 006 00 02;Регистрация по БП;ВСП;6;Регистрация;досье;0;AUTO
ОСЦ Самара;Архив №1 Самара;RG 0001 006 00 02;Регистрация по БП;ВСП;6;Регистрация;досье;17;AUTO
ОСЦ Воронеж;Вне подразделений;RG 0001 006 00 03;Регистрация по БП;ВРУК;6;Регистрация;досье;0;AUTO
ОСЦ Воронеж;Архив №1 Воронеж;RG 0001 006 00 03;Регистрация по БП;ВРУК;6;Регистрация;досье;95;AUTO
ОСЦ Воронеж;Архив №3 Калининград;RG 0001 006 00 03;Регистрация по БП;ВРУК;6;Регистрация;досье;80,867;AUTO
ОСЦ Воронеж;Архив №4 Санкт-Петербург;RG 0001 006 00 03;Регистрация по БП;ВРУК;6;Регистрация;досье;80,044;AUTO
ОСЦ Москва;Вне подразделений;RG 0001 006 00 03;Регистрация по БП;ВРУК;6;Регистрация;досье;0;AUTO
ОСЦ Москва;Архив №1 Томилино;RG 0001 006 00 03;Регистрация по БП;ВРУК;6;Регистрация;досье;90,733;AUTO
ОСЦ Нижний Новгород;Вне подразделений;RG 0001 006 00 03;Регистрация по БП;ВРУК;6;Регистрация;досье;0;AUTO
ОСЦ Нижний Новгород;Архив №1 Нижний Новгород;RG 0001 006 00 03;Регистрация по БП;ВРУК;6;Регистрация;досье;0;AUTO
ОСЦ Новосибирск;Вне подразделений;RG 0001 006 00 03;Регистрация по БП;ВРУК;6;Регистрация;досье;0;AUTO
ОСЦ Новосибирск;Архив №1 Новосибирск;RG 0001 006 00 03;Регистрация по БП;ВРУК;6;Регистрация;досье;84,25;AUTO
ОСЦ Новосибирск;Архив №3 Екатеринбург;RG 0001 006 00 03;Регистрация по БП;ВРУК;6;Регистрация;досье;85;AUTO
ОСЦ Самара;Вне подразделений;RG 0001 006 00 03;Регистрация по БП;ВРУК;6;Регистрация;досье;0;AUTO
ОСЦ Самара;Архив №1 Самара;RG 0001 006 00 03;Регистрация по БП;ВРУК;6;Регистрация;досье;89,933;AUTO
ОСЦ Воронеж;Вне подразделений;RG 0001 240 00 01;Регистрация по БП;Рег.;240;Регистрация;досье;0;AUTO
ОСЦ Воронеж;Архив №1 Воронеж;RG 0001 240 00 01;Регистрация по БП;Рег.;240;Регистрация;досье;0;AUTO
ОСЦ Воронеж;Архив №3 Калининград;RG 0001 240 00 01;Регистрация по БП;Рег.;240;Регистрация;досье;0;AUTO
ОСЦ Воронеж;Архив №4 Санкт-Петербург;RG 0001 240 00 01;Регистрация по БП;Рег.;240;Регистрация;досье;0;AUTO
ОСЦ Москва;Вне подразделений;RG 0001 240 00 01;Регистрация по БП;Рег.;240;Регистрация;досье;0;AUTO
ОСЦ Москва;Архив №1 Томилино;RG 0001 240 00 01;Регистрация по БП;Рег.;240;Регистрация;досье;60,2;AUTO
ОСЦ Нижний Новгород;Вне подразделений;RG 0001 240 00 01;Регистрация по БП;Рег.;240;Регистрация;досье;0;AUTO
ОСЦ Нижний Новгород;Архив №1 Нижний Новгород;RG 0001 240 00 01;Регистрация по БП;Рег.;240;Регистрация;досье;0;AUTO
ОСЦ Новосибирск;Вне подразделений;RG 0001 240 00 01;Регистрация по БП;Рег.;240;Регистрация;досье;0;AUTO
ОСЦ Новосибирск;Архив №1 Новосибирск;RG 0001 240 00 01;Регистрация по БП;Рег.;240;Регистрация;досье;0;AUTO
ОСЦ Новосибирск;Архив №3 Екатеринбург;RG 0001 240 00 01;Регистрация по БП;Рег.;240;Регистрация;досье;0;AUTO
ОСЦ Самара;Вне подразделений;RG 0001 240 00 01;Регистрация по БП;Рег.;240;Регистрация;досье;0;AUTO
ОСЦ Самара;Архив №1 Самара;RG 0001 240 00 01;Регистрация по БП;Рег.;240;Регистрация;досье;0;AUTO
ОСЦ Воронеж;Вне подразделений;RG 0001 240 00 02;Регистрация по БП;ВСП;240;Регистрация;досье;0;AUTO
ОСЦ Воронеж;Архив №1 Воронеж;RG 0001 240 00 02;Регистрация по БП;ВСП;240;Регистрация;досье;0;AUTO
ОСЦ Воронеж;Архив №3 Калининград;RG 0001 240 00 02;Регистрация по БП;ВСП;240;Регистрация;досье;0;AUTO
ОСЦ Воронеж;Архив №4 Санкт-Петербург;RG 0001 240 00 02;Регистрация по БП;ВСП;240;Регистрация;досье;0;AUTO
ОСЦ Москва;Вне подразделений;RG 0001 240 00 02;Регистрация по БП;ВСП;240;Регистрация;досье;0;AUTO
ОСЦ Москва;Архив №1 Томилино;RG 0001 240 00 02;Регистрация по БП;ВСП;240;Регистрация;досье;45,367;AUTO
ОСЦ Нижний Новгород;Вне подразделений;RG 0001 240 00 02;Регистрация по БП;ВСП;240;Регистрация;досье;0;AUTO
ОСЦ Нижний Новгород;Архив №1 Нижний Новгород;RG 0001 240 00 02;Регистрация по БП;ВСП;240;Регистрация;досье;0;AUTO
ОСЦ Новосибирск;Вне подразделений;RG 0001 240 00 02;Регистрация по БП;ВСП;240;Регистрация;досье;0;AUTO
ОСЦ Новосибирск;Архив №1 Новосибирск;RG 0001 240 00 02;Регистрация по БП;ВСП;240;Регистрация;досье;0;AUTO
ОСЦ Новосибирск;Архив №3 Екатеринбург;RG 0001 240 00 02;Регистрация по БП;ВСП;240;Регистрация;досье;0;AUTO
ОСЦ Самара;Вне подразделений;RG 0001 240 00 02;Регистрация по БП;ВСП;240;Регистрация;досье;0;AUTO
ОСЦ Самара;Архив №1 Самара;RG 0001 240 00 02;Регистрация по БП;ВСП;240;Регистрация;досье;0;AUTO
ОСЦ Воронеж;Вне подразделений;RG 0001 240 00 03;Регистрация по БП;ВРУК;240;Регистрация;досье;0;AUTO
ОСЦ Воронеж;Архив №1 Воронеж;RG 0001 240 00 03;Регистрация по БП;ВРУК;240;Регистрация;досье;82,1;AUTO
ОСЦ Воронеж;Архив №3 Калининград;RG 0001 240 00 03;Регистрация по БП;ВРУК;240;Регистрация;досье;0;AUTO
ОСЦ Воронеж;Архив №4 Санкт-Петербург;RG 0001 240 00 03;Регистрация по БП;ВРУК;240;Регистрация;досье;60;AUTO
ОСЦ Москва;Вне подразделений;RG 0001 240 00 03;Регистрация по БП;ВРУК;240;Регистрация;досье;0;AUTO
ОСЦ Москва;Архив №1 Томилино;RG 0001 240 00 03;Регистрация по БП;ВРУК;240;Регистрация;досье;82,167;AUTO
ОСЦ Нижний Новгород;Вне подразделений;RG 0001 240 00 03;Регистрация по БП;ВРУК;240;Регистрация;досье;0;AUTO
ОСЦ Нижний Новгород;Архив №1 Нижний Новгород;RG 0001 240 00 03;Регистрация по БП;ВРУК;240;Регистрация;досье;82,133;AUTO
ОСЦ Новосибирск;Вне подразделений;RG 0001 240 00 03;Регистрация по БП;ВРУК;240;Регистрация;досье;0;AUTO
ОСЦ Новосибирск;Архив №1 Новосибирск;RG 0001 240 00 03;Регистрация по БП;ВРУК;240;Регистрация;досье;82,033;AUTO
ОСЦ Новосибирск;Архив №3 Екатеринбург;RG 0001 240 00 03;Регистрация по БП;ВРУК;240;Регистрация;досье;0;AUTO
ОСЦ Самара;Вне подразделений;RG 0001 240 00 03;Регистрация по БП;ВРУК;240;Регистрация;досье;0;AUTO
ОСЦ Самара;Архив №1 Самара;RG 0001 240 00 03;Регистрация по БП;ВРУК;240;Регистрация;досье;60;AUTO
ОСЦ Воронеж;Вне подразделений;RG 0001 273 00 01;Регистрация по БП;Рег.;273;Регистрация;досье;0;AUTO
ОСЦ Воронеж;Архив №1 Воронеж;RG 0001 273 00 01;Регистрация по БП;Рег.;273;Регистрация;досье;21,567;AUTO
ОСЦ Воронеж;Архив №3 Калининград;RG 0001 273 00 01;Регистрация по БП;Рег.;273;Регистрация;досье;16,53;AUTO
ОСЦ Воронеж;Архив №4 Санкт-Петербург;RG 0001 273 00 01;Регистрация по БП;Рег.;273;Регистрация;досье;21,8;AUTO
ОСЦ Москва;Вне подразделений;RG 0001 273 00 01;Регистрация по БП;Рег.;273;Регистрация;досье;0;AUTO
ОСЦ Москва;Архив №1 Томилино;RG 0001 273 00 01;Регистрация по БП;Рег.;273;Регистрация;досье;20,51;AUTO
ОСЦ Нижний Новгород;Вне подразделений;RG 0001 273 00 01;Регистрация по БП;Рег.;273;Регистрация;досье;0;AUTO
ОСЦ Нижний Новгород;Архив №1 Нижний Новгород;RG 0001 273 00 01;Регистрация по БП;Рег.;273;Регистрация;досье;23;AUTO
ОСЦ Новосибирск;Вне подразделений;RG 0001 273 00 01;Регистрация по БП;Рег.;273;Регистрация;досье;0;AUTO
ОСЦ Новосибирск;Архив №1 Новосибирск;RG 0001 273 00 01;Регистрация по БП;Рег.;273;Регистрация;досье;21,067;AUTO
ОСЦ Новосибирск;Архив №3 Екатеринбург;RG 0001 273 00 01;Регистрация по БП;Рег.;273;Регистрация;досье;20,433;AUTO
ОСЦ Самара;Вне подразделений;RG 0001 273 00 01;Регистрация по БП;Рег.;273;Регистрация;досье;0;AUTO
ОСЦ Самара;Архив №1 Самара;RG 0001 273 00 01;Регистрация по БП;Рег.;273;Регистрация;досье;20;AUTO
ОСЦ Воронеж;Вне подразделений;RG 0001 273 00 03;Регистрация по БП;ВРУК;273;Регистрация;досье;0;AUTO
ОСЦ Новосибирск;Архив №1 Новосибирск;BX 0085 000 00 01;Регистрация FB;-;00;Регистрация;Нет;1;AUTO
ОСЦ Воронеж;Архив №1 Воронеж;BX 0085 000 00 01;Регистрация FB;-;00;Регистрация;Нет;17,258;AUTO
ОСЦ Самара;Архив №1 Самара;BX 0085 000 00 01;Регистрация FB;-;00;Регистрация;Нет;1;AUTO
ОСЦ Воронеж;Архив №3 Калининград;BX 0085 000 00 01;Регистрация FB;-;00;Регистрация;Нет;14;AUTO
ОСЦ Москва;Архив №1 Томилино;BX 0085 000 00 01;Регистрация FB;-;00;Регистрация;Нет;3;AUTO
ОСЦ Воронеж;Архив №1 Воронеж;RS 000 000 00 01;Размещение ЭГО документов/досье в ЕСМ_входящий поток_ОБЩИЙ файл;-;00;Регистрация;страница;8;RUCH
ОСЦ Воронеж;Архив №3 Калининград;RS 000 000 00 01;Размещение ЭГО документов/досье в ЕСМ_входящий поток_ОБЩИЙ файл;-;00;Регистрация;страница;8;RUCH
ОСЦ Воронеж;Архив №4 Санкт-Петербург;RS 000 000 00 01;Размещение ЭГО документов/досье в ЕСМ_входящий поток_ОБЩИЙ файл;-;00;Регистрация;страница;8;RUCH
ОСЦ Москва;Архив №1 Томилино;RS 000 000 00 01;Размещение ЭГО документов/досье в ЕСМ_входящий поток_ОБЩИЙ файл;-;00;Регистрация;страница;8;RUCH
ОСЦ Нижний Новгород;Архив №1 Нижний Новгород;RS 000 000 00 01;Размещение ЭГО документов/досье в ЕСМ_входящий поток_ОБЩИЙ файл;-;00;Регистрация;страница;8;RUCH
ОСЦ Новосибирск;Архив №1 Новосибирск;RS 000 000 00 01;Размещение ЭГО документов/досье в ЕСМ_входящий поток_ОБЩИЙ файл;-;00;Регистрация;страница;8;RUCH
ОСЦ Новосибирск;Архив №3 Екатеринбург;RS 000 000 00 01;Размещение ЭГО документов/досье в ЕСМ_входящий поток_ОБЩИЙ файл;-;00;Регистрация;страница;8;RUCH
ОСЦ Самара;Архив №1 Самара;RS 000 000 00 01;Размещение ЭГО документов/досье в ЕСМ_входящий поток_ОБЩИЙ файл;-;00;Регистрация;страница;8;RUCH
ОСЦ Воронеж;Архив №1 Воронеж;RS 000 000 00 02;Размещение ЭГО документов/досье в ЕСМ_входящий поток_СКЕЛЕТОН;-;00;Регистрация;;12;RUCH
ОСЦ Воронеж;Архив №3 Калининград;RS 000 000 00 02;Размещение ЭГО документов/досье в ЕСМ_входящий поток_СКЕЛЕТОН;-;00;Регистрация;;12;RUCH
ОСЦ Воронеж;Архив №4 Санкт-Петербург;RS 000 000 00 02;Размещение ЭГО документов/досье в ЕСМ_входящий поток_СКЕЛЕТОН;-;00;Регистрация;;12;RUCH
ОСЦ Москва;Архив №1 Томилино;RS 000 000 00 02;Размещение ЭГО документов/досье в ЕСМ_входящий поток_СКЕЛЕТОН;-;00;Регистрация;;12;RUCH
ОСЦ Нижний Новгород;Архив №1 Нижний Новгород;RS 000 000 00 02;Размещение ЭГО документов/досье в ЕСМ_входящий поток_СКЕЛЕТОН;-;00;Регистрация;;12;RUCH
ОСЦ Новосибирск;Архив №1 Новосибирск;RS 000 000 00 02;Размещение ЭГО документов/досье в ЕСМ_входящий поток_СКЕЛЕТОН;-;00;Регистрация;;12;RUCH
ОСЦ Новосибирск;Архив №3 Екатеринбург;RS 000 000 00 02;Размещение ЭГО документов/досье в ЕСМ_входящий поток_СКЕЛЕТОН;-;00;Регистрация;;12;RUCH
ОСЦ Самара;Архив №1 Самара;RS 000 000 00 02;Размещение ЭГО документов/досье в ЕСМ_входящий поток_СКЕЛЕТОН;-;00;Регистрация;;12;RUCH
ОСЦ Воронеж;Архив №1 Воронеж;BF 101 000 00 14;Опись присутствовал внутри короба при проведении контроля полноты короба;-;00;Логистика;Документ;3,2;RUCH
ОСЦ Нижний Новгород;Архив №1 Нижний Новгород;BF 101 000 00 14;Опись присутствовал внутри короба при проведении контроля полноты короба;-;00;Логистика;Документ;0;RUCH
ОСЦ Новосибирск;Архив №1 Новосибирск;BF 101 000 00 14;Опись присутствовал внутри короба при проведении контроля полноты короба;-;00;Логистика;Документ;0;RUCH
ОСЦ Самара;Архив №1 Самара;BF 101 000 00 14;Опись присутствовал внутри короба при проведении контроля полноты короба;-;00;Логистика;Документ;3,2;RUCH
ОСЦ Москва;Архив №1 Томилино;BF 101 000 00 14;Опись присутствовал внутри короба при проведении контроля полноты короба;-;00;Логистика;Документ;0;RUCH
ОСЦ Новосибирск;Архив №3 Екатеринбург;BF 101 000 00 14;Опись присутствовал внутри короба при проведении контроля полноты короба;-;00;Логистика;Документ;3,2;RUCH
ОСЦ Воронеж;Архив №3 Калининград;BF 101 000 00 14;Опись присутствовал внутри короба при проведении контроля полноты короба;-;00;Логистика;Документ;0;RUCH
ОСЦ Воронеж;Архив №4 Санкт-Петербург;BF 101 000 00 14;Опись присутствовал внутри короба при проведении контроля полноты короба;-;00;Логистика;Документ;0;RUCH
ОСЦ Воронеж;Архив №1 Воронеж;SZ 205 000 00 00;Операции по выдаче оригиналов документов (ШК) заказчику - АС ЦАРС (при изъятии оригиналов документов при оформлении ручного акта приема/передачи) проставление отметки в журнале выдачи оригиналов документов;-;00;Запросы;ШК;155;RUCH
ОСЦ Воронеж;Архив №3 Калининград;SZ 205 000 00 00;Операции по выдаче оригиналов документов (ШК) заказчику - АС ЦАРС (при изъятии оригиналов документов при оформлении ручного акта приема/передачи) проставление отметки в журнале выдачи оригиналов документов;-;00;Запросы;ШК;155;RUCH
ОСЦ Воронеж;Архив №4 Санкт-Петербург;SZ 205 000 00 00;Операции по выдаче оригиналов документов (ШК) заказчику - АС ЦАРС (при изъятии оригиналов документов при оформлении ручного акта приема/передачи) проставление отметки в журнале выдачи оригиналов документов;-;00;Запросы;ШК;155;RUCH
ОСЦ Москва;Архив №1 Томилино;SZ 205 000 00 00;Операции по выдаче оригиналов документов (ШК) заказчику - АС ЦАРС (при изъятии оригиналов документов при оформлении ручного акта приема/передачи) проставление отметки в журнале выдачи оригиналов документов;-;00;Запросы;ШК;120;RUCH
ОСЦ Нижний Новгород;Архив №1 Нижний Новгород;SZ 205 000 00 00;Операции по выдаче оригиналов документов (ШК) заказчику - АС ЦАРС (при изъятии оригиналов документов при оформлении ручного акта приема/передачи) проставление отметки в журнале выдачи оригиналов документов;-;00;Запросы;ШК;60;RUCH
ОСЦ Новосибирск;Архив №1 Новосибирск;SZ 205 000 00 00;Операции по выдаче оригиналов документов (ШК) заказчику - АС ЦАРС (при изъятии оригиналов документов при оформлении ручного акта приема/передачи) проставление отметки в журнале выдачи оригиналов документов;-;00;Запросы;ШК;100;RUCH
ОСЦ Новосибирск;Архив №3 Екатеринбург;SZ 205 000 00 00;Операции по выдаче оригиналов документов (ШК) заказчику - АС ЦАРС (при изъятии оригиналов документов при оформлении ручного акта приема/передачи) проставление отметки в журнале выдачи оригиналов документов;-;00;Запросы;ШК;100;RUCH
ОСЦ Самара;Архив №1 Самара;SZ 205 000 00 00;Операции по выдаче оригиналов документов (ШК) заказчику - АС ЦАРС (при изъятии оригиналов документов при оформлении ручного акта приема/передачи) проставление отметки в журнале выдачи оригиналов документов;-;00;Запросы;ШК;100;RUCH
ОСЦ Воронеж;Архив №1 Воронеж;RG 0011 000 00 01;ДВА_Регистрация в АС ЦАРС документов завершенного делопроизводства;-;00;Регистрация;Дело;71,605;AUTO
ОСЦ Воронеж;Архив №3 Калининград;RG 0011 000 00 01;ДВА_Регистрация в АС ЦАРС документов завершенного делопроизводства;-;00;Регистрация;Дело;60,784;AUTO
ОСЦ Воронеж;Архив №4 Санкт-Петербург;RG 0011 000 00 01;ДВА_Регистрация в АС ЦАРС документов завершенного делопроизводства;-;00;Регистрация;Дело;69,485;AUTO
ОСЦ Москва;Архив №1 Томилино;RG 0011 000 00 01;ДВА_Регистрация в АС ЦАРС документов завершенного делопроизводства;-;00;Регистрация;Дело;71,123;AUTO
ОСЦ Нижний Новгород;Архив №1 Нижний Новгород;RG 0011 000 00 01;ДВА_Регистрация в АС ЦАРС документов завершенного делопроизводства;-;00;Регистрация;Дело;74,167;AUTO
ОСЦ Новосибирск;Архив №1 Новосибирск;RG 0011 000 00 01;ДВА_Регистрация в АС ЦАРС документов завершенного делопроизводства;-;00;Регистрация;Дело;71;AUTO
ОСЦ Новосибирск;Архив №3 Екатеринбург;RG 0011 000 00 01;ДВА_Регистрация в АС ЦАРС документов завершенного делопроизводства;-;00;Регистрация;Дело;71;AUTO
ОСЦ Самара;Архив №1 Самара;RG 0011 000 00 01;ДВА_Регистрация в АС ЦАРС документов завершенного делопроизводства;-;00;Регистрация;Дело;66,426;AUTO
ОСЦ Самара;Архив №1 Самара;KD 000 000 00 00;Формирование уведомления об отклонении (дефект);-;00;Регистрация;отклонение;57,133;AUTO
ОСЦ Новосибирск;Архив №3 Екатеринбург;KD 000 000 00 00;Формирование уведомления об отклонении (дефект);-;00;Регистрация;отклонение;56,222;AUTO
ОСЦ Новосибирск;Архив №1 Новосибирск;KD 000 000 00 00;Формирование уведомления об отклонении (дефект);-;00;Регистрация;отклонение;56,833;AUTO
ОСЦ Воронеж;Архив №4 Санкт-Петербург;KD 000 000 00 00;Формирование уведомления об отклонении (дефект);-;00;Регистрация;отклонение;62,04;AUTO
ОСЦ Москва;Архив №1 Томилино;KD 000 000 00 00;Формирование уведомления об отклонении (дефект);-;00;Регистрация;отклонение;54,55;AUTO
ОСЦ Воронеж;Архив №1 Воронеж;KD 000 000 00 00;Формирование уведомления об отклонении (дефект);-;00;Регистрация;отклонение;57,64;AUTO
ОСЦ Воронеж;Архив №3 Калининград;KD 000 000 00 00;Формирование уведомления об отклонении (дефект);-;00;Регистрация;отклонение;60,067;AUTO
ОСЦ Нижний Новгород;Архив №1 Нижний Новгород;KD 000 000 00 00;Формирование уведомления об отклонении (дефект);-;00;Регистрация;отклонение;56,973;AUTO
ОСЦ Воронеж;Архив №1 Воронеж;SR 0088 000 00 01;Отмена регистрации Документа/Описи/Сшива;-;00;Регистрация;ШК;9,528;AUTO
ОСЦ Воронеж;Архив №3 Калининград;SR 0088 000 00 01;Отмена регистрации Документа/Описи/Сшива;-;00;Регистрация;ШК;9,533;AUTO
ОСЦ Воронеж;Архив №4 Санкт-Петербург;SR 0088 000 00 01;Отмена регистрации Документа/Описи/Сшива;-;00;Регистрация;ШК;8,834;AUTO
ОСЦ Москва;Архив №1 Томилино;SR 0088 000 00 01;Отмена регистрации Документа/Описи/Сшива;-;00;Регистрация;ШК;8,367;AUTO
ОСЦ Нижний Новгород;Архив №1 Нижний Новгород;SR 0088 000 00 01;Отмена регистрации Документа/Описи/Сшива;-;00;Регистрация;ШК;8,635;AUTO
ОСЦ Новосибирск;Архив №1 Новосибирск;SR 0088 000 00 01;Отмена регистрации Документа/Описи/Сшива;-;00;Регистрация;ШК;8,167;AUTO
ОСЦ Новосибирск;Архив №3 Екатеринбург;SR 0088 000 00 01;Отмена регистрации Документа/Описи/Сшива;-;00;Регистрация;ШК;8,133;AUTO
ОСЦ Самара;Архив №1 Самара;SR 0088 000 00 01;Отмена регистрации Документа/Описи/Сшива;-;00;Регистрация;ШК;8,553;AUTO
ОСЦ Воронеж;Архив №1 Воронеж;SR 0101 000 00 01;Опись некорректна оформлена| поскольку все вложенные документы относятся к другому договору;-;00;Регистрация;ШК;10,5;AUTO
ОСЦ Воронеж;Архив №3 Калининград;SR 0101 000 00 01;Опись некорректна оформлена| поскольку все вложенные документы относятся к другому договору;-;00;Регистрация;ШК;10,6;AUTO
ОСЦ Воронеж;Архив №4 Санкт-Петербург;SR 0101 000 00 01;Опись некорректна оформлена| поскольку все вложенные документы относятся к другому договору;-;00;Регистрация;ШК;9,679;AUTO
ОСЦ Москва;Архив №1 Томилино;SR 0101 000 00 01;Опись некорректна оформлена| поскольку все вложенные документы относятся к другому договору;-;00;Регистрация;ШК;9,323;AUTO
ОСЦ Нижний Новгород;Архив №1 Нижний Новгород;SR 0101 000 00 01;Опись некорректна оформлена| поскольку все вложенные документы относятся к другому договору;-;00;Регистрация;ШК;9,143;AUTO
ОСЦ Новосибирск;Архив №1 Новосибирск;SR 0101 000 00 01;Опись некорректна оформлена| поскольку все вложенные документы относятся к другому договору;-;00;Регистрация;ШК;9,233;AUTO
ОСЦ Новосибирск;Архив №3 Екатеринбург;SR 0101 000 00 01;Опись некорректна оформлена| поскольку все вложенные документы относятся к другому договору;-;00;Регистрация;ШК;9,3;AUTO
ОСЦ Самара;Архив №1 Самара;SR 0101 000 00 01;Опись некорректна оформлена| поскольку все вложенные документы относятся к другому договору;-;00;Регистрация;ШК;9,383;AUTO
ОСЦ Воронеж;Архив №4 Санкт-Петербург;SS 0097 000 00 01;Размещение ЭГО документов/досье в ЕСМ по запросу (Прикрепление ЭГО общим томом);-;00;Запросы;ЕУ;68,7;AUTO
ОСЦ Воронеж;Архив №4 Санкт-Петербург;SS 0098 000 00 01;Размещение ЭГО документов/досье в ЕСМ по запросу (Прикрепление ЭГО скелетон);-;00;Запросы;ЕУ;123,667;AUTO
ОСЦ Самара;Архив №1 Самара;SS 0097 000 00 01;Размещение ЭГО документов/досье в ЕСМ по запросу (Прикрепление ЭГО общим томом);-;00;Запросы;ЕУ;55;AUTO
ОСЦ Самара;Архив №1 Самара;SS 0098 000 00 01;Размещение ЭГО документов/досье в ЕСМ по запросу (Прикрепление ЭГО скелетон);-;00;Запросы;ЕУ;80;AUTO
ОСЦ Новосибирск;Архив №1 Новосибирск;SS 0097 000 00 01;Размещение ЭГО документов/досье в ЕСМ по запросу (Прикрепление ЭГО общим томом);-;00;Запросы;ЕУ;62,833;AUTO
ОСЦ Новосибирск;Архив №1 Новосибирск;SS 0098 000 00 01;Размещение ЭГО документов/досье в ЕСМ по запросу (Прикрепление ЭГО скелетон);-;00;Запросы;ЕУ;123,733;AUTO
ОСЦ Нижний Новгород;Архив №1 Нижний Новгород;SS 0097 000 00 01;Размещение ЭГО документов/досье в ЕСМ по запросу (Прикрепление ЭГО общим томом);-;00;Запросы;ЕУ;54,834;AUTO
ОСЦ Нижний Новгород;Архив №1 Нижний Новгород;SS 0098 000 00 01;Размещение ЭГО документов/досье в ЕСМ по запросу (Прикрепление ЭГО скелетон);-;00;Запросы;ЕУ;104,533;AUTO
ОСЦ Москва;Архив №1 Томилино;SS 0097 000 00 01;Размещение ЭГО документов/досье в ЕСМ по запросу (Прикрепление ЭГО общим томом);-;00;Запросы;ЕУ;56,7;AUTO
ОСЦ Москва;Архив №1 Томилино;SS 0098 000 00 01;Размещение ЭГО документов/досье в ЕСМ по запросу (Прикрепление ЭГО скелетон);-;00;Запросы;ЕУ;112,867;AUTO
ОСЦ Воронеж;Архив №3 Калининград;SS 0097 000 00 01;Размещение ЭГО документов/досье в ЕСМ по запросу (Прикрепление ЭГО общим томом);-;00;Запросы;ЕУ;61,133;AUTO
ОСЦ Воронеж;Архив №3 Калининград;SS 0098 000 00 01;Размещение ЭГО документов/досье в ЕСМ по запросу (Прикрепление ЭГО скелетон);-;00;Запросы;ЕУ;127,4;AUTO
ОСЦ Новосибирск;Архив №3 Екатеринбург;SS 0097 000 00 01;Размещение ЭГО документов/досье в ЕСМ по запросу (Прикрепление ЭГО общим томом);-;00;Запросы;ЕУ;61,867;AUTO
ОСЦ Новосибирск;Архив №3 Екатеринбург;SS 0098 000 00 01;Размещение ЭГО документов/досье в ЕСМ по запросу (Прикрепление ЭГО скелетон);-;00;Запросы;ЕУ;122,9;AUTO
ОСЦ Воронеж;Архив №1 Воронеж;SS 0097 000 00 01;Размещение ЭГО документов/досье в ЕСМ по запросу (Прикрепление ЭГО общим томом);-;00;Запросы;ЕУ;63,5;AUTO
ОСЦ Воронеж;Архив №1 Воронеж;SS 0098 000 00 01;Размещение ЭГО документов/досье в ЕСМ по запросу (Прикрепление ЭГО скелетон);-;00;Запросы;ЕУ;124,667;AUTO
ОСЦ Воронеж;Вне подразделений;PR 016 000 00 00;Проект_Сопровождение наемного персонала/перемещение коробов_паллет (ист. фонд ДВА);-;00;Проекты;минута;0;RUCH
ОСЦ Воронеж;Вне подразделений;PR 017 000 00 00;Проект_АК изъят с хранения из АЛБ (ист. фонд ДВА);-;00;Проекты;АК;0;RUCH
ОСЦ Воронеж;Архив №1 Воронеж;PR 016 000 00 00;Проект_Сопровождение наемного персонала/перемещение коробов_паллет (ист. фонд ДВА);-;00;Проекты;минута;60;RUCH
ОСЦ Воронеж;Архив №1 Воронеж;PR 017 000 00 00;Проект_АК изъят с хранения из АЛБ (ист. фонд ДВА);-;00;Проекты;АК;0;RUCH
ОСЦ Воронеж;Архив №3 Калининград;PR 016 000 00 00;Проект_Сопровождение наемного персонала/перемещение коробов_паллет (ист. фонд ДВА);-;00;Проекты;минута;60;RUCH
ОСЦ Воронеж;Архив №3 Калининград;PR 017 000 00 00;Проект_АК изъят с хранения из АЛБ (ист. фонд ДВА);-;00;Проекты;АК;0;RUCH
ОСЦ Воронеж;Архив №4 Санкт-Петербург;PR 016 000 00 00;Проект_Сопровождение наемного персонала/перемещение коробов_паллет (ист. фонд ДВА);-;00;Проекты;минута;60;RUCH
ОСЦ Воронеж;Архив №4 Санкт-Петербург;PR 017 000 00 00;Проект_АК изъят с хранения из АЛБ (ист. фонд ДВА);-;00;Проекты;АК;0;RUCH
ОСЦ Москва;Вне подразделений;PR 016 000 00 00;Проект_Сопровождение наемного персонала/перемещение коробов_паллет (ист. фонд ДВА);-;00;Проекты;минута;0;RUCH
ОСЦ Москва;Вне подразделений;PR 017 000 00 00;Проект_АК изъят с хранения из АЛБ (ист. фонд ДВА);-;00;Проекты;АК;0;RUCH
ОСЦ Москва;Архив №1 Томилино;PR 016 000 00 00;Проект_Сопровождение наемного персонала/перемещение коробов_паллет (ист. фонд ДВА);-;00;Проекты;минута;60;RUCH
ОСЦ Москва;Архив №1 Томилино;PR 017 000 00 00;Проект_АК изъят с хранения из АЛБ (ист. фонд ДВА);-;00;Проекты;АК;0;RUCH
ОСЦ Нижний Новгород;Вне подразделений;PR 016 000 00 00;Проект_Сопровождение наемного персонала/перемещение коробов_паллет (ист. фонд ДВА);-;00;Проекты;минута;0;RUCH
ОСЦ Нижний Новгород;Вне подразделений;PR 017 000 00 00;Проект_АК изъят с хранения из АЛБ (ист. фонд ДВА);-;00;Проекты;АК;0;RUCH
ОСЦ Нижний Новгород;Архив №1 Нижний Новгород;PR 016 000 00 00;Проект_Сопровождение наемного персонала/перемещение коробов_паллет (ист. фонд ДВА);-;00;Проекты;минута;60;RUCH
ОСЦ Нижний Новгород;Архив №1 Нижний Новгород;PR 017 000 00 00;Проект_АК изъят с хранения из АЛБ (ист. фонд ДВА);-;00;Проекты;АК;28;RUCH
ОСЦ Новосибирск;Вне подразделений;PR 016 000 00 00;Проект_Сопровождение наемного персонала/перемещение коробов_паллет (ист. фонд ДВА);-;00;Проекты;минута;0;RUCH
ОСЦ Новосибирск;Вне подразделений;PR 017 000 00 00;Проект_АК изъят с хранения из АЛБ (ист. фонд ДВА);-;00;Проекты;АК;0;RUCH
ОСЦ Новосибирск;Архив №1 Новосибирск;PR 016 000 00 00;Проект_Сопровождение наемного персонала/перемещение коробов_паллет (ист. фонд ДВА);-;00;Проекты;минута;60;RUCH
ОСЦ Новосибирск;Архив №1 Новосибирск;PR 017 000 00 00;Проект_АК изъят с хранения из АЛБ (ист. фонд ДВА);-;00;Проекты;АК;0;RUCH
ОСЦ Новосибирск;Архив №3 Екатеринбург;PR 016 000 00 00;Проект_Сопровождение наемного персонала/перемещение коробов_паллет (ист. фонд ДВА);-;00;Проекты;минута;60;RUCH
ОСЦ Новосибирск;Архив №3 Екатеринбург;PR 017 000 00 00;Проект_АК изъят с хранения из АЛБ (ист. фонд ДВА);-;00;Проекты;АК;0;RUCH
ОСЦ Самара;Вне подразделений;PR 016 000 00 00;Проект_Сопровождение наемного персонала/перемещение коробов_паллет (ист. фонд ДВА);-;00;Проекты;минута;0;RUCH
ОСЦ Самара;Вне подразделений;PR 017 000 00 00;Проект_АК изъят с хранения из АЛБ (ист. фонд ДВА);-;00;Проекты;АК;0;RUCH
ОСЦ Самара;Архив №1 Самара;PR 016 000 00 00;Проект_Сопровождение наемного персонала/перемещение коробов_паллет (ист. фонд ДВА);-;00;Проекты;минута;60;RUCH
ОСЦ Самара;Архив №1 Самара;PR 017 000 00 00;Проект_АК изъят с хранения из АЛБ (ист. фонд ДВА);-;00;Проекты;АК;28,029;RUCH
ОСЦ Воронеж;Вне подразделений;LS 000 000 00 01;Проект_АК размещен на хранение (ист. фонд ДВА);-;00;Проекты;АК;0;RUCH
ОСЦ Воронеж;Вне подразделений;LS 000 000 00 02;Проект_АК изъят с хранения (ист. фонд ДВА);-;00;Проекты;АК;0;RUCH
ОСЦ Воронеж;Вне подразделений;LS 000 000 00 03;Проект_АК размещен на хранение в АЛБ (ист. фонд ДВА);-;00;Проекты;АК;0;RUCH
ОСЦ Воронеж;Архив №1 Воронеж;LS 000 000 00 01;Проект_АК размещен на хранение (ист. фонд ДВА);-;00;Проекты;АК;43,434;RUCH
ОСЦ Воронеж;Архив №1 Воронеж;LS 000 000 00 02;Проект_АК изъят с хранения (ист. фонд ДВА);-;00;Проекты;АК;32,323;RUCH
ОСЦ Воронеж;Архив №1 Воронеж;LS 000 000 00 03;Проект_АК размещен на хранение в АЛБ (ист. фонд ДВА);-;00;Проекты;АК;0;RUCH
ОСЦ Воронеж;Архив №3 Калининград;LS 000 000 00 01;Проект_АК размещен на хранение (ист. фонд ДВА);-;00;Проекты;АК;43,377;RUCH
ОСЦ Воронеж;Архив №3 Калининград;LS 000 000 00 02;Проект_АК изъят с хранения (ист. фонд ДВА);-;00;Проекты;АК;32,304;RUCH
ОСЦ Воронеж;Архив №3 Калининград;LS 000 000 00 03;Проект_АК размещен на хранение в АЛБ (ист. фонд ДВА);-;00;Проекты;АК;0;RUCH
ОСЦ Воронеж;Архив №4 Санкт-Петербург;LS 000 000 00 01;Проект_АК размещен на хранение (ист. фонд ДВА);-;00;Проекты;АК;43,115;RUCH
ОСЦ Воронеж;Архив №4 Санкт-Петербург;LS 000 000 00 02;Проект_АК изъят с хранения (ист. фонд ДВА);-;00;Проекты;АК;32,235;RUCH
ОСЦ Воронеж;Архив №4 Санкт-Петербург;LS 000 000 00 03;Проект_АК размещен на хранение в АЛБ (ист. фонд ДВА);-;00;Проекты;АК;0;RUCH
ОСЦ Москва;Вне подразделений;LS 000 000 00 01;Проект_АК размещен на хранение (ист. фонд ДВА);-;00;Проекты;АК;0;RUCH
ОСЦ Москва;Вне подразделений;LS 000 000 00 02;Проект_АК изъят с хранения (ист. фонд ДВА);-;00;Проекты;АК;0;RUCH
ОСЦ Москва;Вне подразделений;LS 000 000 00 03;Проект_АК размещен на хранение в АЛБ (ист. фонд ДВА);-;00;Проекты;АК;0;RUCH
ОСЦ Москва;Архив №1 Томилино;LS 000 000 00 01;Проект_АК размещен на хранение (ист. фонд ДВА);-;00;Проекты;АК;34;RUCH
ОСЦ Москва;Архив №1 Томилино;LS 000 000 00 02;Проект_АК изъят с хранения (ист. фонд ДВА);-;00;Проекты;АК;29;RUCH
ОСЦ Москва;Архив №1 Томилино;LS 000 000 00 03;Проект_АК размещен на хранение в АЛБ (ист. фонд ДВА);-;00;Проекты;АК;36;RUCH
ОСЦ Нижний Новгород;Вне подразделений;LS 000 000 00 01;Проект_АК размещен на хранение (ист. фонд ДВА);-;00;Проекты;АК;0;RUCH
ОСЦ Нижний Новгород;Вне подразделений;LS 000 000 00 02;Проект_АК изъят с хранения (ист. фонд ДВА);-;00;Проекты;АК;0;RUCH
ОСЦ Нижний Новгород;Вне подразделений;LS 000 000 00 03;Проект_АК размещен на хранение в АЛБ (ист. фонд ДВА);-;00;Проекты;АК;0;RUCH
ОСЦ Нижний Новгород;Архив №1 Нижний Новгород;LS 000 000 00 01;Проект_АК размещен на хранение (ист. фонд ДВА);-;00;Проекты;АК;43,013;RUCH
ОСЦ Нижний Новгород;Архив №1 Нижний Новгород;LS 000 000 00 02;Проект_АК изъят с хранения (ист. фонд ДВА);-;00;Проекты;АК;32,123;RUCH
ОСЦ Нижний Новгород;Архив №1 Нижний Новгород;LS 000 000 00 03;Проект_АК размещен на хранение в АЛБ (ист. фонд ДВА);-;00;Проекты;АК;28;RUCH
ОСЦ Новосибирск;Вне подразделений;LS 000 000 00 01;Проект_АК размещен на хранение (ист. фонд ДВА);-;00;Проекты;АК;0;RUCH
ОСЦ Новосибирск;Вне подразделений;LS 000 000 00 02;Проект_АК изъят с хранения (ист. фонд ДВА);-;00;Проекты;АК;0;RUCH
ОСЦ Новосибирск;Вне подразделений;LS 000 000 00 03;Проект_АК размещен на хранение в АЛБ (ист. фонд ДВА);-;00;Проекты;АК;0;RUCH
ОСЦ Новосибирск;Архив №1 Новосибирск;LS 000 000 00 01;Проект_АК размещен на хранение (ист. фонд ДВА);-;00;Проекты;АК;43;RUCH
ОСЦ Новосибирск;Архив №1 Новосибирск;LS 000 000 00 02;Проект_АК изъят с хранения (ист. фонд ДВА);-;00;Проекты;АК;32;RUCH
ОСЦ Новосибирск;Архив №1 Новосибирск;LS 000 000 00 03;Проект_АК размещен на хранение в АЛБ (ист. фонд ДВА);-;00;Проекты;АК;0;RUCH
ОСЦ Новосибирск;Архив №3 Екатеринбург;LS 000 000 00 01;Проект_АК размещен на хранение (ист. фонд ДВА);-;00;Проекты;АК;43,072;RUCH
ОСЦ Новосибирск;Архив №3 Екатеринбург;LS 000 000 00 02;Проект_АК изъят с хранения (ист. фонд ДВА);-;00;Проекты;АК;32,1;RUCH
ОСЦ Новосибирск;Архив №3 Екатеринбург;LS 000 000 00 03;Проект_АК размещен на хранение в АЛБ (ист. фонд ДВА);-;00;Проекты;АК;0;RUCH
ОСЦ Самара;Вне подразделений;LS 000 000 00 01;Проект_АК размещен на хранение (ист. фонд ДВА);-;00;Проекты;АК;0;RUCH
ОСЦ Самара;Вне подразделений;LS 000 000 00 02;Проект_АК изъят с хранения (ист. фонд ДВА);-;00;Проекты;АК;0;RUCH
ОСЦ Самара;Вне подразделений;LS 000 000 00 03;Проект_АК размещен на хранение в АЛБ (ист. фонд ДВА);-;00;Проекты;АК;0;RUCH
ОСЦ Самара;Архив №1 Самара;LS 000 000 00 01;Проект_АК размещен на хранение (ист. фонд ДВА);-;00;Проекты;АК;43,031;RUCH
ОСЦ Самара;Архив №1 Самара;LS 000 000 00 02;Проект_АК изъят с хранения (ист. фонд ДВА);-;00;Проекты;АК;32,386;RUCH
ОСЦ Самара;Архив №1 Самара;LS 000 000 00 03;Проект_АК размещен на хранение в АЛБ (ист. фонд ДВА);-;00;Проекты;АК;28,03;RUCH
ОСЦ Воронеж;Вне подразделений;PR 019 000 00 00;Проект_Пересортировка/переоформление дел исторического фонда ДВА;-;00;Проекты;Дело;0;RUCH
ОСЦ Воронеж;Архив №1 Воронеж;PR 019 000 00 00;Проект_Пересортировка/переоформление дел исторического фонда ДВА;-;00;Проекты;Дело;224,873;RUCH
ОСЦ Воронеж;Архив №3 Калининград;PR 019 000 00 00;Проект_Пересортировка/переоформление дел исторического фонда ДВА;-;00;Проекты;Дело;240,429;RUCH
ОСЦ Воронеж;Архив №4 Санкт-Петербург;PR 019 000 00 00;Проект_Пересортировка/переоформление дел исторического фонда ДВА;-;00;Проекты;Дело;225;RUCH
ОСЦ Москва;Вне подразделений;PR 019 000 00 00;Проект_Пересортировка/переоформление дел исторического фонда ДВА;-;00;Проекты;Дело;0;RUCH
ОСЦ Москва;Архив №1 Томилино;PR 019 000 00 00;Проект_Пересортировка/переоформление дел исторического фонда ДВА;-;00;Проекты;Дело;209,554;RUCH
ОСЦ Нижний Новгород;Вне подразделений;PR 019 000 00 00;Проект_Пересортировка/переоформление дел исторического фонда ДВА;-;00;Проекты;Дело;0;RUCH
ОСЦ Нижний Новгород;Архив №1 Нижний Новгород;PR 019 000 00 00;Проект_Пересортировка/переоформление дел исторического фонда ДВА;-;00;Проекты;Дело;245,709;RUCH
ОСЦ Новосибирск;Вне подразделений;PR 019 000 00 00;Проект_Пересортировка/переоформление дел исторического фонда ДВА;-;00;Проекты;Дело;0;RUCH
ОСЦ Новосибирск;Архив №1 Новосибирск;PR 019 000 00 00;Проект_Пересортировка/переоформление дел исторического фонда ДВА;-;00;Проекты;Дело;252,9;RUCH
ОСЦ Новосибирск;Архив №3 Екатеринбург;PR 019 000 00 00;Проект_Пересортировка/переоформление дел исторического фонда ДВА;-;00;Проекты;Дело;249,633;RUCH
ОСЦ Самара;Вне подразделений;PR 019 000 00 00;Проект_Пересортировка/переоформление дел исторического фонда ДВА;-;00;Проекты;Дело;0;RUCH
ОСЦ Самара;Архив №1 Самара;PR 019 000 00 00;Проект_Пересортировка/переоформление дел исторического фонда ДВА;-;00;Проекты;Дело;246,793;RUCH
ОСЦ Воронеж;Вне подразделений;RG 0011 001 00 01;Проект_Регистрация в АС ЦАРС документов исторического фонда ДВА;-;-;Проекты;Дело;0;AUTO
ОСЦ Воронеж;Архив №1 Воронеж;RG 0011 001 00 01;Проект_Регистрация в АС ЦАРС документов исторического фонда ДВА;-;-;Проекты;Дело;64,019;AUTO
ОСЦ Воронеж;Архив №3 Калининград;RG 0011 001 00 01;Проект_Регистрация в АС ЦАРС документов исторического фонда ДВА;-;-;Проекты;Дело;60,769;AUTO
ОСЦ Воронеж;Архив №4 Санкт-Петербург;RG 0011 001 00 01;Проект_Регистрация в АС ЦАРС документов исторического фонда ДВА;-;-;Проекты;Дело;61,467;AUTO
ОСЦ Москва;Вне подразделений;RG 0011 001 00 01;Проект_Регистрация в АС ЦАРС документов исторического фонда ДВА;-;-;Проекты;Дело;0;AUTO
ОСЦ Москва;Архив №1 Томилино;RG 0011 001 00 01;Проект_Регистрация в АС ЦАРС документов исторического фонда ДВА;-;-;Проекты;Дело;62,026;AUTO
ОСЦ Нижний Новгород;Вне подразделений;RG 0011 001 00 01;Проект_Регистрация в АС ЦАРС документов исторического фонда ДВА;-;-;Проекты;Дело;0;AUTO
ОСЦ Нижний Новгород;Архив №1 Нижний Новгород;RG 0011 001 00 01;Проект_Регистрация в АС ЦАРС документов исторического фонда ДВА;-;-;Проекты;Дело;69,762;AUTO
ОСЦ Новосибирск;Вне подразделений;RG 0011 001 00 01;Проект_Регистрация в АС ЦАРС документов исторического фонда ДВА;-;-;Проекты;Дело;0;AUTO
ОСЦ Новосибирск;Архив №1 Новосибирск;RG 0011 001 00 01;Проект_Регистрация в АС ЦАРС документов исторического фонда ДВА;-;-;Проекты;Дело;58,101;AUTO
ОСЦ Новосибирск;Архив №3 Екатеринбург;RG 0011 001 00 01;Проект_Регистрация в АС ЦАРС документов исторического фонда ДВА;-;-;Проекты;Дело;70,362;AUTO
ОСЦ Самара;Вне подразделений;RG 0011 001 00 01;Проект_Регистрация в АС ЦАРС документов исторического фонда ДВА;-;-;Проекты;Дело;0;AUTO
ОСЦ Самара;Архив №1 Самара;RG 0011 001 00 01;Проект_Регистрация в АС ЦАРС документов исторического фонда ДВА;-;-;Проекты;Дело;71,05;AUTO
ОСЦ Воронеж;Вне подразделений;SL 104 000 00 00;Перекартонирование_Опись присутствовала внутри короба при проведении контроля полноты короба;-;00;Логистика;документ;0;RUCH
ОСЦ Воронеж;Вне подразделений;SL 105 000 00 00;Перекартонирование_Сшив присутствовал внутри короба при проведении контроля полноты короба;-;00;Логистика;документ;0;RUCH
ОСЦ Воронеж;Вне подразделений;SL 106 000 00 00;Уплотнение_Документ присутствовал внутри короба при проведении контроля полноты короба;-;00;Логистика;документ;0;RUCH
ОСЦ Воронеж;Вне подразделений;SL 107 000 00 00;Уплотнение_Опись присутствовала внутри короба при проведении контроля полноты короба;-;00;Логистика;документ;0;RUCH
ОСЦ Воронеж;Вне подразделений;SL 108 000 00 00;Уплотнение_Сшив присутствовал внутри короба при проведении контроля полноты короба;-;00;Логистика;документ;0;RUCH
ОСЦ Воронеж;Вне подразделений;SL 103 000 00 00;Перекартонирование_Документ присутствовал внутри короба при проведении контроля полноты короба;-;00;Логистика;документ;0;RUCH
ОСЦ Воронеж;Архив №1 Воронеж;SL 104 000 00 00;Перекартонирование_Опись присутствовала внутри короба при проведении контроля полноты короба;-;00;Логистика;документ;3,2;RUCH
ОСЦ Воронеж;Архив №1 Воронеж;SL 108 000 00 00;Уплотнение_Сшив присутствовал внутри короба при проведении контроля полноты короба;-;00;Логистика;документ;4,8;RUCH
ОСЦ Воронеж;Архив №1 Воронеж;SL 107 000 00 00;Уплотнение_Опись присутствовала внутри короба при проведении контроля полноты короба;-;00;Логистика;документ;3,2;RUCH
ОСЦ Воронеж;Архив №1 Воронеж;SL 105 000 00 00;Перекартонирование_Сшив присутствовал внутри короба при проведении контроля полноты короба;-;00;Логистика;документ;4,8;RUCH
ОСЦ Воронеж;Архив №1 Воронеж;SL 103 000 00 00;Перекартонирование_Документ присутствовал внутри короба при проведении контроля полноты короба;-;00;Логистика;документ;2;RUCH
ОСЦ Воронеж;Архив №1 Воронеж;SL 106 000 00 00;Уплотнение_Документ присутствовал внутри короба при проведении контроля полноты короба;-;00;Логистика;документ;2;RUCH
ОСЦ Воронеж;Архив №3 Калининград;SL 107 000 00 00;Уплотнение_Опись присутствовала внутри короба при проведении контроля полноты короба;-;00;Логистика;документ;3;RUCH
ОСЦ Воронеж;Архив №3 Калининград;SL 106 000 00 00;Уплотнение_Документ присутствовал внутри короба при проведении контроля полноты короба;-;00;Логистика;документ;2;RUCH
ОСЦ Воронеж;Архив №3 Калининград;SL 105 000 00 00;Перекартонирование_Сшив присутствовал внутри короба при проведении контроля полноты короба;-;00;Логистика;документ;4,8;RUCH
ОСЦ Воронеж;Архив №3 Калининград;SL 103 000 00 00;Перекартонирование_Документ присутствовал внутри короба при проведении контроля полноты короба;-;00;Логистика;документ;2;RUCH
ОСЦ Воронеж;Архив №3 Калининград;SL 104 000 00 00;Перекартонирование_Опись присутствовала внутри короба при проведении контроля полноты короба;-;00;Логистика;документ;3,2;RUCH
ОСЦ Воронеж;Архив №3 Калининград;SL 108 000 00 00;Уплотнение_Сшив присутствовал внутри короба при проведении контроля полноты короба;-;00;Логистика;документ;3,2;RUCH
ОСЦ Воронеж;Архив №4 Санкт-Петербург;SL 103 000 00 00;Перекартонирование_Документ присутствовал внутри короба при проведении контроля полноты короба;-;00;Логистика;документ;2;RUCH
ОСЦ Воронеж;Архив №4 Санкт-Петербург;SL 104 000 00 00;Перекартонирование_Опись присутствовала внутри короба при проведении контроля полноты короба;-;00;Логистика;документ;3,2;RUCH
ОСЦ Воронеж;Архив №4 Санкт-Петербург;SL 105 000 00 00;Перекартонирование_Сшив присутствовал внутри короба при проведении контроля полноты короба;-;00;Логистика;документ;4,8;RUCH
ОСЦ Воронеж;Архив №4 Санкт-Петербург;SL 106 000 00 00;Уплотнение_Документ присутствовал внутри короба при проведении контроля полноты короба;-;00;Логистика;документ;2;RUCH
ОСЦ Воронеж;Архив №4 Санкт-Петербург;SL 107 000 00 00;Уплотнение_Опись присутствовала внутри короба при проведении контроля полноты короба;-;00;Логистика;документ;3,2;RUCH
ОСЦ Воронеж;Архив №4 Санкт-Петербург;SL 108 000 00 00;Уплотнение_Сшив присутствовал внутри короба при проведении контроля полноты короба;-;00;Логистика;документ;4,8;RUCH
ОСЦ Москва;Вне подразделений;SL 107 000 00 00;Уплотнение_Опись присутствовала внутри короба при проведении контроля полноты короба;-;00;Логистика;документ;0;RUCH
ОСЦ Москва;Вне подразделений;SL 108 000 00 00;Уплотнение_Сшив присутствовал внутри короба при проведении контроля полноты короба;-;00;Логистика;документ;0;RUCH
ОСЦ Москва;Вне подразделений;SL 103 000 00 00;Перекартонирование_Документ присутствовал внутри короба при проведении контроля полноты короба;-;00;Логистика;документ;0;RUCH
ОСЦ Москва;Вне подразделений;SL 105 000 00 00;Перекартонирование_Сшив присутствовал внутри короба при проведении контроля полноты короба;-;00;Логистика;документ;0;RUCH
ОСЦ Москва;Вне подразделений;SL 104 000 00 00;Перекартонирование_Опись присутствовала внутри короба при проведении контроля полноты короба;-;00;Логистика;документ;0;RUCH
ОСЦ Москва;Вне подразделений;SL 106 000 00 00;Уплотнение_Документ присутствовал внутри короба при проведении контроля полноты короба;-;00;Логистика;документ;0;RUCH
ОСЦ Москва;Архив №1 Томилино;SL 107 000 00 00;Уплотнение_Опись присутствовала внутри короба при проведении контроля полноты короба;-;00;Логистика;документ;2,56;RUCH
ОСЦ Москва;Архив №1 Томилино;SL 103 000 00 00;Перекартонирование_Документ присутствовал внутри короба при проведении контроля полноты короба;-;00;Логистика;документ;1,818;RUCH
ОСЦ Москва;Архив №1 Томилино;SL 108 000 00 00;Уплотнение_Сшив присутствовал внутри короба при проведении контроля полноты короба;-;00;Логистика;документ;4,8;RUCH
ОСЦ Москва;Архив №1 Томилино;SL 106 000 00 00;Уплотнение_Документ присутствовал внутри короба при проведении контроля полноты короба;-;00;Логистика;документ;1,818;RUCH
ОСЦ Москва;Архив №1 Томилино;SL 105 000 00 00;Перекартонирование_Сшив присутствовал внутри короба при проведении контроля полноты короба;-;00;Логистика;документ;4,8;RUCH
ОСЦ Москва;Архив №1 Томилино;SL 104 000 00 00;Перекартонирование_Опись присутствовала внутри короба при проведении контроля полноты короба;-;00;Логистика;документ;2,56;RUCH
ОСЦ Нижний Новгород;Вне подразделений;SL 106 000 00 00;Уплотнение_Документ присутствовал внутри короба при проведении контроля полноты короба;-;00;Логистика;документ;0;RUCH
ОСЦ Нижний Новгород;Вне подразделений;SL 105 000 00 00;Перекартонирование_Сшив присутствовал внутри короба при проведении контроля полноты короба;-;00;Логистика;документ;0;RUCH
ОСЦ Нижний Новгород;Вне подразделений;SL 107 000 00 00;Уплотнение_Опись присутствовала внутри короба при проведении контроля полноты короба;-;00;Логистика;документ;0;RUCH
ОСЦ Нижний Новгород;Вне подразделений;SL 108 000 00 00;Уплотнение_Сшив присутствовал внутри короба при проведении контроля полноты короба;-;00;Логистика;документ;0;RUCH
ОСЦ Нижний Новгород;Вне подразделений;SL 104 000 00 00;Перекартонирование_Опись присутствовала внутри короба при проведении контроля полноты короба;-;00;Логистика;документ;0;RUCH
ОСЦ Нижний Новгород;Вне подразделений;SL 103 000 00 00;Перекартонирование_Документ присутствовал внутри короба при проведении контроля полноты короба;-;00;Логистика;документ;0;RUCH
ОСЦ Нижний Новгород;Архив №1 Нижний Новгород;SL 103 000 00 00;Перекартонирование_Документ присутствовал внутри короба при проведении контроля полноты короба;-;00;Логистика;документ;1,818;RUCH
ОСЦ Нижний Новгород;Архив №1 Нижний Новгород;SL 104 000 00 00;Перекартонирование_Опись присутствовала внутри короба при проведении контроля полноты короба;-;00;Логистика;документ;2,56;RUCH
ОСЦ Нижний Новгород;Архив №1 Нижний Новгород;SL 105 000 00 00;Перекартонирование_Сшив присутствовал внутри короба при проведении контроля полноты короба;-;00;Логистика;документ;3,8;RUCH
ОСЦ Нижний Новгород;Архив №1 Нижний Новгород;SL 106 000 00 00;Уплотнение_Документ присутствовал внутри короба при проведении контроля полноты короба;-;00;Логистика;документ;1,818;RUCH
ОСЦ Нижний Новгород;Архив №1 Нижний Новгород;SL 107 000 00 00;Уплотнение_Опись присутствовала внутри короба при проведении контроля полноты короба;-;00;Логистика;документ;3,2;RUCH
ОСЦ Нижний Новгород;Архив №1 Нижний Новгород;SL 108 000 00 00;Уплотнение_Сшив присутствовал внутри короба при проведении контроля полноты короба;-;00;Логистика;документ;2,56;RUCH
ОСЦ Новосибирск;Вне подразделений;SL 103 000 00 00;Перекартонирование_Документ присутствовал внутри короба при проведении контроля полноты короба;-;00;Логистика;документ;0;RUCH
ОСЦ Новосибирск;Вне подразделений;SL 108 000 00 00;Уплотнение_Сшив присутствовал внутри короба при проведении контроля полноты короба;-;00;Логистика;документ;0;RUCH
ОСЦ Новосибирск;Вне подразделений;SL 107 000 00 00;Уплотнение_Опись присутствовала внутри короба при проведении контроля полноты короба;-;00;Логистика;документ;0;RUCH
ОСЦ Новосибирск;Вне подразделений;SL 106 000 00 00;Уплотнение_Документ присутствовал внутри короба при проведении контроля полноты короба;-;00;Логистика;документ;0;RUCH
ОСЦ Новосибирск;Вне подразделений;SL 104 000 00 00;Перекартонирование_Опись присутствовала внутри короба при проведении контроля полноты короба;-;00;Логистика;документ;0;RUCH
ОСЦ Новосибирск;Вне подразделений;SL 105 000 00 00;Перекартонирование_Сшив присутствовал внутри короба при проведении контроля полноты короба;-;00;Логистика;документ;0;RUCH
ОСЦ Новосибирск;Архив №1 Новосибирск;SL 108 000 00 00;Уплотнение_Сшив присутствовал внутри короба при проведении контроля полноты короба;-;00;Логистика;документ;3;RUCH
ОСЦ Новосибирск;Архив №1 Новосибирск;SL 107 000 00 00;Уплотнение_Опись присутствовала внутри короба при проведении контроля полноты короба;-;00;Логистика;документ;3,2;RUCH
ОСЦ Новосибирск;Архив №1 Новосибирск;SL 106 000 00 00;Уплотнение_Документ присутствовал внутри короба при проведении контроля полноты короба;-;00;Логистика;документ;2;RUCH
ОСЦ Новосибирск;Архив №1 Новосибирск;SL 103 000 00 00;Перекартонирование_Документ присутствовал внутри короба при проведении контроля полноты короба;-;00;Логистика;документ;2;RUCH
ОСЦ Новосибирск;Архив №1 Новосибирск;SL 104 000 00 00;Перекартонирование_Опись присутствовала внутри короба при проведении контроля полноты короба;-;00;Логистика;документ;3;RUCH
ОСЦ Новосибирск;Архив №1 Новосибирск;SL 105 000 00 00;Перекартонирование_Сшив присутствовал внутри короба при проведении контроля полноты короба;-;00;Логистика;документ;4;RUCH
ОСЦ Самара;Вне подразделений;SL 103 000 00 00;Перекартонирование_Документ присутствовал внутри короба при проведении контроля полноты короба;-;00;Логистика;документ;0;RUCH
ОСЦ Самара;Вне подразделений;SL 108 000 00 00;Уплотнение_Сшив присутствовал внутри короба при проведении контроля полноты короба;-;00;Логистика;документ;0;RUCH
ОСЦ Самара;Вне подразделений;SL 107 000 00 00;Уплотнение_Опись присутствовала внутри короба при проведении контроля полноты короба;-;00;Логистика;документ;0;RUCH
ОСЦ Самара;Вне подразделений;SL 106 000 00 00;Уплотнение_Документ присутствовал внутри короба при проведении контроля полноты короба;-;00;Логистика;документ;0;RUCH
ОСЦ Самара;Вне подразделений;SL 105 000 00 00;Перекартонирование_Сшив присутствовал внутри короба при проведении контроля полноты короба;-;00;Логистика;документ;0;RUCH
ОСЦ Самара;Вне подразделений;SL 104 000 00 00;Перекартонирование_Опись присутствовала внутри короба при проведении контроля полноты короба;-;00;Логистика;документ;0;RUCH
ОСЦ Новосибирск;Архив №3 Екатеринбург;SL 107 000 00 00;Уплотнение_Опись присутствовала внутри короба при проведении контроля полноты короба;-;00;Логистика;документ;3,2;RUCH
ОСЦ Новосибирск;Архив №3 Екатеринбург;SL 106 000 00 00;Уплотнение_Документ присутствовал внутри короба при проведении контроля полноты короба;-;00;Логистика;документ;2;RUCH
ОСЦ Новосибирск;Архив №3 Екатеринбург;SL 105 000 00 00;Перекартонирование_Сшив присутствовал внутри короба при проведении контроля полноты короба;-;00;Логистика;документ;4;RUCH
ОСЦ Новосибирск;Архив №3 Екатеринбург;SL 104 000 00 00;Перекартонирование_Опись присутствовала внутри короба при проведении контроля полноты короба;-;00;Логистика;документ;3,2;RUCH
ОСЦ Новосибирск;Архив №3 Екатеринбург;SL 103 000 00 00;Перекартонирование_Документ присутствовал внутри короба при проведении контроля полноты короба;-;00;Логистика;документ;2;RUCH
ОСЦ Новосибирск;Архив №3 Екатеринбург;SL 108 000 00 00;Уплотнение_Сшив присутствовал внутри короба при проведении контроля полноты короба;-;00;Логистика;документ;4;RUCH
ОСЦ Самара;Архив №1 Самара;SL 103 000 00 00;Перекартонирование_Документ присутствовал внутри короба при проведении контроля полноты короба;-;00;Логистика;документ;2;RUCH
ОСЦ Самара;Архив №1 Самара;SL 104 000 00 00;Перекартонирование_Опись присутствовала внутри короба при проведении контроля полноты короба;-;00;Логистика;документ;3,2;RUCH
ОСЦ Самара;Архив №1 Самара;SL 105 000 00 00;Перекартонирование_Сшив присутствовал внутри короба при проведении контроля полноты короба;-;00;Логистика;документ;3,8;RUCH
ОСЦ Самара;Архив №1 Самара;SL 106 000 00 00;Уплотнение_Документ присутствовал внутри короба при проведении контроля полноты короба;-;00;Логистика;документ;2;RUCH
ОСЦ Самара;Архив №1 Самара;SL 107 000 00 00;Уплотнение_Опись присутствовала внутри короба при проведении контроля полноты короба;-;00;Логистика;документ;3,2;RUCH
ОСЦ Самара;Архив №1 Самара;SL 108 000 00 00;Уплотнение_Сшив присутствовал внутри короба при проведении контроля полноты короба;-;00;Логистика;документ;3,8;RUCH
ОСЦ Воронеж;Вне подразделений;PS 000 000 00 01;Проект_Создание заявки на уничтожение вручную;-;00;Запросы;ШК;0;AUTO
ОСЦ Воронеж;Вне подразделений;PZ 001 000 00 00;Проект_Закрытие заявки на уничтожение (создание ZD на выдачу);-;00;Запросы;ШК;0;AUTO
ОСЦ Воронеж;Архив №1 Воронеж;PS 000 000 00 01;Проект_Создание заявки на уничтожение вручную;-;00;Запросы;ШК;12,653;AUTO
ОСЦ Воронеж;Архив №1 Воронеж;PZ 001 000 00 00;Проект_Закрытие заявки на уничтожение (создание ZD на выдачу);-;00;Запросы;ШК;4,463;AUTO
ОСЦ Воронеж;Архив №3 Калининград;PS 000 000 00 01;Проект_Создание заявки на уничтожение вручную;-;00;Запросы;ШК;10,105;AUTO
ОСЦ Воронеж;Архив №3 Калининград;PZ 001 000 00 00;Проект_Закрытие заявки на уничтожение (создание ZD на выдачу);-;00;Запросы;ШК;5,152;AUTO
ОСЦ Воронеж;Архив №4 Санкт-Петербург;PS 000 000 00 01;Проект_Создание заявки на уничтожение вручную;-;00;Запросы;ШК;8,264;AUTO
ОСЦ Воронеж;Архив №4 Санкт-Петербург;PZ 001 000 00 00;Проект_Закрытие заявки на уничтожение (создание ZD на выдачу);-;00;Запросы;ШК;5,294;AUTO
ОСЦ Москва;Вне подразделений;PS 000 000 00 01;Проект_Создание заявки на уничтожение вручную;-;00;Запросы;ШК;0;AUTO
ОСЦ Москва;Вне подразделений;PZ 001 000 00 00;Проект_Закрытие заявки на уничтожение (создание ZD на выдачу);-;00;Запросы;ШК;0;AUTO
ОСЦ Москва;Архив №1 Томилино;PS 000 000 00 01;Проект_Создание заявки на уничтожение вручную;-;00;Запросы;ШК;13,045;AUTO
ОСЦ Москва;Архив №1 Томилино;PZ 001 000 00 00;Проект_Закрытие заявки на уничтожение (создание ZD на выдачу);-;00;Запросы;ШК;5;AUTO
ОСЦ Нижний Новгород;Вне подразделений;PS 000 000 00 01;Проект_Создание заявки на уничтожение вручную;-;00;Запросы;ШК;0;AUTO
ОСЦ Нижний Новгород;Вне подразделений;PZ 001 000 00 00;Проект_Закрытие заявки на уничтожение (создание ZD на выдачу);-;00;Запросы;ШК;0;AUTO
ОСЦ Нижний Новгород;Архив №1 Нижний Новгород;PS 000 000 00 01;Проект_Создание заявки на уничтожение вручную;-;00;Запросы;ШК;12;AUTO
ОСЦ Нижний Новгород;Архив №1 Нижний Новгород;PZ 001 000 00 00;Проект_Закрытие заявки на уничтожение (создание ZD на выдачу);-;00;Запросы;ШК;4,01;AUTO
ОСЦ Новосибирск;Вне подразделений;PS 000 000 00 01;Проект_Создание заявки на уничтожение вручную;-;00;Запросы;ШК;0;AUTO
ОСЦ Новосибирск;Вне подразделений;PZ 001 000 00 00;Проект_Закрытие заявки на уничтожение (создание ZD на выдачу);-;00;Запросы;ШК;0;AUTO
ОСЦ Новосибирск;Архив №1 Новосибирск;PS 000 000 00 01;Проект_Создание заявки на уничтожение вручную;-;00;Запросы;ШК;13,444;AUTO
ОСЦ Новосибирск;Архив №1 Новосибирск;PZ 001 000 00 00;Проект_Закрытие заявки на уничтожение (создание ZD на выдачу);-;00;Запросы;ШК;0;AUTO
ОСЦ Новосибирск;Архив №3 Екатеринбург;PS 000 000 00 01;Проект_Создание заявки на уничтожение вручную;-;00;Запросы;ШК;13,617;AUTO
ОСЦ Новосибирск;Архив №3 Екатеринбург;PZ 001 000 00 00;Проект_Закрытие заявки на уничтожение (создание ZD на выдачу);-;00;Запросы;ШК;0;AUTO
ОСЦ Самара;Вне подразделений;PS 000 000 00 01;Проект_Создание заявки на уничтожение вручную;-;00;Запросы;ШК;0;AUTO
ОСЦ Самара;Вне подразделений;PZ 001 000 00 00;Проект_Закрытие заявки на уничтожение (создание ZD на выдачу);-;00;Запросы;ШК;0;AUTO
ОСЦ Самара;Архив №1 Самара;PS 000 000 00 01;Проект_Создание заявки на уничтожение вручную;-;00;Запросы;ШК;10,651;AUTO
ОСЦ Самара;Архив №1 Самара;PZ 001 000 00 00;Проект_Закрытие заявки на уничтожение (создание ZD на выдачу);-;00;Запросы;ШК;5,893;AUTO
ОСЦ Воронеж;Вне подразделений;PR 020 000 00 00;Проект_АК изъят с хранения (Выборка МБК и Вкладов);;;Проекты;AK;0;RUCH
ОСЦ Воронеж;Вне подразделений;PR 020 000 00 01;Проект_АК изъят с хранения из АЛБ (Выборка МБК и Вкладов);;;Проекты;AK;0;RUCH
ОСЦ Воронеж;Вне подразделений;PR 021 000 00 00;Проект_АК размещен на хранение (Выборка МБК и Вкладов);;;Проекты;AK;0;RUCH
ОСЦ Воронеж;Вне подразделений;PR 021 000 00 01;Проект_АК размещен на хранение в АЛБ (Выборка МБК и Вкладов);;;Проекты;AK;0;RUCH
ОСЦ Воронеж;Вне подразделений;PR 022 000 00 00;Проект_Документ/Опись помещен в архивный/файловый короб (Выборка МБК и Вкладов);;;Проекты;Документ;0;RUCH
ОСЦ Воронеж;Вне подразделений;PR 023 000 00 00;Проект_Отправлено в СЛ из СОЗ ZL ЦАРС (Выборка МБК и Вкладов);;;Проекты;ШК;0;RUCH
ОСЦ Воронеж;Вне подразделений;PR 024 000 00 00;Проект_Принято в СОЗ из СЛ LZ ЦАРС для уничтожения (Выборка МБК и Вкладов);;;Проекты;ШК;0;RUCH
ОСЦ Воронеж;Вне подразделений;PR 025 000 00 00;Проект_Сборка АК/ФК (Выборка МБК и Вкладов);;;Проекты;AK;0;RUCH
ОСЦ Воронеж;Архив №1 Воронеж;PR 020 000 00 00;Проект_АК изъят с хранения (Выборка МБК и Вкладов);;;Проекты;AK;32;RUCH
ОСЦ Воронеж;Архив №1 Воронеж;PR 020 000 00 01;Проект_АК изъят с хранения из АЛБ (Выборка МБК и Вкладов);;;Проекты;AK;0;RUCH
ОСЦ Воронеж;Архив №1 Воронеж;PR 021 000 00 00;Проект_АК размещен на хранение (Выборка МБК и Вкладов);;;Проекты;AK;43;RUCH
ОСЦ Воронеж;Архив №1 Воронеж;PR 021 000 00 01;Проект_АК размещен на хранение в АЛБ (Выборка МБК и Вкладов);;;Проекты;AK;0;RUCH
ОСЦ Воронеж;Архив №1 Воронеж;PR 022 000 00 00;Проект_Документ/Опись помещен в архивный/файловый короб (Выборка МБК и Вкладов);;;Проекты;Документ;9;RUCH
ОСЦ Воронеж;Архив №1 Воронеж;PR 023 000 00 00;Проект_Отправлено в СЛ из СОЗ ZL ЦАРС (Выборка МБК и Вкладов);;;Проекты;ШК;5,016;RUCH
ОСЦ Воронеж;Архив №1 Воронеж;PR 024 000 00 00;Проект_Принято в СОЗ из СЛ LZ ЦАРС для уничтожения (Выборка МБК и Вкладов);;;Проекты;ШК;6;RUCH
ОСЦ Воронеж;Архив №1 Воронеж;PR 025 000 00 00;Проект_Сборка АК/ФК (Выборка МБК и Вкладов);;;Проекты;AK;12;RUCH
ОСЦ Воронеж;Архив №3 Калининград;PR 020 000 00 00;Проект_АК изъят с хранения (Выборка МБК и Вкладов);;;Проекты;AK;32;RUCH
ОСЦ Воронеж;Архив №3 Калининград;PR 020 000 00 01;Проект_АК изъят с хранения из АЛБ (Выборка МБК и Вкладов);;;Проекты;AK;0;RUCH
ОСЦ Воронеж;Архив №3 Калининград;PR 021 000 00 00;Проект_АК размещен на хранение (Выборка МБК и Вкладов);;;Проекты;AK;43;RUCH
ОСЦ Воронеж;Архив №3 Калининград;PR 021 000 00 01;Проект_АК размещен на хранение в АЛБ (Выборка МБК и Вкладов);;;Проекты;AK;0;RUCH
ОСЦ Воронеж;Архив №3 Калининград;PR 022 000 00 00;Проект_Документ/Опись помещен в архивный/файловый короб (Выборка МБК и Вкладов);;;Проекты;Документ;8;RUCH
ОСЦ Воронеж;Архив №3 Калининград;PR 023 000 00 00;Проект_Отправлено в СЛ из СОЗ ZL ЦАРС (Выборка МБК и Вкладов);;;Проекты;ШК;3,698;RUCH
ОСЦ Воронеж;Архив №3 Калининград;PR 024 000 00 00;Проект_Принято в СОЗ из СЛ LZ ЦАРС для уничтожения (Выборка МБК и Вкладов);;;Проекты;ШК;7;RUCH
ОСЦ Воронеж;Архив №3 Калининград;PR 025 000 00 00;Проект_Сборка АК/ФК (Выборка МБК и Вкладов);;;Проекты;AK;12;RUCH
ОСЦ Воронеж;Архив №4 Санкт-Петербург;PR 020 000 00 00;Проект_АК изъят с хранения (Выборка МБК и Вкладов);;;Проекты;AK;32;RUCH
ОСЦ Воронеж;Архив №4 Санкт-Петербург;PR 020 000 00 01;Проект_АК изъят с хранения из АЛБ (Выборка МБК и Вкладов);;;Проекты;AK;0;RUCH
ОСЦ Воронеж;Архив №4 Санкт-Петербург;PR 021 000 00 00;Проект_АК размещен на хранение (Выборка МБК и Вкладов);;;Проекты;AK;43;RUCH
ОСЦ Воронеж;Архив №4 Санкт-Петербург;PR 021 000 00 01;Проект_АК размещен на хранение в АЛБ (Выборка МБК и Вкладов);;;Проекты;AK;0;RUCH
ОСЦ Воронеж;Архив №4 Санкт-Петербург;PR 022 000 00 00;Проект_Документ/Опись помещен в архивный/файловый короб (Выборка МБК и Вкладов);;;Проекты;Документ;9;RUCH
ОСЦ Воронеж;Архив №4 Санкт-Петербург;PR 023 000 00 00;Проект_Отправлено в СЛ из СОЗ ZL ЦАРС (Выборка МБК и Вкладов);;;Проекты;ШК;4,091;RUCH
ОСЦ Воронеж;Архив №4 Санкт-Петербург;PR 024 000 00 00;Проект_Принято в СОЗ из СЛ LZ ЦАРС для уничтожения (Выборка МБК и Вкладов);;;Проекты;ШК;7;RUCH
ОСЦ Воронеж;Архив №4 Санкт-Петербург;PR 025 000 00 00;Проект_Сборка АК/ФК (Выборка МБК и Вкладов);;;Проекты;AK;12;RUCH
ОСЦ Москва;Вне подразделений;PR 020 000 00 00;Проект_АК изъят с хранения (Выборка МБК и Вкладов);;;Проекты;AK;0;RUCH
ОСЦ Москва;Вне подразделений;PR 020 000 00 01;Проект_АК изъят с хранения из АЛБ (Выборка МБК и Вкладов);;;Проекты;AK;0;RUCH
ОСЦ Москва;Вне подразделений;PR 021 000 00 00;Проект_АК размещен на хранение (Выборка МБК и Вкладов);;;Проекты;AK;0;RUCH
ОСЦ Москва;Вне подразделений;PR 021 000 00 01;Проект_АК размещен на хранение в АЛБ (Выборка МБК и Вкладов);;;Проекты;AK;0;RUCH
ОСЦ Москва;Вне подразделений;PR 022 000 00 00;Проект_Документ/Опись помещен в архивный/файловый короб (Выборка МБК и Вкладов);;;Проекты;Документ;0;RUCH
ОСЦ Москва;Вне подразделений;PR 023 000 00 00;Проект_Отправлено в СЛ из СОЗ ZL ЦАРС (Выборка МБК и Вкладов);;;Проекты;ШК;0;RUCH
ОСЦ Москва;Вне подразделений;PR 024 000 00 00;Проект_Принято в СОЗ из СЛ LZ ЦАРС для уничтожения (Выборка МБК и Вкладов);;;Проекты;ШК;0;RUCH
ОСЦ Москва;Вне подразделений;PR 025 000 00 00;Проект_Сборка АК/ФК (Выборка МБК и Вкладов);;;Проекты;AK;0;RUCH
ОСЦ Москва;Архив №1 Томилино;PR 020 000 00 00;Проект_АК изъят с хранения (Выборка МБК и Вкладов);;;Проекты;AK;29,091;RUCH
ОСЦ Москва;Архив №1 Томилино;PR 020 000 00 01;Проект_АК изъят с хранения из АЛБ (Выборка МБК и Вкладов);;;Проекты;AK;0;RUCH
ОСЦ Москва;Архив №1 Томилино;PR 021 000 00 00;Проект_АК размещен на хранение (Выборка МБК и Вкладов);;;Проекты;AK;34;RUCH
ОСЦ Москва;Архив №1 Томилино;PR 021 000 00 01;Проект_АК размещен на хранение в АЛБ (Выборка МБК и Вкладов);;;Проекты;AK;36;RUCH
ОСЦ Москва;Архив №1 Томилино;PR 022 000 00 00;Проект_Документ/Опись помещен в архивный/файловый короб (Выборка МБК и Вкладов);;;Проекты;Документ;5,76;RUCH
ОСЦ Москва;Архив №1 Томилино;PR 023 000 00 00;Проект_Отправлено в СЛ из СОЗ ZL ЦАРС (Выборка МБК и Вкладов);;;Проекты;ШК;5,712;RUCH
ОСЦ Москва;Архив №1 Томилино;PR 024 000 00 00;Проект_Принято в СОЗ из СЛ LZ ЦАРС для уничтожения (Выборка МБК и Вкладов);;;Проекты;ШК;7;RUCH
ОСЦ Москва;Архив №1 Томилино;PR 025 000 00 00;Проект_Сборка АК/ФК (Выборка МБК и Вкладов);;;Проекты;AK;0;RUCH
ОСЦ Нижний Новгород;Вне подразделений;PR 020 000 00 00;Проект_АК изъят с хранения (Выборка МБК и Вкладов);;;Проекты;AK;0;RUCH
ОСЦ Нижний Новгород;Вне подразделений;PR 020 000 00 01;Проект_АК изъят с хранения из АЛБ (Выборка МБК и Вкладов);;;Проекты;AK;0;RUCH
ОСЦ Нижний Новгород;Вне подразделений;PR 021 000 00 00;Проект_АК размещен на хранение (Выборка МБК и Вкладов);;;Проекты;AK;0;RUCH
ОСЦ Нижний Новгород;Вне подразделений;PR 021 000 00 01;Проект_АК размещен на хранение в АЛБ (Выборка МБК и Вкладов);;;Проекты;AK;0;RUCH
ОСЦ Нижний Новгород;Вне подразделений;PR 022 000 00 00;Проект_Документ/Опись помещен в архивный/файловый короб (Выборка МБК и Вкладов);;;Проекты;Документ;0;RUCH
ОСЦ Нижний Новгород;Вне подразделений;PR 023 000 00 00;Проект_Отправлено в СЛ из СОЗ ZL ЦАРС (Выборка МБК и Вкладов);;;Проекты;ШК;0;RUCH
ОСЦ Нижний Новгород;Вне подразделений;PR 024 000 00 00;Проект_Принято в СОЗ из СЛ LZ ЦАРС для уничтожения (Выборка МБК и Вкладов);;;Проекты;ШК;0;RUCH
ОСЦ Нижний Новгород;Вне подразделений;PR 025 000 00 00;Проект_Сборка АК/ФК (Выборка МБК и Вкладов);;;Проекты;AK;0;RUCH
ОСЦ Нижний Новгород;Архив №1 Нижний Новгород;PR 020 000 00 00;Проект_АК изъят с хранения (Выборка МБК и Вкладов);;;Проекты;AK;32;RUCH
ОСЦ Нижний Новгород;Архив №1 Нижний Новгород;PR 020 000 00 01;Проект_АК изъят с хранения из АЛБ (Выборка МБК и Вкладов);;;Проекты;AK;28;RUCH
ОСЦ Нижний Новгород;Архив №1 Нижний Новгород;PR 021 000 00 00;Проект_АК размещен на хранение (Выборка МБК и Вкладов);;;Проекты;AK;43;RUCH
ОСЦ Нижний Новгород;Архив №1 Нижний Новгород;PR 021 000 00 01;Проект_АК размещен на хранение в АЛБ (Выборка МБК и Вкладов);;;Проекты;AK;28;RUCH
ОСЦ Нижний Новгород;Архив №1 Нижний Новгород;PR 022 000 00 00;Проект_Документ/Опись помещен в архивный/файловый короб (Выборка МБК и Вкладов);;;Проекты;Документ;8;RUCH
ОСЦ Нижний Новгород;Архив №1 Нижний Новгород;PR 023 000 00 00;Проект_Отправлено в СЛ из СОЗ ZL ЦАРС (Выборка МБК и Вкладов);;;Проекты;ШК;5;RUCH
ОСЦ Нижний Новгород;Архив №1 Нижний Новгород;PR 024 000 00 00;Проект_Принято в СОЗ из СЛ LZ ЦАРС для уничтожения (Выборка МБК и Вкладов);;;Проекты;ШК;6;RUCH
ОСЦ Нижний Новгород;Архив №1 Нижний Новгород;PR 025 000 00 00;Проект_Сборка АК/ФК (Выборка МБК и Вкладов);;;Проекты;AK;12;RUCH
ОСЦ Новосибирск;Вне подразделений;PR 020 000 00 00;Проект_АК изъят с хранения (Выборка МБК и Вкладов);;;Проекты;AK;0;RUCH
ОСЦ Новосибирск;Вне подразделений;PR 020 000 00 01;Проект_АК изъят с хранения из АЛБ (Выборка МБК и Вкладов);;;Проекты;AK;0;RUCH
ОСЦ Новосибирск;Вне подразделений;PR 021 000 00 00;Проект_АК размещен на хранение (Выборка МБК и Вкладов);;;Проекты;AK;0;RUCH
ОСЦ Новосибирск;Вне подразделений;PR 021 000 00 01;Проект_АК размещен на хранение в АЛБ (Выборка МБК и Вкладов);;;Проекты;AK;0;RUCH
ОСЦ Новосибирск;Вне подразделений;PR 022 000 00 00;Проект_Документ/Опись помещен в архивный/файловый короб (Выборка МБК и Вкладов);;;Проекты;Документ;0;RUCH
ОСЦ Новосибирск;Вне подразделений;PR 023 000 00 00;Проект_Отправлено в СЛ из СОЗ ZL ЦАРС (Выборка МБК и Вкладов);;;Проекты;ШК;0;RUCH
ОСЦ Новосибирск;Вне подразделений;PR 024 000 00 00;Проект_Принято в СОЗ из СЛ LZ ЦАРС для уничтожения (Выборка МБК и Вкладов);;;Проекты;ШК;0;RUCH
ОСЦ Новосибирск;Вне подразделений;PR 025 000 00 00;Проект_Сборка АК/ФК (Выборка МБК и Вкладов);;;Проекты;AK;0;RUCH
ОСЦ Новосибирск;Архив №1 Новосибирск;PR 020 000 00 00;Проект_АК изъят с хранения (Выборка МБК и Вкладов);;;Проекты;AK;32;RUCH
ОСЦ Новосибирск;Архив №1 Новосибирск;PR 020 000 00 01;Проект_АК изъят с хранения из АЛБ (Выборка МБК и Вкладов);;;Проекты;AK;0;RUCH
ОСЦ Новосибирск;Архив №1 Новосибирск;PR 021 000 00 00;Проект_АК размещен на хранение (Выборка МБК и Вкладов);;;Проекты;AK;43;RUCH
ОСЦ Новосибирск;Архив №1 Новосибирск;PR 021 000 00 01;Проект_АК размещен на хранение в АЛБ (Выборка МБК и Вкладов);;;Проекты;AK;0;RUCH
ОСЦ Новосибирск;Архив №1 Новосибирск;PR 022 000 00 00;Проект_Документ/Опись помещен в архивный/файловый короб (Выборка МБК и Вкладов);;;Проекты;Документ;8;RUCH
ОСЦ Новосибирск;Архив №1 Новосибирск;PR 023 000 00 00;Проект_Отправлено в СЛ из СОЗ ZL ЦАРС (Выборка МБК и Вкладов);;;Проекты;ШК;5;RUCH
ОСЦ Новосибирск;Архив №1 Новосибирск;PR 024 000 00 00;Проект_Принято в СОЗ из СЛ LZ ЦАРС для уничтожения (Выборка МБК и Вкладов);;;Проекты;ШК;7;RUCH
ОСЦ Новосибирск;Архив №1 Новосибирск;PR 025 000 00 00;Проект_Сборка АК/ФК (Выборка МБК и Вкладов);;;Проекты;AK;12;RUCH
ОСЦ Новосибирск;Архив №3 Екатеринбург;PR 020 000 00 00;Проект_АК изъят с хранения (Выборка МБК и Вкладов);;;Проекты;AK;32;RUCH
ОСЦ Новосибирск;Архив №3 Екатеринбург;PR 020 000 00 01;Проект_АК изъят с хранения из АЛБ (Выборка МБК и Вкладов);;;Проекты;AK;0;RUCH
ОСЦ Новосибирск;Архив №3 Екатеринбург;PR 021 000 00 00;Проект_АК размещен на хранение (Выборка МБК и Вкладов);;;Проекты;AK;43;RUCH
ОСЦ Новосибирск;Архив №3 Екатеринбург;PR 021 000 00 01;Проект_АК размещен на хранение в АЛБ (Выборка МБК и Вкладов);;;Проекты;AK;0;RUCH
ОСЦ Новосибирск;Архив №3 Екатеринбург;PR 022 000 00 00;Проект_Документ/Опись помещен в архивный/файловый короб (Выборка МБК и Вкладов);;;Проекты;Документ;3,329;RUCH
ОСЦ Новосибирск;Архив №3 Екатеринбург;PR 023 000 00 00;Проект_Отправлено в СЛ из СОЗ ZL ЦАРС (Выборка МБК и Вкладов);;;Проекты;ШК;2,505;RUCH
ОСЦ Новосибирск;Архив №3 Екатеринбург;PR 024 000 00 00;Проект_Принято в СОЗ из СЛ LZ ЦАРС для уничтожения (Выборка МБК и Вкладов);;;Проекты;ШК;3,215;RUCH
ОСЦ Новосибирск;Архив №3 Екатеринбург;PR 025 000 00 00;Проект_Сборка АК/ФК (Выборка МБК и Вкладов);;;Проекты;AK;12;RUCH
ОСЦ Самара;Вне подразделений;PR 020 000 00 00;Проект_АК изъят с хранения (Выборка МБК и Вкладов);;;Проекты;AK;0;RUCH
ОСЦ Самара;Вне подразделений;PR 020 000 00 01;Проект_АК изъят с хранения из АЛБ (Выборка МБК и Вкладов);;;Проекты;AK;0;RUCH
ОСЦ Самара;Вне подразделений;PR 021 000 00 00;Проект_АК размещен на хранение (Выборка МБК и Вкладов);;;Проекты;AK;0;RUCH
ОСЦ Самара;Вне подразделений;PR 021 000 00 01;Проект_АК размещен на хранение в АЛБ (Выборка МБК и Вкладов);;;Проекты;AK;0;RUCH
ОСЦ Самара;Вне подразделений;PR 022 000 00 00;Проект_Документ/Опись помещен в архивный/файловый короб (Выборка МБК и Вкладов);;;Проекты;Документ;0;RUCH
ОСЦ Самара;Вне подразделений;PR 023 000 00 00;Проект_Отправлено в СЛ из СОЗ ZL ЦАРС (Выборка МБК и Вкладов);;;Проекты;ШК;0;RUCH
ОСЦ Самара;Вне подразделений;PR 024 000 00 00;Проект_Принято в СОЗ из СЛ LZ ЦАРС для уничтожения (Выборка МБК и Вкладов);;;Проекты;ШК;0;RUCH
ОСЦ Самара;Вне подразделений;PR 025 000 00 00;Проект_Сборка АК/ФК (Выборка МБК и Вкладов);;;Проекты;AK;0;RUCH
ОСЦ Самара;Архив №1 Самара;PR 020 000 00 00;Проект_АК изъят с хранения (Выборка МБК и Вкладов);;;Проекты;AK;32;RUCH
ОСЦ Самара;Архив №1 Самара;PR 020 000 00 01;Проект_АК изъят с хранения из АЛБ (Выборка МБК и Вкладов);;;Проекты;AK;28,029;RUCH
ОСЦ Самара;Архив №1 Самара;PR 021 000 00 00;Проект_АК размещен на хранение (Выборка МБК и Вкладов);;;Проекты;AK;43;RUCH
ОСЦ Самара;Архив №1 Самара;PR 021 000 00 01;Проект_АК размещен на хранение в АЛБ (Выборка МБК и Вкладов);;;Проекты;AK;28;RUCH
ОСЦ Самара;Архив №1 Самара;PR 022 000 00 00;Проект_Документ/Опись помещен в архивный/файловый короб (Выборка МБК и Вкладов);;;Проекты;Документ;8;RUCH
ОСЦ Самара;Архив №1 Самара;PR 023 000 00 00;Проект_Отправлено в СЛ из СОЗ ZL ЦАРС (Выборка МБК и Вкладов);;;Проекты;ШК;5,983;RUCH
ОСЦ Самара;Архив №1 Самара;PR 024 000 00 00;Проект_Принято в СОЗ из СЛ LZ ЦАРС для уничтожения (Выборка МБК и Вкладов);;;Проекты;ШК;6;RUCH
ОСЦ Самара;Архив №1 Самара;PR 025 000 00 00;Проект_Сборка АК/ФК (Выборка МБК и Вкладов);;;Проекты;AK;12;RUCH
ОСЦ Воронеж;Вне подразделений;IA 003 000 00 01;Разработка СУА;-;00;Непроизводственные;Минута;60;RUCH
ОСЦ Воронеж;Вне подразделений;IA 003 000 00 02;Разработка/Сопровождение Кадриль;-;00;Непроизводственные;Минута;60;RUCH
ОСЦ Воронеж;Вне подразделений;IA 003 000 00 03;Сопровождение Кубышка;-;00;Непроизводственные;Минута;60;RUCH
ОСЦ Воронеж;Вне подразделений;IA 003 000 00 04;Обработка данных;-;00;Непроизводственные;Минута;60;RUCH
ОСЦ Нижний Новгород;Архив №1 Нижний Новгород;NO 026 008 00 00;Прием и анализ телефонного обращения;-;00;СПАС;;19,6;RUCH
ОСЦ Нижний Новгород;Архив №1 Нижний Новгород;NO 026 009 00 00;Регистрация обращения в СберДРУГе;-;00;СПАС;;94,733;RUCH
ОСЦ Нижний Новгород;Архив №1 Нижний Новгород;NO 026 010 00 00;Запрос дополнительной информации у клиента по телефону;-;00;СПАС;;35,3;RUCH
ОСЦ Нижний Новгород;Архив №1 Нижний Новгород;NO 026 011 00 00;Исполнение запроса 1-ой линией поддержки при телефонной консультации;-;00;СПАС;;178,433;RUCH
ОСЦ Нижний Новгород;Архив №1 Нижний Новгород;NO 026 012 00 00;Перенаправление запроса в соответствии с зоной компетенции;-;00;СПАС;;227,6;RUCH
ОСЦ Нижний Новгород;Архив №1 Нижний Новгород;NO 026 013 00 00;Анализ и принятие в работу обращения;-;00;СПАС;;32,6;RUCH
ОСЦ Нижний Новгород;Архив №1 Нижний Новгород;NO 026 014 00 00;Запрос дополнительной информации у клиента;-;00;СПАС;;34,267;RUCH
ОСЦ Нижний Новгород;Архив №1 Нижний Новгород;NO 026 015 00 00;Обработка запроса по дополнительной информации у клиента;-;00;СПАС;;37,567;RUCH
ОСЦ Нижний Новгород;Архив №1 Нижний Новгород;NO 026 016 00 00;Закрытие запроса без исполнения;-;00;СПАС;;49,8;RUCH
ОСЦ Нижний Новгород;Архив №1 Нижний Новгород;NO 026 017 00 00;Перенаправление запроса в случае некорректного назначения в РГ СПАСа;-;00;СПАС;;31,067;RUCH
ОСЦ Нижний Новгород;Архив №1 Нижний Новгород;KS 018 000 00 00;Закрытие обращения по звонку;-;00;СПАС;;31,733;AUTO
ОСЦ Нижний Новгород;Архив №1 Нижний Новгород;KS 019 000 00 00;Закрытие запроса после получения ответа от РГ ДИТ СиБ;-;00;СПАС;;89,9;AUTO
ОСЦ Нижний Новгород;Архив №1 Нижний Новгород;KS 020 000 00 00;Исполнение запроса 1-ой линией поддержки;-;00;СПАС;;289,533;AUTO
ОСЦ Воронеж;Вне подразделений;SZ 026 000 00 01;"""Формирование заданий при ""Ручном подборе""| заполнение Журналов: учета коробов ОСГ| выдачи оригиналов документов| учета по заявкам в АС ЦАРС (ответы клиентам)| по КОД ЮЛ""";-;00;Запросы;запись/ строка;0;RUCH
ОСЦ Воронеж;Архив №1 Воронеж;SZ 026 000 00 01;"""Формирование заданий при ""Ручном подборе""| заполнение Журналов: учета коробов ОСГ| выдачи оригиналов документов| учета по заявкам в АС ЦАРС (ответы клиентам)| по КОД ЮЛ""";-;00;Запросы;запись/ строка;27,705;RUCH
ОСЦ Воронеж;Архив №3 Калининград;SZ 026 000 00 01;"""Формирование заданий при ""Ручном подборе""| заполнение Журналов: учета коробов ОСГ| выдачи оригиналов документов| учета по заявкам в АС ЦАРС (ответы клиентам)| по КОД ЮЛ""";-;00;Запросы;запись/ строка;28,553;RUCH
ОСЦ Воронеж;Архив №4 Санкт-Петербург;SZ 026 000 00 01;"""Формирование заданий при ""Ручном подборе""| заполнение Журналов: учета коробов ОСГ| выдачи оригиналов документов| учета по заявкам в АС ЦАРС (ответы клиентам)| по КОД ЮЛ""";-;00;Запросы;запись/ строка;28,974;RUCH
ОСЦ Москва;Вне подразделений;SZ 026 000 00 01;"""Формирование заданий при ""Ручном подборе""| заполнение Журналов: учета коробов ОСГ| выдачи оригиналов документов| учета по заявкам в АС ЦАРС (ответы клиентам)| по КОД ЮЛ""";-;00;Запросы;запись/ строка;0;RUCH
ОСЦ Москва;Архив №1 Томилино;SZ 026 000 00 01;"""Формирование заданий при ""Ручном подборе""| заполнение Журналов: учета коробов ОСГ| выдачи оригиналов документов| учета по заявкам в АС ЦАРС (ответы клиентам)| по КОД ЮЛ""";-;00;Запросы;запись/ строка;29,043;RUCH
ОСЦ Нижний Новгород;Вне подразделений;SZ 026 000 00 01;"""Формирование заданий при ""Ручном подборе""| заполнение Журналов: учета коробов ОСГ| выдачи оригиналов документов| учета по заявкам в АС ЦАРС (ответы клиентам)| по КОД ЮЛ""";-;00;Запросы;запись/ строка;0;RUCH
ОСЦ Нижний Новгород;Архив №1 Нижний Новгород;SZ 026 000 00 01;"""Формирование заданий при ""Ручном подборе""| заполнение Журналов: учета коробов ОСГ| выдачи оригиналов документов| учета по заявкам в АС ЦАРС (ответы клиентам)| по КОД ЮЛ""";-;00;Запросы;запись/ строка;0;RUCH
ОСЦ Новосибирск;Вне подразделений;SZ 026 000 00 01;"""Формирование заданий при ""Ручном подборе""| заполнение Журналов: учета коробов ОСГ| выдачи оригиналов документов| учета по заявкам в АС ЦАРС (ответы клиентам)| по КОД ЮЛ""";-;00;Запросы;запись/ строка;0;RUCH
ОСЦ Новосибирск;Архив №1 Новосибирск;SZ 026 000 00 01;"""Формирование заданий при ""Ручном подборе""| заполнение Журналов: учета коробов ОСГ| выдачи оригиналов документов| учета по заявкам в АС ЦАРС (ответы клиентам)| по КОД ЮЛ""";-;00;Запросы;запись/ строка;29,931;RUCH
ОСЦ Самара;Вне подразделений;SZ 026 000 00 01;"""Формирование заданий при ""Ручном подборе""| заполнение Журналов: учета коробов ОСГ| выдачи оригиналов документов| учета по заявкам в АС ЦАРС (ответы клиентам)| по КОД ЮЛ""";-;00;Запросы;запись/ строка;0;RUCH
ОСЦ Новосибирск;Архив №3 Екатеринбург;SZ 026 000 00 01;"""Формирование заданий при ""Ручном подборе""| заполнение Журналов: учета коробов ОСГ| выдачи оригиналов документов| учета по заявкам в АС ЦАРС (ответы клиентам)| по КОД ЮЛ""";-;00;Запросы;запись/ строка;29,744;RUCH
ОСЦ Самара;Архив №1 Самара;SZ 026 000 00 01;"""Формирование заданий при ""Ручном подборе""| заполнение Журналов: учета коробов ОСГ| выдачи оригиналов документов| учета по заявкам в АС ЦАРС (ответы клиентам)| по КОД ЮЛ""";-;00;Запросы;запись/ строка;30;RUCH
ОСЦ Воронеж;Вне подразделений;SZ 033 000 00 01;Контроль возврата Досье клиентов/ документов из подразделений Банка в СЦ Архив (при выдаче оригиналов во временное пользование) - АС ЦАРС;-;00;Запросы;документ;0;RUCH
ОСЦ Воронеж;Архив №1 Воронеж;SZ 033 000 00 01;Контроль возврата Досье клиентов/ документов из подразделений Банка в СЦ Архив (при выдаче оригиналов во временное пользование) - АС ЦАРС;-;00;Запросы;документ;120;RUCH
ОСЦ Воронеж;Архив №3 Калининград;SZ 033 000 00 01;Контроль возврата Досье клиентов/ документов из подразделений Банка в СЦ Архив (при выдаче оригиналов во временное пользование) - АС ЦАРС;-;00;Запросы;документ;120;RUCH
ОСЦ Воронеж;Архив №4 Санкт-Петербург;SZ 033 000 00 01;Контроль возврата Досье клиентов/ документов из подразделений Банка в СЦ Архив (при выдаче оригиналов во временное пользование) - АС ЦАРС;-;00;Запросы;документ;120;RUCH
ОСЦ Москва;Вне подразделений;SZ 033 000 00 01;Контроль возврата Досье клиентов/ документов из подразделений Банка в СЦ Архив (при выдаче оригиналов во временное пользование) - АС ЦАРС;-;00;Запросы;документ;0;RUCH
ОСЦ Москва;Архив №1 Томилино;SZ 033 000 00 01;Контроль возврата Досье клиентов/ документов из подразделений Банка в СЦ Архив (при выдаче оригиналов во временное пользование) - АС ЦАРС;-;00;Запросы;документ;120;RUCH
ОСЦ Нижний Новгород;Вне подразделений;SZ 033 000 00 01;Контроль возврата Досье клиентов/ документов из подразделений Банка в СЦ Архив (при выдаче оригиналов во временное пользование) - АС ЦАРС;-;00;Запросы;документ;0;RUCH
ОСЦ Нижний Новгород;Архив №1 Нижний Новгород;SZ 033 000 00 01;Контроль возврата Досье клиентов/ документов из подразделений Банка в СЦ Архив (при выдаче оригиналов во временное пользование) - АС ЦАРС;-;00;Запросы;документ;120;RUCH
ОСЦ Новосибирск;Вне подразделений;SZ 033 000 00 01;Контроль возврата Досье клиентов/ документов из подразделений Банка в СЦ Архив (при выдаче оригиналов во временное пользование) - АС ЦАРС;-;00;Запросы;документ;0;RUCH
ОСЦ Новосибирск;Архив №1 Новосибирск;SZ 033 000 00 01;Контроль возврата Досье клиентов/ документов из подразделений Банка в СЦ Архив (при выдаче оригиналов во временное пользование) - АС ЦАРС;-;00;Запросы;документ;120;RUCH
ОСЦ Самара;Вне подразделений;SZ 033 000 00 01;Контроль возврата Досье клиентов/ документов из подразделений Банка в СЦ Архив (при выдаче оригиналов во временное пользование) - АС ЦАРС;-;00;Запросы;документ;0;RUCH
ОСЦ Новосибирск;Архив №3 Екатеринбург;SZ 033 000 00 01;Контроль возврата Досье клиентов/ документов из подразделений Банка в СЦ Архив (при выдаче оригиналов во временное пользование) - АС ЦАРС;-;00;Запросы;документ;120;RUCH
ОСЦ Самара;Архив №1 Самара;SZ 033 000 00 01;Контроль возврата Досье клиентов/ документов из подразделений Банка в СЦ Архив (при выдаче оригиналов во временное пользование) - АС ЦАРС;-;00;Запросы;документ;120;RUCH
ОСЦ Воронеж;Вне подразделений;SZ 043 000 00 01;Операции при возврате Акта приема-передачи при выдаче оригиналов документов (при изъятии оригиналов документов| при оформлении ручного акта приема-передачи) - ЦАРС;-;00;Запросы;документ;0;RUCH
ОСЦ Воронеж;Архив №1 Воронеж;SZ 043 000 00 01;Операции при возврате Акта приема-передачи при выдаче оригиналов документов (при изъятии оригиналов документов| при оформлении ручного акта приема-передачи) - ЦАРС;-;00;Запросы;документ;30,316;RUCH
ОСЦ Воронеж;Архив №3 Калининград;SZ 043 000 00 01;Операции при возврате Акта приема-передачи при выдаче оригиналов документов (при изъятии оригиналов документов| при оформлении ручного акта приема-передачи) - ЦАРС;-;00;Запросы;документ;30,316;RUCH
ОСЦ Воронеж;Архив №4 Санкт-Петербург;SZ 043 000 00 01;Операции при возврате Акта приема-передачи при выдаче оригиналов документов (при изъятии оригиналов документов| при оформлении ручного акта приема-передачи) - ЦАРС;-;00;Запросы;документ;30,316;RUCH
ОСЦ Москва;Вне подразделений;SZ 043 000 00 01;Операции при возврате Акта приема-передачи при выдаче оригиналов документов (при изъятии оригиналов документов| при оформлении ручного акта приема-передачи) - ЦАРС;-;00;Запросы;документ;0;RUCH
ОСЦ Москва;Архив №1 Томилино;SZ 043 000 00 01;Операции при возврате Акта приема-передачи при выдаче оригиналов документов (при изъятии оригиналов документов| при оформлении ручного акта приема-передачи) - ЦАРС;-;00;Запросы;документ;30,316;RUCH
ОСЦ Нижний Новгород;Вне подразделений;SZ 043 000 00 01;Операции при возврате Акта приема-передачи при выдаче оригиналов документов (при изъятии оригиналов документов| при оформлении ручного акта приема-передачи) - ЦАРС;-;00;Запросы;документ;0;RUCH
ОСЦ Нижний Новгород;Архив №1 Нижний Новгород;SZ 043 000 00 01;Операции при возврате Акта приема-передачи при выдаче оригиналов документов (при изъятии оригиналов документов| при оформлении ручного акта приема-передачи) - ЦАРС;-;00;Запросы;документ;30,316;RUCH
ОСЦ Новосибирск;Вне подразделений;SZ 043 000 00 01;Операции при возврате Акта приема-передачи при выдаче оригиналов документов (при изъятии оригиналов документов| при оформлении ручного акта приема-передачи) - ЦАРС;-;00;Запросы;документ;0;RUCH
ОСЦ Новосибирск;Архив №1 Новосибирск;SZ 043 000 00 01;Операции при возврате Акта приема-передачи при выдаче оригиналов документов (при изъятии оригиналов документов| при оформлении ручного акта приема-передачи) - ЦАРС;-;00;Запросы;документ;30,316;RUCH
ОСЦ Самара;Вне подразделений;SZ 043 000 00 01;Операции при возврате Акта приема-передачи при выдаче оригиналов документов (при изъятии оригиналов документов| при оформлении ручного акта приема-передачи) - ЦАРС;-;00;Запросы;документ;0;RUCH
ОСЦ Новосибирск;Архив №3 Екатеринбург;SZ 043 000 00 01;Операции при возврате Акта приема-передачи при выдаче оригиналов документов (при изъятии оригиналов документов| при оформлении ручного акта приема-передачи) - ЦАРС;-;00;Запросы;документ;30,316;RUCH
ОСЦ Самара;Архив №1 Самара;SZ 043 000 00 01;Операции при возврате Акта приема-передачи при выдаче оригиналов документов (при изъятии оригиналов документов| при оформлении ручного акта приема-передачи) - ЦАРС;-;00;Запросы;документ;30,316;RUCH
ОСЦ Воронеж;Вне подразделений;SZ 054 000 00 01;Оформление передачи Документов при выемке/ передаче документов цессии - ЦАРС;-;00;Запросы;отправка;0;RUCH
ОСЦ Воронеж;Архив №1 Воронеж;SZ 054 000 00 01;Оформление передачи Документов при выемке/ передаче документов цессии - ЦАРС;-;00;Запросы;отправка;1440;RUCH
ОСЦ Воронеж;Архив №3 Калининград;SZ 054 000 00 01;Оформление передачи Документов при выемке/ передаче документов цессии - ЦАРС;-;00;Запросы;отправка;1440;RUCH
ОСЦ Воронеж;Архив №4 Санкт-Петербург;SZ 054 000 00 01;Оформление передачи Документов при выемке/ передаче документов цессии - ЦАРС;-;00;Запросы;отправка;1440;RUCH
ОСЦ Москва;Вне подразделений;SZ 054 000 00 01;Оформление передачи Документов при выемке/ передаче документов цессии - ЦАРС;-;00;Запросы;отправка;0;RUCH
ОСЦ Москва;Архив №1 Томилино;SZ 054 000 00 01;Оформление передачи Документов при выемке/ передаче документов цессии - ЦАРС;-;00;Запросы;отправка;1440;RUCH
ОСЦ Нижний Новгород;Вне подразделений;SZ 054 000 00 01;Оформление передачи Документов при выемке/ передаче документов цессии - ЦАРС;-;00;Запросы;отправка;0;RUCH
ОСЦ Нижний Новгород;Архив №1 Нижний Новгород;SZ 054 000 00 01;Оформление передачи Документов при выемке/ передаче документов цессии - ЦАРС;-;00;Запросы;отправка;1440;RUCH
ОСЦ Новосибирск;Вне подразделений;SZ 054 000 00 01;Оформление передачи Документов при выемке/ передаче документов цессии - ЦАРС;-;00;Запросы;отправка;0;RUCH
ОСЦ Новосибирск;Архив №1 Новосибирск;SZ 054 000 00 01;Оформление передачи Документов при выемке/ передаче документов цессии - ЦАРС;-;00;Запросы;отправка;1440;RUCH
ОСЦ Самара;Вне подразделений;SZ 054 000 00 01;Оформление передачи Документов при выемке/ передаче документов цессии - ЦАРС;-;00;Запросы;отправка;0;RUCH
ОСЦ Новосибирск;Архив №3 Екатеринбург;SZ 054 000 00 01;Оформление передачи Документов при выемке/ передаче документов цессии - ЦАРС;-;00;Запросы;отправка;1440;RUCH
ОСЦ Самара;Архив №1 Самара;SZ 054 000 00 01;Оформление передачи Документов при выемке/ передаче документов цессии - ЦАРС;-;00;Запросы;отправка;1440;RUCH
ОСЦ Воронеж;Вне подразделений;SZ 060 000 00 01;Поиск документа (все виды документов) в АК по заявке в АС ЦАРC| в том числе сшивы ДД;-;00;Запросы;дело/пачка;0;RUCH
ОСЦ Воронеж;Архив №1 Воронеж;SZ 060 000 00 01;Поиск документа (все виды документов) в АК по заявке в АС ЦАРC| в том числе сшивы ДД;-;00;Запросы;дело/пачка;240;RUCH
ОСЦ Воронеж;Архив №3 Калининград;SZ 060 000 00 01;Поиск документа (все виды документов) в АК по заявке в АС ЦАРC| в том числе сшивы ДД;-;00;Запросы;дело/пачка;225,867;RUCH
ОСЦ Воронеж;Архив №4 Санкт-Петербург;SZ 060 000 00 01;Поиск документа (все виды документов) в АК по заявке в АС ЦАРC| в том числе сшивы ДД;-;00;Запросы;дело/пачка;223,156;RUCH
ОСЦ Москва;Вне подразделений;SZ 060 000 00 01;Поиск документа (все виды документов) в АК по заявке в АС ЦАРC| в том числе сшивы ДД;-;00;Запросы;дело/пачка;0;RUCH
ОСЦ Москва;Архив №1 Томилино;SZ 060 000 00 01;Поиск документа (все виды документов) в АК по заявке в АС ЦАРC| в том числе сшивы ДД;-;00;Запросы;дело/пачка;220,3;RUCH
ОСЦ Нижний Новгород;Вне подразделений;SZ 060 000 00 01;Поиск документа (все виды документов) в АК по заявке в АС ЦАРC| в том числе сшивы ДД;-;00;Запросы;дело/пачка;0;RUCH
ОСЦ Нижний Новгород;Архив №1 Нижний Новгород;SZ 060 000 00 01;Поиск документа (все виды документов) в АК по заявке в АС ЦАРC| в том числе сшивы ДД;-;00;Запросы;дело/пачка;235,633;RUCH
ОСЦ Новосибирск;Вне подразделений;SZ 060 000 00 01;Поиск документа (все виды документов) в АК по заявке в АС ЦАРC| в том числе сшивы ДД;-;00;Запросы;дело/пачка;0;RUCH
ОСЦ Новосибирск;Архив №1 Новосибирск;SZ 060 000 00 01;Поиск документа (все виды документов) в АК по заявке в АС ЦАРC| в том числе сшивы ДД;-;00;Запросы;дело/пачка;239,833;RUCH
ОСЦ Самара;Вне подразделений;SZ 060 000 00 01;Поиск документа (все виды документов) в АК по заявке в АС ЦАРC| в том числе сшивы ДД;-;00;Запросы;дело/пачка;0;RUCH
ОСЦ Новосибирск;Архив №3 Екатеринбург;SZ 060 000 00 01;Поиск документа (все виды документов) в АК по заявке в АС ЦАРC| в том числе сшивы ДД;-;00;Запросы;дело/пачка;239,8;RUCH
ОСЦ Самара;Архив №1 Самара;SZ 060 000 00 01;Поиск документа (все виды документов) в АК по заявке в АС ЦАРC| в том числе сшивы ДД;-;00;Запросы;дело/пачка;240;RUCH
ОСЦ Воронеж;Вне подразделений;SZ 069 000 00 01;Поиск документов при внесистемном размещении (отсутствует поштучная регистрация| либо находится вне места постоянного хранения) - АС ЦАРС;-;00;Запросы;документ;0;RUCH
ОСЦ Воронеж;Архив №1 Воронеж;SZ 069 000 00 01;Поиск документов при внесистемном размещении (отсутствует поштучная регистрация| либо находится вне места постоянного хранения) - АС ЦАРС;-;00;Запросы;документ;279,433;RUCH
ОСЦ Воронеж;Архив №3 Калининград;SZ 069 000 00 01;Поиск документов при внесистемном размещении (отсутствует поштучная регистрация| либо находится вне места постоянного хранения) - АС ЦАРС;-;00;Запросы;документ;276,529;RUCH
ОСЦ Воронеж;Архив №4 Санкт-Петербург;SZ 069 000 00 01;Поиск документов при внесистемном размещении (отсутствует поштучная регистрация| либо находится вне места постоянного хранения) - АС ЦАРС;-;00;Запросы;документ;0;RUCH
ОСЦ Москва;Вне подразделений;SZ 069 000 00 01;Поиск документов при внесистемном размещении (отсутствует поштучная регистрация| либо находится вне места постоянного хранения) - АС ЦАРС;-;00;Запросы;документ;0;RUCH
ОСЦ Москва;Архив №1 Томилино;SZ 069 000 00 01;Поиск документов при внесистемном размещении (отсутствует поштучная регистрация| либо находится вне места постоянного хранения) - АС ЦАРС;-;00;Запросы;документ;159,794;RUCH
ОСЦ Нижний Новгород;Вне подразделений;SZ 069 000 00 01;Поиск документов при внесистемном размещении (отсутствует поштучная регистрация| либо находится вне места постоянного хранения) - АС ЦАРС;-;00;Запросы;документ;0;RUCH
ОСЦ Нижний Новгород;Архив №1 Нижний Новгород;SZ 069 000 00 01;Поиск документов при внесистемном размещении (отсутствует поштучная регистрация| либо находится вне места постоянного хранения) - АС ЦАРС;-;00;Запросы;документ;231,5;RUCH
ОСЦ Новосибирск;Вне подразделений;SZ 069 000 00 01;Поиск документов при внесистемном размещении (отсутствует поштучная регистрация| либо находится вне места постоянного хранения) - АС ЦАРС;-;00;Запросы;документ;0;RUCH
ОСЦ Новосибирск;Архив №1 Новосибирск;SZ 069 000 00 01;Поиск документов при внесистемном размещении (отсутствует поштучная регистрация| либо находится вне места постоянного хранения) - АС ЦАРС;-;00;Запросы;документ;296,351;RUCH
ОСЦ Самара;Вне подразделений;SZ 069 000 00 01;Поиск документов при внесистемном размещении (отсутствует поштучная регистрация| либо находится вне места постоянного хранения) - АС ЦАРС;-;00;Запросы;документ;0;RUCH
ОСЦ Новосибирск;Архив №3 Екатеринбург;SZ 069 000 00 01;Поиск документов при внесистемном размещении (отсутствует поштучная регистрация| либо находится вне места постоянного хранения) - АС ЦАРС;-;00;Запросы;документ;298,4;RUCH
ОСЦ Самара;Архив №1 Самара;SZ 069 000 00 01;Поиск документов при внесистемном размещении (отсутствует поштучная регистрация| либо находится вне места постоянного хранения) - АС ЦАРС;-;00;Запросы;документ;284,533;RUCH
ОСЦ Воронеж;Вне подразделений;SZ 070 000 00 01;Поиск данных по Клиенту в различных АС (ЕКС| ЕКП| АБЭД| ББМО| Клиенты и счеты и др.)| за исключением АС ЦАРС;-;00;Запросы;запрос в АС;0;RUCH
ОСЦ Воронеж;Архив №1 Воронеж;SZ 070 000 00 01;Поиск данных по Клиенту в различных АС (ЕКС| ЕКП| АБЭД| ББМО| Клиенты и счеты и др.)| за исключением АС ЦАРС;-;00;Запросы;запрос в АС;150;RUCH
ОСЦ Воронеж;Архив №3 Калининград;SZ 070 000 00 01;Поиск данных по Клиенту в различных АС (ЕКС| ЕКП| АБЭД| ББМО| Клиенты и счеты и др.)| за исключением АС ЦАРС;-;00;Запросы;запрос в АС;150;RUCH
ОСЦ Воронеж;Архив №4 Санкт-Петербург;SZ 070 000 00 01;Поиск данных по Клиенту в различных АС (ЕКС| ЕКП| АБЭД| ББМО| Клиенты и счеты и др.)| за исключением АС ЦАРС;-;00;Запросы;запрос в АС;150;RUCH
ОСЦ Москва;Вне подразделений;SZ 070 000 00 01;Поиск данных по Клиенту в различных АС (ЕКС| ЕКП| АБЭД| ББМО| Клиенты и счеты и др.)| за исключением АС ЦАРС;-;00;Запросы;запрос в АС;0;RUCH
ОСЦ Москва;Архив №1 Томилино;SZ 070 000 00 01;Поиск данных по Клиенту в различных АС (ЕКС| ЕКП| АБЭД| ББМО| Клиенты и счеты и др.)| за исключением АС ЦАРС;-;00;Запросы;запрос в АС;140;RUCH
ОСЦ Нижний Новгород;Вне подразделений;SZ 070 000 00 01;Поиск данных по Клиенту в различных АС (ЕКС| ЕКП| АБЭД| ББМО| Клиенты и счеты и др.)| за исключением АС ЦАРС;-;00;Запросы;запрос в АС;0;RUCH
ОСЦ Нижний Новгород;Архив №1 Нижний Новгород;SZ 070 000 00 01;Поиск данных по Клиенту в различных АС (ЕКС| ЕКП| АБЭД| ББМО| Клиенты и счеты и др.)| за исключением АС ЦАРС;-;00;Запросы;запрос в АС;120;RUCH
ОСЦ Новосибирск;Вне подразделений;SZ 070 000 00 01;Поиск данных по Клиенту в различных АС (ЕКС| ЕКП| АБЭД| ББМО| Клиенты и счеты и др.)| за исключением АС ЦАРС;-;00;Запросы;запрос в АС;0;RUCH
ОСЦ Новосибирск;Архив №1 Новосибирск;SZ 070 000 00 01;Поиск данных по Клиенту в различных АС (ЕКС| ЕКП| АБЭД| ББМО| Клиенты и счеты и др.)| за исключением АС ЦАРС;-;00;Запросы;запрос в АС;150;RUCH
ОСЦ Самара;Вне подразделений;SZ 070 000 00 01;Поиск данных по Клиенту в различных АС (ЕКС| ЕКП| АБЭД| ББМО| Клиенты и счеты и др.)| за исключением АС ЦАРС;-;00;Запросы;запрос в АС;0;RUCH
ОСЦ Новосибирск;Архив №3 Екатеринбург;SZ 070 000 00 01;Поиск данных по Клиенту в различных АС (ЕКС| ЕКП| АБЭД| ББМО| Клиенты и счеты и др.)| за исключением АС ЦАРС;-;00;Запросы;запрос в АС;150;RUCH
ОСЦ Самара;Архив №1 Самара;SZ 070 000 00 01;Поиск данных по Клиенту в различных АС (ЕКС| ЕКП| АБЭД| ББМО| Клиенты и счеты и др.)| за исключением АС ЦАРС;-;00;Запросы;запрос в АС;120;RUCH
ОСЦ Воронеж;Вне подразделений;SZ 073 000 00 01;Поиск наличия документа в досье (при запросе на документ)  - АС ЦАРС (кроме КОД ЮЛ);-;00;Запросы;документ;0;RUCH
ОСЦ Воронеж;Архив №1 Воронеж;SZ 073 000 00 01;Поиск наличия документа в досье (при запросе на документ)  - АС ЦАРС (кроме КОД ЮЛ);-;00;Запросы;документ;40;RUCH
ОСЦ Воронеж;Архив №3 Калининград;SZ 073 000 00 01;Поиск наличия документа в досье (при запросе на документ)  - АС ЦАРС (кроме КОД ЮЛ);-;00;Запросы;документ;40;RUCH
ОСЦ Воронеж;Архив №4 Санкт-Петербург;SZ 073 000 00 01;Поиск наличия документа в досье (при запросе на документ)  - АС ЦАРС (кроме КОД ЮЛ);-;00;Запросы;документ;40;RUCH
ОСЦ Москва;Вне подразделений;SZ 073 000 00 01;Поиск наличия документа в досье (при запросе на документ)  - АС ЦАРС (кроме КОД ЮЛ);-;00;Запросы;документ;0;RUCH
ОСЦ Москва;Архив №1 Томилино;SZ 073 000 00 01;Поиск наличия документа в досье (при запросе на документ)  - АС ЦАРС (кроме КОД ЮЛ);-;00;Запросы;документ;13;RUCH
ОСЦ Нижний Новгород;Вне подразделений;SZ 073 000 00 01;Поиск наличия документа в досье (при запросе на документ)  - АС ЦАРС (кроме КОД ЮЛ);-;00;Запросы;документ;0;RUCH
ОСЦ Нижний Новгород;Архив №1 Нижний Новгород;SZ 073 000 00 01;Поиск наличия документа в досье (при запросе на документ)  - АС ЦАРС (кроме КОД ЮЛ);-;00;Запросы;документ;34,7;RUCH
ОСЦ Новосибирск;Вне подразделений;SZ 073 000 00 01;Поиск наличия документа в досье (при запросе на документ)  - АС ЦАРС (кроме КОД ЮЛ);-;00;Запросы;документ;0;RUCH
ОСЦ Новосибирск;Архив №1 Новосибирск;SZ 073 000 00 01;Поиск наличия документа в досье (при запросе на документ)  - АС ЦАРС (кроме КОД ЮЛ);-;00;Запросы;документ;30;RUCH
ОСЦ Самара;Вне подразделений;SZ 073 000 00 01;Поиск наличия документа в досье (при запросе на документ)  - АС ЦАРС (кроме КОД ЮЛ);-;00;Запросы;документ;0;RUCH
ОСЦ Новосибирск;Архив №3 Екатеринбург;SZ 073 000 00 01;Поиск наличия документа в досье (при запросе на документ)  - АС ЦАРС (кроме КОД ЮЛ);-;00;Запросы;документ;40;RUCH
ОСЦ Самара;Архив №1 Самара;SZ 073 000 00 01;Поиск наличия документа в досье (при запросе на документ)  - АС ЦАРС (кроме КОД ЮЛ);-;00;Запросы;документ;30;RUCH
ОСЦ Воронеж;Вне подразделений;SZ 183 000 00 00;Прием и исполнение внутренней заявки;-;00;Запросы;заявка;0;RUCH
ОСЦ Воронеж;Вне подразделений;SZ 184 000 00 00;Добавление ШК во внутреннюю заявку;-;00;Запросы;ШК;0;RUCH
ОСЦ Воронеж;Вне подразделений;SZ 185 000 00 00;Закрытие внутренней заявки;-;00;Запросы;заявка;0;RUCH
ОСЦ Воронеж;Архив №1 Воронеж;SZ 183 000 00 00;Прием и исполнение внутренней заявки;-;00;Запросы;заявка;722,044;RUCH
ОСЦ Воронеж;Архив №1 Воронеж;SZ 184 000 00 00;Добавление ШК во внутреннюю заявку;-;00;Запросы;ШК;39,093;RUCH
ОСЦ Воронеж;Архив №1 Воронеж;SZ 185 000 00 00;Закрытие внутренней заявки;-;00;Запросы;заявка;81,135;RUCH
ОСЦ Воронеж;Архив №3 Калининград;SZ 183 000 00 00;Прием и исполнение внутренней заявки;-;00;Запросы;заявка;351,267;RUCH
ОСЦ Воронеж;Архив №3 Калининград;SZ 184 000 00 00;Добавление ШК во внутреннюю заявку;-;00;Запросы;ШК;40,113;RUCH
ОСЦ Воронеж;Архив №3 Калининград;SZ 185 000 00 00;Закрытие внутренней заявки;-;00;Запросы;заявка;79,167;RUCH
ОСЦ Воронеж;Архив №4 Санкт-Петербург;SZ 183 000 00 00;Прием и исполнение внутренней заявки;-;00;Запросы;заявка;365,919;RUCH
ОСЦ Воронеж;Архив №4 Санкт-Петербург;SZ 184 000 00 00;Добавление ШК во внутреннюю заявку;-;00;Запросы;ШК;31,133;RUCH
ОСЦ Воронеж;Архив №4 Санкт-Петербург;SZ 185 000 00 00;Закрытие внутренней заявки;-;00;Запросы;заявка;53;RUCH
ОСЦ Москва;Вне подразделений;SZ 183 000 00 00;Прием и исполнение внутренней заявки;-;00;Запросы;заявка;0;RUCH
ОСЦ Москва;Вне подразделений;SZ 184 000 00 00;Добавление ШК во внутреннюю заявку;-;00;Запросы;ШК;0;RUCH
ОСЦ Москва;Вне подразделений;SZ 185 000 00 00;Закрытие внутренней заявки;-;00;Запросы;заявка;0;RUCH
ОСЦ Москва;Архив №1 Томилино;SZ 183 000 00 00;Прием и исполнение внутренней заявки;-;00;Запросы;заявка;720,325;RUCH
ОСЦ Москва;Архив №1 Томилино;SZ 184 000 00 00;Добавление ШК во внутреннюю заявку;-;00;Запросы;ШК;30,678;RUCH
ОСЦ Москва;Архив №1 Томилино;SZ 185 000 00 00;Закрытие внутренней заявки;-;00;Запросы;заявка;81;RUCH
ОСЦ Нижний Новгород;Вне подразделений;SZ 183 000 00 00;Прием и исполнение внутренней заявки;-;00;Запросы;заявка;0;RUCH
ОСЦ Нижний Новгород;Вне подразделений;SZ 184 000 00 00;Добавление ШК во внутреннюю заявку;-;00;Запросы;ШК;0;RUCH
ОСЦ Нижний Новгород;Вне подразделений;SZ 185 000 00 00;Закрытие внутренней заявки;-;00;Запросы;заявка;0;RUCH
ОСЦ Нижний Новгород;Архив №1 Нижний Новгород;SZ 183 000 00 00;Прием и исполнение внутренней заявки;-;00;Запросы;заявка;686,233;RUCH
ОСЦ Нижний Новгород;Архив №1 Нижний Новгород;SZ 184 000 00 00;Добавление ШК во внутреннюю заявку;-;00;Запросы;ШК;35,442;RUCH
ОСЦ Нижний Новгород;Архив №1 Нижний Новгород;SZ 185 000 00 00;Закрытие внутренней заявки;-;00;Запросы;заявка;80,899;RUCH
ОСЦ Новосибирск;Вне подразделений;SZ 183 000 00 00;Прием и исполнение внутренней заявки;-;00;Запросы;заявка;0;RUCH
ОСЦ Новосибирск;Вне подразделений;SZ 184 000 00 00;Добавление ШК во внутреннюю заявку;-;00;Запросы;ШК;0;RUCH
ОСЦ Новосибирск;Вне подразделений;SZ 185 000 00 00;Закрытие внутренней заявки;-;00;Запросы;заявка;0;RUCH
ОСЦ Новосибирск;Архив №1 Новосибирск;SZ 183 000 00 00;Прием и исполнение внутренней заявки;-;00;Запросы;заявка;682,028;RUCH
ОСЦ Новосибирск;Архив №1 Новосибирск;SZ 184 000 00 00;Добавление ШК во внутреннюю заявку;-;00;Запросы;ШК;40,38;RUCH
ОСЦ Новосибирск;Архив №1 Новосибирск;SZ 185 000 00 00;Закрытие внутренней заявки;-;00;Запросы;заявка;81,235;RUCH
ОСЦ Новосибирск;Архив №3 Екатеринбург;SZ 183 000 00 00;Прием и исполнение внутренней заявки;-;00;Запросы;заявка;710,833;RUCH
ОСЦ Новосибирск;Архив №3 Екатеринбург;SZ 184 000 00 00;Добавление ШК во внутреннюю заявку;-;00;Запросы;ШК;40,171;RUCH
ОСЦ Новосибирск;Архив №3 Екатеринбург;SZ 185 000 00 00;Закрытие внутренней заявки;-;00;Запросы;заявка;75,025;RUCH
ОСЦ Самара;Вне подразделений;SZ 183 000 00 00;Прием и исполнение внутренней заявки;-;00;Запросы;заявка;0;RUCH
ОСЦ Самара;Вне подразделений;SZ 184 000 00 00;Добавление ШК во внутреннюю заявку;-;00;Запросы;ШК;0;RUCH
ОСЦ Самара;Вне подразделений;SZ 185 000 00 00;Закрытие внутренней заявки;-;00;Запросы;заявка;0;RUCH
ОСЦ Самара;Архив №1 Самара;SZ 183 000 00 00;Прием и исполнение внутренней заявки;-;00;Запросы;заявка;671,149;RUCH
ОСЦ Самара;Архив №1 Самара;SZ 184 000 00 00;Добавление ШК во внутреннюю заявку;-;00;Запросы;ШК;37,468;RUCH
ОСЦ Самара;Архив №1 Самара;SZ 185 000 00 00;Закрытие внутренней заявки;-;00;Запросы;заявка;81,013;RUCH
ОСЦ Воронеж;Вне подразделений;ZZ 001 000 00 00;Закрытие глобальной заявки;-;00;Запросы;заявка;0;AUTO
ОСЦ Воронеж;Архив №1 Воронеж;ZZ 001 000 00 00;Закрытие глобальной заявки;-;00;Запросы;заявка;0;AUTO
ОСЦ Воронеж;Архив №3 Калининград;ZZ 001 000 00 00;Закрытие глобальной заявки;-;00;Запросы;заявка;0;AUTO
ОСЦ Воронеж;Архив №4 Санкт-Петербург;ZZ 001 000 00 00;Закрытие глобальной заявки;-;00;Запросы;заявка;0;AUTO
ОСЦ Москва;Вне подразделений;ZZ 001 000 00 00;Закрытие глобальной заявки;-;00;Запросы;заявка;0;AUTO
ОСЦ Москва;Архив №1 Томилино;ZZ 001 000 00 00;Закрытие глобальной заявки;-;00;Запросы;заявка;0;AUTO
ОСЦ Нижний Новгород;Вне подразделений;ZZ 001 000 00 00;Закрытие глобальной заявки;-;00;Запросы;заявка;0;AUTO
ОСЦ Нижний Новгород;Архив №1 Нижний Новгород;ZZ 001 000 00 00;Закрытие глобальной заявки;-;00;Запросы;заявка;12,083;AUTO
ОСЦ Новосибирск;Вне подразделений;ZZ 001 000 00 00;Закрытие глобальной заявки;-;00;Запросы;заявка;0;AUTO
ОСЦ Новосибирск;Архив №1 Новосибирск;ZZ 001 000 00 00;Закрытие глобальной заявки;-;00;Запросы;заявка;16,161;AUTO
ОСЦ Новосибирск;Архив №3 Екатеринбург;ZZ 001 000 00 00;Закрытие глобальной заявки;-;00;Запросы;заявка;0;AUTO
ОСЦ Самара;Вне подразделений;ZZ 001 000 00 00;Закрытие глобальной заявки;-;00;Запросы;заявка;0;AUTO
ОСЦ Самара;Архив №1 Самара;ZZ 001 000 00 00;Закрытие глобальной заявки;-;00;Запросы;заявка;0;AUTO
ОСЦ Воронеж;Вне подразделений;ZO 000 000 00 01;Закрытие обращения клиента;-;00;Консультирование;обращение;0;AUTO
ОСЦ Воронеж;Вне подразделений;NO 000 000 00 01;Прием обращения в работу;-;00;Консультирование;обращение;66;RUCH
ОСЦ Воронеж;Вне подразделений;NO 000 000 00 02;Поиск договора во фронтальной системе;-;00;Консультирование;обращение;101;RUCH
ОСЦ Воронеж;Вне подразделений;NO 000 000 00 03;Запрос информации у клиента;-;00;Консультирование;обращение;107;RUCH
ОСЦ Воронеж;Вне подразделений;NO 000 000 00 04;Ознакомление с ответом клиента;-;00;Консультирование;обращение;24;RUCH
ОСЦ Воронеж;Вне подразделений;NO 000 000 00 05;Переназначение обращения;-;00;Консультирование;обращение;37;RUCH
ОСЦ Воронеж;Вне подразделений;NO 000 000 00 06;Повторная выгрузка записи договора из фронтальной системы;-;00;Консультирование;обращение;257;RUCH
ОСЦ Воронеж;Архив №1 Воронеж;ZO 000 000 00 01;Закрытие обращения клиента;-;00;Консультирование;обращение;0;AUTO
ОСЦ Воронеж;Архив №1 Воронеж;NO 000 000 00 01;Прием обращения в работу;-;00;Консультирование;обращение;0;RUCH
ОСЦ Воронеж;Архив №1 Воронеж;NO 000 000 00 02;Поиск договора во фронтальной системе;-;00;Консультирование;обращение;0;RUCH
ОСЦ Воронеж;Архив №1 Воронеж;NO 000 000 00 03;Запрос информации у клиента;-;00;Консультирование;обращение;0;RUCH
ОСЦ Воронеж;Архив №1 Воронеж;NO 000 000 00 04;Ознакомление с ответом клиента;-;00;Консультирование;обращение;0;RUCH
ОСЦ Воронеж;Архив №1 Воронеж;NO 000 000 00 05;Переназначение обращения;-;00;Консультирование;обращение;0;RUCH
ОСЦ Воронеж;Архив №1 Воронеж;NO 000 000 00 06;Повторная выгрузка записи договора из фронтальной системы;-;00;Консультирование;обращение;0;RUCH
ОСЦ Воронеж;Архив №3 Калининград;ZO 000 000 00 01;Закрытие обращения клиента;-;00;Консультирование;обращение;0;AUTO
ОСЦ Воронеж;Архив №3 Калининград;NO 000 000 00 01;Прием обращения в работу;-;00;Консультирование;обращение;0;RUCH
ОСЦ Воронеж;Архив №3 Калининград;NO 000 000 00 02;Поиск договора во фронтальной системе;-;00;Консультирование;обращение;0;RUCH
ОСЦ Воронеж;Архив №3 Калининград;NO 000 000 00 03;Запрос информации у клиента;-;00;Консультирование;обращение;0;RUCH
ОСЦ Воронеж;Архив №3 Калининград;NO 000 000 00 04;Ознакомление с ответом клиента;-;00;Консультирование;обращение;0;RUCH
ОСЦ Воронеж;Архив №3 Калининград;NO 000 000 00 05;Переназначение обращения;-;00;Консультирование;обращение;0;RUCH
ОСЦ Воронеж;Архив №3 Калининград;NO 000 000 00 06;Повторная выгрузка записи договора из фронтальной системы;-;00;Консультирование;обращение;0;RUCH
ОСЦ Воронеж;Архив №4 Санкт-Петербург;ZO 000 000 00 01;Закрытие обращения клиента;-;00;Консультирование;обращение;0;AUTO
ОСЦ Воронеж;Архив №4 Санкт-Петербург;NO 000 000 00 01;Прием обращения в работу;-;00;Консультирование;обращение;0;RUCH
ОСЦ Воронеж;Архив №4 Санкт-Петербург;NO 000 000 00 02;Поиск договора во фронтальной системе;-;00;Консультирование;обращение;0;RUCH
ОСЦ Воронеж;Архив №4 Санкт-Петербург;NO 000 000 00 03;Запрос информации у клиента;-;00;Консультирование;обращение;0;RUCH
ОСЦ Воронеж;Архив №4 Санкт-Петербург;NO 000 000 00 04;Ознакомление с ответом клиента;-;00;Консультирование;обращение;0;RUCH
ОСЦ Воронеж;Архив №4 Санкт-Петербург;NO 000 000 00 05;Переназначение обращения;-;00;Консультирование;обращение;0;RUCH
ОСЦ Воронеж;Архив №4 Санкт-Петербург;NO 000 000 00 06;Повторная выгрузка записи договора из фронтальной системы;-;00;Консультирование;обращение;0;RUCH
ОСЦ Москва;Вне подразделений;ZO 000 000 00 01;Закрытие обращения клиента;-;00;Консультирование;обращение;0;AUTO
ОСЦ Москва;Вне подразделений;NO 000 000 00 01;Прием обращения в работу;-;00;Консультирование;обращение;0;RUCH
ОСЦ Москва;Вне подразделений;NO 000 000 00 02;Поиск договора во фронтальной системе;-;00;Консультирование;обращение;0;RUCH
ОСЦ Москва;Вне подразделений;NO 000 000 00 03;Запрос информации у клиента;-;00;Консультирование;обращение;0;RUCH
ОСЦ Москва;Вне подразделений;NO 000 000 00 04;Ознакомление с ответом клиента;-;00;Консультирование;обращение;0;RUCH
ОСЦ Москва;Вне подразделений;NO 000 000 00 05;Переназначение обращения;-;00;Консультирование;обращение;0;RUCH
ОСЦ Москва;Вне подразделений;NO 000 000 00 06;Повторная выгрузка записи договора из фронтальной системы;-;00;Консультирование;обращение;0;RUCH
ОСЦ Москва;Архив №1 Томилино;ZO 000 000 00 01;Закрытие обращения клиента;-;00;Консультирование;обращение;0;AUTO
ОСЦ Москва;Архив №1 Томилино;NO 000 000 00 01;Прием обращения в работу;-;00;Консультирование;обращение;0;RUCH
ОСЦ Москва;Архив №1 Томилино;NO 000 000 00 02;Поиск договора во фронтальной системе;-;00;Консультирование;обращение;0;RUCH
ОСЦ Москва;Архив №1 Томилино;NO 000 000 00 03;Запрос информации у клиента;-;00;Консультирование;обращение;0;RUCH
ОСЦ Москва;Архив №1 Томилино;NO 000 000 00 04;Ознакомление с ответом клиента;-;00;Консультирование;обращение;0;RUCH
ОСЦ Москва;Архив №1 Томилино;NO 000 000 00 05;Переназначение обращения;-;00;Консультирование;обращение;0;RUCH
ОСЦ Москва;Архив №1 Томилино;NO 000 000 00 06;Повторная выгрузка записи договора из фронтальной системы;-;00;Консультирование;обращение;0;RUCH
ОСЦ Нижний Новгород;Вне подразделений;ZO 000 000 00 01;Закрытие обращения клиента;-;00;Консультирование;обращение;0;AUTO
ОСЦ Нижний Новгород;Вне подразделений;NO 000 000 00 01;Прием обращения в работу;-;00;Консультирование;обращение;0;RUCH
ОСЦ Нижний Новгород;Вне подразделений;NO 000 000 00 02;Поиск договора во фронтальной системе;-;00;Консультирование;обращение;0;RUCH
ОСЦ Нижний Новгород;Вне подразделений;NO 000 000 00 03;Запрос информации у клиента;-;00;Консультирование;обращение;0;RUCH
ОСЦ Нижний Новгород;Вне подразделений;NO 000 000 00 04;Ознакомление с ответом клиента;-;00;Консультирование;обращение;0;RUCH
ОСЦ Нижний Новгород;Вне подразделений;NO 000 000 00 05;Переназначение обращения;-;00;Консультирование;обращение;0;RUCH
ОСЦ Нижний Новгород;Вне подразделений;NO 000 000 00 06;Повторная выгрузка записи договора из фронтальной системы;-;00;Консультирование;обращение;0;RUCH
ОСЦ Нижний Новгород;Архив №1 Нижний Новгород;ZO 000 000 00 01;Закрытие обращения клиента;-;00;Консультирование;обращение;75,567;AUTO
ОСЦ Нижний Новгород;Архив №1 Нижний Новгород;NO 000 000 00 01;Прием обращения в работу;-;00;Консультирование;обращение;0;RUCH
ОСЦ Нижний Новгород;Архив №1 Нижний Новгород;NO 000 000 00 02;Поиск договора во фронтальной системе;-;00;Консультирование;обращение;0;RUCH
ОСЦ Нижний Новгород;Архив №1 Нижний Новгород;NO 000 000 00 03;Запрос информации у клиента;-;00;Консультирование;обращение;34,267;RUCH
ОСЦ Нижний Новгород;Архив №1 Нижний Новгород;NO 000 000 00 04;Ознакомление с ответом клиента;-;00;Консультирование;обращение;0;RUCH
ОСЦ Нижний Новгород;Архив №1 Нижний Новгород;NO 000 000 00 05;Переназначение обращения;-;00;Консультирование;обращение;0;RUCH
ОСЦ Нижний Новгород;Архив №1 Нижний Новгород;NO 000 000 00 06;Повторная выгрузка записи договора из фронтальной системы;-;00;Консультирование;обращение;0;RUCH
ОСЦ Новосибирск;Вне подразделений;ZO 000 000 00 01;Закрытие обращения клиента;-;00;Консультирование;обращение;0;AUTO
ОСЦ Новосибирск;Вне подразделений;NO 000 000 00 01;Прием обращения в работу;-;00;Консультирование;обращение;0;RUCH
ОСЦ Новосибирск;Вне подразделений;NO 000 000 00 02;Поиск договора во фронтальной системе;-;00;Консультирование;обращение;0;RUCH
ОСЦ Новосибирск;Вне подразделений;NO 000 000 00 03;Запрос информации у клиента;-;00;Консультирование;обращение;0;RUCH
ОСЦ Новосибирск;Вне подразделений;NO 000 000 00 04;Ознакомление с ответом клиента;-;00;Консультирование;обращение;0;RUCH
ОСЦ Новосибирск;Вне подразделений;NO 000 000 00 05;Переназначение обращения;-;00;Консультирование;обращение;0;RUCH
ОСЦ Новосибирск;Вне подразделений;NO 000 000 00 06;Повторная выгрузка записи договора из фронтальной системы;-;00;Консультирование;обращение;0;RUCH
ОСЦ Новосибирск;Архив №1 Новосибирск;ZO 000 000 00 01;Закрытие обращения клиента;-;00;Консультирование;обращение;0;AUTO
ОСЦ Новосибирск;Архив №1 Новосибирск;NO 000 000 00 01;Прием обращения в работу;-;00;Консультирование;обращение;0;RUCH
ОСЦ Новосибирск;Архив №1 Новосибирск;NO 000 000 00 02;Поиск договора во фронтальной системе;-;00;Консультирование;обращение;0;RUCH
ОСЦ Новосибирск;Архив №1 Новосибирск;NO 000 000 00 03;Запрос информации у клиента;-;00;Консультирование;обращение;0;RUCH
ОСЦ Новосибирск;Архив №1 Новосибирск;NO 000 000 00 04;Ознакомление с ответом клиента;-;00;Консультирование;обращение;0;RUCH
ОСЦ Новосибирск;Архив №1 Новосибирск;NO 000 000 00 05;Переназначение обращения;-;00;Консультирование;обращение;0;RUCH
ОСЦ Новосибирск;Архив №1 Новосибирск;NO 000 000 00 06;Повторная выгрузка записи договора из фронтальной системы;-;00;Консультирование;обращение;0;RUCH
ОСЦ Новосибирск;Архив №3 Екатеринбург;ZO 000 000 00 01;Закрытие обращения клиента;-;00;Консультирование;обращение;0;AUTO
ОСЦ Новосибирск;Архив №3 Екатеринбург;NO 000 000 00 01;Прием обращения в работу;-;00;Консультирование;обращение;0;RUCH
ОСЦ Новосибирск;Архив №3 Екатеринбург;NO 000 000 00 02;Поиск договора во фронтальной системе;-;00;Консультирование;обращение;0;RUCH
ОСЦ Новосибирск;Архив №3 Екатеринбург;NO 000 000 00 03;Запрос информации у клиента;-;00;Консультирование;обращение;0;RUCH
ОСЦ Новосибирск;Архив №3 Екатеринбург;NO 000 000 00 04;Ознакомление с ответом клиента;-;00;Консультирование;обращение;0;RUCH
ОСЦ Новосибирск;Архив №3 Екатеринбург;NO 000 000 00 05;Переназначение обращения;-;00;Консультирование;обращение;0;RUCH
ОСЦ Новосибирск;Архив №3 Екатеринбург;NO 000 000 00 06;Повторная выгрузка записи договора из фронтальной системы;-;00;Консультирование;обращение;0;RUCH
ОСЦ Самара;Вне подразделений;ZO 000 000 00 01;Закрытие обращения клиента;-;00;Консультирование;обращение;0;AUTO
ОСЦ Самара;Вне подразделений;NO 000 000 00 01;Прием обращения в работу;-;00;Консультирование;обращение;0;RUCH
ОСЦ Самара;Вне подразделений;NO 000 000 00 02;Поиск договора во фронтальной системе;-;00;Консультирование;обращение;0;RUCH
ОСЦ Самара;Вне подразделений;NO 000 000 00 03;Запрос информации у клиента;-;00;Консультирование;обращение;0;RUCH
ОСЦ Самара;Вне подразделений;NO 000 000 00 04;Ознакомление с ответом клиента;-;00;Консультирование;обращение;0;RUCH
ОСЦ Самара;Вне подразделений;NO 000 000 00 05;Переназначение обращения;-;00;Консультирование;обращение;0;RUCH
ОСЦ Самара;Вне подразделений;NO 000 000 00 06;Повторная выгрузка записи договора из фронтальной системы;-;00;Консультирование;обращение;0;RUCH
ОСЦ Самара;Архив №1 Самара;ZO 000 000 00 01;Закрытие обращения клиента;-;00;Консультирование;обращение;0;AUTO
ОСЦ Самара;Архив №1 Самара;NO 000 000 00 01;Прием обращения в работу;-;00;Консультирование;обращение;0;RUCH
ОСЦ Самара;Архив №1 Самара;NO 000 000 00 02;Поиск договора во фронтальной системе;-;00;Консультирование;обращение;0;RUCH
ОСЦ Самара;Архив №1 Самара;NO 000 000 00 03;Запрос информации у клиента;-;00;Консультирование;обращение;0;RUCH
ОСЦ Самара;Архив №1 Самара;NO 000 000 00 04;Ознакомление с ответом клиента;-;00;Консультирование;обращение;0;RUCH
ОСЦ Самара;Архив №1 Самара;NO 000 000 00 05;Переназначение обращения;-;00;Консультирование;обращение;0;RUCH
ОСЦ Самара;Архив №1 Самара;NO 000 000 00 06;Повторная выгрузка записи договора из фронтальной системы;-;00;Консультирование;обращение;0;RUCH
ОСЦ Воронеж;Вне подразделений;KS 021 000 00 00;Информирование внутреннего клиента в отказе от консультации сотрудников ВСП;-;00;СПАС;;0;AUTO
ОСЦ Воронеж;Архив №1 Воронеж;KS 021 000 00 00;Информирование внутреннего клиента в отказе от консультации сотрудников ВСП;-;00;СПАС;;0;AUTO
ОСЦ Воронеж;Архив №3 Калининград;KS 021 000 00 00;Информирование внутреннего клиента в отказе от консультации сотрудников ВСП;-;00;СПАС;;0;AUTO
ОСЦ Воронеж;Архив №4 Санкт-Петербург;KS 021 000 00 00;Информирование внутреннего клиента в отказе от консультации сотрудников ВСП;-;00;СПАС;;0;AUTO
ОСЦ Москва;Вне подразделений;KS 021 000 00 00;Информирование внутреннего клиента в отказе от консультации сотрудников ВСП;-;00;СПАС;;0;AUTO
ОСЦ Москва;Архив №1 Томилино;KS 021 000 00 00;Информирование внутреннего клиента в отказе от консультации сотрудников ВСП;-;00;СПАС;;0;AUTO
ОСЦ Нижний Новгород;Вне подразделений;KS 021 000 00 00;Информирование внутреннего клиента в отказе от консультации сотрудников ВСП;-;00;СПАС;;0;AUTO
ОСЦ Нижний Новгород;Архив №1 Нижний Новгород;KS 021 000 00 00;Информирование внутреннего клиента в отказе от консультации сотрудников ВСП;-;00;СПАС;;43,6;AUTO
ОСЦ Новосибирск;Вне подразделений;KS 021 000 00 00;Информирование внутреннего клиента в отказе от консультации сотрудников ВСП;-;00;СПАС;;0;AUTO
ОСЦ Новосибирск;Архив №1 Новосибирск;KS 021 000 00 00;Информирование внутреннего клиента в отказе от консультации сотрудников ВСП;-;00;СПАС;;0;AUTO
ОСЦ Новосибирск;Архив №3 Екатеринбург;KS 021 000 00 00;Информирование внутреннего клиента в отказе от консультации сотрудников ВСП;-;00;СПАС;;0;AUTO
ОСЦ Самара;Вне подразделений;KS 021 000 00 00;Информирование внутреннего клиента в отказе от консультации сотрудников ВСП;-;00;СПАС;;0;AUTO
ОСЦ Самара;Архив №1 Самара;KS 021 000 00 00;Информирование внутреннего клиента в отказе от консультации сотрудников ВСП;-;00;СПАС;;0;AUTO
ОСЦ Воронеж;Вне подразделений;SZ 186 000 00 00;Уточнение данных по заявкам АС ЦАРС у ВК/сотрудников архивов других территорий;-;00;Запросы;сообщение;0;RUCH
ОСЦ Воронеж;Архив №1 Воронеж;SZ 186 000 00 00;Уточнение данных по заявкам АС ЦАРС у ВК/сотрудников архивов других территорий;-;00;Запросы;сообщение;120;RUCH
ОСЦ Воронеж;Архив №3 Калининград;SZ 186 000 00 00;Уточнение данных по заявкам АС ЦАРС у ВК/сотрудников архивов других территорий;-;00;Запросы;сообщение;120;RUCH
ОСЦ Воронеж;Архив №4 Санкт-Петербург;SZ 186 000 00 00;Уточнение данных по заявкам АС ЦАРС у ВК/сотрудников архивов других территорий;-;00;Запросы;сообщение;120;RUCH
ОСЦ Москва;Вне подразделений;SZ 186 000 00 00;Уточнение данных по заявкам АС ЦАРС у ВК/сотрудников архивов других территорий;-;00;Запросы;сообщение;0;RUCH
ОСЦ Москва;Архив №1 Томилино;SZ 186 000 00 00;Уточнение данных по заявкам АС ЦАРС у ВК/сотрудников архивов других территорий;-;00;Запросы;сообщение;90;RUCH
ОСЦ Нижний Новгород;Вне подразделений;SZ 186 000 00 00;Уточнение данных по заявкам АС ЦАРС у ВК/сотрудников архивов других территорий;-;00;Запросы;сообщение;0;RUCH
ОСЦ Нижний Новгород;Архив №1 Нижний Новгород;SZ 186 000 00 00;Уточнение данных по заявкам АС ЦАРС у ВК/сотрудников архивов других территорий;-;00;Запросы;сообщение;90;RUCH
ОСЦ Новосибирск;Вне подразделений;SZ 186 000 00 00;Уточнение данных по заявкам АС ЦАРС у ВК/сотрудников архивов других территорий;-;00;Запросы;сообщение;0;RUCH
ОСЦ Новосибирск;Архив №1 Новосибирск;SZ 186 000 00 00;Уточнение данных по заявкам АС ЦАРС у ВК/сотрудников архивов других территорий;-;00;Запросы;сообщение;90;RUCH
ОСЦ Новосибирск;Архив №3 Екатеринбург;SZ 186 000 00 00;Уточнение данных по заявкам АС ЦАРС у ВК/сотрудников архивов других территорий;-;00;Запросы;сообщение;90;RUCH
ОСЦ Самара;Вне подразделений;SZ 186 000 00 00;Уточнение данных по заявкам АС ЦАРС у ВК/сотрудников архивов других территорий;-;00;Запросы;сообщение;0;RUCH
ОСЦ Самара;Архив №1 Самара;SZ 186 000 00 00;Уточнение данных по заявкам АС ЦАРС у ВК/сотрудников архивов других территорий;-;00;Запросы;сообщение;90;RUCH
ОСЦ Воронеж;Архив №1 Воронеж;IZ 004 000 00 00;Операции по выдаче оригиналов документов  (ШК) заказчику - ЦАРС;-;00;Запросы;;121;AUTO
ОСЦ Воронеж;Архив №3 Калининград;IZ 004 000 00 00;Операции по выдаче оригиналов документов  (ШК) заказчику - ЦАРС;-;00;Запросы;;125,344;AUTO
ОСЦ Воронеж;Архив №4 Санкт-Петербург;IZ 004 000 00 00;Операции по выдаче оригиналов документов  (ШК) заказчику - ЦАРС;-;00;Запросы;;141,497;AUTO
ОСЦ Москва;Архив №1 Томилино;IZ 004 000 00 00;Операции по выдаче оригиналов документов  (ШК) заказчику - ЦАРС;-;00;Запросы;;115,033;AUTO
ОСЦ Нижний Новгород;Архив №1 Нижний Новгород;IZ 004 000 00 00;Операции по выдаче оригиналов документов  (ШК) заказчику - ЦАРС;-;00;Запросы;;100,485;AUTO
ОСЦ Новосибирск;Архив №1 Новосибирск;IZ 004 000 00 00;Операции по выдаче оригиналов документов  (ШК) заказчику - ЦАРС;-;00;Запросы;;141,3;AUTO
ОСЦ Новосибирск;Архив №3 Екатеринбург;IZ 004 000 00 00;Операции по выдаче оригиналов документов  (ШК) заказчику - ЦАРС;-;00;Запросы;;139,474;AUTO
ОСЦ Самара;Архив №1 Самара;IZ 004 000 00 00;Операции по выдаче оригиналов документов  (ШК) заказчику - ЦАРС;-;00;Запросы;;115;AUTO
ОСЦ Воронеж;Архив №1 Воронеж;PZ 001 001 00 00;Закрытие заявки на уничтожение (создание ZD на выдачу);-;00;Запросы;ШК;4,463;AUTO
ОСЦ Воронеж;Архив №3 Калининград;PZ 001 001 00 00;Закрытие заявки на уничтожение (создание ZD на выдачу);-;00;Запросы;ШК;5,184;AUTO
ОСЦ Воронеж;Архив №4 Санкт-Петербург;PZ 001 001 00 00;Закрытие заявки на уничтожение (создание ZD на выдачу);-;00;Запросы;ШК;5,294;AUTO
ОСЦ Москва;Архив №1 Томилино;PZ 001 001 00 00;Закрытие заявки на уничтожение (создание ZD на выдачу);-;00;Запросы;ШК;5;AUTO
ОСЦ Нижний Новгород;Архив №1 Нижний Новгород;PZ 001 001 00 00;Закрытие заявки на уничтожение (создание ZD на выдачу);-;00;Запросы;ШК;4,01;AUTO
ОСЦ Новосибирск;Архив №1 Новосибирск;PZ 001 001 00 00;Закрытие заявки на уничтожение (создание ZD на выдачу);-;00;Запросы;ШК;5,128;AUTO
ОСЦ Новосибирск;Архив №3 Екатеринбург;PZ 001 001 00 00;Закрытие заявки на уничтожение (создание ZD на выдачу);-;00;Запросы;ШК;5,6;AUTO
ОСЦ Самара;Архив №1 Самара;PZ 001 001 00 00;Закрытие заявки на уничтожение (создание ZD на выдачу);-;00;Запросы;ШК;5,893;AUTO
ОСЦ Воронеж;Вне подразделений;BX 0089 000 00 01;Изъятие документа из описи при выдаче оригиналов АС ЦАРС;-;00;Запросы;ШК;0;AUTO
ОСЦ Воронеж;Архив №1 Воронеж;BX 0089 000 00 01;Изъятие документа из описи при выдаче оригиналов АС ЦАРС;-;00;Запросы;ШК;124;AUTO
ОСЦ Воронеж;Архив №3 Калининград;BX 0089 000 00 01;Изъятие документа из описи при выдаче оригиналов АС ЦАРС;-;00;Запросы;ШК;124,833;AUTO
ОСЦ Воронеж;Архив №4 Санкт-Петербург;BX 0089 000 00 01;Изъятие документа из описи при выдаче оригиналов АС ЦАРС;-;00;Запросы;ШК;80,489;AUTO
ОСЦ Москва;Архив №1 Томилино;BX 0089 000 00 01;Изъятие документа из описи при выдаче оригиналов АС ЦАРС;-;00;Запросы;ШК;120,041;AUTO
ОСЦ Нижний Новгород;Архив №1 Нижний Новгород;BX 0089 000 00 01;Изъятие документа из описи при выдаче оригиналов АС ЦАРС;-;00;Запросы;ШК;65,772;AUTO
ОСЦ Новосибирск;Архив №1 Новосибирск;BX 0089 000 00 01;Изъятие документа из описи при выдаче оригиналов АС ЦАРС;-;00;Запросы;ШК;122,054;AUTO
ОСЦ Новосибирск;Архив №3 Екатеринбург;BX 0089 000 00 01;Изъятие документа из описи при выдаче оригиналов АС ЦАРС;-;00;Запросы;ШК;118,8;AUTO
ОСЦ Самара;Архив №1 Самара;BX 0089 000 00 01;Изъятие документа из описи при выдаче оригиналов АС ЦАРС;-;00;Запросы;ШК;126,743;AUTO
ОСЦ Воронеж;Вне подразделений;PZ 002 000 00 00;Создание заявки на уничтожение вручную;-;00;Запросы;ШК;0;AUTO
ОСЦ Воронеж;Архив №1 Воронеж;PZ 002 000 00 00;Создание заявки на уничтожение вручную;-;00;Запросы;ШК;12,653;AUTO
ОСЦ Воронеж;Архив №3 Калининград;PZ 002 000 00 00;Создание заявки на уничтожение вручную;-;00;Запросы;ШК;10,105;AUTO
ОСЦ Воронеж;Архив №4 Санкт-Петербург;PZ 002 000 00 00;Создание заявки на уничтожение вручную;-;00;Запросы;ШК;8,264;AUTO
ОСЦ Москва;Вне подразделений;PZ 002 000 00 00;Создание заявки на уничтожение вручную;-;00;Запросы;ШК;0;AUTO
ОСЦ Москва;Архив №1 Томилино;PZ 002 000 00 00;Создание заявки на уничтожение вручную;-;00;Запросы;ШК;13,045;AUTO
ОСЦ Нижний Новгород;Вне подразделений;PZ 002 000 00 00;Создание заявки на уничтожение вручную;-;00;Запросы;ШК;0;AUTO
ОСЦ Нижний Новгород;Архив №1 Нижний Новгород;PZ 002 000 00 00;Создание заявки на уничтожение вручную;-;00;Запросы;ШК;12;AUTO
ОСЦ Новосибирск;Вне подразделений;PZ 002 000 00 00;Создание заявки на уничтожение вручную;-;00;Запросы;ШК;0;AUTO
ОСЦ Новосибирск;Архив №1 Новосибирск;PZ 002 000 00 00;Создание заявки на уничтожение вручную;-;00;Запросы;ШК;13,8;AUTO
ОСЦ Новосибирск;Архив №3 Екатеринбург;PZ 002 000 00 00;Создание заявки на уничтожение вручную;-;00;Запросы;ШК;13,617;AUTO
ОСЦ Самара;Вне подразделений;PZ 002 000 00 00;Создание заявки на уничтожение вручную;-;00;Запросы;ШК;0;AUTO
ОСЦ Самара;Архив №1 Самара;PZ 002 000 00 00;Создание заявки на уничтожение вручную;-;00;Запросы;ШК;10,651;AUTO
ОСЦ Воронеж;Вне подразделений;SZ 188 000 00 00;Перенос сроков исполнения запросов в АС ЦАРС;-;00;Запросы;заявка;0;RUCH
ОСЦ Воронеж;Архив №1 Воронеж;SZ 188 000 00 00;Перенос сроков исполнения запросов в АС ЦАРС;-;00;Запросы;заявка;16,5;RUCH
ОСЦ Воронеж;Архив №3 Калининград;SZ 188 000 00 00;Перенос сроков исполнения запросов в АС ЦАРС;-;00;Запросы;заявка;19,776;RUCH
ОСЦ Воронеж;Архив №4 Санкт-Петербург;SZ 188 000 00 00;Перенос сроков исполнения запросов в АС ЦАРС;-;00;Запросы;заявка;19,255;RUCH
ОСЦ Москва;Вне подразделений;SZ 188 000 00 00;Перенос сроков исполнения запросов в АС ЦАРС;-;00;Запросы;заявка;0;RUCH
ОСЦ Москва;Архив №1 Томилино;SZ 188 000 00 00;Перенос сроков исполнения запросов в АС ЦАРС;-;00;Запросы;заявка;18,8;RUCH
ОСЦ Нижний Новгород;Вне подразделений;SZ 188 000 00 00;Перенос сроков исполнения запросов в АС ЦАРС;-;00;Запросы;заявка;0;RUCH
ОСЦ Нижний Новгород;Архив №1 Нижний Новгород;SZ 188 000 00 00;Перенос сроков исполнения запросов в АС ЦАРС;-;00;Запросы;заявка;17,7;RUCH
ОСЦ Новосибирск;Вне подразделений;SZ 188 000 00 00;Перенос сроков исполнения запросов в АС ЦАРС;-;00;Запросы;заявка;0;RUCH
ОСЦ Новосибирск;Архив №1 Новосибирск;SZ 188 000 00 00;Перенос сроков исполнения запросов в АС ЦАРС;-;00;Запросы;заявка;17,867;RUCH
ОСЦ Самара;Вне подразделений;SZ 188 000 00 00;Перенос сроков исполнения запросов в АС ЦАРС;-;00;Запросы;заявка;0;RUCH
ОСЦ Новосибирск;Архив №3 Екатеринбург;SZ 188 000 00 00;Перенос сроков исполнения запросов в АС ЦАРС;-;00;Запросы;заявка;17;RUCH
ОСЦ Самара;Архив №1 Самара;SZ 188 000 00 00;Перенос сроков исполнения запросов в АС ЦАРС;-;00;Запросы;заявка;18;RUCH
ОСЦ Воронеж;Вне подразделений;RG 0001 292 00 01;Регистрация по БП;Рег.;292;Регистрация;досье;0;AUTO
ОСЦ Воронеж;Вне подразделений;RG 0001 292 00 02;Регистрация по БП;ВСП;292;Регистрация;досье;0;AUTO
ОСЦ Воронеж;Вне подразделений;RG 0001 292 00 03;Регистрация по БП;ВРУК;292;Регистрация;досье;0;AUTO
ОСЦ Воронеж;Архив №1 Воронеж;RG 0001 292 00 03;Регистрация по БП;ВРУК;292;Регистрация;досье;77,626;AUTO
ОСЦ Воронеж;Архив №1 Воронеж;RG 0001 292 00 01;Регистрация по БП;Рег.;292;Регистрация;досье;27;AUTO
ОСЦ Воронеж;Архив №1 Воронеж;RG 0001 292 00 02;Регистрация по БП;ВСП;292;Регистрация;досье;7,701;AUTO
ОСЦ Воронеж;Архив №3 Калининград;RG 0001 292 00 01;Регистрация по БП;Рег.;292;Регистрация;досье;26,314;AUTO
ОСЦ Воронеж;Архив №3 Калининград;RG 0001 292 00 02;Регистрация по БП;ВСП;292;Регистрация;досье;7,267;AUTO
ОСЦ Воронеж;Архив №3 Калининград;RG 0001 292 00 03;Регистрация по БП;ВРУК;292;Регистрация;досье;80,595;AUTO
ОСЦ Воронеж;Архив №4 Санкт-Петербург;RG 0001 292 00 03;Регистрация по БП;ВРУК;292;Регистрация;досье;72,062;AUTO
ОСЦ Воронеж;Архив №4 Санкт-Петербург;RG 0001 292 00 02;Регистрация по БП;ВСП;292;Регистрация;досье;8,437;AUTO
ОСЦ Воронеж;Архив №4 Санкт-Петербург;RG 0001 292 00 01;Регистрация по БП;Рег.;292;Регистрация;досье;27,167;AUTO
ОСЦ Москва;Вне подразделений;RG 0001 292 00 01;Регистрация по БП;Рег.;292;Регистрация;досье;0;AUTO
ОСЦ Москва;Вне подразделений;RG 0001 292 00 02;Регистрация по БП;ВСП;292;Регистрация;досье;0;AUTO
ОСЦ Москва;Вне подразделений;RG 0001 292 00 03;Регистрация по БП;ВРУК;292;Регистрация;досье;0;AUTO
ОСЦ Москва;Архив №1 Томилино;RG 0001 292 00 01;Регистрация по БП;Рег.;292;Регистрация;досье;28,222;AUTO
ОСЦ Москва;Архив №1 Томилино;RG 0001 292 00 02;Регистрация по БП;ВСП;292;Регистрация;досье;7,389;AUTO
ОСЦ Москва;Архив №1 Томилино;RG 0001 292 00 03;Регистрация по БП;ВРУК;292;Регистрация;досье;73,583;AUTO
ОСЦ Нижний Новгород;Вне подразделений;RG 0001 292 00 01;Регистрация по БП;Рег.;292;Регистрация;досье;0;AUTO
ОСЦ Нижний Новгород;Вне подразделений;RG 0001 292 00 03;Регистрация по БП;ВРУК;292;Регистрация;досье;0;AUTO
ОСЦ Нижний Новгород;Вне подразделений;RG 0001 292 00 02;Регистрация по БП;ВСП;292;Регистрация;досье;0;AUTO
ОСЦ Нижний Новгород;Архив №1 Нижний Новгород;RG 0001 292 00 03;Регистрация по БП;ВРУК;292;Регистрация;досье;79,056;AUTO
ОСЦ Нижний Новгород;Архив №1 Нижний Новгород;RG 0001 292 00 01;Регистрация по БП;Рег.;292;Регистрация;досье;24,033;AUTO
ОСЦ Нижний Новгород;Архив №1 Нижний Новгород;RG 0001 292 00 02;Регистрация по БП;ВСП;292;Регистрация;досье;8,011;AUTO
ОСЦ Новосибирск;Вне подразделений;RG 0001 292 00 01;Регистрация по БП;Рег.;292;Регистрация;досье;0;AUTO
ОСЦ Новосибирск;Вне подразделений;RG 0001 292 00 02;Регистрация по БП;ВСП;292;Регистрация;досье;0;AUTO
ОСЦ Новосибирск;Вне подразделений;RG 0001 292 00 03;Регистрация по БП;ВРУК;292;Регистрация;досье;0;AUTO
ОСЦ Новосибирск;Архив №1 Новосибирск;RG 0001 292 00 03;Регистрация по БП;ВРУК;292;Регистрация;досье;80,277;AUTO
ОСЦ Новосибирск;Архив №1 Новосибирск;RG 0001 292 00 01;Регистрация по БП;Рег.;292;Регистрация;досье;28,005;AUTO
ОСЦ Новосибирск;Архив №1 Новосибирск;RG 0001 292 00 02;Регистрация по БП;ВСП;292;Регистрация;досье;8,235;AUTO
ОСЦ Самара;Вне подразделений;RG 0001 292 00 01;Регистрация по БП;Рег.;292;Регистрация;досье;0;AUTO
ОСЦ Самара;Вне подразделений;RG 0001 292 00 02;Регистрация по БП;ВСП;292;Регистрация;досье;0;AUTO
ОСЦ Самара;Вне подразделений;RG 0001 292 00 03;Регистрация по БП;ВРУК;292;Регистрация;досье;0;AUTO
ОСЦ Новосибирск;Архив №3 Екатеринбург;RG 0001 292 00 01;Регистрация по БП;Рег.;292;Регистрация;досье;24,1;AUTO
ОСЦ Новосибирск;Архив №3 Екатеринбург;RG 0001 292 00 02;Регистрация по БП;ВСП;292;Регистрация;досье;7,7;AUTO
ОСЦ Новосибирск;Архив №3 Екатеринбург;RG 0001 292 00 03;Регистрация по БП;ВРУК;292;Регистрация;досье;78,033;AUTO
ОСЦ Самара;Архив №1 Самара;RG 0001 292 00 01;Регистрация по БП;Рег.;292;Регистрация;досье;25,632;AUTO
ОСЦ Самара;Архив №1 Самара;RG 0001 292 00 02;Регистрация по БП;ВСП;292;Регистрация;досье;8,747;AUTO
ОСЦ Самара;Архив №1 Самара;RG 0001 292 00 03;Регистрация по БП;ВРУК;292;Регистрация;досье;77,833;AUTO
ОСЦ Воронеж;Вне подразделений;CP 0047 000 00 02;Перемаркировка ЕХ ист.фонда ДВА;-;00;Регистрация;Документ;0;AUTO
ОСЦ Воронеж;Архив №1 Воронеж;CP 0047 000 00 02;Перемаркировка ЕХ ист.фонда ДВА;-;00;Регистрация;Документ;63,22;AUTO
ОСЦ Воронеж;Архив №3 Калининград;CP 0047 000 00 02;Перемаркировка ЕХ ист.фонда ДВА;-;00;Регистрация;Документ;72,957;AUTO
ОСЦ Воронеж;Архив №4 Санкт-Петербург;CP 0047 000 00 02;Перемаркировка ЕХ ист.фонда ДВА;-;00;Регистрация;Документ;72,37;AUTO
ОСЦ Москва;Вне подразделений;CP 0047 000 00 02;Перемаркировка ЕХ ист.фонда ДВА;-;00;Регистрация;Документ;0;AUTO
ОСЦ Москва;Архив №1 Томилино;CP 0047 000 00 02;Перемаркировка ЕХ ист.фонда ДВА;-;00;Регистрация;Документ;69,876;AUTO
ОСЦ Нижний Новгород;Вне подразделений;CP 0047 000 00 02;Перемаркировка ЕХ ист.фонда ДВА;-;00;Регистрация;Документ;0;AUTO
ОСЦ Нижний Новгород;Архив №1 Нижний Новгород;CP 0047 000 00 02;Перемаркировка ЕХ ист.фонда ДВА;-;00;Регистрация;Документ;63,233;AUTO
ОСЦ Новосибирск;Вне подразделений;CP 0047 000 00 02;Перемаркировка ЕХ ист.фонда ДВА;-;00;Регистрация;Документ;0;AUTO
ОСЦ Новосибирск;Архив №1 Новосибирск;CP 0047 000 00 02;Перемаркировка ЕХ ист.фонда ДВА;-;00;Регистрация;Документ;72,471;AUTO
ОСЦ Самара;Вне подразделений;CP 0047 000 00 02;Перемаркировка ЕХ ист.фонда ДВА;-;00;Регистрация;Документ;0;AUTO
ОСЦ Новосибирск;Архив №3 Екатеринбург;CP 0047 000 00 02;Перемаркировка ЕХ ист.фонда ДВА;-;00;Регистрация;Документ;72,245;AUTO
ОСЦ Самара;Архив №1 Самара;CP 0047 000 00 02;Перемаркировка ЕХ ист.фонда ДВА;-;00;Регистрация;Документ;72,52;AUTO
ОСЦ Воронеж;Вне подразделений;CP 0148 000 00 01;Проект_Перерегистрация в АС ЦАРС документов исторического фонда ДВА;-;00;Проекты;Документ;0;AUTO
ОСЦ Воронеж;Архив №1 Воронеж;CP 0148 000 00 01;Проект_Перерегистрация в АС ЦАРС документов исторического фонда ДВА;-;00;Проекты;Документ;76,421;AUTO
ОСЦ Воронеж;Архив №3 Калининград;CP 0148 000 00 01;Проект_Перерегистрация в АС ЦАРС документов исторического фонда ДВА;-;00;Проекты;Документ;72,491;AUTO
ОСЦ Воронеж;Архив №4 Санкт-Петербург;CP 0148 000 00 01;Проект_Перерегистрация в АС ЦАРС документов исторического фонда ДВА;-;00;Проекты;Документ;75,754;AUTO
ОСЦ Москва;Вне подразделений;CP 0148 000 00 01;Проект_Перерегистрация в АС ЦАРС документов исторического фонда ДВА;-;00;Проекты;Документ;0;AUTO
ОСЦ Москва;Архив №1 Томилино;CP 0148 000 00 01;Проект_Перерегистрация в АС ЦАРС документов исторического фонда ДВА;-;00;Проекты;Документ;85,174;AUTO
ОСЦ Нижний Новгород;Вне подразделений;CP 0148 000 00 01;Проект_Перерегистрация в АС ЦАРС документов исторического фонда ДВА;-;00;Проекты;Документ;0;AUTO
ОСЦ Нижний Новгород;Архив №1 Нижний Новгород;CP 0148 000 00 01;Проект_Перерегистрация в АС ЦАРС документов исторического фонда ДВА;-;00;Проекты;Документ;72,639;AUTO
ОСЦ Новосибирск;Вне подразделений;CP 0148 000 00 01;Проект_Перерегистрация в АС ЦАРС документов исторического фонда ДВА;-;00;Проекты;Документ;0;AUTO
ОСЦ Новосибирск;Архив №1 Новосибирск;CP 0148 000 00 01;Проект_Перерегистрация в АС ЦАРС документов исторического фонда ДВА;-;00;Проекты;Документ;83,429;AUTO
ОСЦ Самара;Вне подразделений;CP 0148 000 00 01;Проект_Перерегистрация в АС ЦАРС документов исторического фонда ДВА;-;00;Проекты;Документ;0;AUTO
ОСЦ Новосибирск;Архив №3 Екатеринбург;CP 0148 000 00 01;Проект_Перерегистрация в АС ЦАРС документов исторического фонда ДВА;-;00;Проекты;Документ;84,848;AUTO
ОСЦ Самара;Архив №1 Самара;CP 0148 000 00 01;Проект_Перерегистрация в АС ЦАРС документов исторического фонда ДВА;-;00;Проекты;Документ;85,023;AUTO
ОСЦ Воронеж;Вне подразделений;RS 001 000 00 01;Подготовка файлов для создания заявки роботом;-;00;Запросы;строка;0;AUTO
ОСЦ Воронеж;Архив №1 Воронеж;RS 001 000 00 01;Подготовка файлов для создания заявки роботом;-;00;Запросы;строка;1,501;AUTO
ОСЦ Воронеж;Архив №3 Калининград;RS 001 000 00 01;Подготовка файлов для создания заявки роботом;-;00;Запросы;строка;0,785;AUTO
ОСЦ Воронеж;Архив №4 Санкт-Петербург;RS 001 000 00 01;Подготовка файлов для создания заявки роботом;-;00;Запросы;строка;0,85;AUTO
ОСЦ Москва;Вне подразделений;RS 001 000 00 01;Подготовка файлов для создания заявки роботом;-;00;Запросы;строка;0;AUTO
ОСЦ Москва;Архив №1 Томилино;RS 001 000 00 01;Подготовка файлов для создания заявки роботом;-;00;Запросы;строка;1,391;AUTO
ОСЦ Нижний Новгород;Вне подразделений;RS 001 000 00 01;Подготовка файлов для создания заявки роботом;-;00;Запросы;строка;0;AUTO
ОСЦ Нижний Новгород;Архив №1 Нижний Новгород;RS 001 000 00 01;Подготовка файлов для создания заявки роботом;-;00;Запросы;строка;1,126;AUTO
ОСЦ Новосибирск;Вне подразделений;RS 001 000 00 01;Подготовка файлов для создания заявки роботом;-;00;Запросы;строка;0;AUTO
ОСЦ Новосибирск;Архив №1 Новосибирск;RS 001 000 00 01;Подготовка файлов для создания заявки роботом;-;00;Запросы;строка;1,339;AUTO
ОСЦ Самара;Вне подразделений;RS 001 000 00 01;Подготовка файлов для создания заявки роботом;-;00;Запросы;строка;0;AUTO
ОСЦ Новосибирск;Архив №3 Екатеринбург;RS 001 000 00 01;Подготовка файлов для создания заявки роботом;-;00;Запросы;строка;1,382;AUTO
ОСЦ Самара;Архив №1 Самара;RS 001 000 00 01;Подготовка файлов для создания заявки роботом;-;00;Запросы;строка;0,701;AUTO
ОСЦ Воронеж;Архив №1 Воронеж;SL 111 000 00 00;Выдача и возврат на хранение по запросу короба с документами ЗД (кроме ААХ);-;00;Логистика;АК;0;RUCH
ОСЦ Воронеж;Архив №3 Калининград;SL 111 000 00 00;Выдача и возврат на хранение по запросу короба с документами ЗД (кроме ААХ);-;00;Логистика;АК;192;RUCH
ОСЦ Воронеж;Архив №4 Санкт-Петербург;SL 111 000 00 00;Выдача и возврат на хранение по запросу короба с документами ЗД (кроме ААХ);-;00;Логистика;АК;192;RUCH
ОСЦ Москва;Архив №1 Томилино;SL 111 000 00 00;Выдача и возврат на хранение по запросу короба с документами ЗД (кроме ААХ);-;00;Логистика;АК;153,6;RUCH
ОСЦ Нижний Новгород;Архив №1 Нижний Новгород;SL 111 000 00 00;Выдача и возврат на хранение по запросу короба с документами ЗД (кроме ААХ);-;00;Логистика;АК;192;RUCH
ОСЦ Новосибирск;Архив №1 Новосибирск;SL 111 000 00 00;Выдача и возврат на хранение по запросу короба с документами ЗД (кроме ААХ);-;00;Логистика;АК;192;RUCH
ОСЦ Новосибирск;Архив №3 Екатеринбург;SL 111 000 00 00;Выдача и возврат на хранение по запросу короба с документами ЗД (кроме ААХ);-;00;Логистика;АК;240;RUCH
ОСЦ Самара;Архив №1 Самара;SL 111 000 00 00;Выдача и возврат на хранение по запросу короба с документами ЗД (кроме ААХ);-;00;Логистика;АК;192;RUCH
ОСЦ Воронеж;Архив №1 Воронеж;SL 113 000 00 00;Занесение в таблицу соответствий ШК АК и ОСГ (пломба);-;00;Логистика;АК;46;RUCH
ОСЦ Воронеж;Архив №3 Калининград;SL 113 000 00 00;Занесение в таблицу соответствий ШК АК и ОСГ (пломба);-;00;Логистика;АК;0;RUCH
ОСЦ Воронеж;Архив №4 Санкт-Петербург;SL 113 000 00 00;Занесение в таблицу соответствий ШК АК и ОСГ (пломба);-;00;Логистика;АК;0;RUCH
ОСЦ Москва;Архив №1 Томилино;SL 113 000 00 00;Занесение в таблицу соответствий ШК АК и ОСГ (пломба);-;00;Логистика;АК;0;RUCH
ОСЦ Нижний Новгород;Архив №1 Нижний Новгород;SL 113 000 00 00;Занесение в таблицу соответствий ШК АК и ОСГ (пломба);-;00;Логистика;АК;0;RUCH
ОСЦ Новосибирск;Архив №1 Новосибирск;SL 113 000 00 00;Занесение в таблицу соответствий ШК АК и ОСГ (пломба);-;00;Логистика;АК;46;RUCH
ОСЦ Новосибирск;Архив №3 Екатеринбург;SL 113 000 00 00;Занесение в таблицу соответствий ШК АК и ОСГ (пломба);-;00;Логистика;АК;0;RUCH
ОСЦ Самара;Архив №1 Самара;SL 113 000 00 00;Занесение в таблицу соответствий ШК АК и ОСГ (пломба);-;00;Логистика;АК;46;RUCH
ОСЦ Воронеж;Архив №1 Воронеж;SL 114 000 00 00;Обработка ошибок на NIO станции (ААХ);-;00;Логистика;АК;46;RUCH
ОСЦ Воронеж;Архив №3 Калининград;SL 114 000 00 00;Обработка ошибок на NIO станции (ААХ);-;00;Логистика;АК;0;RUCH
ОСЦ Воронеж;Архив №4 Санкт-Петербург;SL 114 000 00 00;Обработка ошибок на NIO станции (ААХ);-;00;Логистика;АК;0;RUCH
ОСЦ Москва;Архив №1 Томилино;SL 114 000 00 00;Обработка ошибок на NIO станции (ААХ);-;00;Логистика;АК;69;RUCH
ОСЦ Нижний Новгород;Архив №1 Нижний Новгород;SL 114 000 00 00;Обработка ошибок на NIO станции (ААХ);-;00;Логистика;АК;80;RUCH
ОСЦ Новосибирск;Архив №1 Новосибирск;SL 114 000 00 00;Обработка ошибок на NIO станции (ААХ);-;00;Логистика;АК;46;RUCH
ОСЦ Новосибирск;Архив №3 Екатеринбург;SL 114 000 00 00;Обработка ошибок на NIO станции (ААХ);-;00;Логистика;АК;0;RUCH
ОСЦ Самара;Архив №1 Самара;SL 114 000 00 00;Обработка ошибок на NIO станции (ААХ);-;00;Логистика;АК;80;RUCH
ОСЦ Воронеж;Архив №1 Воронеж;SL 110 000 00 00;Подбор АК по Актам на уничтожение документов ЗД (кроме ААХ);-;00;Логистика;АК;38;RUCH
ОСЦ Воронеж;Архив №3 Калининград;SL 110 000 00 00;Подбор АК по Актам на уничтожение документов ЗД (кроме ААХ);-;00;Логистика;АК;38;RUCH
ОСЦ Воронеж;Архив №4 Санкт-Петербург;SL 110 000 00 00;Подбор АК по Актам на уничтожение документов ЗД (кроме ААХ);-;00;Логистика;АК;38;RUCH
ОСЦ Москва;Архив №1 Томилино;SL 110 000 00 00;Подбор АК по Актам на уничтожение документов ЗД (кроме ААХ);-;00;Логистика;АК;38;RUCH
ОСЦ Нижний Новгород;Архив №1 Нижний Новгород;SL 110 000 00 00;Подбор АК по Актам на уничтожение документов ЗД (кроме ААХ);-;00;Логистика;АК;38;RUCH
ОСЦ Новосибирск;Архив №1 Новосибирск;SL 110 000 00 00;Подбор АК по Актам на уничтожение документов ЗД (кроме ААХ);-;00;Логистика;АК;38;RUCH
ОСЦ Новосибирск;Архив №3 Екатеринбург;SL 110 000 00 00;Подбор АК по Актам на уничтожение документов ЗД (кроме ААХ);-;00;Логистика;АК;38;RUCH
ОСЦ Самара;Архив №1 Самара;SL 110 000 00 00;Подбор АК по Актам на уничтожение документов ЗД (кроме ААХ);-;00;Логистика;АК;38;RUCH
ОСЦ Воронеж;Архив №1 Воронеж;SL 112 000 00 00;Размещение/изъятие временных коробов/диски ДЭВ/коробов ответственного хранения;-;00;Логистика;АК;46;RUCH
ОСЦ Воронеж;Архив №3 Калининград;SL 112 000 00 00;Размещение/изъятие временных коробов/диски ДЭВ/коробов ответственного хранения;-;00;Логистика;АК;46;RUCH
ОСЦ Воронеж;Архив №4 Санкт-Петербург;SL 112 000 00 00;Размещение/изъятие временных коробов/диски ДЭВ/коробов ответственного хранения;-;00;Логистика;АК;46;RUCH
ОСЦ Москва;Архив №1 Томилино;SL 112 000 00 00;Размещение/изъятие временных коробов/диски ДЭВ/коробов ответственного хранения;-;00;Логистика;АК;36,8;RUCH
ОСЦ Нижний Новгород;Архив №1 Нижний Новгород;SL 112 000 00 00;Размещение/изъятие временных коробов/диски ДЭВ/коробов ответственного хранения;-;00;Логистика;АК;46;RUCH
ОСЦ Новосибирск;Архив №1 Новосибирск;SL 112 000 00 00;Размещение/изъятие временных коробов/диски ДЭВ/коробов ответственного хранения;-;00;Логистика;АК;46;RUCH
ОСЦ Новосибирск;Архив №3 Екатеринбург;SL 112 000 00 00;Размещение/изъятие временных коробов/диски ДЭВ/коробов ответственного хранения;-;00;Логистика;АК;46;RUCH
ОСЦ Самара;Архив №1 Самара;SL 112 000 00 00;Размещение/изъятие временных коробов/диски ДЭВ/коробов ответственного хранения;-;00;Логистика;АК;46;RUCH
ОСЦ Воронеж;Вне подразделений;ZZ 002 000 00 00;Прием и анализ глобальной заявки;-;00;Запросы;заявка;0;AUTO
ОСЦ Воронеж;Архив №1 Воронеж;ZZ 002 000 00 00;Прием и анализ глобальной заявки;-;00;Запросы;заявка;0;AUTO
ОСЦ Воронеж;Архив №3 Калининград;ZZ 002 000 00 00;Прием и анализ глобальной заявки;-;00;Запросы;заявка;0;AUTO
ОСЦ Воронеж;Архив №4 Санкт-Петербург;ZZ 002 000 00 00;Прием и анализ глобальной заявки;-;00;Запросы;заявка;0;AUTO
ОСЦ Москва;Вне подразделений;ZZ 002 000 00 00;Прием и анализ глобальной заявки;-;00;Запросы;заявка;0;AUTO
ОСЦ Москва;Архив №1 Томилино;ZZ 002 000 00 00;Прием и анализ глобальной заявки;-;00;Запросы;заявка;0;AUTO
ОСЦ Нижний Новгород;Вне подразделений;ZZ 002 000 00 00;Прием и анализ глобальной заявки;-;00;Запросы;заявка;0;AUTO
ОСЦ Нижний Новгород;Архив №1 Нижний Новгород;ZZ 002 000 00 00;Прием и анализ глобальной заявки;-;00;Запросы;заявка;98,5;AUTO
ОСЦ Новосибирск;Вне подразделений;ZZ 002 000 00 00;Прием и анализ глобальной заявки;-;00;Запросы;заявка;0;AUTO
ОСЦ Новосибирск;Архив №1 Новосибирск;ZZ 002 000 00 00;Прием и анализ глобальной заявки;-;00;Запросы;заявка;93,164;AUTO
ОСЦ Самара;Вне подразделений;ZZ 002 000 00 00;Прием и анализ глобальной заявки;-;00;Запросы;заявка;0;AUTO
ОСЦ Новосибирск;Архив №3 Екатеринбург;ZZ 002 000 00 00;Прием и анализ глобальной заявки;-;00;Запросы;заявка;0;AUTO
ОСЦ Самара;Архив №1 Самара;ZZ 002 000 00 00;Прием и анализ глобальной заявки;-;00;Запросы;заявка;0;AUTO
ОСЦ Воронеж;Вне подразделений;ZZ 003 000 00 01;Создание внутренней заявки для исполнения;-;00;Запросы;заявка;0;AUTO
ОСЦ Воронеж;Архив №1 Воронеж;ZZ 003 000 00 01;Создание внутренней заявки для исполнения;-;00;Запросы;заявка;60,071;AUTO
ОСЦ Воронеж;Архив №3 Калининград;ZZ 003 000 00 01;Создание внутренней заявки для исполнения;-;00;Запросы;заявка;65,667;AUTO
ОСЦ Воронеж;Архив №4 Санкт-Петербург;ZZ 003 000 00 01;Создание внутренней заявки для исполнения;-;00;Запросы;заявка;45,133;AUTO
ОСЦ Москва;Вне подразделений;ZZ 003 000 00 01;Создание внутренней заявки для исполнения;-;00;Запросы;заявка;0;AUTO
ОСЦ Москва;Архив №1 Томилино;ZZ 003 000 00 01;Создание внутренней заявки для исполнения;-;00;Запросы;заявка;65,178;AUTO
ОСЦ Нижний Новгород;Вне подразделений;ZZ 003 000 00 01;Создание внутренней заявки для исполнения;-;00;Запросы;заявка;0;AUTO
ОСЦ Нижний Новгород;Архив №1 Нижний Новгород;ZZ 003 000 00 01;Создание внутренней заявки для исполнения;-;00;Запросы;заявка;50,125;AUTO
ОСЦ Новосибирск;Вне подразделений;ZZ 003 000 00 01;Создание внутренней заявки для исполнения;-;00;Запросы;заявка;0;AUTO
ОСЦ Новосибирск;Архив №1 Новосибирск;ZZ 003 000 00 01;Создание внутренней заявки для исполнения;-;00;Запросы;заявка;69,8;AUTO
ОСЦ Самара;Вне подразделений;ZZ 003 000 00 01;Создание внутренней заявки для исполнения;-;00;Запросы;заявка;0;AUTO
ОСЦ Новосибирск;Архив №3 Екатеринбург;ZZ 003 000 00 01;Создание внутренней заявки для исполнения;-;00;Запросы;заявка;65,933;AUTO
ОСЦ Самара;Архив №1 Самара;ZZ 003 000 00 01;Создание внутренней заявки для исполнения;-;00;Запросы;заявка;50;AUTO
ОСЦ Воронеж;Вне подразделений;ZZ 003 000 00 02;Создание внутренней заявки для исполнения (для закрытия при недостаточности реквизитов);-;00;Запросы;заявка;0;AUTO
ОСЦ Воронеж;Архив №1 Воронеж;ZZ 003 000 00 02;Создание внутренней заявки для исполнения (для закрытия при недостаточности реквизитов);-;00;Запросы;заявка;0;AUTO
ОСЦ Воронеж;Архив №3 Калининград;ZZ 003 000 00 02;Создание внутренней заявки для исполнения (для закрытия при недостаточности реквизитов);-;00;Запросы;заявка;0;AUTO
ОСЦ Воронеж;Архив №4 Санкт-Петербург;ZZ 003 000 00 02;Создание внутренней заявки для исполнения (для закрытия при недостаточности реквизитов);-;00;Запросы;заявка;0;AUTO
ОСЦ Москва;Вне подразделений;ZZ 003 000 00 02;Создание внутренней заявки для исполнения (для закрытия при недостаточности реквизитов);-;00;Запросы;заявка;0;AUTO
ОСЦ Москва;Архив №1 Томилино;ZZ 003 000 00 02;Создание внутренней заявки для исполнения (для закрытия при недостаточности реквизитов);-;00;Запросы;заявка;0;AUTO
ОСЦ Нижний Новгород;Вне подразделений;ZZ 003 000 00 02;Создание внутренней заявки для исполнения (для закрытия при недостаточности реквизитов);-;00;Запросы;заявка;0;AUTO
ОСЦ Нижний Новгород;Архив №1 Нижний Новгород;ZZ 003 000 00 02;Создание внутренней заявки для исполнения (для закрытия при недостаточности реквизитов);-;00;Запросы;заявка;45,2;AUTO
ОСЦ Новосибирск;Вне подразделений;ZZ 003 000 00 02;Создание внутренней заявки для исполнения (для закрытия при недостаточности реквизитов);-;00;Запросы;заявка;0;AUTO
ОСЦ Новосибирск;Архив №1 Новосибирск;ZZ 003 000 00 02;Создание внутренней заявки для исполнения (для закрытия при недостаточности реквизитов);-;00;Запросы;заявка;44;AUTO
ОСЦ Самара;Вне подразделений;ZZ 003 000 00 02;Создание внутренней заявки для исполнения (для закрытия при недостаточности реквизитов);-;00;Запросы;заявка;0;AUTO
ОСЦ Новосибирск;Архив №3 Екатеринбург;ZZ 003 000 00 02;Создание внутренней заявки для исполнения (для закрытия при недостаточности реквизитов);-;00;Запросы;заявка;0;AUTO
ОСЦ Самара;Архив №1 Самара;ZZ 003 000 00 02;Создание внутренней заявки для исполнения (для закрытия при недостаточности реквизитов);-;00;Запросы;заявка;0;AUTO
ОСЦ Воронеж;Вне подразделений;KI 000 000 00 01;Прием обработка и исполнение заявки на короба с испол.документами;-;00;Запросы;короб;0;AUTO
ОСЦ Воронеж;Архив №1 Воронеж;KI 000 000 00 01;Прием обработка и исполнение заявки на короба с испол.документами;-;00;Запросы;короб;0;AUTO
ОСЦ Воронеж;Архив №3 Калининград;KI 000 000 00 01;Прием обработка и исполнение заявки на короба с испол.документами;-;00;Запросы;короб;0;AUTO
ОСЦ Воронеж;Архив №4 Санкт-Петербург;KI 000 000 00 01;Прием обработка и исполнение заявки на короба с испол.документами;-;00;Запросы;короб;52,075;AUTO
ОСЦ Москва;Вне подразделений;KI 000 000 00 01;Прием обработка и исполнение заявки на короба с испол.документами;-;00;Запросы;короб;0;AUTO
ОСЦ Москва;Архив №1 Томилино;KI 000 000 00 01;Прием обработка и исполнение заявки на короба с испол.документами;-;00;Запросы;короб;0;AUTO
ОСЦ Нижний Новгород;Вне подразделений;KI 000 000 00 01;Прием обработка и исполнение заявки на короба с испол.документами;-;00;Запросы;короб;0;AUTO
ОСЦ Нижний Новгород;Архив №1 Нижний Новгород;KI 000 000 00 01;Прием обработка и исполнение заявки на короба с испол.документами;-;00;Запросы;короб;0;AUTO
ОСЦ Новосибирск;Вне подразделений;KI 000 000 00 01;Прием обработка и исполнение заявки на короба с испол.документами;-;00;Запросы;короб;0;AUTO
ОСЦ Новосибирск;Архив №1 Новосибирск;KI 000 000 00 01;Прием обработка и исполнение заявки на короба с испол.документами;-;00;Запросы;короб;0;AUTO
ОСЦ Самара;Вне подразделений;KI 000 000 00 01;Прием обработка и исполнение заявки на короба с испол.документами;-;00;Запросы;короб;0;AUTO
ОСЦ Новосибирск;Архив №3 Екатеринбург;KI 000 000 00 01;Прием обработка и исполнение заявки на короба с испол.документами;-;00;Запросы;короб;52,475;AUTO
ОСЦ Самара;Архив №1 Самара;KI 000 000 00 01;Прием обработка и исполнение заявки на короба с испол.документами;-;00;Запросы;короб;0;AUTO
ОСЦ Воронеж;Вне подразделений;SZ 206 000 00 00;Прием отработанных коробов с исполнительными документами из УСТЗП;-;00;Запросы;короб;0;RUCH
ОСЦ Воронеж;Архив №1 Воронеж;SZ 206 000 00 00;Прием отработанных коробов с исполнительными документами из УСТЗП;-;00;Запросы;короб;0;RUCH
ОСЦ Воронеж;Архив №3 Калининград;SZ 206 000 00 00;Прием отработанных коробов с исполнительными документами из УСТЗП;-;00;Запросы;короб;0;RUCH
ОСЦ Воронеж;Архив №4 Санкт-Петербург;SZ 206 000 00 00;Прием отработанных коробов с исполнительными документами из УСТЗП;-;00;Запросы;короб;10,498;RUCH
ОСЦ Москва;Вне подразделений;SZ 206 000 00 00;Прием отработанных коробов с исполнительными документами из УСТЗП;-;00;Запросы;короб;0;RUCH
ОСЦ Москва;Архив №1 Томилино;SZ 206 000 00 00;Прием отработанных коробов с исполнительными документами из УСТЗП;-;00;Запросы;короб;0;RUCH
ОСЦ Нижний Новгород;Вне подразделений;SZ 206 000 00 00;Прием отработанных коробов с исполнительными документами из УСТЗП;-;00;Запросы;короб;0;RUCH
ОСЦ Нижний Новгород;Архив №1 Нижний Новгород;SZ 206 000 00 00;Прием отработанных коробов с исполнительными документами из УСТЗП;-;00;Запросы;короб;0;RUCH
ОСЦ Новосибирск;Вне подразделений;SZ 206 000 00 00;Прием отработанных коробов с исполнительными документами из УСТЗП;-;00;Запросы;короб;0;RUCH
ОСЦ Новосибирск;Архив №1 Новосибирск;SZ 206 000 00 00;Прием отработанных коробов с исполнительными документами из УСТЗП;-;00;Запросы;короб;0;RUCH
ОСЦ Самара;Вне подразделений;SZ 206 000 00 00;Прием отработанных коробов с исполнительными документами из УСТЗП;-;00;Запросы;короб;0;RUCH
ОСЦ Новосибирск;Архив №3 Екатеринбург;SZ 206 000 00 00;Прием отработанных коробов с исполнительными документами из УСТЗП;-;00;Запросы;короб;10,433;RUCH
ОСЦ Самара;Архив №1 Самара;SZ 206 000 00 00;Прием отработанных коробов с исполнительными документами из УСТЗП;-;00;Запросы;короб;0;RUCH
ОСЦ Воронеж;Вне подразделений;RS 149 000 00 00;Привязка электронного документа вручную к существующему в АС ЦАРС договору;;00;Регистрация;документ;0;AUTO
ОСЦ Воронеж;Архив №1 Воронеж;RS 149 000 00 00;Привязка электронного документа вручную к существующему в АС ЦАРС договору;;00;Регистрация;документ;143,676;AUTO
ОСЦ Воронеж;Архив №3 Калининград;RS 149 000 00 00;Привязка электронного документа вручную к существующему в АС ЦАРС договору;;00;Регистрация;документ;130,933;AUTO
ОСЦ Воронеж;Архив №4 Санкт-Петербург;RS 149 000 00 00;Привязка электронного документа вручную к существующему в АС ЦАРС договору;;00;Регистрация;документ;143,033;AUTO
ОСЦ Москва;Вне подразделений;RS 149 000 00 00;Привязка электронного документа вручную к существующему в АС ЦАРС договору;;00;Регистрация;документ;0;AUTO
ОСЦ Москва;Архив №1 Томилино;RS 149 000 00 00;Привязка электронного документа вручную к существующему в АС ЦАРС договору;;00;Регистрация;документ;124,833;AUTO
ОСЦ Нижний Новгород;Вне подразделений;RS 149 000 00 00;Привязка электронного документа вручную к существующему в АС ЦАРС договору;;00;Регистрация;документ;0;AUTO
ОСЦ Нижний Новгород;Архив №1 Нижний Новгород;RS 149 000 00 00;Привязка электронного документа вручную к существующему в АС ЦАРС договору;;00;Регистрация;документ;127,429;AUTO
ОСЦ Новосибирск;Вне подразделений;RS 149 000 00 00;Привязка электронного документа вручную к существующему в АС ЦАРС договору;;00;Регистрация;документ;0;AUTO
ОСЦ Новосибирск;Архив №1 Новосибирск;RS 149 000 00 00;Привязка электронного документа вручную к существующему в АС ЦАРС договору;;00;Регистрация;документ;136,769;AUTO
ОСЦ Самара;Вне подразделений;RS 149 000 00 00;Привязка электронного документа вручную к существующему в АС ЦАРС договору;;00;Регистрация;документ;0;AUTO
ОСЦ Новосибирск;Архив №3 Екатеринбург;RS 149 000 00 00;Привязка электронного документа вручную к существующему в АС ЦАРС договору;;00;Регистрация;документ;131,119;AUTO
ОСЦ Самара;Архив №1 Самара;RS 149 000 00 00;Привязка электронного документа вручную к существующему в АС ЦАРС договору;;00;Регистрация;документ;121,419;AUTO
ОСЦ Воронеж;Вне подразделений;RS 147 000 00 00;Создание новой записи договора клиента в АС ЦАРС через ?Ручной учёт?;;00;Регистрация;запись;0;AUTO
ОСЦ Воронеж;Архив №1 Воронеж;RS 147 000 00 00;Создание новой записи договора клиента в АС ЦАРС через ?Ручной учёт?;;00;Регистрация;запись;0;AUTO
ОСЦ Воронеж;Архив №3 Калининград;RS 147 000 00 00;Создание новой записи договора клиента в АС ЦАРС через ?Ручной учёт?;;00;Регистрация;запись;60,233;AUTO
ОСЦ Воронеж;Архив №4 Санкт-Петербург;RS 147 000 00 00;Создание новой записи договора клиента в АС ЦАРС через ?Ручной учёт?;;00;Регистрация;запись;0;AUTO
ОСЦ Москва;Вне подразделений;RS 147 000 00 00;Создание новой записи договора клиента в АС ЦАРС через ?Ручной учёт?;;00;Регистрация;запись;0;AUTO
ОСЦ Москва;Архив №1 Томилино;RS 147 000 00 00;Создание новой записи договора клиента в АС ЦАРС через ?Ручной учёт?;;00;Регистрация;запись;0;AUTO
ОСЦ Нижний Новгород;Вне подразделений;RS 147 000 00 00;Создание новой записи договора клиента в АС ЦАРС через ?Ручной учёт?;;00;Регистрация;запись;0;AUTO
ОСЦ Нижний Новгород;Архив №1 Нижний Новгород;RS 147 000 00 00;Создание новой записи договора клиента в АС ЦАРС через ?Ручной учёт?;;00;Регистрация;запись;60,3;AUTO
ОСЦ Новосибирск;Вне подразделений;RS 147 000 00 00;Создание новой записи договора клиента в АС ЦАРС через ?Ручной учёт?;;00;Регистрация;запись;0;AUTO
ОСЦ Новосибирск;Архив №1 Новосибирск;RS 147 000 00 00;Создание новой записи договора клиента в АС ЦАРС через ?Ручной учёт?;;00;Регистрация;запись;58,286;AUTO
ОСЦ Самара;Вне подразделений;RS 147 000 00 00;Создание новой записи договора клиента в АС ЦАРС через ?Ручной учёт?;;00;Регистрация;запись;0;AUTO
ОСЦ Новосибирск;Архив №3 Екатеринбург;RS 147 000 00 00;Создание новой записи договора клиента в АС ЦАРС через ?Ручной учёт?;;00;Регистрация;запись;60,088;AUTO
ОСЦ Самара;Архив №1 Самара;RS 147 000 00 00;Создание новой записи договора клиента в АС ЦАРС через ?Ручной учёт?;;00;Регистрация;запись;60,65;AUTO
ОСЦ Воронеж;Вне подразделений;SR 320 000 00 00;Размещение электронных сообщений на ресурсе;-;00;Регистрация;сообщение;0;RUCH
ОСЦ Воронеж;Архив №1 Воронеж;SR 320 000 00 00;Размещение электронных сообщений на ресурсе;-;00;Регистрация;сообщение;19,258;RUCH
ОСЦ Воронеж;Архив №3 Калининград;SR 320 000 00 00;Размещение электронных сообщений на ресурсе;-;00;Регистрация;сообщение;19,167;RUCH
ОСЦ Воронеж;Архив №4 Санкт-Петербург;SR 320 000 00 00;Размещение электронных сообщений на ресурсе;-;00;Регистрация;сообщение;21,5;RUCH
ОСЦ Москва;Вне подразделений;SR 320 000 00 00;Размещение электронных сообщений на ресурсе;-;00;Регистрация;сообщение;0;RUCH
ОСЦ Москва;Архив №1 Томилино;SR 320 000 00 00;Размещение электронных сообщений на ресурсе;-;00;Регистрация;сообщение;19,259;RUCH
ОСЦ Нижний Новгород;Вне подразделений;SR 320 000 00 00;Размещение электронных сообщений на ресурсе;-;00;Регистрация;сообщение;0;RUCH
ОСЦ Нижний Новгород;Архив №1 Нижний Новгород;SR 320 000 00 00;Размещение электронных сообщений на ресурсе;-;00;Регистрация;сообщение;19,978;RUCH
ОСЦ Новосибирск;Вне подразделений;SR 320 000 00 00;Размещение электронных сообщений на ресурсе;-;00;Регистрация;сообщение;0;RUCH
ОСЦ Новосибирск;Архив №1 Новосибирск;SR 320 000 00 00;Размещение электронных сообщений на ресурсе;-;00;Регистрация;сообщение;20,227;RUCH
ОСЦ Самара;Вне подразделений;SR 320 000 00 00;Размещение электронных сообщений на ресурсе;-;00;Регистрация;сообщение;0;RUCH
ОСЦ Новосибирск;Архив №3 Екатеринбург;SR 320 000 00 00;Размещение электронных сообщений на ресурсе;-;00;Регистрация;сообщение;19,35;RUCH
ОСЦ Самара;Архив №1 Самара;SR 320 000 00 00;Размещение электронных сообщений на ресурсе;-;00;Регистрация;сообщение;19,967;RUCH
ОСЦ Воронеж;Вне подразделений;SR 321 000 00 00;Поиск дополнительных реквизитов для регистрации в АС ЦАРС при некорректной передачи документов по БП;-;00;Регистрация;досье;0;RUCH
ОСЦ Воронеж;Архив №1 Воронеж;SR 321 000 00 00;Поиск дополнительных реквизитов для регистрации в АС ЦАРС при некорректной передачи документов по БП;-;00;Регистрация;досье;80,101;RUCH
ОСЦ Воронеж;Архив №3 Калининград;SR 321 000 00 00;Поиск дополнительных реквизитов для регистрации в АС ЦАРС при некорректной передачи документов по БП;-;00;Регистрация;досье;69,55;RUCH
ОСЦ Воронеж;Архив №4 Санкт-Петербург;SR 321 000 00 00;Поиск дополнительных реквизитов для регистрации в АС ЦАРС при некорректной передачи документов по БП;-;00;Регистрация;досье;81,233;RUCH
ОСЦ Москва;Вне подразделений;SR 321 000 00 00;Поиск дополнительных реквизитов для регистрации в АС ЦАРС при некорректной передачи документов по БП;-;00;Регистрация;досье;0;RUCH
ОСЦ Москва;Архив №1 Томилино;SR 321 000 00 00;Поиск дополнительных реквизитов для регистрации в АС ЦАРС при некорректной передачи документов по БП;-;00;Регистрация;досье;70,065;RUCH
ОСЦ Нижний Новгород;Вне подразделений;SR 321 000 00 00;Поиск дополнительных реквизитов для регистрации в АС ЦАРС при некорректной передачи документов по БП;-;00;Регистрация;досье;0;RUCH
ОСЦ Нижний Новгород;Архив №1 Нижний Новгород;SR 321 000 00 00;Поиск дополнительных реквизитов для регистрации в АС ЦАРС при некорректной передачи документов по БП;-;00;Регистрация;досье;70,899;RUCH
ОСЦ Новосибирск;Вне подразделений;SR 321 000 00 00;Поиск дополнительных реквизитов для регистрации в АС ЦАРС при некорректной передачи документов по БП;-;00;Регистрация;досье;0;RUCH
ОСЦ Новосибирск;Архив №1 Новосибирск;SR 321 000 00 00;Поиск дополнительных реквизитов для регистрации в АС ЦАРС при некорректной передачи документов по БП;-;00;Регистрация;досье;78,967;RUCH
ОСЦ Самара;Вне подразделений;SR 321 000 00 00;Поиск дополнительных реквизитов для регистрации в АС ЦАРС при некорректной передачи документов по БП;-;00;Регистрация;досье;0;RUCH
ОСЦ Новосибирск;Архив №3 Екатеринбург;SR 321 000 00 00;Поиск дополнительных реквизитов для регистрации в АС ЦАРС при некорректной передачи документов по БП;-;00;Регистрация;досье;81,35;RUCH
ОСЦ Самара;Архив №1 Самара;SR 321 000 00 00;Поиск дополнительных реквизитов для регистрации в АС ЦАРС при некорректной передачи документов по БП;-;00;Регистрация;досье;76,465;RUCH
ОСЦ Воронеж;Вне подразделений;SZ 207 000 00 00;Анализ файла после обработки роботом;-;00;Запросы;строка;0;RUCH
ОСЦ Воронеж;Архив №1 Воронеж;SZ 207 000 00 00;Анализ файла после обработки роботом;-;00;Запросы;строка;80,11;RUCH
ОСЦ Воронеж;Архив №3 Калининград;SZ 207 000 00 00;Анализ файла после обработки роботом;-;00;Запросы;строка;0;RUCH
ОСЦ Воронеж;Архив №4 Санкт-Петербург;SZ 207 000 00 00;Анализ файла после обработки роботом;-;00;Запросы;строка;80,257;RUCH
ОСЦ Москва;Вне подразделений;SZ 207 000 00 00;Анализ файла после обработки роботом;-;00;Запросы;строка;0;RUCH
ОСЦ Москва;Архив №1 Томилино;SZ 207 000 00 00;Анализ файла после обработки роботом;-;00;Запросы;строка;80,859;RUCH
ОСЦ Нижний Новгород;Вне подразделений;SZ 207 000 00 00;Анализ файла после обработки роботом;-;00;Запросы;строка;0;RUCH
ОСЦ Нижний Новгород;Архив №1 Нижний Новгород;SZ 207 000 00 00;Анализ файла после обработки роботом;-;00;Запросы;строка;80,153;RUCH
ОСЦ Новосибирск;Вне подразделений;SZ 207 000 00 00;Анализ файла после обработки роботом;-;00;Запросы;строка;0;RUCH
ОСЦ Новосибирск;Архив №1 Новосибирск;SZ 207 000 00 00;Анализ файла после обработки роботом;-;00;Запросы;строка;80,377;RUCH
ОСЦ Самара;Вне подразделений;SZ 207 000 00 00;Анализ файла после обработки роботом;-;00;Запросы;строка;0;RUCH
ОСЦ Новосибирск;Архив №3 Екатеринбург;SZ 207 000 00 00;Анализ файла после обработки роботом;-;00;Запросы;строка;83,176;RUCH
ОСЦ Самара;Архив №1 Самара;SZ 207 000 00 00;Анализ файла после обработки роботом;-;00;Запросы;строка;80,267;RUCH
ОСЦ Воронеж;Вне подразделений;SZ 208 000 00 00;Заполнение Приложения к СЗ построчно;-;00;Запросы;строка;0;RUCH
ОСЦ Воронеж;Архив №1 Воронеж;SZ 208 000 00 00;Заполнение Приложения к СЗ построчно;-;00;Запросы;строка;25,37;RUCH
ОСЦ Воронеж;Архив №3 Калининград;SZ 208 000 00 00;Заполнение Приложения к СЗ построчно;-;00;Запросы;строка;26,771;RUCH
ОСЦ Воронеж;Архив №4 Санкт-Петербург;SZ 208 000 00 00;Заполнение Приложения к СЗ построчно;-;00;Запросы;строка;24,266;RUCH
ОСЦ Москва;Вне подразделений;SZ 208 000 00 00;Заполнение Приложения к СЗ построчно;-;00;Запросы;строка;0;RUCH
ОСЦ Москва;Архив №1 Томилино;SZ 208 000 00 00;Заполнение Приложения к СЗ построчно;-;00;Запросы;строка;26,146;RUCH
ОСЦ Нижний Новгород;Вне подразделений;SZ 208 000 00 00;Заполнение Приложения к СЗ построчно;-;00;Запросы;строка;0;RUCH
ОСЦ Нижний Новгород;Архив №1 Нижний Новгород;SZ 208 000 00 00;Заполнение Приложения к СЗ построчно;-;00;Запросы;строка;29,667;RUCH
ОСЦ Новосибирск;Вне подразделений;SZ 208 000 00 00;Заполнение Приложения к СЗ построчно;-;00;Запросы;строка;0;RUCH
ОСЦ Новосибирск;Архив №1 Новосибирск;SZ 208 000 00 00;Заполнение Приложения к СЗ построчно;-;00;Запросы;строка;25,98;RUCH
ОСЦ Самара;Вне подразделений;SZ 208 000 00 00;Заполнение Приложения к СЗ построчно;-;00;Запросы;строка;0;RUCH
ОСЦ Новосибирск;Архив №3 Екатеринбург;SZ 208 000 00 00;Заполнение Приложения к СЗ построчно;-;00;Запросы;строка;26,003;RUCH
ОСЦ Самара;Архив №1 Самара;SZ 208 000 00 00;Заполнение Приложения к СЗ построчно;-;00;Запросы;строка;29,804;RUCH
ОСЦ Воронеж;Архив №1 Воронеж;RS 010 000 00 01;Размещение ЭГО документов/досье в ЕСМ_входящий поток_ОБЩИЙ файл_RPA;-;00;Регистрация;страница;3,629;AUTO
ОСЦ Воронеж;Архив №3 Калининград;RS 010 000 00 01;Размещение ЭГО документов/досье в ЕСМ_входящий поток_ОБЩИЙ файл_RPA;-;00;Регистрация;страница;3,74;AUTO
ОСЦ Воронеж;Архив №4 Санкт-Петербург;RS 010 000 00 01;Размещение ЭГО документов/досье в ЕСМ_входящий поток_ОБЩИЙ файл_RPA;-;00;Регистрация;страница;0;AUTO
ОСЦ Москва;Архив №1 Томилино;RS 010 000 00 01;Размещение ЭГО документов/досье в ЕСМ_входящий поток_ОБЩИЙ файл_RPA;-;00;Регистрация;страница;3,404;AUTO
ОСЦ Нижний Новгород;Архив №1 Нижний Новгород;RS 010 000 00 01;Размещение ЭГО документов/досье в ЕСМ_входящий поток_ОБЩИЙ файл_RPA;-;00;Регистрация;страница;3,522;AUTO
ОСЦ Новосибирск;Архив №1 Новосибирск;RS 010 000 00 01;Размещение ЭГО документов/досье в ЕСМ_входящий поток_ОБЩИЙ файл_RPA;-;00;Регистрация;страница;3,509;AUTO
ОСЦ Новосибирск;Архив №3 Екатеринбург;RS 010 000 00 01;Размещение ЭГО документов/досье в ЕСМ_входящий поток_ОБЩИЙ файл_RPA;-;00;Регистрация;страница;4,107;AUTO
ОСЦ Самара;Архив №1 Самара;RS 010 000 00 01;Размещение ЭГО документов/досье в ЕСМ_входящий поток_ОБЩИЙ файл_RPA;-;00;Регистрация;страница;4,097;AUTO
ОСЦ Воронеж;Вне подразделений;SR 322 000 00 00;Печать информации на сопроводительных листах к копиям внешних доверенностей;-;00;Регистрация;ШК;0;RUCH
ОСЦ Воронеж;Архив №1 Воронеж;SR 322 000 00 00;Печать информации на сопроводительных листах к копиям внешних доверенностей;-;00;Регистрация;ШК;119,567;RUCH
ОСЦ Воронеж;Архив №3 Калининград;SR 322 000 00 00;Печать информации на сопроводительных листах к копиям внешних доверенностей;-;00;Регистрация;ШК;122,359;RUCH
ОСЦ Воронеж;Архив №4 Санкт-Петербург;SR 322 000 00 00;Печать информации на сопроводительных листах к копиям внешних доверенностей;-;00;Регистрация;ШК;126,951;RUCH
ОСЦ Москва;Вне подразделений;SR 322 000 00 00;Печать информации на сопроводительных листах к копиям внешних доверенностей;-;00;Регистрация;ШК;0;RUCH
ОСЦ Москва;Архив №1 Томилино;SR 322 000 00 00;Печать информации на сопроводительных листах к копиям внешних доверенностей;-;00;Регистрация;ШК;128,233;RUCH
ОСЦ Нижний Новгород;Вне подразделений;SR 322 000 00 00;Печать информации на сопроводительных листах к копиям внешних доверенностей;-;00;Регистрация;ШК;0;RUCH
ОСЦ Нижний Новгород;Архив №1 Нижний Новгород;SR 322 000 00 00;Печать информации на сопроводительных листах к копиям внешних доверенностей;-;00;Регистрация;ШК;124;RUCH
ОСЦ Новосибирск;Вне подразделений;SR 322 000 00 00;Печать информации на сопроводительных листах к копиям внешних доверенностей;-;00;Регистрация;ШК;0;RUCH
ОСЦ Новосибирск;Архив №1 Новосибирск;SR 322 000 00 00;Печать информации на сопроводительных листах к копиям внешних доверенностей;-;00;Регистрация;ШК;121,743;RUCH
ОСЦ Самара;Вне подразделений;SR 322 000 00 00;Печать информации на сопроводительных листах к копиям внешних доверенностей;-;00;Регистрация;ШК;0;RUCH
ОСЦ Новосибирск;Архив №3 Екатеринбург;SR 322 000 00 00;Печать информации на сопроводительных листах к копиям внешних доверенностей;-;00;Регистрация;ШК;117,793;RUCH
ОСЦ Самара;Архив №1 Самара;SR 322 000 00 00;Печать информации на сопроводительных листах к копиям внешних доверенностей;-;00;Регистрация;ШК;127,788;RUCH
ОСЦ Воронеж;Вне подразделений;RG 0001 001 01 02;Регистрация по БП;ВСП;01;Регистрация;досье;0;AUTO
ОСЦ Воронеж;Архив №1 Воронеж;RG 0001 001 01 02;Регистрация по БП;ВСП;01;Регистрация;досье;5,9;AUTO
ОСЦ Воронеж;Архив №3 Калининград;RG 0001 001 01 02;Регистрация по БП;ВСП;01;Регистрация;досье;5,679;AUTO
ОСЦ Воронеж;Архив №4 Санкт-Петербург;RG 0001 001 01 02;Регистрация по БП;ВСП;01;Регистрация;досье;6,645;AUTO
ОСЦ Москва;Вне подразделений;RG 0001 001 01 02;Регистрация по БП;ВСП;01;Регистрация;досье;0;AUTO
ОСЦ Москва;Архив №1 Томилино;RG 0001 001 01 02;Регистрация по БП;ВСП;01;Регистрация;досье;5,019;AUTO
ОСЦ Нижний Новгород;Вне подразделений;RG 0001 001 01 02;Регистрация по БП;ВСП;01;Регистрация;досье;0;AUTO
ОСЦ Нижний Новгород;Архив №1 Нижний Новгород;RG 0001 001 01 02;Регистрация по БП;ВСП;01;Регистрация;досье;6,02;AUTO
ОСЦ Новосибирск;Вне подразделений;RG 0001 001 01 02;Регистрация по БП;ВСП;01;Регистрация;досье;0;AUTO
ОСЦ Новосибирск;Архив №1 Новосибирск;RG 0001 001 01 02;Регистрация по БП;ВСП;01;Регистрация;досье;6,008;AUTO
ОСЦ Новосибирск;Архив №3 Екатеринбург;RG 0001 001 01 02;Регистрация по БП;ВСП;01;Регистрация;досье;6,203;AUTO
ОСЦ Самара;Вне подразделений;RG 0001 001 01 02;Регистрация по БП;ВСП;01;Регистрация;досье;0;AUTO
ОСЦ Самара;Архив №1 Самара;RG 0001 001 01 02;Регистрация по БП;ВСП;01;Регистрация;досье;6,451;AUTO
ОСЦ Воронеж;Архив №1 Воронеж;RG 0001 001 02 02;Регистрация по БП;ВСП;01;Регистрация;досье;11,178;AUTO
ОСЦ Воронеж;Архив №3 Калининград;RG 0001 001 02 02;Регистрация по БП;ВСП;01;Регистрация;досье;11,606;AUTO
ОСЦ Воронеж;Архив №4 Санкт-Петербург;RG 0001 001 02 02;Регистрация по БП;ВСП;01;Регистрация;досье;12,56;AUTO
ОСЦ Москва;Архив №1 Томилино;RG 0001 001 02 02;Регистрация по БП;ВСП;01;Регистрация;досье;8,878;AUTO
ОСЦ Нижний Новгород;Архив №1 Нижний Новгород;RG 0001 001 02 02;Регистрация по БП;ВСП;01;Регистрация;досье;11,25;AUTO
ОСЦ Новосибирск;Архив №1 Новосибирск;RG 0001 001 02 02;Регистрация по БП;ВСП;01;Регистрация;досье;11,865;AUTO
ОСЦ Новосибирск;Архив №3 Екатеринбург;RG 0001 001 02 02;Регистрация по БП;ВСП;01;Регистрация;досье;12,647;AUTO
ОСЦ Самара;Архив №1 Самара;RG 0001 001 02 02;Регистрация по БП;ВСП;01;Регистрация;досье;12,497;AUTO
ОСЦ Воронеж;Архив №1 Воронеж;RG 0001 013 02 02;Регистрация по БП;ВСП;13;Регистрация;досье;10,207;AUTO
ОСЦ Воронеж;Архив №3 Калининград;RG 0001 013 02 02;Регистрация по БП;ВСП;13;Регистрация;досье;10,245;AUTO
ОСЦ Воронеж;Архив №4 Санкт-Петербург;RG 0001 013 02 02;Регистрация по БП;ВСП;13;Регистрация;досье;11,71;AUTO
ОСЦ Москва;Архив №1 Томилино;RG 0001 013 02 02;Регистрация по БП;ВСП;13;Регистрация;досье;8,906;AUTO
ОСЦ Нижний Новгород;Архив №1 Нижний Новгород;RG 0001 013 02 02;Регистрация по БП;ВСП;13;Регистрация;досье;10,849;AUTO
ОСЦ Новосибирск;Архив №1 Новосибирск;RG 0001 013 02 02;Регистрация по БП;ВСП;13;Регистрация;досье;11,234;AUTO
ОСЦ Новосибирск;Архив №3 Екатеринбург;RG 0001 013 02 02;Регистрация по БП;ВСП;13;Регистрация;досье;11,313;AUTO
ОСЦ Самара;Архив №1 Самара;RG 0001 013 02 02;Регистрация по БП;ВСП;13;Регистрация;досье;11,26;AUTO
ОСЦ Воронеж;Архив №1 Воронеж;RG 0001 013 01 02;Регистрация по БП;ВСП;13;Регистрация;досье;5,967;AUTO
ОСЦ Воронеж;Архив №3 Калининград;RG 0001 013 01 02;Регистрация по БП;ВСП;13;Регистрация;досье;5,682;AUTO
ОСЦ Воронеж;Архив №4 Санкт-Петербург;RG 0001 013 01 02;Регистрация по БП;ВСП;13;Регистрация;досье;6,49;AUTO
ОСЦ Москва;Архив №1 Томилино;RG 0001 013 01 02;Регистрация по БП;ВСП;13;Регистрация;досье;5,071;AUTO
ОСЦ Нижний Новгород;Архив №1 Нижний Новгород;RG 0001 013 01 02;Регистрация по БП;ВСП;13;Регистрация;досье;6,013;AUTO
ОСЦ Новосибирск;Архив №1 Новосибирск;RG 0001 013 01 02;Регистрация по БП;ВСП;13;Регистрация;досье;6,316;AUTO
ОСЦ Новосибирск;Архив №3 Екатеринбург;RG 0001 013 01 02;Регистрация по БП;ВСП;13;Регистрация;досье;6,209;AUTO
ОСЦ Самара;Архив №1 Самара;RG 0001 013 01 02;Регистрация по БП;ВСП;13;Регистрация;досье;6,468;AUTO
ОСЦ Воронеж;Архив №1 Воронеж;RG 0001 002 01 02;Регистрация по БП;ВСП;02;Регистрация;досье;6,143;AUTO
ОСЦ Воронеж;Архив №3 Калининград;RG 0001 002 01 02;Регистрация по БП;ВСП;02;Регистрация;досье;5,924;AUTO
ОСЦ Воронеж;Архив №4 Санкт-Петербург;RG 0001 002 01 02;Регистрация по БП;ВСП;02;Регистрация;досье;5,667;AUTO
ОСЦ Москва;Архив №1 Томилино;RG 0001 002 01 02;Регистрация по БП;ВСП;02;Регистрация;досье;5,089;AUTO
ОСЦ Нижний Новгород;Архив №1 Нижний Новгород;RG 0001 002 01 02;Регистрация по БП;ВСП;02;Регистрация;досье;5,903;AUTO
ОСЦ Новосибирск;Архив №1 Новосибирск;RG 0001 002 01 02;Регистрация по БП;ВСП;02;Регистрация;досье;6,12;AUTO
ОСЦ Новосибирск;Архив №3 Екатеринбург;RG 0001 002 01 02;Регистрация по БП;ВСП;02;Регистрация;досье;6,114;AUTO
ОСЦ Самара;Архив №1 Самара;RG 0001 002 01 02;Регистрация по БП;ВСП;02;Регистрация;досье;5,751;AUTO
ОСЦ Воронеж;Архив №1 Воронеж;RG 0001 002 02 02;Регистрация по БП;ВСП;02;Регистрация;досье;14,053;AUTO
ОСЦ Воронеж;Архив №3 Калининград;RG 0001 002 02 02;Регистрация по БП;ВСП;02;Регистрация;досье;14,507;AUTO
ОСЦ Воронеж;Архив №4 Санкт-Петербург;RG 0001 002 02 02;Регистрация по БП;ВСП;02;Регистрация;досье;12,933;AUTO
ОСЦ Москва;Архив №1 Томилино;RG 0001 002 02 02;Регистрация по БП;ВСП;02;Регистрация;досье;10,111;AUTO
ОСЦ Нижний Новгород;Архив №1 Нижний Новгород;RG 0001 002 02 02;Регистрация по БП;ВСП;02;Регистрация;досье;14,134;AUTO
ОСЦ Новосибирск;Архив №1 Новосибирск;RG 0001 002 02 02;Регистрация по БП;ВСП;02;Регистрация;досье;14,703;AUTO
ОСЦ Новосибирск;Архив №3 Екатеринбург;RG 0001 002 02 02;Регистрация по БП;ВСП;02;Регистрация;досье;14,383;AUTO
ОСЦ Самара;Архив №1 Самара;RG 0001 002 02 02;Регистрация по БП;ВСП;02;Регистрация;досье;12,558;AUTO
ОСЦ Воронеж;Архив №1 Воронеж;RG 0001 212 02 02;Регистрация по БП;ВСП;212;Регистрация;досье;11,1;AUTO
ОСЦ Воронеж;Архив №3 Калининград;RG 0001 212 02 02;Регистрация по БП;ВСП;212;Регистрация;досье;10,159;AUTO
ОСЦ Воронеж;Архив №4 Санкт-Петербург;RG 0001 212 02 02;Регистрация по БП;ВСП;212;Регистрация;досье;11,479;AUTO
ОСЦ Москва;Архив №1 Томилино;RG 0001 212 02 02;Регистрация по БП;ВСП;212;Регистрация;досье;8,824;AUTO
ОСЦ Нижний Новгород;Архив №1 Нижний Новгород;RG 0001 212 02 02;Регистрация по БП;ВСП;212;Регистрация;досье;10,374;AUTO
ОСЦ Новосибирск;Архив №1 Новосибирск;RG 0001 212 02 02;Регистрация по БП;ВСП;212;Регистрация;досье;10,095;AUTO
ОСЦ Новосибирск;Архив №3 Екатеринбург;RG 0001 212 02 02;Регистрация по БП;ВСП;212;Регистрация;досье;10,287;AUTO
ОСЦ Самара;Архив №1 Самара;RG 0001 212 02 02;Регистрация по БП;ВСП;212;Регистрация;досье;11,379;AUTO
ОСЦ Воронеж;Архив №1 Воронеж;RG 0001 212 01 02;Регистрация по БП;ВСП;212;Регистрация;досье;5,333;AUTO
ОСЦ Воронеж;Архив №3 Калининград;RG 0001 212 01 02;Регистрация по БП;ВСП;212;Регистрация;досье;5,922;AUTO
ОСЦ Воронеж;Архив №4 Санкт-Петербург;RG 0001 212 01 02;Регистрация по БП;ВСП;212;Регистрация;досье;6,299;AUTO
ОСЦ Москва;Архив №1 Томилино;RG 0001 212 01 02;Регистрация по БП;ВСП;212;Регистрация;досье;5,052;AUTO
ОСЦ Нижний Новгород;Архив №1 Нижний Новгород;RG 0001 212 01 02;Регистрация по БП;ВСП;212;Регистрация;досье;5,78;AUTO
ОСЦ Новосибирск;Архив №1 Новосибирск;RG 0001 212 01 02;Регистрация по БП;ВСП;212;Регистрация;досье;5,329;AUTO
ОСЦ Новосибирск;Архив №3 Екатеринбург;RG 0001 212 01 02;Регистрация по БП;ВСП;212;Регистрация;досье;6,023;AUTO
ОСЦ Самара;Архив №1 Самара;RG 0001 212 01 02;Регистрация по БП;ВСП;212;Регистрация;досье;6,412;AUTO
ОСЦ Воронеж;Архив №1 Воронеж;RG 0001 222 01 02;Регистрация по БП;ВСП;222;Регистрация;досье;5,969;AUTO
ОСЦ Воронеж;Архив №3 Калининград;RG 0001 222 01 02;Регистрация по БП;ВСП;222;Регистрация;досье;5,867;AUTO
ОСЦ Воронеж;Архив №4 Санкт-Петербург;RG 0001 222 01 02;Регистрация по БП;ВСП;222;Регистрация;досье;6,507;AUTO
ОСЦ Москва;Архив №1 Томилино;RG 0001 222 01 02;Регистрация по БП;ВСП;222;Регистрация;досье;5,942;AUTO
ОСЦ Нижний Новгород;Архив №1 Нижний Новгород;RG 0001 222 01 02;Регистрация по БП;ВСП;222;Регистрация;досье;6,284;AUTO
ОСЦ Новосибирск;Архив №1 Новосибирск;RG 0001 222 01 02;Регистрация по БП;ВСП;222;Регистрация;досье;6,152;AUTO
ОСЦ Новосибирск;Архив №3 Екатеринбург;RG 0001 222 01 02;Регистрация по БП;ВСП;222;Регистрация;досье;6,042;AUTO
ОСЦ Самара;Архив №1 Самара;RG 0001 222 01 02;Регистрация по БП;ВСП;222;Регистрация;досье;6,444;AUTO
ОСЦ Воронеж;Архив №1 Воронеж;RG 0001 222 02 02;Регистрация по БП;ВСП;222;Регистрация;досье;13,533;AUTO
ОСЦ Воронеж;Архив №3 Калининград;RG 0001 222 02 02;Регистрация по БП;ВСП;222;Регистрация;досье;13,456;AUTO
ОСЦ Воронеж;Архив №4 Санкт-Петербург;RG 0001 222 02 02;Регистрация по БП;ВСП;222;Регистрация;досье;13,797;AUTO
ОСЦ Москва;Архив №1 Томилино;RG 0001 222 02 02;Регистрация по БП;ВСП;222;Регистрация;досье;12,068;AUTO
ОСЦ Нижний Новгород;Архив №1 Нижний Новгород;RG 0001 222 02 02;Регистрация по БП;ВСП;222;Регистрация;досье;13,236;AUTO
ОСЦ Новосибирск;Архив №1 Новосибирск;RG 0001 222 02 02;Регистрация по БП;ВСП;222;Регистрация;досье;13,25;AUTO
ОСЦ Новосибирск;Архив №3 Екатеринбург;RG 0001 222 02 02;Регистрация по БП;ВСП;222;Регистрация;досье;13,31;AUTO
ОСЦ Самара;Архив №1 Самара;RG 0001 222 02 02;Регистрация по БП;ВСП;222;Регистрация;досье;12,831;AUTO
ОСЦ Воронеж;Архив №1 Воронеж;RG 0001 233 01 02;Регистрация по БП;ВСП;233;Регистрация;досье;7,31;AUTO
ОСЦ Воронеж;Архив №3 Калининград;RG 0001 233 01 02;Регистрация по БП;ВСП;233;Регистрация;досье;7,634;AUTO
ОСЦ Воронеж;Архив №4 Санкт-Петербург;RG 0001 233 01 02;Регистрация по БП;ВСП;233;Регистрация;досье;7,231;AUTO
ОСЦ Москва;Архив №1 Томилино;RG 0001 233 01 02;Регистрация по БП;ВСП;233;Регистрация;досье;6,08;AUTO
ОСЦ Нижний Новгород;Архив №1 Нижний Новгород;RG 0001 233 01 02;Регистрация по БП;ВСП;233;Регистрация;досье;7,055;AUTO
ОСЦ Новосибирск;Архив №1 Новосибирск;RG 0001 233 01 02;Регистрация по БП;ВСП;233;Регистрация;досье;7,008;AUTO
ОСЦ Новосибирск;Архив №3 Екатеринбург;RG 0001 233 01 02;Регистрация по БП;ВСП;233;Регистрация;досье;7,019;AUTO
ОСЦ Самара;Архив №1 Самара;RG 0001 233 01 02;Регистрация по БП;ВСП;233;Регистрация;досье;6,45;AUTO
ОСЦ Воронеж;Архив №1 Воронеж;RG 0001 233 02 02;Регистрация по БП;ВСП;233;Регистрация;досье;11,567;AUTO
ОСЦ Воронеж;Архив №3 Калининград;RG 0001 233 02 02;Регистрация по БП;ВСП;233;Регистрация;досье;11,275;AUTO
ОСЦ Воронеж;Архив №4 Санкт-Петербург;RG 0001 233 02 02;Регистрация по БП;ВСП;233;Регистрация;досье;12,815;AUTO
ОСЦ Москва;Архив №1 Томилино;RG 0001 233 02 02;Регистрация по БП;ВСП;233;Регистрация;досье;10,012;AUTO
ОСЦ Нижний Новгород;Архив №1 Нижний Новгород;RG 0001 233 02 02;Регистрация по БП;ВСП;233;Регистрация;досье;11,083;AUTO
ОСЦ Новосибирск;Архив №1 Новосибирск;RG 0001 233 02 02;Регистрация по БП;ВСП;233;Регистрация;досье;11,673;AUTO
ОСЦ Новосибирск;Архив №3 Екатеринбург;RG 0001 233 02 02;Регистрация по БП;ВСП;233;Регистрация;досье;12,692;AUTO
ОСЦ Самара;Архив №1 Самара;RG 0001 233 02 02;Регистрация по БП;ВСП;233;Регистрация;досье;12,831;AUTO
ОСЦ Воронеж;Архив №1 Воронеж;RG 0001 273 01 02;Регистрация по БП;ВСП;273;Регистрация;досье;5,733;AUTO
ОСЦ Воронеж;Архив №3 Калининград;RG 0001 273 01 02;Регистрация по БП;ВСП;273;Регистрация;досье;5,628;AUTO
ОСЦ Воронеж;Архив №4 Санкт-Петербург;RG 0001 273 01 02;Регистрация по БП;ВСП;273;Регистрация;досье;6,426;AUTO
ОСЦ Москва;Архив №1 Томилино;RG 0001 273 01 02;Регистрация по БП;ВСП;273;Регистрация;досье;6,014;AUTO
ОСЦ Нижний Новгород;Архив №1 Нижний Новгород;RG 0001 273 01 02;Регистрация по БП;ВСП;273;Регистрация;досье;5,565;AUTO
ОСЦ Новосибирск;Архив №1 Новосибирск;RG 0001 273 01 02;Регистрация по БП;ВСП;273;Регистрация;досье;6,064;AUTO
ОСЦ Новосибирск;Архив №3 Екатеринбург;RG 0001 273 01 02;Регистрация по БП;ВСП;273;Регистрация;досье;6,017;AUTO
ОСЦ Самара;Архив №1 Самара;RG 0001 273 01 02;Регистрация по БП;ВСП;273;Регистрация;досье;6,452;AUTO
ОСЦ Воронеж;Архив №1 Воронеж;RG 0001 273 02 02;Регистрация по БП;ВСП;273;Регистрация;досье;11,533;AUTO
ОСЦ Воронеж;Архив №3 Калининград;RG 0001 273 02 02;Регистрация по БП;ВСП;273;Регистрация;досье;10,486;AUTO
ОСЦ Воронеж;Архив №4 Санкт-Петербург;RG 0001 273 02 02;Регистрация по БП;ВСП;273;Регистрация;досье;11,573;AUTO
ОСЦ Москва;Архив №1 Томилино;RG 0001 273 02 02;Регистрация по БП;ВСП;273;Регистрация;досье;9,828;AUTO
ОСЦ Нижний Новгород;Архив №1 Нижний Новгород;RG 0001 273 02 02;Регистрация по БП;ВСП;273;Регистрация;досье;10,011;AUTO
ОСЦ Новосибирск;Архив №1 Новосибирск;RG 0001 273 02 02;Регистрация по БП;ВСП;273;Регистрация;досье;10,35;AUTO
ОСЦ Новосибирск;Архив №3 Екатеринбург;RG 0001 273 02 02;Регистрация по БП;ВСП;273;Регистрация;досье;10;AUTO
ОСЦ Самара;Архив №1 Самара;RG 0001 273 02 02;Регистрация по БП;ВСП;273;Регистрация;досье;10,703;AUTO
ОСЦ Воронеж;Архив №1 Воронеж;RG 0001 003 01 02;Регистрация по БП;ВСП;03;Регистрация;досье;5,8;AUTO
ОСЦ Воронеж;Архив №3 Калининград;RG 0001 003 01 02;Регистрация по БП;ВСП;03;Регистрация;досье;5,707;AUTO
ОСЦ Воронеж;Архив №4 Санкт-Петербург;RG 0001 003 01 02;Регистрация по БП;ВСП;03;Регистрация;досье;6,48;AUTO
ОСЦ Москва;Архив №1 Томилино;RG 0001 003 01 02;Регистрация по БП;ВСП;03;Регистрация;досье;5,014;AUTO
ОСЦ Нижний Новгород;Архив №1 Нижний Новгород;RG 0001 003 01 02;Регистрация по БП;ВСП;03;Регистрация;досье;5,625;AUTO
ОСЦ Новосибирск;Архив №1 Новосибирск;RG 0001 003 01 02;Регистрация по БП;ВСП;03;Регистрация;досье;5,635;AUTO
ОСЦ Новосибирск;Архив №3 Екатеринбург;RG 0001 003 01 02;Регистрация по БП;ВСП;03;Регистрация;досье;6,06;AUTO
ОСЦ Самара;Архив №1 Самара;RG 0001 003 01 02;Регистрация по БП;ВСП;03;Регистрация;досье;6,429;AUTO
ОСЦ Воронеж;Архив №1 Воронеж;RG 0001 003 02 02;Регистрация по БП;ВСП;03;Регистрация;досье;11,079;AUTO
ОСЦ Воронеж;Архив №3 Калининград;RG 0001 003 02 02;Регистрация по БП;ВСП;03;Регистрация;досье;10,493;AUTO
ОСЦ Воронеж;Архив №4 Санкт-Петербург;RG 0001 003 02 02;Регистрация по БП;ВСП;03;Регистрация;досье;11,548;AUTO
ОСЦ Москва;Архив №1 Томилино;RG 0001 003 02 02;Регистрация по БП;ВСП;03;Регистрация;досье;8,808;AUTO
ОСЦ Нижний Новгород;Архив №1 Нижний Новгород;RG 0001 003 02 02;Регистрация по БП;ВСП;03;Регистрация;досье;10,12;AUTO
ОСЦ Новосибирск;Архив №1 Новосибирск;RG 0001 003 02 02;Регистрация по БП;ВСП;03;Регистрация;досье;10,174;AUTO
ОСЦ Новосибирск;Архив №3 Екатеринбург;RG 0001 003 02 02;Регистрация по БП;ВСП;03;Регистрация;досье;10,761;AUTO
ОСЦ Самара;Архив №1 Самара;RG 0001 003 02 02;Регистрация по БП;ВСП;03;Регистрация;досье;11,162;AUTO
ОСЦ Воронеж;Архив №1 Воронеж;RG 0001 038 01 02;Регистрация по БП;ВСП;38;Регистрация;досье;5,833;AUTO
ОСЦ Воронеж;Архив №3 Калининград;RG 0001 038 01 02;Регистрация по БП;ВСП;38;Регистрация;досье;5,651;AUTO
ОСЦ Воронеж;Архив №4 Санкт-Петербург;RG 0001 038 01 02;Регистрация по БП;ВСП;38;Регистрация;досье;6,624;AUTO
ОСЦ Москва;Архив №1 Томилино;RG 0001 038 01 02;Регистрация по БП;ВСП;38;Регистрация;досье;5,111;AUTO
ОСЦ Нижний Новгород;Архив №1 Нижний Новгород;RG 0001 038 01 02;Регистрация по БП;ВСП;38;Регистрация;досье;6,018;AUTO
ОСЦ Новосибирск;Архив №1 Новосибирск;RG 0001 038 01 02;Регистрация по БП;ВСП;38;Регистрация;досье;6,284;AUTO
ОСЦ Новосибирск;Архив №3 Екатеринбург;RG 0001 038 01 02;Регистрация по БП;ВСП;38;Регистрация;досье;6,012;AUTO
ОСЦ Самара;Архив №1 Самара;RG 0001 038 01 02;Регистрация по БП;ВСП;38;Регистрация;досье;6,455;AUTO
ОСЦ Воронеж;Архив №1 Воронеж;RG 0001 038 02 02;Регистрация по БП;ВСП;38;Регистрация;досье;12,946;AUTO
ОСЦ Воронеж;Архив №3 Калининград;RG 0001 038 02 02;Регистрация по БП;ВСП;38;Регистрация;досье;12,26;AUTO
ОСЦ Воронеж;Архив №4 Санкт-Петербург;RG 0001 038 02 02;Регистрация по БП;ВСП;38;Регистрация;досье;12,17;AUTO
ОСЦ Москва;Архив №1 Томилино;RG 0001 038 02 02;Регистрация по БП;ВСП;38;Регистрация;досье;8,913;AUTO
ОСЦ Нижний Новгород;Архив №1 Нижний Новгород;RG 0001 038 02 02;Регистрация по БП;ВСП;38;Регистрация;досье;12,188;AUTO
ОСЦ Новосибирск;Архив №1 Новосибирск;RG 0001 038 02 02;Регистрация по БП;ВСП;38;Регистрация;досье;11,847;AUTO
ОСЦ Новосибирск;Архив №3 Екатеринбург;RG 0001 038 02 02;Регистрация по БП;ВСП;38;Регистрация;досье;12;AUTO
ОСЦ Самара;Архив №1 Самара;RG 0001 038 02 02;Регистрация по БП;ВСП;38;Регистрация;досье;12,831;AUTO
ОСЦ Воронеж;Архив №1 Воронеж;RG 0001 039 01 02;Регистрация по БП;ВСП;39;Регистрация;досье;7,033;AUTO
ОСЦ Воронеж;Архив №3 Калининград;RG 0001 039 01 02;Регистрация по БП;ВСП;39;Регистрация;досье;7,317;AUTO
ОСЦ Воронеж;Архив №4 Санкт-Петербург;RG 0001 039 01 02;Регистрация по БП;ВСП;39;Регистрация;досье;7,068;AUTO
ОСЦ Москва;Архив №1 Томилино;RG 0001 039 01 02;Регистрация по БП;ВСП;39;Регистрация;досье;6,107;AUTO
ОСЦ Нижний Новгород;Архив №1 Нижний Новгород;RG 0001 039 01 02;Регистрация по БП;ВСП;39;Регистрация;досье;7,92;AUTO
ОСЦ Новосибирск;Архив №1 Новосибирск;RG 0001 039 01 02;Регистрация по БП;ВСП;39;Регистрация;досье;7,605;AUTO
ОСЦ Новосибирск;Архив №3 Екатеринбург;RG 0001 039 01 02;Регистрация по БП;ВСП;39;Регистрация;досье;7,5;AUTO
ОСЦ Самара;Архив №1 Самара;RG 0001 039 01 02;Регистрация по БП;ВСП;39;Регистрация;досье;7,034;AUTO
ОСЦ Воронеж;Архив №1 Воронеж;RG 0001 039 02 02;Регистрация по БП;ВСП;39;Регистрация;досье;17,361;AUTO
ОСЦ Воронеж;Архив №3 Калининград;RG 0001 039 02 02;Регистрация по БП;ВСП;39;Регистрация;досье;17,229;AUTO
ОСЦ Воронеж;Архив №4 Санкт-Петербург;RG 0001 039 02 02;Регистрация по БП;ВСП;39;Регистрация;досье;16,514;AUTO
ОСЦ Москва;Архив №1 Томилино;RG 0001 039 02 02;Регистрация по БП;ВСП;39;Регистрация;досье;12,126;AUTO
ОСЦ Нижний Новгород;Архив №1 Нижний Новгород;RG 0001 039 02 02;Регистрация по БП;ВСП;39;Регистрация;досье;17,745;AUTO
ОСЦ Новосибирск;Архив №1 Новосибирск;RG 0001 039 02 02;Регистрация по БП;ВСП;39;Регистрация;досье;17,51;AUTO
ОСЦ Новосибирск;Архив №3 Екатеринбург;RG 0001 039 02 02;Регистрация по БП;ВСП;39;Регистрация;досье;16,578;AUTO
ОСЦ Самара;Архив №1 Самара;RG 0001 039 02 02;Регистрация по БП;ВСП;39;Регистрация;досье;15,404;AUTO
ОСЦ Воронеж;Архив №1 Воронеж;RG 0001 042 01 02;Регистрация по БП;ВСП;42;Регистрация;досье;6;AUTO
ОСЦ Воронеж;Архив №3 Калининград;RG 0001 042 01 02;Регистрация по БП;ВСП;42;Регистрация;досье;6,026;AUTO
ОСЦ Воронеж;Архив №4 Санкт-Петербург;RG 0001 042 01 02;Регистрация по БП;ВСП;42;Регистрация;досье;6,433;AUTO
ОСЦ Москва;Архив №1 Томилино;RG 0001 042 01 02;Регистрация по БП;ВСП;42;Регистрация;досье;5,127;AUTO
ОСЦ Нижний Новгород;Архив №1 Нижний Новгород;RG 0001 042 01 02;Регистрация по БП;ВСП;42;Регистрация;досье;6,216;AUTO
ОСЦ Новосибирск;Архив №1 Новосибирск;RG 0001 042 01 02;Регистрация по БП;ВСП;42;Регистрация;досье;6,069;AUTO
ОСЦ Новосибирск;Архив №3 Екатеринбург;RG 0001 042 01 02;Регистрация по БП;ВСП;42;Регистрация;досье;6,03;AUTO
ОСЦ Самара;Архив №1 Самара;RG 0001 042 01 02;Регистрация по БП;ВСП;42;Регистрация;досье;6,426;AUTO
ОСЦ Воронеж;Архив №1 Воронеж;RG 0001 042 02 02;Регистрация по БП;ВСП;42;Регистрация;досье;13,045;AUTO
ОСЦ Воронеж;Архив №3 Калининград;RG 0001 042 02 02;Регистрация по БП;ВСП;42;Регистрация;досье;12,568;AUTO
ОСЦ Воронеж;Архив №4 Санкт-Петербург;RG 0001 042 02 02;Регистрация по БП;ВСП;42;Регистрация;досье;13,294;AUTO
ОСЦ Москва;Архив №1 Томилино;RG 0001 042 02 02;Регистрация по БП;ВСП;42;Регистрация;досье;8,999;AUTO
ОСЦ Нижний Новгород;Архив №1 Нижний Новгород;RG 0001 042 02 02;Регистрация по БП;ВСП;42;Регистрация;досье;12,429;AUTO
ОСЦ Новосибирск;Архив №1 Новосибирск;RG 0001 042 02 02;Регистрация по БП;ВСП;42;Регистрация;досье;12,01;AUTO
ОСЦ Новосибирск;Архив №3 Екатеринбург;RG 0001 042 02 02;Регистрация по БП;ВСП;42;Регистрация;досье;13,582;AUTO
ОСЦ Самара;Архив №1 Самара;RG 0001 042 02 02;Регистрация по БП;ВСП;42;Регистрация;досье;12,831;AUTO
ОСЦ Воронеж;Вне подразделений;NO 026 018 00 00;Анализ данных в АС ЦАРС;;;СПАС;ШК;0;RUCH
ОСЦ Воронеж;Архив №1 Воронеж;NO 026 018 00 00;Анализ данных в АС ЦАРС;;;СПАС;ШК;0;RUCH
ОСЦ Воронеж;Архив №3 Калининград;NO 026 018 00 00;Анализ данных в АС ЦАРС;;;СПАС;ШК;0;RUCH
ОСЦ Воронеж;Архив №4 Санкт-Петербург;NO 026 018 00 00;Анализ данных в АС ЦАРС;;;СПАС;ШК;0;RUCH
ОСЦ Москва;Вне подразделений;NO 026 018 00 00;Анализ данных в АС ЦАРС;;;СПАС;ШК;0;RUCH
ОСЦ Москва;Архив №1 Томилино;NO 026 018 00 00;Анализ данных в АС ЦАРС;;;СПАС;ШК;0;RUCH
ОСЦ Нижний Новгород;Вне подразделений;NO 026 018 00 00;Анализ данных в АС ЦАРС;;;СПАС;ШК;0;RUCH
ОСЦ Нижний Новгород;Архив №1 Нижний Новгород;NO 026 018 00 00;Анализ данных в АС ЦАРС;;;СПАС;ШК;51,9;RUCH
ОСЦ Новосибирск;Вне подразделений;NO 026 018 00 00;Анализ данных в АС ЦАРС;;;СПАС;ШК;0;RUCH
ОСЦ Новосибирск;Архив №1 Новосибирск;NO 026 018 00 00;Анализ данных в АС ЦАРС;;;СПАС;ШК;0;RUCH
ОСЦ Самара;Вне подразделений;NO 026 018 00 00;Анализ данных в АС ЦАРС;;;СПАС;ШК;0;RUCH
ОСЦ Новосибирск;Архив №3 Екатеринбург;NO 026 018 00 00;Анализ данных в АС ЦАРС;;;СПАС;ШК;0;RUCH
ОСЦ Самара;Архив №1 Самара;NO 026 018 00 00;Анализ данных в АС ЦАРС;;;СПАС;ШК;0;RUCH
ОСЦ Воронеж;Вне подразделений;NO 026 019 00 00;Анализ ЭГО документа;;;СПАС;страница;0;RUCH
ОСЦ Воронеж;Архив №1 Воронеж;NO 026 019 00 00;Анализ ЭГО документа;;;СПАС;страница;0;RUCH
ОСЦ Воронеж;Архив №3 Калининград;NO 026 019 00 00;Анализ ЭГО документа;;;СПАС;страница;0;RUCH
ОСЦ Воронеж;Архив №4 Санкт-Петербург;NO 026 019 00 00;Анализ ЭГО документа;;;СПАС;страница;0;RUCH
ОСЦ Москва;Вне подразделений;NO 026 019 00 00;Анализ ЭГО документа;;;СПАС;страница;0;RUCH
ОСЦ Москва;Архив №1 Томилино;NO 026 019 00 00;Анализ ЭГО документа;;;СПАС;страница;0;RUCH
ОСЦ Нижний Новгород;Вне подразделений;NO 026 019 00 00;Анализ ЭГО документа;;;СПАС;страница;0;RUCH
ОСЦ Нижний Новгород;Архив №1 Нижний Новгород;NO 026 019 00 00;Анализ ЭГО документа;;;СПАС;страница;5,133;RUCH
ОСЦ Новосибирск;Вне подразделений;NO 026 019 00 00;Анализ ЭГО документа;;;СПАС;страница;0;RUCH
ОСЦ Новосибирск;Архив №1 Новосибирск;NO 026 019 00 00;Анализ ЭГО документа;;;СПАС;страница;0;RUCH
ОСЦ Самара;Вне подразделений;NO 026 019 00 00;Анализ ЭГО документа;;;СПАС;страница;0;RUCH
ОСЦ Новосибирск;Архив №3 Екатеринбург;NO 026 019 00 00;Анализ ЭГО документа;;;СПАС;страница;0;RUCH
ОСЦ Самара;Архив №1 Самара;NO 026 019 00 00;Анализ ЭГО документа;;;СПАС;страница;0;RUCH
ОСЦ Воронеж;Вне подразделений;NO 026 020 00 00;Направление запросов в адрес владельца процесса и обработка полученных ответов;;;СПАС;сообщение;0;RUCH
ОСЦ Воронеж;Архив №1 Воронеж;NO 026 020 00 00;Направление запросов в адрес владельца процесса и обработка полученных ответов;;;СПАС;сообщение;0;RUCH
ОСЦ Воронеж;Архив №3 Калининград;NO 026 020 00 00;Направление запросов в адрес владельца процесса и обработка полученных ответов;;;СПАС;сообщение;0;RUCH
ОСЦ Воронеж;Архив №4 Санкт-Петербург;NO 026 020 00 00;Направление запросов в адрес владельца процесса и обработка полученных ответов;;;СПАС;сообщение;0;RUCH
ОСЦ Москва;Вне подразделений;NO 026 020 00 00;Направление запросов в адрес владельца процесса и обработка полученных ответов;;;СПАС;сообщение;0;RUCH
ОСЦ Москва;Архив №1 Томилино;NO 026 020 00 00;Направление запросов в адрес владельца процесса и обработка полученных ответов;;;СПАС;сообщение;0;RUCH
ОСЦ Нижний Новгород;Вне подразделений;NO 026 020 00 00;Направление запросов в адрес владельца процесса и обработка полученных ответов;;;СПАС;сообщение;0;RUCH
ОСЦ Нижний Новгород;Архив №1 Нижний Новгород;NO 026 020 00 00;Направление запросов в адрес владельца процесса и обработка полученных ответов;;;СПАС;сообщение;103,667;RUCH
ОСЦ Новосибирск;Вне подразделений;NO 026 020 00 00;Направление запросов в адрес владельца процесса и обработка полученных ответов;;;СПАС;сообщение;0;RUCH
ОСЦ Новосибирск;Архив №1 Новосибирск;NO 026 020 00 00;Направление запросов в адрес владельца процесса и обработка полученных ответов;;;СПАС;сообщение;0;RUCH
ОСЦ Самара;Вне подразделений;NO 026 020 00 00;Направление запросов в адрес владельца процесса и обработка полученных ответов;;;СПАС;сообщение;0;RUCH
ОСЦ Новосибирск;Архив №3 Екатеринбург;NO 026 020 00 00;Направление запросов в адрес владельца процесса и обработка полученных ответов;;;СПАС;сообщение;0;RUCH
ОСЦ Самара;Архив №1 Самара;NO 026 020 00 00;Направление запросов в адрес владельца процесса и обработка полученных ответов;;;СПАС;сообщение;0;RUCH
ОСЦ Воронеж;Вне подразделений;FZ 000 000 00 01;Формирование заявки на изготовление ЭГО документа;;;СПАС;ШК;0;AUTO
ОСЦ Воронеж;Архив №1 Воронеж;FZ 000 000 00 01;Формирование заявки на изготовление ЭГО документа;;;СПАС;ШК;0;AUTO
ОСЦ Воронеж;Архив №3 Калининград;FZ 000 000 00 01;Формирование заявки на изготовление ЭГО документа;;;СПАС;ШК;0;AUTO
ОСЦ Воронеж;Архив №4 Санкт-Петербург;FZ 000 000 00 01;Формирование заявки на изготовление ЭГО документа;;;СПАС;ШК;0;AUTO
ОСЦ Москва;Вне подразделений;FZ 000 000 00 01;Формирование заявки на изготовление ЭГО документа;;;СПАС;ШК;0;AUTO
ОСЦ Москва;Архив №1 Томилино;FZ 000 000 00 01;Формирование заявки на изготовление ЭГО документа;;;СПАС;ШК;0;AUTO
ОСЦ Нижний Новгород;Вне подразделений;FZ 000 000 00 01;Формирование заявки на изготовление ЭГО документа;;;СПАС;ШК;0;AUTO
ОСЦ Нижний Новгород;Архив №1 Нижний Новгород;FZ 000 000 00 01;Формирование заявки на изготовление ЭГО документа;;;СПАС;ШК;44,556;AUTO
ОСЦ Новосибирск;Вне подразделений;FZ 000 000 00 01;Формирование заявки на изготовление ЭГО документа;;;СПАС;ШК;0;AUTO
ОСЦ Новосибирск;Архив №1 Новосибирск;FZ 000 000 00 01;Формирование заявки на изготовление ЭГО документа;;;СПАС;ШК;0;AUTO
ОСЦ Самара;Вне подразделений;FZ 000 000 00 01;Формирование заявки на изготовление ЭГО документа;;;СПАС;ШК;0;AUTO
ОСЦ Новосибирск;Архив №3 Екатеринбург;FZ 000 000 00 01;Формирование заявки на изготовление ЭГО документа;;;СПАС;ШК;0;AUTO
ОСЦ Самара;Архив №1 Самара;FZ 000 000 00 01;Формирование заявки на изготовление ЭГО документа;;;СПАС;ШК;0;AUTO
ОСЦ Воронеж;Вне подразделений;FZ 000 000 00 02;Формирование заявки на выдачу оригинала документа;;;СПАС;ШК;0;AUTO
ОСЦ Воронеж;Архив №1 Воронеж;FZ 000 000 00 02;Формирование заявки на выдачу оригинала документа;;;СПАС;ШК;0;AUTO
ОСЦ Воронеж;Архив №3 Калининград;FZ 000 000 00 02;Формирование заявки на выдачу оригинала документа;;;СПАС;ШК;0;AUTO
ОСЦ Воронеж;Архив №4 Санкт-Петербург;FZ 000 000 00 02;Формирование заявки на выдачу оригинала документа;;;СПАС;ШК;0;AUTO
ОСЦ Москва;Вне подразделений;FZ 000 000 00 02;Формирование заявки на выдачу оригинала документа;;;СПАС;ШК;0;AUTO
ОСЦ Москва;Архив №1 Томилино;FZ 000 000 00 02;Формирование заявки на выдачу оригинала документа;;;СПАС;ШК;0;AUTO
ОСЦ Нижний Новгород;Вне подразделений;FZ 000 000 00 02;Формирование заявки на выдачу оригинала документа;;;СПАС;ШК;0;AUTO
ОСЦ Нижний Новгород;Архив №1 Нижний Новгород;FZ 000 000 00 02;Формирование заявки на выдачу оригинала документа;;;СПАС;ШК;78,5;AUTO
ОСЦ Новосибирск;Вне подразделений;FZ 000 000 00 02;Формирование заявки на выдачу оригинала документа;;;СПАС;ШК;0;AUTO
ОСЦ Новосибирск;Архив №1 Новосибирск;FZ 000 000 00 02;Формирование заявки на выдачу оригинала документа;;;СПАС;ШК;0;AUTO
ОСЦ Самара;Вне подразделений;FZ 000 000 00 02;Формирование заявки на выдачу оригинала документа;;;СПАС;ШК;0;AUTO
ОСЦ Новосибирск;Архив №3 Екатеринбург;FZ 000 000 00 02;Формирование заявки на выдачу оригинала документа;;;СПАС;ШК;0;AUTO
ОСЦ Самара;Архив №1 Самара;FZ 000 000 00 02;Формирование заявки на выдачу оригинала документа;;;СПАС;ШК;0;AUTO
ОСЦ Воронеж;Вне подразделений;PR 169 000 00 00;169 Выполнена перерегистрация продуктового документа;;;Регистрация;документ;0;AUTO
ОСЦ Воронеж;Архив №1 Воронеж;PR 169 000 00 00;169 Выполнена перерегистрация продуктового документа;;;Регистрация;документ;40,08;AUTO
ОСЦ Воронеж;Архив №3 Калининград;PR 169 000 00 00;169 Выполнена перерегистрация продуктового документа;;;Регистрация;документ;37,731;AUTO
ОСЦ Воронеж;Архив №4 Санкт-Петербург;PR 169 000 00 00;169 Выполнена перерегистрация продуктового документа;;;Регистрация;документ;37,774;AUTO
ОСЦ Москва;Вне подразделений;PR 169 000 00 00;169 Выполнена перерегистрация продуктового документа;;;Регистрация;документ;0;AUTO
ОСЦ Москва;Архив №1 Томилино;PR 169 000 00 00;169 Выполнена перерегистрация продуктового документа;;;Регистрация;документ;40,719;AUTO
ОСЦ Нижний Новгород;Вне подразделений;PR 169 000 00 00;169 Выполнена перерегистрация продуктового документа;;;Регистрация;документ;0;AUTO
ОСЦ Нижний Новгород;Архив №1 Нижний Новгород;PR 169 000 00 00;169 Выполнена перерегистрация продуктового документа;;;Регистрация;документ;38,859;AUTO
ОСЦ Новосибирск;Вне подразделений;PR 169 000 00 00;169 Выполнена перерегистрация продуктового документа;;;Регистрация;документ;0;AUTO
ОСЦ Новосибирск;Архив №1 Новосибирск;PR 169 000 00 00;169 Выполнена перерегистрация продуктового документа;;;Регистрация;документ;39,004;AUTO
ОСЦ Новосибирск;Архив №3 Екатеринбург;PR 169 000 00 00;169 Выполнена перерегистрация продуктового документа;;;Регистрация;документ;38,246;AUTO
ОСЦ Самара;Вне подразделений;PR 169 000 00 00;169 Выполнена перерегистрация продуктового документа;;;Регистрация;документ;0;AUTO
ОСЦ Самара;Архив №1 Самара;PR 169 000 00 00;169 Выполнена перерегистрация продуктового документа;;;Регистрация;документ;41,259;AUTO
ОСЦ Воронеж;Вне подразделений;BF 101 000 00 00;Проект_Документ присутствовал внутри короба при проведении контроля полноты короба;;;Проекты;документ;0;RUCH
ОСЦ Воронеж;Архив №1 Воронеж;BF 101 000 00 00;Проект_Документ присутствовал внутри короба при проведении контроля полноты короба;;;Проекты;документ;0;RUCH
ОСЦ Воронеж;Архив №3 Калининград;BF 101 000 00 00;Проект_Документ присутствовал внутри короба при проведении контроля полноты короба;;;Проекты;документ;0;RUCH
ОСЦ Воронеж;Архив №4 Санкт-Петербург;BF 101 000 00 00;Проект_Документ присутствовал внутри короба при проведении контроля полноты короба;;;Проекты;документ;0;RUCH
ОСЦ Москва;Вне подразделений;BF 101 000 00 00;Проект_Документ присутствовал внутри короба при проведении контроля полноты короба;;;Проекты;документ;0;RUCH
ОСЦ Москва;Архив №1 Томилино;BF 101 000 00 00;Проект_Документ присутствовал внутри короба при проведении контроля полноты короба;;;Проекты;документ;0;RUCH
ОСЦ Нижний Новгород;Вне подразделений;BF 101 000 00 00;Проект_Документ присутствовал внутри короба при проведении контроля полноты короба;;;Проекты;документ;0;RUCH
ОСЦ Нижний Новгород;Архив №1 Нижний Новгород;BF 101 000 00 00;Проект_Документ присутствовал внутри короба при проведении контроля полноты короба;;;Проекты;документ;1,818;RUCH
ОСЦ Новосибирск;Вне подразделений;BF 101 000 00 00;Проект_Документ присутствовал внутри короба при проведении контроля полноты короба;;;Проекты;документ;0;RUCH
ОСЦ Новосибирск;Архив №1 Новосибирск;BF 101 000 00 00;Проект_Документ присутствовал внутри короба при проведении контроля полноты короба;;;Проекты;документ;2;RUCH
ОСЦ Самара;Вне подразделений;BF 101 000 00 00;Проект_Документ присутствовал внутри короба при проведении контроля полноты короба;;;Проекты;документ;0;RUCH
ОСЦ Новосибирск;Архив №3 Екатеринбург;BF 101 000 00 00;Проект_Документ присутствовал внутри короба при проведении контроля полноты короба;;;Проекты;документ;2;RUCH
ОСЦ Самара;Архив №1 Самара;BF 101 000 00 00;Проект_Документ присутствовал внутри короба при проведении контроля полноты короба;;;Проекты;документ;0;RUCH
ОСЦ Нижний Новгород;Архив №1 Нижний Новгород;BF 101 000 00 50;Проект_Сшив присутствовал внутри короба при проведении контроля полноты короба;;;Проекты;документ;3,8;RUCH
ОСЦ Воронеж;Вне подразделений;PR 0010 000 00 00;Проект_АК размещен на хранение;;;Проекты;АК;0;RUCH
ОСЦ Воронеж;Архив №1 Воронеж;PR 0010 000 00 00;Проект_АК размещен на хранение;;;Проекты;АК;0;RUCH
ОСЦ Воронеж;Архив №3 Калининград;PR 0010 000 00 00;Проект_АК размещен на хранение;;;Проекты;АК;0;RUCH
ОСЦ Воронеж;Архив №4 Санкт-Петербург;PR 0010 000 00 00;Проект_АК размещен на хранение;;;Проекты;АК;0;RUCH
ОСЦ Москва;Архив №1 Томилино;PR 0010 000 00 00;Проект_АК размещен на хранение;;;Проекты;АК;0;RUCH
ОСЦ Нижний Новгород;Архив №1 Нижний Новгород;PR 0010 000 00 00;Проект_АК размещен на хранение;;;Проекты;АК;0;RUCH
ОСЦ Новосибирск;Архив №1 Новосибирск;PR 0010 000 00 00;Проект_АК размещен на хранение;;;Проекты;АК;43;RUCH
ОСЦ Новосибирск;Архив №3 Екатеринбург;PR 0010 000 00 00;Проект_АК размещен на хранение;;;Проекты;АК;43;RUCH
ОСЦ Самара;Архив №1 Самара;PR 0010 000 00 00;Проект_АК размещен на хранение;;;Проекты;АК;0;RUCH
ОСЦ Воронеж;Архив №1 Воронеж;PR 0013 000 00 00;Проект_АК изъят с хранения;;;Проекты;АК;0;RUCH
ОСЦ Воронеж;Архив №3 Калининград;PR 0013 000 00 00;Проект_АК изъят с хранения;;;Проекты;АК;0;RUCH
ОСЦ Воронеж;Архив №4 Санкт-Петербург;PR 0013 000 00 00;Проект_АК изъят с хранения;;;Проекты;АК;0;RUCH
ОСЦ Москва;Архив №1 Томилино;PR 0013 000 00 00;Проект_АК изъят с хранения;;;Проекты;АК;0;RUCH
ОСЦ Нижний Новгород;Архив №1 Нижний Новгород;PR 0013 000 00 00;Проект_АК изъят с хранения;;;Проекты;АК;32;RUCH
ОСЦ Новосибирск;Архив №1 Новосибирск;PR 0013 000 00 00;Проект_АК изъят с хранения;;;Проекты;АК;32;RUCH
ОСЦ Новосибирск;Архив №3 Екатеринбург;PR 0013 000 00 00;Проект_АК изъят с хранения;;;Проекты;АК;32;RUCH
ОСЦ Самара;Архив №1 Самара;PR 0013 000 00 00;Проект_АК изъят с хранения;;;Проекты;АК;32;RUCH
ОСЦ Воронеж;Вне подразделений;PR 0077 000 00 00;Проект_Регистрация АК;;;Проекты;;0;RUCH
ОСЦ Воронеж;Архив №1 Воронеж;PR 0077 000 00 00;Проект_Регистрация АК;;;Проекты;;0;RUCH
ОСЦ Воронеж;Архив №3 Калининград;PR 0077 000 00 00;Проект_Регистрация АК;;;Проекты;;0;RUCH
ОСЦ Воронеж;Архив №4 Санкт-Петербург;PR 0077 000 00 00;Проект_Регистрация АК;;;Проекты;;0;RUCH
ОСЦ Москва;Архив №1 Томилино;PR 0077 000 00 00;Проект_Регистрация АК;;;Проекты;;0;RUCH
ОСЦ Нижний Новгород;Архив №1 Нижний Новгород;PR 0077 000 00 00;Проект_Регистрация АК;;;Проекты;;19,625;RUCH
ОСЦ Новосибирск;Архив №1 Новосибирск;PR 0077 000 00 00;Проект_Регистрация АК;;;Проекты;;1;RUCH
ОСЦ Новосибирск;Архив №3 Екатеринбург;PR 0077 000 00 00;Проект_Регистрация АК;;;Проекты;;0;RUCH
ОСЦ Самара;Архив №1 Самара;PR 0077 000 00 00;Проект_Регистрация АК;;;Проекты;;0;RUCH
ОСЦ Воронеж;Вне подразделений;PR 0085 000 00 00;Проект_Регистрация FB;;;Проекты;;0;RUCH
ОСЦ Воронеж;Архив №1 Воронеж;PR 0085 000 00 00;Проект_Регистрация FB;;;Проекты;;0;RUCH
ОСЦ Воронеж;Архив №3 Калининград;PR 0085 000 00 00;Проект_Регистрация FB;;;Проекты;;0;RUCH
ОСЦ Воронеж;Архив №4 Санкт-Петербург;PR 0085 000 00 00;Проект_Регистрация FB;;;Проекты;;0;RUCH
ОСЦ Москва;Архив №1 Томилино;PR 0085 000 00 00;Проект_Регистрация FB;;;Проекты;;0;RUCH
ОСЦ Нижний Новгород;Архив №1 Нижний Новгород;PR 0085 000 00 00;Проект_Регистрация FB;;;Проекты;;19,625;RUCH
ОСЦ Новосибирск;Архив №1 Новосибирск;PR 0085 000 00 00;Проект_Регистрация FB;;;Проекты;;1;RUCH
ОСЦ Новосибирск;Архив №3 Екатеринбург;PR 0085 000 00 00;Проект_Регистрация FB;;;Проекты;;0;RUCH
ОСЦ Самара;Архив №1 Самара;PR 0085 000 00 00;Проект_Регистрация FB;;;Проекты;;0;RUCH
ОСЦ Воронеж;Вне подразделений;PR 0021 000 00 00;Проект_АК перемаркирован;;;Проекты;;0;RUCH
ОСЦ Воронеж;Архив №1 Воронеж;PR 0021 000 00 00;Проект_АК перемаркирован;;;Проекты;;0;RUCH
ОСЦ Воронеж;Архив №3 Калининград;PR 0021 000 00 00;Проект_АК перемаркирован;;;Проекты;;0;RUCH
ОСЦ Воронеж;Архив №4 Санкт-Петербург;PR 0021 000 00 00;Проект_АК перемаркирован;;;Проекты;;0;RUCH
ОСЦ Москва;Архив №1 Томилино;PR 0021 000 00 00;Проект_АК перемаркирован;;;Проекты;;0;RUCH
ОСЦ Нижний Новгород;Архив №1 Нижний Новгород;PR 0021 000 00 00;Проект_АК перемаркирован;;;Проекты;;0;RUCH
ОСЦ Новосибирск;Архив №1 Новосибирск;PR 0021 000 00 00;Проект_АК перемаркирован;;;Проекты;;30;RUCH
ОСЦ Новосибирск;Архив №3 Екатеринбург;PR 0021 000 00 00;Проект_АК перемаркирован;;;Проекты;;30;RUCH
ОСЦ Самара;Архив №1 Самара;PR 0021 000 00 00;Проект_АК перемаркирован;;;Проекты;;0;RUCH
ОСЦ Воронеж;Вне подразделений;MS 071 000 00 00;Проект_Документ/Опись помещен в архивный/файловый короб;;;Проекты;документ;0;RUCH
ОСЦ Воронеж;Архив №1 Воронеж;MS 071 000 00 00;Проект_Документ/Опись помещен в архивный/файловый короб;;;Проекты;документ;8;RUCH
ОСЦ Воронеж;Архив №3 Калининград;MS 071 000 00 00;Проект_Документ/Опись помещен в архивный/файловый короб;;;Проекты;документ;8;RUCH
ОСЦ Воронеж;Архив №4 Санкт-Петербург;MS 071 000 00 00;Проект_Документ/Опись помещен в архивный/файловый короб;;;Проекты;документ;8;RUCH
ОСЦ Москва;Вне подразделений;MS 071 000 00 00;Проект_Документ/Опись помещен в архивный/файловый короб;;;Проекты;документ;0;RUCH
ОСЦ Москва;Архив №1 Томилино;MS 071 000 00 00;Проект_Документ/Опись помещен в архивный/файловый короб;;;Проекты;документ;0;RUCH
ОСЦ Нижний Новгород;Вне подразделений;MS 071 000 00 00;Проект_Документ/Опись помещен в архивный/файловый короб;;;Проекты;документ;0;RUCH
ОСЦ Нижний Новгород;Архив №1 Нижний Новгород;MS 071 000 00 00;Проект_Документ/Опись помещен в архивный/файловый короб;;;Проекты;документ;0;RUCH
ОСЦ Новосибирск;Вне подразделений;MS 071 000 00 00;Проект_Документ/Опись помещен в архивный/файловый короб;;;Проекты;документ;0;RUCH
ОСЦ Новосибирск;Архив №1 Новосибирск;MS 071 000 00 00;Проект_Документ/Опись помещен в архивный/файловый короб;;;Проекты;документ;8;RUCH
ОСЦ Самара;Вне подразделений;MS 071 000 00 00;Проект_Документ/Опись помещен в архивный/файловый короб;;;Проекты;документ;0;RUCH
ОСЦ Новосибирск;Архив №3 Екатеринбург;MS 071 000 00 00;Проект_Документ/Опись помещен в архивный/файловый короб;;;Проекты;документ;9,97;RUCH
ОСЦ Самара;Архив №1 Самара;MS 071 000 00 00;Проект_Документ/Опись помещен в архивный/файловый короб;;;Проекты;документ;8;RUCH
ОСЦ Воронеж;Вне подразделений;RS 000 000 00 00;Проект_Размещение ЭГО документов/досье в ЕСМ_входящий поток_ОБЩИЙ файл;;;Проекты;страница;0;RUCH
ОСЦ Воронеж;Архив №1 Воронеж;RS 000 000 00 00;Проект_Размещение ЭГО документов/досье в ЕСМ_входящий поток_ОБЩИЙ файл;;;Проекты;страница;0;RUCH
ОСЦ Воронеж;Архив №3 Калининград;RS 000 000 00 00;Проект_Размещение ЭГО документов/досье в ЕСМ_входящий поток_ОБЩИЙ файл;;;Проекты;страница;0;RUCH
ОСЦ Воронеж;Архив №4 Санкт-Петербург;RS 000 000 00 00;Проект_Размещение ЭГО документов/досье в ЕСМ_входящий поток_ОБЩИЙ файл;;;Проекты;страница;0;RUCH
ОСЦ Москва;Вне подразделений;RS 000 000 00 00;Проект_Размещение ЭГО документов/досье в ЕСМ_входящий поток_ОБЩИЙ файл;;;Проекты;страница;0;RUCH
ОСЦ Москва;Архив №1 Томилино;RS 000 000 00 00;Проект_Размещение ЭГО документов/досье в ЕСМ_входящий поток_ОБЩИЙ файл;;;Проекты;страница;0;RUCH
ОСЦ Нижний Новгород;Вне подразделений;RS 000 000 00 00;Проект_Размещение ЭГО документов/досье в ЕСМ_входящий поток_ОБЩИЙ файл;;;Проекты;страница;0;RUCH
ОСЦ Нижний Новгород;Архив №1 Нижний Новгород;RS 000 000 00 00;Проект_Размещение ЭГО документов/досье в ЕСМ_входящий поток_ОБЩИЙ файл;;;Проекты;страница;40,419;RUCH
ОСЦ Новосибирск;Вне подразделений;RS 000 000 00 00;Проект_Размещение ЭГО документов/досье в ЕСМ_входящий поток_ОБЩИЙ файл;;;Проекты;страница;0;RUCH
ОСЦ Новосибирск;Архив №1 Новосибирск;RS 000 000 00 00;Проект_Размещение ЭГО документов/досье в ЕСМ_входящий поток_ОБЩИЙ файл;;;Проекты;страница;0;RUCH
ОСЦ Самара;Вне подразделений;RS 000 000 00 00;Проект_Размещение ЭГО документов/досье в ЕСМ_входящий поток_ОБЩИЙ файл;;;Проекты;страница;0;RUCH
ОСЦ Новосибирск;Архив №3 Екатеринбург;RS 000 000 00 00;Проект_Размещение ЭГО документов/досье в ЕСМ_входящий поток_ОБЩИЙ файл;;;Проекты;страница;0;RUCH
ОСЦ Самара;Архив №1 Самара;RS 000 000 00 00;Проект_Размещение ЭГО документов/досье в ЕСМ_входящий поток_ОБЩИЙ файл;;;Проекты;страница;0;RUCH
ОСЦ Воронеж;Вне подразделений;SL 014 000 00 01;Проект_Перекартонирование полупустых АК;;;Проекты;АК;180;RUCH
ОСЦ Воронеж;Архив №1 Воронеж;SL 014 000 00 01;Проект_Перекартонирование полупустых АК;;;Проекты;АК;180;RUCH
ОСЦ Воронеж;Архив №3 Калининград;SL 014 000 00 01;Проект_Перекартонирование полупустых АК;;;Проекты;АК;180;RUCH
ОСЦ Воронеж;Архив №4 Санкт-Петербург;SL 014 000 00 01;Проект_Перекартонирование полупустых АК;;;Проекты;АК;180;RUCH
ОСЦ Москва;Вне подразделений;SL 014 000 00 01;Проект_Перекартонирование полупустых АК;;;Проекты;АК;0;RUCH
ОСЦ Москва;Архив №1 Томилино;SL 014 000 00 01;Проект_Перекартонирование полупустых АК;;;Проекты;АК;0;RUCH
ОСЦ Нижний Новгород;Вне подразделений;SL 014 000 00 01;Проект_Перекартонирование полупустых АК;;;Проекты;АК;0;RUCH
ОСЦ Нижний Новгород;Архив №1 Нижний Новгород;SL 014 000 00 01;Проект_Перекартонирование полупустых АК;;;Проекты;АК;180;RUCH
ОСЦ Новосибирск;Вне подразделений;SL 014 000 00 01;Проект_Перекартонирование полупустых АК;;;Проекты;АК;0;RUCH
ОСЦ Новосибирск;Архив №1 Новосибирск;SL 014 000 00 01;Проект_Перекартонирование полупустых АК;;;Проекты;АК;0;RUCH
ОСЦ Самара;Вне подразделений;SL 014 000 00 01;Проект_Перекартонирование полупустых АК;;;Проекты;АК;0;RUCH
ОСЦ Новосибирск;Архив №3 Екатеринбург;SL 014 000 00 01;Проект_Перекартонирование полупустых АК;;;Проекты;АК;0;RUCH
ОСЦ Самара;Архив №1 Самара;SL 014 000 00 01;Проект_Перекартонирование полупустых АК;;;Проекты;АК;0;RUCH
ОСЦ Воронеж;Вне подразделений;SL 053 000 00 01;Проект_Изъято / Размещено из/в АЛЦ коробов по запросам;-;00;Проекты;АК;0;RUCH
ОСЦ Воронеж;Архив №1 Воронеж;SL 053 000 00 01;Проект_Изъято / Размещено из/в АЛЦ коробов по запросам;-;00;Проекты;АК;0;RUCH
ОСЦ Воронеж;Архив №3 Калининград;SL 053 000 00 01;Проект_Изъято / Размещено из/в АЛЦ коробов по запросам;-;00;Проекты;АК;0;RUCH
ОСЦ Воронеж;Архив №4 Санкт-Петербург;SL 053 000 00 01;Проект_Изъято / Размещено из/в АЛЦ коробов по запросам;-;00;Проекты;АК;0;RUCH
ОСЦ Москва;Вне подразделений;SL 053 000 00 01;Проект_Изъято / Размещено из/в АЛЦ коробов по запросам;-;00;Проекты;АК;0;RUCH
ОСЦ Москва;Архив №1 Томилино;SL 053 000 00 01;Проект_Изъято / Размещено из/в АЛЦ коробов по запросам;-;00;Проекты;АК;0;RUCH
ОСЦ Нижний Новгород;Вне подразделений;SL 053 000 00 01;Проект_Изъято / Размещено из/в АЛЦ коробов по запросам;-;00;Проекты;АК;0;RUCH
ОСЦ Нижний Новгород;Архив №1 Нижний Новгород;SL 053 000 00 01;Проект_Изъято / Размещено из/в АЛЦ коробов по запросам;-;00;Проекты;АК;29;RUCH
ОСЦ Новосибирск;Вне подразделений;SL 053 000 00 01;Проект_Изъято / Размещено из/в АЛЦ коробов по запросам;-;00;Проекты;АК;0;RUCH
ОСЦ Новосибирск;Архив №1 Новосибирск;SL 053 000 00 01;Проект_Изъято / Размещено из/в АЛЦ коробов по запросам;-;00;Проекты;АК;0;RUCH
ОСЦ Самара;Вне подразделений;SL 053 000 00 01;Проект_Изъято / Размещено из/в АЛЦ коробов по запросам;-;00;Проекты;АК;0;RUCH
ОСЦ Новосибирск;Архив №3 Екатеринбург;SL 053 000 00 01;Проект_Изъято / Размещено из/в АЛЦ коробов по запросам;-;00;Проекты;АК;0;RUCH
ОСЦ Самара;Архив №1 Самара;SL 053 000 00 01;Проект_Изъято / Размещено из/в АЛЦ коробов по запросам;-;00;Проекты;АК;28;RUCH
ОСЦ Воронеж;Вне подразделений;SL 077 000 00 01;Проект_Перекартонирование поврежденных архивных коробов;-;00;Проекты;АК;0;RUCH
ОСЦ Воронеж;Архив №1 Воронеж;SL 077 000 00 01;Проект_Перекартонирование поврежденных архивных коробов;-;00;Проекты;АК;0;RUCH
ОСЦ Воронеж;Архив №3 Калининград;SL 077 000 00 01;Проект_Перекартонирование поврежденных архивных коробов;-;00;Проекты;АК;0;RUCH
ОСЦ Воронеж;Архив №4 Санкт-Петербург;SL 077 000 00 01;Проект_Перекартонирование поврежденных архивных коробов;-;00;Проекты;АК;72;RUCH
ОСЦ Москва;Вне подразделений;SL 077 000 00 01;Проект_Перекартонирование поврежденных архивных коробов;-;00;Проекты;АК;0;RUCH
ОСЦ Москва;Архив №1 Томилино;SL 077 000 00 01;Проект_Перекартонирование поврежденных архивных коробов;-;00;Проекты;АК;0;RUCH
ОСЦ Нижний Новгород;Вне подразделений;SL 077 000 00 01;Проект_Перекартонирование поврежденных архивных коробов;-;00;Проекты;АК;0;RUCH
ОСЦ Нижний Новгород;Архив №1 Нижний Новгород;SL 077 000 00 01;Проект_Перекартонирование поврежденных архивных коробов;-;00;Проекты;АК;0;RUCH
ОСЦ Новосибирск;Вне подразделений;SL 077 000 00 01;Проект_Перекартонирование поврежденных архивных коробов;-;00;Проекты;АК;0;RUCH
ОСЦ Новосибирск;Архив №1 Новосибирск;SL 077 000 00 01;Проект_Перекартонирование поврежденных архивных коробов;-;00;Проекты;АК;72;RUCH
ОСЦ Самара;Вне подразделений;SL 077 000 00 01;Проект_Перекартонирование поврежденных архивных коробов;-;00;Проекты;АК;0;RUCH
ОСЦ Новосибирск;Архив №3 Екатеринбург;SL 077 000 00 01;Проект_Перекартонирование поврежденных архивных коробов;-;00;Проекты;АК;72;RUCH
ОСЦ Самара;Архив №1 Самара;SL 077 000 00 01;Проект_Перекартонирование поврежденных архивных коробов;-;00;Проекты;АК;0;RUCH
ОСЦ Воронеж;Вне подразделений;SL 096 000 00 01;Проект_Сборка АК/ФК;-;00;Проекты;АК/ФК;0;RUCH
ОСЦ Воронеж;Архив №1 Воронеж;SL 096 000 00 01;Проект_Сборка АК/ФК;-;00;Проекты;АК/ФК;0;RUCH
ОСЦ Воронеж;Архив №3 Калининград;SL 096 000 00 01;Проект_Сборка АК/ФК;-;00;Проекты;АК/ФК;0;RUCH
ОСЦ Воронеж;Архив №4 Санкт-Петербург;SL 096 000 00 01;Проект_Сборка АК/ФК;-;00;Проекты;АК/ФК;0;RUCH
ОСЦ Москва;Вне подразделений;SL 096 000 00 01;Проект_Сборка АК/ФК;-;00;Проекты;АК/ФК;0;RUCH
ОСЦ Москва;Архив №1 Томилино;SL 096 000 00 01;Проект_Сборка АК/ФК;-;00;Проекты;АК/ФК;0;RUCH
ОСЦ Нижний Новгород;Вне подразделений;SL 096 000 00 01;Проект_Сборка АК/ФК;-;00;Проекты;АК/ФК;0;RUCH
ОСЦ Нижний Новгород;Архив №1 Нижний Новгород;SL 096 000 00 01;Проект_Сборка АК/ФК;-;00;Проекты;АК/ФК;12;RUCH
ОСЦ Новосибирск;Вне подразделений;SL 096 000 00 01;Проект_Сборка АК/ФК;-;00;Проекты;АК/ФК;0;RUCH
ОСЦ Новосибирск;Архив №1 Новосибирск;SL 096 000 00 01;Проект_Сборка АК/ФК;-;00;Проекты;АК/ФК;12;RUCH
ОСЦ Самара;Вне подразделений;SL 096 000 00 01;Проект_Сборка АК/ФК;-;00;Проекты;АК/ФК;0;RUCH
ОСЦ Новосибирск;Архив №3 Екатеринбург;SL 096 000 00 01;Проект_Сборка АК/ФК;-;00;Проекты;АК/ФК;12;RUCH
ОСЦ Самара;Архив №1 Самара;SL 096 000 00 01;Проект_Сборка АК/ФК;-;00;Проекты;АК/ФК;12;RUCH
ОСЦ Воронеж;Вне подразделений;SL 103 000 00 01;Проект_Перекартонирование_Документ присутствовал внутри короба при проведении контроля полноты короба;-;00;Проекты;документ;0;RUCH
ОСЦ Воронеж;Архив №1 Воронеж;SL 103 000 00 01;Проект_Перекартонирование_Документ присутствовал внутри короба при проведении контроля полноты короба;-;00;Проекты;документ;0;RUCH
ОСЦ Воронеж;Архив №3 Калининград;SL 103 000 00 01;Проект_Перекартонирование_Документ присутствовал внутри короба при проведении контроля полноты короба;-;00;Проекты;документ;2;RUCH
ОСЦ Воронеж;Архив №4 Санкт-Петербург;SL 103 000 00 01;Проект_Перекартонирование_Документ присутствовал внутри короба при проведении контроля полноты короба;-;00;Проекты;документ;0;RUCH
ОСЦ Москва;Вне подразделений;SL 103 000 00 01;Проект_Перекартонирование_Документ присутствовал внутри короба при проведении контроля полноты короба;-;00;Проекты;документ;0;RUCH
ОСЦ Москва;Архив №1 Томилино;SL 103 000 00 01;Проект_Перекартонирование_Документ присутствовал внутри короба при проведении контроля полноты короба;-;00;Проекты;документ;0;RUCH
ОСЦ Нижний Новгород;Вне подразделений;SL 103 000 00 01;Проект_Перекартонирование_Документ присутствовал внутри короба при проведении контроля полноты короба;-;00;Проекты;документ;0;RUCH
ОСЦ Нижний Новгород;Архив №1 Нижний Новгород;SL 103 000 00 01;Проект_Перекартонирование_Документ присутствовал внутри короба при проведении контроля полноты короба;-;00;Проекты;документ;1,818;RUCH
ОСЦ Новосибирск;Вне подразделений;SL 103 000 00 01;Проект_Перекартонирование_Документ присутствовал внутри короба при проведении контроля полноты короба;-;00;Проекты;документ;0;RUCH
ОСЦ Новосибирск;Архив №1 Новосибирск;SL 103 000 00 01;Проект_Перекартонирование_Документ присутствовал внутри короба при проведении контроля полноты короба;-;00;Проекты;документ;0;RUCH
ОСЦ Самара;Вне подразделений;SL 103 000 00 01;Проект_Перекартонирование_Документ присутствовал внутри короба при проведении контроля полноты короба;-;00;Проекты;документ;0;RUCH
ОСЦ Новосибирск;Архив №3 Екатеринбург;SL 103 000 00 01;Проект_Перекартонирование_Документ присутствовал внутри короба при проведении контроля полноты короба;-;00;Проекты;документ;0;RUCH
ОСЦ Самара;Архив №1 Самара;SL 103 000 00 01;Проект_Перекартонирование_Документ присутствовал внутри короба при проведении контроля полноты короба;-;00;Проекты;документ;0;RUCH
ОСЦ Воронеж;Вне подразделений;SL 104 000 00 01;Проект_Перекартонирование_Опись присутствовала внутри короба при проведении контроля полноты короба;-;00;Проекты;документ;0;RUCH
ОСЦ Воронеж;Архив №1 Воронеж;SL 104 000 00 01;Проект_Перекартонирование_Опись присутствовала внутри короба при проведении контроля полноты короба;-;00;Проекты;документ;0;RUCH
ОСЦ Воронеж;Архив №3 Калининград;SL 104 000 00 01;Проект_Перекартонирование_Опись присутствовала внутри короба при проведении контроля полноты короба;-;00;Проекты;документ;3,2;RUCH
ОСЦ Воронеж;Архив №4 Санкт-Петербург;SL 104 000 00 01;Проект_Перекартонирование_Опись присутствовала внутри короба при проведении контроля полноты короба;-;00;Проекты;документ;0;RUCH
ОСЦ Москва;Вне подразделений;SL 104 000 00 01;Проект_Перекартонирование_Опись присутствовала внутри короба при проведении контроля полноты короба;-;00;Проекты;документ;0;RUCH
ОСЦ Москва;Архив №1 Томилино;SL 104 000 00 01;Проект_Перекартонирование_Опись присутствовала внутри короба при проведении контроля полноты короба;-;00;Проекты;документ;0;RUCH
ОСЦ Нижний Новгород;Вне подразделений;SL 104 000 00 01;Проект_Перекартонирование_Опись присутствовала внутри короба при проведении контроля полноты короба;-;00;Проекты;документ;0;RUCH
ОСЦ Нижний Новгород;Архив №1 Нижний Новгород;SL 104 000 00 01;Проект_Перекартонирование_Опись присутствовала внутри короба при проведении контроля полноты короба;-;00;Проекты;документ;2,56;RUCH
ОСЦ Новосибирск;Вне подразделений;SL 104 000 00 01;Проект_Перекартонирование_Опись присутствовала внутри короба при проведении контроля полноты короба;-;00;Проекты;документ;0;RUCH
ОСЦ Новосибирск;Архив №1 Новосибирск;SL 104 000 00 01;Проект_Перекартонирование_Опись присутствовала внутри короба при проведении контроля полноты короба;-;00;Проекты;документ;0;RUCH
ОСЦ Самара;Вне подразделений;SL 104 000 00 01;Проект_Перекартонирование_Опись присутствовала внутри короба при проведении контроля полноты короба;-;00;Проекты;документ;0;RUCH
ОСЦ Новосибирск;Архив №3 Екатеринбург;SL 104 000 00 01;Проект_Перекартонирование_Опись присутствовала внутри короба при проведении контроля полноты короба;-;00;Проекты;документ;0;RUCH
ОСЦ Самара;Архив №1 Самара;SL 104 000 00 01;Проект_Перекартонирование_Опись присутствовала внутри короба при проведении контроля полноты короба;-;00;Проекты;документ;0;RUCH
ОСЦ Воронеж;Вне подразделений;SL 105 000 00 01;Проект_Перекартонирование_Сшив присутствовал внутри короба при проведении контроля полноты короба;-;00;Проекты;документ;0;RUCH
ОСЦ Воронеж;Архив №1 Воронеж;SL 105 000 00 01;Проект_Перекартонирование_Сшив присутствовал внутри короба при проведении контроля полноты короба;-;00;Проекты;документ;0;RUCH
ОСЦ Воронеж;Архив №3 Калининград;SL 105 000 00 01;Проект_Перекартонирование_Сшив присутствовал внутри короба при проведении контроля полноты короба;-;00;Проекты;документ;4,8;RUCH
ОСЦ Воронеж;Архив №4 Санкт-Петербург;SL 105 000 00 01;Проект_Перекартонирование_Сшив присутствовал внутри короба при проведении контроля полноты короба;-;00;Проекты;документ;0;RUCH
ОСЦ Москва;Вне подразделений;SL 105 000 00 01;Проект_Перекартонирование_Сшив присутствовал внутри короба при проведении контроля полноты короба;-;00;Проекты;документ;0;RUCH
ОСЦ Москва;Архив №1 Томилино;SL 105 000 00 01;Проект_Перекартонирование_Сшив присутствовал внутри короба при проведении контроля полноты короба;-;00;Проекты;документ;0;RUCH
ОСЦ Нижний Новгород;Вне подразделений;SL 105 000 00 01;Проект_Перекартонирование_Сшив присутствовал внутри короба при проведении контроля полноты короба;-;00;Проекты;документ;0;RUCH
ОСЦ Нижний Новгород;Архив №1 Нижний Новгород;SL 105 000 00 01;Проект_Перекартонирование_Сшив присутствовал внутри короба при проведении контроля полноты короба;-;00;Проекты;документ;3,8;RUCH
ОСЦ Новосибирск;Вне подразделений;SL 105 000 00 01;Проект_Перекартонирование_Сшив присутствовал внутри короба при проведении контроля полноты короба;-;00;Проекты;документ;0;RUCH
ОСЦ Новосибирск;Архив №1 Новосибирск;SL 105 000 00 01;Проект_Перекартонирование_Сшив присутствовал внутри короба при проведении контроля полноты короба;-;00;Проекты;документ;0;RUCH
ОСЦ Самара;Вне подразделений;SL 105 000 00 01;Проект_Перекартонирование_Сшив присутствовал внутри короба при проведении контроля полноты короба;-;00;Проекты;документ;0;RUCH
ОСЦ Новосибирск;Архив №3 Екатеринбург;SL 105 000 00 01;Проект_Перекартонирование_Сшив присутствовал внутри короба при проведении контроля полноты короба;-;00;Проекты;документ;0;RUCH
ОСЦ Самара;Архив №1 Самара;SL 105 000 00 01;Проект_Перекартонирование_Сшив присутствовал внутри короба при проведении контроля полноты короба;-;00;Проекты;документ;0;RUCH
ОСЦ Воронеж;Вне подразделений;SL 106 000 00 01;Проект_Уплотнение_Документ присутствовал внутри короба при проведении контроля полноты короба;-;00;Проекты;документ;0;RUCH
ОСЦ Воронеж;Архив №1 Воронеж;SL 106 000 00 01;Проект_Уплотнение_Документ присутствовал внутри короба при проведении контроля полноты короба;-;00;Проекты;документ;0;RUCH
ОСЦ Воронеж;Архив №3 Калининград;SL 106 000 00 01;Проект_Уплотнение_Документ присутствовал внутри короба при проведении контроля полноты короба;-;00;Проекты;документ;2;RUCH
ОСЦ Воронеж;Архив №4 Санкт-Петербург;SL 106 000 00 01;Проект_Уплотнение_Документ присутствовал внутри короба при проведении контроля полноты короба;-;00;Проекты;документ;0;RUCH
ОСЦ Москва;Вне подразделений;SL 106 000 00 01;Проект_Уплотнение_Документ присутствовал внутри короба при проведении контроля полноты короба;-;00;Проекты;документ;0;RUCH
ОСЦ Москва;Архив №1 Томилино;SL 106 000 00 01;Проект_Уплотнение_Документ присутствовал внутри короба при проведении контроля полноты короба;-;00;Проекты;документ;0;RUCH
ОСЦ Нижний Новгород;Вне подразделений;SL 106 000 00 01;Проект_Уплотнение_Документ присутствовал внутри короба при проведении контроля полноты короба;-;00;Проекты;документ;0;RUCH
ОСЦ Нижний Новгород;Архив №1 Нижний Новгород;SL 106 000 00 01;Проект_Уплотнение_Документ присутствовал внутри короба при проведении контроля полноты короба;-;00;Проекты;документ;2;RUCH
ОСЦ Новосибирск;Вне подразделений;SL 106 000 00 01;Проект_Уплотнение_Документ присутствовал внутри короба при проведении контроля полноты короба;-;00;Проекты;документ;0;RUCH
ОСЦ Новосибирск;Архив №1 Новосибирск;SL 106 000 00 01;Проект_Уплотнение_Документ присутствовал внутри короба при проведении контроля полноты короба;-;00;Проекты;документ;0;RUCH
ОСЦ Самара;Вне подразделений;SL 106 000 00 01;Проект_Уплотнение_Документ присутствовал внутри короба при проведении контроля полноты короба;-;00;Проекты;документ;0;RUCH
ОСЦ Новосибирск;Архив №3 Екатеринбург;SL 106 000 00 01;Проект_Уплотнение_Документ присутствовал внутри короба при проведении контроля полноты короба;-;00;Проекты;документ;0;RUCH
ОСЦ Самара;Архив №1 Самара;SL 106 000 00 01;Проект_Уплотнение_Документ присутствовал внутри короба при проведении контроля полноты короба;-;00;Проекты;документ;0;RUCH
ОСЦ Воронеж;Вне подразделений;SL 107 000 00 01;Проект_Уплотнение_Опись присутствовала внутри короба при проведении контроля полноты короба;-;00;Проекты;документ;0;RUCH
ОСЦ Воронеж;Архив №1 Воронеж;SL 107 000 00 01;Проект_Уплотнение_Опись присутствовала внутри короба при проведении контроля полноты короба;-;00;Проекты;документ;0;RUCH
ОСЦ Воронеж;Архив №3 Калининград;SL 107 000 00 01;Проект_Уплотнение_Опись присутствовала внутри короба при проведении контроля полноты короба;-;00;Проекты;документ;3,2;RUCH
ОСЦ Воронеж;Архив №4 Санкт-Петербург;SL 107 000 00 01;Проект_Уплотнение_Опись присутствовала внутри короба при проведении контроля полноты короба;-;00;Проекты;документ;0;RUCH
ОСЦ Москва;Вне подразделений;SL 107 000 00 01;Проект_Уплотнение_Опись присутствовала внутри короба при проведении контроля полноты короба;-;00;Проекты;документ;0;RUCH
ОСЦ Москва;Архив №1 Томилино;SL 107 000 00 01;Проект_Уплотнение_Опись присутствовала внутри короба при проведении контроля полноты короба;-;00;Проекты;документ;0;RUCH
ОСЦ Нижний Новгород;Вне подразделений;SL 107 000 00 01;Проект_Уплотнение_Опись присутствовала внутри короба при проведении контроля полноты короба;-;00;Проекты;документ;0;RUCH
ОСЦ Нижний Новгород;Архив №1 Нижний Новгород;SL 107 000 00 01;Проект_Уплотнение_Опись присутствовала внутри короба при проведении контроля полноты короба;-;00;Проекты;документ;3,2;RUCH
ОСЦ Новосибирск;Вне подразделений;SL 107 000 00 01;Проект_Уплотнение_Опись присутствовала внутри короба при проведении контроля полноты короба;-;00;Проекты;документ;0;RUCH
ОСЦ Новосибирск;Архив №1 Новосибирск;SL 107 000 00 01;Проект_Уплотнение_Опись присутствовала внутри короба при проведении контроля полноты короба;-;00;Проекты;документ;0;RUCH
ОСЦ Самара;Вне подразделений;SL 107 000 00 01;Проект_Уплотнение_Опись присутствовала внутри короба при проведении контроля полноты короба;-;00;Проекты;документ;0;RUCH
ОСЦ Новосибирск;Архив №3 Екатеринбург;SL 107 000 00 01;Проект_Уплотнение_Опись присутствовала внутри короба при проведении контроля полноты короба;-;00;Проекты;документ;0;RUCH
ОСЦ Самара;Архив №1 Самара;SL 107 000 00 01;Проект_Уплотнение_Опись присутствовала внутри короба при проведении контроля полноты короба;-;00;Проекты;документ;0;RUCH
ОСЦ Воронеж;Вне подразделений;SL 108 000 00 01;Проект_Уплотнение_Сшив присутствовал внутри короба при проведении контроля полноты короба;-;00;Проекты;документ;0;RUCH
ОСЦ Воронеж;Архив №1 Воронеж;SL 108 000 00 01;Проект_Уплотнение_Сшив присутствовал внутри короба при проведении контроля полноты короба;-;00;Проекты;документ;0;RUCH
ОСЦ Воронеж;Архив №3 Калининград;SL 108 000 00 01;Проект_Уплотнение_Сшив присутствовал внутри короба при проведении контроля полноты короба;-;00;Проекты;документ;3,2;RUCH
ОСЦ Воронеж;Архив №4 Санкт-Петербург;SL 108 000 00 01;Проект_Уплотнение_Сшив присутствовал внутри короба при проведении контроля полноты короба;-;00;Проекты;документ;0;RUCH
ОСЦ Москва;Вне подразделений;SL 108 000 00 01;Проект_Уплотнение_Сшив присутствовал внутри короба при проведении контроля полноты короба;-;00;Проекты;документ;0;RUCH
ОСЦ Москва;Архив №1 Томилино;SL 108 000 00 01;Проект_Уплотнение_Сшив присутствовал внутри короба при проведении контроля полноты короба;-;00;Проекты;документ;0;RUCH
ОСЦ Нижний Новгород;Вне подразделений;SL 108 000 00 01;Проект_Уплотнение_Сшив присутствовал внутри короба при проведении контроля полноты короба;-;00;Проекты;документ;0;RUCH
ОСЦ Нижний Новгород;Архив №1 Нижний Новгород;SL 108 000 00 01;Проект_Уплотнение_Сшив присутствовал внутри короба при проведении контроля полноты короба;-;00;Проекты;документ;3,2;RUCH
ОСЦ Новосибирск;Вне подразделений;SL 108 000 00 01;Проект_Уплотнение_Сшив присутствовал внутри короба при проведении контроля полноты короба;-;00;Проекты;документ;0;RUCH
ОСЦ Новосибирск;Архив №1 Новосибирск;SL 108 000 00 01;Проект_Уплотнение_Сшив присутствовал внутри короба при проведении контроля полноты короба;-;00;Проекты;документ;0;RUCH
ОСЦ Самара;Вне подразделений;SL 108 000 00 01;Проект_Уплотнение_Сшив присутствовал внутри короба при проведении контроля полноты короба;-;00;Проекты;документ;0;RUCH
ОСЦ Новосибирск;Архив №3 Екатеринбург;SL 108 000 00 01;Проект_Уплотнение_Сшив присутствовал внутри короба при проведении контроля полноты короба;-;00;Проекты;документ;0;RUCH
ОСЦ Самара;Архив №1 Самара;SL 108 000 00 01;Проект_Уплотнение_Сшив присутствовал внутри короба при проведении контроля полноты короба;-;00;Проекты;документ;0;RUCH
ОСЦ Воронеж;Вне подразделений;SR 212 000 00 01;Проект_ДВА_Определение ССП/ВСП - владельца документов и/или правопреемника;-;00;Проекты;Подразделение;0;RUCH
ОСЦ Воронеж;Архив №1 Воронеж;SR 212 000 00 01;Проект_ДВА_Определение ССП/ВСП - владельца документов и/или правопреемника;-;00;Проекты;Подразделение;80;RUCH
ОСЦ Воронеж;Архив №3 Калининград;SR 212 000 00 01;Проект_ДВА_Определение ССП/ВСП - владельца документов и/или правопреемника;-;00;Проекты;Подразделение;0;RUCH
ОСЦ Воронеж;Архив №4 Санкт-Петербург;SR 212 000 00 01;Проект_ДВА_Определение ССП/ВСП - владельца документов и/или правопреемника;-;00;Проекты;Подразделение;0;RUCH
ОСЦ Москва;Вне подразделений;SR 212 000 00 01;Проект_ДВА_Определение ССП/ВСП - владельца документов и/или правопреемника;-;00;Проекты;Подразделение;0;RUCH
ОСЦ Москва;Архив №1 Томилино;SR 212 000 00 01;Проект_ДВА_Определение ССП/ВСП - владельца документов и/или правопреемника;-;00;Проекты;Подразделение;0;RUCH
ОСЦ Нижний Новгород;Вне подразделений;SR 212 000 00 01;Проект_ДВА_Определение ССП/ВСП - владельца документов и/или правопреемника;-;00;Проекты;Подразделение;0;RUCH
ОСЦ Нижний Новгород;Архив №1 Нижний Новгород;SR 212 000 00 01;Проект_ДВА_Определение ССП/ВСП - владельца документов и/или правопреемника;-;00;Проекты;Подразделение;0;RUCH
ОСЦ Новосибирск;Вне подразделений;SR 212 000 00 01;Проект_ДВА_Определение ССП/ВСП - владельца документов и/или правопреемника;-;00;Проекты;Подразделение;0;RUCH
ОСЦ Новосибирск;Архив №1 Новосибирск;SR 212 000 00 01;Проект_ДВА_Определение ССП/ВСП - владельца документов и/или правопреемника;-;00;Проекты;Подразделение;0;RUCH
ОСЦ Самара;Вне подразделений;SR 212 000 00 01;Проект_ДВА_Определение ССП/ВСП - владельца документов и/или правопреемника;-;00;Проекты;Подразделение;0;RUCH
ОСЦ Новосибирск;Архив №3 Екатеринбург;SR 212 000 00 01;Проект_ДВА_Определение ССП/ВСП - владельца документов и/или правопреемника;-;00;Проекты;Подразделение;0;RUCH
ОСЦ Самара;Архив №1 Самара;SR 212 000 00 01;Проект_ДВА_Определение ССП/ВСП - владельца документов и/или правопреемника;-;00;Проекты;Подразделение;0;RUCH
ОСЦ Воронеж;Вне подразделений;SR 278 000 00 01;Проект_Сортировка документов (пакетная регистрация вкладов ПВБ);-;00;Проекты;ЕХ;0;RUCH
ОСЦ Воронеж;Архив №1 Воронеж;SR 278 000 00 01;Проект_Сортировка документов (пакетная регистрация вкладов ПВБ);-;00;Проекты;ЕХ;0;RUCH
ОСЦ Воронеж;Архив №3 Калининград;SR 278 000 00 01;Проект_Сортировка документов (пакетная регистрация вкладов ПВБ);-;00;Проекты;ЕХ;0;RUCH
ОСЦ Воронеж;Архив №4 Санкт-Петербург;SR 278 000 00 01;Проект_Сортировка документов (пакетная регистрация вкладов ПВБ);-;00;Проекты;ЕХ;0;RUCH
ОСЦ Москва;Вне подразделений;SR 278 000 00 01;Проект_Сортировка документов (пакетная регистрация вкладов ПВБ);-;00;Проекты;ЕХ;0;RUCH
ОСЦ Москва;Архив №1 Томилино;SR 278 000 00 01;Проект_Сортировка документов (пакетная регистрация вкладов ПВБ);-;00;Проекты;ЕХ;0;RUCH
ОСЦ Нижний Новгород;Вне подразделений;SR 278 000 00 01;Проект_Сортировка документов (пакетная регистрация вкладов ПВБ);-;00;Проекты;ЕХ;0;RUCH
ОСЦ Нижний Новгород;Архив №1 Нижний Новгород;SR 278 000 00 01;Проект_Сортировка документов (пакетная регистрация вкладов ПВБ);-;00;Проекты;ЕХ;4114;RUCH
ОСЦ Новосибирск;Вне подразделений;SR 278 000 00 01;Проект_Сортировка документов (пакетная регистрация вкладов ПВБ);-;00;Проекты;ЕХ;0;RUCH
ОСЦ Новосибирск;Архив №1 Новосибирск;SR 278 000 00 01;Проект_Сортировка документов (пакетная регистрация вкладов ПВБ);-;00;Проекты;ЕХ;4114;RUCH
ОСЦ Самара;Вне подразделений;SR 278 000 00 01;Проект_Сортировка документов (пакетная регистрация вкладов ПВБ);-;00;Проекты;ЕХ;0;RUCH
ОСЦ Новосибирск;Архив №3 Екатеринбург;SR 278 000 00 01;Проект_Сортировка документов (пакетная регистрация вкладов ПВБ);-;00;Проекты;ЕХ;0;RUCH
ОСЦ Самара;Архив №1 Самара;SR 278 000 00 01;Проект_Сортировка документов (пакетная регистрация вкладов ПВБ);-;00;Проекты;ЕХ;0;RUCH
ОСЦ Воронеж;Вне подразделений;SR 283 000 00 01;Проект_Опломбировка АК;-;00;Проекты;АК;0;RUCH
ОСЦ Воронеж;Архив №1 Воронеж;SR 283 000 00 01;Проект_Опломбировка АК;-;00;Проекты;АК;0;RUCH
ОСЦ Воронеж;Архив №3 Калининград;SR 283 000 00 01;Проект_Опломбировка АК;-;00;Проекты;АК;0;RUCH
ОСЦ Воронеж;Архив №4 Санкт-Петербург;SR 283 000 00 01;Проект_Опломбировка АК;-;00;Проекты;АК;0;RUCH
ОСЦ Москва;Вне подразделений;SR 283 000 00 01;Проект_Опломбировка АК;-;00;Проекты;АК;0;RUCH
ОСЦ Москва;Архив №1 Томилино;SR 283 000 00 01;Проект_Опломбировка АК;-;00;Проекты;АК;0;RUCH
ОСЦ Нижний Новгород;Вне подразделений;SR 283 000 00 01;Проект_Опломбировка АК;-;00;Проекты;АК;0;RUCH
ОСЦ Нижний Новгород;Архив №1 Нижний Новгород;SR 283 000 00 01;Проект_Опломбировка АК;-;00;Проекты;АК;30;RUCH
ОСЦ Новосибирск;Вне подразделений;SR 283 000 00 01;Проект_Опломбировка АК;-;00;Проекты;АК;0;RUCH
ОСЦ Новосибирск;Архив №1 Новосибирск;SR 283 000 00 01;Проект_Опломбировка АК;-;00;Проекты;АК;0;RUCH
ОСЦ Самара;Вне подразделений;SR 283 000 00 01;Проект_Опломбировка АК;-;00;Проекты;АК;0;RUCH
ОСЦ Новосибирск;Архив №3 Екатеринбург;SR 283 000 00 01;Проект_Опломбировка АК;-;00;Проекты;АК;0;RUCH
ОСЦ Самара;Архив №1 Самара;SR 283 000 00 01;Проект_Опломбировка АК;-;00;Проекты;АК;30;RUCH
ОСЦ Воронеж;Вне подразделений;SZ 026 000 00 10;"Проект_Формирование заданий при ""Ручном подборе"" заполнение Журналов: учета коробов ОСГ выдачи оригиналов документов учета по заявкам в АС ЦАРС (ответы клиентам) по КОД ЮЛ";-;00;Проекты;запись/ строка;0;RUCH
ОСЦ Воронеж;Архив №1 Воронеж;SZ 026 000 00 10;"Проект_Формирование заданий при ""Ручном подборе"" заполнение Журналов: учета коробов ОСГ выдачи оригиналов документов учета по заявкам в АС ЦАРС (ответы клиентам) по КОД ЮЛ";-;00;Проекты;запись/ строка;0;RUCH
ОСЦ Воронеж;Архив №3 Калининград;SZ 026 000 00 10;"Проект_Формирование заданий при ""Ручном подборе"" заполнение Журналов: учета коробов ОСГ выдачи оригиналов документов учета по заявкам в АС ЦАРС (ответы клиентам) по КОД ЮЛ";-;00;Проекты;запись/ строка;0;RUCH
ОСЦ Воронеж;Архив №4 Санкт-Петербург;SZ 026 000 00 10;"Проект_Формирование заданий при ""Ручном подборе"" заполнение Журналов: учета коробов ОСГ выдачи оригиналов документов учета по заявкам в АС ЦАРС (ответы клиентам) по КОД ЮЛ";-;00;Проекты;запись/ строка;0;RUCH
ОСЦ Москва;Вне подразделений;SZ 026 000 00 10;"Проект_Формирование заданий при ""Ручном подборе"" заполнение Журналов: учета коробов ОСГ выдачи оригиналов документов учета по заявкам в АС ЦАРС (ответы клиентам) по КОД ЮЛ";-;00;Проекты;запись/ строка;0;RUCH
ОСЦ Москва;Архив №1 Томилино;SZ 026 000 00 10;"Проект_Формирование заданий при ""Ручном подборе"" заполнение Журналов: учета коробов ОСГ выдачи оригиналов документов учета по заявкам в АС ЦАРС (ответы клиентам) по КОД ЮЛ";-;00;Проекты;запись/ строка;0;RUCH
ОСЦ Нижний Новгород;Вне подразделений;SZ 026 000 00 10;"Проект_Формирование заданий при ""Ручном подборе"" заполнение Журналов: учета коробов ОСГ выдачи оригиналов документов учета по заявкам в АС ЦАРС (ответы клиентам) по КОД ЮЛ";-;00;Проекты;запись/ строка;0;RUCH
ОСЦ Нижний Новгород;Архив №1 Нижний Новгород;SZ 026 000 00 10;"Проект_Формирование заданий при ""Ручном подборе"" заполнение Журналов: учета коробов ОСГ выдачи оригиналов документов учета по заявкам в АС ЦАРС (ответы клиентам) по КОД ЮЛ";-;00;Проекты;запись/ строка;0;RUCH
ОСЦ Новосибирск;Вне подразделений;SZ 026 000 00 10;"Проект_Формирование заданий при ""Ручном подборе"" заполнение Журналов: учета коробов ОСГ выдачи оригиналов документов учета по заявкам в АС ЦАРС (ответы клиентам) по КОД ЮЛ";-;00;Проекты;запись/ строка;0;RUCH
ОСЦ Новосибирск;Архив №1 Новосибирск;SZ 026 000 00 10;"Проект_Формирование заданий при ""Ручном подборе"" заполнение Журналов: учета коробов ОСГ выдачи оригиналов документов учета по заявкам в АС ЦАРС (ответы клиентам) по КОД ЮЛ";-;00;Проекты;запись/ строка;30;RUCH
ОСЦ Самара;Вне подразделений;SZ 026 000 00 10;"Проект_Формирование заданий при ""Ручном подборе"" заполнение Журналов: учета коробов ОСГ выдачи оригиналов документов учета по заявкам в АС ЦАРС (ответы клиентам) по КОД ЮЛ";-;00;Проекты;запись/ строка;0;RUCH
ОСЦ Новосибирск;Архив №3 Екатеринбург;SZ 026 000 00 10;"Проект_Формирование заданий при ""Ручном подборе"" заполнение Журналов: учета коробов ОСГ выдачи оригиналов документов учета по заявкам в АС ЦАРС (ответы клиентам) по КОД ЮЛ";-;00;Проекты;запись/ строка;30;RUCH
ОСЦ Самара;Архив №1 Самара;SZ 026 000 00 10;"Проект_Формирование заданий при ""Ручном подборе"" заполнение Журналов: учета коробов ОСГ выдачи оригиналов документов учета по заявкам в АС ЦАРС (ответы клиентам) по КОД ЮЛ";-;00;Проекты;запись/ строка;0;RUCH
ОСЦ Воронеж;Архив №1 Воронеж;BF 101 000 00 41;Проект_Опись присутствовал внутри короба при проведении контроля полноты короба;-;00;Проекты;Документ;0;RUCH
ОСЦ Воронеж;Архив №3 Калининград;BF 101 000 00 41;Проект_Опись присутствовал внутри короба при проведении контроля полноты короба;-;00;Проекты;Документ;0;RUCH
ОСЦ Воронеж;Архив №4 Санкт-Петербург;BF 101 000 00 41;Проект_Опись присутствовал внутри короба при проведении контроля полноты короба;-;00;Проекты;Документ;0;RUCH
ОСЦ Москва;Архив №1 Томилино;BF 101 000 00 41;Проект_Опись присутствовал внутри короба при проведении контроля полноты короба;-;00;Проекты;Документ;0;RUCH
ОСЦ Нижний Новгород;Архив №1 Нижний Новгород;BF 101 000 00 41;Проект_Опись присутствовал внутри короба при проведении контроля полноты короба;-;00;Проекты;Документ;2,56;RUCH
ОСЦ Новосибирск;Архив №1 Новосибирск;BF 101 000 00 41;Проект_Опись присутствовал внутри короба при проведении контроля полноты короба;-;00;Проекты;Документ;3;RUCH
ОСЦ Новосибирск;Архив №3 Екатеринбург;BF 101 000 00 41;Проект_Опись присутствовал внутри короба при проведении контроля полноты короба;-;00;Проекты;Документ;0;RUCH
ОСЦ Самара;Архив №1 Самара;BF 101 000 00 41;Проект_Опись присутствовал внутри короба при проведении контроля полноты короба;-;00;Проекты;Документ;0;RUCH
ОСЦ Воронеж;Архив №1 Воронеж;PR 026 000 00 00;Проект_Документ/Опись/Сшив присутствовал внутри короба при проведении контроля полноты короба;-;00;Проекты;Документ;0;RUCH
ОСЦ Воронеж;Архив №3 Калининград;PR 026 000 00 00;Проект_Документ/Опись/Сшив присутствовал внутри короба при проведении контроля полноты короба;-;00;Проекты;Документ;0;RUCH
ОСЦ Воронеж;Архив №4 Санкт-Петербург;PR 026 000 00 00;Проект_Документ/Опись/Сшив присутствовал внутри короба при проведении контроля полноты короба;-;00;Проекты;Документ;0;RUCH
ОСЦ Москва;Архив №1 Томилино;PR 026 000 00 00;Проект_Документ/Опись/Сшив присутствовал внутри короба при проведении контроля полноты короба;-;00;Проекты;Документ;0;RUCH
ОСЦ Нижний Новгород;Архив №1 Нижний Новгород;PR 026 000 00 00;Проект_Документ/Опись/Сшив присутствовал внутри короба при проведении контроля полноты короба;-;00;Проекты;Документ;0;RUCH
ОСЦ Новосибирск;Архив №1 Новосибирск;PR 026 000 00 00;Проект_Документ/Опись/Сшив присутствовал внутри короба при проведении контроля полноты короба;-;00;Проекты;Документ;4,123;RUCH
ОСЦ Новосибирск;Архив №3 Екатеринбург;PR 026 000 00 00;Проект_Документ/Опись/Сшив присутствовал внутри короба при проведении контроля полноты короба;-;00;Проекты;Документ;6,096;RUCH
ОСЦ Самара;Архив №1 Самара;PR 026 000 00 00;Проект_Документ/Опись/Сшив присутствовал внутри короба при проведении контроля полноты короба;-;00;Проекты;Документ;0;RUCH
ОСЦ Воронеж;Архив №1 Воронеж;PR 028 000 00 00;Заполнение файла Excel по документам без реквизитов;-;00;Проекты;строка;0;RUCH
ОСЦ Воронеж;Архив №3 Калининград;PR 028 000 00 00;Заполнение файла Excel по документам без реквизитов;-;00;Проекты;строка;0;RUCH
ОСЦ Воронеж;Архив №4 Санкт-Петербург;PR 028 000 00 00;Заполнение файла Excel по документам без реквизитов;-;00;Проекты;строка;0;RUCH
ОСЦ Москва;Архив №1 Томилино;PR 028 000 00 00;Заполнение файла Excel по документам без реквизитов;-;00;Проекты;строка;0;RUCH
ОСЦ Нижний Новгород;Архив №1 Нижний Новгород;PR 028 000 00 00;Заполнение файла Excel по документам без реквизитов;-;00;Проекты;строка;93,155;RUCH
ОСЦ Новосибирск;Архив №1 Новосибирск;PR 028 000 00 00;Заполнение файла Excel по документам без реквизитов;-;00;Проекты;строка;0;RUCH
ОСЦ Новосибирск;Архив №3 Екатеринбург;PR 028 000 00 00;Заполнение файла Excel по документам без реквизитов;-;00;Проекты;строка;0;RUCH
ОСЦ Самара;Архив №1 Самара;PR 028 000 00 00;Заполнение файла Excel по документам без реквизитов;-;00;Проекты;строка;0;RUCH
ОСЦ Воронеж;Архив №1 Воронеж;PR 029 000 00 00;Проект_Документ присутствовал внутри короба при проведении контроля полноты короба (Ист. Фонд не ДБО);;;Проекты;документ;0;RUCH
ОСЦ Воронеж;Архив №3 Калининград;PR 029 000 00 00;Проект_Документ присутствовал внутри короба при проведении контроля полноты короба (Ист. Фонд не ДБО);;;Проекты;документ;0;RUCH
ОСЦ Воронеж;Архив №4 Санкт-Петербург;PR 029 000 00 00;Проект_Документ присутствовал внутри короба при проведении контроля полноты короба (Ист. Фонд не ДБО);;;Проекты;документ;0;RUCH
ОСЦ Москва;Архив №1 Томилино;PR 029 000 00 00;Проект_Документ присутствовал внутри короба при проведении контроля полноты короба (Ист. Фонд не ДБО);;;Проекты;документ;2,076;RUCH
ОСЦ Нижний Новгород;Архив №1 Нижний Новгород;PR 029 000 00 00;Проект_Документ присутствовал внутри короба при проведении контроля полноты короба (Ист. Фонд не ДБО);;;Проекты;документ;0;RUCH
ОСЦ Новосибирск;Архив №1 Новосибирск;PR 029 000 00 00;Проект_Документ присутствовал внутри короба при проведении контроля полноты короба (Ист. Фонд не ДБО);;;Проекты;документ;0;RUCH
ОСЦ Новосибирск;Архив №3 Екатеринбург;PR 029 000 00 00;Проект_Документ присутствовал внутри короба при проведении контроля полноты короба (Ист. Фонд не ДБО);;;Проекты;документ;0;RUCH
ОСЦ Самара;Архив №1 Самара;PR 029 000 00 00;Проект_Документ присутствовал внутри короба при проведении контроля полноты короба (Ист. Фонд не ДБО);;;Проекты;документ;0;RUCH
ОСЦ Воронеж;Архив №1 Воронеж;PR 032 000 00 00;Проект_АК размещен на хранение (Ист. Фонд не ДБО);;;Проекты;короб;0;RUCH
ОСЦ Воронеж;Архив №3 Калининград;PR 032 000 00 00;Проект_АК размещен на хранение (Ист. Фонд не ДБО);;;Проекты;короб;0;RUCH
ОСЦ Воронеж;Архив №4 Санкт-Петербург;PR 032 000 00 00;Проект_АК размещен на хранение (Ист. Фонд не ДБО);;;Проекты;короб;0;RUCH
ОСЦ Москва;Архив №1 Томилино;PR 032 000 00 00;Проект_АК размещен на хранение (Ист. Фонд не ДБО);;;Проекты;короб;34,091;RUCH
ОСЦ Нижний Новгород;Архив №1 Нижний Новгород;PR 032 000 00 00;Проект_АК размещен на хранение (Ист. Фонд не ДБО);;;Проекты;короб;0;RUCH
ОСЦ Новосибирск;Архив №1 Новосибирск;PR 032 000 00 00;Проект_АК размещен на хранение (Ист. Фонд не ДБО);;;Проекты;короб;0;RUCH
ОСЦ Новосибирск;Архив №3 Екатеринбург;PR 032 000 00 00;Проект_АК размещен на хранение (Ист. Фонд не ДБО);;;Проекты;короб;0;RUCH
ОСЦ Самара;Архив №1 Самара;PR 032 000 00 00;Проект_АК размещен на хранение (Ист. Фонд не ДБО);;;Проекты;короб;0;RUCH
ОСЦ Воронеж;Архив №1 Воронеж;SR 326 000 00 00;Сортировка СДД;;;Регистрация;ШК;17,352;RUCH
ОСЦ Воронеж;Архив №1 Воронеж;PR 035 000 00 00;Проект_Размещение на хранение в ААХ (Ист. Фонд не ДБО);;;Проекты;короб;0;RUCH
ОСЦ Воронеж;Архив №3 Калининград;PR 035 000 00 00;Проект_Размещение на хранение в ААХ (Ист. Фонд не ДБО);;;Проекты;короб;0;RUCH
ОСЦ Воронеж;Архив №4 Санкт-Петербург;PR 035 000 00 00;Проект_Размещение на хранение в ААХ (Ист. Фонд не ДБО);;;Проекты;короб;0;RUCH
ОСЦ Москва;Архив №1 Томилино;PR 035 000 00 00;Проект_Размещение на хранение в ААХ (Ист. Фонд не ДБО);;;Проекты;короб;35,955;RUCH
ОСЦ Нижний Новгород;Архив №1 Нижний Новгород;PR 035 000 00 00;Проект_Размещение на хранение в ААХ (Ист. Фонд не ДБО);;;Проекты;короб;0;RUCH
ОСЦ Новосибирск;Архив №1 Новосибирск;PR 035 000 00 00;Проект_Размещение на хранение в ААХ (Ист. Фонд не ДБО);;;Проекты;короб;0;RUCH
ОСЦ Новосибирск;Архив №3 Екатеринбург;PR 035 000 00 00;Проект_Размещение на хранение в ААХ (Ист. Фонд не ДБО);;;Проекты;короб;0;RUCH
ОСЦ Самара;Архив №1 Самара;PR 035 000 00 00;Проект_Размещение на хранение в ААХ (Ист. Фонд не ДБО);;;Проекты;короб;0;RUCH
ОСЦ Воронеж;Архив №1 Воронеж;PR 038 000 00 00;Проект_Сортировка документов (Ист. Фонд не ДБО);;;Проекты;документ;0;RUCH
ОСЦ Воронеж;Архив №3 Калининград;PR 038 000 00 00;Проект_Сортировка документов (Ист. Фонд не ДБО);;;Проекты;документ;0;RUCH
ОСЦ Воронеж;Архив №4 Санкт-Петербург;PR 038 000 00 00;Проект_Сортировка документов (Ист. Фонд не ДБО);;;Проекты;документ;0;RUCH
ОСЦ Москва;Архив №1 Томилино;PR 038 000 00 00;Проект_Сортировка документов (Ист. Фонд не ДБО);;;Проекты;документ;17,384;RUCH
ОСЦ Нижний Новгород;Архив №1 Нижний Новгород;PR 038 000 00 00;Проект_Сортировка документов (Ист. Фонд не ДБО);;;Проекты;документ;0;RUCH
ОСЦ Новосибирск;Архив №1 Новосибирск;PR 038 000 00 00;Проект_Сортировка документов (Ист. Фонд не ДБО);;;Проекты;документ;0;RUCH
ОСЦ Новосибирск;Архив №3 Екатеринбург;PR 038 000 00 00;Проект_Сортировка документов (Ист. Фонд не ДБО);;;Проекты;документ;0;RUCH
ОСЦ Самара;Архив №1 Самара;PR 038 000 00 00;Проект_Сортировка документов (Ист. Фонд не ДБО);;;Проекты;документ;0;RUCH
ОСЦ Воронеж;Вне подразделений;MS 071 211 00 00;Проект_Сшив помещен в архивный/файловый короб;;;Проекты;документ;0;RUCH
ОСЦ Воронеж;Архив №1 Воронеж;MS 071 211 00 00;Проект_Сшив помещен в архивный/файловый короб;;;Проекты;документ;9;RUCH
ОСЦ Воронеж;Архив №3 Калининград;MS 071 211 00 00;Проект_Сшив помещен в архивный/файловый короб;;;Проекты;документ;8;RUCH
ОСЦ Воронеж;Архив №4 Санкт-Петербург;MS 071 211 00 00;Проект_Сшив помещен в архивный/файловый короб;;;Проекты;документ;0;RUCH
ОСЦ Москва;Вне подразделений;MS 071 211 00 00;Проект_Сшив помещен в архивный/файловый короб;;;Проекты;документ;0;RUCH
ОСЦ Москва;Архив №1 Томилино;MS 071 211 00 00;Проект_Сшив помещен в архивный/файловый короб;;;Проекты;документ;0;RUCH
ОСЦ Нижний Новгород;Вне подразделений;MS 071 211 00 00;Проект_Сшив помещен в архивный/файловый короб;;;Проекты;документ;0;RUCH
ОСЦ Нижний Новгород;Архив №1 Нижний Новгород;MS 071 211 00 00;Проект_Сшив помещен в архивный/файловый короб;;;Проекты;документ;0;RUCH
ОСЦ Новосибирск;Вне подразделений;MS 071 211 00 00;Проект_Сшив помещен в архивный/файловый короб;;;Проекты;документ;0;RUCH
ОСЦ Новосибирск;Архив №1 Новосибирск;MS 071 211 00 00;Проект_Сшив помещен в архивный/файловый короб;;;Проекты;документ;0;RUCH
ОСЦ Новосибирск;Архив №3 Екатеринбург;MS 071 211 00 00;Проект_Сшив помещен в архивный/файловый короб;;;Проекты;документ;0;RUCH
ОСЦ Самара;Вне подразделений;MS 071 211 00 00;Проект_Сшив помещен в архивный/файловый короб;;;Проекты;документ;0;RUCH
ОСЦ Самара;Архив №1 Самара;MS 071 211 00 00;Проект_Сшив помещен в архивный/файловый короб;;;Проекты;документ;0;RUCH
ОСЦ Нижний Новгород;Архив №1 Нижний Новгород;SZ 209 000 00 00;Анализ качества исполнения запросов;-;00;Запросы;строка;1,014;RUCH
ОСЦ Воронеж;Вне подразделений;SZ 015 000 00 01;Проект_Заказ АК через web-форму ОСГ - Аутсорсинг;;;Проекты;сообщение;0;RUCH
ОСЦ Воронеж;Архив №1 Воронеж;SZ 015 000 00 01;Проект_Заказ АК через web-форму ОСГ - Аутсорсинг;;;Проекты;сообщение;0;RUCH
ОСЦ Воронеж;Архив №3 Калининград;SZ 015 000 00 01;Проект_Заказ АК через web-форму ОСГ - Аутсорсинг;;;Проекты;сообщение;0;RUCH
ОСЦ Воронеж;Архив №4 Санкт-Петербург;SZ 015 000 00 01;Проект_Заказ АК через web-форму ОСГ - Аутсорсинг;;;Проекты;сообщение;0;RUCH
ОСЦ Москва;Вне подразделений;SZ 015 000 00 01;Проект_Заказ АК через web-форму ОСГ - Аутсорсинг;;;Проекты;сообщение;0;RUCH
ОСЦ Москва;Архив №1 Томилино;SZ 015 000 00 01;Проект_Заказ АК через web-форму ОСГ - Аутсорсинг;;;Проекты;сообщение;0;RUCH
ОСЦ Нижний Новгород;Вне подразделений;SZ 015 000 00 01;Проект_Заказ АК через web-форму ОСГ - Аутсорсинг;;;Проекты;сообщение;0;RUCH
ОСЦ Нижний Новгород;Архив №1 Нижний Новгород;SZ 015 000 00 01;Проект_Заказ АК через web-форму ОСГ - Аутсорсинг;;;Проекты;сообщение;0;RUCH
ОСЦ Новосибирск;Вне подразделений;SZ 015 000 00 01;Проект_Заказ АК через web-форму ОСГ - Аутсорсинг;;;Проекты;сообщение;0;RUCH
ОСЦ Новосибирск;Архив №1 Новосибирск;SZ 015 000 00 01;Проект_Заказ АК через web-форму ОСГ - Аутсорсинг;;;Проекты;сообщение;40;RUCH
ОСЦ Самара;Вне подразделений;SZ 015 000 00 01;Проект_Заказ АК через web-форму ОСГ - Аутсорсинг;;;Проекты;сообщение;0;RUCH
ОСЦ Новосибирск;Архив №3 Екатеринбург;SZ 015 000 00 01;Проект_Заказ АК через web-форму ОСГ - Аутсорсинг;;;Проекты;сообщение;0;RUCH
ОСЦ Самара;Архив №1 Самара;SZ 015 000 00 01;Проект_Заказ АК через web-форму ОСГ - Аутсорсинг;;;Проекты;сообщение;0;RUCH
ОСЦ Воронеж;Вне подразделений;SL 098 000 00 01;Проект_Замена повреждённого короба при мезонином хранении;;;Проекты;АК;0;RUCH
ОСЦ Воронеж;Архив №1 Воронеж;SL 098 000 00 01;Проект_Замена повреждённого короба при мезонином хранении;;;Проекты;АК;0;RUCH
ОСЦ Воронеж;Архив №3 Калининград;SL 098 000 00 01;Проект_Замена повреждённого короба при мезонином хранении;;;Проекты;АК;0;RUCH
ОСЦ Воронеж;Архив №4 Санкт-Петербург;SL 098 000 00 01;Проект_Замена повреждённого короба при мезонином хранении;;;Проекты;АК;0;RUCH
ОСЦ Москва;Вне подразделений;SL 098 000 00 01;Проект_Замена повреждённого короба при мезонином хранении;;;Проекты;АК;0;RUCH
ОСЦ Москва;Архив №1 Томилино;SL 098 000 00 01;Проект_Замена повреждённого короба при мезонином хранении;;;Проекты;АК;0;RUCH
ОСЦ Нижний Новгород;Вне подразделений;SL 098 000 00 01;Проект_Замена повреждённого короба при мезонином хранении;;;Проекты;АК;0;RUCH
ОСЦ Нижний Новгород;Архив №1 Нижний Новгород;SL 098 000 00 01;Проект_Замена повреждённого короба при мезонином хранении;;;Проекты;АК;0;RUCH
ОСЦ Новосибирск;Вне подразделений;SL 098 000 00 01;Проект_Замена повреждённого короба при мезонином хранении;;;Проекты;АК;0;RUCH
ОСЦ Новосибирск;Архив №1 Новосибирск;SL 098 000 00 01;Проект_Замена повреждённого короба при мезонином хранении;;;Проекты;АК;75;RUCH
ОСЦ Самара;Вне подразделений;SL 098 000 00 01;Проект_Замена повреждённого короба при мезонином хранении;;;Проекты;АК;0;RUCH
ОСЦ Новосибирск;Архив №3 Екатеринбург;SL 098 000 00 01;Проект_Замена повреждённого короба при мезонином хранении;;;Проекты;АК;75;RUCH
ОСЦ Самара;Архив №1 Самара;SL 098 000 00 01;Проект_Замена повреждённого короба при мезонином хранении;;;Проекты;АК;0;RUCH
ОСЦ Воронеж;Вне подразделений;SR 321 000 00 01;Проект_Поиск дополнительных реквизитов для регистрации в АС ЦАРС при некорректной передачи документов по БП;;;Проекты;досье;0;RUCH
ОСЦ Воронеж;Архив №1 Воронеж;SR 321 000 00 01;Проект_Поиск дополнительных реквизитов для регистрации в АС ЦАРС при некорректной передачи документов по БП;;;Проекты;досье;0;RUCH
ОСЦ Воронеж;Архив №3 Калининград;SR 321 000 00 01;Проект_Поиск дополнительных реквизитов для регистрации в АС ЦАРС при некорректной передачи документов по БП;;;Проекты;досье;0;RUCH
ОСЦ Воронеж;Архив №4 Санкт-Петербург;SR 321 000 00 01;Проект_Поиск дополнительных реквизитов для регистрации в АС ЦАРС при некорректной передачи документов по БП;;;Проекты;досье;0;RUCH
ОСЦ Москва;Вне подразделений;SR 321 000 00 01;Проект_Поиск дополнительных реквизитов для регистрации в АС ЦАРС при некорректной передачи документов по БП;;;Проекты;досье;0;RUCH
ОСЦ Москва;Архив №1 Томилино;SR 321 000 00 01;Проект_Поиск дополнительных реквизитов для регистрации в АС ЦАРС при некорректной передачи документов по БП;;;Проекты;досье;0;RUCH
ОСЦ Нижний Новгород;Вне подразделений;SR 321 000 00 01;Проект_Поиск дополнительных реквизитов для регистрации в АС ЦАРС при некорректной передачи документов по БП;;;Проекты;досье;0;RUCH
ОСЦ Нижний Новгород;Архив №1 Нижний Новгород;SR 321 000 00 01;Проект_Поиск дополнительных реквизитов для регистрации в АС ЦАРС при некорректной передачи документов по БП;;;Проекты;досье;70,899;RUCH
ОСЦ Новосибирск;Вне подразделений;SR 321 000 00 01;Проект_Поиск дополнительных реквизитов для регистрации в АС ЦАРС при некорректной передачи документов по БП;;;Проекты;досье;0;RUCH
ОСЦ Новосибирск;Архив №1 Новосибирск;SR 321 000 00 01;Проект_Поиск дополнительных реквизитов для регистрации в АС ЦАРС при некорректной передачи документов по БП;;;Проекты;досье;79;RUCH
ОСЦ Самара;Вне подразделений;SR 321 000 00 01;Проект_Поиск дополнительных реквизитов для регистрации в АС ЦАРС при некорректной передачи документов по БП;;;Проекты;досье;0;RUCH
ОСЦ Новосибирск;Архив №3 Екатеринбург;SR 321 000 00 01;Проект_Поиск дополнительных реквизитов для регистрации в АС ЦАРС при некорректной передачи документов по БП;;;Проекты;досье;0;RUCH
ОСЦ Самара;Архив №1 Самара;SR 321 000 00 01;Проект_Поиск дополнительных реквизитов для регистрации в АС ЦАРС при некорректной передачи документов по БП;;;Проекты;досье;0;RUCH
ОСЦ Воронеж;Вне подразделений;SR 046 000 00 01;Проект_Сопровождение наемного персонала/перемещение коробов/палет в минутах;;;Проекты;Минута;0;RUCH
ОСЦ Воронеж;Архив №1 Воронеж;SR 046 000 00 01;Проект_Сопровождение наемного персонала/перемещение коробов/палет в минутах;;;Проекты;Минута;0;RUCH
ОСЦ Воронеж;Архив №3 Калининград;SR 046 000 00 01;Проект_Сопровождение наемного персонала/перемещение коробов/палет в минутах;;;Проекты;Минута;0;RUCH
ОСЦ Воронеж;Архив №4 Санкт-Петербург;SR 046 000 00 01;Проект_Сопровождение наемного персонала/перемещение коробов/палет в минутах;;;Проекты;Минута;0;RUCH
ОСЦ Москва;Вне подразделений;SR 046 000 00 01;Проект_Сопровождение наемного персонала/перемещение коробов/палет в минутах;;;Проекты;Минута;0;RUCH
ОСЦ Москва;Архив №1 Томилино;SR 046 000 00 01;Проект_Сопровождение наемного персонала/перемещение коробов/палет в минутах;;;Проекты;Минута;0;RUCH
ОСЦ Нижний Новгород;Вне подразделений;SR 046 000 00 01;Проект_Сопровождение наемного персонала/перемещение коробов/палет в минутах;;;Проекты;Минута;0;RUCH
ОСЦ Нижний Новгород;Архив №1 Нижний Новгород;SR 046 000 00 01;Проект_Сопровождение наемного персонала/перемещение коробов/палет в минутах;;;Проекты;Минута;60;RUCH
ОСЦ Новосибирск;Вне подразделений;SR 046 000 00 01;Проект_Сопровождение наемного персонала/перемещение коробов/палет в минутах;;;Проекты;Минута;0;RUCH
ОСЦ Новосибирск;Архив №1 Новосибирск;SR 046 000 00 01;Проект_Сопровождение наемного персонала/перемещение коробов/палет в минутах;;;Проекты;Минута;0;RUCH
ОСЦ Самара;Вне подразделений;SR 046 000 00 01;Проект_Сопровождение наемного персонала/перемещение коробов/палет в минутах;;;Проекты;Минута;0;RUCH
ОСЦ Новосибирск;Архив №3 Екатеринбург;SR 046 000 00 01;Проект_Сопровождение наемного персонала/перемещение коробов/палет в минутах;;;Проекты;Минута;0;RUCH
ОСЦ Самара;Архив №1 Самара;SR 046 000 00 01;Проект_Сопровождение наемного персонала/перемещение коробов/палет в минутах;;;Проекты;Минута;0;RUCH
ОСЦ Воронеж;Вне подразделений;CP 0065 000 00 00;Проект_ФК На доукомплектовании АК;;;Проекты;короб;0;RUCH
ОСЦ Воронеж;Архив №1 Воронеж;CP 0065 000 00 00;Проект_ФК На доукомплектовании АК;;;Проекты;короб;0;RUCH
ОСЦ Воронеж;Архив №3 Калининград;CP 0065 000 00 00;Проект_ФК На доукомплектовании АК;;;Проекты;короб;0;RUCH
ОСЦ Воронеж;Архив №4 Санкт-Петербург;CP 0065 000 00 00;Проект_ФК На доукомплектовании АК;;;Проекты;короб;0;RUCH
ОСЦ Москва;Архив №1 Томилино;CP 0065 000 00 00;Проект_ФК На доукомплектовании АК;;;Проекты;короб;0;RUCH
ОСЦ Нижний Новгород;Архив №1 Нижний Новгород;CP 0065 000 00 00;Проект_ФК На доукомплектовании АК;;;Проекты;короб;0;RUCH
ОСЦ Новосибирск;Архив №1 Новосибирск;CP 0065 000 00 00;Проект_ФК На доукомплектовании АК;;;Проекты;короб;14;RUCH
ОСЦ Новосибирск;Архив №3 Екатеринбург;CP 0065 000 00 00;Проект_ФК На доукомплектовании АК;;;Проекты;короб;14;RUCH
ОСЦ Самара;Архив №1 Самара;CP 0065 000 00 00;Проект_ФК На доукомплектовании АК;;;Проекты;короб;0;RUCH
ОСЦ Нижний Новгород;Вне подразделений;NO 048 000 00 00;Подготовка\верификация данных по метрикам АС Деметра;;;Непроизводственные;метрика;45;RUCH
ОСЦ Нижний Новгород;Архив №1 Нижний Новгород;NO 048 000 00 00;Подготовка\верификация данных по метрикам АС Деметра;;;Непроизводственные;метрика;45;RUCH
ОСЦ Воронеж;Архив №1 Воронеж;CP 0030 000 00 01;Доукомплектование документа в архивный/файловый короб;;;Логистика;документ;8;AUTO
ОСЦ Воронеж;Архив №3 Калининград;CP 0030 000 00 01;Доукомплектование документа в архивный/файловый короб;;;Логистика;документ;7,571;AUTO
ОСЦ Воронеж;Архив №4 Санкт-Петербург;CP 0030 000 00 01;Доукомплектование документа в архивный/файловый короб;;;Логистика;документ;8,015;AUTO
ОСЦ Москва;Архив №1 Томилино;CP 0030 000 00 01;Доукомплектование документа в архивный/файловый короб;;;Логистика;документ;7,2;AUTO
ОСЦ Нижний Новгород;Архив №1 Нижний Новгород;CP 0030 000 00 01;Доукомплектование документа в архивный/файловый короб;;;Логистика;документ;8;AUTO
ОСЦ Новосибирск;Архив №1 Новосибирск;CP 0030 000 00 01;Доукомплектование документа в архивный/файловый короб;;;Логистика;документ;8,298;AUTO
ОСЦ Новосибирск;Архив №3 Екатеринбург;CP 0030 000 00 01;Доукомплектование документа в архивный/файловый короб;;;Логистика;документ;8,01;AUTO
ОСЦ Самара;Архив №1 Самара;CP 0030 000 00 01;Доукомплектование документа в архивный/файловый короб;;;Логистика;документ;7,758;AUTO
ОСЦ Воронеж;Архив №1 Воронеж;CP 0030 000 00 02;Доукомплектование сшива/документа ЗД в архивный/файловый короб;;;Логистика;документ;0;AUTO
ОСЦ Воронеж;Архив №3 Калининград;CP 0030 000 00 02;Доукомплектование сшива/документа ЗД в архивный/файловый короб;;;Логистика;документ;0;AUTO
ОСЦ Воронеж;Архив №4 Санкт-Петербург;CP 0030 000 00 02;Доукомплектование сшива/документа ЗД в архивный/файловый короб;;;Логистика;документ;0;AUTO
ОСЦ Москва;Архив №1 Томилино;CP 0030 000 00 02;Доукомплектование сшива/документа ЗД в архивный/файловый короб;;;Логистика;документ;0;AUTO
ОСЦ Нижний Новгород;Архив №1 Нижний Новгород;CP 0030 000 00 02;Доукомплектование сшива/документа ЗД в архивный/файловый короб;;;Логистика;документ;0;AUTO
ОСЦ Новосибирск;Архив №1 Новосибирск;CP 0030 000 00 02;Доукомплектование сшива/документа ЗД в архивный/файловый короб;;;Логистика;документ;0;AUTO
ОСЦ Новосибирск;Архив №3 Екатеринбург;CP 0030 000 00 02;Доукомплектование сшива/документа ЗД в архивный/файловый короб;;;Логистика;документ;0;AUTO
ОСЦ Самара;Архив №1 Самара;CP 0030 000 00 02;Доукомплектование сшива/документа ЗД в архивный/файловый короб;;;Логистика;документ;0;AUTO
ОСЦ Воронеж;Архив №1 Воронеж;RR 0138 000 00 01;Регистрация АК в рамках ДВОУ (коробочное хранение);;;Логистика;короб;0;AUTO
ОСЦ Воронеж;Архив №3 Калининград;RR 0138 000 00 01;Регистрация АК в рамках ДВОУ (коробочное хранение);;;Логистика;короб;0;AUTO
ОСЦ Воронеж;Архив №4 Санкт-Петербург;RR 0138 000 00 01;Регистрация АК в рамках ДВОУ (коробочное хранение);;;Логистика;короб;0;AUTO
ОСЦ Москва;Архив №1 Томилино;RR 0138 000 00 01;Регистрация АК в рамках ДВОУ (коробочное хранение);;;Логистика;короб;40,7;AUTO
ОСЦ Нижний Новгород;Архив №1 Нижний Новгород;RR 0138 000 00 01;Регистрация АК в рамках ДВОУ (коробочное хранение);;;Логистика;короб;0;AUTO
ОСЦ Новосибирск;Архив №1 Новосибирск;RR 0138 000 00 01;Регистрация АК в рамках ДВОУ (коробочное хранение);;;Логистика;короб;0;AUTO
ОСЦ Новосибирск;Архив №3 Екатеринбург;RR 0138 000 00 01;Регистрация АК в рамках ДВОУ (коробочное хранение);;;Логистика;короб;0;AUTO
ОСЦ Самара;Архив №1 Самара;RR 0138 000 00 01;Регистрация АК в рамках ДВОУ (коробочное хранение);;;Логистика;короб;43;AUTO
ОСЦ Воронеж;Архив №1 Воронеж;RG 0002 000 01 01;РЕГИСТРАЦИЯ ЗАЯВЛЕНИЯ НА СЕРТИФИКАЦИЮ КЛЮЧА ЭП (Мега ЦУКС);Рег.;;Регистрация;ШК;33;AUTO
ОСЦ Воронеж;Архив №3 Калининград;RG 0002 000 01 01;РЕГИСТРАЦИЯ ЗАЯВЛЕНИЯ НА СЕРТИФИКАЦИЮ КЛЮЧА ЭП (Мега ЦУКС);Рег.;;Регистрация;ШК;32,533;AUTO
ОСЦ Воронеж;Архив №4 Санкт-Петербург;RG 0002 000 01 01;РЕГИСТРАЦИЯ ЗАЯВЛЕНИЯ НА СЕРТИФИКАЦИЮ КЛЮЧА ЭП (Мега ЦУКС);Рег.;;Регистрация;ШК;30,933;AUTO
ОСЦ Москва;Архив №1 Томилино;RG 0002 000 01 01;РЕГИСТРАЦИЯ ЗАЯВЛЕНИЯ НА СЕРТИФИКАЦИЮ КЛЮЧА ЭП (Мега ЦУКС);Рег.;;Регистрация;ШК;31,667;AUTO
ОСЦ Нижний Новгород;Архив №1 Нижний Новгород;RG 0002 000 01 01;РЕГИСТРАЦИЯ ЗАЯВЛЕНИЯ НА СЕРТИФИКАЦИЮ КЛЮЧА ЭП (Мега ЦУКС);Рег.;;Регистрация;ШК;33;AUTO
ОСЦ Новосибирск;Архив №1 Новосибирск;RG 0002 000 01 01;РЕГИСТРАЦИЯ ЗАЯВЛЕНИЯ НА СЕРТИФИКАЦИЮ КЛЮЧА ЭП (Мега ЦУКС);Рег.;;Регистрация;ШК;30,949;AUTO
ОСЦ Новосибирск;Архив №3 Екатеринбург;RG 0002 000 01 01;РЕГИСТРАЦИЯ ЗАЯВЛЕНИЯ НА СЕРТИФИКАЦИЮ КЛЮЧА ЭП (Мега ЦУКС);Рег.;;Регистрация;ШК;32,143;AUTO
ОСЦ Самара;Архив №1 Самара;RG 0002 000 01 01;РЕГИСТРАЦИЯ ЗАЯВЛЕНИЯ НА СЕРТИФИКАЦИЮ КЛЮЧА ЭП (Мега ЦУКС);Рег.;;Регистрация;ШК;30,364;AUTO
ОСЦ Воронеж;Архив №1 Воронеж;RG 0002 000 01 02;РЕГИСТРАЦИЯ ЗАЯВЛЕНИЯ НА СЕРТИФИКАЦИЮ КЛЮЧА ЭП (Мега ЦУКС);ВСП;;Регистрация;ШК;5,5;AUTO
ОСЦ Воронеж;Архив №3 Калининград;RG 0002 000 01 02;РЕГИСТРАЦИЯ ЗАЯВЛЕНИЯ НА СЕРТИФИКАЦИЮ КЛЮЧА ЭП (Мега ЦУКС);ВСП;;Регистрация;ШК;5,333;AUTO
ОСЦ Воронеж;Архив №4 Санкт-Петербург;RG 0002 000 01 02;РЕГИСТРАЦИЯ ЗАЯВЛЕНИЯ НА СЕРТИФИКАЦИЮ КЛЮЧА ЭП (Мега ЦУКС);ВСП;;Регистрация;ШК;5,833;AUTO
ОСЦ Москва;Архив №1 Томилино;RG 0002 000 01 02;РЕГИСТРАЦИЯ ЗАЯВЛЕНИЯ НА СЕРТИФИКАЦИЮ КЛЮЧА ЭП (Мега ЦУКС);ВСП;;Регистрация;ШК;5,033;AUTO
ОСЦ Нижний Новгород;Архив №1 Нижний Новгород;RG 0002 000 01 02;РЕГИСТРАЦИЯ ЗАЯВЛЕНИЯ НА СЕРТИФИКАЦИЮ КЛЮЧА ЭП (Мега ЦУКС);ВСП;;Регистрация;ШК;5,627;AUTO
ОСЦ Новосибирск;Архив №1 Новосибирск;RG 0002 000 01 02;РЕГИСТРАЦИЯ ЗАЯВЛЕНИЯ НА СЕРТИФИКАЦИЮ КЛЮЧА ЭП (Мега ЦУКС);ВСП;;Регистрация;ШК;5,845;AUTO
ОСЦ Новосибирск;Архив №3 Екатеринбург;RG 0002 000 01 02;РЕГИСТРАЦИЯ ЗАЯВЛЕНИЯ НА СЕРТИФИКАЦИЮ КЛЮЧА ЭП (Мега ЦУКС);ВСП;;Регистрация;ШК;5,485;AUTO
ОСЦ Самара;Архив №1 Самара;RG 0002 000 01 02;РЕГИСТРАЦИЯ ЗАЯВЛЕНИЯ НА СЕРТИФИКАЦИЮ КЛЮЧА ЭП (Мега ЦУКС);ВСП;;Регистрация;ШК;5,344;AUTO
ОСЦ Воронеж;Архив №1 Воронеж;RG 0002 000 02 01;Регистрация клиентских документов;Рег.;;Регистрация;ШК;42,033;AUTO
ОСЦ Воронеж;Архив №3 Калининград;RG 0002 000 02 01;Регистрация клиентских документов;Рег.;;Регистрация;ШК;45,989;AUTO
ОСЦ Воронеж;Архив №4 Санкт-Петербург;RG 0002 000 02 01;Регистрация клиентских документов;Рег.;;Регистрация;ШК;41,025;AUTO
ОСЦ Москва;Архив №1 Томилино;RG 0002 000 02 01;Регистрация клиентских документов;Рег.;;Регистрация;ШК;41,074;AUTO
ОСЦ Нижний Новгород;Архив №1 Нижний Новгород;RG 0002 000 02 01;Регистрация клиентских документов;Рег.;;Регистрация;ШК;42,094;AUTO
ОСЦ Новосибирск;Архив №1 Новосибирск;RG 0002 000 02 01;Регистрация клиентских документов;Рег.;;Регистрация;ШК;40,121;AUTO
ОСЦ Новосибирск;Архив №3 Екатеринбург;RG 0002 000 02 01;Регистрация клиентских документов;Рег.;;Регистрация;ШК;41,512;AUTO
ОСЦ Самара;Архив №1 Самара;RG 0002 000 02 01;Регистрация клиентских документов;Рег.;;Регистрация;ШК;48,113;AUTO
ОСЦ Воронеж;Архив №1 Воронеж;RG 0002 000 02 02;Регистрация клиентских документов;ВСП;;Регистрация;ШК;5,22;AUTO
ОСЦ Воронеж;Архив №3 Калининград;RG 0002 000 02 02;Регистрация клиентских документов;ВСП;;Регистрация;ШК;5,581;AUTO
ОСЦ Воронеж;Архив №4 Санкт-Петербург;RG 0002 000 02 02;Регистрация клиентских документов;ВСП;;Регистрация;ШК;6,035;AUTO
ОСЦ Москва;Архив №1 Томилино;RG 0002 000 02 02;Регистрация клиентских документов;ВСП;;Регистрация;ШК;4,927;AUTO
ОСЦ Нижний Новгород;Архив №1 Нижний Новгород;RG 0002 000 02 02;Регистрация клиентских документов;ВСП;;Регистрация;ШК;6,022;AUTO
ОСЦ Новосибирск;Архив №1 Новосибирск;RG 0002 000 02 02;Регистрация клиентских документов;ВСП;;Регистрация;ШК;5,295;AUTO
ОСЦ Новосибирск;Архив №3 Екатеринбург;RG 0002 000 02 02;Регистрация клиентских документов;ВСП;;Регистрация;ШК;5,244;AUTO
ОСЦ Самара;Архив №1 Самара;RG 0002 000 02 02;Регистрация клиентских документов;ВСП;;Регистрация;ШК;5,333;AUTO
ОСЦ Воронеж;Архив №1 Воронеж;RG 0002 000 02 03;Регистрация клиентских документов;ВРУК;;Регистрация;ШК;67,126;AUTO
ОСЦ Воронеж;Архив №3 Калининград;RG 0002 000 02 03;Регистрация клиентских документов;ВРУК;;Регистрация;ШК;73,404;AUTO
ОСЦ Воронеж;Архив №4 Санкт-Петербург;RG 0002 000 02 03;Регистрация клиентских документов;ВРУК;;Регистрация;ШК;71,987;AUTO
ОСЦ Москва;Архив №1 Томилино;RG 0002 000 02 03;Регистрация клиентских документов;ВРУК;;Регистрация;ШК;65,08;AUTO
ОСЦ Нижний Новгород;Архив №1 Нижний Новгород;RG 0002 000 02 03;Регистрация клиентских документов;ВРУК;;Регистрация;ШК;75;AUTO
ОСЦ Новосибирск;Архив №1 Новосибирск;RG 0002 000 02 03;Регистрация клиентских документов;ВРУК;;Регистрация;ШК;64,21;AUTO
ОСЦ Новосибирск;Архив №3 Екатеринбург;RG 0002 000 02 03;Регистрация клиентских документов;ВРУК;;Регистрация;ШК;65,457;AUTO
ОСЦ Самара;Архив №1 Самара;RG 0002 000 02 03;Регистрация клиентских документов;ВРУК;;Регистрация;ШК;73,349;AUTO
ОСЦ Нижний Новгород;Архив №1 Нижний Новгород;SR 323 000 00 00;Проверка наличия отчуждаемых носителей| содержащих ДЭВ;;;Регистрация;ЕХ;41,314;RUCH
ОСЦ Воронеж;Архив №1 Воронеж;SR 323 000 00 00;Проверка наличия отчуждаемых носителей| содержащих ДЭВ;;;Регистрация;ЕХ;41,314;RUCH
ОСЦ Воронеж;Архив №3 Калининград;SR 323 000 00 00;Проверка наличия отчуждаемых носителей| содержащих ДЭВ;;;Регистрация;ЕХ;41,314;RUCH
ОСЦ Воронеж;Архив №4 Санкт-Петербург;SR 323 000 00 00;Проверка наличия отчуждаемых носителей| содержащих ДЭВ;;;Регистрация;ЕХ;41,314;RUCH
ОСЦ Москва;Архив №1 Томилино;SR 323 000 00 00;Проверка наличия отчуждаемых носителей| содержащих ДЭВ;;;Регистрация;ЕХ;41,314;RUCH
ОСЦ Новосибирск;Архив №1 Новосибирск;SR 323 000 00 00;Проверка наличия отчуждаемых носителей| содержащих ДЭВ;;;Регистрация;ЕХ;41,314;RUCH
ОСЦ Новосибирск;Архив №3 Екатеринбург;SR 323 000 00 00;Проверка наличия отчуждаемых носителей| содержащих ДЭВ;;;Регистрация;ЕХ;41,314;RUCH
ОСЦ Самара;Архив №1 Самара;SR 323 000 00 00;Проверка наличия отчуждаемых носителей| содержащих ДЭВ;;;Регистрация;ЕХ;41,314;RUCH
ОСЦ Москва;Архив №1 Томилино;BX 0176 000 00 01;АК изъят с хранения в автоматизированном хранилище;-;00;Логистика;короб;22,951;AUTO
ОСЦ Воронеж;Вне подразделений;PR 018 000 00 01;Проект_Сбор статистики об отклонениях| выявленных при регистрации документов вкладов| КБК| ДБО;;;Проекты;ошибка/позиция;0;RUCH
ОСЦ Воронеж;Архив №1 Воронеж;PR 018 000 00 01;Проект_Сбор статистики об отклонениях| выявленных при регистрации документов вкладов| КБК| ДБО;;;Проекты;ошибка/позиция;50,005;RUCH
ОСЦ Воронеж;Архив №3 Калининград;PR 018 000 00 01;Проект_Сбор статистики об отклонениях| выявленных при регистрации документов вкладов| КБК| ДБО;;;Проекты;ошибка/позиция;55,623;RUCH
ОСЦ Воронеж;Архив №4 Санкт-Петербург;PR 018 000 00 01;Проект_Сбор статистики об отклонениях| выявленных при регистрации документов вкладов| КБК| ДБО;;;Проекты;ошибка/позиция;51,466;RUCH
ОСЦ Москва;Вне подразделений;PR 018 000 00 01;Проект_Сбор статистики об отклонениях| выявленных при регистрации документов вкладов| КБК| ДБО;;;Проекты;ошибка/позиция;0;RUCH
ОСЦ Москва;Архив №1 Томилино;PR 018 000 00 01;Проект_Сбор статистики об отклонениях| выявленных при регистрации документов вкладов| КБК| ДБО;;;Проекты;ошибка/позиция;56,133;RUCH
ОСЦ Нижний Новгород;Вне подразделений;PR 018 000 00 01;Проект_Сбор статистики об отклонениях| выявленных при регистрации документов вкладов| КБК| ДБО;;;Проекты;ошибка/позиция;0;RUCH
ОСЦ Нижний Новгород;Архив №1 Нижний Новгород;PR 018 000 00 01;Проект_Сбор статистики об отклонениях| выявленных при регистрации документов вкладов| КБК| ДБО;;;Проекты;ошибка/позиция;59,949;RUCH
ОСЦ Новосибирск;Вне подразделений;PR 018 000 00 01;Проект_Сбор статистики об отклонениях| выявленных при регистрации документов вкладов| КБК| ДБО;;;Проекты;ошибка/позиция;0;RUCH
ОСЦ Новосибирск;Архив №1 Новосибирск;PR 018 000 00 01;Проект_Сбор статистики об отклонениях| выявленных при регистрации документов вкладов| КБК| ДБО;;;Проекты;ошибка/позиция;50,37;RUCH
ОСЦ Новосибирск;Архив №3 Екатеринбург;PR 018 000 00 01;Проект_Сбор статистики об отклонениях| выявленных при регистрации документов вкладов| КБК| ДБО;;;Проекты;ошибка/позиция;55,949;RUCH
ОСЦ Самара;Вне подразделений;PR 018 000 00 01;Проект_Сбор статистики об отклонениях| выявленных при регистрации документов вкладов| КБК| ДБО;;;Проекты;ошибка/позиция;0;RUCH
ОСЦ Самара;Архив №1 Самара;PR 018 000 00 01;Проект_Сбор статистики об отклонениях| выявленных при регистрации документов вкладов| КБК| ДБО;;;Проекты;ошибка/позиция;55,531;RUCH
ОСЦ Нижний Новгород;Архив №1 Нижний Новгород;KS 011 000 00 00;Ответ на вопрос| полученный в обсуждениях;;;СПАС;обращение;194,5;RUCH
ОСЦ Москва;Архив №1 Томилино;RG 0001 311 00 03;КАДРОВЫЕ ДОКУМЕНТЫ УК ПЕРВАЯ;;311;Регистрация;досье;88,333;AUTO
ОСЦ Нижний Новгород;Архив №1 Нижний Новгород;KS 012 000 00 00;"""Подготовка ответа для закрытия обращения по шаблону ""Консультация по передаче действующих досье на хранение""";;;СПАС;обращение;190,367;RUCH
ОСЦ Нижний Новгород;Архив №1 Нижний Новгород;KS 013 000 00 00;"""Подготовка ответа для закрытия обращения по шаблону ""Консультация по порядку оформления/исполнения запросов в Архив""";;;СПАС;обращение;168,7;RUCH
ОСЦ Нижний Новгород;Архив №1 Нижний Новгород;KS 014 000 00 00;"""Подготовка ответа для закрытия обращения по шаблону ""Консультация по передаче документов| завершенных делопроизводством""";;;СПАС;обращение;152,6;RUCH
ОСЦ Нижний Новгород;Архив №1 Нижний Новгород;KS 015 000 00 00;"""Подготовка ответа для закрытия обращения по шаблону ""Консультация по архивному сервису""";;;СПАС;обращение;191,7;RUCH
ОСЦ Воронеж;Вне подразделений;ZO 000 000 00 02;Исполнение запроса 2-ой линией поддержки;-;00;Консультирование;обращение;0;AUTO
ОСЦ Воронеж;Архив №1 Воронеж;ZO 000 000 00 02;Исполнение запроса 2-ой линией поддержки;-;00;Консультирование;обращение;433,125;AUTO
ОСЦ Воронеж;Архив №3 Калининград;ZO 000 000 00 02;Исполнение запроса 2-ой линией поддержки;-;00;Консультирование;обращение;433,125;AUTO
ОСЦ Воронеж;Архив №4 Санкт-Петербург;ZO 000 000 00 02;Исполнение запроса 2-ой линией поддержки;-;00;Консультирование;обращение;473;AUTO
ОСЦ Москва;Вне подразделений;ZO 000 000 00 02;Исполнение запроса 2-ой линией поддержки;-;00;Консультирование;обращение;0;AUTO
ОСЦ Москва;Архив №1 Томилино;ZO 000 000 00 02;Исполнение запроса 2-ой линией поддержки;-;00;Консультирование;обращение;433,125;AUTO
ОСЦ Нижний Новгород;Вне подразделений;ZO 000 000 00 02;Исполнение запроса 2-ой линией поддержки;-;00;Консультирование;обращение;0;AUTO
ОСЦ Нижний Новгород;Архив №1 Нижний Новгород;ZO 000 000 00 02;Исполнение запроса 2-ой линией поддержки;-;00;Консультирование;обращение;0;AUTO
ОСЦ Новосибирск;Вне подразделений;ZO 000 000 00 02;Исполнение запроса 2-ой линией поддержки;-;00;Консультирование;обращение;0;AUTO
ОСЦ Новосибирск;Архив №1 Новосибирск;ZO 000 000 00 02;Исполнение запроса 2-ой линией поддержки;-;00;Консультирование;обращение;431,231;AUTO
ОСЦ Новосибирск;Архив №3 Екатеринбург;ZO 000 000 00 02;Исполнение запроса 2-ой линией поддержки;-;00;Консультирование;обращение;438,4;AUTO
ОСЦ Самара;Вне подразделений;ZO 000 000 00 02;Исполнение запроса 2-ой линией поддержки;-;00;Консультирование;обращение;0;AUTO
ОСЦ Самара;Архив №1 Самара;ZO 000 000 00 02;Исполнение запроса 2-ой линией поддержки;-;00;Консультирование;обращение;433,125;AUTO
ОСЦ Воронеж;Архив №1 Воронеж;SS 097 000 00 00;Изготовление бумажной копии (распечатка документа| прошив страниц| проклейка| проставление печати);-;00;Запросы;страница;175,781;RUCH
ОСЦ Воронеж;Архив №3 Калининград;SS 097 000 00 00;Изготовление бумажной копии (распечатка документа| прошив страниц| проклейка| проставление печати);-;00;Запросы;страница;154,946;RUCH
ОСЦ Воронеж;Архив №4 Санкт-Петербург;SS 097 000 00 00;Изготовление бумажной копии (распечатка документа| прошив страниц| проклейка| проставление печати);-;00;Запросы;страница;161,703;RUCH
ОСЦ Москва;Архив №1 Томилино;SS 097 000 00 00;Изготовление бумажной копии (распечатка документа| прошив страниц| проклейка| проставление печати);-;00;Запросы;страница;162,929;RUCH
ОСЦ Нижний Новгород;Архив №1 Нижний Новгород;SS 097 000 00 00;Изготовление бумажной копии (распечатка документа| прошив страниц| проклейка| проставление печати);-;00;Запросы;страница;172,767;RUCH
ОСЦ Новосибирск;Архив №1 Новосибирск;SS 097 000 00 00;Изготовление бумажной копии (распечатка документа| прошив страниц| проклейка| проставление печати);-;00;Запросы;страница;162,857;RUCH
ОСЦ Новосибирск;Архив №3 Екатеринбург;SS 097 000 00 00;Изготовление бумажной копии (распечатка документа| прошив страниц| проклейка| проставление печати);-;00;Запросы;страница;162,167;RUCH
ОСЦ Самара;Архив №1 Самара;SS 097 000 00 00;Изготовление бумажной копии (распечатка документа| прошив страниц| проклейка| проставление печати);-;00;Запросы;страница;161,887;RUCH
ОСЦ Воронеж;Архив №1 Воронеж;SS 000 000 00 00;Сверка строк рабочего Акта с Перечнем 1350-4;;;Регистрация;строка;100,186;RUCH
ОСЦ Воронеж;Архив №3 Калининград;SS 000 000 00 00;Сверка строк рабочего Акта с Перечнем 1350-4;;;Регистрация;строка;92,812;RUCH
ОСЦ Воронеж;Архив №4 Санкт-Петербург;SS 000 000 00 00;Сверка строк рабочего Акта с Перечнем 1350-4;;;Регистрация;строка;84,571;RUCH
ОСЦ Москва;Архив №1 Томилино;SS 000 000 00 00;Сверка строк рабочего Акта с Перечнем 1350-4;;;Регистрация;строка;93,967;RUCH
ОСЦ Нижний Новгород;Архив №1 Нижний Новгород;SS 000 000 00 00;Сверка строк рабочего Акта с Перечнем 1350-4;;;Регистрация;строка;90,967;RUCH
ОСЦ Новосибирск;Архив №1 Новосибирск;SS 000 000 00 00;Сверка строк рабочего Акта с Перечнем 1350-4;;;Регистрация;строка;85,1;RUCH
ОСЦ Новосибирск;Архив №3 Екатеринбург;SS 000 000 00 00;Сверка строк рабочего Акта с Перечнем 1350-4;;;Регистрация;строка;86,433;RUCH
ОСЦ Самара;Архив №1 Самара;SS 000 000 00 00;Сверка строк рабочего Акта с Перечнем 1350-4;;;Регистрация;строка;99,17;RUCH
ОСЦ Воронеж;Архив №1 Воронеж;AV 000 000 00 00;Анализ и выборка документов| подлежащих хранению из коробов;;;Регистрация;короб;136,033;RUCH
ОСЦ Воронеж;Архив №3 Калининград;AV 000 000 00 00;Анализ и выборка документов| подлежащих хранению из коробов;;;Регистрация;короб;137,588;RUCH
ОСЦ Воронеж;Архив №4 Санкт-Петербург;AV 000 000 00 00;Анализ и выборка документов| подлежащих хранению из коробов;;;Регистрация;короб;129,3;RUCH
ОСЦ Москва;Архив №1 Томилино;AV 000 000 00 00;Анализ и выборка документов| подлежащих хранению из коробов;;;Регистрация;короб;128,867;RUCH
ОСЦ Нижний Новгород;Архив №1 Нижний Новгород;AV 000 000 00 00;Анализ и выборка документов| подлежащих хранению из коробов;;;Регистрация;короб;153,32;RUCH
ОСЦ Новосибирск;Архив №1 Новосибирск;AV 000 000 00 00;Анализ и выборка документов| подлежащих хранению из коробов;;;Регистрация;короб;151,091;RUCH
ОСЦ Новосибирск;Архив №3 Екатеринбург;AV 000 000 00 00;Анализ и выборка документов| подлежащих хранению из коробов;;;Регистрация;короб;151,1;RUCH
ОСЦ Самара;Архив №1 Самара;AV 000 000 00 00;Анализ и выборка документов| подлежащих хранению из коробов;;;Регистрация;короб;156,12;RUCH
ОСЦ Воронеж;Архив №1 Воронеж;TU 000 000 00 00;Прием транспортных упаковок с документами;;;Регистрация;ЕХ;3,636;AUTO
ОСЦ Воронеж;Архив №3 Калининград;TU 000 000 00 00;Прием транспортных упаковок с документами;;;Регистрация;ЕХ;2,581;AUTO
ОСЦ Воронеж;Архив №4 Санкт-Петербург;TU 000 000 00 00;Прием транспортных упаковок с документами;;;Регистрация;ЕХ;3,579;AUTO
ОСЦ Москва;Архив №1 Томилино;TU 000 000 00 00;Прием транспортных упаковок с документами;;;Регистрация;ЕХ;0;AUTO
ОСЦ Нижний Новгород;Архив №1 Нижний Новгород;TU 000 000 00 00;Прием транспортных упаковок с документами;;;Регистрация;ЕХ;3,629;AUTO
ОСЦ Новосибирск;Архив №1 Новосибирск;TU 000 000 00 00;Прием транспортных упаковок с документами;;;Регистрация;ЕХ;3,425;AUTO
ОСЦ Новосибирск;Архив №3 Екатеринбург;TU 000 000 00 00;Прием транспортных упаковок с документами;;;Регистрация;ЕХ;3,636;AUTO
ОСЦ Самара;Архив №1 Самара;TU 000 000 00 00;Прием транспортных упаковок с документами;;;Регистрация;ЕХ;3,635;AUTO
ОСЦ Нижний Новгород;Архив №1 Нижний Новгород;RG 0001 010 01 02;Регистрация по БП (Однолистный документ);ВСП;010;Регистрация;ШК;6,011;AUTO
ОСЦ Нижний Новгород;Архив №1 Нижний Новгород;RG 0001 010 02 02;Регистрация по БП (Опись);ВСП;010;Регистрация;ШК;11,492;AUTO
ОСЦ Нижний Новгород;Архив №1 Нижний Новгород;RG 0001 010 00 01;Регистрация по БП;Рег.;010;Регистрация;ШК;19,603;AUTO
ОСЦ Нижний Новгород;Архив №1 Нижний Новгород;RG 0001 010 00 03;Регистрация по БП;ВРУК;010;Регистрация;ШК;88,233;AUTO
ОСЦ Воронеж;Архив №4 Санкт-Петербург;RG 0001 010 01 02;Регистрация по БП (Однолистный документ);ВСП;010;Регистрация;ШК;5,681;AUTO
ОСЦ Воронеж;Архив №4 Санкт-Петербург;RG 0001 010 02 02;Регистрация по БП (Опись);ВСП;010;Регистрация;ШК;10,928;AUTO
ОСЦ Воронеж;Архив №4 Санкт-Петербург;RG 0001 010 00 01;Регистрация по БП;Рег.;010;Регистрация;ШК;19,024;AUTO
ОСЦ Воронеж;Архив №4 Санкт-Петербург;RG 0001 010 00 03;Регистрация по БП;ВРУК;010;Регистрация;ШК;80,206;AUTO
ОСЦ Новосибирск;Архив №3 Екатеринбург;RG 0001 010 01 02;Регистрация по БП (Однолистный документ);ВСП;010;Регистрация;ШК;5,545;AUTO
ОСЦ Новосибирск;Архив №3 Екатеринбург;RG 0001 010 02 02;Регистрация по БП (Опись);ВСП;010;Регистрация;ШК;12,786;AUTO
ОСЦ Новосибирск;Архив №3 Екатеринбург;RG 0001 010 00 01;Регистрация по БП;Рег.;010;Регистрация;ШК;16,839;AUTO
ОСЦ Новосибирск;Архив №3 Екатеринбург;RG 0001 010 00 03;Регистрация по БП;ВРУК;010;Регистрация;ШК;75;AUTO
ОСЦ Воронеж;Архив №3 Калининград;RG 0001 010 01 02;Регистрация по БП (Однолистный документ);ВСП;010;Регистрация;ШК;5,738;AUTO
ОСЦ Воронеж;Архив №3 Калининград;RG 0001 010 02 02;Регистрация по БП (Опись);ВСП;010;Регистрация;ШК;11,426;AUTO
ОСЦ Воронеж;Архив №3 Калининград;RG 0001 010 00 01;Регистрация по БП;Рег.;010;Регистрация;ШК;18,233;AUTO
ОСЦ Воронеж;Архив №3 Калининград;RG 0001 010 00 03;Регистрация по БП;ВРУК;010;Регистрация;ШК;79,467;AUTO
ОСЦ Москва;Архив №1 Томилино;RG 0001 010 01 02;Регистрация по БП (Однолистный документ);ВСП;010;Регистрация;ШК;4,818;AUTO
ОСЦ Москва;Архив №1 Томилино;RG 0001 010 02 02;Регистрация по БП (Опись);ВСП;010;Регистрация;ШК;10,435;AUTO
ОСЦ Москва;Архив №1 Томилино;RG 0001 010 00 01;Регистрация по БП;Рег.;010;Регистрация;ШК;19;AUTO
ОСЦ Москва;Архив №1 Томилино;RG 0001 010 00 03;Регистрация по БП;ВРУК;010;Регистрация;ШК;74,469;AUTO
ОСЦ Самара;Архив №1 Самара;RG 0001 010 01 02;Регистрация по БП (Однолистный документ);ВСП;010;Регистрация;ШК;5,9;AUTO
ОСЦ Самара;Архив №1 Самара;RG 0001 010 02 02;Регистрация по БП (Опись);ВСП;010;Регистрация;ШК;13,193;AUTO
ОСЦ Самара;Архив №1 Самара;RG 0001 010 00 01;Регистрация по БП;Рег.;010;Регистрация;ШК;16,335;AUTO
ОСЦ Самара;Архив №1 Самара;RG 0001 010 00 03;Регистрация по БП;ВРУК;010;Регистрация;ШК;81,538;AUTO
ОСЦ Воронеж;Архив №1 Воронеж;RG 0001 010 01 02;Регистрация по БП (Однолистный документ);ВСП;010;Регистрация;ШК;6,132;AUTO
ОСЦ Воронеж;Архив №1 Воронеж;RG 0001 010 02 02;Регистрация по БП (Опись);ВСП;010;Регистрация;ШК;13,074;AUTO
ОСЦ Воронеж;Архив №1 Воронеж;RG 0001 010 00 01;Регистрация по БП;Рег.;010;Регистрация;ШК;18,233;AUTO
ОСЦ Воронеж;Архив №1 Воронеж;RG 0001 010 00 03;Регистрация по БП;ВРУК;010;Регистрация;ШК;83,433;AUTO
ОСЦ Новосибирск;Архив №1 Новосибирск;RG 0001 010 01 02;Регистрация по БП (Однолистный документ);ВСП;010;Регистрация;ШК;5,393;AUTO
ОСЦ Новосибирск;Архив №1 Новосибирск;RG 0001 010 02 02;Регистрация по БП (Опись);ВСП;010;Регистрация;ШК;11,441;AUTO
ОСЦ Новосибирск;Архив №1 Новосибирск;RG 0001 010 00 01;Регистрация по БП;Рег.;010;Регистрация;ШК;16,623;AUTO
ОСЦ Новосибирск;Архив №1 Новосибирск;RG 0001 010 00 03;Регистрация по БП;ВРУК;010;Регистрация;ШК;77,323;AUTO
ОСЦ Нижний Новгород;Архив №1 Нижний Новгород;RG 0001 265 01 02;Регистрация по БП (Однолистный документ);ВСП;265;Регистрация;ШК;6,029;AUTO
ОСЦ Воронеж;Архив №4 Санкт-Петербург;RG 0001 265 01 02;Регистрация по БП (Однолистный документ);ВСП;265;Регистрация;ШК;6,541;AUTO
ОСЦ Новосибирск;Архив №3 Екатеринбург;RG 0001 265 01 02;Регистрация по БП (Однолистный документ);ВСП;265;Регистрация;ШК;6;AUTO
ОСЦ Воронеж;Архив №3 Калининград;RG 0001 265 01 02;Регистрация по БП (Однолистный документ);ВСП;265;Регистрация;ШК;5,679;AUTO
ОСЦ Москва;Архив №1 Томилино;RG 0001 265 01 02;Регистрация по БП (Однолистный документ);ВСП;265;Регистрация;ШК;5,329;AUTO
ОСЦ Самара;Архив №1 Самара;RG 0001 265 01 02;Регистрация по БП (Однолистный документ);ВСП;265;Регистрация;ШК;6,4;AUTO
ОСЦ Воронеж;Архив №1 Воронеж;RG 0001 265 01 02;Регистрация по БП (Однолистный документ);ВСП;265;Регистрация;ШК;5,967;AUTO
ОСЦ Новосибирск;Архив №1 Новосибирск;RG 0001 265 01 02;Регистрация по БП (Однолистный документ);ВСП;265;Регистрация;ШК;6,073;AUTO
ОСЦ Нижний Новгород;Архив №1 Нижний Новгород;RG 0001 265 02 02;Регистрация по БП (Опись);ВСП;265;Регистрация;ШК;11,06;AUTO
ОСЦ Воронеж;Архив №4 Санкт-Петербург;RG 0001 265 02 02;Регистрация по БП (Опись);ВСП;265;Регистрация;ШК;11,8;AUTO
ОСЦ Новосибирск;Архив №3 Екатеринбург;RG 0001 265 02 02;Регистрация по БП (Опись);ВСП;265;Регистрация;ШК;12,1;AUTO
ОСЦ Воронеж;Архив №3 Калининград;RG 0001 265 02 02;Регистрация по БП (Опись);ВСП;265;Регистрация;ШК;11,606;AUTO
ОСЦ Москва;Архив №1 Томилино;RG 0001 265 02 02;Регистрация по БП (Опись);ВСП;265;Регистрация;ШК;10,226;AUTO
ОСЦ Самара;Архив №1 Самара;RG 0001 265 02 02;Регистрация по БП (Опись);ВСП;265;Регистрация;ШК;12,417;AUTO
ОСЦ Воронеж;Архив №1 Воронеж;RG 0001 265 02 02;Регистрация по БП (Опись);ВСП;265;Регистрация;ШК;11,697;AUTO
ОСЦ Новосибирск;Архив №1 Новосибирск;RG 0001 265 02 02;Регистрация по БП (Опись);ВСП;265;Регистрация;ШК;11,865;AUTO
ОСЦ Самара;Архив №1 Самара;SR 324 000 00 00;Сортировка документов подлежащих уничтожению;;;Регистрация;АК;2236,267;RUCH
ОСЦ Самара;Архив №1 Самара;SR 325 000 00 00;Шредирование;;;Регистрация;АК;2510,1;RUCH
ОСЦ Нижний Новгород;Архив №1 Нижний Новгород;SR 326 000 00 00;Сортировка СДД;;;Регистрация;ШК;51,675;RUCH
ОСЦ Нижний Новгород;Архив №1 Нижний Новгород;SZ 210 000 00 00;Определение количества картриджей для проверки;;;Запросы;картридж;92,299;RUCH
ОСЦ Нижний Новгород;Архив №1 Нижний Новгород;SZ 211 000 00 00;Согласование проверки с подразделениями Банка;;;Запросы;сообщение;188,567;RUCH
ОСЦ Нижний Новгород;Архив №1 Нижний Новгород;SZ 212 000 00 00;Загрузка/выгрузка картриджей в резервную библиотеку;;;Запросы;картридж;120,03;RUCH
ОСЦ Нижний Новгород;Архив №1 Нижний Новгород;SZ 213 000 00 00;Запуск проверки состояния картриджей в АС АБЭД и мониторинг;;;Запросы;сообщение;132,767;RUCH
ОСЦ Нижний Новгород;Архив №1 Нижний Новгород;SZ 214 000 00 00;Итоговые мероприятия проверки картриджа;;;Запросы;акт;143,412;RUCH
ОСЦ Москва;Архив №1 Томилино;SZ 215 000 00 00;Выгрузка ЭГО на ресурс;;;Запросы;Файл;75,178;RUCH
ОСЦ Нижний Новгород;Вне подразделений;SZ 215 000 00 00;Выгрузка ЭГО на ресурс;;;Запросы;Файл;0;RUCH
ОСЦ Нижний Новгород;Архив №1 Нижний Новгород;SZ 215 000 00 00;Выгрузка ЭГО на ресурс;;;Запросы;Файл;85,823;RUCH
ОСЦ Новосибирск;Вне подразделений;SZ 215 000 00 00;Выгрузка ЭГО на ресурс;;;Запросы;Файл;0;RUCH
ОСЦ Новосибирск;Архив №1 Новосибирск;SZ 215 000 00 00;Выгрузка ЭГО на ресурс;;;Запросы;Файл;81,169;RUCH
ОСЦ Самара;Вне подразделений;SZ 215 000 00 00;Выгрузка ЭГО на ресурс;;;Запросы;Файл;0;RUCH
ОСЦ Новосибирск;Архив №3 Екатеринбург;SZ 215 000 00 00;Выгрузка ЭГО на ресурс;;;Запросы;Файл;80,881;RUCH
ОСЦ Самара;Архив №1 Самара;SZ 215 000 00 00;Выгрузка ЭГО на ресурс;;;Запросы;Файл;75,423;RUCH
ОСЦ Воронеж;Вне подразделений;SZ 215 000 00 00;Выгрузка ЭГО на ресурс;;;Запросы;Файл;0;RUCH
ОСЦ Воронеж;Архив №1 Воронеж;SZ 215 000 00 00;Выгрузка ЭГО на ресурс;;;Запросы;Файл;86,732;RUCH
ОСЦ Воронеж;Архив №1 Воронеж;RG 0001 317 01 02;Регистрация по БП (Однолистный документ);ВСП;317;Регистрация;ШК;6,456;AUTO
ОСЦ Воронеж;Архив №3 Калининград;RG 0001 317 01 02;Регистрация по БП (Однолистный документ);ВСП;317;Регистрация;ШК;6,28;AUTO
ОСЦ Воронеж;Архив №4 Санкт-Петербург;RG 0001 317 01 02;Регистрация по БП (Однолистный документ);ВСП;317;Регистрация;ШК;6,001;AUTO
ОСЦ Москва;Архив №1 Томилино;RG 0001 317 01 02;Регистрация по БП (Однолистный документ);ВСП;317;Регистрация;ШК;5,523;AUTO
ОСЦ Нижний Новгород;Архив №1 Нижний Новгород;RG 0001 317 01 02;Регистрация по БП (Однолистный документ);ВСП;317;Регистрация;ШК;6,121;AUTO
ОСЦ Новосибирск;Архив №1 Новосибирск;RG 0001 317 01 02;Регистрация по БП (Однолистный документ);ВСП;317;Регистрация;ШК;5,803;AUTO
ОСЦ Новосибирск;Архив №3 Екатеринбург;RG 0001 317 01 02;Регистрация по БП (Однолистный документ);ВСП;317;Регистрация;ШК;6,755;AUTO
ОСЦ Самара;Архив №1 Самара;RG 0001 317 01 02;Регистрация по БП (Однолистный документ);ВСП;317;Регистрация;ШК;6,263;AUTO
ОСЦ Воронеж;Архив №1 Воронеж;RG 0001 317 02 02;Регистрация по БП (Опись);ВСП;317;Регистрация;ШК;11,316;AUTO
ОСЦ Воронеж;Архив №3 Калининград;RG 0001 317 02 02;Регистрация по БП (Опись);ВСП;317;Регистрация;ШК;11,311;AUTO
ОСЦ Воронеж;Архив №4 Санкт-Петербург;RG 0001 317 02 02;Регистрация по БП (Опись);ВСП;317;Регистрация;ШК;10,936;AUTO
ОСЦ Москва;Архив №1 Томилино;RG 0001 317 02 02;Регистрация по БП (Опись);ВСП;317;Регистрация;ШК;10,603;AUTO
ОСЦ Нижний Новгород;Архив №1 Нижний Новгород;RG 0001 317 02 02;Регистрация по БП (Опись);ВСП;317;Регистрация;ШК;11,065;AUTO
ОСЦ Новосибирск;Архив №1 Новосибирск;RG 0001 317 02 02;Регистрация по БП (Опись);ВСП;317;Регистрация;ШК;10,475;AUTO
ОСЦ Новосибирск;Архив №3 Екатеринбург;RG 0001 317 02 02;Регистрация по БП (Опись);ВСП;317;Регистрация;ШК;12,063;AUTO
ОСЦ Самара;Архив №1 Самара;RG 0001 317 02 02;Регистрация по БП (Опись);ВСП;317;Регистрация;ШК;10,514;AUTO
ОСЦ Воронеж;Архив №1 Воронеж;RG 0001 317 00 01;Регистрация по БП;Рег.;317;Регистрация;ШК;21,002;AUTO
ОСЦ Воронеж;Архив №3 Калининград;RG 0001 317 00 01;Регистрация по БП;Рег.;317;Регистрация;ШК;20,167;AUTO
ОСЦ Воронеж;Архив №4 Санкт-Петербург;RG 0001 317 00 01;Регистрация по БП;Рег.;317;Регистрация;ШК;19,024;AUTO
ОСЦ Москва;Архив №1 Томилино;RG 0001 317 00 01;Регистрация по БП;Рег.;317;Регистрация;ШК;19,08;AUTO
ОСЦ Нижний Новгород;Архив №1 Нижний Новгород;RG 0001 317 00 01;Регистрация по БП;Рег.;317;Регистрация;ШК;20,718;AUTO
ОСЦ Новосибирск;Архив №1 Новосибирск;RG 0001 317 00 01;Регистрация по БП;Рег.;317;Регистрация;ШК;18,045;AUTO
ОСЦ Новосибирск;Архив №3 Екатеринбург;RG 0001 317 00 01;Регистрация по БП;Рег.;317;Регистрация;ШК;19,328;AUTO
ОСЦ Самара;Архив №1 Самара;RG 0001 317 00 01;Регистрация по БП;Рег.;317;Регистрация;ШК;19,714;AUTO
ОСЦ Воронеж;Архив №4 Санкт-Петербург;SZ 215 000 00 00;Выгрузка ЭГО на ресурс;;;Запросы;Файл;85,598;RUCH
ОСЦ Москва;Вне подразделений;SZ 215 000 00 00;Выгрузка ЭГО на ресурс;;;Запросы;Файл;0;RUCH
ОСЦ Воронеж;Архив №3 Калининград;SZ 215 000 00 00;Выгрузка ЭГО на ресурс;;;Запросы;Файл;88,857;RUCH
ОСЦ Воронеж;Архив №1 Воронеж;SR 327 000 00 00;Проект_Коммуникации по Outlook;;;Регистрация;сообщение;191,4;RUCH
ОСЦ Воронеж;Архив №3 Калининград;SR 327 000 00 00;Проект_Коммуникации по Outlook;;;Регистрация;сообщение;191,167;RUCH
ОСЦ Воронеж;Архив №4 Санкт-Петербург;SR 327 000 00 00;Проект_Коммуникации по Outlook;;;Регистрация;сообщение;160,853;RUCH
ОСЦ Москва;Архив №1 Томилино;SR 327 000 00 00;Проект_Коммуникации по Outlook;;;Регистрация;сообщение;191,433;RUCH
ОСЦ Нижний Новгород;Архив №1 Нижний Новгород;SR 327 000 00 00;Проект_Коммуникации по Outlook;;;Регистрация;сообщение;180,875;RUCH
ОСЦ Новосибирск;Архив №1 Новосибирск;SR 327 000 00 00;Проект_Коммуникации по Outlook;;;Регистрация;сообщение;157,167;RUCH
ОСЦ Новосибирск;Архив №3 Екатеринбург;SR 327 000 00 00;Проект_Коммуникации по Outlook;;;Регистрация;сообщение;173,873;RUCH
ОСЦ Самара;Архив №1 Самара;SR 327 000 00 00;Проект_Коммуникации по Outlook;;;Регистрация;сообщение;152,867;RUCH
ОСЦ Воронеж;Архив №1 Воронеж;SR 328 000 00 00;Проект_Коммуникации по телефону;;;Регистрация;звонок;303,267;RUCH
ОСЦ Воронеж;Архив №3 Калининград;SR 328 000 00 00;Проект_Коммуникации по телефону;;;Регистрация;звонок;302,01;RUCH
ОСЦ Воронеж;Архив №4 Санкт-Петербург;SR 328 000 00 00;Проект_Коммуникации по телефону;;;Регистрация;звонок;324,9;RUCH
ОСЦ Москва;Архив №1 Томилино;SR 328 000 00 00;Проект_Коммуникации по телефону;;;Регистрация;звонок;300,167;RUCH
ОСЦ Нижний Новгород;Архив №1 Нижний Новгород;SR 328 000 00 00;Проект_Коммуникации по телефону;;;Регистрация;звонок;307,433;RUCH
ОСЦ Новосибирск;Архив №1 Новосибирск;SR 328 000 00 00;Проект_Коммуникации по телефону;;;Регистрация;звонок;316,8;RUCH
ОСЦ Новосибирск;Архив №3 Екатеринбург;SR 328 000 00 00;Проект_Коммуникации по телефону;;;Регистрация;звонок;305,187;RUCH
ОСЦ Самара;Архив №1 Самара;SR 328 000 00 00;Проект_Коммуникации по телефону;;;Регистрация;звонок;302,233;RUCH
ОСЦ Воронеж;Архив №1 Воронеж;SR 0118 000 00 01;Сверка DR-реестра;-;00;Регистрация;ЕХ;181,31;AUTO
ОСЦ Воронеж;Архив №3 Калининград;SR 0118 000 00 01;Сверка DR-реестра;-;00;Регистрация;ЕХ;174,26;AUTO
ОСЦ Воронеж;Архив №4 Санкт-Петербург;SR 0118 000 00 01;Сверка DR-реестра;-;00;Регистрация;ЕХ;122,91;AUTO
ОСЦ Москва;Архив №1 Томилино;SR 0118 000 00 01;Сверка DR-реестра;-;00;Регистрация;ЕХ;166,981;AUTO
ОСЦ Нижний Новгород;Архив №1 Нижний Новгород;SR 0118 000 00 01;Сверка DR-реестра;-;00;Регистрация;ЕХ;179,986;AUTO
ОСЦ Новосибирск;Архив №1 Новосибирск;SR 0118 000 00 01;Сверка DR-реестра;-;00;Регистрация;ЕХ;152,508;AUTO
ОСЦ Новосибирск;Архив №3 Екатеринбург;SR 0118 000 00 01;Сверка DR-реестра;-;00;Регистрация;ЕХ;181,258;AUTO
ОСЦ Самара;Архив №1 Самара;SR 0118 000 00 01;Сверка DR-реестра;-;00;Регистрация;ЕХ;180,903;AUTO
ОСЦ Москва;Архив №1 Томилино;RG 0001 320 02 02;Регистрация по БП (Опись);ВСП;320;Регистрация;ШК;27,162;AUTO
ОСЦ Москва;Архив №1 Томилино;RG 0001 320 00 01;Регистрация по БП;Рег.;320;Регистрация;ШК;57;AUTO
ОСЦ Москва;Архив №1 Томилино;RG 0001 320 00 03;Регистрация по БП;ВРУК;320;Регистрация;ШК;90,933;AUTO
ОСЦ Москва;Архив №1 Томилино;RG 0001 296 00 01;Регистрация по БП;Рег.;296;Регистрация;ШК;83,433;AUTO
ОСЦ Москва;Архив №1 Томилино;RG 0001 296 00 03;Регистрация по БП;ВРУК;296;Регистрация;ШК;119,47;AUTO
ОСЦ Воронеж;Архив №4 Санкт-Петербург;RG 0001 320 02 02;Регистрация по БП (Опись);ВСП;320;Регистрация;ШК;26,2;AUTO
ОСЦ Воронеж;Архив №4 Санкт-Петербург;RG 0001 320 00 01;Регистрация по БП;Рег.;320;Регистрация;ШК;50,733;AUTO
ОСЦ Воронеж;Архив №4 Санкт-Петербург;RG 0001 320 00 03;Регистрация по БП;ВРУК;320;Регистрация;ШК;88,933;AUTO
ОСЦ Воронеж;Вне подразделений;RG 0001 320 00 01;Регистрация по БП;Рег.;320;Регистрация;ШК;0;AUTO
ОСЦ Воронеж;Архив №1 Воронеж;RG 0001 320 00 01;Регистрация по БП;Рег.;320;Регистрация;ШК;0;AUTO
ОСЦ Воронеж;Архив №3 Калининград;RG 0001 320 00 01;Регистрация по БП;Рег.;320;Регистрация;ШК;0;AUTO
ОСЦ Москва;Вне подразделений;RG 0001 320 00 01;Регистрация по БП;Рег.;320;Регистрация;ШК;0;AUTO
ОСЦ Нижний Новгород;Вне подразделений;RG 0001 320 00 01;Регистрация по БП;Рег.;320;Регистрация;ШК;0;AUTO
ОСЦ Нижний Новгород;Архив №1 Нижний Новгород;RG 0001 320 00 01;Регистрация по БП;Рег.;320;Регистрация;ШК;0;AUTO
ОСЦ Новосибирск;Вне подразделений;RG 0001 320 00 01;Регистрация по БП;Рег.;320;Регистрация;ШК;0;AUTO
ОСЦ Новосибирск;Архив №1 Новосибирск;RG 0001 320 00 01;Регистрация по БП;Рег.;320;Регистрация;ШК;0;AUTO
ОСЦ Самара;Вне подразделений;RG 0001 320 00 01;Регистрация по БП;Рег.;320;Регистрация;ШК;0;AUTO
ОСЦ Новосибирск;Архив №3 Екатеринбург;RG 0001 320 00 01;Регистрация по БП;Рег.;320;Регистрация;ШК;0;AUTO
ОСЦ Самара;Архив №1 Самара;RG 0001 320 00 01;Регистрация по БП;Рег.;320;Регистрация;ШК;49,067;AUTO
ОСЦ Воронеж;Вне подразделений;RG 0001 320 02 02;Регистрация по БП (Опись);ВСП;320;Регистрация;ШК;0;AUTO
ОСЦ Воронеж;Архив №1 Воронеж;RG 0001 320 02 02;Регистрация по БП (Опись);ВСП;320;Регистрация;ШК;0;AUTO
ОСЦ Воронеж;Архив №3 Калининград;RG 0001 320 02 02;Регистрация по БП (Опись);ВСП;320;Регистрация;ШК;0;AUTO
ОСЦ Москва;Вне подразделений;RG 0001 320 02 02;Регистрация по БП (Опись);ВСП;320;Регистрация;ШК;0;AUTO
ОСЦ Нижний Новгород;Вне подразделений;RG 0001 320 02 02;Регистрация по БП (Опись);ВСП;320;Регистрация;ШК;0;AUTO
ОСЦ Нижний Новгород;Архив №1 Нижний Новгород;RG 0001 320 02 02;Регистрация по БП (Опись);ВСП;320;Регистрация;ШК;0;AUTO
ОСЦ Новосибирск;Вне подразделений;RG 0001 320 02 02;Регистрация по БП (Опись);ВСП;320;Регистрация;ШК;0;AUTO
ОСЦ Новосибирск;Архив №1 Новосибирск;RG 0001 320 02 02;Регистрация по БП (Опись);ВСП;320;Регистрация;ШК;0;AUTO
ОСЦ Самара;Вне подразделений;RG 0001 320 02 02;Регистрация по БП (Опись);ВСП;320;Регистрация;ШК;0;AUTO
ОСЦ Новосибирск;Архив №3 Екатеринбург;RG 0001 320 02 02;Регистрация по БП (Опись);ВСП;320;Регистрация;ШК;0;AUTO
ОСЦ Самара;Архив №1 Самара;RG 0001 320 02 02;Регистрация по БП (Опись);ВСП;320;Регистрация;ШК;23,028;AUTO
ОСЦ Воронеж;Вне подразделений;RG 0001 320 00 03;Регистрация по БП;ВРУК;320;Регистрация;ШК;0;AUTO
ОСЦ Воронеж;Архив №1 Воронеж;RG 0001 320 00 03;Регистрация по БП;ВРУК;320;Регистрация;ШК;0;AUTO
ОСЦ Воронеж;Архив №3 Калининград;RG 0001 320 00 03;Регистрация по БП;ВРУК;320;Регистрация;ШК;0;AUTO
ОСЦ Москва;Вне подразделений;RG 0001 320 00 03;Регистрация по БП;ВРУК;320;Регистрация;ШК;0;AUTO
ОСЦ Нижний Новгород;Вне подразделений;RG 0001 320 00 03;Регистрация по БП;ВРУК;320;Регистрация;ШК;0;AUTO
ОСЦ Нижний Новгород;Архив №1 Нижний Новгород;RG 0001 320 00 03;Регистрация по БП;ВРУК;320;Регистрация;ШК;0;AUTO
ОСЦ Новосибирск;Вне подразделений;RG 0001 320 00 03;Регистрация по БП;ВРУК;320;Регистрация;ШК;0;AUTO
ОСЦ Новосибирск;Архив №1 Новосибирск;RG 0001 320 00 03;Регистрация по БП;ВРУК;320;Регистрация;ШК;0;AUTO
ОСЦ Самара;Вне подразделений;RG 0001 320 00 03;Регистрация по БП;ВРУК;320;Регистрация;ШК;0;AUTO
ОСЦ Новосибирск;Архив №3 Екатеринбург;RG 0001 320 00 03;Регистрация по БП;ВРУК;320;Регистрация;ШК;0;AUTO
ОСЦ Самара;Архив №1 Самара;RG 0001 320 00 03;Регистрация по БП;ВРУК;320;Регистрация;ШК;89,467;AUTO
ОСЦ Воронеж;Вне подразделений;SZ 216 000 00 00;Определение картриджа для извлечения требуемого документа по запросу| поиск папки для просмотра;;;Запросы;картридж;0;RUCH
ОСЦ Воронеж;Архив №1 Воронеж;SZ 216 000 00 00;Определение картриджа для извлечения требуемого документа по запросу| поиск папки для просмотра;;;Запросы;картридж;0;RUCH
ОСЦ Воронеж;Архив №3 Калининград;SZ 216 000 00 00;Определение картриджа для извлечения требуемого документа по запросу| поиск папки для просмотра;;;Запросы;картридж;0;RUCH
ОСЦ Воронеж;Архив №4 Санкт-Петербург;SZ 216 000 00 00;Определение картриджа для извлечения требуемого документа по запросу| поиск папки для просмотра;;;Запросы;картридж;0;RUCH
ОСЦ Москва;Вне подразделений;SZ 216 000 00 00;Определение картриджа для извлечения требуемого документа по запросу| поиск папки для просмотра;;;Запросы;картридж;0;RUCH
ОСЦ Москва;Архив №1 Томилино;SZ 216 000 00 00;Определение картриджа для извлечения требуемого документа по запросу| поиск папки для просмотра;;;Запросы;картридж;0;RUCH
ОСЦ Нижний Новгород;Вне подразделений;SZ 216 000 00 00;Определение картриджа для извлечения требуемого документа по запросу| поиск папки для просмотра;;;Запросы;картридж;0;RUCH
ОСЦ Нижний Новгород;Архив №1 Нижний Новгород;SZ 216 000 00 00;Определение картриджа для извлечения требуемого документа по запросу| поиск папки для просмотра;;;Запросы;картридж;609,433;RUCH
ОСЦ Новосибирск;Вне подразделений;SZ 216 000 00 00;Определение картриджа для извлечения требуемого документа по запросу| поиск папки для просмотра;;;Запросы;картридж;0;RUCH
ОСЦ Новосибирск;Архив №1 Новосибирск;SZ 216 000 00 00;Определение картриджа для извлечения требуемого документа по запросу| поиск папки для просмотра;;;Запросы;картридж;0;RUCH
ОСЦ Самара;Вне подразделений;SZ 216 000 00 00;Определение картриджа для извлечения требуемого документа по запросу| поиск папки для просмотра;;;Запросы;картридж;0;RUCH
ОСЦ Новосибирск;Архив №3 Екатеринбург;SZ 216 000 00 00;Определение картриджа для извлечения требуемого документа по запросу| поиск папки для просмотра;;;Запросы;картридж;0;RUCH
ОСЦ Самара;Архив №1 Самара;SZ 216 000 00 00;Определение картриджа для извлечения требуемого документа по запросу| поиск папки для просмотра;;;Запросы;картридж;0;RUCH
ОСЦ Воронеж;Вне подразделений;SZ 217 000 00 00;Поиск по структуре архивов ЦОД;;;Запросы;картридж;0;RUCH
ОСЦ Воронеж;Архив №1 Воронеж;SZ 217 000 00 00;Поиск по структуре архивов ЦОД;;;Запросы;картридж;0;RUCH
ОСЦ Воронеж;Архив №3 Калининград;SZ 217 000 00 00;Поиск по структуре архивов ЦОД;;;Запросы;картридж;0;RUCH
ОСЦ Воронеж;Архив №4 Санкт-Петербург;SZ 217 000 00 00;Поиск по структуре архивов ЦОД;;;Запросы;картридж;0;RUCH
ОСЦ Москва;Вне подразделений;SZ 217 000 00 00;Поиск по структуре архивов ЦОД;;;Запросы;картридж;0;RUCH
ОСЦ Москва;Архив №1 Томилино;SZ 217 000 00 00;Поиск по структуре архивов ЦОД;;;Запросы;картридж;0;RUCH
ОСЦ Нижний Новгород;Вне подразделений;SZ 217 000 00 00;Поиск по структуре архивов ЦОД;;;Запросы;картридж;0;RUCH
ОСЦ Нижний Новгород;Архив №1 Нижний Новгород;SZ 217 000 00 00;Поиск по структуре архивов ЦОД;;;Запросы;картридж;608,9;RUCH
ОСЦ Новосибирск;Вне подразделений;SZ 217 000 00 00;Поиск по структуре архивов ЦОД;;;Запросы;картридж;0;RUCH
ОСЦ Новосибирск;Архив №1 Новосибирск;SZ 217 000 00 00;Поиск по структуре архивов ЦОД;;;Запросы;картридж;0;RUCH
ОСЦ Самара;Вне подразделений;SZ 217 000 00 00;Поиск по структуре архивов ЦОД;;;Запросы;картридж;0;RUCH
ОСЦ Новосибирск;Архив №3 Екатеринбург;SZ 217 000 00 00;Поиск по структуре архивов ЦОД;;;Запросы;картридж;0;RUCH
ОСЦ Самара;Архив №1 Самара;SZ 217 000 00 00;Поиск по структуре архивов ЦОД;;;Запросы;картридж;0;RUCH
ОСЦ Воронеж;Вне подразделений;SZ 218 000 00 00;Поиск по структуре архивов ВСП;;;Запросы;картридж;0;RUCH
ОСЦ Воронеж;Архив №1 Воронеж;SZ 218 000 00 00;Поиск по структуре архивов ВСП;;;Запросы;картридж;0;RUCH
ОСЦ Воронеж;Архив №3 Калининград;SZ 218 000 00 00;Поиск по структуре архивов ВСП;;;Запросы;картридж;0;RUCH
ОСЦ Воронеж;Архив №4 Санкт-Петербург;SZ 218 000 00 00;Поиск по структуре архивов ВСП;;;Запросы;картридж;0;RUCH
ОСЦ Москва;Вне подразделений;SZ 218 000 00 00;Поиск по структуре архивов ВСП;;;Запросы;картридж;0;RUCH
ОСЦ Москва;Архив №1 Томилино;SZ 218 000 00 00;Поиск по структуре архивов ВСП;;;Запросы;картридж;0;RUCH
ОСЦ Нижний Новгород;Вне подразделений;SZ 218 000 00 00;Поиск по структуре архивов ВСП;;;Запросы;картридж;0;RUCH
ОСЦ Нижний Новгород;Архив №1 Нижний Новгород;SZ 218 000 00 00;Поиск по структуре архивов ВСП;;;Запросы;картридж;431,9;RUCH
ОСЦ Новосибирск;Вне подразделений;SZ 218 000 00 00;Поиск по структуре архивов ВСП;;;Запросы;картридж;0;RUCH
ОСЦ Новосибирск;Архив №1 Новосибирск;SZ 218 000 00 00;Поиск по структуре архивов ВСП;;;Запросы;картридж;0;RUCH
ОСЦ Самара;Вне подразделений;SZ 218 000 00 00;Поиск по структуре архивов ВСП;;;Запросы;картридж;0;RUCH
ОСЦ Новосибирск;Архив №3 Екатеринбург;SZ 218 000 00 00;Поиск по структуре архивов ВСП;;;Запросы;картридж;0;RUCH
ОСЦ Самара;Архив №1 Самара;SZ 218 000 00 00;Поиск по структуре архивов ВСП;;;Запросы;картридж;0;RUCH
ОСЦ Воронеж;Вне подразделений;SZ 219 000 00 00;Извлечение документа и возврат картриджа в короб после обработки;;;Запросы;картридж;0;RUCH
ОСЦ Воронеж;Архив №1 Воронеж;SZ 219 000 00 00;Извлечение документа и возврат картриджа в короб после обработки;;;Запросы;картридж;0;RUCH
ОСЦ Воронеж;Архив №3 Калининград;SZ 219 000 00 00;Извлечение документа и возврат картриджа в короб после обработки;;;Запросы;картридж;0;RUCH
ОСЦ Воронеж;Архив №4 Санкт-Петербург;SZ 219 000 00 00;Извлечение документа и возврат картриджа в короб после обработки;;;Запросы;картридж;0;RUCH
ОСЦ Москва;Вне подразделений;SZ 219 000 00 00;Извлечение документа и возврат картриджа в короб после обработки;;;Запросы;картридж;0;RUCH
ОСЦ Москва;Архив №1 Томилино;SZ 219 000 00 00;Извлечение документа и возврат картриджа в короб после обработки;;;Запросы;картридж;0;RUCH
ОСЦ Нижний Новгород;Вне подразделений;SZ 219 000 00 00;Извлечение документа и возврат картриджа в короб после обработки;;;Запросы;картридж;0;RUCH
ОСЦ Нижний Новгород;Архив №1 Нижний Новгород;SZ 219 000 00 00;Извлечение документа и возврат картриджа в короб после обработки;;;Запросы;картридж;189,161;RUCH
ОСЦ Новосибирск;Вне подразделений;SZ 219 000 00 00;Извлечение документа и возврат картриджа в короб после обработки;;;Запросы;картридж;0;RUCH
ОСЦ Новосибирск;Архив №1 Новосибирск;SZ 219 000 00 00;Извлечение документа и возврат картриджа в короб после обработки;;;Запросы;картридж;0;RUCH
ОСЦ Самара;Вне подразделений;SZ 219 000 00 00;Извлечение документа и возврат картриджа в короб после обработки;;;Запросы;картридж;0;RUCH
ОСЦ Новосибирск;Архив №3 Екатеринбург;SZ 219 000 00 00;Извлечение документа и возврат картриджа в короб после обработки;;;Запросы;картридж;0;RUCH
ОСЦ Самара;Архив №1 Самара;SZ 219 000 00 00;Извлечение документа и возврат картриджа в короб после обработки;;;Запросы;картридж;0;RUCH
ОСЦ Воронеж;Вне подразделений;RG 0001 318 02 02;Регистрация по БП (Опись);ВСП;318;Регистрация;досье;0;AUTO
ОСЦ Воронеж;Архив №1 Воронеж;RG 0001 318 02 02;Регистрация по БП (Опись);ВСП;318;Регистрация;досье;14,113;AUTO
ОСЦ Воронеж;Архив №3 Калининград;RG 0001 318 02 02;Регистрация по БП (Опись);ВСП;318;Регистрация;досье;13,524;AUTO
ОСЦ Воронеж;Архив №4 Санкт-Петербург;RG 0001 318 02 02;Регистрация по БП (Опись);ВСП;318;Регистрация;досье;13,118;AUTO
ОСЦ Москва;Вне подразделений;RG 0001 318 02 02;Регистрация по БП (Опись);ВСП;318;Регистрация;досье;0;AUTO
ОСЦ Москва;Архив №1 Томилино;RG 0001 318 02 02;Регистрация по БП (Опись);ВСП;318;Регистрация;досье;11,352;AUTO
ОСЦ Нижний Новгород;Вне подразделений;RG 0001 318 02 02;Регистрация по БП (Опись);ВСП;318;Регистрация;досье;0;AUTO
ОСЦ Нижний Новгород;Архив №1 Нижний Новгород;RG 0001 318 02 02;Регистрация по БП (Опись);ВСП;318;Регистрация;досье;13,001;AUTO
ОСЦ Новосибирск;Вне подразделений;RG 0001 318 02 02;Регистрация по БП (Опись);ВСП;318;Регистрация;досье;0;AUTO
ОСЦ Новосибирск;Архив №1 Новосибирск;RG 0001 318 02 02;Регистрация по БП (Опись);ВСП;318;Регистрация;досье;12,163;AUTO
ОСЦ Новосибирск;Архив №3 Екатеринбург;RG 0001 318 02 02;Регистрация по БП (Опись);ВСП;318;Регистрация;досье;13,456;AUTO
ОСЦ Самара;Вне подразделений;RG 0001 318 02 02;Регистрация по БП (Опись);ВСП;318;Регистрация;досье;0;AUTO
ОСЦ Самара;Архив №1 Самара;RG 0001 318 02 02;Регистрация по БП (Опись);ВСП;318;Регистрация;досье;13,485;AUTO
ОСЦ Воронеж;Вне подразделений;RG 0001 267 02 02;Регистрация по БП (Опись);ВСП;267;Регистрация;досье;0;AUTO
ОСЦ Воронеж;Архив №1 Воронеж;RG 0001 267 02 02;Регистрация по БП (Опись);ВСП;267;Регистрация;досье;14,6;AUTO
ОСЦ Воронеж;Архив №3 Калининград;RG 0001 267 02 02;Регистрация по БП (Опись);ВСП;267;Регистрация;досье;15,091;AUTO
ОСЦ Воронеж;Архив №4 Санкт-Петербург;RG 0001 267 02 02;Регистрация по БП (Опись);ВСП;267;Регистрация;досье;11,899;AUTO
ОСЦ Москва;Вне подразделений;RG 0001 267 02 02;Регистрация по БП (Опись);ВСП;267;Регистрация;досье;0;AUTO
ОСЦ Москва;Архив №1 Томилино;RG 0001 267 02 02;Регистрация по БП (Опись);ВСП;267;Регистрация;досье;12,933;AUTO
ОСЦ Нижний Новгород;Вне подразделений;RG 0001 267 02 02;Регистрация по БП (Опись);ВСП;267;Регистрация;досье;0;AUTO
ОСЦ Нижний Новгород;Архив №1 Нижний Новгород;RG 0001 267 02 02;Регистрация по БП (Опись);ВСП;267;Регистрация;досье;14,452;AUTO
ОСЦ Новосибирск;Вне подразделений;RG 0001 267 02 02;Регистрация по БП (Опись);ВСП;267;Регистрация;досье;0;AUTO
ОСЦ Новосибирск;Архив №1 Новосибирск;RG 0001 267 02 02;Регистрация по БП (Опись);ВСП;267;Регистрация;досье;14,81;AUTO
ОСЦ Новосибирск;Архив №3 Екатеринбург;RG 0001 267 02 02;Регистрация по БП (Опись);ВСП;267;Регистрация;досье;13,787;AUTO
ОСЦ Самара;Вне подразделений;RG 0001 267 02 02;Регистрация по БП (Опись);ВСП;267;Регистрация;досье;0;AUTO
ОСЦ Самара;Архив №1 Самара;RG 0001 267 02 02;Регистрация по БП (Опись);ВСП;267;Регистрация;досье;13,049;AUTO
ОСЦ Воронеж;Архив №1 Воронеж;RG 0001 267 01 02;Регистрация по БП (Однолистный документ);ВСП;267;Регистрация;досье;7,267;AUTO
ОСЦ Воронеж;Архив №3 Калининград;RG 0001 267 01 02;Регистрация по БП (Однолистный документ);ВСП;267;Регистрация;досье;7,167;AUTO
ОСЦ Воронеж;Архив №4 Санкт-Петербург;RG 0001 267 01 02;Регистрация по БП (Однолистный документ);ВСП;267;Регистрация;досье;6,069;AUTO
ОСЦ Москва;Архив №1 Томилино;RG 0001 267 01 02;Регистрация по БП (Однолистный документ);ВСП;267;Регистрация;досье;5,443;AUTO
ОСЦ Нижний Новгород;Архив №1 Нижний Новгород;RG 0001 267 01 02;Регистрация по БП (Однолистный документ);ВСП;267;Регистрация;досье;7,1;AUTO
ОСЦ Новосибирск;Архив №1 Новосибирск;RG 0001 267 01 02;Регистрация по БП (Однолистный документ);ВСП;267;Регистрация;досье;6,407;AUTO
ОСЦ Новосибирск;Архив №3 Екатеринбург;RG 0001 267 01 02;Регистрация по БП (Однолистный документ);ВСП;267;Регистрация;досье;6,983;AUTO
ОСЦ Самара;Архив №1 Самара;RG 0001 267 01 02;Регистрация по БП (Однолистный документ);ВСП;267;Регистрация;досье;7,205;AUTO
ОСЦ Воронеж;Архив №1 Воронеж;RG 0001 267 01 01;Регистрация по БП (Однолистный документ);Рег.;267;Регистрация;Досье;19,011;AUTO
ОСЦ Воронеж;Архив №3 Калининград;RG 0001 267 01 01;Регистрация по БП (Однолистный документ);Рег.;267;Регистрация;Досье;19,686;AUTO
ОСЦ Воронеж;Архив №4 Санкт-Петербург;RG 0001 267 01 01;Регистрация по БП (Однолистный документ);Рег.;267;Регистрация;Досье;19,058;AUTO
ОСЦ Москва;Архив №1 Томилино;RG 0001 267 01 01;Регистрация по БП (Однолистный документ);Рег.;267;Регистрация;Досье;19,236;AUTO
ОСЦ Нижний Новгород;Архив №1 Нижний Новгород;RG 0001 267 01 01;Регистрация по БП (Однолистный документ);Рег.;267;Регистрация;Досье;18,067;AUTO
ОСЦ Новосибирск;Архив №1 Новосибирск;RG 0001 267 01 01;Регистрация по БП (Однолистный документ);Рег.;267;Регистрация;Досье;18,746;AUTO
ОСЦ Новосибирск;Архив №3 Екатеринбург;RG 0001 267 01 01;Регистрация по БП (Однолистный документ);Рег.;267;Регистрация;Досье;17,805;AUTO
ОСЦ Самара;Архив №1 Самара;RG 0001 267 01 01;Регистрация по БП (Однолистный документ);Рег.;267;Регистрация;Досье;16,946;AUTO
ОСЦ Воронеж;Архив №1 Воронеж;RG 0001 267 02 01;Регистрация по БП (Опись);Рег.;267;Регистрация;досье;19,011;AUTO
ОСЦ Воронеж;Архив №3 Калининград;RG 0001 267 02 01;Регистрация по БП (Опись);Рег.;267;Регистрация;досье;19,686;AUTO
ОСЦ Воронеж;Архив №4 Санкт-Петербург;RG 0001 267 02 01;Регистрация по БП (Опись);Рег.;267;Регистрация;досье;19,058;AUTO
ОСЦ Москва;Архив №1 Томилино;RG 0001 267 02 01;Регистрация по БП (Опись);Рег.;267;Регистрация;досье;19,236;AUTO
ОСЦ Нижний Новгород;Архив №1 Нижний Новгород;RG 0001 267 02 01;Регистрация по БП (Опись);Рег.;267;Регистрация;досье;18,067;AUTO
ОСЦ Новосибирск;Архив №1 Новосибирск;RG 0001 267 02 01;Регистрация по БП (Опись);Рег.;267;Регистрация;досье;18,746;AUTO
ОСЦ Новосибирск;Архив №3 Екатеринбург;RG 0001 267 02 01;Регистрация по БП (Опись);Рег.;267;Регистрация;досье;17,805;AUTO
ОСЦ Самара;Архив №1 Самара;RG 0001 267 02 01;Регистрация по БП (Опись);Рег.;267;Регистрация;досье;16,946;AUTO
ОСЦ Воронеж;Вне подразделений;SR 329 000 00 00;КОД_Формирование файлов из АС ППРБ для формирования ЖКОД;;;Регистрация;Операция;0;RUCH
ОСЦ Воронеж;Архив №1 Воронеж;SR 329 000 00 00;КОД_Формирование файлов из АС ППРБ для формирования ЖКОД;;;Регистрация;Операция;0;RUCH
ОСЦ Воронеж;Архив №3 Калининград;SR 329 000 00 00;КОД_Формирование файлов из АС ППРБ для формирования ЖКОД;;;Регистрация;Операция;0;RUCH
ОСЦ Воронеж;Архив №4 Санкт-Петербург;SR 329 000 00 00;КОД_Формирование файлов из АС ППРБ для формирования ЖКОД;;;Регистрация;Операция;0;RUCH
ОСЦ Москва;Вне подразделений;SR 329 000 00 00;КОД_Формирование файлов из АС ППРБ для формирования ЖКОД;;;Регистрация;Операция;0;RUCH
ОСЦ Москва;Архив №1 Томилино;SR 329 000 00 00;КОД_Формирование файлов из АС ППРБ для формирования ЖКОД;;;Регистрация;Операция;0;RUCH
ОСЦ Нижний Новгород;Вне подразделений;SR 329 000 00 00;КОД_Формирование файлов из АС ППРБ для формирования ЖКОД;;;Регистрация;Операция;0;RUCH
ОСЦ Нижний Новгород;Архив №1 Нижний Новгород;SR 329 000 00 00;КОД_Формирование файлов из АС ППРБ для формирования ЖКОД;;;Регистрация;Операция;0;RUCH
ОСЦ Новосибирск;Вне подразделений;SR 329 000 00 00;КОД_Формирование файлов из АС ППРБ для формирования ЖКОД;;;Регистрация;Операция;0;RUCH
ОСЦ Новосибирск;Архив №1 Новосибирск;SR 329 000 00 00;КОД_Формирование файлов из АС ППРБ для формирования ЖКОД;;;Регистрация;Операция;0;RUCH
ОСЦ Самара;Вне подразделений;SR 329 000 00 00;КОД_Формирование файлов из АС ППРБ для формирования ЖКОД;;;Регистрация;Операция;0;RUCH
ОСЦ Новосибирск;Архив №3 Екатеринбург;SR 329 000 00 00;КОД_Формирование файлов из АС ППРБ для формирования ЖКОД;;;Регистрация;Операция;0;RUCH
ОСЦ Самара;Архив №1 Самара;SR 329 000 00 00;КОД_Формирование файлов из АС ППРБ для формирования ЖКОД;;;Регистрация;Операция;2992,667;RUCH
ОСЦ Воронеж;Вне подразделений;SZ 220 000 00 00;Проведение контрольных процедур по процессу П1311 (запросы);;;Запросы;минута;0;RUCH
ОСЦ Воронеж;Архив №1 Воронеж;SZ 220 000 00 00;Проведение контрольных процедур по процессу П1311 (запросы);;;Запросы;минута;60;RUCH
ОСЦ Воронеж;Архив №3 Калининград;SZ 220 000 00 00;Проведение контрольных процедур по процессу П1311 (запросы);;;Запросы;минута;60;RUCH
ОСЦ Воронеж;Архив №4 Санкт-Петербург;SZ 220 000 00 00;Проведение контрольных процедур по процессу П1311 (запросы);;;Запросы;минута;60;RUCH
ОСЦ Москва;Вне подразделений;SZ 220 000 00 00;Проведение контрольных процедур по процессу П1311 (запросы);;;Запросы;минута;0;RUCH
ОСЦ Москва;Архив №1 Томилино;SZ 220 000 00 00;Проведение контрольных процедур по процессу П1311 (запросы);;;Запросы;минута;60;RUCH
ОСЦ Нижний Новгород;Вне подразделений;SZ 220 000 00 00;Проведение контрольных процедур по процессу П1311 (запросы);;;Запросы;минута;0;RUCH
ОСЦ Нижний Новгород;Архив №1 Нижний Новгород;SZ 220 000 00 00;Проведение контрольных процедур по процессу П1311 (запросы);;;Запросы;минута;60;RUCH
ОСЦ Новосибирск;Вне подразделений;SZ 220 000 00 00;Проведение контрольных процедур по процессу П1311 (запросы);;;Запросы;минута;0;RUCH
ОСЦ Новосибирск;Архив №1 Новосибирск;SZ 220 000 00 00;Проведение контрольных процедур по процессу П1311 (запросы);;;Запросы;минута;60;RUCH
ОСЦ Самара;Вне подразделений;SZ 220 000 00 00;Проведение контрольных процедур по процессу П1311 (запросы);;;Запросы;минута;0;RUCH
ОСЦ Новосибирск;Архив №3 Екатеринбург;SZ 220 000 00 00;Проведение контрольных процедур по процессу П1311 (запросы);;;Запросы;минута;60;RUCH
ОСЦ Самара;Архив №1 Самара;SZ 220 000 00 00;Проведение контрольных процедур по процессу П1311 (запросы);;;Запросы;минута;60;RUCH
ОСЦ Воронеж;Архив №4 Санкт-Петербург;SR 326 000 00 00;Сортировка СДД;;;Регистрация;ШК;11,483;RUCH
ОСЦ Воронеж;Архив №1 Воронеж;SR 330 000 00 00;Проведение контрольных процедур по процессу П1308_П1309;;;Регистрация;минута;60;RUCH
ОСЦ Воронеж;Архив №3 Калининград;SR 330 000 00 00;Проведение контрольных процедур по процессу П1308_П1309;;;Регистрация;минута;60;RUCH
ОСЦ Воронеж;Архив №4 Санкт-Петербург;SR 330 000 00 00;Проведение контрольных процедур по процессу П1308_П1309;;;Регистрация;минута;60;RUCH
ОСЦ Москва;Архив №1 Томилино;SR 330 000 00 00;Проведение контрольных процедур по процессу П1308_П1309;;;Регистрация;минута;60;RUCH
ОСЦ Нижний Новгород;Архив №1 Нижний Новгород;SR 330 000 00 00;Проведение контрольных процедур по процессу П1308_П1309;;;Регистрация;минута;60;RUCH
ОСЦ Новосибирск;Архив №1 Новосибирск;SR 330 000 00 00;Проведение контрольных процедур по процессу П1308_П1309;;;Регистрация;минута;60;RUCH
ОСЦ Новосибирск;Архив №3 Екатеринбург;SR 330 000 00 00;Проведение контрольных процедур по процессу П1308_П1309;;;Регистрация;минута;60;RUCH
ОСЦ Самара;Архив №1 Самара;SR 330 000 00 00;Проведение контрольных процедур по процессу П1308_П1309;;;Регистрация;минута;60;RUCH
ОСЦ Воронеж;Архив №3 Калининград;RG 0001 242 00 03;Регистрация БП;ВРУК;242;Регистрация;ШК;85,467;AUTO
ОСЦ Воронеж;Архив №3 Калининград;RG 0001 242 01 01;Регистрация по БП (Однолистный документ);;242;Регистрация;ШК;26,733;AUTO
ОСЦ Воронеж;Архив №3 Калининград;RG 0001 242 02 01;Регистрация БП (опись);;242;Регистрация;ШК;28,233;AUTO
ОСЦ Воронеж;Архив №3 Калининград;RG 0001 242 01 02;Регистрация по БП (Однолистный документ);ВСП;242;Регистрация;ШК;6,114;AUTO
ОСЦ Воронеж;Архив №3 Калининград;RG 0001 242 02 02;Регистрация БП (опись);ВСП;242;Регистрация;ШК;10;AUTO
ОСЦ Нижний Новгород;Архив №1 Нижний Новгород;RG 0001 242 00 03;Регистрация БП;ВРУК;242;Регистрация;ШК;93,533;AUTO
ОСЦ Воронеж;Архив №4 Санкт-Петербург;RG 0001 242 00 03;Регистрация БП;ВРУК;242;Регистрация;ШК;85,319;AUTO
ОСЦ Новосибирск;Архив №3 Екатеринбург;RG 0001 242 00 03;Регистрация БП;ВРУК;242;Регистрация;ШК;95;AUTO
ОСЦ Москва;Архив №1 Томилино;RG 0001 242 00 03;Регистрация БП;ВРУК;242;Регистрация;ШК;86,083;AUTO
ОСЦ Самара;Архив №1 Самара;RG 0001 242 00 03;Регистрация БП;ВРУК;242;Регистрация;ШК;90,033;AUTO
ОСЦ Воронеж;Архив №1 Воронеж;RG 0001 242 00 03;Регистрация БП;ВРУК;242;Регистрация;ШК;86,059;AUTO
ОСЦ Новосибирск;Архив №1 Новосибирск;RG 0001 242 00 03;Регистрация БП;ВРУК;242;Регистрация;ШК;89;AUTO
ОСЦ Нижний Новгород;Архив №1 Нижний Новгород;RG 0001 242 01 01;Регистрация по БП (Однолистный документ);;242;Регистрация;ШК;24,8;AUTO
ОСЦ Нижний Новгород;Архив №1 Нижний Новгород;RG 0001 242 02 01;Регистрация БП (опись);;242;Регистрация;ШК;30,2;AUTO
ОСЦ Воронеж;Архив №4 Санкт-Петербург;RG 0001 242 01 01;Регистрация по БП (Однолистный документ);;242;Регистрация;ШК;22,853;AUTO
ОСЦ Воронеж;Архив №4 Санкт-Петербург;RG 0001 242 02 01;Регистрация БП (опись);;242;Регистрация;ШК;26,664;AUTO
ОСЦ Новосибирск;Архив №3 Екатеринбург;RG 0001 242 01 01;Регистрация по БП (Однолистный документ);;242;Регистрация;ШК;25,053;AUTO
ОСЦ Новосибирск;Архив №3 Екатеринбург;RG 0001 242 02 01;Регистрация БП (опись);;242;Регистрация;ШК;28,452;AUTO
ОСЦ Москва;Архив №1 Томилино;RG 0001 242 01 01;Регистрация по БП (Однолистный документ);;242;Регистрация;ШК;24,833;AUTO
ОСЦ Москва;Архив №1 Томилино;RG 0001 242 02 01;Регистрация БП (опись);;242;Регистрация;ШК;25,667;AUTO
ОСЦ Самара;Архив №1 Самара;RG 0001 242 01 01;Регистрация по БП (Однолистный документ);;242;Регистрация;ШК;24,867;AUTO
ОСЦ Самара;Архив №1 Самара;RG 0001 242 02 01;Регистрация БП (опись);;242;Регистрация;ШК;26,667;AUTO
ОСЦ Воронеж;Архив №1 Воронеж;RG 0001 242 01 01;Регистрация по БП (Однолистный документ);;242;Регистрация;ШК;25,267;AUTO
ОСЦ Воронеж;Архив №1 Воронеж;RG 0001 242 02 01;Регистрация БП (опись);;242;Регистрация;ШК;29,633;AUTO
ОСЦ Новосибирск;Архив №1 Новосибирск;RG 0001 242 01 01;Регистрация по БП (Однолистный документ);;242;Регистрация;ШК;24,633;AUTO
ОСЦ Новосибирск;Архив №1 Новосибирск;RG 0001 242 02 01;Регистрация БП (опись);;242;Регистрация;ШК;30,367;AUTO
ОСЦ Нижний Новгород;Архив №1 Нижний Новгород;RG 0001 242 01 02;Регистрация по БП (Однолистный документ);ВСП;242;Регистрация;ШК;5,756;AUTO
ОСЦ Нижний Новгород;Архив №1 Нижний Новгород;RG 0001 242 02 02;Регистрация БП (опись);ВСП;242;Регистрация;ШК;10,8;AUTO
ОСЦ Воронеж;Архив №4 Санкт-Петербург;RG 0001 242 01 02;Регистрация по БП (Однолистный документ);ВСП;242;Регистрация;ШК;6,079;AUTO
ОСЦ Воронеж;Архив №4 Санкт-Петербург;RG 0001 242 02 02;Регистрация БП (опись);ВСП;242;Регистрация;ШК;10,539;AUTO
ОСЦ Новосибирск;Архив №3 Екатеринбург;RG 0001 242 01 02;Регистрация по БП (Однолистный документ);ВСП;242;Регистрация;ШК;6,718;AUTO
ОСЦ Новосибирск;Архив №3 Екатеринбург;RG 0001 242 02 02;Регистрация БП (опись);ВСП;242;Регистрация;ШК;12,867;AUTO
ОСЦ Москва;Архив №1 Томилино;RG 0001 242 01 02;Регистрация по БП (Однолистный документ);ВСП;242;Регистрация;ШК;5,773;AUTO
ОСЦ Москва;Архив №1 Томилино;RG 0001 242 02 02;Регистрация БП (опись);ВСП;242;Регистрация;ШК;10,837;AUTO
ОСЦ Самара;Архив №1 Самара;RG 0001 242 01 02;Регистрация по БП (Однолистный документ);ВСП;242;Регистрация;ШК;6,767;AUTO
ОСЦ Самара;Архив №1 Самара;RG 0001 242 02 02;Регистрация БП (опись);ВСП;242;Регистрация;ШК;12,1;AUTO
ОСЦ Воронеж;Архив №1 Воронеж;RG 0001 242 01 02;Регистрация по БП (Однолистный документ);ВСП;242;Регистрация;ШК;6,311;AUTO
ОСЦ Воронеж;Архив №1 Воронеж;RG 0001 242 02 02;Регистрация БП (опись);ВСП;242;Регистрация;ШК;12,567;AUTO
ОСЦ Новосибирск;Архив №1 Новосибирск;RG 0001 242 01 02;Регистрация по БП (Однолистный документ);ВСП;242;Регистрация;ШК;6,327;AUTO
ОСЦ Новосибирск;Архив №1 Новосибирск;RG 0001 242 02 02;Регистрация БП (опись);ВСП;242;Регистрация;ШК;12,867;AUTO
ОСЦ Нижний Новгород;Архив №1 Нижний Новгород;RG 0001 265 00 03;Регистрация БП;ВРУК;265;Регистрация;ШК;93,257;AUTO
ОСЦ Воронеж;Архив №4 Санкт-Петербург;RG 0001 265 00 03;Регистрация БП;ВРУК;265;Регистрация;ШК;86,871;AUTO
ОСЦ Новосибирск;Архив №3 Екатеринбург;RG 0001 265 00 03;Регистрация БП;ВРУК;265;Регистрация;ШК;95;AUTO
ОСЦ Москва;Архив №1 Томилино;RG 0001 265 00 03;Регистрация БП;ВРУК;265;Регистрация;ШК;86,683;AUTO
ОСЦ Самара;Архив №1 Самара;RG 0001 265 00 03;Регистрация БП;ВРУК;265;Регистрация;ШК;92,167;AUTO
ОСЦ Воронеж;Архив №1 Воронеж;RG 0001 265 00 03;Регистрация БП;ВРУК;265;Регистрация;ШК;88,275;AUTO
ОСЦ Новосибирск;Архив №1 Новосибирск;RG 0001 265 00 03;Регистрация БП;ВРУК;265;Регистрация;ШК;87,133;AUTO
ОСЦ Нижний Новгород;Архив №1 Нижний Новгород;RG 0001 265 01 01;Регистрация по БП (Однолистный документ);;265;Регистрация;ШК;24,76;AUTO
ОСЦ Нижний Новгород;Архив №1 Нижний Новгород;RG 0001 265 02 01;Регистрация БП (опись);;265;Регистрация;ШК;29,615;AUTO
ОСЦ Воронеж;Архив №4 Санкт-Петербург;RG 0001 265 01 01;Регистрация по БП (Однолистный документ);;265;Регистрация;ШК;20,33;AUTO
ОСЦ Воронеж;Архив №4 Санкт-Петербург;RG 0001 265 02 01;Регистрация БП (опись);;265;Регистрация;ШК;23,907;AUTO
ОСЦ Новосибирск;Архив №3 Екатеринбург;RG 0001 265 01 01;Регистрация по БП (Однолистный документ);;265;Регистрация;ШК;25,053;AUTO
ОСЦ Новосибирск;Архив №3 Екатеринбург;RG 0001 265 02 01;Регистрация БП (опись);;265;Регистрация;ШК;28,452;AUTO
ОСЦ Москва;Архив №1 Томилино;RG 0001 265 01 01;Регистрация по БП (Однолистный документ);;265;Регистрация;ШК;22,933;AUTO
ОСЦ Москва;Архив №1 Томилино;RG 0001 265 02 01;Регистрация БП (опись);;265;Регистрация;ШК;25,333;AUTO
ОСЦ Самара;Архив №1 Самара;RG 0001 265 01 01;Регистрация по БП (Однолистный документ);;265;Регистрация;ШК;25,906;AUTO
ОСЦ Самара;Архив №1 Самара;RG 0001 265 02 01;Регистрация БП (опись);;265;Регистрация;ШК;28,341;AUTO
ОСЦ Воронеж;Архив №1 Воронеж;RG 0001 265 01 01;Регистрация по БП (Однолистный документ);;265;Регистрация;ШК;22,339;AUTO
ОСЦ Воронеж;Архив №1 Воронеж;RG 0001 265 02 01;Регистрация БП (опись);;265;Регистрация;ШК;29,273;AUTO
ОСЦ Новосибирск;Архив №1 Новосибирск;RG 0001 265 01 01;Регистрация по БП (Однолистный документ);;265;Регистрация;ШК;23,289;AUTO
ОСЦ Новосибирск;Архив №1 Новосибирск;RG 0001 265 02 01;Регистрация БП (опись);;265;Регистрация;ШК;24,267;AUTO
ОСЦ Воронеж;Архив №3 Калининград;RG 0001 265 00 03;Регистрация БП;ВРУК;265;Регистрация;ШК;82,067;AUTO
ОСЦ Воронеж;Архив №3 Калининград;RG 0001 265 01 01;Регистрация по БП (Однолистный документ);;265;Регистрация;ШК;21,233;AUTO
ОСЦ Воронеж;Архив №3 Калининград;RG 0001 265 02 01;Регистрация БП (опись);;265;Регистрация;ШК;23,367;AUTO
ОСЦ Воронеж;Архив №3 Калининград;RG 0001 314 01 01;Регистрация по БП (Однолистный документ);;314;Регистрация;ШК;25,333;AUTO
ОСЦ Воронеж;Архив №3 Калининград;RG 0001 314 02 01;Регистрация БП (опись);;314;Регистрация;ШК;26,867;AUTO
ОСЦ Воронеж;Архив №3 Калининград;RG 0001 314 01 02;Регистрация по БП (Однолистный документ);ВСП;314;Регистрация;ШК;6,767;AUTO
ОСЦ Воронеж;Архив №3 Калининград;RG 0001 314 02 02;Регистрация БП (опись);ВСП;314;Регистрация;ШК;19,7;AUTO
ОСЦ Воронеж;Архив №4 Санкт-Петербург;RG 0001 314 02 01;Регистрация БП (опись);;314;Регистрация;ШК;29,02;AUTO
ОСЦ Новосибирск;Архив №3 Екатеринбург;RG 0001 314 01 01;Регистрация по БП (Однолистный документ);;314;Регистрация;ШК;25,053;AUTO
ОСЦ Новосибирск;Архив №3 Екатеринбург;RG 0001 314 02 01;Регистрация БП (опись);;314;Регистрация;ШК;28,452;AUTO
ОСЦ Москва;Архив №1 Томилино;RG 0001 314 01 01;Регистрация по БП (Однолистный документ);;314;Регистрация;ШК;22,167;AUTO
ОСЦ Москва;Архив №1 Томилино;RG 0001 314 02 01;Регистрация БП (опись);;314;Регистрация;ШК;24,933;AUTO
ОСЦ Самара;Архив №1 Самара;RG 0001 314 01 01;Регистрация по БП (Однолистный документ);;314;Регистрация;ШК;26,171;AUTO
ОСЦ Самара;Архив №1 Самара;RG 0001 314 02 01;Регистрация БП (опись);;314;Регистрация;ШК;30,033;AUTO
ОСЦ Воронеж;Архив №1 Воронеж;RG 0001 314 01 01;Регистрация по БП (Однолистный документ);;314;Регистрация;ШК;25,933;AUTO
ОСЦ Воронеж;Архив №1 Воронеж;RG 0001 314 02 01;Регистрация БП (опись);;314;Регистрация;ШК;29,033;AUTO
ОСЦ Новосибирск;Архив №1 Новосибирск;RG 0001 314 01 01;Регистрация по БП (Однолистный документ);;314;Регистрация;ШК;20,142;AUTO
ОСЦ Новосибирск;Архив №1 Новосибирск;RG 0001 314 02 01;Регистрация БП (опись);;314;Регистрация;ШК;25,133;AUTO
ОСЦ Нижний Новгород;Архив №1 Нижний Новгород;RG 0001 314 01 02;Регистрация по БП (Однолистный документ);ВСП;314;Регистрация;ШК;6,182;AUTO
ОСЦ Нижний Новгород;Архив №1 Нижний Новгород;RG 0001 314 02 02;Регистрация БП (опись);ВСП;314;Регистрация;ШК;15,867;AUTO
ОСЦ Воронеж;Архив №4 Санкт-Петербург;RG 0001 314 02 02;Регистрация БП (опись);ВСП;314;Регистрация;ШК;19,2;AUTO
ОСЦ Новосибирск;Архив №3 Екатеринбург;RG 0001 314 01 02;Регистрация по БП (Однолистный документ);ВСП;314;Регистрация;ШК;6,718;AUTO
ОСЦ Новосибирск;Архив №3 Екатеринбург;RG 0001 314 02 02;Регистрация БП (опись);ВСП;314;Регистрация;ШК;18,335;AUTO
ОСЦ Москва;Архив №1 Томилино;RG 0001 314 02 02;Регистрация БП (опись);ВСП;314;Регистрация;ШК;15,867;AUTO
ОСЦ Самара;Архив №1 Самара;RG 0001 314 01 02;Регистрация по БП (Однолистный документ);ВСП;314;Регистрация;ШК;7,455;AUTO
ОСЦ Самара;Архив №1 Самара;RG 0001 314 02 02;Регистрация БП (опись);ВСП;314;Регистрация;ШК;15,733;AUTO
ОСЦ Воронеж;Архив №1 Воронеж;RG 0001 314 01 02;Регистрация по БП (Однолистный документ);ВСП;314;Регистрация;ШК;6,067;AUTO
ОСЦ Воронеж;Архив №1 Воронеж;RG 0001 314 02 02;Регистрация БП (опись);ВСП;314;Регистрация;ШК;19,167;AUTO
ОСЦ Новосибирск;Архив №1 Новосибирск;RG 0001 314 01 02;Регистрация по БП (Однолистный документ);ВСП;314;Регистрация;ШК;7,333;AUTO
ОСЦ Новосибирск;Архив №1 Новосибирск;RG 0001 314 02 02;Регистрация БП (опись);ВСП;314;Регистрация;ШК;19,4;AUTO
ОСЦ Нижний Новгород;Архив №1 Нижний Новгород;RG 0001 316 02 02;Регистрация БП (опись);ВСП;316;Регистрация;ШК;19,567;AUTO
ОСЦ Воронеж;Архив №4 Санкт-Петербург;RG 0001 316 02 02;Регистрация БП (опись);ВСП;316;Регистрация;ШК;18,233;AUTO
ОСЦ Новосибирск;Архив №3 Екатеринбург;RG 0001 316 02 02;Регистрация БП (опись);ВСП;316;Регистрация;ШК;18,335;AUTO
ОСЦ Москва;Архив №1 Томилино;RG 0001 316 02 02;Регистрация БП (опись);ВСП;316;Регистрация;ШК;18,317;AUTO
ОСЦ Самара;Архив №1 Самара;RG 0001 316 02 02;Регистрация БП (опись);ВСП;316;Регистрация;ШК;19,067;AUTO
ОСЦ Воронеж;Архив №1 Воронеж;RG 0001 316 02 02;Регистрация БП (опись);ВСП;316;Регистрация;ШК;20,5;AUTO
ОСЦ Новосибирск;Архив №1 Новосибирск;RG 0001 316 02 02;Регистрация БП (опись);ВСП;316;Регистрация;ШК;20,667;AUTO
ОСЦ Воронеж;Архив №3 Калининград;RG 0001 316 02 02;Регистрация БП (опись);ВСП;316;Регистрация;ШК;18,467;AUTO
ОСЦ Нижний Новгород;Архив №1 Нижний Новгород;RG 0001 317 00 03;Регистрация БП;ВРУК;317;Регистрация;ШК;92,643;AUTO
ОСЦ Воронеж;Архив №4 Санкт-Петербург;RG 0001 317 00 03;Регистрация БП;ВРУК;317;Регистрация;ШК;87,387;AUTO
ОСЦ Новосибирск;Архив №3 Екатеринбург;RG 0001 317 00 03;Регистрация БП;ВРУК;317;Регистрация;ШК;95;AUTO
ОСЦ Москва;Архив №1 Томилино;RG 0001 317 00 03;Регистрация БП;ВРУК;317;Регистрация;ШК;91,767;AUTO
ОСЦ Самара;Архив №1 Самара;RG 0001 317 00 03;Регистрация БП;ВРУК;317;Регистрация;ШК;92,3;AUTO
ОСЦ Воронеж;Архив №1 Воронеж;RG 0001 317 00 03;Регистрация БП;ВРУК;317;Регистрация;ШК;86,758;AUTO
ОСЦ Новосибирск;Архив №1 Новосибирск;RG 0001 317 00 03;Регистрация БП;ВРУК;317;Регистрация;ШК;93,472;AUTO
ОСЦ Воронеж;Архив №3 Калининград;RG 0001 317 00 03;Регистрация БП;ВРУК;317;Регистрация;ШК;84,467;AUTO
ОСЦ Нижний Новгород;Архив №1 Нижний Новгород;RG 0001 318 00 03;Регистрация БП;;318;Регистрация;ШК;94,032;AUTO
ОСЦ Воронеж;Архив №4 Санкт-Петербург;RG 0001 318 00 03;Регистрация БП;;318;Регистрация;ШК;87,528;AUTO
ОСЦ Новосибирск;Архив №3 Екатеринбург;RG 0001 318 00 03;Регистрация БП;;318;Регистрация;ШК;95;AUTO
ОСЦ Москва;Архив №1 Томилино;RG 0001 318 00 03;Регистрация БП;;318;Регистрация;ШК;88,167;AUTO
ОСЦ Самара;Архив №1 Самара;RG 0001 318 00 03;Регистрация БП;;318;Регистрация;ШК;93,633;AUTO
ОСЦ Воронеж;Архив №1 Воронеж;RG 0001 318 00 03;Регистрация БП;;318;Регистрация;ШК;87,682;AUTO
ОСЦ Новосибирск;Архив №1 Новосибирск;RG 0001 318 00 03;Регистрация БП;;318;Регистрация;ШК;89,477;AUTO
ОСЦ Нижний Новгород;Архив №1 Нижний Новгород;RG 0001 318 01 01;Регистрация по БП (Однолистный документ);;318;Регистрация;ШК;25,433;AUTO
ОСЦ Нижний Новгород;Архив №1 Нижний Новгород;RG 0001 318 02 01;Регистрация БП (опись);;318;Регистрация;ШК;31,7;AUTO
ОСЦ Воронеж;Архив №4 Санкт-Петербург;RG 0001 318 01 01;Регистрация по БП (Однолистный документ);;318;Регистрация;ШК;17,472;AUTO
ОСЦ Воронеж;Архив №4 Санкт-Петербург;RG 0001 318 02 01;Регистрация БП (опись);;318;Регистрация;ШК;28;AUTO
ОСЦ Новосибирск;Архив №3 Екатеринбург;RG 0001 318 01 01;Регистрация по БП (Однолистный документ);;318;Регистрация;ШК;25,053;AUTO
ОСЦ Новосибирск;Архив №3 Екатеринбург;RG 0001 318 02 01;Регистрация БП (опись);;318;Регистрация;ШК;28,452;AUTO
ОСЦ Москва;Архив №1 Томилино;RG 0001 318 01 01;Регистрация по БП (Однолистный документ);;318;Регистрация;ШК;24,667;AUTO
ОСЦ Москва;Архив №1 Томилино;RG 0001 318 02 01;Регистрация БП (опись);;318;Регистрация;ШК;25,267;AUTO
ОСЦ Самара;Архив №1 Самара;RG 0001 318 01 01;Регистрация по БП (Однолистный документ);;318;Регистрация;ШК;24,813;AUTO
ОСЦ Самара;Архив №1 Самара;RG 0001 318 02 01;Регистрация БП (опись);;318;Регистрация;ШК;31,767;AUTO
ОСЦ Воронеж;Архив №1 Воронеж;RG 0001 318 01 01;Регистрация по БП (Однолистный документ);;318;Регистрация;ШК;24,8;AUTO
ОСЦ Воронеж;Архив №1 Воронеж;RG 0001 318 02 01;Регистрация БП (опись);;318;Регистрация;ШК;29,833;AUTO
ОСЦ Новосибирск;Архив №1 Новосибирск;RG 0001 318 01 01;Регистрация по БП (Однолистный документ);;318;Регистрация;ШК;18,5;AUTO
ОСЦ Новосибирск;Архив №1 Новосибирск;RG 0001 318 02 01;Регистрация БП (опись);;318;Регистрация;ШК;25,533;AUTO
ОСЦ Воронеж;Архив №3 Калининград;RG 0001 318 00 03;Регистрация БП;;318;Регистрация;ШК;85,1;AUTO
ОСЦ Воронеж;Архив №3 Калининград;RG 0001 318 01 01;Регистрация по БП (Однолистный документ);;318;Регистрация;ШК;24,767;AUTO
ОСЦ Воронеж;Архив №3 Калининград;RG 0001 318 02 01;Регистрация БП (опись);;318;Регистрация;ШК;31,733;AUTO
ОСЦ Нижний Новгород;Архив №1 Нижний Новгород;RG 0001 319 00 03;Регистрация БП;ВРУК;319;Регистрация;ШК;94,062;AUTO
ОСЦ Воронеж;Архив №4 Санкт-Петербург;RG 0001 319 00 03;Регистрация БП;ВРУК;319;Регистрация;ШК;87,461;AUTO
ОСЦ Новосибирск;Архив №3 Екатеринбург;RG 0001 319 00 03;Регистрация БП;ВРУК;319;Регистрация;ШК;95;AUTO
ОСЦ Москва;Архив №1 Томилино;RG 0001 319 00 03;Регистрация БП;ВРУК;319;Регистрация;ШК;84,3;AUTO
ОСЦ Самара;Архив №1 Самара;RG 0001 319 00 03;Регистрация БП;ВРУК;319;Регистрация;ШК;90,033;AUTO
ОСЦ Воронеж;Архив №1 Воронеж;RG 0001 319 00 03;Регистрация БП;ВРУК;319;Регистрация;ШК;89,833;AUTO
ОСЦ Новосибирск;Архив №1 Новосибирск;RG 0001 319 00 03;Регистрация БП;ВРУК;319;Регистрация;ШК;98,375;AUTO
ОСЦ Нижний Новгород;Архив №1 Нижний Новгород;RG 0001 319 01 01;Регистрация по БП (Однолистный документ);;319;Регистрация;ШК;22,547;AUTO
ОСЦ Нижний Новгород;Архив №1 Нижний Новгород;RG 0001 319 02 01;Регистрация БП (опись);;319;Регистрация;ШК;28,915;AUTO
ОСЦ Воронеж;Архив №4 Санкт-Петербург;RG 0001 319 01 01;Регистрация по БП (Однолистный документ);;319;Регистрация;ШК;19,411;AUTO
ОСЦ Воронеж;Архив №4 Санкт-Петербург;RG 0001 319 02 01;Регистрация БП (опись);;319;Регистрация;ШК;25,29;AUTO
ОСЦ Новосибирск;Архив №3 Екатеринбург;RG 0001 319 01 01;Регистрация по БП (Однолистный документ);;319;Регистрация;ШК;22,215;AUTO
ОСЦ Новосибирск;Архив №3 Екатеринбург;RG 0001 319 02 01;Регистрация БП (опись);;319;Регистрация;ШК;28,452;AUTO
ОСЦ Москва;Архив №1 Томилино;RG 0001 319 01 01;Регистрация по БП (Однолистный документ);;319;Регистрация;ШК;17,378;AUTO
ОСЦ Москва;Архив №1 Томилино;RG 0001 319 02 01;Регистрация БП (опись);;319;Регистрация;ШК;23,28;AUTO
ОСЦ Самара;Архив №1 Самара;RG 0001 319 01 01;Регистрация по БП (Однолистный документ);;319;Регистрация;ШК;21,933;AUTO
ОСЦ Самара;Архив №1 Самара;RG 0001 319 02 01;Регистрация БП (опись);;319;Регистрация;ШК;27,118;AUTO
ОСЦ Воронеж;Архив №1 Воронеж;RG 0001 319 01 01;Регистрация по БП (Однолистный документ);;319;Регистрация;ШК;20;AUTO
ОСЦ Воронеж;Архив №1 Воронеж;RG 0001 319 02 01;Регистрация БП (опись);;319;Регистрация;ШК;27,4;AUTO
ОСЦ Новосибирск;Архив №1 Новосибирск;RG 0001 319 01 01;Регистрация по БП (Однолистный документ);;319;Регистрация;ШК;19,455;AUTO
ОСЦ Новосибирск;Архив №1 Новосибирск;RG 0001 319 02 01;Регистрация БП (опись);;319;Регистрация;ШК;27,2;AUTO
ОСЦ Нижний Новгород;Архив №1 Нижний Новгород;RG 0001 319 01 02;Регистрация по БП (Однолистный документ);ВСП;319;Регистрация;ШК;6,241;AUTO
ОСЦ Нижний Новгород;Архив №1 Нижний Новгород;RG 0001 319 02 02;Регистрация БП (опись);ВСП;319;Регистрация;ШК;11,167;AUTO
ОСЦ Воронеж;Архив №4 Санкт-Петербург;RG 0001 319 01 02;Регистрация по БП (Однолистный документ);ВСП;319;Регистрация;ШК;6,076;AUTO
ОСЦ Воронеж;Архив №4 Санкт-Петербург;RG 0001 319 02 02;Регистрация БП (опись);ВСП;319;Регистрация;ШК;11,061;AUTO
ОСЦ Новосибирск;Архив №3 Екатеринбург;RG 0001 319 01 02;Регистрация по БП (Однолистный документ);ВСП;319;Регистрация;ШК;6,718;AUTO
ОСЦ Новосибирск;Архив №3 Екатеринбург;RG 0001 319 02 02;Регистрация БП (опись);ВСП;319;Регистрация;ШК;12,901;AUTO
ОСЦ Москва;Архив №1 Томилино;RG 0001 319 01 02;Регистрация по БП (Однолистный документ);ВСП;319;Регистрация;ШК;6,187;AUTO
ОСЦ Москва;Архив №1 Томилино;RG 0001 319 02 02;Регистрация БП (опись);ВСП;319;Регистрация;ШК;11,767;AUTO
ОСЦ Самара;Архив №1 Самара;RG 0001 319 01 02;Регистрация по БП (Однолистный документ);ВСП;319;Регистрация;ШК;6,767;AUTO
ОСЦ Самара;Архив №1 Самара;RG 0001 319 02 02;Регистрация БП (опись);ВСП;319;Регистрация;ШК;10,767;AUTO
ОСЦ Воронеж;Архив №1 Воронеж;RG 0001 319 01 02;Регистрация по БП (Однолистный документ);ВСП;319;Регистрация;ШК;6,091;AUTO
ОСЦ Воронеж;Архив №1 Воронеж;RG 0001 319 02 02;Регистрация БП (опись);ВСП;319;Регистрация;ШК;13,031;AUTO
ОСЦ Новосибирск;Архив №1 Новосибирск;RG 0001 319 01 02;Регистрация по БП (Однолистный документ);ВСП;319;Регистрация;ШК;6,481;AUTO
ОСЦ Новосибирск;Архив №1 Новосибирск;RG 0001 319 02 02;Регистрация БП (опись);ВСП;319;Регистрация;ШК;11,442;AUTO
ОСЦ Воронеж;Архив №3 Калининград;RG 0001 319 00 03;Регистрация БП;ВРУК;319;Регистрация;ШК;80,767;AUTO
ОСЦ Воронеж;Архив №3 Калининград;RG 0001 319 01 01;Регистрация по БП (Однолистный документ);;319;Регистрация;ШК;18,667;AUTO
ОСЦ Воронеж;Архив №3 Калининград;RG 0001 319 02 01;Регистрация БП (опись);;319;Регистрация;ШК;22,567;AUTO
ОСЦ Воронеж;Архив №3 Калининград;RG 0001 319 01 02;Регистрация по БП (Однолистный документ);ВСП;319;Регистрация;ШК;6,833;AUTO
ОСЦ Воронеж;Архив №3 Калининград;RG 0001 319 02 02;Регистрация БП (опись);ВСП;319;Регистрация;ШК;12,333;AUTO
ОСЦ Нижний Новгород;Архив №1 Нижний Новгород;RG 0001 322 00 03;Регистрация БП;ВРУК;322;Регистрация;ШК;94;AUTO
ОСЦ Воронеж;Архив №4 Санкт-Петербург;RG 0001 322 00 03;Регистрация БП;ВРУК;322;Регистрация;ШК;84,97;AUTO
ОСЦ Новосибирск;Архив №3 Екатеринбург;RG 0001 322 00 03;Регистрация БП;ВРУК;322;Регистрация;ШК;95;AUTO
ОСЦ Москва;Архив №1 Томилино;RG 0001 322 00 03;Регистрация БП;ВРУК;322;Регистрация;ШК;88,167;AUTO
ОСЦ Самара;Архив №1 Самара;RG 0001 322 00 03;Регистрация БП;ВРУК;322;Регистрация;ШК;90,033;AUTO
ОСЦ Воронеж;Архив №1 Воронеж;RG 0001 322 00 03;Регистрация БП;ВРУК;322;Регистрация;ШК;72,7;AUTO
ОСЦ Новосибирск;Архив №1 Новосибирск;RG 0001 322 00 03;Регистрация БП;ВРУК;322;Регистрация;ШК;87,567;AUTO
ОСЦ Нижний Новгород;Архив №1 Нижний Новгород;RG 0001 322 01 01;Регистрация по БП (Однолистный документ);;322;Регистрация;ШК;23,895;AUTO
ОСЦ Нижний Новгород;Архив №1 Нижний Новгород;RG 0001 322 02 01;Регистрация БП (опись);;322;Регистрация;ШК;28,875;AUTO
ОСЦ Воронеж;Архив №4 Санкт-Петербург;RG 0001 322 01 01;Регистрация по БП (Однолистный документ);;322;Регистрация;ШК;18,81;AUTO
ОСЦ Воронеж;Архив №4 Санкт-Петербург;RG 0001 322 02 01;Регистрация БП (опись);;322;Регистрация;ШК;26,267;AUTO
ОСЦ Новосибирск;Архив №3 Екатеринбург;RG 0001 322 01 01;Регистрация по БП (Однолистный документ);;322;Регистрация;ШК;22,501;AUTO
ОСЦ Новосибирск;Архив №3 Екатеринбург;RG 0001 322 02 01;Регистрация БП (опись);;322;Регистрация;ШК;28,452;AUTO
ОСЦ Москва;Архив №1 Томилино;RG 0001 322 01 01;Регистрация по БП (Однолистный документ);;322;Регистрация;ШК;21,533;AUTO
ОСЦ Москва;Архив №1 Томилино;RG 0001 322 02 01;Регистрация БП (опись);;322;Регистрация;ШК;30,8;AUTO
ОСЦ Самара;Архив №1 Самара;RG 0001 322 01 01;Регистрация по БП (Однолистный документ);;322;Регистрация;ШК;23,219;AUTO
ОСЦ Самара;Архив №1 Самара;RG 0001 322 02 01;Регистрация БП (опись);;322;Регистрация;ШК;26,45;AUTO
ОСЦ Воронеж;Архив №1 Воронеж;RG 0001 322 01 01;Регистрация по БП (Однолистный документ);;322;Регистрация;ШК;23,9;AUTO
ОСЦ Воронеж;Архив №1 Воронеж;RG 0001 322 02 01;Регистрация БП (опись);;322;Регистрация;ШК;28,667;AUTO
ОСЦ Новосибирск;Архив №1 Новосибирск;RG 0001 322 01 01;Регистрация по БП (Однолистный документ);;322;Регистрация;ШК;18,933;AUTO
ОСЦ Новосибирск;Архив №1 Новосибирск;RG 0001 322 02 01;Регистрация БП (опись);;322;Регистрация;ШК;28,7;AUTO
ОСЦ Нижний Новгород;Архив №1 Нижний Новгород;RG 0001 322 01 02;Регистрация по БП (Однолистный документ);ВСП;322;Регистрация;ШК;5,683;AUTO
ОСЦ Нижний Новгород;Архив №1 Нижний Новгород;RG 0001 322 02 02;Регистрация БП (опись);ВСП;322;Регистрация;ШК;15,778;AUTO
ОСЦ Воронеж;Архив №4 Санкт-Петербург;RG 0001 322 01 02;Регистрация по БП (Однолистный документ);ВСП;322;Регистрация;ШК;6,672;AUTO
ОСЦ Воронеж;Архив №4 Санкт-Петербург;RG 0001 322 02 02;Регистрация БП (опись);ВСП;322;Регистрация;ШК;17,6;AUTO
ОСЦ Новосибирск;Архив №3 Екатеринбург;RG 0001 322 01 02;Регистрация по БП (Однолистный документ);ВСП;322;Регистрация;ШК;6,718;AUTO
ОСЦ Новосибирск;Архив №3 Екатеринбург;RG 0001 322 02 02;Регистрация БП (опись);ВСП;322;Регистрация;ШК;20,145;AUTO
ОСЦ Москва;Архив №1 Томилино;RG 0001 322 02 02;Регистрация БП (опись);ВСП;322;Регистрация;ШК;20,2;AUTO
ОСЦ Самара;Архив №1 Самара;RG 0001 322 01 02;Регистрация по БП (Однолистный документ);ВСП;322;Регистрация;ШК;7;AUTO
ОСЦ Самара;Архив №1 Самара;RG 0001 322 02 02;Регистрация БП (опись);ВСП;322;Регистрация;ШК;18,2;AUTO
ОСЦ Воронеж;Архив №1 Воронеж;RG 0001 322 01 02;Регистрация по БП (Однолистный документ);ВСП;322;Регистрация;ШК;6,581;AUTO
ОСЦ Воронеж;Архив №1 Воронеж;RG 0001 322 02 02;Регистрация БП (опись);ВСП;322;Регистрация;ШК;19,2;AUTO
ОСЦ Новосибирск;Архив №1 Новосибирск;RG 0001 322 01 02;Регистрация по БП (Однолистный документ);ВСП;322;Регистрация;ШК;7,1;AUTO
ОСЦ Новосибирск;Архив №1 Новосибирск;RG 0001 322 02 02;Регистрация БП (опись);ВСП;322;Регистрация;ШК;18,567;AUTO
ОСЦ Воронеж;Архив №3 Калининград;RG 0001 322 00 03;Регистрация БП;ВРУК;322;Регистрация;ШК;82,267;AUTO
ОСЦ Воронеж;Архив №3 Калининград;RG 0001 322 01 01;Регистрация по БП (Однолистный документ);;322;Регистрация;ШК;22,2;AUTO
ОСЦ Воронеж;Архив №3 Калининград;RG 0001 322 02 01;Регистрация БП (опись);;322;Регистрация;ШК;30,467;AUTO
ОСЦ Воронеж;Архив №3 Калининград;RG 0001 322 01 02;Регистрация по БП (Однолистный документ);ВСП;322;Регистрация;ШК;6,933;AUTO
ОСЦ Воронеж;Архив №3 Калининград;RG 0001 322 02 02;Регистрация БП (опись);ВСП;322;Регистрация;ШК;18,267;AUTO
ОСЦ Нижний Новгород;Архив №1 Нижний Новгород;RG 0001 323 01 01;Регистрация по БП (Однолистный документ);;323;Регистрация;ШК;17,047;AUTO
ОСЦ Нижний Новгород;Архив №1 Нижний Новгород;RG 0001 323 02 01;Регистрация БП (опись);;323;Регистрация;ШК;21;AUTO
ОСЦ Нижний Новгород;Архив №1 Нижний Новгород;RG 0001 323 01 02;Регистрация по БП (Однолистный документ);ВСП;323;Регистрация;ШК;8,829;AUTO
ОСЦ Нижний Новгород;Архив №1 Нижний Новгород;RG 0001 323 02 02;Регистрация БП (опись);ВСП;323;Регистрация;ШК;16,958;AUTO
ОСЦ Воронеж;Архив №4 Санкт-Петербург;RG 0001 323 01 01;Регистрация по БП (Однолистный документ);;323;Регистрация;ШК;16,35;AUTO
ОСЦ Воронеж;Архив №4 Санкт-Петербург;RG 0001 323 02 01;Регистрация БП (опись);;323;Регистрация;ШК;20,6;AUTO
ОСЦ Воронеж;Архив №4 Санкт-Петербург;RG 0001 323 01 02;Регистрация по БП (Однолистный документ);ВСП;323;Регистрация;ШК;8,3;AUTO
ОСЦ Воронеж;Архив №4 Санкт-Петербург;RG 0001 323 02 02;Регистрация БП (опись);ВСП;323;Регистрация;ШК;14,655;AUTO
ОСЦ Новосибирск;Архив №3 Екатеринбург;RG 0001 323 01 01;Регистрация по БП (Однолистный документ);;323;Регистрация;ШК;17,9;AUTO
ОСЦ Новосибирск;Архив №3 Екатеринбург;RG 0001 323 02 01;Регистрация БП (опись);;323;Регистрация;ШК;22,5;AUTO
ОСЦ Новосибирск;Архив №3 Екатеринбург;RG 0001 323 01 02;Регистрация по БП (Однолистный документ);ВСП;323;Регистрация;ШК;8,4;AUTO
ОСЦ Новосибирск;Архив №3 Екатеринбург;RG 0001 323 02 02;Регистрация БП (опись);ВСП;323;Регистрация;ШК;15,668;AUTO
ОСЦ Воронеж;Архив №3 Калининград;RG 0001 323 01 01;Регистрация по БП (Однолистный документ);;323;Регистрация;ШК;17,8;AUTO
ОСЦ Воронеж;Архив №3 Калининград;RG 0001 323 02 01;Регистрация БП (опись);;323;Регистрация;ШК;22,8;AUTO
ОСЦ Воронеж;Архив №3 Калининград;RG 0001 323 01 02;Регистрация по БП (Однолистный документ);ВСП;323;Регистрация;ШК;8,867;AUTO
ОСЦ Воронеж;Архив №3 Калининград;RG 0001 323 02 02;Регистрация БП (опись);ВСП;323;Регистрация;ШК;17,694;AUTO
ОСЦ Москва;Архив №1 Томилино;RG 0001 323 01 02;Регистрация по БП (Однолистный документ);ВСП;323;Регистрация;ШК;8,703;AUTO
ОСЦ Москва;Архив №1 Томилино;RG 0001 323 02 02;Регистрация БП (опись);ВСП;323;Регистрация;ШК;17,7;AUTO
ОСЦ Москва;Архив №1 Томилино;RG 0001 323 01 01;Регистрация по БП (Однолистный документ);;323;Регистрация;ШК;17,867;AUTO
ОСЦ Москва;Архив №1 Томилино;RG 0001 323 02 01;Регистрация БП (опись);;323;Регистрация;ШК;22,767;AUTO
ОСЦ Самара;Архив №1 Самара;RG 0001 323 01 01;Регистрация по БП (Однолистный документ);;323;Регистрация;ШК;12,061;AUTO
ОСЦ Самара;Архив №1 Самара;RG 0001 323 02 01;Регистрация БП (опись);;323;Регистрация;ШК;19,467;AUTO
ОСЦ Самара;Архив №1 Самара;RG 0001 323 01 02;Регистрация по БП (Однолистный документ);ВСП;323;Регистрация;ШК;9,516;AUTO
ОСЦ Самара;Архив №1 Самара;RG 0001 323 02 02;Регистрация БП (опись);ВСП;323;Регистрация;ШК;16,068;AUTO
ОСЦ Воронеж;Архив №1 Воронеж;RG 0001 323 01 01;Регистрация по БП (Однолистный документ);;323;Регистрация;ШК;16,6;AUTO
ОСЦ Воронеж;Архив №1 Воронеж;RG 0001 323 02 01;Регистрация БП (опись);;323;Регистрация;ШК;20,633;AUTO
ОСЦ Воронеж;Архив №1 Воронеж;RG 0001 323 01 02;Регистрация по БП (Однолистный документ);ВСП;323;Регистрация;ШК;8,818;AUTO
ОСЦ Воронеж;Архив №1 Воронеж;RG 0001 323 02 02;Регистрация БП (опись);ВСП;323;Регистрация;ШК;14,6;AUTO
ОСЦ Новосибирск;Архив №1 Новосибирск;RG 0001 323 01 01;Регистрация по БП (Однолистный документ);;323;Регистрация;ШК;16,6;AUTO
ОСЦ Новосибирск;Архив №1 Новосибирск;RG 0001 323 02 01;Регистрация БП (опись);;323;Регистрация;ШК;21,467;AUTO
ОСЦ Новосибирск;Архив №1 Новосибирск;RG 0001 323 01 02;Регистрация по БП (Однолистный документ);ВСП;323;Регистрация;ШК;8,806;AUTO
ОСЦ Новосибирск;Архив №1 Новосибирск;RG 0001 323 02 02;Регистрация БП (опись);ВСП;323;Регистрация;ШК;17,633;AUTO
ОСЦ Нижний Новгород;Архив №1 Нижний Новгород;RG 0001 324 01 01;Регистрация по БП (Однолистный документ);;324;Регистрация;ШК;18,233;AUTO
ОСЦ Нижний Новгород;Архив №1 Нижний Новгород;RG 0001 324 02 01;Регистрация БП (опись);;324;Регистрация;ШК;23,067;AUTO
ОСЦ Нижний Новгород;Архив №1 Нижний Новгород;RG 0001 324 01 02;Регистрация по БП (Однолистный документ);ВСП;324;Регистрация;ШК;6,967;AUTO
ОСЦ Нижний Новгород;Архив №1 Нижний Новгород;RG 0001 324 02 02;Регистрация БП (опись);ВСП;324;Регистрация;ШК;16,333;AUTO
ОСЦ Нижний Новгород;Архив №1 Нижний Новгород;RG 0001 324 00 03;Регистрация БП;ВРУК;324;Регистрация;ШК;93;AUTO
ОСЦ Воронеж;Архив №4 Санкт-Петербург;RG 0001 324 00 03;Регистрация БП;ВРУК;324;Регистрация;ШК;82,781;AUTO
ОСЦ Новосибирск;Архив №3 Екатеринбург;RG 0001 324 00 03;Регистрация БП;ВРУК;324;Регистрация;ШК;95;AUTO
ОСЦ Москва;Архив №1 Томилино;RG 0001 324 00 03;Регистрация БП;ВРУК;324;Регистрация;ШК;81,9;AUTO
ОСЦ Самара;Архив №1 Самара;RG 0001 324 00 03;Регистрация БП;ВРУК;324;Регистрация;ШК;91,267;AUTO
ОСЦ Воронеж;Архив №1 Воронеж;RG 0001 324 00 03;Регистрация БП;ВРУК;324;Регистрация;ШК;82,1;AUTO
ОСЦ Новосибирск;Архив №1 Новосибирск;RG 0001 324 00 03;Регистрация БП;ВРУК;324;Регистрация;ШК;85,933;AUTO
ОСЦ Воронеж;Архив №4 Санкт-Петербург;RG 0001 324 01 01;Регистрация по БП (Однолистный документ);;324;Регистрация;ШК;15,781;AUTO
ОСЦ Воронеж;Архив №4 Санкт-Петербург;RG 0001 324 02 01;Регистрация БП (опись);;324;Регистрация;ШК;22,03;AUTO
ОСЦ Новосибирск;Архив №3 Екатеринбург;RG 0001 324 01 01;Регистрация по БП (Однолистный документ);;324;Регистрация;ШК;16,209;AUTO
ОСЦ Новосибирск;Архив №3 Екатеринбург;RG 0001 324 02 01;Регистрация БП (опись);;324;Регистрация;ШК;24,8;AUTO
ОСЦ Москва;Архив №1 Томилино;RG 0001 324 01 01;Регистрация по БП (Однолистный документ);;324;Регистрация;ШК;15,353;AUTO
ОСЦ Москва;Архив №1 Томилино;RG 0001 324 02 01;Регистрация БП (опись);;324;Регистрация;ШК;22,267;AUTO
ОСЦ Самара;Архив №1 Самара;RG 0001 324 01 01;Регистрация по БП (Однолистный документ);;324;Регистрация;ШК;19,419;AUTO
ОСЦ Самара;Архив №1 Самара;RG 0001 324 02 01;Регистрация БП (опись);;324;Регистрация;ШК;23,833;AUTO
ОСЦ Воронеж;Архив №1 Воронеж;RG 0001 324 01 01;Регистрация по БП (Однолистный документ);;324;Регистрация;ШК;19,633;AUTO
ОСЦ Воронеж;Архив №1 Воронеж;RG 0001 324 02 01;Регистрация БП (опись);;324;Регистрация;ШК;23,5;AUTO
ОСЦ Новосибирск;Архив №1 Новосибирск;RG 0001 324 01 01;Регистрация по БП (Однолистный документ);;324;Регистрация;ШК;18,3;AUTO
ОСЦ Новосибирск;Архив №1 Новосибирск;RG 0001 324 02 01;Регистрация БП (опись);;324;Регистрация;ШК;20;AUTO
ОСЦ Воронеж;Архив №4 Санкт-Петербург;RG 0001 324 01 02;Регистрация по БП (Однолистный документ);ВСП;324;Регистрация;ШК;6,531;AUTO
ОСЦ Воронеж;Архив №4 Санкт-Петербург;RG 0001 324 02 02;Регистрация БП (опись);ВСП;324;Регистрация;ШК;14,655;AUTO
ОСЦ Новосибирск;Архив №3 Екатеринбург;RG 0001 324 01 02;Регистрация по БП (Однолистный документ);ВСП;324;Регистрация;ШК;6,718;AUTO
ОСЦ Новосибирск;Архив №3 Екатеринбург;RG 0001 324 02 02;Регистрация БП (опись);ВСП;324;Регистрация;ШК;18,335;AUTO
ОСЦ Москва;Архив №1 Томилино;RG 0001 324 01 02;Регистрация по БП (Однолистный документ);ВСП;324;Регистрация;ШК;7,119;AUTO
ОСЦ Москва;Архив №1 Томилино;RG 0001 324 02 02;Регистрация БП (опись);ВСП;324;Регистрация;ШК;14,14;AUTO
ОСЦ Самара;Архив №1 Самара;RG 0001 324 01 02;Регистрация по БП (Однолистный документ);ВСП;324;Регистрация;ШК;7,167;AUTO
ОСЦ Самара;Архив №1 Самара;RG 0001 324 02 02;Регистрация БП (опись);ВСП;324;Регистрация;ШК;14,933;AUTO
ОСЦ Воронеж;Архив №1 Воронеж;RG 0001 324 01 02;Регистрация по БП (Однолистный документ);ВСП;324;Регистрация;ШК;6,667;AUTO
ОСЦ Воронеж;Архив №1 Воронеж;RG 0001 324 02 02;Регистрация БП (опись);ВСП;324;Регистрация;ШК;18;AUTO
ОСЦ Новосибирск;Архив №1 Новосибирск;RG 0001 324 01 02;Регистрация по БП (Однолистный документ);ВСП;324;Регистрация;ШК;7,7;AUTO
ОСЦ Новосибирск;Архив №1 Новосибирск;RG 0001 324 02 02;Регистрация БП (опись);ВСП;324;Регистрация;ШК;18,2;AUTO
ОСЦ Воронеж;Архив №3 Калининград;RG 0001 324 00 03;Регистрация БП;ВРУК;324;Регистрация;ШК;82,533;AUTO
ОСЦ Воронеж;Архив №3 Калининград;RG 0001 324 01 01;Регистрация по БП (Однолистный документ);;324;Регистрация;ШК;19,733;AUTO
ОСЦ Воронеж;Архив №3 Калининград;RG 0001 324 02 01;Регистрация БП (опись);;324;Регистрация;ШК;25;AUTO
ОСЦ Воронеж;Архив №3 Калининград;RG 0001 324 01 02;Регистрация по БП (Однолистный документ);ВСП;324;Регистрация;ШК;6,967;AUTO
ОСЦ Воронеж;Архив №3 Калининград;RG 0001 324 02 02;Регистрация БП (опись);ВСП;324;Регистрация;ШК;18,433;AUTO
ОСЦ Нижний Новгород;Архив №1 Нижний Новгород;RG 0001 328 00 03;Регистрация БП;ВРУК;328;Регистрация;ШК;93;AUTO
ОСЦ Воронеж;Архив №4 Санкт-Петербург;RG 0001 328 00 03;Регистрация БП;ВРУК;328;Регистрация;ШК;89,494;AUTO
ОСЦ Новосибирск;Архив №3 Екатеринбург;RG 0001 328 00 03;Регистрация БП;ВРУК;328;Регистрация;ШК;95;AUTO
ОСЦ Москва;Архив №1 Томилино;RG 0001 328 00 03;Регистрация БП;ВРУК;328;Регистрация;ШК;88,967;AUTO
ОСЦ Самара;Архив №1 Самара;RG 0001 328 00 03;Регистрация БП;ВРУК;328;Регистрация;ШК;90,033;AUTO
ОСЦ Воронеж;Архив №1 Воронеж;RG 0001 328 00 03;Регистрация БП;ВРУК;328;Регистрация;ШК;90,1;AUTO
ОСЦ Новосибирск;Архив №1 Новосибирск;RG 0001 328 00 03;Регистрация БП;ВРУК;328;Регистрация;ШК;85,833;AUTO
ОСЦ Воронеж;Архив №3 Калининград;RG 0001 328 00 03;Регистрация БП;ВРУК;328;Регистрация;ШК;89,333;AUTO
ОСЦ Москва;Архив №1 Томилино;CP 0030 000 00 03;Доукомплектование документа ЗД в архивный/файловый короб;;;Логистика;Документ;5,34;AUTO
ОСЦ Москва;Архив №1 Томилино;CP 0030 000 00 04;Доукомплектование Сшива в архивный/файловый короб;;;Логистика;Документ;7,2;AUTO
ОСЦ Новосибирск;Архив №1 Новосибирск;CP 0030 000 00 03;Доукомплектование документа ЗД в архивный/файловый короб;;;Логистика;Документ;7,511;AUTO
ОСЦ Новосибирск;Архив №1 Новосибирск;CP 0030 000 00 04;Доукомплектование Сшива в архивный/файловый короб;;;Логистика;Документ;8,215;AUTO
ОСЦ Самара;Архив №1 Самара;CP 0030 000 00 03;Доукомплектование документа ЗД в архивный/файловый короб;;;Логистика;Документ;8,694;AUTO
ОСЦ Самара;Архив №1 Самара;CP 0030 000 00 04;Доукомплектование Сшива в архивный/файловый короб;;;Логистика;Документ;6,361;AUTO
ОСЦ Воронеж;Архив №1 Воронеж;CP 0030 000 00 03;Доукомплектование документа ЗД в архивный/файловый короб;;;Логистика;Документ;6,323;AUTO
ОСЦ Воронеж;Архив №1 Воронеж;CP 0030 000 00 04;Доукомплектование Сшива в архивный/файловый короб;;;Логистика;Документ;7,481;AUTO
ОСЦ Нижний Новгород;Архив №1 Нижний Новгород;CP 0030 000 00 03;Доукомплектование документа ЗД в архивный/файловый короб;;;Логистика;Документ;5,877;AUTO
ОСЦ Нижний Новгород;Архив №1 Нижний Новгород;CP 0030 000 00 04;Доукомплектование Сшива в архивный/файловый короб;;;Логистика;Документ;7,48;AUTO
ОСЦ Воронеж;Архив №3 Калининград;CP 0030 000 00 03;Доукомплектование документа ЗД в архивный/файловый короб;;;Логистика;Документ;7,073;AUTO
ОСЦ Воронеж;Архив №3 Калининград;CP 0030 000 00 04;Доукомплектование Сшива в архивный/файловый короб;;;Логистика;Документ;7,831;AUTO
ОСЦ Воронеж;Архив №4 Санкт-Петербург;CP 0030 000 00 03;Доукомплектование документа ЗД в архивный/файловый короб;;;Логистика;Документ;5,3;AUTO
ОСЦ Воронеж;Архив №4 Санкт-Петербург;CP 0030 000 00 04;Доукомплектование Сшива в архивный/файловый короб;;;Логистика;Документ;7,21;AUTO
ОСЦ Новосибирск;Архив №3 Екатеринбург;CP 0030 000 00 03;Доукомплектование документа ЗД в архивный/файловый короб;;;Логистика;Документ;6,835;AUTO
ОСЦ Новосибирск;Архив №3 Екатеринбург;CP 0030 000 00 04;Доукомплектование Сшива в архивный/файловый короб;;;Логистика;Документ;7,55;AUTO
ОСЦ Москва;Архив №1 Томилино;SR 331 000 00 00;Проект_Реставрация чертежей;;;Проекты;минута;60;RUCH
ОСЦ Воронеж;Архив №1 Воронеж;SR 332 000 00 00;ДВА_Определение ОЕ;;;Регистрация;ОЕ;37,969;RUCH
ОСЦ Нижний Новгород;Архив №1 Нижний Новгород;SR 332 000 00 00;ДВА_Определение ОЕ;;;Регистрация;ОЕ;36,767;RUCH
ОСЦ Новосибирск;Архив №1 Новосибирск;SR 332 000 00 00;ДВА_Определение ОЕ;;;Регистрация;ОЕ;35,833;RUCH
ОСЦ Самара;Архив №1 Самара;SR 332 000 00 00;ДВА_Определение ОЕ;;;Регистрация;ОЕ;35,133;RUCH
ОСЦ Москва;Архив №1 Томилино;SR 332 000 00 00;ДВА_Определение ОЕ;;;Регистрация;ОЕ;35,938;RUCH
ОСЦ Новосибирск;Архив №3 Екатеринбург;SR 332 000 00 00;ДВА_Определение ОЕ;;;Регистрация;ОЕ;36,585;RUCH
ОСЦ Воронеж;Архив №3 Калининград;SR 332 000 00 00;ДВА_Определение ОЕ;;;Регистрация;ОЕ;37,875;RUCH
ОСЦ Воронеж;Архив №4 Санкт-Петербург;SR 332 000 00 00;ДВА_Определение ОЕ;;;Регистрация;ОЕ;37,234;RUCH
ОСЦ Нижний Новгород;Архив №1 Нижний Новгород;TU 010 000 00 00;Прием ТУ в АС ЦАРС;;;Регистрация;ЕХ;0,474;AUTO
ОСЦ Нижний Новгород;Архив №1 Нижний Новгород;TU 020 000 00 00;Сортировка документов входящего потока;;;Регистрация;ЕХ;3,155;RUCH
ОСЦ Воронеж;Архив №4 Санкт-Петербург;TU 010 000 00 00;Прием ТУ в АС ЦАРС;;;Регистрация;ЕХ;0,487;AUTO
ОСЦ Воронеж;Архив №4 Санкт-Петербург;TU 020 000 00 00;Сортировка документов входящего потока;;;Регистрация;ЕХ;3,092;RUCH
ОСЦ Москва;Архив №1 Томилино;TU 010 000 00 00;Прием ТУ в АС ЦАРС;;;Регистрация;ЕХ;0,317;AUTO
ОСЦ Москва;Архив №1 Томилино;TU 020 000 00 00;Сортировка документов входящего потока;;;Регистрация;ЕХ;2,163;RUCH
ОСЦ Новосибирск;Архив №3 Екатеринбург;TU 010 000 00 00;Прием ТУ в АС ЦАРС;;;Регистрация;ЕХ;0,488;AUTO
ОСЦ Новосибирск;Архив №3 Екатеринбург;TU 020 000 00 00;Сортировка документов входящего потока;;;Регистрация;ЕХ;3,148;RUCH
ОСЦ Воронеж;Архив №3 Калининград;TU 010 000 00 00;Прием ТУ в АС ЦАРС;;;Регистрация;ЕХ;0,405;AUTO
ОСЦ Воронеж;Архив №3 Калининград;TU 020 000 00 00;Сортировка документов входящего потока;;;Регистрация;ЕХ;2,176;RUCH
ОСЦ Самара;Архив №1 Самара;TU 010 000 00 00;Прием ТУ в АС ЦАРС;;;Регистрация;ЕХ;0,476;AUTO
ОСЦ Самара;Архив №1 Самара;TU 020 000 00 00;Сортировка документов входящего потока;;;Регистрация;ЕХ;3,159;RUCH
ОСЦ Воронеж;Архив №1 Воронеж;TU 010 000 00 00;Прием ТУ в АС ЦАРС;;;Регистрация;ЕХ;0,488;AUTO
ОСЦ Воронеж;Архив №1 Воронеж;TU 020 000 00 00;Сортировка документов входящего потока;;;Регистрация;ЕХ;3,148;RUCH
ОСЦ Новосибирск;Архив №1 Новосибирск;TU 010 000 00 00;Прием ТУ в АС ЦАРС;;;Регистрация;ЕХ;0,438;AUTO
ОСЦ Новосибирск;Архив №1 Новосибирск;TU 020 000 00 00;Сортировка документов входящего потока;;;Регистрация;ЕХ;2,987;RUCH
ОСЦ Нижний Новгород;Архив №1 Нижний Новгород;RG 0001 021 01 01;Регистрация БП 21 (REG/Однолистный документ);;021;Регистрация;ЕХ;17;AUTO
ОСЦ Нижний Новгород;Архив №1 Нижний Новгород;RG 0001 021 02 01;Регистрация БП 21 (REG/Опись);;021;Регистрация;ЕХ;20,647;AUTO
ОСЦ Нижний Новгород;Архив №1 Нижний Новгород;RG 0001 021 01 02;Регистрация БП 21 (VSP/Однолистный документ);ВСП;021;Регистрация;ЕХ;11,365;AUTO
ОСЦ Нижний Новгород;Архив №1 Нижний Новгород;RG 0001 021 02 02;Регистрация БП 21 (VSP/Опись);ВСП;021;Регистрация;ЕХ;16,742;AUTO
ОСЦ Воронеж;Архив №4 Санкт-Петербург;RG 0001 021 01 01;Регистрация БП 21 (REG/Однолистный документ);;021;Регистрация;ЕХ;14,6;AUTO
ОСЦ Воронеж;Архив №4 Санкт-Петербург;RG 0001 021 02 01;Регистрация БП 21 (REG/Опись);;021;Регистрация;ЕХ;19,833;AUTO
ОСЦ Воронеж;Архив №4 Санкт-Петербург;RG 0001 021 01 02;Регистрация БП 21 (VSP/Однолистный документ);ВСП;021;Регистрация;ЕХ;9,4;AUTO
ОСЦ Воронеж;Архив №4 Санкт-Петербург;RG 0001 021 02 02;Регистрация БП 21 (VSP/Опись);ВСП;021;Регистрация;ЕХ;14,833;AUTO
ОСЦ Новосибирск;Архив №3 Екатеринбург;RG 0001 021 01 01;Регистрация БП 21 (REG/Однолистный документ);;021;Регистрация;ЕХ;16,275;AUTO
ОСЦ Новосибирск;Архив №3 Екатеринбург;RG 0001 021 02 01;Регистрация БП 21 (REG/Опись);;021;Регистрация;ЕХ;20,667;AUTO
ОСЦ Новосибирск;Архив №3 Екатеринбург;RG 0001 021 01 02;Регистрация БП 21 (VSP/Однолистный документ);ВСП;021;Регистрация;ЕХ;10,769;AUTO
ОСЦ Новосибирск;Архив №3 Екатеринбург;RG 0001 021 02 02;Регистрация БП 21 (VSP/Опись);ВСП;021;Регистрация;ЕХ;15,795;AUTO
ОСЦ Воронеж;Архив №3 Калининград;RG 0001 021 01 01;Регистрация БП 21 (REG/Однолистный документ);;021;Регистрация;ЕХ;16,951;AUTO
ОСЦ Воронеж;Архив №3 Калининград;RG 0001 021 02 01;Регистрация БП 21 (REG/Опись);;021;Регистрация;ЕХ;20,897;AUTO
ОСЦ Воронеж;Архив №3 Калининград;RG 0001 021 01 02;Регистрация БП 21 (VSP/Однолистный документ);ВСП;021;Регистрация;ЕХ;10,976;AUTO
ОСЦ Воронеж;Архив №3 Калининград;RG 0001 021 02 02;Регистрация БП 21 (VSP/Опись);ВСП;021;Регистрация;ЕХ;14,868;AUTO
ОСЦ Москва;Архив №1 Томилино;RG 0001 021 01 02;Регистрация БП 21 (VSP/Однолистный документ);ВСП;021;Регистрация;ЕХ;10,893;AUTO
ОСЦ Москва;Архив №1 Томилино;RG 0001 021 02 02;Регистрация БП 21 (VSP/Опись);ВСП;021;Регистрация;ЕХ;16,167;AUTO
ОСЦ Москва;Архив №1 Томилино;RG 0001 021 01 01;Регистрация БП 21 (REG/Однолистный документ);;021;Регистрация;ЕХ;17,233;AUTO
ОСЦ Москва;Архив №1 Томилино;RG 0001 021 02 01;Регистрация БП 21 (REG/Опись);;021;Регистрация;ЕХ;21,839;AUTO
ОСЦ Самара;Архив №1 Самара;RG 0001 021 01 01;Регистрация БП 21 (REG/Однолистный документ);;021;Регистрация;ЕХ;18,8;AUTO
ОСЦ Самара;Архив №1 Самара;RG 0001 021 02 01;Регистрация БП 21 (REG/Опись);;021;Регистрация;ЕХ;23,2;AUTO
ОСЦ Самара;Архив №1 Самара;RG 0001 021 01 02;Регистрация БП 21 (VSP/Однолистный документ);ВСП;021;Регистрация;ЕХ;11,161;AUTO
ОСЦ Самара;Архив №1 Самара;RG 0001 021 02 02;Регистрация БП 21 (VSP/Опись);ВСП;021;Регистрация;ЕХ;16,733;AUTO
ОСЦ Воронеж;Архив №1 Воронеж;RG 0001 021 01 01;Регистрация БП 21 (REG/Однолистный документ);;021;Регистрация;ЕХ;17,5;AUTO
ОСЦ Воронеж;Архив №1 Воронеж;RG 0001 021 02 01;Регистрация БП 21 (REG/Опись);;021;Регистрация;ЕХ;21,233;AUTO
ОСЦ Воронеж;Архив №1 Воронеж;RG 0001 021 01 02;Регистрация БП 21 (VSP/Однолистный документ);ВСП;021;Регистрация;ЕХ;11;AUTO
ОСЦ Воронеж;Архив №1 Воронеж;RG 0001 021 02 02;Регистрация БП 21 (VSP/Опись);ВСП;021;Регистрация;ЕХ;15,067;AUTO
ОСЦ Новосибирск;Архив №1 Новосибирск;RG 0001 021 01 01;Регистрация БП 21 (REG/Однолистный документ);;021;Регистрация;ЕХ;16,898;AUTO
ОСЦ Новосибирск;Архив №1 Новосибирск;RG 0001 021 02 01;Регистрация БП 21 (REG/Опись);;021;Регистрация;ЕХ;20,659;AUTO
ОСЦ Новосибирск;Архив №1 Новосибирск;RG 0001 021 01 02;Регистрация БП 21 (VSP/Однолистный документ);ВСП;021;Регистрация;ЕХ;10,3;AUTO
ОСЦ Новосибирск;Архив №1 Новосибирск;RG 0001 021 02 02;Регистрация БП 21 (VSP/Опись);ВСП;021;Регистрация;ЕХ;14,756;AUTO
ОСЦ Воронеж;Архив №1 Воронеж;MP 001 000 00 00;Аллокация_Материальная помощь льготы и пособия;;;Проекты;Минута;60;RUCH
ОСЦ Нижний Новгород;Архив №1 Нижний Новгород;MP 001 000 00 00;Аллокация_Материальная помощь льготы и пособия;;;Проекты;Минута;60;RUCH
ОСЦ Новосибирск;Архив №1 Новосибирск;MP 001 000 00 00;Аллокация_Материальная помощь льготы и пособия;;;Проекты;Минута;60;RUCH
ОСЦ Самара;Архив №1 Самара;MP 001 000 00 00;Аллокация_Материальная помощь льготы и пособия;;;Проекты;Минута;60;RUCH
ОСЦ Новосибирск;Архив №3 Екатеринбург;MP 001 000 00 00;Аллокация_Материальная помощь льготы и пособия;;;Проекты;Минута;60;RUCH
ОСЦ Воронеж;Архив №4 Санкт-Петербург;MP 001 000 00 00;Аллокация_Материальная помощь льготы и пособия;;;Проекты;Минута;60;RUCH
ОСЦ Нижний Новгород;Архив №1 Нижний Новгород;RG 0001 325 01 03;Регистрация БП 325 (VRUK);ВРУК;325;Регистрация;ШК;90,3;AUTO
ОСЦ Нижний Новгород;Архив №1 Нижний Новгород;RG 0001 325 02 03;Регистрация БП 325 (VRUK);ВРУК;325;Регистрация;ШК;93;AUTO
ОСЦ Воронеж;Архив №4 Санкт-Петербург;RG 0001 325 01 03;Регистрация БП 325 (VRUK);ВРУК;325;Регистрация;ШК;81,011;AUTO
ОСЦ Воронеж;Архив №4 Санкт-Петербург;RG 0001 325 02 03;Регистрация БП 325 (VRUK);ВРУК;325;Регистрация;ШК;87,229;AUTO
ОСЦ Новосибирск;Архив №3 Екатеринбург;RG 0001 325 01 03;Регистрация БП 325 (VRUK);ВРУК;325;Регистрация;ШК;85;AUTO
ОСЦ Новосибирск;Архив №3 Екатеринбург;RG 0001 325 02 03;Регистрация БП 325 (VRUK);ВРУК;325;Регистрация;ШК;95;AUTO
ОСЦ Воронеж;Архив №3 Калининград;RG 0001 325 01 03;Регистрация БП 325 (VRUK);ВРУК;325;Регистрация;ШК;87,933;AUTO
ОСЦ Воронеж;Архив №3 Калининград;RG 0001 325 02 03;Регистрация БП 325 (VRUK);ВРУК;325;Регистрация;ШК;94,133;AUTO
ОСЦ Москва;Архив №1 Томилино;RG 0001 325 01 03;Регистрация БП 325 (VRUK);ВРУК;325;Регистрация;ШК;86,333;AUTO
ОСЦ Москва;Архив №1 Томилино;RG 0001 325 02 03;Регистрация БП 325 (VRUK);ВРУК;325;Регистрация;ШК;91,667;AUTO
ОСЦ Самара;Архив №1 Самара;RG 0001 325 01 03;Регистрация БП 325 (VRUK);ВРУК;325;Регистрация;ШК;86;AUTO
ОСЦ Самара;Архив №1 Самара;RG 0001 325 02 03;Регистрация БП 325 (VRUK);ВРУК;325;Регистрация;ШК;96;AUTO
ОСЦ Воронеж;Архив №1 Воронеж;RG 0001 325 01 03;Регистрация БП 325 (VRUK);ВРУК;325;Регистрация;ШК;87,467;AUTO
ОСЦ Воронеж;Архив №1 Воронеж;RG 0001 325 02 03;Регистрация БП 325 (VRUK);ВРУК;325;Регистрация;ШК;94;AUTO
ОСЦ Новосибирск;Архив №1 Новосибирск;RG 0001 325 01 03;Регистрация БП 325 (VRUK);ВРУК;325;Регистрация;ШК;81,833;AUTO
ОСЦ Новосибирск;Архив №1 Новосибирск;RG 0001 325 02 03;Регистрация БП 325 (VRUK);ВРУК;325;Регистрация;ШК;85,867;AUTO
ОСЦ Нижний Новгород;Архив №1 Нижний Новгород;RG 0001 325 01 01;Регистрация БП 325 (REG/Однолистный документ);;325;Регистрация;ШК;26;AUTO
ОСЦ Нижний Новгород;Архив №1 Нижний Новгород;RG 0001 325 02 01;Регистрация БП 325 (REG/Опись);;325;Регистрация;ШК;31,333;AUTO
ОСЦ Воронеж;Архив №4 Санкт-Петербург;RG 0001 325 01 01;Регистрация БП 325 (REG/Однолистный документ);;325;Регистрация;ШК;25,778;AUTO
ОСЦ Воронеж;Архив №4 Санкт-Петербург;RG 0001 325 02 01;Регистрация БП 325 (REG/Опись);;325;Регистрация;ШК;31,057;AUTO
ОСЦ Новосибирск;Архив №3 Екатеринбург;RG 0001 325 01 01;Регистрация БП 325 (REG/Однолистный документ);;325;Регистрация;ШК;25,192;AUTO
ОСЦ Новосибирск;Архив №3 Екатеринбург;RG 0001 325 02 01;Регистрация БП 325 (REG/Опись);;325;Регистрация;ШК;29,742;AUTO
ОСЦ Воронеж;Архив №3 Калининград;RG 0001 325 01 01;Регистрация БП 325 (REG/Однолистный документ);;325;Регистрация;ШК;25,333;AUTO
ОСЦ Воронеж;Архив №3 Калининград;RG 0001 325 02 01;Регистрация БП 325 (REG/Опись);;325;Регистрация;ШК;28,267;AUTO
ОСЦ Москва;Архив №1 Томилино;RG 0001 325 01 01;Регистрация БП 325 (REG/Однолистный документ);;325;Регистрация;ШК;26,667;AUTO
ОСЦ Москва;Архив №1 Томилино;RG 0001 325 02 01;Регистрация БП 325 (REG/Опись);;325;Регистрация;ШК;31,333;AUTO
ОСЦ Самара;Архив №1 Самара;RG 0001 325 01 01;Регистрация БП 325 (REG/Однолистный документ);;325;Регистрация;ШК;26;AUTO
ОСЦ Самара;Архив №1 Самара;RG 0001 325 02 01;Регистрация БП 325 (REG/Опись);;325;Регистрация;ШК;30;AUTO
ОСЦ Воронеж;Архив №1 Воронеж;RG 0001 325 01 01;Регистрация БП 325 (REG/Однолистный документ);;325;Регистрация;ШК;27,516;AUTO
ОСЦ Воронеж;Архив №1 Воронеж;RG 0001 325 02 01;Регистрация БП 325 (REG/Опись);;325;Регистрация;ШК;33,867;AUTO
ОСЦ Новосибирск;Архив №1 Новосибирск;RG 0001 325 01 01;Регистрация БП 325 (REG/Однолистный документ);;325;Регистрация;ШК;25,667;AUTO
ОСЦ Новосибирск;Архив №1 Новосибирск;RG 0001 325 02 01;Регистрация БП 325 (REG/Опись);;325;Регистрация;ШК;31,133;AUTO
ОСЦ Нижний Новгород;Архив №1 Нижний Новгород;RG 0001 325 01 02;Регистрация БП 325 (VSP/Однолистный документ);ВСП;325;Регистрация;ШК;14,333;AUTO
ОСЦ Нижний Новгород;Архив №1 Нижний Новгород;RG 0001 325 02 02;Регистрация БП 325 (VSP/Опись);ВСП;325;Регистрация;ШК;26,067;AUTO
ОСЦ Воронеж;Архив №4 Санкт-Петербург;RG 0001 325 01 02;Регистрация БП 325 (VSP/Однолистный документ);ВСП;325;Регистрация;ШК;14,604;AUTO
ОСЦ Воронеж;Архив №4 Санкт-Петербург;RG 0001 325 02 02;Регистрация БП 325 (VSP/Опись);ВСП;325;Регистрация;ШК;25,425;AUTO
ОСЦ Новосибирск;Архив №3 Екатеринбург;RG 0001 325 01 02;Регистрация БП 325 (VSP/Однолистный документ);ВСП;325;Регистрация;ШК;14,633;AUTO
ОСЦ Новосибирск;Архив №3 Екатеринбург;RG 0001 325 02 02;Регистрация БП 325 (VSP/Опись);ВСП;325;Регистрация;ШК;25,105;AUTO
ОСЦ Воронеж;Архив №3 Калининград;RG 0001 325 01 02;Регистрация БП 325 (VSP/Однолистный документ);ВСП;325;Регистрация;ШК;14,033;AUTO
ОСЦ Воронеж;Архив №3 Калининград;RG 0001 325 02 02;Регистрация БП 325 (VSP/Опись);ВСП;325;Регистрация;ШК;26,3;AUTO
ОСЦ Москва;Архив №1 Томилино;RG 0001 325 01 02;Регистрация БП 325 (VSP/Однолистный документ);ВСП;325;Регистрация;ШК;14,667;AUTO
ОСЦ Москва;Архив №1 Томилино;RG 0001 325 02 02;Регистрация БП 325 (VSP/Опись);ВСП;325;Регистрация;ШК;25,667;AUTO
ОСЦ Самара;Архив №1 Самара;RG 0001 325 01 02;Регистрация БП 325 (VSP/Однолистный документ);ВСП;325;Регистрация;ШК;16;AUTO
ОСЦ Самара;Архив №1 Самара;RG 0001 325 02 02;Регистрация БП 325 (VSP/Опись);ВСП;325;Регистрация;ШК;27;AUTO
ОСЦ Воронеж;Архив №1 Воронеж;RG 0001 325 01 02;Регистрация БП 325 (VSP/Однолистный документ);ВСП;325;Регистрация;ШК;14,6;AUTO
ОСЦ Воронеж;Архив №1 Воронеж;RG 0001 325 02 02;Регистрация БП 325 (VSP/Опись);ВСП;325;Регистрация;ШК;27;AUTO
ОСЦ Новосибирск;Архив №1 Новосибирск;RG 0001 325 01 02;Регистрация БП 325 (VSP/Однолистный документ);ВСП;325;Регистрация;ШК;14,733;AUTO
ОСЦ Новосибирск;Архив №1 Новосибирск;RG 0001 325 02 02;Регистрация БП 325 (VSP/Опись);ВСП;325;Регистрация;ШК;24,233;AUTO
ОСЦ Нижний Новгород;Архив №1 Нижний Новгород;RG 0001 330 01 03;Регистрация БП 330 (VRUK);ВРУК;330;Регистрация;ШК;90,3;AUTO
ОСЦ Нижний Новгород;Архив №1 Нижний Новгород;RG 0001 330 02 03;Регистрация БП 330 (VRUK);ВРУК;330;Регистрация;ШК;93;AUTO
ОСЦ Воронеж;Архив №4 Санкт-Петербург;RG 0001 330 01 03;Регистрация БП 330 (VRUK);ВРУК;330;Регистрация;ШК;84,825;AUTO
ОСЦ Воронеж;Архив №4 Санкт-Петербург;RG 0001 330 02 03;Регистрация БП 330 (VRUK);ВРУК;330;Регистрация;ШК;88,37;AUTO
ОСЦ Новосибирск;Архив №3 Екатеринбург;RG 0001 330 01 03;Регистрация БП 330 (VRUK);ВРУК;330;Регистрация;ШК;85;AUTO
ОСЦ Новосибирск;Архив №3 Екатеринбург;RG 0001 330 02 03;Регистрация БП 330 (VRUK);ВРУК;330;Регистрация;ШК;95;AUTO
ОСЦ Воронеж;Архив №3 Калининград;RG 0001 330 01 03;Регистрация БП 330 (VRUK);ВРУК;330;Регистрация;ШК;86,267;AUTO
ОСЦ Воронеж;Архив №3 Калининград;RG 0001 330 02 03;Регистрация БП 330 (VRUK);ВРУК;330;Регистрация;ШК;94,1;AUTO
ОСЦ Москва;Архив №1 Томилино;RG 0001 330 01 03;Регистрация БП 330 (VRUK);ВРУК;330;Регистрация;ШК;86;AUTO
ОСЦ Москва;Архив №1 Томилино;RG 0001 330 02 03;Регистрация БП 330 (VRUK);ВРУК;330;Регистрация;ШК;90,5;AUTO
ОСЦ Самара;Архив №1 Самара;RG 0001 330 01 03;Регистрация БП 330 (VRUK);ВРУК;330;Регистрация;ШК;86;AUTO
ОСЦ Самара;Архив №1 Самара;RG 0001 330 02 03;Регистрация БП 330 (VRUK);ВРУК;330;Регистрация;ШК;91;AUTO
ОСЦ Воронеж;Архив №1 Воронеж;RG 0001 330 01 03;Регистрация БП 330 (VRUK);ВРУК;330;Регистрация;ШК;94;AUTO
ОСЦ Воронеж;Архив №1 Воронеж;RG 0001 330 02 03;Регистрация БП 330 (VRUK);ВРУК;330;Регистрация;ШК;94;AUTO
ОСЦ Новосибирск;Архив №1 Новосибирск;RG 0001 330 01 03;Регистрация БП 330 (VRUK);ВРУК;330;Регистрация;ШК;83;AUTO
ОСЦ Новосибирск;Архив №1 Новосибирск;RG 0001 330 02 03;Регистрация БП 330 (VRUK);ВРУК;330;Регистрация;ШК;85,733;AUTO
ОСЦ Нижний Новгород;Архив №1 Нижний Новгород;RG 0001 330 01 01;Регистрация БП 330 (REG/Однолистный документ);;330;Регистрация;ШК;26;AUTO
ОСЦ Нижний Новгород;Архив №1 Нижний Новгород;RG 0001 330 02 01;Регистрация БП 330 (REG/Опись);;330;Регистрация;ШК;30,633;AUTO
ОСЦ Воронеж;Архив №4 Санкт-Петербург;RG 0001 330 01 01;Регистрация БП 330 (REG/Однолистный документ);;330;Регистрация;ШК;24,513;AUTO
ОСЦ Воронеж;Архив №4 Санкт-Петербург;RG 0001 330 02 01;Регистрация БП 330 (REG/Опись);;330;Регистрация;ШК;28,145;AUTO
ОСЦ Новосибирск;Архив №3 Екатеринбург;RG 0001 330 01 01;Регистрация БП 330 (REG/Однолистный документ);;330;Регистрация;ШК;25,192;AUTO
ОСЦ Новосибирск;Архив №3 Екатеринбург;RG 0001 330 02 01;Регистрация БП 330 (REG/Опись);;330;Регистрация;ШК;33,68;AUTO
ОСЦ Воронеж;Архив №3 Калининград;RG 0001 330 01 01;Регистрация БП 330 (REG/Однолистный документ);;330;Регистрация;ШК;25,267;AUTO
ОСЦ Воронеж;Архив №3 Калининград;RG 0001 330 02 01;Регистрация БП 330 (REG/Опись);;330;Регистрация;ШК;28,3;AUTO
ОСЦ Москва;Архив №1 Томилино;RG 0001 330 01 01;Регистрация БП 330 (REG/Однолистный документ);;330;Регистрация;ШК;26;AUTO
ОСЦ Москва;Архив №1 Томилино;RG 0001 330 02 01;Регистрация БП 330 (REG/Опись);;330;Регистрация;ШК;30,5;AUTO
ОСЦ Самара;Архив №1 Самара;RG 0001 330 01 01;Регистрация БП 330 (REG/Однолистный документ);;330;Регистрация;ШК;26;AUTO
ОСЦ Самара;Архив №1 Самара;RG 0001 330 02 01;Регистрация БП 330 (REG/Опись);;330;Регистрация;ШК;31;AUTO
ОСЦ Воронеж;Архив №1 Воронеж;RG 0001 330 01 01;Регистрация БП 330 (REG/Однолистный документ);;330;Регистрация;ШК;27,516;AUTO
ОСЦ Воронеж;Архив №1 Воронеж;RG 0001 330 02 01;Регистрация БП 330 (REG/Опись);;330;Регистрация;ШК;33,867;AUTO
ОСЦ Новосибирск;Архив №1 Новосибирск;RG 0001 330 01 01;Регистрация БП 330 (REG/Однолистный документ);;330;Регистрация;ШК;25,467;AUTO
ОСЦ Новосибирск;Архив №1 Новосибирск;RG 0001 330 02 01;Регистрация БП 330 (REG/Опись);;330;Регистрация;ШК;30,633;AUTO
ОСЦ Нижний Новгород;Архив №1 Нижний Новгород;RG 0001 330 01 02;Регистрация БП 330 (VSP/Однолистный документ);ВСП;330;Регистрация;ШК;14,467;AUTO
ОСЦ Нижний Новгород;Архив №1 Нижний Новгород;RG 0001 330 02 02;Регистрация БП 330 (VSP/Опись);ВСП;330;Регистрация;ШК;25,5;AUTO
ОСЦ Воронеж;Архив №4 Санкт-Петербург;RG 0001 330 01 02;Регистрация БП 330 (VSP/Однолистный документ);ВСП;330;Регистрация;ШК;13,94;AUTO
ОСЦ Воронеж;Архив №4 Санкт-Петербург;RG 0001 330 02 02;Регистрация БП 330 (VSP/Опись);ВСП;330;Регистрация;ШК;25,58;AUTO
ОСЦ Новосибирск;Архив №3 Екатеринбург;RG 0001 330 01 02;Регистрация БП 330 (VSP/Однолистный документ);ВСП;330;Регистрация;ШК;14,633;AUTO
ОСЦ Новосибирск;Архив №3 Екатеринбург;RG 0001 330 02 02;Регистрация БП 330 (VSP/Опись);ВСП;330;Регистрация;ШК;25,105;AUTO
ОСЦ Воронеж;Архив №3 Калининград;RG 0001 330 01 02;Регистрация БП 330 (VSP/Однолистный документ);ВСП;330;Регистрация;ШК;13,267;AUTO
ОСЦ Воронеж;Архив №3 Калининград;RG 0001 330 02 02;Регистрация БП 330 (VSP/Опись);ВСП;330;Регистрация;ШК;26,267;AUTO
ОСЦ Москва;Архив №1 Томилино;RG 0001 330 01 02;Регистрация БП 330 (VSP/Однолистный документ);ВСП;330;Регистрация;ШК;14,733;AUTO
ОСЦ Москва;Архив №1 Томилино;RG 0001 330 02 02;Регистрация БП 330 (VSP/Опись);ВСП;330;Регистрация;ШК;25,5;AUTO
ОСЦ Самара;Архив №1 Самара;RG 0001 330 01 02;Регистрация БП 330 (VSP/Однолистный документ);ВСП;330;Регистрация;ШК;14,467;AUTO
ОСЦ Самара;Архив №1 Самара;RG 0001 330 02 02;Регистрация БП 330 (VSP/Опись);ВСП;330;Регистрация;ШК;24;AUTO
ОСЦ Воронеж;Архив №1 Воронеж;RG 0001 330 01 02;Регистрация БП 330 (VSP/Однолистный документ);ВСП;330;Регистрация;ШК;14,633;AUTO
ОСЦ Воронеж;Архив №1 Воронеж;RG 0001 330 02 02;Регистрация БП 330 (VSP/Опись);ВСП;330;Регистрация;ШК;27;AUTO
ОСЦ Новосибирск;Архив №1 Новосибирск;RG 0001 330 01 02;Регистрация БП 330 (VSP/Однолистный документ);ВСП;330;Регистрация;ШК;14,9;AUTO
ОСЦ Новосибирск;Архив №1 Новосибирск;RG 0001 330 02 02;Регистрация БП 330 (VSP/Опись);ВСП;330;Регистрация;ШК;24,1;AUTO
ОСЦ Нижний Новгород;Архив №1 Нижний Новгород;RG 0001 239 01 01;Регистрация БП 239 (REG/Однолистный документ);;239;Регистрация;ШК;27,152;AUTO
ОСЦ Нижний Новгород;Архив №1 Нижний Новгород;RG 0001 239 02 01;Регистрация БП 239 (REG/Опись);;239;Регистрация;ШК;33,833;AUTO
ОСЦ Нижний Новгород;Архив №1 Нижний Новгород;RG 0001 239 01 02;Регистрация БП 239 (VSP/Однолистный документ);ВСП;239;Регистрация;ШК;14,567;AUTO
ОСЦ Нижний Новгород;Архив №1 Нижний Новгород;RG 0001 239 02 02;Регистрация БП 239 (VSP/Опись);ВСП;239;Регистрация;ШК;27,33;AUTO
ОСЦ Воронеж;Архив №4 Санкт-Петербург;RG 0001 239 01 01;Регистрация БП 239 (REG/Однолистный документ);;239;Регистрация;ШК;27;AUTO
ОСЦ Воронеж;Архив №4 Санкт-Петербург;RG 0001 239 02 01;Регистрация БП 239 (REG/Опись);;239;Регистрация;ШК;30;AUTO
ОСЦ Воронеж;Архив №4 Санкт-Петербург;RG 0001 239 01 02;Регистрация БП 239 (VSP/Однолистный документ);ВСП;239;Регистрация;ШК;11,3;AUTO
ОСЦ Воронеж;Архив №4 Санкт-Петербург;RG 0001 239 02 02;Регистрация БП 239 (VSP/Опись);ВСП;239;Регистрация;ШК;23;AUTO
ОСЦ Новосибирск;Архив №3 Екатеринбург;RG 0001 239 01 01;Регистрация БП 239 (REG/Однолистный документ);;239;Регистрация;ШК;26,155;AUTO
ОСЦ Новосибирск;Архив №3 Екатеринбург;RG 0001 239 02 01;Регистрация БП 239 (REG/Опись);;239;Регистрация;ШК;34,364;AUTO
ОСЦ Новосибирск;Архив №3 Екатеринбург;RG 0001 239 01 02;Регистрация БП 239 (VSP/Однолистный документ);ВСП;239;Регистрация;ШК;14,579;AUTO
ОСЦ Новосибирск;Архив №3 Екатеринбург;RG 0001 239 02 02;Регистрация БП 239 (VSP/Опись);ВСП;239;Регистрация;ШК;25,192;AUTO
ОСЦ Воронеж;Архив №3 Калининград;RG 0001 239 01 01;Регистрация БП 239 (REG/Однолистный документ);;239;Регистрация;ШК;27,615;AUTO
ОСЦ Воронеж;Архив №3 Калининград;RG 0001 239 02 01;Регистрация БП 239 (REG/Опись);;239;Регистрация;ШК;34,041;AUTO
ОСЦ Воронеж;Архив №3 Калининград;RG 0001 239 01 02;Регистрация БП 239 (VSP/Однолистный документ);ВСП;239;Регистрация;ШК;11,304;AUTO
ОСЦ Воронеж;Архив №3 Калининград;RG 0001 239 02 02;Регистрация БП 239 (VSP/Опись);ВСП;239;Регистрация;ШК;27,436;AUTO
ОСЦ Москва;Архив №1 Томилино;RG 0001 239 01 02;Регистрация БП 239 (VSP/Однолистный документ);ВСП;239;Регистрация;ШК;14,7;AUTO
ОСЦ Москва;Архив №1 Томилино;RG 0001 239 02 02;Регистрация БП 239 (VSP/Опись);ВСП;239;Регистрация;ШК;27,422;AUTO
ОСЦ Москва;Архив №1 Томилино;RG 0001 239 01 01;Регистрация БП 239 (REG/Однолистный документ);;239;Регистрация;ШК;27,326;AUTO
ОСЦ Москва;Архив №1 Томилино;RG 0001 239 02 01;Регистрация БП 239 (REG/Опись);;239;Регистрация;ШК;33,492;AUTO
ОСЦ Самара;Архив №1 Самара;RG 0001 239 01 01;Регистрация БП 239 (REG/Однолистный документ);;239;Регистрация;ШК;27,569;AUTO
ОСЦ Самара;Архив №1 Самара;RG 0001 239 02 01;Регистрация БП 239 (REG/Опись);;239;Регистрация;ШК;33,907;AUTO
ОСЦ Самара;Архив №1 Самара;RG 0001 239 01 02;Регистрация БП 239 (VSP/Однолистный документ);ВСП;239;Регистрация;ШК;11,009;AUTO
ОСЦ Самара;Архив №1 Самара;RG 0001 239 02 02;Регистрация БП 239 (VSP/Опись);ВСП;239;Регистрация;ШК;25,243;AUTO
ОСЦ Воронеж;Архив №1 Воронеж;RG 0001 239 01 01;Регистрация БП 239 (REG/Однолистный документ);;239;Регистрация;ШК;27,516;AUTO
ОСЦ Воронеж;Архив №1 Воронеж;RG 0001 239 02 01;Регистрация БП 239 (REG/Опись);;239;Регистрация;ШК;34;AUTO
ОСЦ Воронеж;Архив №1 Воронеж;RG 0001 239 01 02;Регистрация БП 239 (VSP/Однолистный документ);ВСП;239;Регистрация;ШК;14,633;AUTO
ОСЦ Воронеж;Архив №1 Воронеж;RG 0001 239 02 02;Регистрация БП 239 (VSP/Опись);ВСП;239;Регистрация;ШК;27;AUTO
ОСЦ Новосибирск;Архив №1 Новосибирск;RG 0001 239 01 01;Регистрация БП 239 (REG/Однолистный документ);;239;Регистрация;ШК;26,333;AUTO
ОСЦ Новосибирск;Архив №1 Новосибирск;RG 0001 239 02 01;Регистрация БП 239 (REG/Опись);;239;Регистрация;ШК;31,3;AUTO
ОСЦ Новосибирск;Архив №1 Новосибирск;RG 0001 239 01 02;Регистрация БП 239 (VSP/Однолистный документ);ВСП;239;Регистрация;ШК;14,433;AUTO
ОСЦ Новосибирск;Архив №1 Новосибирск;RG 0001 239 02 02;Регистрация БП 239 (VSP/Опись);ВСП;239;Регистрация;ШК;24,4;AUTO
ОСЦ Нижний Новгород;Архив №1 Нижний Новгород;RG 0001 323 00 03;Регистрация БП 323 (VRUK);ВРУК;323;Регистрация;ШК;93;AUTO
ОСЦ Воронеж;Архив №4 Санкт-Петербург;RG 0001 323 00 03;Регистрация БП 323 (VRUK);ВРУК;323;Регистрация;ШК;82,226;AUTO
ОСЦ Новосибирск;Архив №3 Екатеринбург;RG 0001 323 00 03;Регистрация БП 323 (VRUK);ВРУК;323;Регистрация;ШК;85;AUTO
ОСЦ Воронеж;Архив №3 Калининград;RG 0001 323 00 03;Регистрация БП 323 (VRUK);ВРУК;323;Регистрация;ШК;84,233;AUTO
ОСЦ Москва;Архив №1 Томилино;RG 0001 323 00 03;Регистрация БП 323 (VRUK);ВРУК;323;Регистрация;ШК;96,633;AUTO
ОСЦ Самара;Архив №1 Самара;RG 0001 323 00 03;Регистрация БП 323 (VRUK);ВРУК;323;Регистрация;ШК;85,368;AUTO
ОСЦ Воронеж;Архив №1 Воронеж;RG 0001 323 00 03;Регистрация БП 323 (VRUK);ВРУК;323;Регистрация;ШК;94;AUTO
ОСЦ Новосибирск;Архив №1 Новосибирск;RG 0001 323 00 03;Регистрация БП 323 (VRUK);ВРУК;323;Регистрация;ШК;86,033;AUTO
ОСЦ Нижний Новгород;Архив №1 Нижний Новгород;KS 023 000 00 00;Предоставление ОС по дефектам в СБОЛпро;;;СПАС;Обращение;448,367;AUTO
ОСЦ Нижний Новгород;Архив №1 Нижний Новгород;KS 024 000 00 00;Консультирование в канале СберЧат Архивный сервис;;;СПАС;Обращение;467,467;AUTO
ОСЦ Москва;Архив №1 Томилино;PD 001 000 01 00;Подбор по запросам продуктовых документов/сшивов кроме однолистных документов по ШК GUID (АЛЦ);;;Логистика;Документ;71,397;AUTO
ОСЦ Нижний Новгород;Архив №1 Нижний Новгород;PD 001 000 01 00;Подбор по запросам продуктовых документов/сшивов кроме однолистных документов по ШК GUID (АЛЦ);;;Логистика;Документ;70;AUTO
ОСЦ Самара;Архив №1 Самара;PD 001 000 01 00;Подбор по запросам продуктовых документов/сшивов кроме однолистных документов по ШК GUID (АЛЦ);;;Логистика;Документ;63,039;AUTO
ОСЦ Воронеж;Архив №1 Воронеж;PD 001 000 02 00;Подбор по запросам продуктовых документов/сшивов кроме однолистных документов по ШК GUID (Мезонин);;;Логистика;Документ;137;AUTO
ОСЦ Воронеж;Архив №3 Калининград;PD 001 000 02 00;Подбор по запросам продуктовых документов/сшивов кроме однолистных документов по ШК GUID (Мезонин);;;Логистика;Документ;147,703;AUTO
ОСЦ Воронеж;Архив №4 Санкт-Петербург;PD 001 000 02 00;Подбор по запросам продуктовых документов/сшивов кроме однолистных документов по ШК GUID (Мезонин);;;Логистика;Документ;165,679;AUTO
ОСЦ Новосибирск;Архив №1 Новосибирск;PD 001 000 02 00;Подбор по запросам продуктовых документов/сшивов кроме однолистных документов по ШК GUID (Мезонин);;;Логистика;Документ;163,276;AUTO
ОСЦ Новосибирск;Архив №3 Екатеринбург;PD 001 000 02 00;Подбор по запросам продуктовых документов/сшивов кроме однолистных документов по ШК GUID (Мезонин);;;Логистика;Документ;145,659;AUTO
ОСЦ Нижний Новгород;Архив №1 Нижний Новгород;PD 001 000 03 00;Подбор по запросам продуктовых документов/сшивов кроме однолистных документов по ШК GUID (ОСГ);;;Логистика;Документ;127,289;AUTO
ОСЦ Новосибирск;Архив №1 Новосибирск;PD 001 000 03 00;Подбор по запросам продуктовых документов/сшивов кроме однолистных документов по ШК GUID (ОСГ);;;Логистика;Документ;105,333;AUTO
ОСЦ Самара;Архив №1 Самара;PD 001 000 03 00;Подбор по запросам продуктовых документов/сшивов кроме однолистных документов по ШК GUID (ОСГ);;;Логистика;Документ;126,05;AUTO
ОСЦ Воронеж;Архив №1 Воронеж;PD 001 000 03 00;Подбор по запросам продуктовых документов/сшивов кроме однолистных документов по ШК GUID (ОСГ);;;Логистика;Документ;129,075;AUTO
ОСЦ Москва;Архив №1 Томилино;PD 001 000 04 00;Подбор по запросам продуктовых документов/сшивов кроме однолистных документов по ШК GUID (Паллеты);;;Логистика;Документ;83,078;AUTO
ОСЦ Москва;Архив №1 Томилино;PD 001 000 05 00;Подбор по запросам продуктовых документов/сшивов кроме однолистных документов по ШК GUID (Стеллажи);;;Логистика;Документ;64,699;AUTO
ОСЦ Москва;Архив №1 Томилино;PD 002 000 01 00;Подбор по запросам продуктовых однолистных документов по ШК GUID (АЛЦ);;;Логистика;Документ;167,347;AUTO
ОСЦ Нижний Новгород;Архив №1 Нижний Новгород;PD 002 000 01 00;Подбор по запросам продуктовых однолистных документов по ШК GUID (АЛЦ);;;Логистика;Документ;149;AUTO
ОСЦ Самара;Архив №1 Самара;PD 002 000 01 00;Подбор по запросам продуктовых однолистных документов по ШК GUID (АЛЦ);;;Логистика;Документ;139,643;AUTO
ОСЦ Воронеж;Архив №1 Воронеж;PD 002 000 02 00;Подбор по запросам продуктовых однолистных документов по ШК GUID (Мезонин);;;Логистика;Документ;210;AUTO
ОСЦ Воронеж;Архив №3 Калининград;PD 002 000 02 00;Подбор по запросам продуктовых однолистных документов по ШК GUID (Мезонин);;;Логистика;Документ;189,101;AUTO
ОСЦ Воронеж;Архив №4 Санкт-Петербург;PD 002 000 02 00;Подбор по запросам продуктовых однолистных документов по ШК GUID (Мезонин);;;Логистика;Документ;215,337;AUTO
ОСЦ Новосибирск;Архив №1 Новосибирск;PD 002 000 02 00;Подбор по запросам продуктовых однолистных документов по ШК GUID (Мезонин);;;Логистика;Документ;216,312;AUTO
ОСЦ Новосибирск;Архив №3 Екатеринбург;PD 002 000 02 00;Подбор по запросам продуктовых однолистных документов по ШК GUID (Мезонин);;;Логистика;Документ;219,867;AUTO
ОСЦ Нижний Новгород;Архив №1 Нижний Новгород;PD 002 000 03 00;Подбор по запросам продуктовых однолистных документов по ШК GUID (ОСГ);;;Логистика;Документ;277,324;AUTO
ОСЦ Воронеж;Архив №1 Воронеж;PD 002 000 03 00;Подбор по запросам продуктовых однолистных документов по ШК GUID (ОСГ);;;Логистика;Документ;288,168;AUTO
ОСЦ Самара;Архив №1 Самара;PD 002 000 03 00;Подбор по запросам продуктовых однолистных документов по ШК GUID (ОСГ);;;Логистика;Документ;274,429;AUTO
ОСЦ Москва;Архив №1 Томилино;PD 002 000 04 00;Подбор по запросам продуктовых однолистных документов по ШК GUID (Паллеты);;;Логистика;Документ;169,918;AUTO
ОСЦ Москва;Архив №1 Томилино;PD 002 000 05 00;Подбор по запросам продуктовых однолистных документов по ШК GUID (Стеллажи);;;Логистика;Документ;173,754;AUTO
ОСЦ Москва;Архив №1 Томилино;PD 003 000 01 00;Подбор Сшивов на уничтожение по актам (АЛЦ);;;Логистика;Документ;15,463;AUTO
ОСЦ Москва;Архив №1 Томилино;PD 004 000 01 00;Подбор продуктовых документов на уничтожение по актам по КБП: 02 (АЛЦ);;;Логистика;Документ;43,115;AUTO
ОСЦ Нижний Новгород;Архив №1 Нижний Новгород;PD 004 000 01 00;Подбор продуктовых документов на уничтожение по актам по КБП: 02 (АЛЦ);;;Логистика;Документ;40;AUTO
ОСЦ Самара;Архив №1 Самара;PD 004 000 01 00;Подбор продуктовых документов на уничтожение по актам по КБП: 02 (АЛЦ);;;Логистика;Документ;41,7;AUTO
ОСЦ Нижний Новгород;Архив №1 Нижний Новгород;PD 006 000 01 00;Подбор продуктовых документов на уничтожение по актам по КБП: 01,03,13 (АЛЦ);;;Логистика;Документ;16,5;AUTO
ОСЦ Москва;Архив №1 Томилино;PD 005 000 01 00;Подбор продуктовых документов на уничтожение по актам по страховой документации (АЛЦ);;;Логистика;Документ;12,971;AUTO
ОСЦ Москва;Архив №1 Томилино;PD 008 000 01 00;Подбор документов завершенного делопроизводства с ШК на уничтожение по акту (АЛЦ);;;Логистика;Документ;15,201;AUTO
ОСЦ Москва;Архив №1 Томилино;PD 009 000 01 00;Подбор документов завершенного делопроизводства без ШК на уничтожение по акту (АЛЦ);;;Логистика;Документ;22,32;AUTO
ОСЦ Москва;Архив №1 Томилино;PD 003 000 04 00;Подбор Сшивов на уничтожение по актам (Паллеты);;;Логистика;Документ;14,367;AUTO
ОСЦ Москва;Архив №1 Томилино;PD 004 000 04 00;Подбор продуктовых документов на уничтожение по актам по КБП: 02 (Паллеты);;;Логистика;Документ;41,722;AUTO
ОСЦ Москва;Архив №1 Томилино;PD 005 000 04 00;Подбор продуктовых документов на уничтожение по актам по страховой документации (Паллеты);;;Логистика;Документ;13,082;AUTO
ОСЦ Москва;Архив №1 Томилино;PD 008 000 04 00;Подбор документов завершенного делопроизводства с ШК на уничтожение по акту (Паллеты);;;Логистика;Документ;14,157;AUTO
ОСЦ Нижний Новгород;Архив №1 Нижний Новгород;PD 008 000 03 00;Подбор документов завершенного делопроизводства с ШК на уничтожение по акту (ОСГ);;;Логистика;Документ;35;AUTO
ОСЦ Самара;Архив №1 Самара;PD 008 000 03 00;Подбор документов завершенного делопроизводства с ШК на уничтожение по акту (ОСГ);;;Логистика;Документ;42,043;AUTO
ОСЦ Воронеж;Архив №1 Воронеж;PD 008 000 03 00;Подбор документов завершенного делопроизводства с ШК на уничтожение по акту (ОСГ);;;Логистика;Документ;38,052;AUTO
ОСЦ Москва;Архив №1 Томилино;PD 009 000 04 00;Подбор документов завершенного делопроизводства без ШК на уничтожение по акту (Паллеты);;;Логистика;Документ;24,438;AUTO
ОСЦ Воронеж;Архив №1 Воронеж;PD 003 000 02 00;Подбор Сшивов на уничтожение по актам (Мезонин);;;Логистика;Документ;15,444;AUTO
ОСЦ Воронеж;Архив №4 Санкт-Петербург;PD 003 000 02 00;Подбор Сшивов на уничтожение по актам (Мезонин);;;Логистика;Документ;19,166;AUTO
ОСЦ Новосибирск;Архив №1 Новосибирск;PD 003 000 02 00;Подбор Сшивов на уничтожение по актам (Мезонин);;;Логистика;Документ;20,025;AUTO
ОСЦ Новосибирск;Архив №3 Екатеринбург;PD 003 000 02 00;Подбор Сшивов на уничтожение по актам (Мезонин);;;Логистика;Документ;19,933;AUTO
ОСЦ Воронеж;Архив №4 Санкт-Петербург;PD 007 000 02 00;Подбор продуктовых документов на уничтожение по актам по КБП: 04 (Мезонин);;;Логистика;Документ;43,646;AUTO
ОСЦ Воронеж;Архив №1 Воронеж;PD 007 000 02 00;Подбор продуктовых документов на уничтожение по актам по КБП: 04 (Мезонин);;;Логистика;Документ;45,019;AUTO
ОСЦ Воронеж;Архив №3 Калининград;PD 007 000 02 00;Подбор продуктовых документов на уничтожение по актам по КБП: 04 (Мезонин);;;Логистика;Документ;41,392;AUTO
ОСЦ Новосибирск;Архив №1 Новосибирск;PD 007 000 02 00;Подбор продуктовых документов на уничтожение по актам по КБП: 04 (Мезонин);;;Логистика;Документ;42,256;AUTO
ОСЦ Новосибирск;Архив №3 Екатеринбург;PD 007 000 02 00;Подбор продуктовых документов на уничтожение по актам по КБП: 04 (Мезонин);;;Логистика;Документ;43,227;AUTO
ОСЦ Воронеж;Архив №1 Воронеж;PD 004 000 02 00;Подбор продуктовых документов на уничтожение по актам по КБП: 02 (Мезонин);;;Логистика;Документ;37,816;AUTO
ОСЦ Воронеж;Архив №4 Санкт-Петербург;PD 004 000 02 00;Подбор продуктовых документов на уничтожение по актам по КБП: 02 (Мезонин);;;Логистика;Документ;40,799;AUTO
ОСЦ Новосибирск;Архив №1 Новосибирск;PD 004 000 02 00;Подбор продуктовых документов на уничтожение по актам по КБП: 02 (Мезонин);;;Логистика;Документ;39,018;AUTO
ОСЦ Новосибирск;Архив №3 Екатеринбург;PD 004 000 02 00;Подбор продуктовых документов на уничтожение по актам по КБП: 02 (Мезонин);;;Логистика;Документ;65,531;AUTO
ОСЦ Воронеж;Архив №3 Калининград;PD 004 000 02 00;Подбор продуктовых документов на уничтожение по актам по КБП: 02 (Мезонин);;;Логистика;Документ;35,949;AUTO
ОСЦ Воронеж;Архив №1 Воронеж;PD 004 000 03 00;Подбор продуктовых документов на уничтожение по актам по КБП: 02 (ОСГ);;;Логистика;Документ;41,001;AUTO
ОСЦ Нижний Новгород;Архив №1 Нижний Новгород;PD 004 000 03 00;Подбор продуктовых документов на уничтожение по актам по КБП: 02 (ОСГ);;;Логистика;Документ;42;AUTO
ОСЦ Воронеж;Архив №4 Санкт-Петербург;PD 006 000 02 00;Подбор продуктовых документов на уничтожение по актам по КБП: 01,03,13 (Мезонин);;;Логистика;Документ;31,211;AUTO
ОСЦ Новосибирск;Архив №1 Новосибирск;PD 006 000 02 00;Подбор продуктовых документов на уничтожение по актам по КБП: 01,03,13 (Мезонин);;;Логистика;Документ;28,218;AUTO
ОСЦ Воронеж;Архив №4 Санкт-Петербург;PD 005 000 02 00;Подбор продуктовых документов на уничтожение по актам по страховой документации (Мезонин);;;Логистика;Документ;31,105;AUTO
ОСЦ Новосибирск;Архив №1 Новосибирск;PD 005 000 02 00;Подбор продуктовых документов на уничтожение по актам по страховой документации (Мезонин);;;Логистика;Документ;31,552;AUTO
ОСЦ Воронеж;Архив №1 Воронеж;PD 008 000 02 00;Подбор документов завершенного делопроизводства с ШК на уничтожение по акту (Мезонин);;;Логистика;Документ;15,017;AUTO
ОСЦ Воронеж;Архив №3 Калининград;PD 008 000 02 00;Подбор документов завершенного делопроизводства с ШК на уничтожение по акту (Мезонин);;;Логистика;Документ;12,816;AUTO
ОСЦ Воронеж;Архив №4 Санкт-Петербург;PD 008 000 02 00;Подбор документов завершенного делопроизводства с ШК на уничтожение по акту (Мезонин);;;Логистика;Документ;10,577;AUTO
ОСЦ Новосибирск;Архив №1 Новосибирск;PD 008 000 02 00;Подбор документов завершенного делопроизводства с ШК на уничтожение по акту (Мезонин);;;Логистика;Документ;15,726;AUTO
ОСЦ Новосибирск;Архив №3 Екатеринбург;PD 008 000 02 00;Подбор документов завершенного делопроизводства с ШК на уничтожение по акту (Мезонин);;;Логистика;Документ;65,73;AUTO
ОСЦ Воронеж;Архив №1 Воронеж;PD 009 000 02 00;Подбор документов завершенного делопроизводства без ШК на уничтожение по акту (Мезонин);;;Логистика;Документ;41,96;AUTO
ОСЦ Воронеж;Архив №3 Калининград;PD 009 000 02 00;Подбор документов завершенного делопроизводства без ШК на уничтожение по акту (Мезонин);;;Логистика;Документ;33,929;AUTO
ОСЦ Воронеж;Архив №4 Санкт-Петербург;PD 009 000 02 00;Подбор документов завершенного делопроизводства без ШК на уничтожение по акту (Мезонин);;;Логистика;Документ;32,797;AUTO
ОСЦ Новосибирск;Архив №1 Новосибирск;PD 009 000 02 00;Подбор документов завершенного делопроизводства без ШК на уничтожение по акту (Мезонин);;;Логистика;Документ;42,503;AUTO
ОСЦ Новосибирск;Архив №3 Екатеринбург;PD 009 000 02 00;Подбор документов завершенного делопроизводства без ШК на уничтожение по акту (Мезонин);;;Логистика;Документ;42,804;AUTO
ОСЦ Нижний Новгород;Архив №1 Нижний Новгород;PD 003 000 03 00;Подбор Сшивов на уничтожение по актам (ОСГ);;;Логистика;Документ;14,5;AUTO
ОСЦ Воронеж;Архив №1 Воронеж;PD 003 000 03 00;Подбор Сшивов на уничтожение по актам (ОСГ);;;Логистика;Документ;15,518;AUTO
ОСЦ Новосибирск;Архив №1 Новосибирск;PD 003 000 03 00;Подбор Сшивов на уничтожение по актам (ОСГ);;;Логистика;Документ;17,086;AUTO
ОСЦ Нижний Новгород;Архив №1 Нижний Новгород;PD 009 000 03 00;Подбор документов завершенного делопроизводства без ШК на уничтожение по акту (ОСГ);;;Логистика;Документ;39;AUTO
ОСЦ Самара;Архив №1 Самара;PD 009 000 03 00;Подбор документов завершенного делопроизводства без ШК на уничтожение по акту (ОСГ);;;Логистика;Документ;40,926;AUTO
ОСЦ Воронеж;Архив №1 Воронеж;PD 009 000 03 00;Подбор документов завершенного делопроизводства без ШК на уничтожение по акту (ОСГ);;;Логистика;Документ;41,018;AUTO
ОСЦ Москва;Архив №1 Томилино;TD 193 000 00 01;Документ включен в TD-реестр на уничтожение;;;Логистика;Документ;5,517;AUTO
ОСЦ Нижний Новгород;Архив №1 Нижний Новгород;TD 193 000 00 01;Документ включен в TD-реестр на уничтожение;;;Логистика;Документ;5,483;AUTO
ОСЦ Самара;Архив №1 Самара;TD 193 000 00 01;Документ включен в TD-реестр на уничтожение;;;Логистика;Документ;5,506;AUTO
ОСЦ Воронеж;Архив №3 Калининград;SR 326 000 00 00;Сортировка СДД;;;Регистрация;ШК;14,398;RUCH
ОСЦ Воронеж;Архив №1 Воронеж;SL 115 000 00 00;"П1308_Сопровождение наемного персонала/перемещение коробов/паллет // Обеспечение пропускного режима в минутах (""Передача и хранение архивных документов"")";-;00;Логистика;минута;60;RUCH
ОСЦ Воронеж;Архив №3 Калининград;SL 115 000 00 00;"П1308_Сопровождение наемного персонала/перемещение коробов/паллет // Обеспечение пропускного режима в минутах (""Передача и хранение архивных документов"")";-;00;Логистика;минута;60;RUCH
ОСЦ Воронеж;Архив №4 Санкт-Петербург;SL 115 000 00 00;"П1308_Сопровождение наемного персонала/перемещение коробов/паллет // Обеспечение пропускного режима в минутах (""Передача и хранение архивных документов"")";-;00;Логистика;минута;60;RUCH
ОСЦ Москва;Архив №1 Томилино;SL 115 000 00 00;"П1308_Сопровождение наемного персонала/перемещение коробов/паллет // Обеспечение пропускного режима в минутах (""Передача и хранение архивных документов"")";-;00;Логистика;минута;60;RUCH
ОСЦ Нижний Новгород;Архив №1 Нижний Новгород;SL 115 000 00 00;"П1308_Сопровождение наемного персонала/перемещение коробов/паллет // Обеспечение пропускного режима в минутах (""Передача и хранение архивных документов"")";-;00;Логистика;минута;60;RUCH
ОСЦ Новосибирск;Архив №1 Новосибирск;SL 115 000 00 00;"П1308_Сопровождение наемного персонала/перемещение коробов/паллет // Обеспечение пропускного режима в минутах (""Передача и хранение архивных документов"")";-;00;Логистика;минута;60;RUCH
ОСЦ Новосибирск;Архив №3 Екатеринбург;SL 115 000 00 00;"П1308_Сопровождение наемного персонала/перемещение коробов/паллет // Обеспечение пропускного режима в минутах (""Передача и хранение архивных документов"")";-;00;Логистика;минута;60;RUCH
ОСЦ Самара;Архив №1 Самара;SL 115 000 00 00;"П1308_Сопровождение наемного персонала/перемещение коробов/паллет // Обеспечение пропускного режима в минутах (""Передача и хранение архивных документов"")";-;00;Логистика;минута;60;RUCH
ОСЦ Воронеж;Архив №1 Воронеж;SL 116 000 00 00;"П1310_Сопровождение наемного персонала/перемещение коробов/паллет // Обеспечение пропускного режима в минутах (""Уничтожение архивных документов"")";-;00;Логистика;минута;60;RUCH
ОСЦ Воронеж;Архив №3 Калининград;SL 116 000 00 00;"П1310_Сопровождение наемного персонала/перемещение коробов/паллет // Обеспечение пропускного режима в минутах (""Уничтожение архивных документов"")";-;00;Логистика;минута;60;RUCH
ОСЦ Воронеж;Архив №4 Санкт-Петербург;SL 116 000 00 00;"П1310_Сопровождение наемного персонала/перемещение коробов/паллет // Обеспечение пропускного режима в минутах (""Уничтожение архивных документов"")";-;00;Логистика;минута;60;RUCH
ОСЦ Москва;Архив №1 Томилино;SL 116 000 00 00;"П1310_Сопровождение наемного персонала/перемещение коробов/паллет // Обеспечение пропускного режима в минутах (""Уничтожение архивных документов"")";-;00;Логистика;минута;60;RUCH
ОСЦ Нижний Новгород;Архив №1 Нижний Новгород;SL 116 000 00 00;"П1310_Сопровождение наемного персонала/перемещение коробов/паллет // Обеспечение пропускного режима в минутах (""Уничтожение архивных документов"")";-;00;Логистика;минута;60;RUCH
ОСЦ Новосибирск;Архив №1 Новосибирск;SL 116 000 00 00;"П1310_Сопровождение наемного персонала/перемещение коробов/паллет // Обеспечение пропускного режима в минутах (""Уничтожение архивных документов"")";-;00;Логистика;минута;60;RUCH
ОСЦ Новосибирск;Архив №3 Екатеринбург;SL 116 000 00 00;"П1310_Сопровождение наемного персонала/перемещение коробов/паллет // Обеспечение пропускного режима в минутах (""Уничтожение архивных документов"")";-;00;Логистика;минута;60;RUCH
ОСЦ Самара;Архив №1 Самара;SL 116 000 00 00;"П1310_Сопровождение наемного персонала/перемещение коробов/паллет // Обеспечение пропускного режима в минутах (""Уничтожение архивных документов"")";-;00;Логистика;минута;60;RUCH
ОСЦ Воронеж;Архив №1 Воронеж;SL 117 000 00 00;"П1311_Сопровождение наемного персонала/перемещение коробов/паллет // Обеспечение пропускного режима в минутах (""Исполнение запросов по документам оперативного и архивного хранения"")";-;00;Логистика;минута;60;RUCH
ОСЦ Воронеж;Архив №3 Калининград;SL 117 000 00 00;"П1311_Сопровождение наемного персонала/перемещение коробов/паллет // Обеспечение пропускного режима в минутах (""Исполнение запросов по документам оперативного и архивного хранения"")";-;00;Логистика;минута;60;RUCH
ОСЦ Воронеж;Архив №4 Санкт-Петербург;SL 117 000 00 00;"П1311_Сопровождение наемного персонала/перемещение коробов/паллет // Обеспечение пропускного режима в минутах (""Исполнение запросов по документам оперативного и архивного хранения"")";-;00;Логистика;минута;60;RUCH
ОСЦ Москва;Архив №1 Томилино;SL 117 000 00 00;"П1311_Сопровождение наемного персонала/перемещение коробов/паллет // Обеспечение пропускного режима в минутах (""Исполнение запросов по документам оперативного и архивного хранения"")";-;00;Логистика;минута;60;RUCH
ОСЦ Нижний Новгород;Архив №1 Нижний Новгород;SL 117 000 00 00;"П1311_Сопровождение наемного персонала/перемещение коробов/паллет // Обеспечение пропускного режима в минутах (""Исполнение запросов по документам оперативного и архивного хранения"")";-;00;Логистика;минута;60;RUCH
ОСЦ Новосибирск;Архив №1 Новосибирск;SL 117 000 00 00;"П1311_Сопровождение наемного персонала/перемещение коробов/паллет // Обеспечение пропускного режима в минутах (""Исполнение запросов по документам оперативного и архивного хранения"")";-;00;Логистика;минута;60;RUCH
ОСЦ Новосибирск;Архив №3 Екатеринбург;SL 117 000 00 00;"П1311_Сопровождение наемного персонала/перемещение коробов/паллет // Обеспечение пропускного режима в минутах (""Исполнение запросов по документам оперативного и архивного хранения"")";-;00;Логистика;минута;60;RUCH
ОСЦ Самара;Архив №1 Самара;SL 117 000 00 00;"П1311_Сопровождение наемного персонала/перемещение коробов/паллет // Обеспечение пропускного режима в минутах (""Исполнение запросов по документам оперативного и архивного хранения"")";-;00;Логистика;минута;60;RUCH
ОСЦ Нижний Новгород;Архив №1 Нижний Новгород;NO 049 000 00 00;Разработка ИИ-агента;-;00;Непроизводственные;минута;60;RUCH
ОСЦ Москва;Архив №1 Томилино;PD 007 000 01 00;Подбор продуктовых документов на уничтожение по актам по КБП: 04 (АЛЦ);;;Логистика;Документ;46,641;AUTO
ОСЦ Нижний Новгород;Архив №1 Нижний Новгород;PD 007 000 01 00;Подбор продуктовых документов на уничтожение по актам по КБП: 04 (АЛЦ);;;Логистика;Документ;41;AUTO
ОСЦ Самара;Архив №1 Самара;PD 007 000 01 00;Подбор продуктовых документов на уничтожение по актам по КБП: 04 (АЛЦ);;;Логистика;Документ;41,7;AUTO
ОСЦ Москва;Архив №1 Томилино;PD 007 000 04 00;Подбор продуктовых документов на уничтожение по актам по КБП: 04 (Паллеты);;;Логистика;Документ;46,781;AUTO
ОСЦ Воронеж;Архив №1 Воронеж;PD 007 000 03 00;Подбор продуктовых документов на уничтожение по актам по КБП: 04 (ОСГ);;;Логистика;Документ;47,076;AUTO
ОСЦ Нижний Новгород;Архив №1 Нижний Новгород;PD 007 000 03 00;Подбор продуктовых документов на уничтожение по актам по КБП: 04 (ОСГ);;;Логистика;Документ;43;AUTO
ОСЦ Нижний Новгород;Архив №1 Нижний Новгород;KS 028 000 00 00;"Обработка обращения ""Передача документов для организации их физического уничтожения""";;;СПАС;Обращение;94,867;AUTO
ОСЦ Нижний Новгород;Архив №1 Нижний Новгород;KS 025 000 00 00;"Создание обращения ""Уничтожение документов"" за ВК";;;СПАС;Обращение;148,433;AUTO
ОСЦ Нижний Новгород;Архив №1 Нижний Новгород;KS 026 000 00 00;"Обработка обращения ""Согласование акта об уничтожении документов, отраженных в Перечне 1350""";;;СПАС;Обращение;173,126;AUTO
ОСЦ Нижний Новгород;Архив №1 Нижний Новгород;KS 027 000 00 00;"Обработка обращения ""Согласование акта об уничтожении документов, имеющие грифы КТ, ДСП и перс. данные""";;;СПАС;Обращение;99,933;AUTO
ОСЦ Воронеж;Архив №4 Санкт-Петербург;KS 028 000 00 00;"Обработка обращения ""Передача документов для организации их физического уничтожения""";;;СПАС;Обращение;94;AUTO
ОСЦ Воронеж;Архив №4 Санкт-Петербург;KS 025 000 00 00;"Создание обращения ""Уничтожение документов"" за ВК";;;СПАС;Обращение;149,568;AUTO
ОСЦ Новосибирск;Архив №3 Екатеринбург;KS 028 000 00 00;"Обработка обращения ""Передача документов для организации их физического уничтожения""";;;СПАС;Обращение;91,1;AUTO
ОСЦ Новосибирск;Архив №3 Екатеринбург;KS 025 000 00 00;"Создание обращения ""Уничтожение документов"" за ВК";;;СПАС;Обращение;176,558;AUTO
ОСЦ Воронеж;Архив №3 Калининград;KS 028 000 00 00;"Обработка обращения ""Передача документов для организации их физического уничтожения""";;;СПАС;Обращение;85,467;AUTO
ОСЦ Воронеж;Архив №3 Калининград;KS 025 000 00 00;"Создание обращения ""Уничтожение документов"" за ВК";;;СПАС;Обращение;138,667;AUTO
ОСЦ Москва;Архив №1 Томилино;KS 028 000 00 00;"Обработка обращения ""Передача документов для организации их физического уничтожения""";;;СПАС;Обращение;75,108;AUTO
ОСЦ Москва;Архив №1 Томилино;KS 025 000 00 00;"Создание обращения ""Уничтожение документов"" за ВК";;;СПАС;Обращение;150,5;AUTO
ОСЦ Самара;Архив №1 Самара;KS 028 000 00 00;"Обработка обращения ""Передача документов для организации их физического уничтожения""";;;СПАС;Обращение;95,733;AUTO
ОСЦ Самара;Архив №1 Самара;KS 025 000 00 00;"Создание обращения ""Уничтожение документов"" за ВК";;;СПАС;Обращение;170,733;AUTO
ОСЦ Воронеж;Архив №1 Воронеж;KS 028 000 00 00;"Обработка обращения ""Передача документов для организации их физического уничтожения""";;;СПАС;Обращение;91,3;AUTO
ОСЦ Воронеж;Архив №1 Воронеж;KS 025 000 00 00;"Создание обращения ""Уничтожение документов"" за ВК";;;СПАС;Обращение;176,685;AUTO
ОСЦ Новосибирск;Архив №1 Новосибирск;KS 028 000 00 00;"Обработка обращения ""Передача документов для организации их физического уничтожения""";;;СПАС;Обращение;87,133;AUTO
ОСЦ Новосибирск;Архив №1 Новосибирск;KS 025 000 00 00;"Создание обращения ""Уничтожение документов"" за ВК";;;СПАС;Обращение;176,333;AUTO
ОСЦ Нижний Новгород;Архив №1 Нижний Новгород;SR 333 000 00 00;Нумерация листов дела;;;Регистрация;Лист;3,181;RUCH
ОСЦ Нижний Новгород;Архив №1 Нижний Новгород;SR 334 000 00 00;Оформление листа заверителя дела;;;Регистрация;Дело;70,5;RUCH
ОСЦ Нижний Новгород;Архив №1 Нижний Новгород;SR 335 000 00 00;Подшивка документов дела;;;Регистрация;Дело;892,3;RUCH
ОСЦ Новосибирск;Архив №3 Екатеринбург;SR 333 000 00 00;Нумерация листов дела;;;Регистрация;Лист;3,451;RUCH
ОСЦ Новосибирск;Архив №3 Екатеринбург;SR 334 000 00 00;Оформление листа заверителя дела;;;Регистрация;Дело;71,767;RUCH
ОСЦ Новосибирск;Архив №3 Екатеринбург;SR 335 000 00 00;Подшивка документов дела;;;Регистрация;Дело;899,867;RUCH
ОСЦ Москва;Архив №1 Томилино;SR 333 000 00 00;Нумерация листов дела;;;Регистрация;Лист;3,316;RUCH
ОСЦ Москва;Архив №1 Томилино;SR 334 000 00 00;Оформление листа заверителя дела;;;Регистрация;Дело;72,2;RUCH
ОСЦ Москва;Архив №1 Томилино;SR 335 000 00 00;Подшивка документов дела;;;Регистрация;Дело;892,533;RUCH
ОСЦ Воронеж;Архив №1 Воронеж;SR 333 000 00 00;Нумерация листов дела;;;Регистрация;Лист;3,384;RUCH
ОСЦ Воронеж;Архив №1 Воронеж;SR 334 000 00 00;Оформление листа заверителя дела;;;Регистрация;Дело;73,833;RUCH
ОСЦ Воронеж;Архив №1 Воронеж;SR 335 000 00 00;Подшивка документов дела;;;Регистрация;Дело;865,267;RUCH
ОСЦ Новосибирск;Архив №1 Новосибирск;SR 333 000 00 00;Нумерация листов дела;;;Регистрация;Лист;3,241;RUCH
ОСЦ Новосибирск;Архив №1 Новосибирск;SR 334 000 00 00;Оформление листа заверителя дела;;;Регистрация;Дело;70,467;RUCH
ОСЦ Новосибирск;Архив №1 Новосибирск;SR 335 000 00 00;Подшивка документов дела;;;Регистрация;Дело;896,167;RUCH
ОСЦ Нижний Новгород;Архив №1 Нижний Новгород;TU 001 000 00 00;Уничтожение_Проверка ТУ без вскрытия;;;Регистрация;ТУ;29,467;AUTO
ОСЦ Воронеж;Архив №4 Санкт-Петербург;TU 001 000 00 00;Уничтожение_Проверка ТУ без вскрытия;;;Регистрация;ТУ;28,29;AUTO
ОСЦ Новосибирск;Архив №3 Екатеринбург;TU 001 000 00 00;Уничтожение_Проверка ТУ без вскрытия;;;Регистрация;ТУ;29,1;AUTO
ОСЦ Воронеж;Архив №3 Калининград;TU 001 000 00 00;Уничтожение_Проверка ТУ без вскрытия;;;Регистрация;ТУ;30,667;AUTO
ОСЦ Москва;Архив №1 Томилино;TU 001 000 00 00;Уничтожение_Проверка ТУ без вскрытия;;;Регистрация;ТУ;23,067;AUTO
ОСЦ Самара;Архив №1 Самара;TU 001 000 00 00;Уничтожение_Проверка ТУ без вскрытия;;;Регистрация;ТУ;31,45;AUTO
ОСЦ Воронеж;Архив №1 Воронеж;TU 001 000 00 00;Уничтожение_Проверка ТУ без вскрытия;;;Регистрация;ТУ;29,789;AUTO
ОСЦ Новосибирск;Архив №1 Новосибирск;TU 001 000 00 00;Уничтожение_Проверка ТУ без вскрытия;;;Регистрация;ТУ;27,333;AUTO
ОСЦ Нижний Новгород;Архив №1 Нижний Новгород;TU 002 000 00 00;Уничтожение_Проверка ТУ с вскрытием;;;Регистрация;ТУ;366,233;RUCH
ОСЦ Воронеж;Архив №4 Санкт-Петербург;TU 002 000 00 00;Уничтожение_Проверка ТУ с вскрытием;;;Регистрация;ТУ;442,478;RUCH
ОСЦ Новосибирск;Архив №3 Екатеринбург;TU 002 000 00 00;Уничтожение_Проверка ТУ с вскрытием;;;Регистрация;ТУ;443;RUCH
ОСЦ Воронеж;Архив №3 Калининград;TU 002 000 00 00;Уничтожение_Проверка ТУ с вскрытием;;;Регистрация;ТУ;371,4;RUCH
ОСЦ Москва;Архив №1 Томилино;TU 002 000 00 00;Уничтожение_Проверка ТУ с вскрытием;;;Регистрация;ТУ;404,6;RUCH
ОСЦ Самара;Архив №1 Самара;TU 002 000 00 00;Уничтожение_Проверка ТУ с вскрытием;;;Регистрация;ТУ;418,167;RUCH
ОСЦ Воронеж;Архив №1 Воронеж;TU 002 000 00 00;Уничтожение_Проверка ТУ с вскрытием;;;Регистрация;ТУ;419,633;RUCH
ОСЦ Новосибирск;Архив №1 Новосибирск;TU 002 000 00 00;Уничтожение_Проверка ТУ с вскрытием;;;Регистрация;ТУ;361,733;RUCH
ОСЦ Нижний Новгород;Архив №1 Нижний Новгород;RG 0001 004 01 01;Регистрация БП 04 (REG/Однолистный документ);;004;Регистрация;ШК;29,429;AUTO
ОСЦ Нижний Новгород;Архив №1 Нижний Новгород;RG 0001 004 02 01;Регистрация БП 04 (REG/Опись);;004;Регистрация;ШК;39,14;AUTO
ОСЦ Нижний Новгород;Архив №1 Нижний Новгород;RG 0001 004 01 02;Регистрация БП 04 (VSP/Однолистный документ);ВСП;004;Регистрация;ШК;14,474;AUTO
ОСЦ Нижний Новгород;Архив №1 Нижний Новгород;RG 0001 004 02 02;Регистрация БП 04 (VSP/Опись);ВСП;004;Регистрация;ШК;32,152;AUTO
ОСЦ Нижний Новгород;Архив №1 Нижний Новгород;RG 0001 004 01 03;Регистрация БП 04 (VRUK/Однолистный документ);ВРУК;004;Регистрация;ШК;85,567;AUTO
ОСЦ Нижний Новгород;Архив №1 Нижний Новгород;RG 0001 004 02 03;Регистрация БП 04 (VRUK/Опись);ВРУК;004;Регистрация;ШК;103,6;AUTO
ОСЦ Нижний Новгород;Архив №1 Нижний Новгород;RG 0001 004 11 01;Регистрация БП 04_авто (REG/Однолистный документ);;004;Регистрация;ШК;41;AUTO
ОСЦ Нижний Новгород;Архив №1 Нижний Новгород;RG 0001 004 12 01;Регистрация БП 04_авто (REG/Опись);;004;Регистрация;ШК;78;AUTO
ОСЦ Нижний Новгород;Архив №1 Нижний Новгород;RG 0001 004 11 02;Регистрация БП 04_авто (VSP/Однолистный документ);ВСП;004;Регистрация;ШК;14,6;AUTO
ОСЦ Нижний Новгород;Архив №1 Нижний Новгород;RG 0001 004 12 02;Регистрация БП 04_авто (VSP/Опись);ВСП;004;Регистрация;ШК;66,214;AUTO
ОСЦ Воронеж;Архив №4 Санкт-Петербург;RG 0001 004 01 01;Регистрация БП 04 (REG/Однолистный документ);;004;Регистрация;ШК;30,733;AUTO
ОСЦ Воронеж;Архив №4 Санкт-Петербург;RG 0001 004 02 01;Регистрация БП 04 (REG/Опись);;004;Регистрация;ШК;44,871;AUTO
ОСЦ Воронеж;Архив №4 Санкт-Петербург;RG 0001 004 01 02;Регистрация БП 04 (VSP/Однолистный документ);ВСП;004;Регистрация;ШК;15,7;AUTO
ОСЦ Воронеж;Архив №4 Санкт-Петербург;RG 0001 004 02 02;Регистрация БП 04 (VSP/Опись);ВСП;004;Регистрация;ШК;33,389;AUTO
ОСЦ Воронеж;Архив №4 Санкт-Петербург;RG 0001 004 01 03;Регистрация БП 04 (VRUK/Однолистный документ);ВРУК;004;Регистрация;ШК;87,067;AUTO
ОСЦ Воронеж;Архив №4 Санкт-Петербург;RG 0001 004 02 03;Регистрация БП 04 (VRUK/Опись);ВРУК;004;Регистрация;ШК;102,3;AUTO
ОСЦ Воронеж;Архив №4 Санкт-Петербург;RG 0001 004 11 01;Регистрация БП 04_авто (REG/Однолистный документ);;004;Регистрация;ШК;51,516;AUTO
ОСЦ Воронеж;Архив №4 Санкт-Петербург;RG 0001 004 12 01;Регистрация БП 04_авто (REG/Опись);;004;Регистрация;ШК;79,583;AUTO
ОСЦ Воронеж;Архив №4 Санкт-Петербург;RG 0001 004 11 02;Регистрация БП 04_авто (VSP/Однолистный документ);ВСП;004;Регистрация;ШК;17,153;AUTO
ОСЦ Воронеж;Архив №4 Санкт-Петербург;RG 0001 004 12 02;Регистрация БП 04_авто (VSP/Опись);ВСП;004;Регистрация;ШК;69,472;AUTO
ОСЦ Новосибирск;Архив №3 Екатеринбург;RG 0001 004 01 01;Регистрация БП 04 (REG/Однолистный документ);;004;Регистрация;ШК;33,68;AUTO
ОСЦ Новосибирск;Архив №3 Екатеринбург;RG 0001 004 02 01;Регистрация БП 04 (REG/Опись);;004;Регистрация;ШК;43,84;AUTO
ОСЦ Новосибирск;Архив №3 Екатеринбург;RG 0001 004 01 02;Регистрация БП 04 (VSP/Однолистный документ);ВСП;004;Регистрация;ШК;15,485;AUTO
ОСЦ Новосибирск;Архив №3 Екатеринбург;RG 0001 004 02 02;Регистрация БП 04 (VSP/Опись);ВСП;004;Регистрация;ШК;34,13;AUTO
ОСЦ Новосибирск;Архив №3 Екатеринбург;RG 0001 004 01 03;Регистрация БП 04 (VRUK/Однолистный документ);ВРУК;004;Регистрация;ШК;85;AUTO
ОСЦ Новосибирск;Архив №3 Екатеринбург;RG 0001 004 02 03;Регистрация БП 04 (VRUK/Опись);ВРУК;004;Регистрация;ШК;105;AUTO
ОСЦ Новосибирск;Архив №3 Екатеринбург;RG 0001 004 11 01;Регистрация БП 04_авто (REG/Однолистный документ);;004;Регистрация;ШК;51,452;AUTO
ОСЦ Новосибирск;Архив №3 Екатеринбург;RG 0001 004 12 01;Регистрация БП 04_авто (REG/Опись);;004;Регистрация;ШК;82,914;AUTO
ОСЦ Новосибирск;Архив №3 Екатеринбург;RG 0001 004 11 02;Регистрация БП 04_авто (VSP/Однолистный документ);ВСП;004;Регистрация;ШК;16,193;AUTO
ОСЦ Новосибирск;Архив №3 Екатеринбург;RG 0001 004 12 02;Регистрация БП 04_авто (VSP/Опись);ВСП;004;Регистрация;ШК;65,786;AUTO
ОСЦ Воронеж;Архив №3 Калининград;RG 0001 004 01 01;Регистрация БП 04 (REG/Однолистный документ);;004;Регистрация;ШК;31,967;AUTO
ОСЦ Воронеж;Архив №3 Калининград;RG 0001 004 02 01;Регистрация БП 04 (REG/Опись);;004;Регистрация;ШК;40,7;AUTO
ОСЦ Воронеж;Архив №3 Калининград;RG 0001 004 01 03;Регистрация БП 04 (VRUK/Однолистный документ);ВРУК;004;Регистрация;ШК;85,067;AUTO
ОСЦ Воронеж;Архив №3 Калининград;RG 0001 004 02 03;Регистрация БП 04 (VRUK/Опись);ВРУК;004;Регистрация;ШК;102,933;AUTO
ОСЦ Воронеж;Архив №3 Калининград;RG 0001 004 01 02;Регистрация БП 04 (VSP/Однолистный документ);ВСП;004;Регистрация;ШК;14,733;AUTO
ОСЦ Воронеж;Архив №3 Калининград;RG 0001 004 02 02;Регистрация БП 04 (VSP/Опись);ВСП;004;Регистрация;ШК;32,933;AUTO
ОСЦ Воронеж;Архив №3 Калининград;RG 0001 004 11 01;Регистрация БП 04_авто (REG/Однолистный документ);;004;Регистрация;ШК;50,967;AUTO
ОСЦ Воронеж;Архив №3 Калининград;RG 0001 004 12 01;Регистрация БП 04_авто (REG/Опись);;004;Регистрация;ШК;70,3;AUTO
ОСЦ Воронеж;Архив №3 Калининград;RG 0001 004 11 02;Регистрация БП 04_авто (VSP/Однолистный документ);ВСП;004;Регистрация;ШК;15,267;AUTO
ОСЦ Воронеж;Архив №3 Калининград;RG 0001 004 12 02;Регистрация БП 04_авто (VSP/Опись);ВСП;004;Регистрация;ШК;66,867;AUTO
ОСЦ Москва;Архив №1 Томилино;RG 0001 004 01 01;Регистрация БП 04 (REG/Однолистный документ);;004;Регистрация;ШК;31,613;AUTO
ОСЦ Москва;Архив №1 Томилино;RG 0001 004 02 01;Регистрация БП 04 (REG/Опись);;004;Регистрация;ШК;39,226;AUTO
ОСЦ Москва;Архив №1 Томилино;RG 0001 004 01 02;Регистрация БП 04 (VSP/Однолистный документ);ВСП;004;Регистрация;ШК;14,385;AUTO
ОСЦ Москва;Архив №1 Томилино;RG 0001 004 02 02;Регистрация БП 04 (VSP/Опись);ВСП;004;Регистрация;ШК;32,641;AUTO
ОСЦ Москва;Архив №1 Томилино;RG 0001 004 01 03;Регистрация БП 04 (VRUK/Однолистный документ);ВРУК;004;Регистрация;ШК;85,313;AUTO
ОСЦ Москва;Архив №1 Томилино;RG 0001 004 02 03;Регистрация БП 04 (VRUK/Опись);ВРУК;004;Регистрация;ШК;102,594;AUTO
ОСЦ Москва;Архив №1 Томилино;RG 0001 004 11 01;Регистрация БП 04_авто (REG/Однолистный документ);;004;Регистрация;ШК;51,516;AUTO
ОСЦ Москва;Архив №1 Томилино;RG 0001 004 12 01;Регистрация БП 04_авто (REG/Опись);;004;Регистрация;ШК;81,4;AUTO
ОСЦ Москва;Архив №1 Томилино;RG 0001 004 11 02;Регистрация БП 04_авто (VSP/Однолистный документ);ВСП;004;Регистрация;ШК;16,7;AUTO
ОСЦ Москва;Архив №1 Томилино;RG 0001 004 12 02;Регистрация БП 04_авто (VSP/Опись);ВСП;004;Регистрация;ШК;64,867;AUTO
ОСЦ Самара;Архив №1 Самара;RG 0001 004 01 01;Регистрация БП 04 (REG/Однолистный документ);;004;Регистрация;ШК;30,09;AUTO
ОСЦ Самара;Архив №1 Самара;RG 0001 004 02 01;Регистрация БП 04 (REG/Опись);;004;Регистрация;ШК;41,813;AUTO
ОСЦ Самара;Архив №1 Самара;RG 0001 004 01 02;Регистрация БП 04 (VSP/Однолистный документ);ВСП;004;Регистрация;ШК;15,524;AUTO
ОСЦ Самара;Архив №1 Самара;RG 0001 004 02 02;Регистрация БП 04 (VSP/Опись);ВСП;004;Регистрация;ШК;30,343;AUTO
ОСЦ Самара;Архив №1 Самара;RG 0001 004 01 03;Регистрация БП 04 (VRUK/Однолистный документ);ВРУК;004;Регистрация;ШК;86,784;AUTO
ОСЦ Самара;Архив №1 Самара;RG 0001 004 02 03;Регистрация БП 04 (VRUK/Опись);ВРУК;004;Регистрация;ШК;99,233;AUTO
ОСЦ Самара;Архив №1 Самара;RG 0001 004 11 01;Регистрация БП 04_авто (REG/Однолистный документ);;004;Регистрация;ШК;41,333;AUTO
ОСЦ Самара;Архив №1 Самара;RG 0001 004 12 01;Регистрация БП 04_авто (REG/Опись);;004;Регистрация;ШК;71,233;AUTO
ОСЦ Самара;Архив №1 Самара;RG 0001 004 11 02;Регистрация БП 04_авто (VSP/Однолистный документ);ВСП;004;Регистрация;ШК;15,967;AUTO
ОСЦ Самара;Архив №1 Самара;RG 0001 004 12 02;Регистрация БП 04_авто (VSP/Опись);ВСП;004;Регистрация;ШК;63,117;AUTO
ОСЦ Воронеж;Архив №1 Воронеж;RG 0001 004 01 01;Регистрация БП 04 (REG/Однолистный документ);;004;Регистрация;ШК;31;AUTO
ОСЦ Воронеж;Архив №1 Воронеж;RG 0001 004 02 01;Регистрация БП 04 (REG/Опись);;004;Регистрация;ШК;38,188;AUTO
ОСЦ Воронеж;Архив №1 Воронеж;RG 0001 004 01 02;Регистрация БП 04 (VSP/Однолистный документ);ВСП;004;Регистрация;ШК;14,35;AUTO
ОСЦ Воронеж;Архив №1 Воронеж;RG 0001 004 02 02;Регистрация БП 04 (VSP/Опись);ВСП;004;Регистрация;ШК;32,014;AUTO
ОСЦ Воронеж;Архив №1 Воронеж;RG 0001 004 01 03;Регистрация БП 04 (VRUK/Однолистный документ);ВРУК;004;Регистрация;ШК;85,067;AUTO
ОСЦ Воронеж;Архив №1 Воронеж;RG 0001 004 02 03;Регистрация БП 04 (VRUK/Опись);ВРУК;004;Регистрация;ШК;95;AUTO
ОСЦ Воронеж;Архив №1 Воронеж;RG 0001 004 11 01;Регистрация БП 04_авто (REG/Однолистный документ);;004;Регистрация;ШК;43,727;AUTO
ОСЦ Воронеж;Архив №1 Воронеж;RG 0001 004 12 01;Регистрация БП 04_авто (REG/Опись);;004;Регистрация;ШК;70,952;AUTO
ОСЦ Воронеж;Архив №1 Воронеж;RG 0001 004 11 02;Регистрация БП 04_авто (VSP/Однолистный документ);ВСП;004;Регистрация;ШК;14,4;AUTO
ОСЦ Воронеж;Архив №1 Воронеж;RG 0001 004 12 02;Регистрация БП 04_авто (VSP/Опись);ВСП;004;Регистрация;ШК;65,087;AUTO
ОСЦ Новосибирск;Архив №1 Новосибирск;RG 0001 004 01 01;Регистрация БП 04 (REG/Однолистный документ);;004;Регистрация;ШК;32,067;AUTO
ОСЦ Новосибирск;Архив №1 Новосибирск;RG 0001 004 02 01;Регистрация БП 04 (REG/Опись);;004;Регистрация;ШК;45,667;AUTO
ОСЦ Новосибирск;Архив №1 Новосибирск;RG 0001 004 01 02;Регистрация БП 04 (VSP/Однолистный документ);ВСП;004;Регистрация;ШК;15,267;AUTO
ОСЦ Новосибирск;Архив №1 Новосибирск;RG 0001 004 02 02;Регистрация БП 04 (VSP/Опись);ВСП;004;Регистрация;ШК;31,8;AUTO
ОСЦ Новосибирск;Архив №1 Новосибирск;RG 0001 004 01 03;Регистрация БП 04 (VRUK/Однолистный документ);ВРУК;004;Регистрация;ШК;77,567;AUTO
ОСЦ Новосибирск;Архив №1 Новосибирск;RG 0001 004 02 03;Регистрация БП 04 (VRUK/Опись);ВРУК;004;Регистрация;ШК;93,267;AUTO
ОСЦ Новосибирск;Архив №1 Новосибирск;RG 0001 004 11 01;Регистрация БП 04_авто (REG/Однолистный документ);;004;Регистрация;ШК;47,4;AUTO
ОСЦ Новосибирск;Архив №1 Новосибирск;RG 0001 004 12 01;Регистрация БП 04_авто (REG/Опись);;004;Регистрация;ШК;70,4;AUTO
ОСЦ Новосибирск;Архив №1 Новосибирск;RG 0001 004 11 02;Регистрация БП 04_авто (VSP/Однолистный документ);ВСП;004;Регистрация;ШК;15,333;AUTO
ОСЦ Новосибирск;Архив №1 Новосибирск;RG 0001 004 12 02;Регистрация БП 04_авто (VSP/Опись);ВСП;004;Регистрация;ШК;66,2;AUTO
ОСЦ Воронеж;Архив №1 Воронеж;PD 005 000 02 00;Подбор продуктовых документов на уничтожение по актам по страховой документации (Мезонин);;;Логистика;Документ;32,076;AUTO
ОСЦ Новосибирск;Архив №3 Екатеринбург;PD 005 000 02 00;Подбор продуктовых документов на уничтожение по актам по страховой документации (Мезонин);;;Логистика;Документ;31,475;AUTO
ОСЦ Самара;Архив №1 Самара;PD 005 000 01 00;Подбор продуктовых документов на уничтожение по актам по страховой документации (АЛЦ);;;Логистика;Документ;14,045;AUTO
ОСЦ Воронеж;Архив №3 Калининград;PD 005 000 02 00;Подбор продуктовых документов на уничтожение по актам по страховой документации (Мезонин);;;Логистика;Документ;31,612;AUTO
ОСЦ Нижний Новгород;Архив №1 Нижний Новгород;PD 003 000 01 00;Подбор Сшивов на уничтожение по актам (АЛЦ);;;Логистика;Документ;13,5;AUTO
ОСЦ Нижний Новгород;Архив №1 Нижний Новгород;PD 005 000 01 00;Подбор продуктовых документов на уничтожение по актам по страховой документации (АЛЦ);;;Логистика;Документ;13;AUTO
ОСЦ Самара;Архив №1 Самара;PD 003 000 03 00;Подбор Сшивов на уничтожение по актам (ОСГ);;;Логистика;Документ;16,746;AUTO
ОСЦ Воронеж;Архив №3 Калининград;PD 003 000 02 00;Подбор Сшивов на уничтожение по актам (Мезонин);;;Логистика;Документ;19,777;AUTO
ОСЦ Москва;Архив №1 Томилино;VN 0178 000 00 00;Возврат неучтенных документов в СКД;;;Логистика;Документ;39,964;AUTO
ОСЦ Москва;Архив №1 Томилино;NP 001 000 00 00;Формирование Акт о неисправимых повреждениях по форме Приложения 17;;;Логистика;Минута;60;RUCH
ОСЦ Воронеж;Архив №1 Воронеж;VN 0178 000 00 00;Возврат неучтенных документов в СКД;;;Логистика;Документ;39,48;AUTO
ОСЦ Воронеж;Архив №1 Воронеж;NP 001 000 00 00;Формирование Акт о неисправимых повреждениях по форме Приложения 17;;;Логистика;Минута;60;RUCH
ОСЦ Новосибирск;Архив №1 Новосибирск;VN 0178 000 00 00;Возврат неучтенных документов в СКД;;;Логистика;Документ;39,574;AUTO
ОСЦ Новосибирск;Архив №1 Новосибирск;NP 001 000 00 00;Формирование Акт о неисправимых повреждениях по форме Приложения 17;;;Логистика;Минута;60;RUCH
ОСЦ Нижний Новгород;Архив №1 Нижний Новгород;VN 0178 000 00 00;Возврат неучтенных документов в СКД;;;Логистика;Документ;38,012;AUTO
ОСЦ Нижний Новгород;Архив №1 Нижний Новгород;NP 001 000 00 00;Формирование Акт о неисправимых повреждениях по форме Приложения 17;;;Логистика;Минута;60;RUCH
ОСЦ Самара;Архив №1 Самара;VN 0178 000 00 00;Возврат неучтенных документов в СКД;;;Логистика;Документ;39,785;AUTO
ОСЦ Самара;Архив №1 Самара;NP 001 000 00 00;Формирование Акт о неисправимых повреждениях по форме Приложения 17;;;Логистика;Минута;60;RUCH
ОСЦ Воронеж;Архив №4 Санкт-Петербург;VN 0178 000 00 00;Возврат неучтенных документов в СКД;;;Логистика;Документ;38,964;AUTO
ОСЦ Воронеж;Архив №4 Санкт-Петербург;NP 001 000 00 00;Формирование Акт о неисправимых повреждениях по форме Приложения 17;;;Логистика;Минута;60;RUCH
ОСЦ Новосибирск;Архив №3 Екатеринбург;VN 0178 000 00 00;Возврат неучтенных документов в СКД;;;Логистика;Документ;39,824;AUTO
ОСЦ Новосибирск;Архив №3 Екатеринбург;NP 001 000 00 00;Формирование Акт о неисправимых повреждениях по форме Приложения 17;;;Логистика;Минута;60;RUCH
ОСЦ Воронеж;Архив №3 Калининград;VN 0178 000 00 00;Возврат неучтенных документов в СКД;;;Логистика;Документ;39,333;AUTO
ОСЦ Воронеж;Архив №3 Калининград;NP 001 000 00 00;Формирование Акт о неисправимых повреждениях по форме Приложения 17;;;Логистика;Минута;60;RUCH
