Ф.И.О. сотрудника;Идентификатор Подразделения 1 уровня;Подразделение 1 уровня;Идентификатор Подразделения 2 уровня;Подразделение 2 уровня;Идентификатор Подразделения 3 уровня;Подразделение 3 уровня;Идентификатор Подразделения 4 уровня;Подразделение 4 уровня;Идентификатор подразделения 5 уровня;Подразделение 5 уровня;Идентификатор подразделения 6 уровня;Подразделение 6 уровня;Идентификатор Должности;Должность;Сегмент;Подсегмент;Разряд ШД;Ставка сотрудника;Уход за ребенком;Населенный пункт
89f42331-84fe-479f-84ac-ddea564313bd;10110907;Подразделения центрального подчинения;10214918;Дирекция сервисных центров;10216466;"Объединенный сервисный центр ""Нижний Новгород""";10217087;"Сервисный центр ""Архив"" (на правах отдела)";;;;;35790169;Начальник центра;Первая линия;Бэк;12-А-А;1,00;;Нижний Новгород
12b1a5db-22d5-4a04-a2b5-b3ea2a9564d4;10110907;Подразделения центрального подчинения;10214918;Дирекция сервисных центров;10216466;"Объединенный сервисный центр ""Нижний Новгород""";10217087;"Сервисный центр ""Архив"" (на правах отдела)";;;;;35790170;Заместитель начальника центра;Первая линия;Мидл;10-А-А;1,00;;Нижний Новгород
417c25da-30f6-4d23-b781-9fd5b0ac92ea;10110907;Подразделения центрального подчинения;10214918;Дирекция сервисных центров;10216466;"Объединенный сервисный центр ""Нижний Новгород""";10217087;"Сервисный центр ""Архив"" (на правах отдела)";;;;;35223681;Менеджер;Первая линия;Бэк;9-А-А;1,00;;Нижний Новгород
5984f7f2-d9fa-48c9-9549-4ad2f338e8de;10110907;Подразделения центрального подчинения;10214918;Дирекция сервисных центров;10216466;"Объединенный сервисный центр ""Нижний Новгород""";10217087;"Сервисный центр ""Архив"" (на правах отдела)";;;;;35790171;Менеджер;Первая линия;Бэк;9-А-А;1,00;;Нижний Новгород
3b2f7110-4f06-49c0-b8e4-ead165653a56;10110907;Подразделения центрального подчинения;10214918;Дирекция сервисных центров;10216466;"Объединенный сервисный центр ""Нижний Новгород""";10217087;"Сервисный центр ""Архив"" (на правах отдела)";;;;;35532786;Менеджер поддержки архивного сервиса;Первая линия;Бэк;9-А-А;1,00;;Нижний Новгород
57fd92d2-3026-40ce-a025-fcf71d342dbf;10110907;Подразделения центрального подчинения;10214918;Дирекция сервисных центров;10216466;"Объединенный сервисный центр ""Нижний Новгород""";10217087;"Сервисный центр ""Архив"" (на правах отдела)";;;;;35016930;Главный специалист;Первая линия;Бэк;8-А-А;1,00;;Нижний Новгород
c1ea6fc7-5fda-4626-8608-db27cd7fea8f;10110907;Подразделения центрального подчинения;10214918;Дирекция сервисных центров;10216466;"Объединенный сервисный центр ""Нижний Новгород""";10217087;"Сервисный центр ""Архив"" (на правах отдела)";;;;;34598317;Главный специалист;Первая линия;Бэк;7-А-А;1,00;;Нижний Новгород
c8b0f0c2-786b-4b91-a334-3acf4e10a025;10110907;Подразделения центрального подчинения;10214918;Дирекция сервисных центров;10216466;"Объединенный сервисный центр ""Нижний Новгород""";10217087;"Сервисный центр ""Архив"" (на правах отдела)";;;;;35144532;Главный специалист;Первая линия;Бэк;7-А-А;1,00;;Нижний Новгород
079bf802-aec1-444e-97fe-ea3218eecca0;10110907;Подразделения центрального подчинения;10214918;Дирекция сервисных центров;10216466;"Объединенный сервисный центр ""Нижний Новгород""";10217087;"Сервисный центр ""Архив"" (на правах отдела)";;;;;35223682;Главный специалист;Первая линия;Бэк;7-А-А;1,00;;Нижний Новгород
8d63dbe2-90fe-49b9-b502-514764bdde38;10110907;Подразделения центрального подчинения;10214918;Дирекция сервисных центров;10216466;"Объединенный сервисный центр ""Нижний Новгород""";10217087;"Сервисный центр ""Архив"" (на правах отдела)";;;;;35223683;Главный специалист;Первая линия;Бэк;7-А-А;1,00;;Нижний Новгород
bc831a0d-1b95-43e2-8b05-129e1e1eec1b;10110907;Подразделения центрального подчинения;10214918;Дирекция сервисных центров;10216466;"Объединенный сервисный центр ""Нижний Новгород""";10217087;"Сервисный центр ""Архив"" (на правах отдела)";;;;;35532781;Главный специалист;Первая линия;Бэк;7-А-А;1,00;;Нижний Новгород
9f72852f-0a48-4c21-8205-9c2b394638df;10110907;Подразделения центрального подчинения;10214918;Дирекция сервисных центров;10216466;"Объединенный сервисный центр ""Нижний Новгород""";10217087;"Сервисный центр ""Архив"" (на правах отдела)";;;;;35532782;Главный специалист;Первая линия;Бэк;7-А-А;1,00;;Нижний Новгород
ff537e38-349e-42d8-946e-d6fa886c69b2;10110907;Подразделения центрального подчинения;10214918;Дирекция сервисных центров;10216466;"Объединенный сервисный центр ""Нижний Новгород""";10217087;"Сервисный центр ""Архив"" (на правах отдела)";;;;;35532783;Главный специалист;Первая линия;Бэк;7-А-А;1,00;;Нижний Новгород
0bbd35aa-5ac5-47c8-9110-267d71674973;10110907;Подразделения центрального подчинения;10214918;Дирекция сервисных центров;10216466;"Объединенный сервисный центр ""Нижний Новгород""";10217087;"Сервисный центр ""Архив"" (на правах отдела)";;;;;35532784;Главный специалист;Первая линия;Бэк;7-А-А;1,00;;Нижний Новгород
55320255-89d0-4c64-b19e-cd8708696f45;10110907;Подразделения центрального подчинения;10214918;Дирекция сервисных центров;10216466;"Объединенный сервисный центр ""Нижний Новгород""";10217087;"Сервисный центр ""Архив"" (на правах отдела)";;;;;35532785;Главный специалист;Первая линия;Бэк;7-А-А;1,00;;Нижний Новгород
71dce2af-0ce2-4f43-8a5a-32fa99140681;10110907;Подразделения центрального подчинения;10214918;Дирекция сервисных центров;10216466;"Объединенный сервисный центр ""Нижний Новгород""";10217087;"Сервисный центр ""Архив"" (на правах отдела)";;;;;34658725;Ведущий специалист;Первая линия;Бэк;5-А-А;1,00;;Нижний Новгород
70f58ded-9bf6-4510-8380-ce5ff720f460;10110907;Подразделения центрального подчинения;10214918;Дирекция сервисных центров;10216466;"Объединенный сервисный центр ""Нижний Новгород""";10217087;"Сервисный центр ""Архив"" (на правах отдела)";10217088;Сектор комплектования документов;;;34453451;Начальник сектора;Первая линия;Мидл;8-А-А;1,00;;Нижний Новгород
0a82729d-d4a4-4972-9c94-c045de1ba8ef;10110907;Подразделения центрального подчинения;10214918;Дирекция сервисных центров;10216466;"Объединенный сервисный центр ""Нижний Новгород""";10217087;"Сервисный центр ""Архив"" (на правах отдела)";10217088;Сектор комплектования документов;;;34453452;Главный специалист;Первая линия;Бэк;7-А-А;1,00;;Нижний Новгород
28154a7a-3596-4e79-8ce3-27d3be2a9492;10110907;Подразделения центрального подчинения;10214918;Дирекция сервисных центров;10216466;"Объединенный сервисный центр ""Нижний Новгород""";10217087;"Сервисный центр ""Архив"" (на правах отдела)";10217088;Сектор комплектования документов;;;34454273;Главный специалист;Первая линия;Бэк;7-А-А;1,00;;Нижний Новгород
1ce67b78-9985-4ef0-bdbe-914dc390ed6f;10110907;Подразделения центрального подчинения;10214918;Дирекция сервисных центров;10216466;"Объединенный сервисный центр ""Нижний Новгород""";10217087;"Сервисный центр ""Архив"" (на правах отдела)";10217088;Сектор комплектования документов;;;34556968;Главный специалист;Первая линия;Бэк;7-А-А;1,00;;Нижний Новгород
387315f2-33bb-4d60-bd2b-5c93d82242fc;10110907;Подразделения центрального подчинения;10214918;Дирекция сервисных центров;10216466;"Объединенный сервисный центр ""Нижний Новгород""";10217087;"Сервисный центр ""Архив"" (на правах отдела)";10217088;Сектор комплектования документов;;;35144527;Главный специалист;Первая линия;Бэк;7-А-А;1,00;;Нижний Новгород
ef7758e0-6bde-4ab8-8ebb-fa51c6fd6d1d;10110907;Подразделения центрального подчинения;10214918;Дирекция сервисных центров;10216466;"Объединенный сервисный центр ""Нижний Новгород""";10217087;"Сервисный центр ""Архив"" (на правах отдела)";10217088;Сектор комплектования документов;;;35144529;Главный специалист;Первая линия;Бэк;7-А-А;1,00;;Нижний Новгород
0231407f-7195-43e1-a055-16097c113c68;10110907;Подразделения центрального подчинения;10214918;Дирекция сервисных центров;10216466;"Объединенный сервисный центр ""Нижний Новгород""";10217087;"Сервисный центр ""Архив"" (на правах отдела)";10217088;Сектор комплектования документов;;;34453651;Ведущий специалист;Первая линия;Бэк;5-А-А;1,00;;Нижний Новгород
b919ba7a-9d13-4f7a-951b-26cc61840712;10110907;Подразделения центрального подчинения;10214918;Дирекция сервисных центров;10216466;"Объединенный сервисный центр ""Нижний Новгород""";10217087;"Сервисный центр ""Архив"" (на правах отдела)";10217088;Сектор комплектования документов;;;34453660;Ведущий специалист;Первая линия;Бэк;5-А-А;1,00;;Нижний Новгород
ee86a3a2-4bec-480c-b505-f65efa3e4102;10110907;Подразделения центрального подчинения;10214918;Дирекция сервисных центров;10216466;"Объединенный сервисный центр ""Нижний Новгород""";10217087;"Сервисный центр ""Архив"" (на правах отдела)";10217088;Сектор комплектования документов;;;34658726;Ведущий специалист;Первая линия;Бэк;5-А-А;0,00;в отпуске по уходу за ребенком по 18.08.2026;Нижний Новгород
91c41375-1a78-455d-8d05-9feb60021639;10110907;Подразделения центрального подчинения;10214918;Дирекция сервисных центров;10216466;"Объединенный сервисный центр ""Нижний Новгород""";10217087;"Сервисный центр ""Архив"" (на правах отдела)";10217088;Сектор комплектования документов;;;34658726;Ведущий специалист;Первая линия;Бэк;5-А-А;0,00;в отпуске по уходу за ребенком по 01.06.2027;Нижний Новгород
ba066056-c2ef-4602-a346-719610226b6a;10110907;Подразделения центрального подчинения;10214918;Дирекция сервисных центров;10216466;"Объединенный сервисный центр ""Нижний Новгород""";10217087;"Сервисный центр ""Архив"" (на правах отдела)";10217088;Сектор комплектования документов;;;34658726;Ведущий специалист;Первая линия;Бэк;5-А-А;1,00;;Нижний Новгород
5c81ecf0-79ca-413c-823b-afe0bef2e652;10110907;Подразделения центрального подчинения;10214918;Дирекция сервисных центров;10216466;"Объединенный сервисный центр ""Нижний Новгород""";10217087;"Сервисный центр ""Архив"" (на правах отдела)";10217088;Сектор комплектования документов;;;34822806;Ведущий специалист;Первая линия;Бэк;5-А-А;1,00;;Нижний Новгород
96e3290c-596a-4fd9-9717-2a0b00356cf3;10110907;Подразделения центрального подчинения;10214918;Дирекция сервисных центров;10216466;"Объединенный сервисный центр ""Нижний Новгород""";10217087;"Сервисный центр ""Архив"" (на правах отдела)";10217088;Сектор комплектования документов;;;35532707;Ведущий специалист;Первая линия;Бэк;5-А-А;1,00;;Нижний Новгород
6849a87f-068b-4bbf-9942-2cfe5c63ba1b;10110907;Подразделения центрального подчинения;10214918;Дирекция сервисных центров;10216466;"Объединенный сервисный центр ""Нижний Новгород""";10217087;"Сервисный центр ""Архив"" (на правах отдела)";10217088;Сектор комплектования документов;;;35532709;Ведущий специалист;Первая линия;Бэк;5-А-А;1,00;;Нижний Новгород
f2ab8dd0-6358-4a69-9b94-19c46d12e3f0;10110907;Подразделения центрального подчинения;10214918;Дирекция сервисных центров;10216466;"Объединенный сервисный центр ""Нижний Новгород""";10217087;"Сервисный центр ""Архив"" (на правах отдела)";10217088;Сектор комплектования документов;;;34453664;Старший специалист;Первая линия;Бэк;4-А-А;1,00;;Нижний Новгород
a0b1389d-a2a7-43da-84ff-14b07bd5e85d;10110907;Подразделения центрального подчинения;10214918;Дирекция сервисных центров;10216466;"Объединенный сервисный центр ""Нижний Новгород""";10217087;"Сервисный центр ""Архив"" (на правах отдела)";10217088;Сектор комплектования документов;;;34453826;Старший специалист;Первая линия;Бэк;4-А-А;1,00;;Нижний Новгород
156ddd94-13c1-4833-920a-367574a9dd20;10110907;Подразделения центрального подчинения;10214918;Дирекция сервисных центров;10216466;"Объединенный сервисный центр ""Нижний Новгород""";10217087;"Сервисный центр ""Архив"" (на правах отдела)";10217088;Сектор комплектования документов;;;34658732;Старший специалист;Первая линия;Бэк;4-А-А;1,00;;Нижний Новгород
91880610-cb92-49a3-8c8a-35a887a354dd;10110907;Подразделения центрального подчинения;10214918;Дирекция сервисных центров;10216466;"Объединенный сервисный центр ""Нижний Новгород""";10217087;"Сервисный центр ""Архив"" (на правах отдела)";10217088;Сектор комплектования документов;;;34658733;Старший специалист;Первая линия;Бэк;4-А-А;1,00;;Нижний Новгород
6736cad4-900c-4e60-ade0-e7b5a23e0ef5;10110907;Подразделения центрального подчинения;10214918;Дирекция сервисных центров;10216466;"Объединенный сервисный центр ""Нижний Новгород""";10217087;"Сервисный центр ""Архив"" (на правах отдела)";10217088;Сектор комплектования документов;;;34658733;Старший специалист;Первая линия;Бэк;4-А-А;0,00;в отпуске по уходу за ребенком по 13.05.2026;Нижний Новгород
04057212-7e30-4ec7-9e30-f3168fbf7d66;10110907;Подразделения центрального подчинения;10214918;Дирекция сервисных центров;10216466;"Объединенный сервисный центр ""Нижний Новгород""";10217087;"Сервисный центр ""Архив"" (на правах отдела)";10217090;Сектор использования документов;;;34453939;Начальник сектора;Первая линия;Мидл;8-А-А;1,00;;Нижний Новгород
9a28522d-ea58-4a3e-929e-22edcab87a90;10110907;Подразделения центрального подчинения;10214918;Дирекция сервисных центров;10216466;"Объединенный сервисный центр ""Нижний Новгород""";10217087;"Сервисный центр ""Архив"" (на правах отдела)";10217090;Сектор использования документов;;;34453940;Главный специалист;Первая линия;Бэк;7-А-А;1,00;;Нижний Новгород
54aae1e9-5b77-494b-a5b3-55ad3a9d9696;10110907;Подразделения центрального подчинения;10214918;Дирекция сервисных центров;10216466;"Объединенный сервисный центр ""Нижний Новгород""";10217087;"Сервисный центр ""Архив"" (на правах отдела)";10217090;Сектор использования документов;;;34453942;Главный специалист;Первая линия;Бэк;7-А-А;1,00;;Нижний Новгород
8ba5f5d5-bfd2-4138-abef-1f19fdde49e5;10110907;Подразделения центрального подчинения;10214918;Дирекция сервисных центров;10216466;"Объединенный сервисный центр ""Нижний Новгород""";10217087;"Сервисный центр ""Архив"" (на правах отдела)";10217090;Сектор использования документов;;;34454049;Главный специалист;Первая линия;Бэк;7-А-А;1,00;;Нижний Новгород
5ac41e5a-41ac-4dd4-9aeb-38a15efb16e5;10110907;Подразделения центрального подчинения;10214918;Дирекция сервисных центров;10216466;"Объединенный сервисный центр ""Нижний Новгород""";10217087;"Сервисный центр ""Архив"" (на правах отдела)";10217090;Сектор использования документов;;;34453948;Ведущий специалист;Первая линия;Бэк;5-А-А;1,00;;Нижний Новгород
f41ec2ad-a447-420c-8288-06f1c22fa789;10110907;Подразделения центрального подчинения;10214918;Дирекция сервисных центров;10216466;"Объединенный сервисный центр ""Нижний Новгород""";10217087;"Сервисный центр ""Архив"" (на правах отдела)";10217090;Сектор использования документов;;;34453949;Ведущий специалист;Первая линия;Бэк;5-А-А;1,00;;Нижний Новгород
1d1016d7-e9a0-4b13-adf1-803f8bf14097;10110907;Подразделения центрального подчинения;10214918;Дирекция сервисных центров;10216466;"Объединенный сервисный центр ""Нижний Новгород""";10217087;"Сервисный центр ""Архив"" (на правах отдела)";10217090;Сектор использования документов;;;34454027;Ведущий специалист;Первая линия;Бэк;5-А-А;1,00;;Нижний Новгород
398c133d-c9de-4eb8-8264-d9d14bed7c7f;10110907;Подразделения центрального подчинения;10214918;Дирекция сервисных центров;10216466;"Объединенный сервисный центр ""Нижний Новгород""";10217087;"Сервисный центр ""Архив"" (на правах отдела)";10217090;Сектор использования документов;;;34454031;Ведущий специалист;Первая линия;Бэк;5-А-А;1,00;;Нижний Новгород
ef9e5756-0025-4180-a7ab-713397298175;10110907;Подразделения центрального подчинения;10214918;Дирекция сервисных центров;10216466;"Объединенный сервисный центр ""Нижний Новгород""";10217087;"Сервисный центр ""Архив"" (на правах отдела)";10217090;Сектор использования документов;;;34658748;Ведущий специалист;Первая линия;Бэк;5-А-А;1,00;;Нижний Новгород
69b671dc-85b1-488b-9e0e-f3c1de735143;10110907;Подразделения центрального подчинения;10214918;Дирекция сервисных центров;10216466;"Объединенный сервисный центр ""Нижний Новгород""";10217087;"Сервисный центр ""Архив"" (на правах отдела)";10217090;Сектор использования документов;;;34658748;Ведущий специалист;Первая линия;Бэк;5-А-А;0,00;в отпуске по уходу за ребенком по 18.12.2026;Нижний Новгород
6746a2ca-6a40-488b-a51d-5a9c0106c7f7;10110907;Подразделения центрального подчинения;10214918;Дирекция сервисных центров;10216466;"Объединенный сервисный центр ""Нижний Новгород""";10217087;"Сервисный центр ""Архив"" (на правах отдела)";10217090;Сектор использования документов;;;35331271;Ведущий специалист;Первая линия;Бэк;5-А-А;1,00;;Нижний Новгород
bbd54834-2a66-45ef-a2b9-c64f31127271;10110907;Подразделения центрального подчинения;10214918;Дирекция сервисных центров;10216466;"Объединенный сервисный центр ""Нижний Новгород""";10217087;"Сервисный центр ""Архив"" (на правах отдела)";10217090;Сектор использования документов;;;35762752;Ведущий специалист;Первая линия;Бэк;5-А-А;1,00;;Нижний Новгород
38ffb3fa-89c1-4158-b5ec-0c0c4c4e8735;10110907;Подразделения центрального подчинения;10214918;Дирекция сервисных центров;10216466;"Объединенный сервисный центр ""Нижний Новгород""";10217087;"Сервисный центр ""Архив"" (на правах отдела)";10217090;Сектор использования документов;;;35790164;Ведущий специалист;Первая линия;Бэк;5-А-А;1,00;;Нижний Новгород
012a36b6-71f4-49c0-a0f6-7604ae230518;10110907;Подразделения центрального подчинения;10214918;Дирекция сервисных центров;10216466;"Объединенный сервисный центр ""Нижний Новгород""";10217087;"Сервисный центр ""Архив"" (на правах отдела)";10217090;Сектор использования документов;;;35790165;Ведущий специалист;Первая линия;Бэк;5-А-А;1,00;;Нижний Новгород
f9f57228-ea9e-48d3-a7cf-9627eab4eb07;10110907;Подразделения центрального подчинения;10214918;Дирекция сервисных центров;10216466;"Объединенный сервисный центр ""Нижний Новгород""";10217087;"Сервисный центр ""Архив"" (на правах отдела)";10217090;Сектор использования документов;;;35790166;Ведущий специалист;Первая линия;Бэк;5-А-А;1,00;;Нижний Новгород
70569c21-8751-49a3-9eb0-702ad0605937;10110907;Подразделения центрального подчинения;10214918;Дирекция сервисных центров;10216466;"Объединенный сервисный центр ""Нижний Новгород""";10217087;"Сервисный центр ""Архив"" (на правах отдела)";10217090;Сектор использования документов;;;35790167;Ведущий специалист;Первая линия;Бэк;5-А-А;1,00;;Нижний Новгород
421b5c3d-f2b9-4c26-b619-17129d0482bc;10110907;Подразделения центрального подчинения;10214918;Дирекция сервисных центров;10216466;"Объединенный сервисный центр ""Нижний Новгород""";10217087;"Сервисный центр ""Архив"" (на правах отдела)";10217090;Сектор использования документов;;;35790168;Ведущий специалист;Первая линия;Бэк;5-А-А;1,00;;Нижний Новгород
39c41bd4-ec0b-477d-9de3-ab0944ccebca;10110907;Подразделения центрального подчинения;10214918;Дирекция сервисных центров;10216466;"Объединенный сервисный центр ""Нижний Новгород""";10217087;"Сервисный центр ""Архив"" (на правах отдела)";10217090;Сектор использования документов;;;34454040;Старший специалист;Первая линия;Бэк;4-А-А;0,00;в отпуске по уходу за ребенком по 19.05.2026;Нижний Новгород
d63c39d5-10ee-4c46-8e71-4d422c4e5ac8;10110907;Подразделения центрального подчинения;10214918;Дирекция сервисных центров;10216466;"Объединенный сервисный центр ""Нижний Новгород""";10217087;"Сервисный центр ""Архив"" (на правах отдела)";10217090;Сектор использования документов;;;34454040;Старший специалист;Первая линия;Бэк;4-А-А;1,00;;Нижний Новгород
be60e553-ac47-409f-abff-179f42fe29e8;10110907;Подразделения центрального подчинения;10214918;Дирекция сервисных центров;10216466;"Объединенный сервисный центр ""Нижний Новгород""";10217087;"Сервисный центр ""Архив"" (на правах отдела)";10217090;Сектор использования документов;;;34658744;Старший специалист;Первая линия;Бэк;4-А-А;0,00;в отпуске по уходу за ребенком по 10.03.2026;Нижний Новгород
6f5b7754-c0d9-4cbc-a616-d1f5b49e0649;10110907;Подразделения центрального подчинения;10214918;Дирекция сервисных центров;10216466;"Объединенный сервисный центр ""Нижний Новгород""";10217087;"Сервисный центр ""Архив"" (на правах отдела)";10217090;Сектор использования документов;;;34658744;Старший специалист;Первая линия;Бэк;4-А-А;0,00;в отпуске по уходу за ребенком по 27.03.2027;Нижний Новгород
aaf14cad-f5f9-4a03-87e5-fe059bcfea28;10110907;Подразделения центрального подчинения;10214918;Дирекция сервисных центров;10216466;"Объединенный сервисный центр ""Нижний Новгород""";10217087;"Сервисный центр ""Архив"" (на правах отдела)";10217090;Сектор использования документов;;;34658744;Старший специалист;Первая линия;Бэк;4-А-А;1,00;;Нижний Новгород
0381d740-5c2a-4cb1-97ec-8d9c1ffdb050;10110907;Подразделения центрального подчинения;10214918;Дирекция сервисных центров;10216466;"Объединенный сервисный центр ""Нижний Новгород""";10217087;"Сервисный центр ""Архив"" (на правах отдела)";10346272;Сектор логистики и учета документов;;;35532710;Начальник сектора;Первая линия;Мидл;8-А-А;1,00;;Нижний Новгород
c8ce20b5-c0b2-4eea-ac60-a39ebe1cfeea;10110907;Подразделения центрального подчинения;10214918;Дирекция сервисных центров;10216466;"Объединенный сервисный центр ""Нижний Новгород""";10217087;"Сервисный центр ""Архив"" (на правах отдела)";10346272;Сектор логистики и учета документов;;;35532711;Главный специалист;Первая линия;Бэк;7-А-А;1,00;;Нижний Новгород
f5d8e557-477c-4612-b275-5cb9f0ee1c0b;10110907;Подразделения центрального подчинения;10214918;Дирекция сервисных центров;10216466;"Объединенный сервисный центр ""Нижний Новгород""";10217087;"Сервисный центр ""Архив"" (на правах отдела)";10346272;Сектор логистики и учета документов;;;35532712;Главный специалист;Первая линия;Бэк;7-А-А;1,00;;Нижний Новгород
7f115573-65af-4ac4-90bd-2548e81331d8;10110907;Подразделения центрального подчинения;10214918;Дирекция сервисных центров;10216466;"Объединенный сервисный центр ""Нижний Новгород""";10217087;"Сервисный центр ""Архив"" (на правах отдела)";10346272;Сектор логистики и учета документов;;;35532713;Главный специалист;Первая линия;Бэк;7-А-А;1,00;;Нижний Новгород
e3718aca-5030-4c4e-a5ce-6050d444ac79;10110907;Подразделения центрального подчинения;10214918;Дирекция сервисных центров;10216466;"Объединенный сервисный центр ""Нижний Новгород""";10217087;"Сервисный центр ""Архив"" (на правах отдела)";10346272;Сектор логистики и учета документов;;;35532714;Ведущий специалист;Первая линия;Бэк;5-А-А;1,00;;Нижний Новгород
58579b11-c558-4dca-9849-9b55a3b3198e;10110907;Подразделения центрального подчинения;10214918;Дирекция сервисных центров;10216466;"Объединенный сервисный центр ""Нижний Новгород""";10217087;"Сервисный центр ""Архив"" (на правах отдела)";10346272;Сектор логистики и учета документов;;;35532715;Ведущий специалист;Первая линия;Бэк;5-А-А;1,00;;Нижний Новгород
9bfc5e3f-6a28-4187-92c5-e44cbdae5209;10110907;Подразделения центрального подчинения;10214918;Дирекция сервисных центров;10216466;"Объединенный сервисный центр ""Нижний Новгород""";10217087;"Сервисный центр ""Архив"" (на правах отдела)";10346272;Сектор логистики и учета документов;;;35532716;Ведущий специалист;Первая линия;Бэк;5-А-А;1,00;;Нижний Новгород
9ed1810d-687f-4e3e-95a2-6a1e474bc735;10110907;Подразделения центрального подчинения;10214918;Дирекция сервисных центров;10216466;"Объединенный сервисный центр ""Нижний Новгород""";10217087;"Сервисный центр ""Архив"" (на правах отдела)";10346272;Сектор логистики и учета документов;;;35532717;Ведущий специалист;Первая линия;Бэк;5-А-А;1,00;;Нижний Новгород
99f3cd53-0bac-45ce-974f-a92c3c3a839a;10110907;Подразделения центрального подчинения;10214918;Дирекция сервисных центров;10216466;"Объединенный сервисный центр ""Нижний Новгород""";10217087;"Сервисный центр ""Архив"" (на правах отдела)";10346272;Сектор логистики и учета документов;;;35532719;Ведущий специалист;Первая линия;Бэк;5-А-А;1,00;;Нижний Новгород
f13c0307-f9ac-43fc-846e-36ee309c3019;10110907;Подразделения центрального подчинения;10214918;Дирекция сервисных центров;10216466;"Объединенный сервисный центр ""Нижний Новгород""";10217087;"Сервисный центр ""Архив"" (на правах отдела)";10346272;Сектор логистики и учета документов;;;35532720;Ведущий специалист;Первая линия;Бэк;5-А-А;1,00;;Нижний Новгород
4324ea15-2d70-4394-8c13-815639f53e66;10110907;Подразделения центрального подчинения;10214918;Дирекция сервисных центров;10216466;"Объединенный сервисный центр ""Нижний Новгород""";10217087;"Сервисный центр ""Архив"" (на правах отдела)";10346272;Сектор логистики и учета документов;;;35532721;Старший специалист;Первая линия;Бэк;4-А-А;1,00;;Нижний Новгород
34da1fc1-f933-4270-b3b8-1cbc8c50d993;10110907;Подразделения центрального подчинения;10214918;Дирекция сервисных центров;10216466;"Объединенный сервисный центр ""Нижний Новгород""";10217087;"Сервисный центр ""Архив"" (на правах отдела)";10346272;Сектор логистики и учета документов;;;35532722;Старший специалист;Первая линия;Бэк;4-А-А;1,00;;Нижний Новгород
27104038-c45e-455c-9f2a-1b44f342480b;10110907;Подразделения центрального подчинения;10214918;Дирекция сервисных центров;10216466;"Объединенный сервисный центр ""Нижний Новгород""";10217087;"Сервисный центр ""Архив"" (на правах отдела)";10346272;Сектор логистики и учета документов;;;35532723;Старший специалист;Первая линия;Бэк;4-А-А;1,00;;Нижний Новгород
dcf7c125-5e9d-49d9-9667-3f78dc540eaf;10110907;Подразделения центрального подчинения;10214918;Дирекция сервисных центров;10216466;"Объединенный сервисный центр ""Нижний Новгород""";10217087;"Сервисный центр ""Архив"" (на правах отдела)";10346272;Сектор логистики и учета документов;;;35532724;Старший специалист;Первая линия;Бэк;4-А-А;1,00;;Нижний Новгород
90651671-9f21-40fa-95ba-465da8fbf8e3;10110907;Подразделения центрального подчинения;10214918;Дирекция сервисных центров;10216466;"Объединенный сервисный центр ""Нижний Новгород""";10217087;"Сервисный центр ""Архив"" (на правах отдела)";10346272;Сектор логистики и учета документов;;;35532775;Старший специалист;Первая линия;Бэк;4-А-А;1,00;;Нижний Новгород
8d82977e-b458-4ff6-a426-ec074d7eca5e;10110907;Подразделения центрального подчинения;10214918;Дирекция сервисных центров;10216466;"Объединенный сервисный центр ""Нижний Новгород""";10217087;"Сервисный центр ""Архив"" (на правах отдела)";10346272;Сектор логистики и учета документов;;;35532776;Старший специалист;Первая линия;Бэк;4-А-А;1,00;;Нижний Новгород
8928debd-1fb4-4ac3-aa71-cae47883dbd0;10110907;Подразделения центрального подчинения;10214918;Дирекция сервисных центров;10216466;"Объединенный сервисный центр ""Нижний Новгород""";10217087;"Сервисный центр ""Архив"" (на правах отдела)";10346272;Сектор логистики и учета документов;;;35532777;Старший специалист;Первая линия;Бэк;4-А-А;1,00;;Нижний Новгород
6883629d-3178-41d3-b8ba-8c5e01e8d6a4;10110907;Подразделения центрального подчинения;10214918;Дирекция сервисных центров;10216466;"Объединенный сервисный центр ""Нижний Новгород""";10217087;"Сервисный центр ""Архив"" (на правах отдела)";10346272;Сектор логистики и учета документов;;;35532778;Старший специалист;Первая линия;Бэк;4-А-А;0,00;в отпуске по уходу за ребенком по 16.09.2026;Нижний Новгород
d2cc67d1-40fd-4046-bc62-e5bdb263e142;10110907;Подразделения центрального подчинения;10214918;Дирекция сервисных центров;10216466;"Объединенный сервисный центр ""Нижний Новгород""";10217087;"Сервисный центр ""Архив"" (на правах отдела)";10346272;Сектор логистики и учета документов;;;35532778;Старший специалист;Первая линия;Бэк;4-А-А;1,00;;Нижний Новгород
4669570d-ad20-4f54-8113-e54670493eb5;10110907;Подразделения центрального подчинения;10214918;Дирекция сервисных центров;10216466;"Объединенный сервисный центр ""Нижний Новгород""";10217087;"Сервисный центр ""Архив"" (на правах отдела)";10346272;Сектор логистики и учета документов;;;35532779;Старший специалист;Первая линия;Бэк;4-А-А;1,00;;Нижний Новгород
7ffa8754-ccfb-4b29-9fb4-b5aebc9d032d;10110907;Подразделения центрального подчинения;10214918;Дирекция сервисных центров;10229245;"Объединенный сервисный центр ""Москва""";10228181;"Сервисный центр ""Архив""";;;;;34506279;Начальник центра;Первая линия;Бэк;13-А-А;1,00;;Москва
74e528e4-3ba7-4c00-ac94-80e1f840362c;10110907;Подразделения центрального подчинения;10214918;Дирекция сервисных центров;10229245;"Объединенный сервисный центр ""Москва""";10228181;"Сервисный центр ""Архив""";;;;;35147395;Менеджер;Первая линия;Бэк;10-А-А;1,00;;Москва
215c5156-5d38-47b4-93e4-a49c0af6c16a;10110907;Подразделения центрального подчинения;10214918;Дирекция сервисных центров;10229245;"Объединенный сервисный центр ""Москва""";10228181;"Сервисный центр ""Архив""";;;;;35790160;Менеджер;Первая линия;Бэк;10-А-А;1,00;;Москва
3f4f8cd1-9cb2-4d52-a557-eb78b1ec319f;10110907;Подразделения центрального подчинения;10214918;Дирекция сервисных центров;10229245;"Объединенный сервисный центр ""Москва""";10228181;"Сервисный центр ""Архив""";;;;;35147396;Менеджер;Первая линия;Бэк;9-А-А;1,00;;Москва
12853386-ba6f-42cb-957e-f814b2d4becc;10110907;Подразделения центрального подчинения;10214918;Дирекция сервисных центров;10229245;"Объединенный сервисный центр ""Москва""";10228181;"Сервисный центр ""Архив""";;;;;35790161;Менеджер;Первая линия;Бэк;9-А-А;1,00;;Москва
9c0b9db6-cc16-4355-afe1-5aa2a3635c2f;10110907;Подразделения центрального подчинения;10214918;Дирекция сервисных центров;10229245;"Объединенный сервисный центр ""Москва""";10228181;"Сервисный центр ""Архив""";;;;;35147397;Главный специалист;Первая линия;Бэк;8-А-А;1,00;;Москва
ccbbf6cd-1db2-428e-a420-3c639cd92e20;10110907;Подразделения центрального подчинения;10214918;Дирекция сервисных центров;10229245;"Объединенный сервисный центр ""Москва""";10228181;"Сервисный центр ""Архив""";;;;;35147398;Главный специалист;Первая линия;Бэк;8-А-А;1,00;;Москва
b72fd0d9-727f-4456-89e9-e808cf640539;10110907;Подразделения центрального подчинения;10214918;Дирекция сервисных центров;10229245;"Объединенный сервисный центр ""Москва""";10228181;"Сервисный центр ""Архив""";;;;;35147399;Главный специалист;Первая линия;Бэк;8-А-А;1,00;;Москва
222bb641-f9d6-44a8-adec-eb46ef4f485e;10110907;Подразделения центрального подчинения;10214918;Дирекция сервисных центров;10229245;"Объединенный сервисный центр ""Москва""";10228181;"Сервисный центр ""Архив""";;;;;35147400;Главный специалист;Первая линия;Бэк;8-А-А;1,00;;Москва
d1ef1779-169f-4a0f-857c-b97bda1cc301;10110907;Подразделения центрального подчинения;10214918;Дирекция сервисных центров;10229245;"Объединенный сервисный центр ""Москва""";10228181;"Сервисный центр ""Архив""";;;;;35793245;Главный специалист;Первая линия;Бэк;8-А-А;1,00;;Москва
ef93c5c7-ce61-4e25-bd3d-86c432a7e7e0;10110907;Подразделения центрального подчинения;10214918;Дирекция сервисных центров;10229245;"Объединенный сервисный центр ""Москва""";10228181;"Сервисный центр ""Архив""";10228183;Архив №1 (Томилино);;;35790162;Заместитель начальника центра-начальник отдела;Первая линия;Бэк;10-А-А;1,00;;Москва
cea42437-87b4-409e-8296-f388bd932c36;10110907;Подразделения центрального подчинения;10214918;Дирекция сервисных центров;10229245;"Объединенный сервисный центр ""Москва""";10228181;"Сервисный центр ""Архив""";10228183;Архив №1 (Томилино);10228185;Сектор логистики и учета документов;34506580;Начальник сектора;Первая линия;Мидл;9-А-А;1,00;;Москва
1fa9f7b8-95af-43a4-962b-10a828181f98;10110907;Подразделения центрального подчинения;10214918;Дирекция сервисных центров;10229245;"Объединенный сервисный центр ""Москва""";10228181;"Сервисный центр ""Архив""";10228183;Архив №1 (Томилино);10228185;Сектор логистики и учета документов;35331258;Главный специалист;Первая линия;Бэк;8-А-А;1,00;;Москва
495b1e97-330c-47d3-86b6-7ac2d20f06ef;10110907;Подразделения центрального подчинения;10214918;Дирекция сервисных центров;10229245;"Объединенный сервисный центр ""Москва""";10228181;"Сервисный центр ""Архив""";10228183;Архив №1 (Томилино);10228185;Сектор логистики и учета документов;35331259;Главный специалист;Первая линия;Бэк;8-А-А;1,00;;Москва
836161e5-cd43-4d0b-905f-d63e77239265;10110907;Подразделения центрального подчинения;10214918;Дирекция сервисных центров;10229245;"Объединенный сервисный центр ""Москва""";10228181;"Сервисный центр ""Архив""";10228183;Архив №1 (Томилино);10228185;Сектор логистики и учета документов;35532674;Главный специалист;Первая линия;Бэк;8-А-А;1,00;;Москва
b6bc782f-1e5a-4ec2-9826-bc9ea73c4fdc;10110907;Подразделения центрального подчинения;10214918;Дирекция сервисных центров;10229245;"Объединенный сервисный центр ""Москва""";10228181;"Сервисный центр ""Архив""";10228183;Архив №1 (Томилино);10228185;Сектор логистики и учета документов;35644910;Главный специалист;Первая линия;Бэк;8-А-А;1,00;;Москва
9890023c-00cf-487f-aaaf-7858b656165e;10110907;Подразделения центрального подчинения;10214918;Дирекция сервисных центров;10229245;"Объединенный сервисный центр ""Москва""";10228181;"Сервисный центр ""Архив""";10228183;Архив №1 (Томилино);10228185;Сектор логистики и учета документов;34506581;Ведущий специалист;Первая линия;Бэк;7-А-А;1,00;;Москва
d70d2845-fc0f-42d6-8f2e-f662f17e0904;10110907;Подразделения центрального подчинения;10214918;Дирекция сервисных центров;10229245;"Объединенный сервисный центр ""Москва""";10228181;"Сервисный центр ""Архив""";10228183;Архив №1 (Томилино);10228185;Сектор логистики и учета документов;34818983;Ведущий специалист;Первая линия;Бэк;7-А-А;1,00;;Москва
1677595a-184c-463d-9a70-6d87bb89b351;10110907;Подразделения центрального подчинения;10214918;Дирекция сервисных центров;10229245;"Объединенный сервисный центр ""Москва""";10228181;"Сервисный центр ""Архив""";10228183;Архив №1 (Томилино);10228185;Сектор логистики и учета документов;35002764;Ведущий специалист;Первая линия;Бэк;7-А-А;1,00;;Москва
a48c9cce-d611-4fd6-8291-ad0bbb1a0473;10110907;Подразделения центрального подчинения;10214918;Дирекция сервисных центров;10229245;"Объединенный сервисный центр ""Москва""";10228181;"Сервисный центр ""Архив""";10228183;Архив №1 (Томилино);10228185;Сектор логистики и учета документов;35331261;Ведущий специалист;Первая линия;Бэк;7-А-А;1,00;;Москва
bbde6b99-af28-4bd3-bb92-b3757ffaadf7;10110907;Подразделения центрального подчинения;10214918;Дирекция сервисных центров;10229245;"Объединенный сервисный центр ""Москва""";10228181;"Сервисный центр ""Архив""";10228183;Архив №1 (Томилино);10228185;Сектор логистики и учета документов;35331264;Ведущий специалист;Первая линия;Бэк;7-А-А;1,00;;Москва
e695b4dc-112c-4d72-ba22-d759656ac3c5;10110907;Подразделения центрального подчинения;10214918;Дирекция сервисных центров;10229245;"Объединенный сервисный центр ""Москва""";10228181;"Сервисный центр ""Архив""";10228183;Архив №1 (Томилино);10228185;Сектор логистики и учета документов;34506585;Старший специалист;Первая линия;Бэк;6-А-А;1,00;;Москва
27f22569-d5a7-4418-b2f4-cda4d4d5db1d;10110907;Подразделения центрального подчинения;10214918;Дирекция сервисных центров;10229245;"Объединенный сервисный центр ""Москва""";10228181;"Сервисный центр ""Архив""";10228183;Архив №1 (Томилино);10228185;Сектор логистики и учета документов;35103331;Старший специалист;Первая линия;Бэк;6-А-А;1,00;;Москва
b57fdf07-47cb-4327-a237-50b55630cf45;10110907;Подразделения центрального подчинения;10214918;Дирекция сервисных центров;10229245;"Объединенный сервисный центр ""Москва""";10228181;"Сервисный центр ""Архив""";10228183;Архив №1 (Томилино);10228185;Сектор логистики и учета документов;35223169;Старший специалист;Первая линия;Бэк;5-А-А;1,00;;Москва
4b9ba264-c3ae-4ce7-b566-b032e03e3549;10110907;Подразделения центрального подчинения;10214918;Дирекция сервисных центров;10229245;"Объединенный сервисный центр ""Москва""";10228181;"Сервисный центр ""Архив""";10228183;Архив №1 (Томилино);10228185;Сектор логистики и учета документов;35223170;Старший специалист;Первая линия;Бэк;5-А-А;1,00;;Москва
b28bd068-5af8-40ab-bcb8-72f93e8450a4;10110907;Подразделения центрального подчинения;10214918;Дирекция сервисных центров;10229245;"Объединенный сервисный центр ""Москва""";10228181;"Сервисный центр ""Архив""";10228183;Архив №1 (Томилино);10228185;Сектор логистики и учета документов;35223173;Старший специалист;Первая линия;Бэк;5-А-А;1,00;;Москва
ddbbc0d1-d11d-46c6-803d-feea1d56afd4;10110907;Подразделения центрального подчинения;10214918;Дирекция сервисных центров;10229245;"Объединенный сервисный центр ""Москва""";10228181;"Сервисный центр ""Архив""";10228183;Архив №1 (Томилино);10228185;Сектор логистики и учета документов;35223174;Старший специалист;Первая линия;Бэк;5-А-А;1,00;;Москва
59ffff7b-a504-4b69-82c3-be5da235dadb;10110907;Подразделения центрального подчинения;10214918;Дирекция сервисных центров;10229245;"Объединенный сервисный центр ""Москва""";10228181;"Сервисный центр ""Архив""";10228183;Архив №1 (Томилино);10228185;Сектор логистики и учета документов;35331265;Старший специалист;Первая линия;Бэк;5-А-А;1,00;;Москва
053d230f-8e6e-41a3-8875-870e60845005;10110907;Подразделения центрального подчинения;10214918;Дирекция сервисных центров;10229245;"Объединенный сервисный центр ""Москва""";10228181;"Сервисный центр ""Архив""";10228183;Архив №1 (Томилино);10228185;Сектор логистики и учета документов;35331266;Старший специалист;Первая линия;Бэк;5-А-А;1,00;;Москва
fb3395b2-9f5a-4e7a-b91c-b7d9ced468a8;10110907;Подразделения центрального подчинения;10214918;Дирекция сервисных центров;10229245;"Объединенный сервисный центр ""Москва""";10228181;"Сервисный центр ""Архив""";10228183;Архив №1 (Томилино);10228185;Сектор логистики и учета документов;35532700;Старший специалист;Первая линия;Бэк;5-А-А;1,00;;Москва
200675fd-ef0f-43af-9298-a1db46837157;10110907;Подразделения центрального подчинения;10214918;Дирекция сервисных центров;10229245;"Объединенный сервисный центр ""Москва""";10228181;"Сервисный центр ""Архив""";10228183;Архив №1 (Томилино);10228185;Сектор логистики и учета документов;35532701;Старший специалист;Первая линия;Бэк;5-А-А;1,00;;Москва
99a3b8f8-bb51-4ffe-b83a-8c2cfd6f4d1c;10110907;Подразделения центрального подчинения;10214918;Дирекция сервисных центров;10229245;"Объединенный сервисный центр ""Москва""";10228181;"Сервисный центр ""Архив""";10228183;Архив №1 (Томилино);10228185;Сектор логистики и учета документов;35532702;Старший специалист;Первая линия;Бэк;5-А-А;1,00;;Москва
63744ab1-d514-41b1-b471-76a3643c6718;10110907;Подразделения центрального подчинения;10214918;Дирекция сервисных центров;10229245;"Объединенный сервисный центр ""Москва""";10228181;"Сервисный центр ""Архив""";10228183;Архив №1 (Томилино);10228185;Сектор логистики и учета документов;35532703;Старший специалист;Первая линия;Бэк;5-А-А;1,00;;Москва
127673b1-125b-4e6a-926e-3dde0c3ecbe7;10110907;Подразделения центрального подчинения;10214918;Дирекция сервисных центров;10229245;"Объединенный сервисный центр ""Москва""";10228181;"Сервисный центр ""Архив""";10228183;Архив №1 (Томилино);10228185;Сектор логистики и учета документов;34506592;Специалист;Первая линия;Бэк;4-А-А;1,00;;Москва
9be035ef-6c04-4760-8c86-80e447f4a10f;10110907;Подразделения центрального подчинения;10214918;Дирекция сервисных центров;10229245;"Объединенный сервисный центр ""Москва""";10228181;"Сервисный центр ""Архив""";10228183;Архив №1 (Томилино);10228185;Сектор логистики и учета документов;34506594;Специалист;Первая линия;Бэк;4-А-А;1,00;;Москва
091d5e8f-6d29-48ac-8332-d1b4d5ec8132;10110907;Подразделения центрального подчинения;10214918;Дирекция сервисных центров;10229245;"Объединенный сервисный центр ""Москва""";10228181;"Сервисный центр ""Архив""";10228183;Архив №1 (Томилино);10228185;Сектор логистики и учета документов;34506595;Специалист;Первая линия;Бэк;4-А-А;1,00;;Москва
77843ed9-a9f9-47a8-906b-f7dd480df32f;10110907;Подразделения центрального подчинения;10214918;Дирекция сервисных центров;10229245;"Объединенный сервисный центр ""Москва""";10228181;"Сервисный центр ""Архив""";10228183;Архив №1 (Томилино);10228185;Сектор логистики и учета документов;34506597;Специалист;Первая линия;Бэк;4-А-А;1,00;;Москва
2bfd53e4-a09a-45a5-89e4-07b0187c461e;10110907;Подразделения центрального подчинения;10214918;Дирекция сервисных центров;10229245;"Объединенный сервисный центр ""Москва""";10228181;"Сервисный центр ""Архив""";10228183;Архив №1 (Томилино);10228185;Сектор логистики и учета документов;34506598;Специалист;Первая линия;Бэк;4-А-А;1,00;;Москва
c07298d6-1790-4c88-b5ff-3e207ab5f50a;10110907;Подразделения центрального подчинения;10214918;Дирекция сервисных центров;10229245;"Объединенный сервисный центр ""Москва""";10228181;"Сервисный центр ""Архив""";10228183;Архив №1 (Томилино);10228185;Сектор логистики и учета документов;34720461;Специалист;Первая линия;Бэк;4-А-А;1,00;;Москва
919fa1ae-f0ff-4b94-8ad8-597a1bcb0c73;10110907;Подразделения центрального подчинения;10214918;Дирекция сервисных центров;10229245;"Объединенный сервисный центр ""Москва""";10228181;"Сервисный центр ""Архив""";10228183;Архив №1 (Томилино);10228185;Сектор логистики и учета документов;34720462;Специалист;Первая линия;Бэк;4-А-А;1,00;;Москва
aeebb0b7-4791-4911-900d-9f24b8182006;10110907;Подразделения центрального подчинения;10214918;Дирекция сервисных центров;10229245;"Объединенный сервисный центр ""Москва""";10228181;"Сервисный центр ""Архив""";10228183;Архив №1 (Томилино);10228185;Сектор логистики и учета документов;34720463;Специалист;Первая линия;Бэк;4-А-А;1,00;;Москва
09a3f8aa-1220-4106-963e-6f07042d493c;10110907;Подразделения центрального подчинения;10214918;Дирекция сервисных центров;10229245;"Объединенный сервисный центр ""Москва""";10228181;"Сервисный центр ""Архив""";10228183;Архив №1 (Томилино);10228185;Сектор логистики и учета документов;34774430;Специалист;Первая линия;Бэк;4-А-А;1,00;;Москва
2311fab0-4b0f-4ba5-9f2f-ef7e49c6806f;10110907;Подразделения центрального подчинения;10214918;Дирекция сервисных центров;10229245;"Объединенный сервисный центр ""Москва""";10228181;"Сервисный центр ""Архив""";10228183;Архив №1 (Томилино);10228185;Сектор логистики и учета документов;34818978;Специалист;Первая линия;Бэк;4-А-А;1,00;;Москва
fd4000e5-98b1-44e0-9413-683087ac700f;10110907;Подразделения центрального подчинения;10214918;Дирекция сервисных центров;10229245;"Объединенный сервисный центр ""Москва""";10228181;"Сервисный центр ""Архив""";10228183;Архив №1 (Томилино);10228185;Сектор логистики и учета документов;34818978;Специалист;Первая линия;Бэк;4-А-А;0,00;в отпуске по уходу за ребенком по 15.02.2027;Москва
b6d9a028-33b9-4b9f-8795-0db92e41b27b;10110907;Подразделения центрального подчинения;10214918;Дирекция сервисных центров;10229245;"Объединенный сервисный центр ""Москва""";10228181;"Сервисный центр ""Архив""";10228183;Архив №1 (Томилино);10228185;Сектор логистики и учета документов;34818979;Специалист;Первая линия;Бэк;4-А-А;1,00;;Москва
6821c1d8-2ce3-401a-827f-90d6edb568b4;10110907;Подразделения центрального подчинения;10214918;Дирекция сервисных центров;10229245;"Объединенный сервисный центр ""Москва""";10228181;"Сервисный центр ""Архив""";10228183;Архив №1 (Томилино);10228185;Сектор логистики и учета документов;34818980;Специалист;Первая линия;Бэк;4-А-А;1,00;;Москва
10a8c09c-b866-4682-b42f-6feeb1c514de;10110907;Подразделения центрального подчинения;10214918;Дирекция сервисных центров;10229245;"Объединенный сервисный центр ""Москва""";10228181;"Сервисный центр ""Архив""";10228183;Архив №1 (Томилино);10228185;Сектор логистики и учета документов;35103332;Специалист;Первая линия;Бэк;4-А-А;1,00;;Москва
da04db6f-876a-474c-aacd-afc92969587d;10110907;Подразделения центрального подчинения;10214918;Дирекция сервисных центров;10229245;"Объединенный сервисный центр ""Москва""";10228181;"Сервисный центр ""Архив""";10228183;Архив №1 (Томилино);10228185;Сектор логистики и учета документов;35331267;Специалист;Первая линия;Бэк;4-А-А;1,00;;Москва
26a81356-9647-4f04-acf5-1f6613a04834;10110907;Подразделения центрального подчинения;10214918;Дирекция сервисных центров;10229245;"Объединенный сервисный центр ""Москва""";10228181;"Сервисный центр ""Архив""";10228183;Архив №1 (Томилино);10228185;Сектор логистики и учета документов;35331269;Специалист;Первая линия;Бэк;4-А-А;1,00;;Москва
14ea4179-4df5-4433-9198-a051bbf90c18;10110907;Подразделения центрального подчинения;10214918;Дирекция сервисных центров;10229245;"Объединенный сервисный центр ""Москва""";10228181;"Сервисный центр ""Архив""";10228183;Архив №1 (Томилино);10308484;Сектор комплектования документов №1;35147443;Начальник сектора;Первая линия;Мидл;9-А-А;1,00;;Москва
8806338c-d5e8-4185-9105-5548f6c1e7ba;10110907;Подразделения центрального подчинения;10214918;Дирекция сервисных центров;10229245;"Объединенный сервисный центр ""Москва""";10228181;"Сервисный центр ""Архив""";10228183;Архив №1 (Томилино);10308484;Сектор комплектования документов №1;35147449;Главный специалист;Первая линия;Бэк;8-А-А;1,00;;Москва
25af68d2-8581-4356-8f9c-f417a5a3cd57;10110907;Подразделения центрального подчинения;10214918;Дирекция сервисных центров;10229245;"Объединенный сервисный центр ""Москва""";10228181;"Сервисный центр ""Архив""";10228183;Архив №1 (Томилино);10308484;Сектор комплектования документов №1;35532667;Главный специалист;Первая линия;Бэк;8-А-А;1,00;;Москва
0de72637-425a-47a2-9e26-42220b6af4e9;10110907;Подразделения центрального подчинения;10214918;Дирекция сервисных центров;10229245;"Объединенный сервисный центр ""Москва""";10228181;"Сервисный центр ""Архив""";10228183;Архив №1 (Томилино);10308484;Сектор комплектования документов №1;35644909;Главный специалист;Первая линия;Бэк;8-А-А;1,00;;Москва
bff643d6-ab66-41f3-b6e3-f27ba3a5925c;10110907;Подразделения центрального подчинения;10214918;Дирекция сервисных центров;10229245;"Объединенный сервисный центр ""Москва""";10228181;"Сервисный центр ""Архив""";10228183;Архив №1 (Томилино);10308484;Сектор комплектования документов №1;35147451;Ведущий специалист;Первая линия;Бэк;7-А-А;1,00;;Москва
747202c1-2409-442e-9f52-fe42f77653f8;10110907;Подразделения центрального подчинения;10214918;Дирекция сервисных центров;10229245;"Объединенный сервисный центр ""Москва""";10228181;"Сервисный центр ""Архив""";10228183;Архив №1 (Томилино);10308484;Сектор комплектования документов №1;35147453;Ведущий специалист;Первая линия;Бэк;7-А-А;1,00;;Москва
80bcd86f-4f81-4400-8d5c-f0a8fda77f75;10110907;Подразделения центрального подчинения;10214918;Дирекция сервисных центров;10229245;"Объединенный сервисный центр ""Москва""";10228181;"Сервисный центр ""Архив""";10228183;Архив №1 (Томилино);10308484;Сектор комплектования документов №1;35147455;Ведущий специалист;Первая линия;Бэк;7-А-А;1,00;;Москва
0e8d307a-992e-48f1-8652-4585772cb5b1;10110907;Подразделения центрального подчинения;10214918;Дирекция сервисных центров;10229245;"Объединенный сервисный центр ""Москва""";10228181;"Сервисный центр ""Архив""";10228183;Архив №1 (Томилино);10308484;Сектор комплектования документов №1;35532668;Ведущий специалист;Первая линия;Бэк;7-А-А;1,00;;Москва
833f1c87-245a-4d75-b517-803b0ce33cd7;10110907;Подразделения центрального подчинения;10214918;Дирекция сервисных центров;10229245;"Объединенный сервисный центр ""Москва""";10228181;"Сервисный центр ""Архив""";10228183;Архив №1 (Томилино);10308484;Сектор комплектования документов №1;35147465;Старший специалист;Первая линия;Бэк;6-А-А;1,00;;Москва
a8e1eb0e-84be-4a25-b8a4-e02ca67195a2;10110907;Подразделения центрального подчинения;10214918;Дирекция сервисных центров;10229245;"Объединенный сервисный центр ""Москва""";10228181;"Сервисный центр ""Архив""";10228183;Архив №1 (Томилино);10308484;Сектор комплектования документов №1;35147469;Старший специалист;Первая линия;Бэк;6-А-А;1,00;;Москва
80d34fc9-e320-4ab6-bff9-e70f73147ab3;10110907;Подразделения центрального подчинения;10214918;Дирекция сервисных центров;10229245;"Объединенный сервисный центр ""Москва""";10228181;"Сервисный центр ""Архив""";10228183;Архив №1 (Томилино);10308484;Сектор комплектования документов №1;35223159;Старший специалист;Первая линия;Бэк;5-А-А;1,00;;Москва
b6b3e9ec-e342-4846-81c8-d7e67c8f8fde;10110907;Подразделения центрального подчинения;10214918;Дирекция сервисных центров;10229245;"Объединенный сервисный центр ""Москва""";10228181;"Сервисный центр ""Архив""";10228183;Архив №1 (Томилино);10308484;Сектор комплектования документов №1;35223160;Старший специалист;Первая линия;Бэк;5-А-А;1,00;;Москва
8ae29b8e-2005-4715-84c1-0b4d8e20c7d6;10110907;Подразделения центрального подчинения;10214918;Дирекция сервисных центров;10229245;"Объединенный сервисный центр ""Москва""";10228181;"Сервисный центр ""Архив""";10228183;Архив №1 (Томилино);10308484;Сектор комплектования документов №1;35223162;Старший специалист;Первая линия;Бэк;5-А-А;1,00;;Москва
22897767-4ea9-47e3-b34a-aa916337fe1a;10110907;Подразделения центрального подчинения;10214918;Дирекция сервисных центров;10229245;"Объединенный сервисный центр ""Москва""";10228181;"Сервисный центр ""Архив""";10228183;Архив №1 (Томилино);10308484;Сектор комплектования документов №1;35147471;Специалист;Первая линия;Бэк;4-А-А;1,00;;Москва
59668c49-13eb-4b7c-b19e-d08f0cfc3d8a;10110907;Подразделения центрального подчинения;10214918;Дирекция сервисных центров;10229245;"Объединенный сервисный центр ""Москва""";10228181;"Сервисный центр ""Архив""";10228183;Архив №1 (Томилино);10308484;Сектор комплектования документов №1;35147475;Специалист;Первая линия;Бэк;4-А-А;1,00;;Москва
818bf354-466e-462d-82ad-6b18fc3115e3;10110907;Подразделения центрального подчинения;10214918;Дирекция сервисных центров;10229245;"Объединенный сервисный центр ""Москва""";10228181;"Сервисный центр ""Архив""";10228183;Архив №1 (Томилино);10308484;Сектор комплектования документов №1;35147483;Специалист;Первая линия;Бэк;4-А-А;1,00;;Москва
bfc8adc0-faee-4053-b6b3-c402f312d461;10110907;Подразделения центрального подчинения;10214918;Дирекция сервисных центров;10229245;"Объединенный сервисный центр ""Москва""";10228181;"Сервисный центр ""Архив""";10228183;Архив №1 (Томилино);10308484;Сектор комплектования документов №1;35147484;Специалист;Первая линия;Бэк;4-А-А;1,00;;Москва
1389547f-6331-42f7-9e2d-d53e8e2406e5;10110907;Подразделения центрального подчинения;10214918;Дирекция сервисных центров;10229245;"Объединенный сервисный центр ""Москва""";10228181;"Сервисный центр ""Архив""";10228183;Архив №1 (Томилино);10308484;Сектор комплектования документов №1;35147485;Специалист;Первая линия;Бэк;4-А-А;1,00;;Москва
74827926-a7e0-452d-912b-9af9099ab34a;10110907;Подразделения центрального подчинения;10214918;Дирекция сервисных центров;10229245;"Объединенный сервисный центр ""Москва""";10228181;"Сервисный центр ""Архив""";10228183;Архив №1 (Томилино);10308484;Сектор комплектования документов №1;35147486;Специалист;Первая линия;Бэк;4-А-А;1,00;;Москва
4c91abb6-4450-45fa-a035-50d736396428;10110907;Подразделения центрального подчинения;10214918;Дирекция сервисных центров;10229245;"Объединенный сервисный центр ""Москва""";10228181;"Сервисный центр ""Архив""";10228183;Архив №1 (Томилино);10308484;Сектор комплектования документов №1;35147487;Специалист;Первая линия;Бэк;4-А-А;1,00;;Москва
7a16b219-2ec3-4f0f-84a7-9fcf40a73719;10110907;Подразделения центрального подчинения;10214918;Дирекция сервисных центров;10229245;"Объединенный сервисный центр ""Москва""";10228181;"Сервисный центр ""Архив""";10228183;Архив №1 (Томилино);10308484;Сектор комплектования документов №1;35331251;Специалист;Первая линия;Бэк;4-А-А;1,00;;Москва
7e891035-13b3-4677-b3da-16d6c5487b30;10110907;Подразделения центрального подчинения;10214918;Дирекция сервисных центров;10229245;"Объединенный сервисный центр ""Москва""";10228181;"Сервисный центр ""Архив""";10228183;Архив №1 (Томилино);10308484;Сектор комплектования документов №1;35331253;Специалист;Первая линия;Бэк;4-А-А;1,00;;Москва
b7f59f54-c1da-4409-83ee-f8cb9719e8a0;10110907;Подразделения центрального подчинения;10214918;Дирекция сервисных центров;10229245;"Объединенный сервисный центр ""Москва""";10228181;"Сервисный центр ""Архив""";10228183;Архив №1 (Томилино);10308484;Сектор комплектования документов №1;35331254;Специалист;Первая линия;Бэк;4-А-А;1,00;;Москва
6bb3a86c-3fa4-409a-b4b4-e5b16dfb32b4;10110907;Подразделения центрального подчинения;10214918;Дирекция сервисных центров;10229245;"Объединенный сервисный центр ""Москва""";10228181;"Сервисный центр ""Архив""";10228183;Архив №1 (Томилино);10308484;Сектор комплектования документов №1;35331255;Специалист;Первая линия;Бэк;4-А-А;1,00;;Москва
9252f88f-5d3e-4feb-b220-0b1bb95be0b6;10110907;Подразделения центрального подчинения;10214918;Дирекция сервисных центров;10229245;"Объединенный сервисный центр ""Москва""";10228181;"Сервисный центр ""Архив""";10228183;Архив №1 (Томилино);10308484;Сектор комплектования документов №1;35331256;Специалист;Первая линия;Бэк;4-А-А;1,00;;Москва
244886f0-f631-48eb-8f16-0d8e2b66ce9c;10110907;Подразделения центрального подчинения;10214918;Дирекция сервисных центров;10229245;"Объединенный сервисный центр ""Москва""";10228181;"Сервисный центр ""Архив""";10228183;Архив №1 (Томилино);10308484;Сектор комплектования документов №1;35532669;Специалист;Первая линия;Бэк;4-А-А;1,00;;Москва
854c5da7-56ee-4e6d-98b5-7ad60d143229;10110907;Подразделения центрального подчинения;10214918;Дирекция сервисных центров;10229245;"Объединенный сервисный центр ""Москва""";10228181;"Сервисный центр ""Архив""";10228183;Архив №1 (Томилино);10308484;Сектор комплектования документов №1;35532670;Специалист;Первая линия;Бэк;4-А-А;1,00;;Москва
f002364b-2dcd-4be8-999c-4578445f46dd;10110907;Подразделения центрального подчинения;10214918;Дирекция сервисных центров;10229245;"Объединенный сервисный центр ""Москва""";10228181;"Сервисный центр ""Архив""";10228183;Архив №1 (Томилино);10308485;Сектор комплектования документов №2;35147490;Начальник сектора;Первая линия;Мидл;9-А-А;1,00;;Москва
ca96cb6b-7bbf-4b5a-ba50-9852831916ad;10110907;Подразделения центрального подчинения;10214918;Дирекция сервисных центров;10229245;"Объединенный сервисный центр ""Москва""";10228181;"Сервисный центр ""Архив""";10228183;Архив №1 (Томилино);10308485;Сектор комплектования документов №2;35147491;Главный специалист;Первая линия;Бэк;8-А-А;1,00;;Москва
f5bb55fe-472a-4945-a145-c4b473eb83e2;10110907;Подразделения центрального подчинения;10214918;Дирекция сервисных центров;10229245;"Объединенный сервисный центр ""Москва""";10228181;"Сервисный центр ""Архив""";10228183;Архив №1 (Томилино);10308485;Сектор комплектования документов №2;35147493;Главный специалист;Первая линия;Бэк;8-А-А;1,00;;Москва
02be2a3a-66e9-4732-af3d-b2f9aedfef12;10110907;Подразделения центрального подчинения;10214918;Дирекция сервисных центров;10229245;"Объединенный сервисный центр ""Москва""";10228181;"Сервисный центр ""Архив""";10228183;Архив №1 (Томилино);10308485;Сектор комплектования документов №2;35147495;Главный специалист;Первая линия;Бэк;8-А-А;1,00;;Москва
c0d76627-56e8-4b3a-ae64-3934db6e9291;10110907;Подразделения центрального подчинения;10214918;Дирекция сервисных центров;10229245;"Объединенный сервисный центр ""Москва""";10228181;"Сервисный центр ""Архив""";10228183;Архив №1 (Томилино);10308485;Сектор комплектования документов №2;35532671;Главный специалист;Первая линия;Бэк;8-А-А;1,00;;Москва
3b8e9815-14c8-41bd-b605-6445e2f1eccf;10110907;Подразделения центрального подчинения;10214918;Дирекция сервисных центров;10229245;"Объединенный сервисный центр ""Москва""";10228181;"Сервисный центр ""Архив""";10228183;Архив №1 (Томилино);10308485;Сектор комплектования документов №2;35147499;Ведущий специалист;Первая линия;Бэк;7-А-А;1,00;;Москва
e24e90a8-d686-447f-9588-814dfd68523f;10110907;Подразделения центрального подчинения;10214918;Дирекция сервисных центров;10229245;"Объединенный сервисный центр ""Москва""";10228181;"Сервисный центр ""Архив""";10228183;Архив №1 (Томилино);10308485;Сектор комплектования документов №2;35147501;Ведущий специалист;Первая линия;Бэк;7-А-А;1,00;;Москва
a9b95568-ab93-42c5-a784-14608c08fc34;10110907;Подразделения центрального подчинения;10214918;Дирекция сервисных центров;10229245;"Объединенный сервисный центр ""Москва""";10228181;"Сервисный центр ""Архив""";10228183;Архив №1 (Томилино);10308485;Сектор комплектования документов №2;35147503;Ведущий специалист;Первая линия;Бэк;7-А-А;1,00;;Москва
cfbfcaa2-d329-4302-81e6-ace0a192b0ca;10110907;Подразделения центрального подчинения;10214918;Дирекция сервисных центров;10229245;"Объединенный сервисный центр ""Москва""";10228181;"Сервисный центр ""Архив""";10228183;Архив №1 (Томилино);10308485;Сектор комплектования документов №2;35532672;Ведущий специалист;Первая линия;Бэк;7-А-А;1,00;;Москва
e55ce80f-5bdf-40f7-96f9-18c6f769bf7c;10110907;Подразделения центрального подчинения;10214918;Дирекция сервисных центров;10229245;"Объединенный сервисный центр ""Москва""";10228181;"Сервисный центр ""Архив""";10228183;Архив №1 (Томилино);10308485;Сектор комплектования документов №2;35147507;Старший специалист;Первая линия;Бэк;6-А-А;1,00;;Москва
fdd4f8e9-7b9d-4e46-bdfc-2aad132a1f3d;10110907;Подразделения центрального подчинения;10214918;Дирекция сервисных центров;10229245;"Объединенный сервисный центр ""Москва""";10228181;"Сервисный центр ""Архив""";10228183;Архив №1 (Томилино);10308485;Сектор комплектования документов №2;35147509;Старший специалист;Первая линия;Бэк;6-А-А;1,00;;Москва
37617397-438f-4765-9378-4ce63d13ddb1;10110907;Подразделения центрального подчинения;10214918;Дирекция сервисных центров;10229245;"Объединенный сервисный центр ""Москва""";10228181;"Сервисный центр ""Архив""";10228183;Архив №1 (Томилино);10308485;Сектор комплектования документов №2;35147511;Старший специалист;Первая линия;Бэк;6-А-А;1,00;;Москва
2e53ba40-c652-4d63-b35a-742b98d4c8cc;10110907;Подразделения центрального подчинения;10214918;Дирекция сервисных центров;10229245;"Объединенный сервисный центр ""Москва""";10228181;"Сервисный центр ""Архив""";10228183;Архив №1 (Томилино);10308485;Сектор комплектования документов №2;35331257;Старший специалист;Первая линия;Бэк;6-А-А;1,00;;Москва
3f656097-fc1f-451a-b011-423a7e05df2b;10110907;Подразделения центрального подчинения;10214918;Дирекция сервисных центров;10229245;"Объединенный сервисный центр ""Москва""";10228181;"Сервисный центр ""Архив""";10228183;Архив №1 (Томилино);10308485;Сектор комплектования документов №2;35223164;Старший специалист;Первая линия;Бэк;5-А-А;1,00;;Москва
e154a993-2c64-41d9-a222-d1f7937ae9a7;10110907;Подразделения центрального подчинения;10214918;Дирекция сервисных центров;10229245;"Объединенный сервисный центр ""Москва""";10228181;"Сервисный центр ""Архив""";10228183;Архив №1 (Томилино);10308485;Сектор комплектования документов №2;35147516;Специалист;Первая линия;Бэк;4-А-А;1,00;;Москва
df333c94-396f-43c8-9256-d1d055a1f975;10110907;Подразделения центрального подчинения;10214918;Дирекция сервисных центров;10229245;"Объединенный сервисный центр ""Москва""";10228181;"Сервисный центр ""Архив""";10228183;Архив №1 (Томилино);10308485;Сектор комплектования документов №2;35147517;Специалист;Первая линия;Бэк;4-А-А;1,00;;Москва
4c714937-fd96-44f7-a32c-2c3ac2900533;10110907;Подразделения центрального подчинения;10214918;Дирекция сервисных центров;10229245;"Объединенный сервисный центр ""Москва""";10228181;"Сервисный центр ""Архив""";10228183;Архив №1 (Томилино);10308485;Сектор комплектования документов №2;35147518;Специалист;Первая линия;Бэк;4-А-А;1,00;;Москва
884e3397-6540-445d-a346-705d87ca7193;10110907;Подразделения центрального подчинения;10214918;Дирекция сервисных центров;10229245;"Объединенный сервисный центр ""Москва""";10228181;"Сервисный центр ""Архив""";10228183;Архив №1 (Томилино);10308485;Сектор комплектования документов №2;35147519;Специалист;Первая линия;Бэк;4-А-А;1,00;;Москва
908a4cc5-45e7-4464-911e-55667445cea0;10110907;Подразделения центрального подчинения;10214918;Дирекция сервисных центров;10229245;"Объединенный сервисный центр ""Москва""";10228181;"Сервисный центр ""Архив""";10228183;Архив №1 (Томилино);10308485;Сектор комплектования документов №2;35147520;Специалист;Первая линия;Бэк;4-А-А;1,00;;Москва
20129ebd-5e29-4041-b788-58444f2c59ad;10110907;Подразделения центрального подчинения;10214918;Дирекция сервисных центров;10229245;"Объединенный сервисный центр ""Москва""";10228181;"Сервисный центр ""Архив""";10228183;Архив №1 (Томилино);10308485;Сектор комплектования документов №2;35147524;Специалист;Первая линия;Бэк;4-А-А;1,00;;Москва
09938907-5fde-4298-9bc0-82adf690a1fc;10110907;Подразделения центрального подчинения;10214918;Дирекция сервисных центров;10229245;"Объединенный сервисный центр ""Москва""";10228181;"Сервисный центр ""Архив""";10228183;Архив №1 (Томилино);10308485;Сектор комплектования документов №2;35147525;Специалист;Первая линия;Бэк;4-А-А;1,00;;Москва
5f7f2e54-31e1-4f2e-b2e2-db22b3e12d53;10110907;Подразделения центрального подчинения;10214918;Дирекция сервисных центров;10229245;"Объединенный сервисный центр ""Москва""";10228181;"Сервисный центр ""Архив""";10228183;Архив №1 (Томилино);10308485;Сектор комплектования документов №2;35147527;Специалист;Первая линия;Бэк;4-А-А;1,00;;Москва
ac531c61-e0ae-48dc-b1db-b2f24d7883a9;10110907;Подразделения центрального подчинения;10214918;Дирекция сервисных центров;10229245;"Объединенный сервисный центр ""Москва""";10228181;"Сервисный центр ""Архив""";10228183;Архив №1 (Томилино);10308485;Сектор комплектования документов №2;35147527;Специалист;Первая линия;Бэк;4-А-А;0,00;в отпуске по БИР до 14.08.2026;Москва
1c8b0022-c990-45e8-87fd-b86467b4bb6f;10110907;Подразделения центрального подчинения;10214918;Дирекция сервисных центров;10229245;"Объединенный сервисный центр ""Москва""";10228181;"Сервисный центр ""Архив""";10228183;Архив №1 (Томилино);10308485;Сектор комплектования документов №2;35147532;Специалист;Первая линия;Бэк;4-А-А;1,00;;Москва
94cb9be7-f859-496e-aae8-59b3059941d2;10110907;Подразделения центрального подчинения;10214918;Дирекция сервисных центров;10229245;"Объединенный сервисный центр ""Москва""";10228181;"Сервисный центр ""Архив""";10228183;Архив №1 (Томилино);10308485;Сектор комплектования документов №2;35147533;Специалист;Первая линия;Бэк;4-А-А;1,00;;Москва
0ceb3826-5e55-41d2-965f-9541e940f472;10110907;Подразделения центрального подчинения;10214918;Дирекция сервисных центров;10229245;"Объединенный сервисный центр ""Москва""";10228181;"Сервисный центр ""Архив""";10228183;Архив №1 (Томилино);10308486;Сектор использования документов №1;35147536;Начальник сектора;Первая линия;Мидл;9-А-А;1,00;;Москва
f13ac37f-a208-4f76-b7bc-3ebe7d30559c;10110907;Подразделения центрального подчинения;10214918;Дирекция сервисных центров;10229245;"Объединенный сервисный центр ""Москва""";10228181;"Сервисный центр ""Архив""";10228183;Архив №1 (Томилино);10308486;Сектор использования документов №1;35147537;Главный специалист;Первая линия;Бэк;8-А-А;1,00;;Москва
b6c3c8a1-3319-48d7-9c6f-abe85ff4fcf9;10110907;Подразделения центрального подчинения;10214918;Дирекция сервисных центров;10229245;"Объединенный сервисный центр ""Москва""";10228181;"Сервисный центр ""Архив""";10228183;Архив №1 (Томилино);10308486;Сектор использования документов №1;35147540;Главный специалист;Первая линия;Бэк;8-А-А;1,00;;Москва
e948b041-f97b-48be-a075-d327913c7d36;10110907;Подразделения центрального подчинения;10214918;Дирекция сервисных центров;10229245;"Объединенный сервисный центр ""Москва""";10228181;"Сервисный центр ""Архив""";10228183;Архив №1 (Томилино);10308486;Сектор использования документов №1;35331239;Главный специалист;Первая линия;Бэк;8-А-А;1,00;;Москва
a2e40cc0-c3b1-4d26-b8a0-d8ea5a7ed605;10110907;Подразделения центрального подчинения;10214918;Дирекция сервисных центров;10229245;"Объединенный сервисный центр ""Москва""";10228181;"Сервисный центр ""Архив""";10228183;Архив №1 (Томилино);10308486;Сектор использования документов №1;35147541;Ведущий специалист;Первая линия;Бэк;7-А-А;1,00;;Москва
0e126ad2-e54e-4a26-aabc-a8c13ccfe0bc;10110907;Подразделения центрального подчинения;10214918;Дирекция сервисных центров;10229245;"Объединенный сервисный центр ""Москва""";10228181;"Сервисный центр ""Архив""";10228183;Архив №1 (Томилино);10308486;Сектор использования документов №1;35147544;Ведущий специалист;Первая линия;Бэк;7-А-А;1,00;;Москва
15ba49c9-9e1f-403e-ac57-2870dc13197e;10110907;Подразделения центрального подчинения;10214918;Дирекция сервисных центров;10229245;"Объединенный сервисный центр ""Москва""";10228181;"Сервисный центр ""Архив""";10228183;Архив №1 (Томилино);10308486;Сектор использования документов №1;35147546;Ведущий специалист;Первая линия;Бэк;7-А-А;1,00;;Москва
401ec40c-6f9a-4967-8b2d-1e126e08823b;10110907;Подразделения центрального подчинения;10214918;Дирекция сервисных центров;10229245;"Объединенный сервисный центр ""Москва""";10228181;"Сервисный центр ""Архив""";10228183;Архив №1 (Томилино);10308486;Сектор использования документов №1;35331240;Ведущий специалист;Первая линия;Бэк;7-А-А;1,00;;Москва
fc5ca18a-da13-4c0f-90f2-6fa058a31220;10110907;Подразделения центрального подчинения;10214918;Дирекция сервисных центров;10229245;"Объединенный сервисный центр ""Москва""";10228181;"Сервисный центр ""Архив""";10228183;Архив №1 (Томилино);10308486;Сектор использования документов №1;35331241;Ведущий специалист;Первая линия;Бэк;7-А-А;1,00;;Москва
c77d6dad-35ee-4cae-a0c5-e5b8b4b41966;10110907;Подразделения центрального подчинения;10214918;Дирекция сервисных центров;10229245;"Объединенный сервисный центр ""Москва""";10228181;"Сервисный центр ""Архив""";10228183;Архив №1 (Томилино);10308486;Сектор использования документов №1;35331241;Ведущий специалист;Первая линия;Бэк;7-А-А;0,00;в отпуске по уходу за ребенком по 05.09.2026;Москва
1c3b0b14-d4c3-41d9-85d0-0e97129f57ac;10110907;Подразделения центрального подчинения;10214918;Дирекция сервисных центров;10229245;"Объединенный сервисный центр ""Москва""";10228181;"Сервисный центр ""Архив""";10228183;Архив №1 (Томилино);10308486;Сектор использования документов №1;35532660;Ведущий специалист;Первая линия;Бэк;7-А-А;1,00;;Москва
768b0c83-a8c9-4490-8b1a-24bbefc90a74;10110907;Подразделения центрального подчинения;10214918;Дирекция сервисных центров;10229245;"Объединенный сервисный центр ""Москва""";10228181;"Сервисный центр ""Архив""";10228183;Архив №1 (Томилино);10308486;Сектор использования документов №1;35147550;Старший специалист;Первая линия;Бэк;6-А-А;1,00;;Москва
4ba33406-79d5-429d-bfb5-8abd67af9e4f;10110907;Подразделения центрального подчинения;10214918;Дирекция сервисных центров;10229245;"Объединенный сервисный центр ""Москва""";10228181;"Сервисный центр ""Архив""";10228183;Архив №1 (Томилино);10308486;Сектор использования документов №1;35223149;Старший специалист;Первая линия;Бэк;5-А-А;1,00;;Москва
0c3f3b6a-bfe9-45d1-977b-64a132a228de;10110907;Подразделения центрального подчинения;10214918;Дирекция сервисных центров;10229245;"Объединенный сервисный центр ""Москва""";10228181;"Сервисный центр ""Архив""";10228183;Архив №1 (Томилино);10308486;Сектор использования документов №1;35331242;Старший специалист;Первая линия;Бэк;5-А-А;1,00;;Москва
7c2efabf-c713-4a32-a0da-4c9a7f903f38;10110907;Подразделения центрального подчинения;10214918;Дирекция сервисных центров;10229245;"Объединенный сервисный центр ""Москва""";10228181;"Сервисный центр ""Архив""";10228183;Архив №1 (Томилино);10308486;Сектор использования документов №1;35331243;Старший специалист;Первая линия;Бэк;5-А-А;1,00;;Москва
b93007b2-2a2e-4b6f-b6ae-2215cd177a9b;10110907;Подразделения центрального подчинения;10214918;Дирекция сервисных центров;10229245;"Объединенный сервисный центр ""Москва""";10228181;"Сервисный центр ""Архив""";10228183;Архив №1 (Томилино);10308486;Сектор использования документов №1;35331244;Старший специалист;Первая линия;Бэк;5-А-А;1,00;;Москва
56b30f49-ae5e-4d0c-8ace-c6f8abb15b25;10110907;Подразделения центрального подчинения;10214918;Дирекция сервисных центров;10229245;"Объединенный сервисный центр ""Москва""";10228181;"Сервисный центр ""Архив""";10228183;Архив №1 (Томилино);10308486;Сектор использования документов №1;35147557;Специалист;Первая линия;Бэк;4-А-А;0,00;в отпуске по уходу за ребенком по 13.12.2026;Москва
dea3b507-5a05-4ad8-b5ff-193dc2311ccc;10110907;Подразделения центрального подчинения;10214918;Дирекция сервисных центров;10229245;"Объединенный сервисный центр ""Москва""";10228181;"Сервисный центр ""Архив""";10228183;Архив №1 (Томилино);10308486;Сектор использования документов №1;35147557;Специалист;Первая линия;Бэк;4-А-А;1,00;;Москва
143dc9c4-133b-4507-87cf-b9a41861ec1b;10110907;Подразделения центрального подчинения;10214918;Дирекция сервисных центров;10229245;"Объединенный сервисный центр ""Москва""";10228181;"Сервисный центр ""Архив""";10228183;Архив №1 (Томилино);10308486;Сектор использования документов №1;35147560;Специалист;Первая линия;Бэк;4-А-А;1,00;;Москва
bf013eb7-9e4a-4a64-857d-e88e9560e613;10110907;Подразделения центрального подчинения;10214918;Дирекция сервисных центров;10229245;"Объединенный сервисный центр ""Москва""";10228181;"Сервисный центр ""Архив""";10228183;Архив №1 (Томилино);10308486;Сектор использования документов №1;35147566;Специалист;Первая линия;Бэк;4-А-А;0,00;в отпуске по уходу за ребенком по 31.08.2026;Москва
03f66574-407f-442b-a78e-0a72db5b05e6;10110907;Подразделения центрального подчинения;10214918;Дирекция сервисных центров;10229245;"Объединенный сервисный центр ""Москва""";10228181;"Сервисный центр ""Архив""";10228183;Архив №1 (Томилино);10308486;Сектор использования документов №1;35147566;Специалист;Первая линия;Бэк;4-А-А;1,00;;Москва
75054b20-f2c3-4642-90ac-0b7b74c5c549;10110907;Подразделения центрального подчинения;10214918;Дирекция сервисных центров;10229245;"Объединенный сервисный центр ""Москва""";10228181;"Сервисный центр ""Архив""";10228183;Архив №1 (Томилино);10308486;Сектор использования документов №1;35147568;Специалист;Первая линия;Бэк;4-А-А;1,00;;Москва
64ab37ae-efd1-45f5-a61c-aa4b57c2adec;10110907;Подразделения центрального подчинения;10214918;Дирекция сервисных центров;10229245;"Объединенный сервисный центр ""Москва""";10228181;"Сервисный центр ""Архив""";10228183;Архив №1 (Томилино);10308486;Сектор использования документов №1;35331245;Специалист;Первая линия;Бэк;4-А-А;1,00;;Москва
8484ccbc-d193-43ec-9dbd-0ca553086655;10110907;Подразделения центрального подчинения;10214918;Дирекция сервисных центров;10229245;"Объединенный сервисный центр ""Москва""";10228181;"Сервисный центр ""Архив""";10228183;Архив №1 (Томилино);10308487;Сектор использования документов №2;35147569;Начальник сектора;Первая линия;Мидл;9-А-А;1,00;;Москва
5086fa8f-37e4-4cac-a334-b532fe23616d;10110907;Подразделения центрального подчинения;10214918;Дирекция сервисных центров;10229245;"Объединенный сервисный центр ""Москва""";10228181;"Сервисный центр ""Архив""";10228183;Архив №1 (Томилино);10308487;Сектор использования документов №2;35147571;Главный специалист;Первая линия;Бэк;8-А-А;1,00;;Москва
b3f6cc49-2021-44b8-b872-f830d101bc24;10110907;Подразделения центрального подчинения;10214918;Дирекция сервисных центров;10229245;"Объединенный сервисный центр ""Москва""";10228181;"Сервисный центр ""Архив""";10228183;Архив №1 (Томилино);10308487;Сектор использования документов №2;35147572;Главный специалист;Первая линия;Бэк;8-А-А;1,00;;Москва
be3cd81f-7044-40e9-bddd-411760102982;10110907;Подразделения центрального подчинения;10214918;Дирекция сервисных центров;10229245;"Объединенный сервисный центр ""Москва""";10228181;"Сервисный центр ""Архив""";10228183;Архив №1 (Томилино);10308487;Сектор использования документов №2;35331246;Главный специалист;Первая линия;Бэк;8-А-А;1,00;;Москва
cb39cf4e-baaf-4e1c-9e07-7b5c24470853;10110907;Подразделения центрального подчинения;10214918;Дирекция сервисных центров;10229245;"Объединенный сервисный центр ""Москва""";10228181;"Сервисный центр ""Архив""";10228183;Архив №1 (Томилино);10308487;Сектор использования документов №2;35331247;Главный специалист;Первая линия;Бэк;8-А-А;1,00;;Москва
981c55a4-d109-4a03-96b7-c2f173b6fe62;10110907;Подразделения центрального подчинения;10214918;Дирекция сервисных центров;10229245;"Объединенный сервисный центр ""Москва""";10228181;"Сервисный центр ""Архив""";10228183;Архив №1 (Томилино);10308487;Сектор использования документов №2;35147573;Ведущий специалист;Первая линия;Бэк;7-А-А;1,00;;Москва
c035ae5d-9b22-4f7b-b7fb-595d52425397;10110907;Подразделения центрального подчинения;10214918;Дирекция сервисных центров;10229245;"Объединенный сервисный центр ""Москва""";10228181;"Сервисный центр ""Архив""";10228183;Архив №1 (Томилино);10308487;Сектор использования документов №2;35147576;Ведущий специалист;Первая линия;Бэк;7-А-А;1,00;;Москва
26b3e0bd-eb88-4a57-8399-97718032c496;10110907;Подразделения центрального подчинения;10214918;Дирекция сервисных центров;10229245;"Объединенный сервисный центр ""Москва""";10228181;"Сервисный центр ""Архив""";10228183;Архив №1 (Томилино);10308487;Сектор использования документов №2;35147582;Старший специалист;Первая линия;Бэк;6-А-А;1,00;;Москва
ba7c374a-6af0-4661-8a23-8f4f699fc589;10110907;Подразделения центрального подчинения;10214918;Дирекция сервисных центров;10229245;"Объединенный сервисный центр ""Москва""";10228181;"Сервисный центр ""Архив""";10228183;Архив №1 (Томилино);10308487;Сектор использования документов №2;35147585;Старший специалист;Первая линия;Бэк;6-А-А;1,00;;Москва
994588bc-60b8-4ff9-8113-634fcf6c41a2;10110907;Подразделения центрального подчинения;10214918;Дирекция сервисных центров;10229245;"Объединенный сервисный центр ""Москва""";10228181;"Сервисный центр ""Архив""";10228183;Архив №1 (Томилино);10308487;Сектор использования документов №2;35331248;Старший специалист;Первая линия;Бэк;6-А-А;1,00;;Москва
678e3cb8-0f48-43e5-97a7-f945afae2703;10110907;Подразделения центрального подчинения;10214918;Дирекция сервисных центров;10229245;"Объединенный сервисный центр ""Москва""";10228181;"Сервисный центр ""Архив""";10228183;Архив №1 (Томилино);10308487;Сектор использования документов №2;35532661;Старший специалист;Первая линия;Бэк;6-А-А;0,00;в отпуске по уходу за ребенком по 02.10.2026;Москва
e2d3dfd8-288f-4ed2-9e83-50a5a923559e;10110907;Подразделения центрального подчинения;10214918;Дирекция сервисных центров;10229245;"Объединенный сервисный центр ""Москва""";10228181;"Сервисный центр ""Архив""";10228183;Архив №1 (Томилино);10308487;Сектор использования документов №2;35532661;Старший специалист;Первая линия;Бэк;6-А-А;1,00;;Москва
09b815f8-c184-47e2-9bbb-b2a29d14c95f;10110907;Подразделения центрального подчинения;10214918;Дирекция сервисных центров;10229245;"Объединенный сервисный центр ""Москва""";10228181;"Сервисный центр ""Архив""";10228183;Архив №1 (Томилино);10308487;Сектор использования документов №2;35532662;Старший специалист;Первая линия;Бэк;6-А-А;1,00;;Москва
9d989f39-8fb5-49f3-b24d-1e83218a9372;10110907;Подразделения центрального подчинения;10214918;Дирекция сервисных центров;10229245;"Объединенный сервисный центр ""Москва""";10228181;"Сервисный центр ""Архив""";10228183;Архив №1 (Томилино);10308487;Сектор использования документов №2;35532663;Старший специалист;Первая линия;Бэк;6-А-А;1,00;;Москва
6f01e1ae-b29a-4a57-a607-c548df842953;10110907;Подразделения центрального подчинения;10214918;Дирекция сервисных центров;10229245;"Объединенный сервисный центр ""Москва""";10228181;"Сервисный центр ""Архив""";10228183;Архив №1 (Томилино);10308487;Сектор использования документов №2;35223150;Старший специалист;Первая линия;Бэк;5-А-А;1,00;;Москва
2099eabd-b44f-4772-8714-e80955784667;10110907;Подразделения центрального подчинения;10214918;Дирекция сервисных центров;10229245;"Объединенный сервисный центр ""Москва""";10228181;"Сервисный центр ""Архив""";10228183;Архив №1 (Томилино);10308487;Сектор использования документов №2;35147586;Специалист;Первая линия;Бэк;4-А-А;1,00;;Москва
85fdba96-4a64-4491-ab84-6b58f2b5670b;10110907;Подразделения центрального подчинения;10214918;Дирекция сервисных центров;10229245;"Объединенный сервисный центр ""Москва""";10228181;"Сервисный центр ""Архив""";10228183;Архив №1 (Томилино);10308487;Сектор использования документов №2;35147589;Специалист;Первая линия;Бэк;4-А-А;1,00;;Москва
d5fd59ce-b4bc-4744-a7bf-7b80b3d5fb4a;10110907;Подразделения центрального подчинения;10214918;Дирекция сервисных центров;10229245;"Объединенный сервисный центр ""Москва""";10228181;"Сервисный центр ""Архив""";10228183;Архив №1 (Томилино);10308487;Сектор использования документов №2;35147592;Специалист;Первая линия;Бэк;4-А-А;1,00;;Москва
a54f37d9-0d16-4fff-85cb-e02603d96ed7;10110907;Подразделения центрального подчинения;10214918;Дирекция сервисных центров;10229245;"Объединенный сервисный центр ""Москва""";10228181;"Сервисный центр ""Архив""";10228183;Архив №1 (Томилино);10308487;Сектор использования документов №2;35147593;Специалист;Первая линия;Бэк;4-А-А;1,00;;Москва
92784241-d26c-4793-9e74-c61636f91ce8;10110907;Подразделения центрального подчинения;10214918;Дирекция сервисных центров;10229245;"Объединенный сервисный центр ""Москва""";10228181;"Сервисный центр ""Архив""";10228183;Архив №1 (Томилино);10308487;Сектор использования документов №2;35147595;Специалист;Первая линия;Бэк;4-А-А;0,00;в отпуске по уходу за ребенком по 24.05.2027;Москва
2372a2e6-6279-477f-8029-1b7d4b910b4f;10110907;Подразделения центрального подчинения;10214918;Дирекция сервисных центров;10229245;"Объединенный сервисный центр ""Москва""";10228181;"Сервисный центр ""Архив""";10228183;Архив №1 (Томилино);10308487;Сектор использования документов №2;35147595;Специалист;Первая линия;Бэк;4-А-А;1,00;;Москва
459a6f09-e20b-45be-ad3b-14bf3df160c2;10110907;Подразделения центрального подчинения;10214918;Дирекция сервисных центров;10229245;"Объединенный сервисный центр ""Москва""";10228181;"Сервисный центр ""Архив""";10228183;Архив №1 (Томилино);10308487;Сектор использования документов №2;35147600;Специалист;Первая линия;Бэк;4-А-А;1,00;;Москва
0276554c-b642-4672-8ccd-ed65bcc79fdd;10110907;Подразделения центрального подчинения;10214918;Дирекция сервисных центров;10229245;"Объединенный сервисный центр ""Москва""";10228181;"Сервисный центр ""Архив""";10228183;Архив №1 (Томилино);10308488;Сектор использования документов №3;35147601;Начальник сектора;Первая линия;Мидл;9-А-А;1,00;;Москва
75a590f9-73f1-4cd4-8b2e-2659bbfe1d7e;10110907;Подразделения центрального подчинения;10214918;Дирекция сервисных центров;10229245;"Объединенный сервисный центр ""Москва""";10228181;"Сервисный центр ""Архив""";10228183;Архив №1 (Томилино);10308488;Сектор использования документов №3;35147602;Главный специалист;Первая линия;Бэк;8-А-А;1,00;;Москва
8b39762c-7f22-4664-b387-cee3356fed23;10110907;Подразделения центрального подчинения;10214918;Дирекция сервисных центров;10229245;"Объединенный сервисный центр ""Москва""";10228181;"Сервисный центр ""Архив""";10228183;Архив №1 (Томилино);10308488;Сектор использования документов №3;35147604;Главный специалист;Первая линия;Бэк;8-А-А;1,00;;Москва
8b79dde9-7583-4f9b-a610-4763cb32da06;10110907;Подразделения центрального подчинения;10214918;Дирекция сервисных центров;10229245;"Объединенный сервисный центр ""Москва""";10228181;"Сервисный центр ""Архив""";10228183;Архив №1 (Томилино);10308488;Сектор использования документов №3;35599549;Главный специалист;Первая линия;Бэк;8-А-А;1,00;;Москва
7a08d2c0-c584-4b99-8c8b-3ccd6e05c860;10110907;Подразделения центрального подчинения;10214918;Дирекция сервисных центров;10229245;"Объединенный сервисный центр ""Москва""";10228181;"Сервисный центр ""Архив""";10228183;Архив №1 (Томилино);10308488;Сектор использования документов №3;35147607;Ведущий специалист;Первая линия;Бэк;7-А-А;1,00;;Москва
d0e8e52c-d0d5-40f3-bf75-30d0180a2b30;10110907;Подразделения центрального подчинения;10214918;Дирекция сервисных центров;10229245;"Объединенный сервисный центр ""Москва""";10228181;"Сервисный центр ""Архив""";10228183;Архив №1 (Томилино);10308488;Сектор использования документов №3;35147611;Ведущий специалист;Первая линия;Бэк;7-А-А;1,00;;Москва
8b010d74-2cab-4dfe-adb2-40827e4fab6d;10110907;Подразделения центрального подчинения;10214918;Дирекция сервисных центров;10229245;"Объединенный сервисный центр ""Москва""";10228181;"Сервисный центр ""Архив""";10228183;Архив №1 (Томилино);10308488;Сектор использования документов №3;35532664;Ведущий специалист;Первая линия;Бэк;7-А-А;1,00;;Москва
7fcab4e7-5b63-4eed-a5c6-4753d6721c21;10110907;Подразделения центрального подчинения;10214918;Дирекция сервисных центров;10229245;"Объединенный сервисный центр ""Москва""";10228181;"Сервисный центр ""Архив""";10228183;Архив №1 (Томилино);10308488;Сектор использования документов №3;35331249;Старший специалист;Первая линия;Бэк;6-А-А;1,00;;Москва
e6747591-fa74-4f74-bc4f-0c92f6bbfc03;10110907;Подразделения центрального подчинения;10214918;Дирекция сервисных центров;10229245;"Объединенный сервисный центр ""Москва""";10228181;"Сервисный центр ""Архив""";10228183;Архив №1 (Томилино);10308488;Сектор использования документов №3;35223155;Старший специалист;Первая линия;Бэк;5-А-А;1,00;;Москва
901fc992-4118-4fe3-b202-f3ef05007b18;10110907;Подразделения центрального подчинения;10214918;Дирекция сервисных центров;10229245;"Объединенный сервисный центр ""Москва""";10228181;"Сервисный центр ""Архив""";10228183;Архив №1 (Томилино);10308488;Сектор использования документов №3;35223156;Старший специалист;Первая линия;Бэк;5-А-А;1,00;;Москва
dea53d12-bab6-47f4-bda6-93cc5556d5d6;10110907;Подразделения центрального подчинения;10214918;Дирекция сервисных центров;10229245;"Объединенный сервисный центр ""Москва""";10228181;"Сервисный центр ""Архив""";10228183;Архив №1 (Томилино);10308488;Сектор использования документов №3;35223157;Старший специалист;Первая линия;Бэк;5-А-А;1,00;;Москва
02611110-df77-4bda-b8e4-24acb0ea71e0;10110907;Подразделения центрального подчинения;10214918;Дирекция сервисных центров;10229245;"Объединенный сервисный центр ""Москва""";10228181;"Сервисный центр ""Архив""";10228183;Архив №1 (Томилино);10308488;Сектор использования документов №3;35331250;Старший специалист;Первая линия;Бэк;5-А-А;1,00;;Москва
30fc5f99-9771-4b47-acc0-a5b6716d9aff;10110907;Подразделения центрального подчинения;10214918;Дирекция сервисных центров;10229245;"Объединенный сервисный центр ""Москва""";10228181;"Сервисный центр ""Архив""";10228183;Архив №1 (Томилино);10308488;Сектор использования документов №3;35147621;Специалист;Первая линия;Бэк;4-А-А;1,00;;Москва
ac116f02-5aa6-4604-8b78-9280bbe62425;10110907;Подразделения центрального подчинения;10214918;Дирекция сервисных центров;10229245;"Объединенный сервисный центр ""Москва""";10228181;"Сервисный центр ""Архив""";10228183;Архив №1 (Томилино);10308488;Сектор использования документов №3;35147623;Специалист;Первая линия;Бэк;4-А-А;1,00;;Москва
37fd54ae-6c2b-4cac-83b6-ed5fbef8ef34;10110907;Подразделения центрального подчинения;10214918;Дирекция сервисных центров;10229245;"Объединенный сервисный центр ""Москва""";10228181;"Сервисный центр ""Архив""";10228183;Архив №1 (Томилино);10308488;Сектор использования документов №3;35147624;Специалист;Первая линия;Бэк;4-А-А;1,00;;Москва
d3177af7-a5fe-4da4-8ae6-a3fa857f066f;10110907;Подразделения центрального подчинения;10214918;Дирекция сервисных центров;10229245;"Объединенный сервисный центр ""Москва""";10228181;"Сервисный центр ""Архив""";10228183;Архив №1 (Томилино);10308488;Сектор использования документов №3;35147626;Специалист;Первая линия;Бэк;4-А-А;1,00;;Москва
287360b5-83d2-477a-b5ab-0e58c8b634b7;10110907;Подразделения центрального подчинения;10214918;Дирекция сервисных центров;10229245;"Объединенный сервисный центр ""Москва""";10228181;"Сервисный центр ""Архив""";10228183;Архив №1 (Томилино);10308488;Сектор использования документов №3;35147630;Специалист;Первая линия;Бэк;4-А-А;1,00;;Москва
a69c3dd4-2a29-4d04-8c89-a0aff3847493;10110907;Подразделения центрального подчинения;10214918;Дирекция сервисных центров;10229245;"Объединенный сервисный центр ""Москва""";10228181;"Сервисный центр ""Архив""";10228183;Архив №1 (Томилино);10308488;Сектор использования документов №3;35147631;Специалист;Первая линия;Бэк;4-А-А;1,00;;Москва
5ad8e006-cd00-4c6b-9e26-86a34ca07f9c;10110907;Подразделения центрального подчинения;10214918;Дирекция сервисных центров;10229245;"Объединенный сервисный центр ""Москва""";10228181;"Сервисный центр ""Архив""";10228183;Архив №1 (Томилино);10308488;Сектор использования документов №3;35532665;Специалист;Первая линия;Бэк;4-А-А;1,00;;Москва
fca08056-dbd4-4969-9a71-697aa5dbd2ea;10110907;Подразделения центрального подчинения;10214918;Дирекция сервисных центров;10229245;"Объединенный сервисный центр ""Москва""";10228181;"Сервисный центр ""Архив""";10228183;Архив №1 (Томилино);10308488;Сектор использования документов №3;35532666;Специалист;Первая линия;Бэк;4-А-А;1,00;;Москва
048377d8-a00c-4f41-8471-e17c8d28d60e;10110907;Подразделения центрального подчинения;10214918;Дирекция сервисных центров;10229248;"Объединенный сервисный центр ""Воронеж""";10233323;"Сервисный центр ""Архив""(на правах управления)";;;;;34562690;Начальник центра;Первая линия;Бэк;12-А-А;1,00;;Воронеж
4c79abeb-b852-4007-a6aa-65e2109da5e1;10110907;Подразделения центрального подчинения;10214918;Дирекция сервисных центров;10229248;"Объединенный сервисный центр ""Воронеж""";10233323;"Сервисный центр ""Архив""(на правах управления)";;;;;35147029;Менеджер;Первая линия;Бэк;9-А-А;1,00;;Воронеж
3177379e-5f02-43ca-a9b5-992070a1e16c;10110907;Подразделения центрального подчинения;10214918;Дирекция сервисных центров;10229248;"Объединенный сервисный центр ""Воронеж""";10233323;"Сервисный центр ""Архив""(на правах управления)";;;;;35761746;Менеджер;Первая линия;Бэк;9-А-А;1,00;;Воронеж
545c9ea1-6090-42e1-ace3-00a80ee4a4f9;10110907;Подразделения центрального подчинения;10214918;Дирекция сервисных центров;10229248;"Объединенный сервисный центр ""Воронеж""";10233323;"Сервисный центр ""Архив""(на правах управления)";;;;;35789911;Менеджер;Первая линия;Бэк;9-А-А;1,00;;Воронеж
e968d033-c4ae-448e-aaca-148445e829c1;10110907;Подразделения центрального подчинения;10214918;Дирекция сервисных центров;10229248;"Объединенный сервисный центр ""Воронеж""";10233323;"Сервисный центр ""Архив""(на правах управления)";;;;;35147035;Главный специалист;Первая линия;Бэк;7-А-А;1,00;;Воронеж
0bfc7380-12a2-4f31-8bbb-802c182518d3;10110907;Подразделения центрального подчинения;10214918;Дирекция сервисных центров;10229248;"Объединенный сервисный центр ""Воронеж""";10233323;"Сервисный центр ""Архив""(на правах управления)";;;;;35147036;Главный специалист;Первая линия;Бэк;7-А-А;1,00;;Воронеж
b05e1a53-49a2-4b8c-ae60-71a63d32e7d4;10110907;Подразделения центрального подчинения;10214918;Дирекция сервисных центров;10229248;"Объединенный сервисный центр ""Воронеж""";10233323;"Сервисный центр ""Архив""(на правах управления)";;;;;35761747;Главный специалист;Первая линия;Бэк;7-А-А;1,00;;Воронеж
5bb114a9-15db-417a-a550-19a97e241189;10110907;Подразделения центрального подчинения;10214918;Дирекция сервисных центров;10229248;"Объединенный сервисный центр ""Воронеж""";10233323;"Сервисный центр ""Архив""(на правах управления)";;;;;35761748;Главный специалист;Первая линия;Бэк;7-А-А;1,00;;Воронеж
0beedab2-bce5-4fde-9704-5b57df2e0c61;10110907;Подразделения центрального подчинения;10214918;Дирекция сервисных центров;10229248;"Объединенный сервисный центр ""Воронеж""";10233323;"Сервисный центр ""Архив""(на правах управления)";;;;;35761749;Главный специалист;Первая линия;Бэк;7-А-А;1,00;;Воронеж
c4c5bc91-7969-44ee-866a-bfd376e18b4a;10110907;Подразделения центрального подчинения;10214918;Дирекция сервисных центров;10229248;"Объединенный сервисный центр ""Воронеж""";10233323;"Сервисный центр ""Архив""(на правах управления)";;;;;35761749;Главный специалист;Первая линия;Бэк;7-А-А;0,00;в отпуске по уходу за ребенком по 06.05.2027;Воронеж
762b1b99-dfb2-4293-bd8b-253e23173a2e;10110907;Подразделения центрального подчинения;10214918;Дирекция сервисных центров;10229248;"Объединенный сервисный центр ""Воронеж""";10233323;"Сервисный центр ""Архив""(на правах управления)";;;;;35762800;Главный специалист;Первая линия;Бэк;7-А-А;1,00;;Воронеж
f5192381-6727-41ae-9534-558f93626774;10110907;Подразделения центрального подчинения;10214918;Дирекция сервисных центров;10229248;"Объединенный сервисный центр ""Воронеж""";10233323;"Сервисный центр ""Архив""(на правах управления)";;;;;35147039;Ведущий специалист;Первая линия;Бэк;5-А-А;1,00;;Воронеж
30d86fab-a07d-4383-91f3-a098ac4dd12f;10110907;Подразделения центрального подчинения;10214918;Дирекция сервисных центров;10229248;"Объединенный сервисный центр ""Воронеж""";10233323;"Сервисный центр ""Архив""(на правах управления)";;;;;35147040;Ведущий специалист;Первая линия;Бэк;5-А-А;1,00;;Воронеж
5388a7dc-9023-41e7-a4f1-8ba51ec0b164;10110907;Подразделения центрального подчинения;10214918;Дирекция сервисных центров;10229248;"Объединенный сервисный центр ""Воронеж""";10233323;"Сервисный центр ""Архив""(на правах управления)";;;;;35762801;Ведущий специалист;Первая линия;Бэк;5-А-А;1,00;;Воронеж
a394c330-fc5d-4501-919a-953c907b909c;10110907;Подразделения центрального подчинения;10214918;Дирекция сервисных центров;10229248;"Объединенный сервисный центр ""Воронеж""";10233323;"Сервисный центр ""Архив""(на правах управления)";;;;;35147041;Старший специалист;Первая линия;Бэк;4-А-А;1,00;;Воронеж
44ed5fee-50a5-414b-8e2a-19c2210a84fd;10110907;Подразделения центрального подчинения;10214918;Дирекция сервисных центров;10229248;"Объединенный сервисный центр ""Воронеж""";10233323;"Сервисный центр ""Архив""(на правах управления)";;;;;35762802;Старший специалист;Первая линия;Бэк;4-А-А;1,00;;Воронеж
bca2812a-8c56-49e7-81ee-653884f6d096;10110907;Подразделения центрального подчинения;10214918;Дирекция сервисных центров;10229248;"Объединенный сервисный центр ""Воронеж""";10233323;"Сервисный центр ""Архив""(на правах управления)";10368385;Отдел информационного администрирования г. Ставрополь;;;35762856;Начальник отдела;Профи;Не присвоено;10-А-А;1,00;;Ставрополь
d3d999a7-ba8b-4ce9-b7df-996e8ae1841c;10110907;Подразделения центрального подчинения;10214918;Дирекция сервисных центров;10229248;"Объединенный сервисный центр ""Воронеж""";10233323;"Сервисный центр ""Архив""(на правах управления)";10368385;Отдел информационного администрирования г. Ставрополь;;;35762857;Главный специалист;Профи;Не присвоено;7-А-А;1,00;;Ставрополь
9a5f950d-386c-4a89-965b-b3a3af328ab8;10110907;Подразделения центрального подчинения;10214918;Дирекция сервисных центров;10229248;"Объединенный сервисный центр ""Воронеж""";10233323;"Сервисный центр ""Архив""(на правах управления)";10368385;Отдел информационного администрирования г. Ставрополь;;;35762858;Главный специалист;Профи;Не присвоено;7-А-А;1,00;;Ставрополь
01c1247f-12af-4f9a-845c-de542fd2b61c;10110907;Подразделения центрального подчинения;10214918;Дирекция сервисных центров;10229248;"Объединенный сервисный центр ""Воронеж""";10233323;"Сервисный центр ""Архив""(на правах управления)";10368385;Отдел информационного администрирования г. Ставрополь;;;35762859;Главный специалист;Профи;Не присвоено;7-А-А;1,00;;Ставрополь
2d312a96-419c-4e32-b221-221e9252a006;10110907;Подразделения центрального подчинения;10214918;Дирекция сервисных центров;10229248;"Объединенный сервисный центр ""Воронеж""";10233323;"Сервисный центр ""Архив""(на правах управления)";10368385;Отдел информационного администрирования г. Ставрополь;;;35762860;Главный специалист;Профи;Не присвоено;7-А-А;1,00;;Ставрополь
e1ac6183-bd86-4c14-bec7-a6d731458688;10110907;Подразделения центрального подчинения;10214918;Дирекция сервисных центров;10229248;"Объединенный сервисный центр ""Воронеж""";10233323;"Сервисный центр ""Архив""(на правах управления)";10368385;Отдел информационного администрирования г. Ставрополь;;;35762861;Главный специалист;Профи;Не присвоено;7-А-А;1,00;;Ставрополь
1ed05d58-c749-4ff0-90b4-768b2b594802;10110907;Подразделения центрального подчинения;10214918;Дирекция сервисных центров;10229248;"Объединенный сервисный центр ""Воронеж""";10233323;"Сервисный центр ""Архив""(на правах управления)";10368385;Отдел информационного администрирования г. Ставрополь;;;35789916;Главный специалист;Профи;Не присвоено;7-А-А;1,00;;Ставрополь
e1052306-fc22-4e0d-a111-36623b83610e;10110907;Подразделения центрального подчинения;10214918;Дирекция сервисных центров;10229248;"Объединенный сервисный центр ""Воронеж""";10233323;"Сервисный центр ""Архив""(на правах управления)";10368385;Отдел информационного администрирования г. Ставрополь;;;35762863;Ведущий специалист;Профи;Не присвоено;5-А-А;1,00;;Ставрополь
ccbeebe3-1fb6-4093-9957-d9eb9a17a657;10110907;Подразделения центрального подчинения;10214918;Дирекция сервисных центров;10229248;"Объединенный сервисный центр ""Воронеж""";10233323;"Сервисный центр ""Архив""(на правах управления)";10371975;Архив №2 г.Санкт-Петербург;;;35789917;Начальник отдела;Первая линия;Бэк;10-А-А;1,00;;Санкт-Петербург
b6cba796-492f-46ed-897a-33a93a57ab5c;10110907;Подразделения центрального подчинения;10214918;Дирекция сервисных центров;10229248;"Объединенный сервисный центр ""Воронеж""";10233323;"Сервисный центр ""Архив""(на правах управления)";10371975;Архив №2 г.Санкт-Петербург;;;35789918;Старший специалист;Первая линия;Бэк;4-А-А;1,00;;Санкт-Петербург
79ff9f47-2176-48cf-a861-09adb80ee17c;10110907;Подразделения центрального подчинения;10214918;Дирекция сервисных центров;10229248;"Объединенный сервисный центр ""Воронеж""";10233323;"Сервисный центр ""Архив""(на правах управления)";10371975;Архив №2 г.Санкт-Петербург;;;35789919;Старший специалист;Первая линия;Бэк;4-А-А;1,00;;Санкт-Петербург
623896f9-8ad6-45a7-98e3-342e60372290;10110907;Подразделения центрального подчинения;10214918;Дирекция сервисных центров;10229248;"Объединенный сервисный центр ""Воронеж""";10233323;"Сервисный центр ""Архив""(на правах управления)";10371975;Архив №2 г.Санкт-Петербург;;;35789920;Старший специалист;Первая линия;Бэк;4-А-А;1,00;;Санкт-Петербург
6afe9209-84dd-48fd-af81-2f95c92a26c0;10110907;Подразделения центрального подчинения;10214918;Дирекция сервисных центров;10229248;"Объединенный сервисный центр ""Воронеж""";10233323;"Сервисный центр ""Архив""(на правах управления)";10371975;Архив №2 г.Санкт-Петербург;10371977;Сектор использования документов;35789921;Заместитель начальника отдела-начальник сектора;Первая линия;Мидл;9-А-А;1,00;;Санкт-Петербург
664d67cb-232f-4751-ad4e-a04e4c76cbba;10110907;Подразделения центрального подчинения;10214918;Дирекция сервисных центров;10229248;"Объединенный сервисный центр ""Воронеж""";10233323;"Сервисный центр ""Архив""(на правах управления)";10371975;Архив №2 г.Санкт-Петербург;10371977;Сектор использования документов;35789922;Главный специалист;Первая линия;Бэк;7-А-А;1,00;;Санкт-Петербург
e83a938a-b699-4cba-bd68-9d017e193b34;10110907;Подразделения центрального подчинения;10214918;Дирекция сервисных центров;10229248;"Объединенный сервисный центр ""Воронеж""";10233323;"Сервисный центр ""Архив""(на правах управления)";10371975;Архив №2 г.Санкт-Петербург;10371977;Сектор использования документов;35789923;Главный специалист;Первая линия;Бэк;7-А-А;1,00;;Санкт-Петербург
bae3fd2c-3757-4d61-8f01-80bae546722a;10110907;Подразделения центрального подчинения;10214918;Дирекция сервисных центров;10229248;"Объединенный сервисный центр ""Воронеж""";10233323;"Сервисный центр ""Архив""(на правах управления)";10371975;Архив №2 г.Санкт-Петербург;10371977;Сектор использования документов;35789924;Главный специалист;Первая линия;Бэк;7-А-А;1,00;;Санкт-Петербург
ab53998f-cf14-4648-903a-bb69eff55580;10110907;Подразделения центрального подчинения;10214918;Дирекция сервисных центров;10229248;"Объединенный сервисный центр ""Воронеж""";10233323;"Сервисный центр ""Архив""(на правах управления)";10371975;Архив №2 г.Санкт-Петербург;10371977;Сектор использования документов;35790075;Главный специалист;Первая линия;Бэк;7-А-А;1,00;;Санкт-Петербург
9c4f34c8-0ede-4061-bde0-d1cf65649699;10110907;Подразделения центрального подчинения;10214918;Дирекция сервисных центров;10229248;"Объединенный сервисный центр ""Воронеж""";10233323;"Сервисный центр ""Архив""(на правах управления)";10371975;Архив №2 г.Санкт-Петербург;10371977;Сектор использования документов;35790076;Ведущий специалист;Первая линия;Бэк;5-А-А;1,00;;Санкт-Петербург
78bc2c51-a29a-459f-bce2-9c52875cddb3;10110907;Подразделения центрального подчинения;10214918;Дирекция сервисных центров;10229248;"Объединенный сервисный центр ""Воронеж""";10233323;"Сервисный центр ""Архив""(на правах управления)";10371975;Архив №2 г.Санкт-Петербург;10371977;Сектор использования документов;35790077;Ведущий специалист;Первая линия;Бэк;5-А-А;1,00;;Санкт-Петербург
aa28012c-55f1-4fa3-b005-e94b50c0dc43;10110907;Подразделения центрального подчинения;10214918;Дирекция сервисных центров;10229248;"Объединенный сервисный центр ""Воронеж""";10233323;"Сервисный центр ""Архив""(на правах управления)";10371975;Архив №2 г.Санкт-Петербург;10371977;Сектор использования документов;35790078;Ведущий специалист;Первая линия;Бэк;5-А-А;1,00;;Санкт-Петербург
6d05f9d1-76f6-49ed-80ea-2a378e2cc9eb;10110907;Подразделения центрального подчинения;10214918;Дирекция сервисных центров;10229248;"Объединенный сервисный центр ""Воронеж""";10233323;"Сервисный центр ""Архив""(на правах управления)";10371975;Архив №2 г.Санкт-Петербург;10371977;Сектор использования документов;35790079;Ведущий специалист;Первая линия;Бэк;5-А-А;1,00;;Санкт-Петербург
10905126-515f-4920-94d6-17fe3ea61da1;10110907;Подразделения центрального подчинения;10214918;Дирекция сервисных центров;10229248;"Объединенный сервисный центр ""Воронеж""";10233323;"Сервисный центр ""Архив""(на правах управления)";10371975;Архив №2 г.Санкт-Петербург;10371977;Сектор использования документов;35790080;Ведущий специалист;Первая линия;Бэк;5-А-А;1,00;;Санкт-Петербург
a825757d-c422-4950-8c1b-9792e815e866;10110907;Подразделения центрального подчинения;10214918;Дирекция сервисных центров;10229248;"Объединенный сервисный центр ""Воронеж""";10233323;"Сервисный центр ""Архив""(на правах управления)";10371975;Архив №2 г.Санкт-Петербург;10371977;Сектор использования документов;35790081;Ведущий специалист;Первая линия;Бэк;5-А-А;1,00;;Санкт-Петербург
415b7dce-5f76-4e24-8b11-0287e4144376;10110907;Подразделения центрального подчинения;10214918;Дирекция сервисных центров;10229248;"Объединенный сервисный центр ""Воронеж""";10233323;"Сервисный центр ""Архив""(на правах управления)";10371975;Архив №2 г.Санкт-Петербург;10371977;Сектор использования документов;35790082;Ведущий специалист;Первая линия;Бэк;5-А-А;1,00;;Санкт-Петербург
ef5811c6-fd37-4e23-b88a-17ebaa6f43e0;10110907;Подразделения центрального подчинения;10214918;Дирекция сервисных центров;10229248;"Объединенный сервисный центр ""Воронеж""";10233323;"Сервисный центр ""Архив""(на правах управления)";10371975;Архив №2 г.Санкт-Петербург;10371977;Сектор использования документов;35790083;Ведущий специалист;Первая линия;Бэк;5-А-А;1,00;;Санкт-Петербург
cd65958f-5b7c-4561-85a6-8c4eb74ce232;10110907;Подразделения центрального подчинения;10214918;Дирекция сервисных центров;10229248;"Объединенный сервисный центр ""Воронеж""";10233323;"Сервисный центр ""Архив""(на правах управления)";10371975;Архив №2 г.Санкт-Петербург;10371977;Сектор использования документов;35790084;Ведущий специалист;Первая линия;Бэк;5-А-А;1,00;;Санкт-Петербург
c23ec773-a10c-4862-bf67-5c623fc55b8b;10110907;Подразделения центрального подчинения;10214918;Дирекция сервисных центров;10229248;"Объединенный сервисный центр ""Воронеж""";10233323;"Сервисный центр ""Архив""(на правах управления)";10371975;Архив №2 г.Санкт-Петербург;10371977;Сектор использования документов;35790085;Ведущий специалист;Первая линия;Бэк;5-А-А;1,00;;Санкт-Петербург
0a507f4d-530a-4a3d-acc7-89fbe808679f;10110907;Подразделения центрального подчинения;10214918;Дирекция сервисных центров;10229248;"Объединенный сервисный центр ""Воронеж""";10233323;"Сервисный центр ""Архив""(на правах управления)";10371975;Архив №2 г.Санкт-Петербург;10371977;Сектор использования документов;35790086;Ведущий специалист;Первая линия;Бэк;5-А-А;1,00;;Санкт-Петербург
1886dc23-cf2a-4a9c-a480-77a4f7c696fb;10110907;Подразделения центрального подчинения;10214918;Дирекция сервисных центров;10229248;"Объединенный сервисный центр ""Воронеж""";10233323;"Сервисный центр ""Архив""(на правах управления)";10371975;Архив №2 г.Санкт-Петербург;10371977;Сектор использования документов;35790087;Ведущий специалист;Первая линия;Бэк;5-А-А;1,00;;Санкт-Петербург
35125d90-368c-49f1-9fc2-8bb04ddc872c;10110907;Подразделения центрального подчинения;10214918;Дирекция сервисных центров;10229248;"Объединенный сервисный центр ""Воронеж""";10233323;"Сервисный центр ""Архив""(на правах управления)";10371975;Архив №2 г.Санкт-Петербург;10371977;Сектор использования документов;35790088;Ведущий специалист;Первая линия;Бэк;5-А-А;1,00;;Санкт-Петербург
30d03942-f39f-48ca-9d02-f10fcc649148;10110907;Подразделения центрального подчинения;10214918;Дирекция сервисных центров;10229248;"Объединенный сервисный центр ""Воронеж""";10233323;"Сервисный центр ""Архив""(на правах управления)";10371975;Архив №2 г.Санкт-Петербург;10371977;Сектор использования документов;35790089;Ведущий специалист;Первая линия;Бэк;5-А-А;1,00;;Санкт-Петербург
233bff27-9376-4a27-ba22-f92c961c4ea5;10110907;Подразделения центрального подчинения;10214918;Дирекция сервисных центров;10229248;"Объединенный сервисный центр ""Воронеж""";10233323;"Сервисный центр ""Архив""(на правах управления)";10371975;Архив №2 г.Санкт-Петербург;10371977;Сектор использования документов;35790090;Старший специалист;Первая линия;Бэк;4-А-А;0,00;в отпуске по уходу за ребенком по 09.03.2026;Санкт-Петербург
3e7a2232-af44-4d39-b6a7-996990ee1cac;10110907;Подразделения центрального подчинения;10214918;Дирекция сервисных центров;10229248;"Объединенный сервисный центр ""Воронеж""";10233323;"Сервисный центр ""Архив""(на правах управления)";10371975;Архив №2 г.Санкт-Петербург;10371977;Сектор использования документов;35790090;Старший специалист;Первая линия;Бэк;4-А-А;1,00;;Санкт-Петербург
486b79df-a9e9-41a3-a0eb-5a9dae371ff8;10110907;Подразделения центрального подчинения;10214918;Дирекция сервисных центров;10229248;"Объединенный сервисный центр ""Воронеж""";10233323;"Сервисный центр ""Архив""(на правах управления)";10371975;Архив №2 г.Санкт-Петербург;10371977;Сектор использования документов;35790091;Старший специалист;Первая линия;Бэк;4-А-А;1,00;;Санкт-Петербург
321e8f28-5c1e-4a4e-a4bb-f8be073d2098;10110907;Подразделения центрального подчинения;10214918;Дирекция сервисных центров;10229248;"Объединенный сервисный центр ""Воронеж""";10233323;"Сервисный центр ""Архив""(на правах управления)";10371975;Архив №2 г.Санкт-Петербург;10371977;Сектор использования документов;35790092;Старший специалист;Первая линия;Бэк;4-А-А;1,00;;Санкт-Петербург
b8d673f4-d612-4b1c-8462-0169e8730bf7;10110907;Подразделения центрального подчинения;10214918;Дирекция сервисных центров;10229248;"Объединенный сервисный центр ""Воронеж""";10233323;"Сервисный центр ""Архив""(на правах управления)";10371975;Архив №2 г.Санкт-Петербург;10371977;Сектор использования документов;35790093;Старший специалист;Первая линия;Бэк;4-А-А;1,00;;Санкт-Петербург
7c9d02b8-04c3-4df6-a37f-b2c1ab4a1002;10110907;Подразделения центрального подчинения;10214918;Дирекция сервисных центров;10229248;"Объединенный сервисный центр ""Воронеж""";10233323;"Сервисный центр ""Архив""(на правах управления)";10371975;Архив №2 г.Санкт-Петербург;10371977;Сектор использования документов;35790094;Старший специалист;Первая линия;Бэк;4-А-А;1,00;;Санкт-Петербург
8894b999-ca81-47e1-8983-2c643f988767;10110907;Подразделения центрального подчинения;10214918;Дирекция сервисных центров;10229248;"Объединенный сервисный центр ""Воронеж""";10233323;"Сервисный центр ""Архив""(на правах управления)";10371975;Архив №2 г.Санкт-Петербург;10371977;Сектор использования документов;35790095;Старший специалист;Первая линия;Бэк;4-А-А;1,00;;Санкт-Петербург
dd7e6612-4b80-4b83-8a12-473533584db7;10110907;Подразделения центрального подчинения;10214918;Дирекция сервисных центров;10229248;"Объединенный сервисный центр ""Воронеж""";10233323;"Сервисный центр ""Архив""(на правах управления)";10371975;Архив №2 г.Санкт-Петербург;10371977;Сектор использования документов;35790096;Старший специалист;Первая линия;Бэк;4-А-А;1,00;;Санкт-Петербург
addc8732-03c8-4452-b1cc-70fc1eebe325;10110907;Подразделения центрального подчинения;10214918;Дирекция сервисных центров;10229248;"Объединенный сервисный центр ""Воронеж""";10233323;"Сервисный центр ""Архив""(на правах управления)";10371975;Архив №2 г.Санкт-Петербург;10371977;Сектор использования документов;35790097;Старший специалист;Первая линия;Бэк;4-А-А;1,00;;Санкт-Петербург
3771f402-bdf3-494c-bff6-4881e6128790;10110907;Подразделения центрального подчинения;10214918;Дирекция сервисных центров;10229248;"Объединенный сервисный центр ""Воронеж""";10233323;"Сервисный центр ""Архив""(на правах управления)";10371975;Архив №2 г.Санкт-Петербург;10371977;Сектор использования документов;35790098;Старший специалист;Первая линия;Бэк;4-А-А;1,00;;Санкт-Петербург
40022c9c-61a6-4022-82c6-b3fc33848997;10110907;Подразделения центрального подчинения;10214918;Дирекция сервисных центров;10229248;"Объединенный сервисный центр ""Воронеж""";10233323;"Сервисный центр ""Архив""(на правах управления)";10371975;Архив №2 г.Санкт-Петербург;10371977;Сектор использования документов;35790099;Старший специалист;Первая линия;Бэк;4-А-А;1,00;;Санкт-Петербург
6524d026-b21b-4849-811f-591a70907cc4;10110907;Подразделения центрального подчинения;10214918;Дирекция сервисных центров;10229248;"Объединенный сервисный центр ""Воронеж""";10233323;"Сервисный центр ""Архив""(на правах управления)";10371975;Архив №2 г.Санкт-Петербург;10371977;Сектор использования документов;35790100;Старший специалист;Первая линия;Бэк;4-А-А;1,00;;Санкт-Петербург
3477749a-2df8-486d-815c-855b178d156e;10110907;Подразделения центрального подчинения;10214918;Дирекция сервисных центров;10229248;"Объединенный сервисный центр ""Воронеж""";10233323;"Сервисный центр ""Архив""(на правах управления)";10371975;Архив №2 г.Санкт-Петербург;10371977;Сектор использования документов;35790101;Старший специалист;Первая линия;Бэк;4-А-А;1,00;;Санкт-Петербург
c014c6b3-bcd4-4871-87db-07f160a60e09;10110907;Подразделения центрального подчинения;10214918;Дирекция сервисных центров;10229248;"Объединенный сервисный центр ""Воронеж""";10233323;"Сервисный центр ""Архив""(на правах управления)";10371975;Архив №2 г.Санкт-Петербург;10371977;Сектор использования документов;35790102;Старший специалист;Первая линия;Бэк;4-А-А;1,00;;Санкт-Петербург
2f4b52db-e9cd-4b80-858a-b91b1d503c9d;10110907;Подразделения центрального подчинения;10214918;Дирекция сервисных центров;10229248;"Объединенный сервисный центр ""Воронеж""";10233323;"Сервисный центр ""Архив""(на правах управления)";10371975;Архив №2 г.Санкт-Петербург;10371979;Сектор комплектования документов;35790103;Начальник сектора;Первая линия;Мидл;8-А-А;1,00;;Санкт-Петербург
d4418d44-971e-494c-8f72-41f11d6e47a7;10110907;Подразделения центрального подчинения;10214918;Дирекция сервисных центров;10229248;"Объединенный сервисный центр ""Воронеж""";10233323;"Сервисный центр ""Архив""(на правах управления)";10371975;Архив №2 г.Санкт-Петербург;10371979;Сектор комплектования документов;35790104;Главный специалист;Первая линия;Бэк;7-А-А;1,00;;Санкт-Петербург
09f2acf8-819e-45e1-88ff-f3287395dc46;10110907;Подразделения центрального подчинения;10214918;Дирекция сервисных центров;10229248;"Объединенный сервисный центр ""Воронеж""";10233323;"Сервисный центр ""Архив""(на правах управления)";10371975;Архив №2 г.Санкт-Петербург;10371979;Сектор комплектования документов;35790105;Главный специалист;Первая линия;Бэк;7-А-А;1,00;;Санкт-Петербург
9fa640f1-808a-4b88-8e7a-5de0aa61b1d6;10110907;Подразделения центрального подчинения;10214918;Дирекция сервисных центров;10229248;"Объединенный сервисный центр ""Воронеж""";10233323;"Сервисный центр ""Архив""(на правах управления)";10371975;Архив №2 г.Санкт-Петербург;10371979;Сектор комплектования документов;35790106;Главный специалист;Первая линия;Бэк;7-А-А;1,00;;Санкт-Петербург
9ab4742a-1a10-415f-be18-e3c9b39b2646;10110907;Подразделения центрального подчинения;10214918;Дирекция сервисных центров;10229248;"Объединенный сервисный центр ""Воронеж""";10233323;"Сервисный центр ""Архив""(на правах управления)";10371975;Архив №2 г.Санкт-Петербург;10371979;Сектор комплектования документов;35790107;Главный специалист;Первая линия;Бэк;7-А-А;1,00;;Санкт-Петербург
5a4973e2-3895-40a7-a341-ee5d9c3003f9;10110907;Подразделения центрального подчинения;10214918;Дирекция сервисных центров;10229248;"Объединенный сервисный центр ""Воронеж""";10233323;"Сервисный центр ""Архив""(на правах управления)";10371975;Архив №2 г.Санкт-Петербург;10371979;Сектор комплектования документов;35790108;Ведущий специалист;Первая линия;Бэк;5-А-А;1,00;;Санкт-Петербург
374e6fed-21ac-4000-9da9-c63e5044d290;10110907;Подразделения центрального подчинения;10214918;Дирекция сервисных центров;10229248;"Объединенный сервисный центр ""Воронеж""";10233323;"Сервисный центр ""Архив""(на правах управления)";10371975;Архив №2 г.Санкт-Петербург;10371979;Сектор комплектования документов;35790109;Ведущий специалист;Первая линия;Бэк;5-А-А;1,00;;Санкт-Петербург
9bda9836-8a3d-4648-8e81-b7bea925f549;10110907;Подразделения центрального подчинения;10214918;Дирекция сервисных центров;10229248;"Объединенный сервисный центр ""Воронеж""";10233323;"Сервисный центр ""Архив""(на правах управления)";10371975;Архив №2 г.Санкт-Петербург;10371979;Сектор комплектования документов;35790110;Ведущий специалист;Первая линия;Бэк;5-А-А;1,00;;Санкт-Петербург
c80fa0a8-1dd2-4e68-9f6e-bd6c5edc5ab4;10110907;Подразделения центрального подчинения;10214918;Дирекция сервисных центров;10229248;"Объединенный сервисный центр ""Воронеж""";10233323;"Сервисный центр ""Архив""(на правах управления)";10371975;Архив №2 г.Санкт-Петербург;10371979;Сектор комплектования документов;35790111;Ведущий специалист;Первая линия;Бэк;5-А-А;1,00;;Санкт-Петербург
a7aa15fe-29bb-4a32-99f1-6fa16bcf0c79;10110907;Подразделения центрального подчинения;10214918;Дирекция сервисных центров;10229248;"Объединенный сервисный центр ""Воронеж""";10233323;"Сервисный центр ""Архив""(на правах управления)";10371975;Архив №2 г.Санкт-Петербург;10371979;Сектор комплектования документов;35790112;Ведущий специалист;Первая линия;Бэк;5-А-А;1,00;;Санкт-Петербург
6eb4a301-8e15-4fb0-ad2c-d155d0697820;10110907;Подразделения центрального подчинения;10214918;Дирекция сервисных центров;10229248;"Объединенный сервисный центр ""Воронеж""";10233323;"Сервисный центр ""Архив""(на правах управления)";10371975;Архив №2 г.Санкт-Петербург;10371979;Сектор комплектования документов;35790113;Ведущий специалист;Первая линия;Бэк;5-А-А;1,00;;Санкт-Петербург
1fdbd897-44f3-4283-aefb-662f76990a00;10110907;Подразделения центрального подчинения;10214918;Дирекция сервисных центров;10229248;"Объединенный сервисный центр ""Воронеж""";10233323;"Сервисный центр ""Архив""(на правах управления)";10371975;Архив №2 г.Санкт-Петербург;10371979;Сектор комплектования документов;35790114;Ведущий специалист;Первая линия;Бэк;5-А-А;1,00;;Санкт-Петербург
1f7e36bd-d519-4746-94e1-2afd32c52bf0;10110907;Подразделения центрального подчинения;10214918;Дирекция сервисных центров;10229248;"Объединенный сервисный центр ""Воронеж""";10233323;"Сервисный центр ""Архив""(на правах управления)";10371975;Архив №2 г.Санкт-Петербург;10371979;Сектор комплектования документов;35790115;Ведущий специалист;Первая линия;Бэк;5-А-А;1,00;;Санкт-Петербург
b87d34ed-a1b3-4593-b41a-8d9cf4df74f2;10110907;Подразделения центрального подчинения;10214918;Дирекция сервисных центров;10229248;"Объединенный сервисный центр ""Воронеж""";10233323;"Сервисный центр ""Архив""(на правах управления)";10371975;Архив №2 г.Санкт-Петербург;10371979;Сектор комплектования документов;35790117;Старший специалист;Первая линия;Бэк;4-А-А;1,00;;Санкт-Петербург
57ee3047-90e8-4b1b-9b45-8574c1b94b80;10110907;Подразделения центрального подчинения;10214918;Дирекция сервисных центров;10229248;"Объединенный сервисный центр ""Воронеж""";10233323;"Сервисный центр ""Архив""(на правах управления)";10371975;Архив №2 г.Санкт-Петербург;10371979;Сектор комплектования документов;35790117;Старший специалист;Первая линия;Бэк;4-А-А;0,00;в отпуске по уходу за ребенком по 03.05.2027;Санкт-Петербург
8b69b3bb-8cca-4f69-84e6-43d2d4bcf92c;10110907;Подразделения центрального подчинения;10214918;Дирекция сервисных центров;10229248;"Объединенный сервисный центр ""Воронеж""";10233323;"Сервисный центр ""Архив""(на правах управления)";10371975;Архив №2 г.Санкт-Петербург;10371979;Сектор комплектования документов;35790118;Старший специалист;Первая линия;Бэк;4-А-А;1,00;;Санкт-Петербург
bdae2076-d6ac-4536-b03c-fb38ad93a379;10110907;Подразделения центрального подчинения;10214918;Дирекция сервисных центров;10229248;"Объединенный сервисный центр ""Воронеж""";10233323;"Сервисный центр ""Архив""(на правах управления)";10371975;Архив №2 г.Санкт-Петербург;10371979;Сектор комплектования документов;35790119;Старший специалист;Первая линия;Бэк;4-А-А;1,00;;Санкт-Петербург
d2edf87d-3fd5-4029-8ac8-8a2a1d7c5b2f;10110907;Подразделения центрального подчинения;10214918;Дирекция сервисных центров;10229248;"Объединенный сервисный центр ""Воронеж""";10233323;"Сервисный центр ""Архив""(на правах управления)";10371975;Архив №2 г.Санкт-Петербург;10371979;Сектор комплектования документов;35790120;Старший специалист;Первая линия;Бэк;4-А-А;1,00;;Санкт-Петербург
2fd34c05-c47e-4329-abc9-036d21b952b4;10110907;Подразделения центрального подчинения;10214918;Дирекция сервисных центров;10229248;"Объединенный сервисный центр ""Воронеж""";10233323;"Сервисный центр ""Архив""(на правах управления)";10371975;Архив №2 г.Санкт-Петербург;10371979;Сектор комплектования документов;35790121;Старший специалист;Первая линия;Бэк;4-А-А;1,00;;Санкт-Петербург
a2788659-767d-47f1-8149-b6f683dde9f7;10110907;Подразделения центрального подчинения;10214918;Дирекция сервисных центров;10229248;"Объединенный сервисный центр ""Воронеж""";10233323;"Сервисный центр ""Архив""(на правах управления)";10371975;Архив №2 г.Санкт-Петербург;10371979;Сектор комплектования документов;35790122;Старший специалист;Первая линия;Бэк;4-А-А;1,00;;Санкт-Петербург
a3cf2082-f776-428e-98b6-6f6c1b8b870f;10110907;Подразделения центрального подчинения;10214918;Дирекция сервисных центров;10229248;"Объединенный сервисный центр ""Воронеж""";10233323;"Сервисный центр ""Архив""(на правах управления)";10371975;Архив №2 г.Санкт-Петербург;10371979;Сектор комплектования документов;35790123;Старший специалист;Первая линия;Бэк;4-А-А;1,00;;Санкт-Петербург
8e53d5c9-0e52-4334-8740-bf13c7460194;10110907;Подразделения центрального подчинения;10214918;Дирекция сервисных центров;10229248;"Объединенный сервисный центр ""Воронеж""";10233323;"Сервисный центр ""Архив""(на правах управления)";10371975;Архив №2 г.Санкт-Петербург;10371979;Сектор комплектования документов;35790124;Старший специалист;Первая линия;Бэк;4-А-А;1,00;;Санкт-Петербург
cb700427-346a-4f93-8cbd-ce82465569be;10110907;Подразделения центрального подчинения;10214918;Дирекция сервисных центров;10229248;"Объединенный сервисный центр ""Воронеж""";10233323;"Сервисный центр ""Архив""(на правах управления)";10371975;Архив №2 г.Санкт-Петербург;10371979;Сектор комплектования документов;35790125;Старший специалист;Первая линия;Бэк;4-А-А;1,00;;Санкт-Петербург
36ce8457-d0d5-492a-be50-bb5d3f7c0bfe;10110907;Подразделения центрального подчинения;10214918;Дирекция сервисных центров;10229248;"Объединенный сервисный центр ""Воронеж""";10233323;"Сервисный центр ""Архив""(на правах управления)";10371975;Архив №2 г.Санкт-Петербург;10371979;Сектор комплектования документов;35790126;Старший специалист;Первая линия;Бэк;4-А-А;1,00;;Санкт-Петербург
71a838d3-3f60-4ecb-9f42-aaa19c0c074e;10110907;Подразделения центрального подчинения;10214918;Дирекция сервисных центров;10229248;"Объединенный сервисный центр ""Воронеж""";10233323;"Сервисный центр ""Архив""(на правах управления)";10371975;Архив №2 г.Санкт-Петербург;10371979;Сектор комплектования документов;35790127;Старший специалист;Первая линия;Бэк;4-А-А;1,00;;Санкт-Петербург
216c3138-23a8-4361-aa4c-843467698045;10110907;Подразделения центрального подчинения;10214918;Дирекция сервисных центров;10229248;"Объединенный сервисный центр ""Воронеж""";10233323;"Сервисный центр ""Архив""(на правах управления)";10371975;Архив №2 г.Санкт-Петербург;10371981;Сектор логистики и учета документов;35790128;Начальник сектора;Первая линия;Мидл;8-А-А;1,00;;Санкт-Петербург
dec8cd4f-94e0-474d-b161-93907a3e505b;10110907;Подразделения центрального подчинения;10214918;Дирекция сервисных центров;10229248;"Объединенный сервисный центр ""Воронеж""";10233323;"Сервисный центр ""Архив""(на правах управления)";10371975;Архив №2 г.Санкт-Петербург;10371981;Сектор логистики и учета документов;35790129;Главный специалист;Первая линия;Бэк;7-А-А;1,00;;Санкт-Петербург
ee839c12-189f-4250-89af-55eb15c99ec0;10110907;Подразделения центрального подчинения;10214918;Дирекция сервисных центров;10229248;"Объединенный сервисный центр ""Воронеж""";10233323;"Сервисный центр ""Архив""(на правах управления)";10371975;Архив №2 г.Санкт-Петербург;10371981;Сектор логистики и учета документов;35790130;Главный специалист;Первая линия;Бэк;7-А-А;1,00;;Санкт-Петербург
01a46042-dd48-41b3-8ad7-f960c07e7032;10110907;Подразделения центрального подчинения;10214918;Дирекция сервисных центров;10229248;"Объединенный сервисный центр ""Воронеж""";10233323;"Сервисный центр ""Архив""(на правах управления)";10371975;Архив №2 г.Санкт-Петербург;10371981;Сектор логистики и учета документов;35790131;Главный специалист;Первая линия;Бэк;7-А-А;1,00;;Санкт-Петербург
22f2c382-cf73-4833-8c91-3180b1cf28e8;10110907;Подразделения центрального подчинения;10214918;Дирекция сервисных центров;10229248;"Объединенный сервисный центр ""Воронеж""";10233323;"Сервисный центр ""Архив""(на правах управления)";10371975;Архив №2 г.Санкт-Петербург;10371981;Сектор логистики и учета документов;35790133;Ведущий специалист;Первая линия;Бэк;5-А-А;1,00;;Санкт-Петербург
67e0b43c-7748-4722-92a8-3a6c58dd2426;10110907;Подразделения центрального подчинения;10214918;Дирекция сервисных центров;10229248;"Объединенный сервисный центр ""Воронеж""";10233323;"Сервисный центр ""Архив""(на правах управления)";10371975;Архив №2 г.Санкт-Петербург;10371981;Сектор логистики и учета документов;35790134;Ведущий специалист;Первая линия;Бэк;5-А-А;1,00;;Санкт-Петербург
cf7ba47b-f770-4e0d-91cc-8f133bf3c426;10110907;Подразделения центрального подчинения;10214918;Дирекция сервисных центров;10229248;"Объединенный сервисный центр ""Воронеж""";10233323;"Сервисный центр ""Архив""(на правах управления)";10371975;Архив №2 г.Санкт-Петербург;10371981;Сектор логистики и учета документов;35790135;Ведущий специалист;Первая линия;Бэк;5-А-А;1,00;;Санкт-Петербург
04cf33f3-f3e4-471c-9fc2-7bba85e1d25e;10110907;Подразделения центрального подчинения;10214918;Дирекция сервисных центров;10229248;"Объединенный сервисный центр ""Воронеж""";10233323;"Сервисный центр ""Архив""(на правах управления)";10371975;Архив №2 г.Санкт-Петербург;10371981;Сектор логистики и учета документов;35790136;Ведущий специалист;Первая линия;Бэк;5-А-А;1,00;;Санкт-Петербург
15e037cf-0cd4-427f-8bd6-24f478211a13;10110907;Подразделения центрального подчинения;10214918;Дирекция сервисных центров;10229248;"Объединенный сервисный центр ""Воронеж""";10233323;"Сервисный центр ""Архив""(на правах управления)";10371975;Архив №2 г.Санкт-Петербург;10371981;Сектор логистики и учета документов;35790137;Ведущий специалист;Первая линия;Бэк;5-А-А;1,00;;Санкт-Петербург
d416e105-637d-44f8-9dfa-11577fdb5e95;10110907;Подразделения центрального подчинения;10214918;Дирекция сервисных центров;10229248;"Объединенный сервисный центр ""Воронеж""";10233323;"Сервисный центр ""Архив""(на правах управления)";10371975;Архив №2 г.Санкт-Петербург;10371981;Сектор логистики и учета документов;35790138;Ведущий специалист;Первая линия;Бэк;5-А-А;1,00;;Санкт-Петербург
fcfccacb-92b0-4d3b-b8cd-0b1a6a9c64a3;10110907;Подразделения центрального подчинения;10214918;Дирекция сервисных центров;10229248;"Объединенный сервисный центр ""Воронеж""";10233323;"Сервисный центр ""Архив""(на правах управления)";10371975;Архив №2 г.Санкт-Петербург;10371981;Сектор логистики и учета документов;35790139;Ведущий специалист;Первая линия;Бэк;5-А-А;1,00;;Санкт-Петербург
c12123dc-565a-4539-af17-65662d1d4bc3;10110907;Подразделения центрального подчинения;10214918;Дирекция сервисных центров;10229248;"Объединенный сервисный центр ""Воронеж""";10233323;"Сервисный центр ""Архив""(на правах управления)";10371975;Архив №2 г.Санкт-Петербург;10371981;Сектор логистики и учета документов;35790140;Ведущий специалист;Первая линия;Бэк;5-А-А;1,00;;Санкт-Петербург
5fe5f8da-0307-467f-90e1-557d273ded70;10110907;Подразделения центрального подчинения;10214918;Дирекция сервисных центров;10229248;"Объединенный сервисный центр ""Воронеж""";10233323;"Сервисный центр ""Архив""(на правах управления)";10371975;Архив №2 г.Санкт-Петербург;10371981;Сектор логистики и учета документов;35790141;Ведущий специалист;Первая линия;Бэк;5-А-А;1,00;;Санкт-Петербург
a5b5c8e0-9242-41e1-bd44-83decd121618;10110907;Подразделения центрального подчинения;10214918;Дирекция сервисных центров;10229248;"Объединенный сервисный центр ""Воронеж""";10233323;"Сервисный центр ""Архив""(на правах управления)";10371975;Архив №2 г.Санкт-Петербург;10371981;Сектор логистики и учета документов;35790142;Ведущий специалист;Первая линия;Бэк;5-А-А;1,00;;Санкт-Петербург
92cb9583-bab7-4f4f-85b4-0b651438a663;10110907;Подразделения центрального подчинения;10214918;Дирекция сервисных центров;10229248;"Объединенный сервисный центр ""Воронеж""";10233323;"Сервисный центр ""Архив""(на правах управления)";10371975;Архив №2 г.Санкт-Петербург;10371981;Сектор логистики и учета документов;35790143;Ведущий специалист;Первая линия;Бэк;5-А-А;1,00;;Санкт-Петербург
9f3d34cc-dc13-46f5-93c3-fc6f39cd0981;10110907;Подразделения центрального подчинения;10214918;Дирекция сервисных центров;10229248;"Объединенный сервисный центр ""Воронеж""";10233323;"Сервисный центр ""Архив""(на правах управления)";10371975;Архив №2 г.Санкт-Петербург;10371981;Сектор логистики и учета документов;35790144;Ведущий специалист;Первая линия;Бэк;5-А-А;1,00;;Санкт-Петербург
a2bfa7ab-1d1b-41d7-96a3-449edea08da5;10110907;Подразделения центрального подчинения;10214918;Дирекция сервисных центров;10229248;"Объединенный сервисный центр ""Воронеж""";10233323;"Сервисный центр ""Архив""(на правах управления)";10371975;Архив №2 г.Санкт-Петербург;10371981;Сектор логистики и учета документов;35790145;Ведущий специалист;Первая линия;Бэк;5-А-А;1,00;;Санкт-Петербург
61bfb8ae-c172-4906-9f39-26b01d93ec9c;10110907;Подразделения центрального подчинения;10214918;Дирекция сервисных центров;10229248;"Объединенный сервисный центр ""Воронеж""";10233323;"Сервисный центр ""Архив""(на правах управления)";10371975;Архив №2 г.Санкт-Петербург;10371981;Сектор логистики и учета документов;35790146;Ведущий специалист;Первая линия;Бэк;5-А-А;1,00;;Санкт-Петербург
66fb1ebf-8323-41e3-a0de-d5b72ef6f508;10110907;Подразделения центрального подчинения;10214918;Дирекция сервисных центров;10229248;"Объединенный сервисный центр ""Воронеж""";10233323;"Сервисный центр ""Архив""(на правах управления)";10371975;Архив №2 г.Санкт-Петербург;10371981;Сектор логистики и учета документов;35790147;Старший специалист;Первая линия;Бэк;4-А-А;1,00;;Санкт-Петербург
9654600e-7d26-4c47-ab7d-f04f307d4a79;10110907;Подразделения центрального подчинения;10214918;Дирекция сервисных центров;10229248;"Объединенный сервисный центр ""Воронеж""";10233323;"Сервисный центр ""Архив""(на правах управления)";10371975;Архив №2 г.Санкт-Петербург;10371981;Сектор логистики и учета документов;35790148;Старший специалист;Первая линия;Бэк;4-А-А;1,00;;Санкт-Петербург
89985e5e-5d63-4aaf-b54c-1e942256e6ce;10110907;Подразделения центрального подчинения;10214918;Дирекция сервисных центров;10229248;"Объединенный сервисный центр ""Воронеж""";10233323;"Сервисный центр ""Архив""(на правах управления)";10371975;Архив №2 г.Санкт-Петербург;10371981;Сектор логистики и учета документов;35790149;Старший специалист;Первая линия;Бэк;4-А-А;1,00;;Санкт-Петербург
4d4c65dd-7a54-4f1b-a053-d066a5ebfa0e;10110907;Подразделения центрального подчинения;10214918;Дирекция сервисных центров;10229248;"Объединенный сервисный центр ""Воронеж""";10233323;"Сервисный центр ""Архив""(на правах управления)";10371975;Архив №2 г.Санкт-Петербург;10371981;Сектор логистики и учета документов;35790150;Старший специалист;Первая линия;Бэк;4-А-А;1,00;;Санкт-Петербург
1130b108-2e67-4c2e-ac5f-fe618ddf0e79;10110907;Подразделения центрального подчинения;10214918;Дирекция сервисных центров;10229248;"Объединенный сервисный центр ""Воронеж""";10233323;"Сервисный центр ""Архив""(на правах управления)";10371975;Архив №2 г.Санкт-Петербург;10371981;Сектор логистики и учета документов;35790151;Старший специалист;Первая линия;Бэк;4-А-А;1,00;;Санкт-Петербург
bae6766d-92ab-4676-9152-1f50beaa4856;10110907;Подразделения центрального подчинения;10214918;Дирекция сервисных центров;10229248;"Объединенный сервисный центр ""Воронеж""";10233323;"Сервисный центр ""Архив""(на правах управления)";10371975;Архив №2 г.Санкт-Петербург;10371981;Сектор логистики и учета документов;35790152;Старший специалист;Первая линия;Бэк;4-А-А;1,00;;Санкт-Петербург
7637fc74-2ed3-4bda-9454-5b4d5fab8e8d;10110907;Подразделения центрального подчинения;10214918;Дирекция сервисных центров;10229248;"Объединенный сервисный центр ""Воронеж""";10233323;"Сервисный центр ""Архив""(на правах управления)";10371975;Архив №2 г.Санкт-Петербург;10371981;Сектор логистики и учета документов;35790153;Старший специалист;Первая линия;Бэк;4-А-А;1,00;;Санкт-Петербург
380de016-8e8b-4472-ad16-65d977dce65e;10110907;Подразделения центрального подчинения;10214918;Дирекция сервисных центров;10229248;"Объединенный сервисный центр ""Воронеж""";10233323;"Сервисный центр ""Архив""(на правах управления)";10371975;Архив №2 г.Санкт-Петербург;10371981;Сектор логистики и учета документов;35790154;Старший специалист;Первая линия;Бэк;4-А-А;1,00;;Санкт-Петербург
e35472a9-06a2-4655-86b2-d1e44758bfbe;10110907;Подразделения центрального подчинения;10214918;Дирекция сервисных центров;10229248;"Объединенный сервисный центр ""Воронеж""";10233323;"Сервисный центр ""Архив""(на правах управления)";10371975;Архив №2 г.Санкт-Петербург;10371981;Сектор логистики и учета документов;35790155;Старший специалист;Первая линия;Бэк;4-А-А;1,00;;Санкт-Петербург
a2c6c06b-a103-4247-966d-0a9b58bb14e4;10110907;Подразделения центрального подчинения;10214918;Дирекция сервисных центров;10229248;"Объединенный сервисный центр ""Воронеж""";10233323;"Сервисный центр ""Архив""(на правах управления)";10371975;Архив №2 г.Санкт-Петербург;10371981;Сектор логистики и учета документов;35790156;Старший специалист;Первая линия;Бэк;4-А-А;1,00;;Санкт-Петербург
def2c390-09cb-4cc0-9335-433474c6628e;10110907;Подразделения центрального подчинения;10214918;Дирекция сервисных центров;10229248;"Объединенный сервисный центр ""Воронеж""";10233323;"Сервисный центр ""Архив""(на правах управления)";10371975;Архив №2 г.Санкт-Петербург;10371981;Сектор логистики и учета документов;35790157;Старший специалист;Первая линия;Бэк;4-А-А;1,00;;Санкт-Петербург
16b5c7bd-9363-428b-9ba6-6e2ffc1c0240;10110907;Подразделения центрального подчинения;10214918;Дирекция сервисных центров;10229248;"Объединенный сервисный центр ""Воронеж""";10233323;"Сервисный центр ""Архив""(на правах управления)";10371975;Архив №2 г.Санкт-Петербург;10371981;Сектор логистики и учета документов;35790158;Старший специалист;Первая линия;Бэк;4-А-А;1,00;;Санкт-Петербург
0f687015-2447-4a76-a4c8-27d960174c12;10110907;Подразделения центрального подчинения;10214918;Дирекция сервисных центров;10229248;"Объединенный сервисный центр ""Воронеж""";10233323;"Сервисный центр ""Архив""(на правах управления)";10233260;Архив №1 (на правах отдела) г.Воронеж;;;35762803;Заместитель начальника центра-начальник отдела;Первая линия;Мидл;10-А-А;1,00;;Воронеж
8ac2bfaa-68ef-4517-8690-b11cbbd068d8;10110907;Подразделения центрального подчинения;10214918;Дирекция сервисных центров;10229248;"Объединенный сервисный центр ""Воронеж""";10233323;"Сервисный центр ""Архив""(на правах управления)";10233260;Архив №1 (на правах отдела) г.Воронеж;;;35147045;Старший специалист;Первая линия;Бэк;4-А-А;1,00;;Воронеж
aa106862-817a-4a20-87db-a6a0ddd47453;10110907;Подразделения центрального подчинения;10214918;Дирекция сервисных центров;10229248;"Объединенный сервисный центр ""Воронеж""";10233323;"Сервисный центр ""Архив""(на правах управления)";10233260;Архив №1 (на правах отдела) г.Воронеж;;;35147047;Старший специалист;Первая линия;Бэк;4-А-А;1,00;;Воронеж
f6c4eccb-24f7-4f92-9c12-553982f5e9c3;10110907;Подразделения центрального подчинения;10214918;Дирекция сервисных центров;10229248;"Объединенный сервисный центр ""Воронеж""";10233323;"Сервисный центр ""Архив""(на правах управления)";10233260;Архив №1 (на правах отдела) г.Воронеж;10233261;Сектор комплектования документов;34563144;Начальник сектора;Первая линия;Мидл;8-А-А;1,00;;Воронеж
aa471b68-7e03-40fc-bf04-efdfe681aab9;10110907;Подразделения центрального подчинения;10214918;Дирекция сервисных центров;10229248;"Объединенный сервисный центр ""Воронеж""";10233323;"Сервисный центр ""Архив""(на правах управления)";10233260;Архив №1 (на правах отдела) г.Воронеж;10233261;Сектор комплектования документов;34563146;Главный специалист;Первая линия;Бэк;7-А-А;1,00;;Воронеж
9a6e8170-b396-4d44-8afc-821a857888aa;10110907;Подразделения центрального подчинения;10214918;Дирекция сервисных центров;10229248;"Объединенный сервисный центр ""Воронеж""";10233323;"Сервисный центр ""Архив""(на правах управления)";10233260;Архив №1 (на правах отдела) г.Воронеж;10233261;Сектор комплектования документов;34564925;Главный специалист;Первая линия;Бэк;7-А-А;1,00;;Воронеж
891fd927-3434-4b9e-b58b-9fa67994b74d;10110907;Подразделения центрального подчинения;10214918;Дирекция сервисных центров;10229248;"Объединенный сервисный центр ""Воронеж""";10233323;"Сервисный центр ""Архив""(на правах управления)";10233260;Архив №1 (на правах отдела) г.Воронеж;10233261;Сектор комплектования документов;34564930;Главный специалист;Первая линия;Бэк;7-А-А;1,00;;Воронеж
02adf4ff-2b23-42a9-956f-0b82a00bc0b6;10110907;Подразделения центрального подчинения;10214918;Дирекция сервисных центров;10229248;"Объединенный сервисный центр ""Воронеж""";10233323;"Сервисный центр ""Архив""(на правах управления)";10233260;Архив №1 (на правах отдела) г.Воронеж;10233261;Сектор комплектования документов;35015447;Главный специалист;Первая линия;Бэк;7-А-А;1,00;;Воронеж
94a5109d-8d18-45b6-a6d4-b7b0605a02be;10110907;Подразделения центрального подчинения;10214918;Дирекция сервисных центров;10229248;"Объединенный сервисный центр ""Воронеж""";10233323;"Сервисный центр ""Архив""(на правах управления)";10233260;Архив №1 (на правах отдела) г.Воронеж;10233261;Сектор комплектования документов;34564934;Ведущий специалист;Первая линия;Бэк;5-А-А;1,00;;Воронеж
b62a8635-5ee8-43e6-9f4e-6244bea88bee;10110907;Подразделения центрального подчинения;10214918;Дирекция сервисных центров;10229248;"Объединенный сервисный центр ""Воронеж""";10233323;"Сервисный центр ""Архив""(на правах управления)";10233260;Архив №1 (на правах отдела) г.Воронеж;10233261;Сектор комплектования документов;34564939;Ведущий специалист;Первая линия;Бэк;5-А-А;1,00;;Воронеж
5349b3e4-8029-408f-87c9-bf2c773a818d;10110907;Подразделения центрального подчинения;10214918;Дирекция сервисных центров;10229248;"Объединенный сервисный центр ""Воронеж""";10233323;"Сервисный центр ""Архив""(на правах управления)";10233260;Архив №1 (на правах отдела) г.Воронеж;10233261;Сектор комплектования документов;34564941;Ведущий специалист;Первая линия;Бэк;5-А-А;1,00;;Воронеж
2cf3a3c3-8a12-477b-a844-613abcce916e;10110907;Подразделения центрального подчинения;10214918;Дирекция сервисных центров;10229248;"Объединенный сервисный центр ""Воронеж""";10233323;"Сервисный центр ""Архив""(на правах управления)";10233260;Архив №1 (на правах отдела) г.Воронеж;10233261;Сектор комплектования документов;34564944;Ведущий специалист;Первая линия;Бэк;5-А-А;1,00;;Воронеж
48892d26-bd69-4931-a3bb-82408bffe085;10110907;Подразделения центрального подчинения;10214918;Дирекция сервисных центров;10229248;"Объединенный сервисный центр ""Воронеж""";10233323;"Сервисный центр ""Архив""(на правах управления)";10233260;Архив №1 (на правах отдела) г.Воронеж;10233261;Сектор комплектования документов;34665401;Ведущий специалист;Первая линия;Бэк;5-А-А;1,00;;Воронеж
76850f99-f1c5-4cc9-a19d-3e199991d6f6;10110907;Подразделения центрального подчинения;10214918;Дирекция сервисных центров;10229248;"Объединенный сервисный центр ""Воронеж""";10233323;"Сервисный центр ""Архив""(на правах управления)";10233260;Архив №1 (на правах отдела) г.Воронеж;10233261;Сектор комплектования документов;35532577;Ведущий специалист;Первая линия;Бэк;5-А-А;1,00;;Воронеж
c9145fa7-a8ec-4f89-b8a7-8c55decccf93;10110907;Подразделения центрального подчинения;10214918;Дирекция сервисных центров;10229248;"Объединенный сервисный центр ""Воронеж""";10233323;"Сервисный центр ""Архив""(на правах управления)";10233260;Архив №1 (на правах отдела) г.Воронеж;10233261;Сектор комплектования документов;35532578;Ведущий специалист;Первая линия;Бэк;5-А-А;1,00;;Воронеж
9556de95-686e-4b24-9e46-ea871a285caa;10110907;Подразделения центрального подчинения;10214918;Дирекция сервисных центров;10229248;"Объединенный сервисный центр ""Воронеж""";10233323;"Сервисный центр ""Архив""(на правах управления)";10233260;Архив №1 (на правах отдела) г.Воронеж;10233261;Сектор комплектования документов;35532579;Ведущий специалист;Первая линия;Бэк;5-А-А;1,00;;Воронеж
1b91c379-fe48-4e73-b3c4-46163d4976a3;10110907;Подразделения центрального подчинения;10214918;Дирекция сервисных центров;10229248;"Объединенный сервисный центр ""Воронеж""";10233323;"Сервисный центр ""Архив""(на правах управления)";10233260;Архив №1 (на правах отдела) г.Воронеж;10233261;Сектор комплектования документов;35762804;Ведущий специалист;Первая линия;Бэк;5-А-А;1,00;;Воронеж
89a90199-f8d8-4d27-a3e7-cf09a8d35acf;10110907;Подразделения центрального подчинения;10214918;Дирекция сервисных центров;10229248;"Объединенный сервисный центр ""Воронеж""";10233323;"Сервисный центр ""Архив""(на правах управления)";10233260;Архив №1 (на правах отдела) г.Воронеж;10233261;Сектор комплектования документов;35762805;Ведущий специалист;Первая линия;Бэк;5-А-А;1,00;;Воронеж
479d3f0e-56a2-4e8d-8c10-b49925c6ce8b;10110907;Подразделения центрального подчинения;10214918;Дирекция сервисных центров;10229248;"Объединенный сервисный центр ""Воронеж""";10233323;"Сервисный центр ""Архив""(на правах управления)";10233260;Архив №1 (на правах отдела) г.Воронеж;10233261;Сектор комплектования документов;35762806;Ведущий специалист;Первая линия;Бэк;5-А-А;1,00;;Воронеж
d5d11dd3-a8b8-4b12-92cd-391290a78def;10110907;Подразделения центрального подчинения;10214918;Дирекция сервисных центров;10229248;"Объединенный сервисный центр ""Воронеж""";10233323;"Сервисный центр ""Архив""(на правах управления)";10233260;Архив №1 (на правах отдела) г.Воронеж;10233261;Сектор комплектования документов;35789912;Ведущий специалист;Первая линия;Бэк;5-А-А;1,00;;Воронеж
4d2c9368-b8d8-402c-a1f0-f8403893542f;10110907;Подразделения центрального подчинения;10214918;Дирекция сервисных центров;10229248;"Объединенный сервисный центр ""Воронеж""";10233323;"Сервисный центр ""Архив""(на правах управления)";10233260;Архив №1 (на правах отдела) г.Воронеж;10233261;Сектор комплектования документов;35789913;Ведущий специалист;Первая линия;Бэк;5-А-А;1,00;;Воронеж
5c88243c-ad1a-485a-843d-10c42bde27fb;10110907;Подразделения центрального подчинения;10214918;Дирекция сервисных центров;10229248;"Объединенный сервисный центр ""Воронеж""";10233323;"Сервисный центр ""Архив""(на правах управления)";10233260;Архив №1 (на правах отдела) г.Воронеж;10233261;Сектор комплектования документов;35789914;Ведущий специалист;Первая линия;Бэк;5-А-А;1,00;;Воронеж
eca89b2c-dafa-4054-9d96-892f0c8ba1d1;10110907;Подразделения центрального подчинения;10214918;Дирекция сервисных центров;10229248;"Объединенный сервисный центр ""Воронеж""";10233323;"Сервисный центр ""Архив""(на правах управления)";10233260;Архив №1 (на правах отдела) г.Воронеж;10233261;Сектор комплектования документов;35789915;Ведущий специалист;Первая линия;Бэк;5-А-А;1,00;;Воронеж
679ff925-8be6-45c3-b651-90bb2600e932;10110907;Подразделения центрального подчинения;10214918;Дирекция сервисных центров;10229248;"Объединенный сервисный центр ""Воронеж""";10233323;"Сервисный центр ""Архив""(на правах управления)";10233260;Архив №1 (на правах отдела) г.Воронеж;10233261;Сектор комплектования документов;34566833;Старший специалист;Первая линия;Бэк;4-А-А;1,00;;Воронеж
893c1d34-9df1-436f-8f68-3e4b07990fba;10110907;Подразделения центрального подчинения;10214918;Дирекция сервисных центров;10229248;"Объединенный сервисный центр ""Воронеж""";10233323;"Сервисный центр ""Архив""(на правах управления)";10233260;Архив №1 (на правах отдела) г.Воронеж;10233261;Сектор комплектования документов;34665402;Старший специалист;Первая линия;Бэк;4-А-А;1,00;;Воронеж
d8f873ea-0cff-4b7b-b2eb-5c598b17818c;10110907;Подразделения центрального подчинения;10214918;Дирекция сервисных центров;10229248;"Объединенный сервисный центр ""Воронеж""";10233323;"Сервисный центр ""Архив""(на правах управления)";10233260;Архив №1 (на правах отдела) г.Воронеж;10233261;Сектор комплектования документов;35223113;Старший специалист;Первая линия;Бэк;4-А-А;1,00;;Воронеж
35cba9da-3c9e-4a54-ae37-266588315c1d;10110907;Подразделения центрального подчинения;10214918;Дирекция сервисных центров;10229248;"Объединенный сервисный центр ""Воронеж""";10233323;"Сервисный центр ""Архив""(на правах управления)";10233260;Архив №1 (на правах отдела) г.Воронеж;10233261;Сектор комплектования документов;35223115;Старший специалист;Первая линия;Бэк;4-А-А;1,00;;Воронеж
dda2b70d-db83-4286-803f-cd6f17a709fd;10110907;Подразделения центрального подчинения;10214918;Дирекция сервисных центров;10229248;"Объединенный сервисный центр ""Воронеж""";10233323;"Сервисный центр ""Архив""(на правах управления)";10233260;Архив №1 (на правах отдела) г.Воронеж;10233261;Сектор комплектования документов;35223117;Старший специалист;Первая линия;Бэк;4-А-А;1,00;;Воронеж
4238827e-2be2-4c68-8c35-a4ab5a2cafde;10110907;Подразделения центрального подчинения;10214918;Дирекция сервисных центров;10229248;"Объединенный сервисный центр ""Воронеж""";10233323;"Сервисный центр ""Архив""(на правах управления)";10233260;Архив №1 (на правах отдела) г.Воронеж;10233266;Сектор использования документов;34564980;Заместитель начальника отдела-начальник сектора;Первая линия;Мидл;9-А-А;1,00;;Воронеж
ab8a375c-5b04-4bbf-823f-e34e6ebaad74;10110907;Подразделения центрального подчинения;10214918;Дирекция сервисных центров;10229248;"Объединенный сервисный центр ""Воронеж""";10233323;"Сервисный центр ""Архив""(на правах управления)";10233260;Архив №1 (на правах отдела) г.Воронеж;10233266;Сектор использования документов;34797440;Главный специалист;Первая линия;Бэк;7-А-А;1,00;;Воронеж
fc6bcfb1-4271-40d1-9d6b-9c402a316d95;10110907;Подразделения центрального подчинения;10214918;Дирекция сервисных центров;10229248;"Объединенный сервисный центр ""Воронеж""";10233323;"Сервисный центр ""Архив""(на правах управления)";10233260;Архив №1 (на правах отдела) г.Воронеж;10233266;Сектор использования документов;34936552;Главный специалист;Первая линия;Бэк;7-А-А;1,00;;Воронеж
2fe6653d-d464-4794-a3ea-4c66d90fe0ff;10110907;Подразделения центрального подчинения;10214918;Дирекция сервисных центров;10229248;"Объединенный сервисный центр ""Воронеж""";10233323;"Сервисный центр ""Архив""(на правах управления)";10233260;Архив №1 (на правах отдела) г.Воронеж;10233266;Сектор использования документов;34936554;Главный специалист;Первая линия;Бэк;7-А-А;1,00;;Воронеж
738a38ce-4aae-4b51-ba9f-909a54ae20d7;10110907;Подразделения центрального подчинения;10214918;Дирекция сервисных центров;10229248;"Объединенный сервисный центр ""Воронеж""";10233323;"Сервисный центр ""Архив""(на правах управления)";10233260;Архив №1 (на правах отдела) г.Воронеж;10233266;Сектор использования документов;34936555;Главный специалист;Первая линия;Бэк;7-А-А;1,00;;Воронеж
696c10c1-0ad2-4f6d-bf31-de2b9b4936a8;10110907;Подразделения центрального подчинения;10214918;Дирекция сервисных центров;10229248;"Объединенный сервисный центр ""Воронеж""";10233323;"Сервисный центр ""Архив""(на правах управления)";10233260;Архив №1 (на правах отдела) г.Воронеж;10233266;Сектор использования документов;34564999;Ведущий специалист;Первая линия;Бэк;5-А-А;1,00;;Воронеж
69a94470-7f81-4f4b-8525-dd64f634e36b;10110907;Подразделения центрального подчинения;10214918;Дирекция сервисных центров;10229248;"Объединенный сервисный центр ""Воронеж""";10233323;"Сервисный центр ""Архив""(на правах управления)";10233260;Архив №1 (на правах отдела) г.Воронеж;10233266;Сектор использования документов;34565101;Ведущий специалист;Первая линия;Бэк;5-А-А;1,00;;Воронеж
769c6146-5a84-4055-836f-80c132ef5b5d;10110907;Подразделения центрального подчинения;10214918;Дирекция сервисных центров;10229248;"Объединенный сервисный центр ""Воронеж""";10233323;"Сервисный центр ""Архив""(на правах управления)";10233260;Архив №1 (на правах отдела) г.Воронеж;10233266;Сектор использования документов;34565102;Ведущий специалист;Первая линия;Бэк;5-А-А;1,00;;Воронеж
7d4ca66f-e93b-46e6-93e2-74ad4f946940;10110907;Подразделения центрального подчинения;10214918;Дирекция сервисных центров;10229248;"Объединенный сервисный центр ""Воронеж""";10233323;"Сервисный центр ""Архив""(на правах управления)";10233260;Архив №1 (на правах отдела) г.Воронеж;10233266;Сектор использования документов;34565103;Ведущий специалист;Первая линия;Бэк;5-А-А;1,00;;Воронеж
a4caf8cd-527d-4dc8-b7ce-2b3a4dc9f63a;10110907;Подразделения центрального подчинения;10214918;Дирекция сервисных центров;10229248;"Объединенный сервисный центр ""Воронеж""";10233323;"Сервисный центр ""Архив""(на правах управления)";10233260;Архив №1 (на правах отдела) г.Воронеж;10233266;Сектор использования документов;34565110;Ведущий специалист;Первая линия;Бэк;5-А-А;1,00;;Воронеж
96e4f3d4-89e3-427e-a508-c0265a129a25;10110907;Подразделения центрального подчинения;10214918;Дирекция сервисных центров;10229248;"Объединенный сервисный центр ""Воронеж""";10233323;"Сервисный центр ""Архив""(на правах управления)";10233260;Архив №1 (на правах отдела) г.Воронеж;10233266;Сектор использования документов;35532243;Ведущий специалист;Первая линия;Бэк;5-А-А;1,00;;Воронеж
09f0a673-70ca-4fc2-af73-8eb1d12e501b;10110907;Подразделения центрального подчинения;10214918;Дирекция сервисных центров;10229248;"Объединенный сервисный центр ""Воронеж""";10233323;"Сервисный центр ""Архив""(на правах управления)";10233260;Архив №1 (на правах отдела) г.Воронеж;10233266;Сектор использования документов;35532244;Ведущий специалист;Первая линия;Бэк;5-А-А;1,00;;Воронеж
1ab4d251-ecd7-42c1-b4bc-2c2de8ae8a84;10110907;Подразделения центрального подчинения;10214918;Дирекция сервисных центров;10229248;"Объединенный сервисный центр ""Воронеж""";10233323;"Сервисный центр ""Архив""(на правах управления)";10233260;Архив №1 (на правах отдела) г.Воронеж;10233266;Сектор использования документов;35532246;Ведущий специалист;Первая линия;Бэк;5-А-А;1,00;;Воронеж
552e2a65-e222-4f53-aec1-daeefc24ae17;10110907;Подразделения центрального подчинения;10214918;Дирекция сервисных центров;10229248;"Объединенный сервисный центр ""Воронеж""";10233323;"Сервисный центр ""Архив""(на правах управления)";10233260;Архив №1 (на правах отдела) г.Воронеж;10233266;Сектор использования документов;34565115;Старший специалист;Первая линия;Бэк;4-А-А;1,00;;Воронеж
4ef7d1ed-e15a-4a58-ba8a-1df9e6d3aa15;10110907;Подразделения центрального подчинения;10214918;Дирекция сервисных центров;10229248;"Объединенный сервисный центр ""Воронеж""";10233323;"Сервисный центр ""Архив""(на правах управления)";10233260;Архив №1 (на правах отдела) г.Воронеж;10233266;Сектор использования документов;34565123;Старший специалист;Первая линия;Бэк;4-А-А;1,00;;Воронеж
303adbb9-db04-4033-afdf-e4aa5fbeec6a;10110907;Подразделения центрального подчинения;10214918;Дирекция сервисных центров;10229248;"Объединенный сервисный центр ""Воронеж""";10233323;"Сервисный центр ""Архив""(на правах управления)";10233260;Архив №1 (на правах отдела) г.Воронеж;10233266;Сектор использования документов;34809206;Старший специалист;Первая линия;Бэк;4-А-А;1,00;;Воронеж
e26b717b-41e9-4b08-81ec-bfbb13e8d81a;10110907;Подразделения центрального подчинения;10214918;Дирекция сервисных центров;10229248;"Объединенный сервисный центр ""Воронеж""";10233323;"Сервисный центр ""Архив""(на правах управления)";10233260;Архив №1 (на правах отдела) г.Воронеж;10233266;Сектор использования документов;34809209;Старший специалист;Первая линия;Бэк;4-А-А;1,00;;Воронеж
f42b007d-09d4-4c25-b6ca-bbe4de36df98;10110907;Подразделения центрального подчинения;10214918;Дирекция сервисных центров;10229248;"Объединенный сервисный центр ""Воронеж""";10233323;"Сервисный центр ""Архив""(на правах управления)";10233260;Архив №1 (на правах отдела) г.Воронеж;10233266;Сектор использования документов;34809213;Старший специалист;Первая линия;Бэк;4-А-А;1,00;;Воронеж
62dfb989-96cf-46db-825d-06bdfa4577c9;10110907;Подразделения центрального подчинения;10214918;Дирекция сервисных центров;10229248;"Объединенный сервисный центр ""Воронеж""";10233323;"Сервисный центр ""Архив""(на правах управления)";10233260;Архив №1 (на правах отдела) г.Воронеж;10233266;Сектор использования документов;35327145;Старший специалист;Первая линия;Бэк;4-А-А;1,00;;Воронеж
ddb8f4de-9eae-45d9-a2bd-8e9689f7234a;10110907;Подразделения центрального подчинения;10214918;Дирекция сервисных центров;10229248;"Объединенный сервисный центр ""Воронеж""";10233323;"Сервисный центр ""Архив""(на правах управления)";10233260;Архив №1 (на правах отдела) г.Воронеж;10233266;Сектор использования документов;35327146;Старший специалист;Первая линия;Бэк;4-А-А;1,00;;Воронеж
9f33aeed-be2c-415c-a149-ba6622e32438;10110907;Подразделения центрального подчинения;10214918;Дирекция сервисных центров;10229248;"Объединенный сервисный центр ""Воронеж""";10233323;"Сервисный центр ""Архив""(на правах управления)";10233260;Архив №1 (на правах отдела) г.Воронеж;10233266;Сектор использования документов;35532249;Старший специалист;Первая линия;Бэк;4-А-А;1,00;;Воронеж
d42b7186-8113-491a-a70c-d5e367f51d7d;10110907;Подразделения центрального подчинения;10214918;Дирекция сервисных центров;10229248;"Объединенный сервисный центр ""Воронеж""";10233323;"Сервисный центр ""Архив""(на правах управления)";10233260;Архив №1 (на правах отдела) г.Воронеж;10233266;Сектор использования документов;35532575;Старший специалист;Первая линия;Бэк;4-А-А;1,00;;Воронеж
3fdf125e-e8de-40e5-8cd1-e265efc46711;10110907;Подразделения центрального подчинения;10214918;Дирекция сервисных центров;10229248;"Объединенный сервисный центр ""Воронеж""";10233323;"Сервисный центр ""Архив""(на правах управления)";10233260;Архив №1 (на правах отдела) г.Воронеж;10233266;Сектор использования документов;35532576;Старший специалист;Первая линия;Бэк;4-А-А;1,00;;Воронеж
3a419b9d-da82-43e8-b5cd-eb0fd278527b;10110907;Подразделения центрального подчинения;10214918;Дирекция сервисных центров;10229248;"Объединенный сервисный центр ""Воронеж""";10233323;"Сервисный центр ""Архив""(на правах управления)";10233260;Архив №1 (на правах отдела) г.Воронеж;10233266;Сектор использования документов;35532576;Старший специалист;Первая линия;Бэк;4-А-А;0,00;в отпуске по уходу за ребенком по 27.04.2027;Воронеж
5e9dd24e-e702-42eb-ae22-c46bc79950af;10110907;Подразделения центрального подчинения;10214918;Дирекция сервисных центров;10229248;"Объединенный сервисный центр ""Воронеж""";10233323;"Сервисный центр ""Архив""(на правах управления)";10233260;Архив №1 (на правах отдела) г.Воронеж;10368384;Сектор логистики и учета документов;35762807;Начальник сектора;Первая линия;Мидл;8-А-А;1,00;;Воронеж
d622f8f6-91b7-41ca-9ab2-e4cf7f1b15bc;10110907;Подразделения центрального подчинения;10214918;Дирекция сервисных центров;10229248;"Объединенный сервисный центр ""Воронеж""";10233323;"Сервисный центр ""Архив""(на правах управления)";10233260;Архив №1 (на правах отдела) г.Воронеж;10368384;Сектор логистики и учета документов;35762808;Главный специалист;Первая линия;Бэк;7-А-А;1,00;;Воронеж
82385f3e-edcf-43ad-8cb9-46da66f823fb;10110907;Подразделения центрального подчинения;10214918;Дирекция сервисных центров;10229248;"Объединенный сервисный центр ""Воронеж""";10233323;"Сервисный центр ""Архив""(на правах управления)";10233260;Архив №1 (на правах отдела) г.Воронеж;10368384;Сектор логистики и учета документов;35762809;Ведущий специалист;Первая линия;Бэк;5-А-А;1,00;;Воронеж
bf6f6402-42e4-4cdd-91ae-809417f89d0b;10110907;Подразделения центрального подчинения;10214918;Дирекция сервисных центров;10229248;"Объединенный сервисный центр ""Воронеж""";10233323;"Сервисный центр ""Архив""(на правах управления)";10233260;Архив №1 (на правах отдела) г.Воронеж;10368384;Сектор логистики и учета документов;35762810;Ведущий специалист;Первая линия;Бэк;5-А-А;1,00;;Воронеж
bc418588-bd6a-4cf7-871a-459276cf8074;10110907;Подразделения центрального подчинения;10214918;Дирекция сервисных центров;10229248;"Объединенный сервисный центр ""Воронеж""";10233323;"Сервисный центр ""Архив""(на правах управления)";10233260;Архив №1 (на правах отдела) г.Воронеж;10368384;Сектор логистики и учета документов;35762811;Ведущий специалист;Первая линия;Бэк;5-А-А;1,00;;Воронеж
4c19b5c5-38d6-4d74-8853-b23f04796bbd;10110907;Подразделения центрального подчинения;10214918;Дирекция сервисных центров;10229248;"Объединенный сервисный центр ""Воронеж""";10233323;"Сервисный центр ""Архив""(на правах управления)";10233260;Архив №1 (на правах отдела) г.Воронеж;10368384;Сектор логистики и учета документов;35762812;Ведущий специалист;Первая линия;Бэк;5-А-А;1,00;;Воронеж
e6820a97-95a7-4626-b346-3b8ea23d755e;10110907;Подразделения центрального подчинения;10214918;Дирекция сервисных центров;10229248;"Объединенный сервисный центр ""Воронеж""";10233323;"Сервисный центр ""Архив""(на правах управления)";10233260;Архив №1 (на правах отдела) г.Воронеж;10368384;Сектор логистики и учета документов;35762813;Ведущий специалист;Первая линия;Бэк;5-А-А;1,00;;Воронеж
545649f0-256c-469e-8b23-b09c60e96abd;10110907;Подразделения центрального подчинения;10214918;Дирекция сервисных центров;10229248;"Объединенный сервисный центр ""Воронеж""";10233323;"Сервисный центр ""Архив""(на правах управления)";10233260;Архив №1 (на правах отдела) г.Воронеж;10368384;Сектор логистики и учета документов;35762814;Старший специалист;Первая линия;Бэк;4-А-А;1,00;;Воронеж
1ba8ed83-576b-4490-8b5f-c56fed9537c6;10110907;Подразделения центрального подчинения;10214918;Дирекция сервисных центров;10229248;"Объединенный сервисный центр ""Воронеж""";10233323;"Сервисный центр ""Архив""(на правах управления)";10233260;Архив №1 (на правах отдела) г.Воронеж;10368384;Сектор логистики и учета документов;35762815;Старший специалист;Первая линия;Бэк;4-А-А;1,00;;Воронеж
3e521f59-7142-44d8-a2f4-ecad80677009;10110907;Подразделения центрального подчинения;10214918;Дирекция сервисных центров;10229248;"Объединенный сервисный центр ""Воронеж""";10233323;"Сервисный центр ""Архив""(на правах управления)";10233260;Архив №1 (на правах отдела) г.Воронеж;10368384;Сектор логистики и учета документов;35762816;Старший специалист;Первая линия;Бэк;4-А-А;1,00;;Воронеж
ec368ff9-3d7d-41db-9d02-39a4b468a65a;10110907;Подразделения центрального подчинения;10214918;Дирекция сервисных центров;10229248;"Объединенный сервисный центр ""Воронеж""";10233323;"Сервисный центр ""Архив""(на правах управления)";10233260;Архив №1 (на правах отдела) г.Воронеж;10368384;Сектор логистики и учета документов;35762817;Старший специалист;Первая линия;Бэк;4-А-А;1,00;;Воронеж
3121ee98-8fcf-43a0-b0b4-d9a362ec8a20;10110907;Подразделения центрального подчинения;10214918;Дирекция сервисных центров;10229248;"Объединенный сервисный центр ""Воронеж""";10233323;"Сервисный центр ""Архив""(на правах управления)";10233260;Архив №1 (на правах отдела) г.Воронеж;10368384;Сектор логистики и учета документов;35762818;Старший специалист;Первая линия;Бэк;4-А-А;1,00;;Воронеж
c52ab2f0-03c5-4773-88ef-c29e4d571d01;10110907;Подразделения центрального подчинения;10214918;Дирекция сервисных центров;10229248;"Объединенный сервисный центр ""Воронеж""";10233323;"Сервисный центр ""Архив""(на правах управления)";10233260;Архив №1 (на правах отдела) г.Воронеж;10368384;Сектор логистики и учета документов;35762819;Старший специалист;Первая линия;Бэк;4-А-А;1,00;;Воронеж
86e09122-88f0-4b8d-9fbc-9a7be49e7e28;10110907;Подразделения центрального подчинения;10214918;Дирекция сервисных центров;10229248;"Объединенный сервисный центр ""Воронеж""";10233323;"Сервисный центр ""Архив""(на правах управления)";10233260;Архив №1 (на правах отдела) г.Воронеж;10368384;Сектор логистики и учета документов;35762820;Старший специалист;Первая линия;Бэк;4-А-А;1,00;;Воронеж
2e86db6e-9e61-438b-9098-813aca417a4e;10110907;Подразделения центрального подчинения;10214918;Дирекция сервисных центров;10229248;"Объединенный сервисный центр ""Воронеж""";10233323;"Сервисный центр ""Архив""(на правах управления)";10233260;Архив №1 (на правах отдела) г.Воронеж;10368384;Сектор логистики и учета документов;35762821;Старший специалист;Первая линия;Бэк;4-А-А;1,00;;Воронеж
7ffa1fa4-17c9-4c68-9b9f-fe4f3f34cfac;10110907;Подразделения центрального подчинения;10214918;Дирекция сервисных центров;10229248;"Объединенный сервисный центр ""Воронеж""";10233323;"Сервисный центр ""Архив""(на правах управления)";10233260;Архив №1 (на правах отдела) г.Воронеж;10368384;Сектор логистики и учета документов;35762822;Старший специалист;Первая линия;Бэк;4-А-А;1,00;;Воронеж
23bf954c-11f9-43f6-83af-2c9a74827632;10110907;Подразделения центрального подчинения;10214918;Дирекция сервисных центров;10229248;"Объединенный сервисный центр ""Воронеж""";10233323;"Сервисный центр ""Архив""(на правах управления)";10233260;Архив №1 (на правах отдела) г.Воронеж;10368384;Сектор логистики и учета документов;35762823;Старший специалист;Первая линия;Бэк;4-А-А;1,00;;Воронеж
ad9d1810-84c1-4f3a-96e1-7ebbd32101cd;10110907;Подразделения центрального подчинения;10214918;Дирекция сервисных центров;10229248;"Объединенный сервисный центр ""Воронеж""";10233323;"Сервисный центр ""Архив""(на правах управления)";10233260;Архив №1 (на правах отдела) г.Воронеж;10368384;Сектор логистики и учета документов;35762824;Старший специалист;Первая линия;Бэк;4-А-А;1,00;;Воронеж
c5c433c1-7ac3-4d42-b46a-9bdea4b39a9c;10110907;Подразделения центрального подчинения;10214918;Дирекция сервисных центров;10229248;"Объединенный сервисный центр ""Воронеж""";10233323;"Сервисный центр ""Архив""(на правах управления)";10233260;Архив №1 (на правах отдела) г.Воронеж;10368384;Сектор логистики и учета документов;35762850;Старший специалист;Первая линия;Бэк;4-А-А;1,00;;Воронеж
918f6f04-95af-4f39-b859-a3bb66e8f9f4;10110907;Подразделения центрального подчинения;10214918;Дирекция сервисных центров;10229248;"Объединенный сервисный центр ""Воронеж""";10233323;"Сервисный центр ""Архив""(на правах управления)";10303442;Архив №3 г.Калининград;;;35101612;Начальник отдела;Первая линия;Бэк;9-А-А;1,00;;Калининград
f860ce18-3e9b-40ff-a383-17af689c1b9b;10110907;Подразделения центрального подчинения;10214918;Дирекция сервисных центров;10229248;"Объединенный сервисный центр ""Воронеж""";10233323;"Сервисный центр ""Архив""(на правах управления)";10303442;Архив №3 г.Калининград;;;35101613;Главный специалист;Первая линия;Бэк;7-А-А;1,00;;Калининград
4b3d305d-4521-4e2f-a7fe-b8f9ab6d9d17;10110907;Подразделения центрального подчинения;10214918;Дирекция сервисных центров;10229248;"Объединенный сервисный центр ""Воронеж""";10233323;"Сервисный центр ""Архив""(на правах управления)";10303442;Архив №3 г.Калининград;;;35101614;Ведущий специалист;Первая линия;Бэк;5-А-А;1,00;;Калининград
a2eade26-d229-45f9-8ee7-6bebc499cd33;10110907;Подразделения центрального подчинения;10214918;Дирекция сервисных центров;10229248;"Объединенный сервисный центр ""Воронеж""";10233323;"Сервисный центр ""Архив""(на правах управления)";10303442;Архив №3 г.Калининград;;;35532599;Ведущий специалист;Первая линия;Бэк;5-А-А;1,00;;Калининград
e3a345f1-63f3-49a1-a2ae-4da98fe08ba0;10110907;Подразделения центрального подчинения;10214918;Дирекция сервисных центров;10229248;"Объединенный сервисный центр ""Воронеж""";10233323;"Сервисный центр ""Архив""(на правах управления)";10303442;Архив №3 г.Калининград;;;35101616;Старший специалист;Первая линия;Бэк;4-А-А;1,00;;Калининград
db957515-deb3-4d5b-9aee-cb473738c406;10110907;Подразделения центрального подчинения;10214918;Дирекция сервисных центров;10229248;"Объединенный сервисный центр ""Воронеж""";10233323;"Сервисный центр ""Архив""(на правах управления)";10303442;Архив №3 г.Калининград;;;35532625;Старший специалист;Первая линия;Бэк;4-А-А;1,00;;Калининград
2c1ecc08-c3bd-4fde-842b-ba08e9b27c29;10110907;Подразделения центрального подчинения;10214918;Дирекция сервисных центров;10230076;"Объединенный сервисный центр ""Самара""";10265150;"Сервисный центр ""Архив"" (на правах управления)";;;;;34796379;Начальник центра;Первая линия;Бэк;12-А-А;1,00;;Самара
91de05ac-4bee-4b68-8a46-97af2c31587a;10110907;Подразделения центрального подчинения;10214918;Дирекция сервисных центров;10230076;"Объединенный сервисный центр ""Самара""";10265150;"Сервисный центр ""Архив"" (на правах управления)";;;;;35223627;Заместитель начальника центра;Первая линия;Мидл;10-А-А;1,00;;Самара
ac4856cc-208b-41df-8502-ada245b289d3;10110907;Подразделения центрального подчинения;10214918;Дирекция сервисных центров;10230076;"Объединенный сервисный центр ""Самара""";10265150;"Сервисный центр ""Архив"" (на правах управления)";;;;;35223628;Менеджер;Первая линия;Бэк;9-А-А;1,00;;Самара
ecdc9637-3003-4110-9741-99a32baf5b4e;10110907;Подразделения центрального подчинения;10214918;Дирекция сервисных центров;10230076;"Объединенный сервисный центр ""Самара""";10265150;"Сервисный центр ""Архив"" (на правах управления)";;;;;35790172;Менеджер;Первая линия;Бэк;9-А-А;1,00;;Самара
d0f0bafc-4a58-483a-9929-ff83f213c774;10110907;Подразделения центрального подчинения;10214918;Дирекция сервисных центров;10230076;"Объединенный сервисный центр ""Самара""";10265150;"Сервисный центр ""Архив"" (на правах управления)";;;;;35146051;Главный специалист;Первая линия;Бэк;8-А-А;1,00;;Самара
382233cc-7cd5-48a5-9945-f20456a84710;10110907;Подразделения центрального подчинения;10214918;Дирекция сервисных центров;10230076;"Объединенный сервисный центр ""Самара""";10265150;"Сервисный центр ""Архив"" (на правах управления)";;;;;35146052;Главный специалист;Первая линия;Бэк;7-А-А;1,00;;Самара
173dbec4-a845-4379-84ea-1757d09ab87e;10110907;Подразделения центрального подчинения;10214918;Дирекция сервисных центров;10230076;"Объединенный сервисный центр ""Самара""";10265150;"Сервисный центр ""Архив"" (на правах управления)";;;;;35532971;Главный специалист;Первая линия;Бэк;7-А-А;1,00;;Самара
abbd3afc-9fd7-4bd8-8230-88b5b4c040b8;10110907;Подразделения центрального подчинения;10214918;Дирекция сервисных центров;10230076;"Объединенный сервисный центр ""Самара""";10265150;"Сервисный центр ""Архив"" (на правах управления)";;;;;35532972;Главный специалист;Первая линия;Бэк;7-А-А;1,00;;Самара
b50037af-01c4-4484-ba27-abb6e40a28a7;10110907;Подразделения центрального подчинения;10214918;Дирекция сервисных центров;10230076;"Объединенный сервисный центр ""Самара""";10265150;"Сервисный центр ""Архив"" (на правах управления)";;;;;35532973;Главный специалист;Первая линия;Бэк;7-А-А;1,00;;Самара
a506fafd-d601-4571-898d-c5a5a30e0768;10110907;Подразделения центрального подчинения;10214918;Дирекция сервисных центров;10230076;"Объединенный сервисный центр ""Самара""";10265150;"Сервисный центр ""Архив"" (на правах управления)";;;;;35146053;Ведущий специалист;Первая линия;Бэк;5-А-А;1,00;;Самара
80960c78-1d28-4639-a143-ab87d28d01a8;10110907;Подразделения центрального подчинения;10214918;Дирекция сервисных центров;10230076;"Объединенный сервисный центр ""Самара""";10265150;"Сервисный центр ""Архив"" (на правах управления)";;;;;35146054;Ведущий специалист;Первая линия;Бэк;5-А-А;0,00;в отпуске по уходу за ребенком по 07.02.2027;Самара
9662a855-c0f2-46d7-af27-d254ff415cae;10110907;Подразделения центрального подчинения;10214918;Дирекция сервисных центров;10230076;"Объединенный сервисный центр ""Самара""";10265150;"Сервисный центр ""Архив"" (на правах управления)";;;;;35146054;Ведущий специалист;Первая линия;Бэк;5-А-А;0,50;;Самара
a8f6cbc6-0fee-4996-81f6-ed33b7afa5c5;10110907;Подразделения центрального подчинения;10214918;Дирекция сервисных центров;10230076;"Объединенный сервисный центр ""Самара""";10265150;"Сервисный центр ""Архив"" (на правах управления)";;;;;35146054;Ведущий специалист;Первая линия;Бэк;5-А-А;0,50;;Самара
0cbaa100-febc-4307-9d00-829bf18228a8;10110907;Подразделения центрального подчинения;10214918;Дирекция сервисных центров;10230076;"Объединенный сервисный центр ""Самара""";10265150;"Сервисный центр ""Архив"" (на правах управления)";;;;;35221508;Ведущий специалист;Первая линия;Бэк;5-А-А;1,00;;Самара
fd3388cd-d922-4793-bdad-009dea60ab05;10110907;Подразделения центрального подчинения;10214918;Дирекция сервисных центров;10230076;"Объединенный сервисный центр ""Самара""";10265150;"Сервисный центр ""Архив"" (на правах управления)";;;;;35532974;Ведущий специалист;Первая линия;Бэк;5-А-А;1,00;;Самара
9d54c36c-bf18-4186-9360-2f106e21eef9;10110907;Подразделения центрального подчинения;10214918;Дирекция сервисных центров;10230076;"Объединенный сервисный центр ""Самара""";10265150;"Сервисный центр ""Архив"" (на правах управления)";;;;;35790173;Ведущий специалист;Первая линия;Бэк;5-А-А;1,00;;Самара
79b05fe0-83d7-4d49-9284-bd0a364ed5e1;10110907;Подразделения центрального подчинения;10214918;Дирекция сервисных центров;10230076;"Объединенный сервисный центр ""Самара""";10265150;"Сервисный центр ""Архив"" (на правах управления)";;;;;35146055;Старший специалист;Первая линия;Бэк;4-А-А;1,00;;Самара
7e4db7ce-d663-4e97-970e-455d85201843;10110907;Подразделения центрального подчинения;10214918;Дирекция сервисных центров;10230076;"Объединенный сервисный центр ""Самара""";10265150;"Сервисный центр ""Архив"" (на правах управления)";10317651;Сектор использования документов;;;35221286;Начальник сектора;Первая линия;Мидл;8-А-А;1,00;;Самара
4581b007-4dfa-42a4-b47d-bd441eda1f8f;10110907;Подразделения центрального подчинения;10214918;Дирекция сервисных центров;10230076;"Объединенный сервисный центр ""Самара""";10265150;"Сервисный центр ""Архив"" (на правах управления)";10317651;Сектор использования документов;;;35221289;Главный специалист;Первая линия;Бэк;7-А-А;1,00;;Самара
70233505-1e38-4509-b640-596329bbdfa8;10110907;Подразделения центрального подчинения;10214918;Дирекция сервисных центров;10230076;"Объединенный сервисный центр ""Самара""";10265150;"Сервисный центр ""Архив"" (на правах управления)";10317651;Сектор использования документов;;;35221290;Главный специалист;Первая линия;Бэк;7-А-А;1,00;;Самара
6e1f5d83-9282-40d9-9eba-400cc97ffafc;10110907;Подразделения центрального подчинения;10214918;Дирекция сервисных центров;10230076;"Объединенный сервисный центр ""Самара""";10265150;"Сервисный центр ""Архив"" (на правах управления)";10317651;Сектор использования документов;;;35221292;Ведущий специалист;Первая линия;Бэк;5-А-А;1,00;;Самара
dc95d1eb-5484-4904-b2a7-99526f20d1dd;10110907;Подразделения центрального подчинения;10214918;Дирекция сервисных центров;10230076;"Объединенный сервисный центр ""Самара""";10265150;"Сервисный центр ""Архив"" (на правах управления)";10317651;Сектор использования документов;;;35221293;Ведущий специалист;Первая линия;Бэк;5-А-А;1,00;;Самара
2e50e304-faae-4c72-9ec9-a604396abad8;10110907;Подразделения центрального подчинения;10214918;Дирекция сервисных центров;10230076;"Объединенный сервисный центр ""Самара""";10265150;"Сервисный центр ""Архив"" (на правах управления)";10317651;Сектор использования документов;;;35221294;Ведущий специалист;Первая линия;Бэк;5-А-А;1,00;;Самара
b795ac5c-8a10-4632-8a29-ebbe4206cae6;10110907;Подразделения центрального подчинения;10214918;Дирекция сервисных центров;10230076;"Объединенный сервисный центр ""Самара""";10265150;"Сервисный центр ""Архив"" (на правах управления)";10317651;Сектор использования документов;;;35221295;Ведущий специалист;Первая линия;Бэк;5-А-А;1,00;;Самара
be492205-088d-49c2-a76a-3a2e56f250b9;10110907;Подразделения центрального подчинения;10214918;Дирекция сервисных центров;10230076;"Объединенный сервисный центр ""Самара""";10265150;"Сервисный центр ""Архив"" (на правах управления)";10317651;Сектор использования документов;;;35221296;Ведущий специалист;Первая линия;Бэк;5-А-А;1,00;;Самара
2479d068-e291-430c-84d5-3fd84b247c2c;10110907;Подразделения центрального подчинения;10214918;Дирекция сервисных центров;10230076;"Объединенный сервисный центр ""Самара""";10265150;"Сервисный центр ""Архив"" (на правах управления)";10317651;Сектор использования документов;;;35221297;Ведущий специалист;Первая линия;Бэк;5-А-А;1,00;;Самара
2053db43-16d5-46e6-86d6-65b47538d32f;10110907;Подразделения центрального подчинения;10214918;Дирекция сервисных центров;10230076;"Объединенный сервисный центр ""Самара""";10265150;"Сервисный центр ""Архив"" (на правах управления)";10317651;Сектор использования документов;;;35221297;Ведущий специалист;Первая линия;Бэк;5-А-А;0,00;в отпуске по уходу за ребенком по 13.04.2027;Самара
2de9062e-1f6b-4780-bc1a-330223e0804e;10110907;Подразделения центрального подчинения;10214918;Дирекция сервисных центров;10230076;"Объединенный сервисный центр ""Самара""";10265150;"Сервисный центр ""Архив"" (на правах управления)";10317651;Сектор использования документов;;;35221298;Ведущий специалист;Первая линия;Бэк;5-А-А;1,00;;Самара
1d64e626-2f3c-4560-8ee8-ad8b7bcd32cb;10110907;Подразделения центрального подчинения;10214918;Дирекция сервисных центров;10230076;"Объединенный сервисный центр ""Самара""";10265150;"Сервисный центр ""Архив"" (на правах управления)";10317651;Сектор использования документов;;;35221299;Ведущий специалист;Первая линия;Бэк;5-А-А;1,00;;Самара
bc5967c3-82cd-4bd8-a6a7-2efd85db67c9;10110907;Подразделения центрального подчинения;10214918;Дирекция сервисных центров;10230076;"Объединенный сервисный центр ""Самара""";10265150;"Сервисный центр ""Архив"" (на правах управления)";10317651;Сектор использования документов;;;35223525;Ведущий специалист;Первая линия;Бэк;5-А-А;1,00;;Самара
a39f500c-11a7-4027-8968-1f237c21a4c6;10110907;Подразделения центрального подчинения;10214918;Дирекция сервисных центров;10230076;"Объединенный сервисный центр ""Самара""";10265150;"Сервисный центр ""Архив"" (на правах управления)";10317651;Сектор использования документов;;;35331273;Ведущий специалист;Первая линия;Бэк;5-А-А;1,00;;Самара
79cdb393-4aae-41e9-ab58-a7a91d61811a;10110907;Подразделения центрального подчинения;10214918;Дирекция сервисных центров;10230076;"Объединенный сервисный центр ""Самара""";10265150;"Сервисный центр ""Архив"" (на правах управления)";10317651;Сектор использования документов;;;35790174;Ведущий специалист;Первая линия;Бэк;5-А-А;1,00;;Самара
ef3249dc-996c-481c-b632-a0c68a88a08f;10110907;Подразделения центрального подчинения;10214918;Дирекция сервисных центров;10230076;"Объединенный сервисный центр ""Самара""";10265150;"Сервисный центр ""Архив"" (на правах управления)";10317651;Сектор использования документов;;;35223526;Старший специалист;Первая линия;Бэк;4-А-А;1,00;;Самара
48001fae-c218-49d0-978d-bcaceca5926d;10110907;Подразделения центрального подчинения;10214918;Дирекция сервисных центров;10230076;"Объединенный сервисный центр ""Самара""";10265150;"Сервисный центр ""Архив"" (на правах управления)";10317651;Сектор использования документов;;;35223527;Старший специалист;Первая линия;Бэк;4-А-А;0,00;в отпуске по уходу за ребенком по 01.07.2027;Самара
bcc65bf3-cdb2-467e-888c-d7cd298a2653;10110907;Подразделения центрального подчинения;10214918;Дирекция сервисных центров;10230076;"Объединенный сервисный центр ""Самара""";10265150;"Сервисный центр ""Архив"" (на правах управления)";10317651;Сектор использования документов;;;35223527;Старший специалист;Первая линия;Бэк;4-А-А;1,00;;Самара
9dcfd9b1-ba80-4a31-b4ec-dc94c882072d;10110907;Подразделения центрального подчинения;10214918;Дирекция сервисных центров;10230076;"Объединенный сервисный центр ""Самара""";10265150;"Сервисный центр ""Архив"" (на правах управления)";10317651;Сектор использования документов;;;35223528;Старший специалист;Первая линия;Бэк;4-А-А;1,00;;Самара
32e403f2-95db-497a-ab65-090ac45c9917;10110907;Подразделения центрального подчинения;10214918;Дирекция сервисных центров;10230076;"Объединенный сервисный центр ""Самара""";10265150;"Сервисный центр ""Архив"" (на правах управления)";10317651;Сектор использования документов;;;35223529;Старший специалист;Первая линия;Бэк;4-А-А;1,00;;Самара
399cc698-654c-4083-a5fd-076b6233042a;10110907;Подразделения центрального подчинения;10214918;Дирекция сервисных центров;10230076;"Объединенный сервисный центр ""Самара""";10265150;"Сервисный центр ""Архив"" (на правах управления)";10317651;Сектор использования документов;;;35223534;Старший специалист;Первая линия;Бэк;4-А-А;1,00;;Самара
800c5bfc-813d-4671-9870-c95c6b9a4b45;10110907;Подразделения центрального подчинения;10214918;Дирекция сервисных центров;10230076;"Объединенный сервисный центр ""Самара""";10265150;"Сервисный центр ""Архив"" (на правах управления)";10317651;Сектор использования документов;;;35223535;Старший специалист;Первая линия;Бэк;4-А-А;1,00;;Самара
2ff68a51-d4cf-4b03-84b5-410437c36e00;10110907;Подразделения центрального подчинения;10214918;Дирекция сервисных центров;10230076;"Объединенный сервисный центр ""Самара""";10265150;"Сервисный центр ""Архив"" (на правах управления)";10317651;Сектор использования документов;;;35223536;Старший специалист;Первая линия;Бэк;4-А-А;1,00;;Самара
f79af132-ac12-4902-919c-044a3a60568d;10110907;Подразделения центрального подчинения;10214918;Дирекция сервисных центров;10230076;"Объединенный сервисный центр ""Самара""";10265150;"Сервисный центр ""Архив"" (на правах управления)";10317652;Сектор комплектования документов;;;35223626;Начальник сектора;Первая линия;Мидл;8-А-А;1,00;;Самара
1833e494-39e4-4e6a-b453-b96801483ec2;10110907;Подразделения центрального подчинения;10214918;Дирекция сервисных центров;10230076;"Объединенный сервисный центр ""Самара""";10265150;"Сервисный центр ""Архив"" (на правах управления)";10317652;Сектор комплектования документов;;;35223625;Главный специалист;Первая линия;Бэк;7-А-А;1,00;;Самара
9b3f1eb8-9334-448e-a345-ae181f81a8b0;10110907;Подразделения центрального подчинения;10214918;Дирекция сервисных центров;10230076;"Объединенный сервисный центр ""Самара""";10265150;"Сервисный центр ""Архив"" (на правах управления)";10317652;Сектор комплектования документов;;;35223608;Ведущий специалист;Первая линия;Бэк;5-А-А;1,00;;Самара
9bb1ed81-9420-438e-b2c7-3fc5761cf830;10110907;Подразделения центрального подчинения;10214918;Дирекция сервисных центров;10230076;"Объединенный сервисный центр ""Самара""";10265150;"Сервисный центр ""Архив"" (на правах управления)";10317652;Сектор комплектования документов;;;35223609;Ведущий специалист;Первая линия;Бэк;5-А-А;1,00;;Самара
973f423d-cb4e-4d0d-b65c-84e4efa4db9c;10110907;Подразделения центрального подчинения;10214918;Дирекция сервисных центров;10230076;"Объединенный сервисный центр ""Самара""";10265150;"Сервисный центр ""Архив"" (на правах управления)";10317652;Сектор комплектования документов;;;35223611;Ведущий специалист;Первая линия;Бэк;5-А-А;1,00;;Самара
49bb2e86-09c2-4f93-b368-aa678a34205a;10110907;Подразделения центрального подчинения;10214918;Дирекция сервисных центров;10230076;"Объединенный сервисный центр ""Самара""";10265150;"Сервисный центр ""Архив"" (на правах управления)";10317652;Сектор комплектования документов;;;35223612;Ведущий специалист;Первая линия;Бэк;5-А-А;1,00;;Самара
3adbd35f-db0c-4da7-97f0-073a6703cc08;10110907;Подразделения центрального подчинения;10214918;Дирекция сервисных центров;10230076;"Объединенный сервисный центр ""Самара""";10265150;"Сервисный центр ""Архив"" (на правах управления)";10317652;Сектор комплектования документов;;;35223613;Ведущий специалист;Первая линия;Бэк;5-А-А;1,00;;Самара
174a2084-7b6c-445a-bfaf-785b12318bfd;10110907;Подразделения центрального подчинения;10214918;Дирекция сервисных центров;10230076;"Объединенный сервисный центр ""Самара""";10265150;"Сервисный центр ""Архив"" (на правах управления)";10317652;Сектор комплектования документов;;;35223614;Ведущий специалист;Первая линия;Бэк;5-А-А;1,00;;Самара
4315c9b1-def1-4b1a-8b11-258dce90306a;10110907;Подразделения центрального подчинения;10214918;Дирекция сервисных центров;10230076;"Объединенный сервисный центр ""Самара""";10265150;"Сервисный центр ""Архив"" (на правах управления)";10317652;Сектор комплектования документов;;;35223615;Ведущий специалист;Первая линия;Бэк;5-А-А;1,00;;Самара
b429ae69-abf6-4d01-94cc-d41300f0002b;10110907;Подразделения центрального подчинения;10214918;Дирекция сервисных центров;10230076;"Объединенный сервисный центр ""Самара""";10265150;"Сервисный центр ""Архив"" (на правах управления)";10317652;Сектор комплектования документов;;;35223616;Ведущий специалист;Первая линия;Бэк;5-А-А;1,00;;Самара
1a8a9f17-6d5f-4303-b0c3-d387d7062a8e;10110907;Подразделения центрального подчинения;10214918;Дирекция сервисных центров;10230076;"Объединенный сервисный центр ""Самара""";10265150;"Сервисный центр ""Архив"" (на правах управления)";10317652;Сектор комплектования документов;;;35532947;Ведущий специалист;Первая линия;Бэк;5-А-А;1,00;;Самара
76006fb7-7493-4780-aa58-048f2f8f8226;10110907;Подразделения центрального подчинения;10214918;Дирекция сервисных центров;10230076;"Объединенный сервисный центр ""Самара""";10265150;"Сервисный центр ""Архив"" (на правах управления)";10317652;Сектор комплектования документов;;;35532948;Ведущий специалист;Первая линия;Бэк;5-А-А;1,00;;Самара
df64c393-28d1-45f7-91d3-c4c759b597c5;10110907;Подразделения центрального подчинения;10214918;Дирекция сервисных центров;10230076;"Объединенный сервисный центр ""Самара""";10265150;"Сервисный центр ""Архив"" (на правах управления)";10317652;Сектор комплектования документов;;;35532949;Ведущий специалист;Первая линия;Бэк;5-А-А;1,00;;Самара
5ab0cc31-45ed-4e70-aae3-b04e168f187b;10110907;Подразделения центрального подчинения;10214918;Дирекция сервисных центров;10230076;"Объединенный сервисный центр ""Самара""";10265150;"Сервисный центр ""Архив"" (на правах управления)";10317652;Сектор комплектования документов;;;35790275;Ведущий специалист;Первая линия;Бэк;5-А-А;1,00;;Самара
43867e87-6f4e-4817-b839-535fd682b42b;10110907;Подразделения центрального подчинения;10214918;Дирекция сервисных центров;10230076;"Объединенный сервисный центр ""Самара""";10265150;"Сервисный центр ""Архив"" (на правах управления)";10317652;Сектор комплектования документов;;;35790276;Ведущий специалист;Первая линия;Бэк;5-А-А;1,00;;Самара
84d9f519-e4de-4846-8ecd-2177dba61460;10110907;Подразделения центрального подчинения;10214918;Дирекция сервисных центров;10230076;"Объединенный сервисный центр ""Самара""";10265150;"Сервисный центр ""Архив"" (на правах управления)";10317652;Сектор комплектования документов;;;35223571;Старший специалист;Первая линия;Бэк;4-А-А;1,00;;Самара
970e34b5-e1de-4c30-89a0-2fc82ac68230;10110907;Подразделения центрального подчинения;10214918;Дирекция сервисных центров;10230076;"Объединенный сервисный центр ""Самара""";10265150;"Сервисный центр ""Архив"" (на правах управления)";10317652;Сектор комплектования документов;;;35223601;Старший специалист;Первая линия;Бэк;4-А-А;1,00;;Самара
2564095f-c019-4b43-a92e-0b5e63c9ce26;10110907;Подразделения центрального подчинения;10214918;Дирекция сервисных центров;10230076;"Объединенный сервисный центр ""Самара""";10265150;"Сервисный центр ""Архив"" (на правах управления)";10317652;Сектор комплектования документов;;;35223602;Старший специалист;Первая линия;Бэк;4-А-А;1,00;;Самара
0016f424-4bab-45e0-882b-31ee16a250c5;10110907;Подразделения центрального подчинения;10214918;Дирекция сервисных центров;10230076;"Объединенный сервисный центр ""Самара""";10265150;"Сервисный центр ""Архив"" (на правах управления)";10317652;Сектор комплектования документов;;;35223604;Старший специалист;Первая линия;Бэк;4-А-А;1,00;;Самара
5bf80a79-4667-41d2-af28-8160681c54ef;10110907;Подразделения центрального подчинения;10214918;Дирекция сервисных центров;10230076;"Объединенный сервисный центр ""Самара""";10265150;"Сервисный центр ""Архив"" (на правах управления)";10317652;Сектор комплектования документов;;;35223605;Старший специалист;Первая линия;Бэк;4-А-А;1,00;;Самара
4a12a002-dbdf-4feb-8c5c-00f99ba6c2f3;10110907;Подразделения центрального подчинения;10214918;Дирекция сервисных центров;10230076;"Объединенный сервисный центр ""Самара""";10265150;"Сервисный центр ""Архив"" (на правах управления)";10317652;Сектор комплектования документов;;;35223606;Старший специалист;Первая линия;Бэк;4-А-А;1,00;;Самара
27f151d9-8333-44d6-9bd6-d02d08a0c1b6;10110907;Подразделения центрального подчинения;10214918;Дирекция сервисных центров;10230076;"Объединенный сервисный центр ""Самара""";10265150;"Сервисный центр ""Архив"" (на правах управления)";10346902;Сектор логистики и учета документов;;;35532950;Начальник сектора;Первая линия;Мидл;8-А-А;1,00;;Самара
a0d0f99d-e74f-46da-b85c-e6bce5d92ccd;10110907;Подразделения центрального подчинения;10214918;Дирекция сервисных центров;10230076;"Объединенный сервисный центр ""Самара""";10265150;"Сервисный центр ""Архив"" (на правах управления)";10346902;Сектор логистики и учета документов;;;35532951;Главный специалист;Первая линия;Бэк;7-А-А;1,00;;Самара
172b544e-cde1-49e7-a7da-95486a92e3d2;10110907;Подразделения центрального подчинения;10214918;Дирекция сервисных центров;10230076;"Объединенный сервисный центр ""Самара""";10265150;"Сервисный центр ""Архив"" (на правах управления)";10346902;Сектор логистики и учета документов;;;35532952;Ведущий специалист;Первая линия;Бэк;5-А-А;1,00;;Самара
9a2f8885-1ace-4621-ab97-d94f78d3dc09;10110907;Подразделения центрального подчинения;10214918;Дирекция сервисных центров;10230076;"Объединенный сервисный центр ""Самара""";10265150;"Сервисный центр ""Архив"" (на правах управления)";10346902;Сектор логистики и учета документов;;;35532953;Ведущий специалист;Первая линия;Бэк;5-А-А;1,00;;Самара
50994ce7-9a2d-45b8-a13c-67516af6e527;10110907;Подразделения центрального подчинения;10214918;Дирекция сервисных центров;10230076;"Объединенный сервисный центр ""Самара""";10265150;"Сервисный центр ""Архив"" (на правах управления)";10346902;Сектор логистики и учета документов;;;35532954;Ведущий специалист;Первая линия;Бэк;5-А-А;1,00;;Самара
abefc5f3-de31-4d2d-a4ff-0afefd3c28cf;10110907;Подразделения центрального подчинения;10214918;Дирекция сервисных центров;10230076;"Объединенный сервисный центр ""Самара""";10265150;"Сервисный центр ""Архив"" (на правах управления)";10346902;Сектор логистики и учета документов;;;35790277;Ведущий специалист;Первая линия;Бэк;5-А-А;1,00;;Самара
cd80b3eb-c05f-450d-ba0e-f79f00661ada;10110907;Подразделения центрального подчинения;10214918;Дирекция сервисных центров;10230076;"Объединенный сервисный центр ""Самара""";10265150;"Сервисный центр ""Архив"" (на правах управления)";10346902;Сектор логистики и учета документов;;;35790278;Ведущий специалист;Первая линия;Бэк;5-А-А;1,00;;Самара
2d540062-856a-4cb7-b66c-fd1cbce077d5;10110907;Подразделения центрального подчинения;10214918;Дирекция сервисных центров;10230076;"Объединенный сервисный центр ""Самара""";10265150;"Сервисный центр ""Архив"" (на правах управления)";10346902;Сектор логистики и учета документов;;;35532955;Старший специалист;Первая линия;Бэк;4-А-А;1,00;;Самара
d3356200-e14d-4116-a71a-af3e7729737f;10110907;Подразделения центрального подчинения;10214918;Дирекция сервисных центров;10230076;"Объединенный сервисный центр ""Самара""";10265150;"Сервисный центр ""Архив"" (на правах управления)";10346902;Сектор логистики и учета документов;;;35532956;Старший специалист;Первая линия;Бэк;4-А-А;1,00;;Самара
c1d05991-bad5-4fb0-ba4a-2a098129867b;10110907;Подразделения центрального подчинения;10214918;Дирекция сервисных центров;10230076;"Объединенный сервисный центр ""Самара""";10265150;"Сервисный центр ""Архив"" (на правах управления)";10346902;Сектор логистики и учета документов;;;35532957;Старший специалист;Первая линия;Бэк;4-А-А;1,00;;Самара
e29acd78-e199-4b1d-8f5d-6054494f0e15;10110907;Подразделения центрального подчинения;10214918;Дирекция сервисных центров;10230076;"Объединенный сервисный центр ""Самара""";10265150;"Сервисный центр ""Архив"" (на правах управления)";10346902;Сектор логистики и учета документов;;;35532958;Старший специалист;Первая линия;Бэк;4-А-А;1,00;;Самара
1dfa4047-7ea1-453b-8f85-1d5a9403b477;10110907;Подразделения центрального подчинения;10214918;Дирекция сервисных центров;10230076;"Объединенный сервисный центр ""Самара""";10265150;"Сервисный центр ""Архив"" (на правах управления)";10346902;Сектор логистики и учета документов;;;35532958;Старший специалист;Первая линия;Бэк;4-А-А;0,00;в отпуске по БИР до 19.04.2026;Самара
f5599557-886a-478c-a1a0-e7255df01594;10110907;Подразделения центрального подчинения;10214918;Дирекция сервисных центров;10230076;"Объединенный сервисный центр ""Самара""";10265150;"Сервисный центр ""Архив"" (на правах управления)";10346902;Сектор логистики и учета документов;;;35532960;Старший специалист;Первая линия;Бэк;4-А-А;1,00;;Самара
f9132c00-17bd-41d8-b271-6145584c17bd;10110907;Подразделения центрального подчинения;10214918;Дирекция сервисных центров;10230076;"Объединенный сервисный центр ""Самара""";10265150;"Сервисный центр ""Архив"" (на правах управления)";10346902;Сектор логистики и учета документов;;;35532961;Старший специалист;Первая линия;Бэк;4-А-А;1,00;;Самара
95c9a856-0375-43b6-89ee-57a41b05f445;10110907;Подразделения центрального подчинения;10214918;Дирекция сервисных центров;10230076;"Объединенный сервисный центр ""Самара""";10265150;"Сервисный центр ""Архив"" (на правах управления)";10346902;Сектор логистики и учета документов;;;35532962;Старший специалист;Первая линия;Бэк;4-А-А;1,00;;Самара
61453ede-36c6-4508-b1e9-5299780ad179;10110907;Подразделения центрального подчинения;10214918;Дирекция сервисных центров;10230076;"Объединенный сервисный центр ""Самара""";10265150;"Сервисный центр ""Архив"" (на правах управления)";10346902;Сектор логистики и учета документов;;;35532963;Старший специалист;Первая линия;Бэк;4-А-А;1,00;;Самара
c00affc9-9396-4c03-808c-9e79d123b734;10110907;Подразделения центрального подчинения;10214918;Дирекция сервисных центров;10230076;"Объединенный сервисный центр ""Самара""";10265150;"Сервисный центр ""Архив"" (на правах управления)";10346902;Сектор логистики и учета документов;;;35532964;Старший специалист;Первая линия;Бэк;4-А-А;1,00;;Самара
87bd7a66-5fcc-4017-ae2c-103a90fa45d7;10110907;Подразделения центрального подчинения;10214918;Дирекция сервисных центров;10230076;"Объединенный сервисный центр ""Самара""";10265150;"Сервисный центр ""Архив"" (на правах управления)";10346902;Сектор логистики и учета документов;;;35532965;Старший специалист;Первая линия;Бэк;4-А-А;1,00;;Самара
e22cfd27-a822-4717-a8fd-dd485e3873a0;10110907;Подразделения центрального подчинения;10214918;Дирекция сервисных центров;10230076;"Объединенный сервисный центр ""Самара""";10265150;"Сервисный центр ""Архив"" (на правах управления)";10346902;Сектор логистики и учета документов;;;35532966;Старший специалист;Первая линия;Бэк;4-А-А;1,00;;Самара
30620d14-413b-40e5-aae9-7784004322dd;10110907;Подразделения центрального подчинения;10214918;Дирекция сервисных центров;10230076;"Объединенный сервисный центр ""Самара""";10265150;"Сервисный центр ""Архив"" (на правах управления)";10346902;Сектор логистики и учета документов;;;35532967;Старший специалист;Первая линия;Бэк;4-А-А;1,00;;Самара
4ae75cfc-b056-4a55-92c0-980e1e24d6bc;10110907;Подразделения центрального подчинения;10214918;Дирекция сервисных центров;10230076;"Объединенный сервисный центр ""Самара""";10265150;"Сервисный центр ""Архив"" (на правах управления)";10346902;Сектор логистики и учета документов;;;35532968;Старший специалист;Первая линия;Бэк;4-А-А;1,00;;Самара
60f05f54-59ee-4e0c-a65d-2b143d98d329;10110907;Подразделения центрального подчинения;10214918;Дирекция сервисных центров;10230076;"Объединенный сервисный центр ""Самара""";10265150;"Сервисный центр ""Архив"" (на правах управления)";10346902;Сектор логистики и учета документов;;;35532970;Старший специалист;Первая линия;Бэк;4-А-А;1,00;;Самара
7cbf0a35-06cc-4aa9-9735-358cf7e7e543;10110907;Подразделения центрального подчинения;10214918;Дирекция сервисных центров;10230079;"Объединенный сервисный центр ""Новосибирск""";10279660;"Сервисный центр ""Архив"" (на правах управления)";;;;;34910375;Начальник центра;Первая линия;Бэк;12-А-А;1,00;;Новосибирск
52dc0220-428c-4eb2-9775-527e737d9593;10110907;Подразделения центрального подчинения;10214918;Дирекция сервисных центров;10230079;"Объединенный сервисный центр ""Новосибирск""";10279660;"Сервисный центр ""Архив"" (на правах управления)";;;;;34910376;Менеджер;Первая линия;Бэк;10-А-А;1,00;;Новосибирск
ae8fd50c-ab52-4193-afb5-9a213925a288;10110907;Подразделения центрального подчинения;10214918;Дирекция сервисных центров;10230079;"Объединенный сервисный центр ""Новосибирск""";10279660;"Сервисный центр ""Архив"" (на правах управления)";;;;;34910378;Главный специалист;Первая линия;Бэк;7-А-А;1,00;;Новосибирск
0fb95520-3735-48d0-b668-5e9a2fd4abc2;10110907;Подразделения центрального подчинения;10214918;Дирекция сервисных центров;10230079;"Объединенный сервисный центр ""Новосибирск""";10279660;"Сервисный центр ""Архив"" (на правах управления)";;;;;34910379;Главный специалист;Первая линия;Бэк;7-А-А;1,00;;Новосибирск
c1ea84e3-9d44-4ee7-8157-d927ac3de4af;10110907;Подразделения центрального подчинения;10214918;Дирекция сервисных центров;10230079;"Объединенный сервисный центр ""Новосибирск""";10279660;"Сервисный центр ""Архив"" (на правах управления)";;;;;35223182;Главный специалист;Первая линия;Бэк;7-А-А;1,00;;Новосибирск
647c554c-fdf6-48dc-b4cd-d1faa379eb77;10110907;Подразделения центрального подчинения;10214918;Дирекция сервисных центров;10230079;"Объединенный сервисный центр ""Новосибирск""";10279660;"Сервисный центр ""Архив"" (на правах управления)";;;;;35223184;Главный специалист;Первая линия;Бэк;7-А-А;0,00;в отпуске по уходу за ребенком по 03.02.2027;Новосибирск
526f9d10-31d7-41a1-b163-fd563a621027;10110907;Подразделения центрального подчинения;10214918;Дирекция сервисных центров;10230079;"Объединенный сервисный центр ""Новосибирск""";10279660;"Сервисный центр ""Архив"" (на правах управления)";;;;;35223184;Главный специалист;Первая линия;Бэк;7-А-А;1,00;;Новосибирск
4fa16204-1288-4e54-972d-3fdf11cb6362;10110907;Подразделения центрального подчинения;10214918;Дирекция сервисных центров;10230079;"Объединенный сервисный центр ""Новосибирск""";10279660;"Сервисный центр ""Архив"" (на правах управления)";;;;;35223185;Главный специалист;Первая линия;Бэк;7-А-А;1,00;;Новосибирск
1b3168e8-6e25-4d5f-b978-53e655ca9966;10110907;Подразделения центрального подчинения;10214918;Дирекция сервисных центров;10230079;"Объединенный сервисный центр ""Новосибирск""";10279660;"Сервисный центр ""Архив"" (на правах управления)";;;;;35223186;Главный специалист;Первая линия;Бэк;7-А-А;1,00;;Новосибирск
342874ec-b264-468c-9319-03d51482d64d;10110907;Подразделения центрального подчинения;10214918;Дирекция сервисных центров;10230079;"Объединенный сервисный центр ""Новосибирск""";10279660;"Сервисный центр ""Архив"" (на правах управления)";10371983;Архив №2 г.Екатеринбург;;;35790286;Начальник отдела;Первая линия;Бэк;10-А-А;1,00;;Екатеринбург
0a9428bb-7558-4ba3-a6e7-ec4dd56c79b0;10110907;Подразделения центрального подчинения;10214918;Дирекция сервисных центров;10230079;"Объединенный сервисный центр ""Новосибирск""";10279660;"Сервисный центр ""Архив"" (на правах управления)";10371983;Архив №2 г.Екатеринбург;;;35790287;Главный специалист;Первая линия;Бэк;7-А-А;1,00;;Екатеринбург
49a2268f-2d82-4b16-9459-2b48dcec15d2;10110907;Подразделения центрального подчинения;10214918;Дирекция сервисных центров;10230079;"Объединенный сервисный центр ""Новосибирск""";10279660;"Сервисный центр ""Архив"" (на правах управления)";10371983;Архив №2 г.Екатеринбург;;;35790288;Главный специалист;Первая линия;Бэк;7-А-А;1,00;;Екатеринбург
d79b06b6-6259-4097-86d4-5fcf79566b04;10110907;Подразделения центрального подчинения;10214918;Дирекция сервисных центров;10230079;"Объединенный сервисный центр ""Новосибирск""";10279660;"Сервисный центр ""Архив"" (на правах управления)";10371983;Архив №2 г.Екатеринбург;;;35790289;Ведущий специалист;Первая линия;Бэк;5-А-А;1,00;;Екатеринбург
6fe75b65-f43c-4a7b-b549-0cae335f1e1f;10110907;Подразделения центрального подчинения;10214918;Дирекция сервисных центров;10230079;"Объединенный сервисный центр ""Новосибирск""";10279660;"Сервисный центр ""Архив"" (на правах управления)";10371983;Архив №2 г.Екатеринбург;;;35790290;Ведущий специалист;Первая линия;Бэк;5-А-А;1,00;;Екатеринбург
ee31d03c-e109-495a-b834-3f94b540abe8;10110907;Подразделения центрального подчинения;10214918;Дирекция сервисных центров;10230079;"Объединенный сервисный центр ""Новосибирск""";10279660;"Сервисный центр ""Архив"" (на правах управления)";10371983;Архив №2 г.Екатеринбург;;;35790291;Ведущий специалист;Первая линия;Бэк;5-А-А;1,00;;Екатеринбург
cfe276b2-e31f-46c4-9b92-f503345bce8e;10110907;Подразделения центрального подчинения;10214918;Дирекция сервисных центров;10230079;"Объединенный сервисный центр ""Новосибирск""";10279660;"Сервисный центр ""Архив"" (на правах управления)";10371983;Архив №2 г.Екатеринбург;;;35790292;Ведущий специалист;Первая линия;Бэк;5-А-А;1,00;;Екатеринбург
adb2b613-2824-4dc5-aafe-522d15256d0d;10110907;Подразделения центрального подчинения;10214918;Дирекция сервисных центров;10230079;"Объединенный сервисный центр ""Новосибирск""";10279660;"Сервисный центр ""Архив"" (на правах управления)";10371983;Архив №2 г.Екатеринбург;;;35790293;Ведущий специалист;Первая линия;Бэк;5-А-А;1,00;;Екатеринбург
5d7728b8-237d-465d-b324-cde2aaa9a258;10110907;Подразделения центрального подчинения;10214918;Дирекция сервисных центров;10230079;"Объединенный сервисный центр ""Новосибирск""";10279660;"Сервисный центр ""Архив"" (на правах управления)";10371983;Архив №2 г.Екатеринбург;;;35790294;Старший специалист;Первая линия;Бэк;4-А-А;1,00;;Екатеринбург
169e7098-e392-4a58-8a7d-ce78db395950;10110907;Подразделения центрального подчинения;10214918;Дирекция сервисных центров;10230079;"Объединенный сервисный центр ""Новосибирск""";10279660;"Сервисный центр ""Архив"" (на правах управления)";10371983;Архив №2 г.Екатеринбург;;;35790295;Старший специалист;Первая линия;Бэк;4-А-А;1,00;;Екатеринбург
3251672e-0007-434a-bb6e-b8bb94a9e0c4;10110907;Подразделения центрального подчинения;10214918;Дирекция сервисных центров;10230079;"Объединенный сервисный центр ""Новосибирск""";10279660;"Сервисный центр ""Архив"" (на правах управления)";10371983;Архив №2 г.Екатеринбург;;;35790296;Старший специалист;Первая линия;Бэк;4-А-А;1,00;;Екатеринбург
7caf714f-87b3-4d8d-80b4-2758aff54faa;10110907;Подразделения центрального подчинения;10214918;Дирекция сервисных центров;10230079;"Объединенный сервисный центр ""Новосибирск""";10279660;"Сервисный центр ""Архив"" (на правах управления)";10371983;Архив №2 г.Екатеринбург;10371985;Сектор использования документов №1;35790297;Заместитель начальника отдела-начальник сектора;Первая линия;Мидл;9-А-А;1,00;;Екатеринбург
1569e281-3d3c-4bb6-8389-dbf8b2795651;10110907;Подразделения центрального подчинения;10214918;Дирекция сервисных центров;10230079;"Объединенный сервисный центр ""Новосибирск""";10279660;"Сервисный центр ""Архив"" (на правах управления)";10371983;Архив №2 г.Екатеринбург;10371985;Сектор использования документов №1;35790298;Главный специалист;Первая линия;Бэк;7-А-А;1,00;;Екатеринбург
bf31a491-80fa-4f5e-99c0-1234fbdc2dd5;10110907;Подразделения центрального подчинения;10214918;Дирекция сервисных центров;10230079;"Объединенный сервисный центр ""Новосибирск""";10279660;"Сервисный центр ""Архив"" (на правах управления)";10371983;Архив №2 г.Екатеринбург;10371985;Сектор использования документов №1;35790299;Главный специалист;Первая линия;Бэк;7-А-А;1,00;;Екатеринбург
9f7786e4-5e5a-436c-b71e-ccc3649f77b4;10110907;Подразделения центрального подчинения;10214918;Дирекция сервисных центров;10230079;"Объединенный сервисный центр ""Новосибирск""";10279660;"Сервисный центр ""Архив"" (на правах управления)";10371983;Архив №2 г.Екатеринбург;10371985;Сектор использования документов №1;35790350;Главный специалист;Первая линия;Бэк;7-А-А;1,00;;Екатеринбург
ce9c78de-d70c-47cd-9ace-942f339bf86f;10110907;Подразделения центрального подчинения;10214918;Дирекция сервисных центров;10230079;"Объединенный сервисный центр ""Новосибирск""";10279660;"Сервисный центр ""Архив"" (на правах управления)";10371983;Архив №2 г.Екатеринбург;10371985;Сектор использования документов №1;35790351;Ведущий специалист;Первая линия;Бэк;5-А-А;1,00;;Екатеринбург
6cd22597-efbe-40b8-8e07-f41bf5d6c3e0;10110907;Подразделения центрального подчинения;10214918;Дирекция сервисных центров;10230079;"Объединенный сервисный центр ""Новосибирск""";10279660;"Сервисный центр ""Архив"" (на правах управления)";10371983;Архив №2 г.Екатеринбург;10371985;Сектор использования документов №1;35790352;Ведущий специалист;Первая линия;Бэк;5-А-А;1,00;;Екатеринбург
27617ded-9299-44c7-8351-d8883a839f52;10110907;Подразделения центрального подчинения;10214918;Дирекция сервисных центров;10230079;"Объединенный сервисный центр ""Новосибирск""";10279660;"Сервисный центр ""Архив"" (на правах управления)";10371983;Архив №2 г.Екатеринбург;10371985;Сектор использования документов №1;35790353;Ведущий специалист;Первая линия;Бэк;5-А-А;1,00;;Екатеринбург
4ac7af66-a98a-411b-bfe0-dd58ed537b0e;10110907;Подразделения центрального подчинения;10214918;Дирекция сервисных центров;10230079;"Объединенный сервисный центр ""Новосибирск""";10279660;"Сервисный центр ""Архив"" (на правах управления)";10371983;Архив №2 г.Екатеринбург;10371985;Сектор использования документов №1;35790354;Ведущий специалист;Первая линия;Бэк;5-А-А;1,00;;Екатеринбург
b2e5235a-fba0-4726-90e8-6d128f44b014;10110907;Подразделения центрального подчинения;10214918;Дирекция сервисных центров;10230079;"Объединенный сервисный центр ""Новосибирск""";10279660;"Сервисный центр ""Архив"" (на правах управления)";10371983;Архив №2 г.Екатеринбург;10371985;Сектор использования документов №1;35790355;Ведущий специалист;Первая линия;Бэк;5-А-А;1,00;;Екатеринбург
78687750-1b23-4984-830e-21f56a5bfcc4;10110907;Подразделения центрального подчинения;10214918;Дирекция сервисных центров;10230079;"Объединенный сервисный центр ""Новосибирск""";10279660;"Сервисный центр ""Архив"" (на правах управления)";10371983;Архив №2 г.Екатеринбург;10371985;Сектор использования документов №1;35790356;Ведущий специалист;Первая линия;Бэк;5-А-А;1,00;;Екатеринбург
6ba4cfc2-15a8-485a-8648-7a55952643d8;10110907;Подразделения центрального подчинения;10214918;Дирекция сервисных центров;10230079;"Объединенный сервисный центр ""Новосибирск""";10279660;"Сервисный центр ""Архив"" (на правах управления)";10371983;Архив №2 г.Екатеринбург;10371985;Сектор использования документов №1;35790357;Ведущий специалист;Первая линия;Бэк;5-А-А;1,00;;Екатеринбург
a5761c8b-a886-4a61-804a-9cfbe31f575b;10110907;Подразделения центрального подчинения;10214918;Дирекция сервисных центров;10230079;"Объединенный сервисный центр ""Новосибирск""";10279660;"Сервисный центр ""Архив"" (на правах управления)";10371983;Архив №2 г.Екатеринбург;10371985;Сектор использования документов №1;35790358;Ведущий специалист;Первая линия;Бэк;5-А-А;1,00;;Екатеринбург
c72308d2-0168-4020-b390-44449a027b38;10110907;Подразделения центрального подчинения;10214918;Дирекция сервисных центров;10230079;"Объединенный сервисный центр ""Новосибирск""";10279660;"Сервисный центр ""Архив"" (на правах управления)";10371983;Архив №2 г.Екатеринбург;10371985;Сектор использования документов №1;35790359;Ведущий специалист;Первая линия;Бэк;5-А-А;1,00;;Екатеринбург
7884981b-4a11-410f-a9b4-acc225c7a7ff;10110907;Подразделения центрального подчинения;10214918;Дирекция сервисных центров;10230079;"Объединенный сервисный центр ""Новосибирск""";10279660;"Сервисный центр ""Архив"" (на правах управления)";10371983;Архив №2 г.Екатеринбург;10371985;Сектор использования документов №1;35790360;Старший специалист;Первая линия;Бэк;4-А-А;1,00;;Екатеринбург
f8da0d34-6ca4-459e-9b04-dda75b09342b;10110907;Подразделения центрального подчинения;10214918;Дирекция сервисных центров;10230079;"Объединенный сервисный центр ""Новосибирск""";10279660;"Сервисный центр ""Архив"" (на правах управления)";10371983;Архив №2 г.Екатеринбург;10371985;Сектор использования документов №1;35790361;Старший специалист;Первая линия;Бэк;4-А-А;1,00;;Екатеринбург
507954c5-3ba4-4c3f-b1c0-37aeb9c3f59f;10110907;Подразделения центрального подчинения;10214918;Дирекция сервисных центров;10230079;"Объединенный сервисный центр ""Новосибирск""";10279660;"Сервисный центр ""Архив"" (на правах управления)";10371983;Архив №2 г.Екатеринбург;10371985;Сектор использования документов №1;35790362;Старший специалист;Первая линия;Бэк;4-А-А;1,00;;Екатеринбург
bef981ca-42e5-461e-9f1e-45dd87215c09;10110907;Подразделения центрального подчинения;10214918;Дирекция сервисных центров;10230079;"Объединенный сервисный центр ""Новосибирск""";10279660;"Сервисный центр ""Архив"" (на правах управления)";10371983;Архив №2 г.Екатеринбург;10371985;Сектор использования документов №1;35790363;Старший специалист;Первая линия;Бэк;4-А-А;1,00;;Екатеринбург
459e0cc0-0202-45f3-b40e-f0eed61e2f20;10110907;Подразделения центрального подчинения;10214918;Дирекция сервисных центров;10230079;"Объединенный сервисный центр ""Новосибирск""";10279660;"Сервисный центр ""Архив"" (на правах управления)";10371983;Архив №2 г.Екатеринбург;10371985;Сектор использования документов №1;35790364;Старший специалист;Первая линия;Бэк;4-А-А;1,00;;Екатеринбург
e1ebb7b8-8fe3-400e-9a8f-dfd614065113;10110907;Подразделения центрального подчинения;10214918;Дирекция сервисных центров;10230079;"Объединенный сервисный центр ""Новосибирск""";10279660;"Сервисный центр ""Архив"" (на правах управления)";10371983;Архив №2 г.Екатеринбург;10371985;Сектор использования документов №1;35790365;Старший специалист;Первая линия;Бэк;4-А-А;0,00;в отпуске по уходу за ребенком по 18.05.2026;Екатеринбург
c8479e00-dde7-4576-a8a6-11341c083bfd;10110907;Подразделения центрального подчинения;10214918;Дирекция сервисных центров;10230079;"Объединенный сервисный центр ""Новосибирск""";10279660;"Сервисный центр ""Архив"" (на правах управления)";10371983;Архив №2 г.Екатеринбург;10371985;Сектор использования документов №1;35790365;Старший специалист;Первая линия;Бэк;4-А-А;1,00;;Екатеринбург
852d783f-30f9-4c3b-a80f-3c913202e72d;10110907;Подразделения центрального подчинения;10214918;Дирекция сервисных центров;10230079;"Объединенный сервисный центр ""Новосибирск""";10279660;"Сервисный центр ""Архив"" (на правах управления)";10371983;Архив №2 г.Екатеринбург;10371985;Сектор использования документов №1;35790366;Старший специалист;Первая линия;Бэк;4-А-А;1,00;;Екатеринбург
ca048e51-e281-456e-839d-95692396a409;10110907;Подразделения центрального подчинения;10214918;Дирекция сервисных центров;10230079;"Объединенный сервисный центр ""Новосибирск""";10279660;"Сервисный центр ""Архив"" (на правах управления)";10371983;Архив №2 г.Екатеринбург;10371985;Сектор использования документов №1;35790367;Старший специалист;Первая линия;Бэк;4-А-А;1,00;;Екатеринбург
38b27bbb-2663-4953-b558-6eabae39ecd3;10110907;Подразделения центрального подчинения;10214918;Дирекция сервисных центров;10230079;"Объединенный сервисный центр ""Новосибирск""";10279660;"Сервисный центр ""Архив"" (на правах управления)";10371983;Архив №2 г.Екатеринбург;10371985;Сектор использования документов №1;35790368;Старший специалист;Первая линия;Бэк;4-А-А;1,00;;Екатеринбург
db46ab2c-ceb2-4ee7-9085-b04a0f548268;10110907;Подразделения центрального подчинения;10214918;Дирекция сервисных центров;10230079;"Объединенный сервисный центр ""Новосибирск""";10279660;"Сервисный центр ""Архив"" (на правах управления)";10371983;Архив №2 г.Екатеринбург;10371985;Сектор использования документов №1;35790369;Старший специалист;Первая линия;Бэк;4-А-А;1,00;;Екатеринбург
b1ce4de5-14a4-44f7-a753-c0bdd1b77a9c;10110907;Подразделения центрального подчинения;10214918;Дирекция сервисных центров;10230079;"Объединенный сервисный центр ""Новосибирск""";10279660;"Сервисный центр ""Архив"" (на правах управления)";10371983;Архив №2 г.Екатеринбург;10371985;Сектор использования документов №1;35790370;Старший специалист;Первая линия;Бэк;4-А-А;1,00;;Екатеринбург
0ef03156-5e8b-40d2-be52-879607098ae1;10110907;Подразделения центрального подчинения;10214918;Дирекция сервисных центров;10230079;"Объединенный сервисный центр ""Новосибирск""";10279660;"Сервисный центр ""Архив"" (на правах управления)";10371983;Архив №2 г.Екатеринбург;10371985;Сектор использования документов №1;35790371;Старший специалист;Первая линия;Бэк;4-А-А;1,00;;Екатеринбург
724a6428-03e3-4545-990e-06c493085eb0;10110907;Подразделения центрального подчинения;10214918;Дирекция сервисных центров;10230079;"Объединенный сервисный центр ""Новосибирск""";10279660;"Сервисный центр ""Архив"" (на правах управления)";10371983;Архив №2 г.Екатеринбург;10371985;Сектор использования документов №1;35790372;Старший специалист;Первая линия;Бэк;4-А-А;1,00;;Екатеринбург
38358c34-9879-4d20-b9d8-f41df1e6776a;10110907;Подразделения центрального подчинения;10214918;Дирекция сервисных центров;10230079;"Объединенный сервисный центр ""Новосибирск""";10279660;"Сервисный центр ""Архив"" (на правах управления)";10371983;Архив №2 г.Екатеринбург;10371987;Сектор использования документов №2;35790373;Начальник сектора;Первая линия;Мидл;8-А-А;1,00;;Екатеринбург
5bedd56a-f4bc-411b-b293-e5905b58f9ee;10110907;Подразделения центрального подчинения;10214918;Дирекция сервисных центров;10230079;"Объединенный сервисный центр ""Новосибирск""";10279660;"Сервисный центр ""Архив"" (на правах управления)";10371983;Архив №2 г.Екатеринбург;10371987;Сектор использования документов №2;35790374;Главный специалист;Первая линия;Бэк;7-А-А;1,00;;Екатеринбург
ffd99203-1c62-4ebb-8678-cb020498baf9;10110907;Подразделения центрального подчинения;10214918;Дирекция сервисных центров;10230079;"Объединенный сервисный центр ""Новосибирск""";10279660;"Сервисный центр ""Архив"" (на правах управления)";10371983;Архив №2 г.Екатеринбург;10371987;Сектор использования документов №2;35790400;Главный специалист;Первая линия;Бэк;7-А-А;1,00;;Екатеринбург
051dd284-75b4-44a8-b598-9acebe2d3b94;10110907;Подразделения центрального подчинения;10214918;Дирекция сервисных центров;10230079;"Объединенный сервисный центр ""Новосибирск""";10279660;"Сервисный центр ""Архив"" (на правах управления)";10371983;Архив №2 г.Екатеринбург;10371987;Сектор использования документов №2;35790401;Ведущий специалист;Первая линия;Бэк;5-А-А;1,00;;Екатеринбург
28b68f39-31ae-46b2-9e99-ebf4558ebd89;10110907;Подразделения центрального подчинения;10214918;Дирекция сервисных центров;10230079;"Объединенный сервисный центр ""Новосибирск""";10279660;"Сервисный центр ""Архив"" (на правах управления)";10371983;Архив №2 г.Екатеринбург;10371987;Сектор использования документов №2;35790402;Ведущий специалист;Первая линия;Бэк;5-А-А;1,00;;Екатеринбург
593cff8f-c869-432c-8ff2-48fbdc70469b;10110907;Подразделения центрального подчинения;10214918;Дирекция сервисных центров;10230079;"Объединенный сервисный центр ""Новосибирск""";10279660;"Сервисный центр ""Архив"" (на правах управления)";10371983;Архив №2 г.Екатеринбург;10371987;Сектор использования документов №2;35790403;Ведущий специалист;Первая линия;Бэк;5-А-А;1,00;;Екатеринбург
68816ee9-3c11-4873-b363-8b15a9db20ce;10110907;Подразделения центрального подчинения;10214918;Дирекция сервисных центров;10230079;"Объединенный сервисный центр ""Новосибирск""";10279660;"Сервисный центр ""Архив"" (на правах управления)";10371983;Архив №2 г.Екатеринбург;10371987;Сектор использования документов №2;35790404;Ведущий специалист;Первая линия;Бэк;5-А-А;1,00;;Екатеринбург
8478e98e-91a6-4064-9e97-8614c740f9d1;10110907;Подразделения центрального подчинения;10214918;Дирекция сервисных центров;10230079;"Объединенный сервисный центр ""Новосибирск""";10279660;"Сервисный центр ""Архив"" (на правах управления)";10371983;Архив №2 г.Екатеринбург;10371987;Сектор использования документов №2;35790405;Ведущий специалист;Первая линия;Бэк;5-А-А;1,00;;Екатеринбург
a6e33c9e-3782-4b3e-80dc-e779449f791f;10110907;Подразделения центрального подчинения;10214918;Дирекция сервисных центров;10230079;"Объединенный сервисный центр ""Новосибирск""";10279660;"Сервисный центр ""Архив"" (на правах управления)";10371983;Архив №2 г.Екатеринбург;10371987;Сектор использования документов №2;35790406;Ведущий специалист;Первая линия;Бэк;5-А-А;1,00;;Екатеринбург
c43bcb4f-c7c3-4c8d-8578-03622b76e8d6;10110907;Подразделения центрального подчинения;10214918;Дирекция сервисных центров;10230079;"Объединенный сервисный центр ""Новосибирск""";10279660;"Сервисный центр ""Архив"" (на правах управления)";10371983;Архив №2 г.Екатеринбург;10371987;Сектор использования документов №2;35790407;Старший специалист;Первая линия;Бэк;4-А-А;1,00;;Екатеринбург
c103a842-3737-49f1-a867-8186c0e11a6e;10110907;Подразделения центрального подчинения;10214918;Дирекция сервисных центров;10230079;"Объединенный сервисный центр ""Новосибирск""";10279660;"Сервисный центр ""Архив"" (на правах управления)";10371983;Архив №2 г.Екатеринбург;10371987;Сектор использования документов №2;35790408;Старший специалист;Первая линия;Бэк;4-А-А;1,00;;Екатеринбург
ee1aaba8-d659-4d56-b0a9-373614eeef5a;10110907;Подразделения центрального подчинения;10214918;Дирекция сервисных центров;10230079;"Объединенный сервисный центр ""Новосибирск""";10279660;"Сервисный центр ""Архив"" (на правах управления)";10371983;Архив №2 г.Екатеринбург;10371987;Сектор использования документов №2;35790409;Старший специалист;Первая линия;Бэк;4-А-А;1,00;;Екатеринбург
936d9168-331b-4b46-be67-97fc2cc834e4;10110907;Подразделения центрального подчинения;10214918;Дирекция сервисных центров;10230079;"Объединенный сервисный центр ""Новосибирск""";10279660;"Сервисный центр ""Архив"" (на правах управления)";10371983;Архив №2 г.Екатеринбург;10371987;Сектор использования документов №2;35790410;Старший специалист;Первая линия;Бэк;4-А-А;1,00;;Екатеринбург
0a171a4b-c5de-4ea5-b4ed-606fc24af2e1;10110907;Подразделения центрального подчинения;10214918;Дирекция сервисных центров;10230079;"Объединенный сервисный центр ""Новосибирск""";10279660;"Сервисный центр ""Архив"" (на правах управления)";10371983;Архив №2 г.Екатеринбург;10371987;Сектор использования документов №2;35790411;Старший специалист;Первая линия;Бэк;4-А-А;1,00;;Екатеринбург
c50e5c13-728d-471e-90f7-38fd1266ea50;10110907;Подразделения центрального подчинения;10214918;Дирекция сервисных центров;10230079;"Объединенный сервисный центр ""Новосибирск""";10279660;"Сервисный центр ""Архив"" (на правах управления)";10371983;Архив №2 г.Екатеринбург;10371987;Сектор использования документов №2;35790412;Старший специалист;Первая линия;Бэк;4-А-А;1,00;;Екатеринбург
36cce1be-e2a9-4ed2-99db-af4dac23fd48;10110907;Подразделения центрального подчинения;10214918;Дирекция сервисных центров;10230079;"Объединенный сервисный центр ""Новосибирск""";10279660;"Сервисный центр ""Архив"" (на правах управления)";10371983;Архив №2 г.Екатеринбург;10371987;Сектор использования документов №2;35790413;Старший специалист;Первая линия;Бэк;4-А-А;1,00;;Екатеринбург
6a0a502d-5cf2-4e58-97e4-e13df2fd55b3;10110907;Подразделения центрального подчинения;10214918;Дирекция сервисных центров;10230079;"Объединенный сервисный центр ""Новосибирск""";10279660;"Сервисный центр ""Архив"" (на правах управления)";10371983;Архив №2 г.Екатеринбург;10371987;Сектор использования документов №2;35790414;Старший специалист;Первая линия;Бэк;4-А-А;1,00;;Екатеринбург
832dc33d-40df-4380-9a20-dfc78331a6d6;10110907;Подразделения центрального подчинения;10214918;Дирекция сервисных центров;10230079;"Объединенный сервисный центр ""Новосибирск""";10279660;"Сервисный центр ""Архив"" (на правах управления)";10371983;Архив №2 г.Екатеринбург;10371987;Сектор использования документов №2;35790415;Старший специалист;Первая линия;Бэк;4-А-А;1,00;;Екатеринбург
05e2d815-c036-470e-8aa7-2626cac4b996;10110907;Подразделения центрального подчинения;10214918;Дирекция сервисных центров;10230079;"Объединенный сервисный центр ""Новосибирск""";10279660;"Сервисный центр ""Архив"" (на правах управления)";10371983;Архив №2 г.Екатеринбург;10371987;Сектор использования документов №2;35790416;Старший специалист;Первая линия;Бэк;4-А-А;1,00;;Екатеринбург
6f4076d0-e007-4e56-8534-a230e1889d48;10110907;Подразделения центрального подчинения;10214918;Дирекция сервисных центров;10230079;"Объединенный сервисный центр ""Новосибирск""";10279660;"Сервисный центр ""Архив"" (на правах управления)";10371983;Архив №2 г.Екатеринбург;10371987;Сектор использования документов №2;35790417;Старший специалист;Первая линия;Бэк;4-А-А;1,00;;Екатеринбург
2873befb-a5dd-49a7-8626-89e85310c595;10110907;Подразделения центрального подчинения;10214918;Дирекция сервисных центров;10230079;"Объединенный сервисный центр ""Новосибирск""";10279660;"Сервисный центр ""Архив"" (на правах управления)";10371983;Архив №2 г.Екатеринбург;10371987;Сектор использования документов №2;35790418;Старший специалист;Первая линия;Бэк;4-А-А;1,00;;Екатеринбург
0a115521-650e-406e-8887-524e98d6e528;10110907;Подразделения центрального подчинения;10214918;Дирекция сервисных центров;10230079;"Объединенный сервисный центр ""Новосибирск""";10279660;"Сервисный центр ""Архив"" (на правах управления)";10371983;Архив №2 г.Екатеринбург;10371987;Сектор использования документов №2;35790419;Старший специалист;Первая линия;Бэк;4-А-А;1,00;;Екатеринбург
bbb93cc4-2ccc-4756-9fdf-cc9a45bfa83c;10110907;Подразделения центрального подчинения;10214918;Дирекция сервисных центров;10230079;"Объединенный сервисный центр ""Новосибирск""";10279660;"Сервисный центр ""Архив"" (на правах управления)";10371983;Архив №2 г.Екатеринбург;10371987;Сектор использования документов №2;35790420;Старший специалист;Первая линия;Бэк;4-А-А;1,00;;Екатеринбург
a5be00da-9246-46c3-b1c6-be2bb91baea6;10110907;Подразделения центрального подчинения;10214918;Дирекция сервисных центров;10230079;"Объединенный сервисный центр ""Новосибирск""";10279660;"Сервисный центр ""Архив"" (на правах управления)";10371983;Архив №2 г.Екатеринбург;10371987;Сектор использования документов №2;35790421;Старший специалист;Первая линия;Бэк;4-А-А;1,00;;Екатеринбург
343ebed7-f1ee-4682-80ef-f0477bffbd1c;10110907;Подразделения центрального подчинения;10214918;Дирекция сервисных центров;10230079;"Объединенный сервисный центр ""Новосибирск""";10279660;"Сервисный центр ""Архив"" (на правах управления)";10371983;Архив №2 г.Екатеринбург;10371987;Сектор использования документов №2;35790422;Старший специалист;Первая линия;Бэк;4-А-А;1,00;;Екатеринбург
6fa2ad86-60f5-4c12-a837-f54917452ee7;10110907;Подразделения центрального подчинения;10214918;Дирекция сервисных центров;10230079;"Объединенный сервисный центр ""Новосибирск""";10279660;"Сервисный центр ""Архив"" (на правах управления)";10371983;Архив №2 г.Екатеринбург;10371989;Сектор комплектования документов №1;35790424;Начальник сектора;Первая линия;Мидл;8-А-А;1,00;;Екатеринбург
d120ad4d-de70-44ab-ae95-397b05ae0461;10110907;Подразделения центрального подчинения;10214918;Дирекция сервисных центров;10230079;"Объединенный сервисный центр ""Новосибирск""";10279660;"Сервисный центр ""Архив"" (на правах управления)";10371983;Архив №2 г.Екатеринбург;10371989;Сектор комплектования документов №1;35790425;Главный специалист;Первая линия;Бэк;7-А-А;1,00;;Екатеринбург
0863a363-1a0c-4eca-9c17-65f2d8465a17;10110907;Подразделения центрального подчинения;10214918;Дирекция сервисных центров;10230079;"Объединенный сервисный центр ""Новосибирск""";10279660;"Сервисный центр ""Архив"" (на правах управления)";10371983;Архив №2 г.Екатеринбург;10371989;Сектор комплектования документов №1;35790426;Главный специалист;Первая линия;Бэк;7-А-А;1,00;;Екатеринбург
72a3317b-6d40-4345-bf48-a02b8840df82;10110907;Подразделения центрального подчинения;10214918;Дирекция сервисных центров;10230079;"Объединенный сервисный центр ""Новосибирск""";10279660;"Сервисный центр ""Архив"" (на правах управления)";10371983;Архив №2 г.Екатеринбург;10371989;Сектор комплектования документов №1;35790427;Ведущий специалист;Первая линия;Бэк;5-А-А;1,00;;Екатеринбург
86602a53-7b33-4c79-8034-4058f06b7a36;10110907;Подразделения центрального подчинения;10214918;Дирекция сервисных центров;10230079;"Объединенный сервисный центр ""Новосибирск""";10279660;"Сервисный центр ""Архив"" (на правах управления)";10371983;Архив №2 г.Екатеринбург;10371989;Сектор комплектования документов №1;35790428;Ведущий специалист;Первая линия;Бэк;5-А-А;1,00;;Екатеринбург
74fcf079-cf8b-4ce0-a2b7-29c9a24a7ffd;10110907;Подразделения центрального подчинения;10214918;Дирекция сервисных центров;10230079;"Объединенный сервисный центр ""Новосибирск""";10279660;"Сервисный центр ""Архив"" (на правах управления)";10371983;Архив №2 г.Екатеринбург;10371989;Сектор комплектования документов №1;35790429;Ведущий специалист;Первая линия;Бэк;5-А-А;1,00;;Екатеринбург
5c4956bf-f18f-474b-ba2b-9e1845085183;10110907;Подразделения центрального подчинения;10214918;Дирекция сервисных центров;10230079;"Объединенный сервисный центр ""Новосибирск""";10279660;"Сервисный центр ""Архив"" (на правах управления)";10371983;Архив №2 г.Екатеринбург;10371989;Сектор комплектования документов №1;35790430;Ведущий специалист;Первая линия;Бэк;5-А-А;1,00;;Екатеринбург
496e2259-1be3-4245-97d0-adc1cd968766;10110907;Подразделения центрального подчинения;10214918;Дирекция сервисных центров;10230079;"Объединенный сервисный центр ""Новосибирск""";10279660;"Сервисный центр ""Архив"" (на правах управления)";10371983;Архив №2 г.Екатеринбург;10371989;Сектор комплектования документов №1;35790431;Ведущий специалист;Первая линия;Бэк;5-А-А;1,00;;Екатеринбург
c046c250-358d-4a31-ac08-73d902ce1c79;10110907;Подразделения центрального подчинения;10214918;Дирекция сервисных центров;10230079;"Объединенный сервисный центр ""Новосибирск""";10279660;"Сервисный центр ""Архив"" (на правах управления)";10371983;Архив №2 г.Екатеринбург;10371989;Сектор комплектования документов №1;35790432;Старший специалист;Первая линия;Бэк;4-А-А;1,00;;Екатеринбург
85dbd48a-61fc-4256-ab7a-f51099b1cf0f;10110907;Подразделения центрального подчинения;10214918;Дирекция сервисных центров;10230079;"Объединенный сервисный центр ""Новосибирск""";10279660;"Сервисный центр ""Архив"" (на правах управления)";10371983;Архив №2 г.Екатеринбург;10371989;Сектор комплектования документов №1;35790433;Старший специалист;Первая линия;Бэк;4-А-А;1,00;;Екатеринбург
741dcb00-f9ea-473a-9f70-eb840131b565;10110907;Подразделения центрального подчинения;10214918;Дирекция сервисных центров;10230079;"Объединенный сервисный центр ""Новосибирск""";10279660;"Сервисный центр ""Архив"" (на правах управления)";10371983;Архив №2 г.Екатеринбург;10371989;Сектор комплектования документов №1;35790434;Старший специалист;Первая линия;Бэк;4-А-А;1,00;;Екатеринбург
6e7d7616-2548-496f-9e6e-6a28ed84b734;10110907;Подразделения центрального подчинения;10214918;Дирекция сервисных центров;10230079;"Объединенный сервисный центр ""Новосибирск""";10279660;"Сервисный центр ""Архив"" (на правах управления)";10371983;Архив №2 г.Екатеринбург;10371989;Сектор комплектования документов №1;35790435;Старший специалист;Первая линия;Бэк;4-А-А;1,00;;Екатеринбург
d319cf76-7215-4b1d-b6e9-c5adbda14044;10110907;Подразделения центрального подчинения;10214918;Дирекция сервисных центров;10230079;"Объединенный сервисный центр ""Новосибирск""";10279660;"Сервисный центр ""Архив"" (на правах управления)";10371983;Архив №2 г.Екатеринбург;10371989;Сектор комплектования документов №1;35790436;Старший специалист;Первая линия;Бэк;4-А-А;1,00;;Екатеринбург
78358dbf-fd16-45aa-8839-77341f654f4e;10110907;Подразделения центрального подчинения;10214918;Дирекция сервисных центров;10230079;"Объединенный сервисный центр ""Новосибирск""";10279660;"Сервисный центр ""Архив"" (на правах управления)";10371983;Архив №2 г.Екатеринбург;10371989;Сектор комплектования документов №1;35790437;Старший специалист;Первая линия;Бэк;4-А-А;1,00;;Екатеринбург
a18cfc52-7ea2-4bff-954b-df86794486c8;10110907;Подразделения центрального подчинения;10214918;Дирекция сервисных центров;10230079;"Объединенный сервисный центр ""Новосибирск""";10279660;"Сервисный центр ""Архив"" (на правах управления)";10371983;Архив №2 г.Екатеринбург;10371989;Сектор комплектования документов №1;35790438;Старший специалист;Первая линия;Бэк;4-А-А;1,00;;Екатеринбург
1619a991-5e29-460b-a90c-76232344ba63;10110907;Подразделения центрального подчинения;10214918;Дирекция сервисных центров;10230079;"Объединенный сервисный центр ""Новосибирск""";10279660;"Сервисный центр ""Архив"" (на правах управления)";10371983;Архив №2 г.Екатеринбург;10371989;Сектор комплектования документов №1;35790439;Старший специалист;Первая линия;Бэк;4-А-А;0,00;в отпуске по уходу за ребенком по 26.07.2027;Екатеринбург
b629c1df-fba8-4e55-af94-737d8c84747d;10110907;Подразделения центрального подчинения;10214918;Дирекция сервисных центров;10230079;"Объединенный сервисный центр ""Новосибирск""";10279660;"Сервисный центр ""Архив"" (на правах управления)";10371983;Архив №2 г.Екатеринбург;10371989;Сектор комплектования документов №1;35790439;Старший специалист;Первая линия;Бэк;4-А-А;1,00;;Екатеринбург
b8c60fc6-2f19-4f02-8a31-4b7ddd61fb12;10110907;Подразделения центрального подчинения;10214918;Дирекция сервисных центров;10230079;"Объединенный сервисный центр ""Новосибирск""";10279660;"Сервисный центр ""Архив"" (на правах управления)";10371983;Архив №2 г.Екатеринбург;10371989;Сектор комплектования документов №1;35790440;Старший специалист;Первая линия;Бэк;4-А-А;0,00;в отпуске по уходу за ребенком по 09.07.2026;Екатеринбург
d7119c42-985b-4939-95c8-c166bcc508a2;10110907;Подразделения центрального подчинения;10214918;Дирекция сервисных центров;10230079;"Объединенный сервисный центр ""Новосибирск""";10279660;"Сервисный центр ""Архив"" (на правах управления)";10371983;Архив №2 г.Екатеринбург;10371989;Сектор комплектования документов №1;35790440;Старший специалист;Первая линия;Бэк;4-А-А;1,00;;Екатеринбург
a70e20dd-d6be-4c34-b456-b4622983c685;10110907;Подразделения центрального подчинения;10214918;Дирекция сервисных центров;10230079;"Объединенный сервисный центр ""Новосибирск""";10279660;"Сервисный центр ""Архив"" (на правах управления)";10371983;Архив №2 г.Екатеринбург;10371989;Сектор комплектования документов №1;35790441;Старший специалист;Первая линия;Бэк;4-А-А;0,00;в отпуске по уходу за ребенком по 02.08.2027;Екатеринбург
396bf5ec-30bb-4278-842e-8ffb5ba957d0;10110907;Подразделения центрального подчинения;10214918;Дирекция сервисных центров;10230079;"Объединенный сервисный центр ""Новосибирск""";10279660;"Сервисный центр ""Архив"" (на правах управления)";10371983;Архив №2 г.Екатеринбург;10371989;Сектор комплектования документов №1;35790441;Старший специалист;Первая линия;Бэк;4-А-А;1,00;;Екатеринбург
9e8d7884-5749-46c2-af24-5a54928b2240;10110907;Подразделения центрального подчинения;10214918;Дирекция сервисных центров;10230079;"Объединенный сервисный центр ""Новосибирск""";10279660;"Сервисный центр ""Архив"" (на правах управления)";10371983;Архив №2 г.Екатеринбург;10371989;Сектор комплектования документов №1;35790442;Старший специалист;Первая линия;Бэк;4-А-А;0,00;в отпуске по уходу за ребенком по 24.08.2027;Екатеринбург
fffb13dd-3e97-4037-a6be-a7affea4c452;10110907;Подразделения центрального подчинения;10214918;Дирекция сервисных центров;10230079;"Объединенный сервисный центр ""Новосибирск""";10279660;"Сервисный центр ""Архив"" (на правах управления)";10371983;Архив №2 г.Екатеринбург;10371989;Сектор комплектования документов №1;35790442;Старший специалист;Первая линия;Бэк;4-А-А;1,00;;Екатеринбург
387ad7a5-d9b0-4459-a6cb-3b60074162b9;10110907;Подразделения центрального подчинения;10214918;Дирекция сервисных центров;10230079;"Объединенный сервисный центр ""Новосибирск""";10279660;"Сервисный центр ""Архив"" (на правах управления)";10371983;Архив №2 г.Екатеринбург;10371989;Сектор комплектования документов №1;35790443;Старший специалист;Первая линия;Бэк;4-А-А;1,00;;Екатеринбург
6cf90396-c2fe-42c7-9691-cca84ac8cb74;10110907;Подразделения центрального подчинения;10214918;Дирекция сервисных центров;10230079;"Объединенный сервисный центр ""Новосибирск""";10279660;"Сервисный центр ""Архив"" (на правах управления)";10371983;Архив №2 г.Екатеринбург;10371990;Сектор комплектования документов №2;35790444;Начальник сектора;Первая линия;Мидл;8-А-А;1,00;;Екатеринбург
95a3cf2b-6cb3-4c8a-a1ed-1c3249e5dbaf;10110907;Подразделения центрального подчинения;10214918;Дирекция сервисных центров;10230079;"Объединенный сервисный центр ""Новосибирск""";10279660;"Сервисный центр ""Архив"" (на правах управления)";10371983;Архив №2 г.Екатеринбург;10371990;Сектор комплектования документов №2;35790445;Главный специалист;Первая линия;Бэк;7-А-А;1,00;;Екатеринбург
3d9307c4-7a39-4afe-bc66-e535f70240fe;10110907;Подразделения центрального подчинения;10214918;Дирекция сервисных центров;10230079;"Объединенный сервисный центр ""Новосибирск""";10279660;"Сервисный центр ""Архив"" (на правах управления)";10371983;Архив №2 г.Екатеринбург;10371990;Сектор комплектования документов №2;35790446;Главный специалист;Первая линия;Бэк;7-А-А;1,00;;Екатеринбург
d45274f7-cbdf-4454-8126-6912338e9f12;10110907;Подразделения центрального подчинения;10214918;Дирекция сервисных центров;10230079;"Объединенный сервисный центр ""Новосибирск""";10279660;"Сервисный центр ""Архив"" (на правах управления)";10371983;Архив №2 г.Екатеринбург;10371990;Сектор комплектования документов №2;35790447;Ведущий специалист;Первая линия;Бэк;5-А-А;1,00;;Екатеринбург
dc3256e9-ec25-4f66-8e48-b7b41767ec0f;10110907;Подразделения центрального подчинения;10214918;Дирекция сервисных центров;10230079;"Объединенный сервисный центр ""Новосибирск""";10279660;"Сервисный центр ""Архив"" (на правах управления)";10371983;Архив №2 г.Екатеринбург;10371990;Сектор комплектования документов №2;35790448;Ведущий специалист;Первая линия;Бэк;5-А-А;1,00;;Екатеринбург
2f16aac8-dd6d-4d19-95e8-ff9509427e1b;10110907;Подразделения центрального подчинения;10214918;Дирекция сервисных центров;10230079;"Объединенный сервисный центр ""Новосибирск""";10279660;"Сервисный центр ""Архив"" (на правах управления)";10371983;Архив №2 г.Екатеринбург;10371990;Сектор комплектования документов №2;35790449;Ведущий специалист;Первая линия;Бэк;5-А-А;1,00;;Екатеринбург
f3196a7f-fee6-46b6-a968-320b814a9379;10110907;Подразделения центрального подчинения;10214918;Дирекция сервисных центров;10230079;"Объединенный сервисный центр ""Новосибирск""";10279660;"Сервисный центр ""Архив"" (на правах управления)";10371983;Архив №2 г.Екатеринбург;10371990;Сектор комплектования документов №2;35790450;Ведущий специалист;Первая линия;Бэк;5-А-А;1,00;;Екатеринбург
f9c728e6-fa97-4b44-b02e-d18f9d0e3060;10110907;Подразделения центрального подчинения;10214918;Дирекция сервисных центров;10230079;"Объединенный сервисный центр ""Новосибирск""";10279660;"Сервисный центр ""Архив"" (на правах управления)";10371983;Архив №2 г.Екатеринбург;10371990;Сектор комплектования документов №2;35790451;Ведущий специалист;Первая линия;Бэк;5-А-А;1,00;;Екатеринбург
31ac27d2-cb31-4130-81ad-943fb3e4703f;10110907;Подразделения центрального подчинения;10214918;Дирекция сервисных центров;10230079;"Объединенный сервисный центр ""Новосибирск""";10279660;"Сервисный центр ""Архив"" (на правах управления)";10371983;Архив №2 г.Екатеринбург;10371990;Сектор комплектования документов №2;35790452;Ведущий специалист;Первая линия;Бэк;5-А-А;1,00;;Екатеринбург
9241d177-0dc1-49fa-b912-09a36a387187;10110907;Подразделения центрального подчинения;10214918;Дирекция сервисных центров;10230079;"Объединенный сервисный центр ""Новосибирск""";10279660;"Сервисный центр ""Архив"" (на правах управления)";10371983;Архив №2 г.Екатеринбург;10371990;Сектор комплектования документов №2;35790453;Ведущий специалист;Первая линия;Бэк;5-А-А;1,00;;Екатеринбург
423ab26c-0694-4158-8066-b1c7ad079e0c;10110907;Подразделения центрального подчинения;10214918;Дирекция сервисных центров;10230079;"Объединенный сервисный центр ""Новосибирск""";10279660;"Сервисный центр ""Архив"" (на правах управления)";10371983;Архив №2 г.Екатеринбург;10371990;Сектор комплектования документов №2;35790454;Ведущий специалист;Первая линия;Бэк;5-А-А;1,00;;Екатеринбург
f5f55236-1d11-4982-a57d-3de6c69ffede;10110907;Подразделения центрального подчинения;10214918;Дирекция сервисных центров;10230079;"Объединенный сервисный центр ""Новосибирск""";10279660;"Сервисный центр ""Архив"" (на правах управления)";10371983;Архив №2 г.Екатеринбург;10371990;Сектор комплектования документов №2;35790455;Ведущий специалист;Первая линия;Бэк;5-А-А;1,00;;Екатеринбург
bb8d60dc-6c4f-4650-9f19-7b490574c653;10110907;Подразделения центрального подчинения;10214918;Дирекция сервисных центров;10230079;"Объединенный сервисный центр ""Новосибирск""";10279660;"Сервисный центр ""Архив"" (на правах управления)";10371983;Архив №2 г.Екатеринбург;10371990;Сектор комплектования документов №2;35790456;Старший специалист;Первая линия;Бэк;4-А-А;0,00;в отпуске по уходу за ребенком по 26.04.2027;Екатеринбург
73159cac-879b-49c9-9c23-a34884f65e35;10110907;Подразделения центрального подчинения;10214918;Дирекция сервисных центров;10230079;"Объединенный сервисный центр ""Новосибирск""";10279660;"Сервисный центр ""Архив"" (на правах управления)";10371983;Архив №2 г.Екатеринбург;10371990;Сектор комплектования документов №2;35790456;Старший специалист;Первая линия;Бэк;4-А-А;1,00;;Екатеринбург
42554bc6-a214-4318-aa27-bca51ecea6a2;10110907;Подразделения центрального подчинения;10214918;Дирекция сервисных центров;10230079;"Объединенный сервисный центр ""Новосибирск""";10279660;"Сервисный центр ""Архив"" (на правах управления)";10371983;Архив №2 г.Екатеринбург;10371990;Сектор комплектования документов №2;35790457;Старший специалист;Первая линия;Бэк;4-А-А;1,00;;Екатеринбург
34877611-0f17-4ad3-b013-ec57b732bb61;10110907;Подразделения центрального подчинения;10214918;Дирекция сервисных центров;10230079;"Объединенный сервисный центр ""Новосибирск""";10279660;"Сервисный центр ""Архив"" (на правах управления)";10371983;Архив №2 г.Екатеринбург;10371990;Сектор комплектования документов №2;35790458;Старший специалист;Первая линия;Бэк;4-А-А;1,00;;Екатеринбург
f398e136-c0a1-4df3-ae01-1743cd865832;10110907;Подразделения центрального подчинения;10214918;Дирекция сервисных центров;10230079;"Объединенный сервисный центр ""Новосибирск""";10279660;"Сервисный центр ""Архив"" (на правах управления)";10371983;Архив №2 г.Екатеринбург;10371990;Сектор комплектования документов №2;35790459;Старший специалист;Первая линия;Бэк;4-А-А;1,00;;Екатеринбург
52077815-b8f9-41c6-b142-88f57a4584df;10110907;Подразделения центрального подчинения;10214918;Дирекция сервисных центров;10230079;"Объединенный сервисный центр ""Новосибирск""";10279660;"Сервисный центр ""Архив"" (на правах управления)";10371983;Архив №2 г.Екатеринбург;10371990;Сектор комплектования документов №2;35790460;Старший специалист;Первая линия;Бэк;4-А-А;1,00;;Екатеринбург
7f727eed-791b-45a5-a5e9-4d4b7475912f;10110907;Подразделения центрального подчинения;10214918;Дирекция сервисных центров;10230079;"Объединенный сервисный центр ""Новосибирск""";10279660;"Сервисный центр ""Архив"" (на правах управления)";10371983;Архив №2 г.Екатеринбург;10371990;Сектор комплектования документов №2;35790461;Старший специалист;Первая линия;Бэк;4-А-А;1,00;;Екатеринбург
bbfff81d-a9be-47f7-b31b-0901400cac1b;10110907;Подразделения центрального подчинения;10214918;Дирекция сервисных центров;10230079;"Объединенный сервисный центр ""Новосибирск""";10279660;"Сервисный центр ""Архив"" (на правах управления)";10371983;Архив №2 г.Екатеринбург;10371990;Сектор комплектования документов №2;35790462;Старший специалист;Первая линия;Бэк;4-А-А;1,00;;Екатеринбург
9e1cf9d8-e7e4-4794-b3df-35efc1fbead3;10110907;Подразделения центрального подчинения;10214918;Дирекция сервисных центров;10230079;"Объединенный сервисный центр ""Новосибирск""";10279660;"Сервисный центр ""Архив"" (на правах управления)";10371983;Архив №2 г.Екатеринбург;10371990;Сектор комплектования документов №2;35790463;Старший специалист;Первая линия;Бэк;4-А-А;1,00;;Екатеринбург
74eec0a5-cda9-4192-a5f6-a5a1a3951a06;10110907;Подразделения центрального подчинения;10214918;Дирекция сервисных центров;10230079;"Объединенный сервисный центр ""Новосибирск""";10279660;"Сервисный центр ""Архив"" (на правах управления)";10371983;Архив №2 г.Екатеринбург;10371993;Сектор логистики и учета документов;35790464;Начальник сектора;Первая линия;Мидл;8-А-А;1,00;;Екатеринбург
ab467c56-a2d2-4ebf-914c-ef20ed56aba8;10110907;Подразделения центрального подчинения;10214918;Дирекция сервисных центров;10230079;"Объединенный сервисный центр ""Новосибирск""";10279660;"Сервисный центр ""Архив"" (на правах управления)";10371983;Архив №2 г.Екатеринбург;10371993;Сектор логистики и учета документов;35790465;Главный специалист;Первая линия;Бэк;7-А-А;1,00;;Екатеринбург
bae706f5-4d13-468d-9c77-b19ea13cdd80;10110907;Подразделения центрального подчинения;10214918;Дирекция сервисных центров;10230079;"Объединенный сервисный центр ""Новосибирск""";10279660;"Сервисный центр ""Архив"" (на правах управления)";10371983;Архив №2 г.Екатеринбург;10371993;Сектор логистики и учета документов;35790466;Главный специалист;Первая линия;Бэк;7-А-А;1,00;;Екатеринбург
84bbbca1-4e6f-485a-bf1b-a203b717c836;10110907;Подразделения центрального подчинения;10214918;Дирекция сервисных центров;10230079;"Объединенный сервисный центр ""Новосибирск""";10279660;"Сервисный центр ""Архив"" (на правах управления)";10371983;Архив №2 г.Екатеринбург;10371993;Сектор логистики и учета документов;35790467;Главный специалист;Первая линия;Бэк;7-А-А;1,00;;Екатеринбург
dc2bccb9-21b6-46b2-a91d-033d968276b7;10110907;Подразделения центрального подчинения;10214918;Дирекция сервисных центров;10230079;"Объединенный сервисный центр ""Новосибирск""";10279660;"Сервисный центр ""Архив"" (на правах управления)";10371983;Архив №2 г.Екатеринбург;10371993;Сектор логистики и учета документов;35790468;Главный специалист;Первая линия;Бэк;7-А-А;1,00;;Екатеринбург
9366231d-57c2-40f3-9e05-dcec91648374;10110907;Подразделения центрального подчинения;10214918;Дирекция сервисных центров;10230079;"Объединенный сервисный центр ""Новосибирск""";10279660;"Сервисный центр ""Архив"" (на правах управления)";10371983;Архив №2 г.Екатеринбург;10371993;Сектор логистики и учета документов;35790469;Главный специалист;Первая линия;Бэк;7-А-А;1,00;;Екатеринбург
cf6e88a7-822e-49b5-977e-02346572a22c;10110907;Подразделения центрального подчинения;10214918;Дирекция сервисных центров;10230079;"Объединенный сервисный центр ""Новосибирск""";10279660;"Сервисный центр ""Архив"" (на правах управления)";10371983;Архив №2 г.Екатеринбург;10371993;Сектор логистики и учета документов;35790470;Ведущий специалист;Первая линия;Бэк;5-А-А;1,00;;Екатеринбург
24ed72bb-9481-499f-9b2b-1b6367729f58;10110907;Подразделения центрального подчинения;10214918;Дирекция сервисных центров;10230079;"Объединенный сервисный центр ""Новосибирск""";10279660;"Сервисный центр ""Архив"" (на правах управления)";10371983;Архив №2 г.Екатеринбург;10371993;Сектор логистики и учета документов;35790471;Ведущий специалист;Первая линия;Бэк;5-А-А;1,00;;Екатеринбург
dc102026-71d2-4928-a80b-31a2e9fbfc55;10110907;Подразделения центрального подчинения;10214918;Дирекция сервисных центров;10230079;"Объединенный сервисный центр ""Новосибирск""";10279660;"Сервисный центр ""Архив"" (на правах управления)";10371983;Архив №2 г.Екатеринбург;10371993;Сектор логистики и учета документов;35790472;Ведущий специалист;Первая линия;Бэк;5-А-А;1,00;;Екатеринбург
d989bf04-b3b9-4330-ac4d-f418639c3e29;10110907;Подразделения центрального подчинения;10214918;Дирекция сервисных центров;10230079;"Объединенный сервисный центр ""Новосибирск""";10279660;"Сервисный центр ""Архив"" (на правах управления)";10371983;Архив №2 г.Екатеринбург;10371993;Сектор логистики и учета документов;35790473;Ведущий специалист;Первая линия;Бэк;5-А-А;1,00;;Екатеринбург
964f6455-18b2-44a3-b6fa-af75c26ce270;10110907;Подразделения центрального подчинения;10214918;Дирекция сервисных центров;10230079;"Объединенный сервисный центр ""Новосибирск""";10279660;"Сервисный центр ""Архив"" (на правах управления)";10371983;Архив №2 г.Екатеринбург;10371993;Сектор логистики и учета документов;35790474;Ведущий специалист;Первая линия;Бэк;5-А-А;1,00;;Екатеринбург
73b1bfd7-47c0-4687-8e05-b471c944ac12;10110907;Подразделения центрального подчинения;10214918;Дирекция сервисных центров;10230079;"Объединенный сервисный центр ""Новосибирск""";10279660;"Сервисный центр ""Архив"" (на правах управления)";10371983;Архив №2 г.Екатеринбург;10371993;Сектор логистики и учета документов;35790475;Ведущий специалист;Первая линия;Бэк;5-А-А;1,00;;Екатеринбург
8e955de3-0600-4315-9f8d-7fa37f8089a6;10110907;Подразделения центрального подчинения;10214918;Дирекция сервисных центров;10230079;"Объединенный сервисный центр ""Новосибирск""";10279660;"Сервисный центр ""Архив"" (на правах управления)";10371983;Архив №2 г.Екатеринбург;10371993;Сектор логистики и учета документов;35790476;Ведущий специалист;Первая линия;Бэк;5-А-А;1,00;;Екатеринбург
0cb95369-3363-4569-a1f9-528a7f5c5a34;10110907;Подразделения центрального подчинения;10214918;Дирекция сервисных центров;10230079;"Объединенный сервисный центр ""Новосибирск""";10279660;"Сервисный центр ""Архив"" (на правах управления)";10371983;Архив №2 г.Екатеринбург;10371993;Сектор логистики и учета документов;35790477;Ведущий специалист;Первая линия;Бэк;5-А-А;1,00;;Екатеринбург
cbf6f803-2cd7-4169-8cd8-1bbe0505951f;10110907;Подразделения центрального подчинения;10214918;Дирекция сервисных центров;10230079;"Объединенный сервисный центр ""Новосибирск""";10279660;"Сервисный центр ""Архив"" (на правах управления)";10371983;Архив №2 г.Екатеринбург;10371993;Сектор логистики и учета документов;35790478;Ведущий специалист;Первая линия;Бэк;5-А-А;1,00;;Екатеринбург
f728607f-fe2e-4467-8de8-0844186893e0;10110907;Подразделения центрального подчинения;10214918;Дирекция сервисных центров;10230079;"Объединенный сервисный центр ""Новосибирск""";10279660;"Сервисный центр ""Архив"" (на правах управления)";10371983;Архив №2 г.Екатеринбург;10371993;Сектор логистики и учета документов;35790479;Ведущий специалист;Первая линия;Бэк;5-А-А;1,00;;Екатеринбург
cbb18836-e5be-4dbf-b545-63befadcf5f1;10110907;Подразделения центрального подчинения;10214918;Дирекция сервисных центров;10230079;"Объединенный сервисный центр ""Новосибирск""";10279660;"Сервисный центр ""Архив"" (на правах управления)";10371983;Архив №2 г.Екатеринбург;10371993;Сектор логистики и учета документов;35790480;Ведущий специалист;Первая линия;Бэк;5-А-А;1,00;;Екатеринбург
a5a6bbb9-331e-4630-9490-a505374cd65a;10110907;Подразделения центрального подчинения;10214918;Дирекция сервисных центров;10230079;"Объединенный сервисный центр ""Новосибирск""";10279660;"Сервисный центр ""Архив"" (на правах управления)";10371983;Архив №2 г.Екатеринбург;10371993;Сектор логистики и учета документов;35790481;Ведущий специалист;Первая линия;Бэк;5-А-А;1,00;;Екатеринбург
881f60cb-d682-4dd9-8f89-f5376702bb8a;10110907;Подразделения центрального подчинения;10214918;Дирекция сервисных центров;10230079;"Объединенный сервисный центр ""Новосибирск""";10279660;"Сервисный центр ""Архив"" (на правах управления)";10371983;Архив №2 г.Екатеринбург;10371993;Сектор логистики и учета документов;35790482;Ведущий специалист;Первая линия;Бэк;5-А-А;1,00;;Екатеринбург
fbe6ea69-75ab-4e1e-ab0c-5f8c9c512854;10110907;Подразделения центрального подчинения;10214918;Дирекция сервисных центров;10230079;"Объединенный сервисный центр ""Новосибирск""";10279660;"Сервисный центр ""Архив"" (на правах управления)";10371983;Архив №2 г.Екатеринбург;10371993;Сектор логистики и учета документов;35790483;Ведущий специалист;Первая линия;Бэк;5-А-А;1,00;;Екатеринбург
b5d3fe67-d805-45e7-898d-c905a2321365;10110907;Подразделения центрального подчинения;10214918;Дирекция сервисных центров;10230079;"Объединенный сервисный центр ""Новосибирск""";10279660;"Сервисный центр ""Архив"" (на правах управления)";10371983;Архив №2 г.Екатеринбург;10371993;Сектор логистики и учета документов;35790484;Ведущий специалист;Первая линия;Бэк;5-А-А;1,00;;Екатеринбург
cd1f32ba-2924-4034-b4de-8592b2d8c1da;10110907;Подразделения центрального подчинения;10214918;Дирекция сервисных центров;10230079;"Объединенный сервисный центр ""Новосибирск""";10279660;"Сервисный центр ""Архив"" (на правах управления)";10371983;Архив №2 г.Екатеринбург;10371993;Сектор логистики и учета документов;35790485;Ведущий специалист;Первая линия;Бэк;5-А-А;1,00;;Екатеринбург
73250488-f9b6-4bd7-b766-e01bff2bafab;10110907;Подразделения центрального подчинения;10214918;Дирекция сервисных центров;10230079;"Объединенный сервисный центр ""Новосибирск""";10279660;"Сервисный центр ""Архив"" (на правах управления)";10371983;Архив №2 г.Екатеринбург;10371993;Сектор логистики и учета документов;35790486;Ведущий специалист;Первая линия;Бэк;5-А-А;1,00;;Екатеринбург
8b9ebdd5-36da-4624-806f-7fb095a57f6b;10110907;Подразделения центрального подчинения;10214918;Дирекция сервисных центров;10230079;"Объединенный сервисный центр ""Новосибирск""";10279660;"Сервисный центр ""Архив"" (на правах управления)";10371983;Архив №2 г.Екатеринбург;10371993;Сектор логистики и учета документов;35790487;Ведущий специалист;Первая линия;Бэк;5-А-А;1,00;;Екатеринбург
ccaf5bc3-eeba-4cb1-b8b4-040da994a5e4;10110907;Подразделения центрального подчинения;10214918;Дирекция сервисных центров;10230079;"Объединенный сервисный центр ""Новосибирск""";10279660;"Сервисный центр ""Архив"" (на правах управления)";10371983;Архив №2 г.Екатеринбург;10371993;Сектор логистики и учета документов;35790488;Ведущий специалист;Первая линия;Бэк;5-А-А;1,00;;Екатеринбург
76858e3f-6849-447b-a983-a385fdd97b74;10110907;Подразделения центрального подчинения;10214918;Дирекция сервисных центров;10230079;"Объединенный сервисный центр ""Новосибирск""";10279660;"Сервисный центр ""Архив"" (на правах управления)";10371983;Архив №2 г.Екатеринбург;10371993;Сектор логистики и учета документов;35790489;Ведущий специалист;Первая линия;Бэк;5-А-А;1,00;;Екатеринбург
93233e41-b83f-4d8d-80c4-12bf5771d77e;10110907;Подразделения центрального подчинения;10214918;Дирекция сервисных центров;10230079;"Объединенный сервисный центр ""Новосибирск""";10279660;"Сервисный центр ""Архив"" (на правах управления)";10371983;Архив №2 г.Екатеринбург;10371993;Сектор логистики и учета документов;35790490;Ведущий специалист;Первая линия;Бэк;5-А-А;1,00;;Екатеринбург
24007065-323a-46b6-8587-f49c6461e46a;10110907;Подразделения центрального подчинения;10214918;Дирекция сервисных центров;10230079;"Объединенный сервисный центр ""Новосибирск""";10279660;"Сервисный центр ""Архив"" (на правах управления)";10371983;Архив №2 г.Екатеринбург;10371993;Сектор логистики и учета документов;35790491;Ведущий специалист;Первая линия;Бэк;5-А-А;1,00;;Екатеринбург
aa253d7d-008c-4236-8d2e-0d439b3962d7;10110907;Подразделения центрального подчинения;10214918;Дирекция сервисных центров;10230079;"Объединенный сервисный центр ""Новосибирск""";10279660;"Сервисный центр ""Архив"" (на правах управления)";10371983;Архив №2 г.Екатеринбург;10371993;Сектор логистики и учета документов;35790492;Ведущий специалист;Первая линия;Бэк;5-А-А;1,00;;Екатеринбург
6c4bec9d-274b-4605-84c4-3d741d5ee1cd;10110907;Подразделения центрального подчинения;10214918;Дирекция сервисных центров;10230079;"Объединенный сервисный центр ""Новосибирск""";10279660;"Сервисный центр ""Архив"" (на правах управления)";10371983;Архив №2 г.Екатеринбург;10371993;Сектор логистики и учета документов;35790493;Ведущий специалист;Первая линия;Бэк;5-А-А;1,00;;Екатеринбург
c53db0b5-3f18-4c79-9bbb-780e9aca2573;10110907;Подразделения центрального подчинения;10214918;Дирекция сервисных центров;10230079;"Объединенный сервисный центр ""Новосибирск""";10279660;"Сервисный центр ""Архив"" (на правах управления)";10371983;Архив №2 г.Екатеринбург;10371993;Сектор логистики и учета документов;35790494;Ведущий специалист;Первая линия;Бэк;5-А-А;1,00;;Екатеринбург
794ce8ba-3b95-4c3d-8f0c-a2cd78928922;10110907;Подразделения центрального подчинения;10214918;Дирекция сервисных центров;10230079;"Объединенный сервисный центр ""Новосибирск""";10279660;"Сервисный центр ""Архив"" (на правах управления)";10371983;Архив №2 г.Екатеринбург;10371993;Сектор логистики и учета документов;35790495;Ведущий специалист;Первая линия;Бэк;5-А-А;1,00;;Екатеринбург
2687023a-7d0b-4d53-9195-b377d0a80552;10110907;Подразделения центрального подчинения;10214918;Дирекция сервисных центров;10230079;"Объединенный сервисный центр ""Новосибирск""";10279660;"Сервисный центр ""Архив"" (на правах управления)";10371983;Архив №2 г.Екатеринбург;10371993;Сектор логистики и учета документов;35790496;Ведущий специалист;Первая линия;Бэк;5-А-А;1,00;;Екатеринбург
24b33d5a-eee4-46e2-b851-7926961fdd9d;10110907;Подразделения центрального подчинения;10214918;Дирекция сервисных центров;10230079;"Объединенный сервисный центр ""Новосибирск""";10279660;"Сервисный центр ""Архив"" (на правах управления)";10371983;Архив №2 г.Екатеринбург;10371993;Сектор логистики и учета документов;35790497;Ведущий специалист;Первая линия;Бэк;5-А-А;1,00;;Екатеринбург
f14b29e0-b7df-4d02-863e-81135d6b1ca2;10110907;Подразделения центрального подчинения;10214918;Дирекция сервисных центров;10230079;"Объединенный сервисный центр ""Новосибирск""";10279660;"Сервисный центр ""Архив"" (на правах управления)";10371983;Архив №2 г.Екатеринбург;10371993;Сектор логистики и учета документов;35790498;Старший специалист;Первая линия;Бэк;4-А-А;1,00;;Екатеринбург
81489c64-0986-405d-800a-772e6bc666b9;10110907;Подразделения центрального подчинения;10214918;Дирекция сервисных центров;10230079;"Объединенный сервисный центр ""Новосибирск""";10279660;"Сервисный центр ""Архив"" (на правах управления)";10280102;Архив (на правах отдела) №1 г. Новосибирск;;;35790279;Заместитель начальника центра-начальник отдела;Первая линия;Мидл;10-А-А;1,00;;Новосибирск
3118febe-bc42-4b15-a61d-45c435288442;10110907;Подразделения центрального подчинения;10214918;Дирекция сервисных центров;10230079;"Объединенный сервисный центр ""Новосибирск""";10279660;"Сервисный центр ""Архив"" (на правах управления)";10280102;Архив (на правах отдела) №1 г. Новосибирск;;;35223223;Главный специалист;Первая линия;Бэк;7-А-А;1,00;;Новосибирск
dfa46dca-570c-4c7c-aa85-3a32f8e2f7e3;10110907;Подразделения центрального подчинения;10214918;Дирекция сервисных центров;10230079;"Объединенный сервисный центр ""Новосибирск""";10279660;"Сервисный центр ""Архив"" (на правах управления)";10280102;Архив (на правах отдела) №1 г. Новосибирск;;;35223224;Ведущий специалист;Первая линия;Бэк;5-А-А;1,00;;Новосибирск
a3cfaf5e-80e7-435b-99b5-4fc0b341eae6;10110907;Подразделения центрального подчинения;10214918;Дирекция сервисных центров;10230079;"Объединенный сервисный центр ""Новосибирск""";10279660;"Сервисный центр ""Архив"" (на правах управления)";10280102;Архив (на правах отдела) №1 г. Новосибирск;;;35223225;Ведущий специалист;Первая линия;Бэк;5-А-А;1,00;;Новосибирск
d92fb9d9-d11d-4084-9f48-3cb4cbb6ee2b;10110907;Подразделения центрального подчинения;10214918;Дирекция сервисных центров;10230079;"Объединенный сервисный центр ""Новосибирск""";10279660;"Сервисный центр ""Архив"" (на правах управления)";10280102;Архив (на правах отдела) №1 г. Новосибирск;;;35223226;Ведущий специалист;Первая линия;Бэк;5-А-А;1,00;;Новосибирск
714b82a8-082e-4687-8bbb-3fbdd2bee7c6;10110907;Подразделения центрального подчинения;10214918;Дирекция сервисных центров;10230079;"Объединенный сервисный центр ""Новосибирск""";10279660;"Сервисный центр ""Архив"" (на правах управления)";10280102;Архив (на правах отдела) №1 г. Новосибирск;;;35790280;Ведущий специалист;Первая линия;Бэк;5-А-А;1,00;;Новосибирск
9c0a0687-2197-4df3-abe5-c9db3556d491;10110907;Подразделения центрального подчинения;10214918;Дирекция сервисных центров;10230079;"Объединенный сервисный центр ""Новосибирск""";10279660;"Сервисный центр ""Архив"" (на правах управления)";10280102;Архив (на правах отдела) №1 г. Новосибирск;;;35790281;Ведущий специалист;Первая линия;Бэк;5-А-А;1,00;;Новосибирск
623a91c6-a199-4209-a982-b5b0f2baf0c2;10110907;Подразделения центрального подчинения;10214918;Дирекция сервисных центров;10230079;"Объединенный сервисный центр ""Новосибирск""";10279660;"Сервисный центр ""Архив"" (на правах управления)";10280102;Архив (на правах отдела) №1 г. Новосибирск;;;35790282;Ведущий специалист;Первая линия;Бэк;5-А-А;1,00;;Новосибирск
3b788d63-95da-497f-bb44-e9d309df52c9;10110907;Подразделения центрального подчинения;10214918;Дирекция сервисных центров;10230079;"Объединенный сервисный центр ""Новосибирск""";10279660;"Сервисный центр ""Архив"" (на правах управления)";10280102;Архив (на правах отдела) №1 г. Новосибирск;;;35223229;Старший специалист;Первая линия;Бэк;4-А-А;1,00;;Новосибирск
7f179506-371f-4d68-b74b-e8ad590c3b6a;10110907;Подразделения центрального подчинения;10214918;Дирекция сервисных центров;10230079;"Объединенный сервисный центр ""Новосибирск""";10279660;"Сервисный центр ""Архив"" (на правах управления)";10280102;Архив (на правах отдела) №1 г. Новосибирск;;;35532808;Старший специалист;Первая линия;Бэк;4-А-А;1,00;;Новосибирск
d9ce0e04-f077-45f8-b5d4-040ec755b6b8;10110907;Подразделения центрального подчинения;10214918;Дирекция сервисных центров;10230079;"Объединенный сервисный центр ""Новосибирск""";10279660;"Сервисный центр ""Архив"" (на правах управления)";10280102;Архив (на правах отдела) №1 г. Новосибирск;;;35532809;Старший специалист;Первая линия;Бэк;4-А-А;1,00;;Новосибирск
5acf29e5-919f-42f8-92db-6a08409457d5;10110907;Подразделения центрального подчинения;10214918;Дирекция сервисных центров;10230079;"Объединенный сервисный центр ""Новосибирск""";10279660;"Сервисный центр ""Архив"" (на правах управления)";10280102;Архив (на правах отдела) №1 г. Новосибирск;10280104;Сектор логистики и учета документов;34906702;Начальник сектора;Первая линия;Мидл;8-А-А;1,00;;Новосибирск
1c2e37be-6839-4d76-8588-045854ce9b3f;10110907;Подразделения центрального подчинения;10214918;Дирекция сервисных центров;10230079;"Объединенный сервисный центр ""Новосибирск""";10279660;"Сервисный центр ""Архив"" (на правах управления)";10280102;Архив (на правах отдела) №1 г. Новосибирск;10280104;Сектор логистики и учета документов;34910401;Главный специалист;Первая линия;Бэк;7-А-А;1,00;;Новосибирск
0e544029-06fc-436c-a470-a9e849254832;10110907;Подразделения центрального подчинения;10214918;Дирекция сервисных центров;10230079;"Объединенный сервисный центр ""Новосибирск""";10279660;"Сервисный центр ""Архив"" (на правах управления)";10280102;Архив (на правах отдела) №1 г. Новосибирск;10280104;Сектор логистики и учета документов;34910402;Главный специалист;Первая линия;Бэк;7-А-А;1,00;;Новосибирск
65e7605e-29ac-4376-be9c-5ab3d984c1bd;10110907;Подразделения центрального подчинения;10214918;Дирекция сервисных центров;10230079;"Объединенный сервисный центр ""Новосибирск""";10279660;"Сервисный центр ""Архив"" (на правах управления)";10280102;Архив (на правах отдела) №1 г. Новосибирск;10280104;Сектор логистики и учета документов;34910404;Ведущий специалист;Первая линия;Бэк;5-А-А;1,00;;Новосибирск
4f30cf78-d51f-4996-9169-41ef5a968124;10110907;Подразделения центрального подчинения;10214918;Дирекция сервисных центров;10230079;"Объединенный сервисный центр ""Новосибирск""";10279660;"Сервисный центр ""Архив"" (на правах управления)";10280102;Архив (на правах отдела) №1 г. Новосибирск;10280104;Сектор логистики и учета документов;34910405;Ведущий специалист;Первая линия;Бэк;5-А-А;1,00;;Новосибирск
88eed79e-4148-4b29-b2bd-d495ebc19208;10110907;Подразделения центрального подчинения;10214918;Дирекция сервисных центров;10230079;"Объединенный сервисный центр ""Новосибирск""";10279660;"Сервисный центр ""Архив"" (на правах управления)";10280102;Архив (на правах отдела) №1 г. Новосибирск;10280104;Сектор логистики и учета документов;34910406;Ведущий специалист;Первая линия;Бэк;5-А-А;1,00;;Новосибирск
041d68cb-5d1d-420f-b234-72b1fa0729dc;10110907;Подразделения центрального подчинения;10214918;Дирекция сервисных центров;10230079;"Объединенный сервисный центр ""Новосибирск""";10279660;"Сервисный центр ""Архив"" (на правах управления)";10280102;Архив (на правах отдела) №1 г. Новосибирск;10280104;Сектор логистики и учета документов;34910407;Ведущий специалист;Первая линия;Бэк;5-А-А;1,00;;Новосибирск
56bddb12-f39d-4500-868e-0bcd72fda0b4;10110907;Подразделения центрального подчинения;10214918;Дирекция сервисных центров;10230079;"Объединенный сервисный центр ""Новосибирск""";10279660;"Сервисный центр ""Архив"" (на правах управления)";10280102;Архив (на правах отдела) №1 г. Новосибирск;10280104;Сектор логистики и учета документов;34910409;Ведущий специалист;Первая линия;Бэк;5-А-А;1,00;;Новосибирск
abea746e-2366-4d5b-ab7e-1cfb620eebf2;10110907;Подразделения центрального подчинения;10214918;Дирекция сервисных центров;10230079;"Объединенный сервисный центр ""Новосибирск""";10279660;"Сервисный центр ""Архив"" (на правах управления)";10280102;Архив (на правах отдела) №1 г. Новосибирск;10280104;Сектор логистики и учета документов;34910410;Ведущий специалист;Первая линия;Бэк;5-А-А;1,00;;Новосибирск
ecccff77-1cce-4bd6-ab1a-12b4598c2120;10110907;Подразделения центрального подчинения;10214918;Дирекция сервисных центров;10230079;"Объединенный сервисный центр ""Новосибирск""";10279660;"Сервисный центр ""Архив"" (на правах управления)";10280102;Архив (на правах отдела) №1 г. Новосибирск;10280104;Сектор логистики и учета документов;35144561;Ведущий специалист;Первая линия;Бэк;5-А-А;1,00;;Новосибирск
6c0a5348-ee9e-49fa-a589-9a98488a077c;10110907;Подразделения центрального подчинения;10214918;Дирекция сервисных центров;10230079;"Объединенный сервисный центр ""Новосибирск""";10279660;"Сервисный центр ""Архив"" (на правах управления)";10280102;Архив (на правах отдела) №1 г. Новосибирск;10280104;Сектор логистики и учета документов;35532801;Ведущий специалист;Первая линия;Бэк;5-А-А;1,00;;Новосибирск
3c948ae1-2655-4d9f-848e-bc37552cebae;10110907;Подразделения центрального подчинения;10214918;Дирекция сервисных центров;10230079;"Объединенный сервисный центр ""Новосибирск""";10279660;"Сервисный центр ""Архив"" (на правах управления)";10280102;Архив (на правах отдела) №1 г. Новосибирск;10280104;Сектор логистики и учета документов;34906704;Старший специалист;Первая линия;Бэк;4-А-А;1,00;;Новосибирск
91a0eed2-09eb-4f79-acd0-663846d6bfed;10110907;Подразделения центрального подчинения;10214918;Дирекция сервисных центров;10230079;"Объединенный сервисный центр ""Новосибирск""";10279660;"Сервисный центр ""Архив"" (на правах управления)";10280102;Архив (на правах отдела) №1 г. Новосибирск;10280104;Сектор логистики и учета документов;34906706;Старший специалист;Первая линия;Бэк;4-А-А;1,00;;Новосибирск
668e88ee-a750-42e5-8b42-f4bc70fd2e87;10110907;Подразделения центрального подчинения;10214918;Дирекция сервисных центров;10230079;"Объединенный сервисный центр ""Новосибирск""";10279660;"Сервисный центр ""Архив"" (на правах управления)";10280102;Архив (на правах отдела) №1 г. Новосибирск;10280104;Сектор логистики и учета документов;34906707;Старший специалист;Первая линия;Бэк;4-А-А;1,00;;Новосибирск
ce0560b9-4fd8-4816-b570-82f5dc65cc20;10110907;Подразделения центрального подчинения;10214918;Дирекция сервисных центров;10230079;"Объединенный сервисный центр ""Новосибирск""";10279660;"Сервисный центр ""Архив"" (на правах управления)";10280102;Архив (на правах отдела) №1 г. Новосибирск;10280104;Сектор логистики и учета документов;34906708;Старший специалист;Первая линия;Бэк;4-А-А;1,00;;Новосибирск
b9ff39bc-df16-456b-96a3-ec765c527337;10110907;Подразделения центрального подчинения;10214918;Дирекция сервисных центров;10230079;"Объединенный сервисный центр ""Новосибирск""";10279660;"Сервисный центр ""Архив"" (на правах управления)";10280102;Архив (на правах отдела) №1 г. Новосибирск;10280104;Сектор логистики и учета документов;34906709;Старший специалист;Первая линия;Бэк;4-А-А;1,00;;Новосибирск
7a122adb-0e22-4672-9fbd-17d496e6b1b7;10110907;Подразделения центрального подчинения;10214918;Дирекция сервисных центров;10230079;"Объединенный сервисный центр ""Новосибирск""";10279660;"Сервисный центр ""Архив"" (на правах управления)";10280102;Архив (на правах отдела) №1 г. Новосибирск;10280104;Сектор логистики и учета документов;34906710;Старший специалист;Первая линия;Бэк;4-А-А;1,00;;Новосибирск
c53160fb-60af-4c0b-bd1d-b9d71eed88ec;10110907;Подразделения центрального подчинения;10214918;Дирекция сервисных центров;10230079;"Объединенный сервисный центр ""Новосибирск""";10279660;"Сервисный центр ""Архив"" (на правах управления)";10280102;Архив (на правах отдела) №1 г. Новосибирск;10280104;Сектор логистики и учета документов;34906711;Старший специалист;Первая линия;Бэк;4-А-А;1,00;;Новосибирск
59463dfd-6aa4-4cc1-a3f3-af5d0e836cc4;10110907;Подразделения центрального подчинения;10214918;Дирекция сервисных центров;10230079;"Объединенный сервисный центр ""Новосибирск""";10279660;"Сервисный центр ""Архив"" (на правах управления)";10280102;Архив (на правах отдела) №1 г. Новосибирск;10280104;Сектор логистики и учета документов;34906712;Старший специалист;Первая линия;Бэк;4-А-А;0,00;в отпуске по уходу за ребенком по 01.06.2026;Новосибирск
b3430209-deab-4b7f-b19e-01a7088ac2d2;10110907;Подразделения центрального подчинения;10214918;Дирекция сервисных центров;10230079;"Объединенный сервисный центр ""Новосибирск""";10279660;"Сервисный центр ""Архив"" (на правах управления)";10280102;Архив (на правах отдела) №1 г. Новосибирск;10280104;Сектор логистики и учета документов;34906712;Старший специалист;Первая линия;Бэк;4-А-А;1,00;;Новосибирск
6f1be6aa-f11b-4128-ae64-092ab8d7984d;10110907;Подразделения центрального подчинения;10214918;Дирекция сервисных центров;10230079;"Объединенный сервисный центр ""Новосибирск""";10279660;"Сервисный центр ""Архив"" (на правах управления)";10280102;Архив (на правах отдела) №1 г. Новосибирск;10280104;Сектор логистики и учета документов;34906713;Старший специалист;Первая линия;Бэк;4-А-А;1,00;;Новосибирск
19ec8880-3479-4c0b-bde4-c980e377be23;10110907;Подразделения центрального подчинения;10214918;Дирекция сервисных центров;10230079;"Объединенный сервисный центр ""Новосибирск""";10279660;"Сервисный центр ""Архив"" (на правах управления)";10280102;Архив (на правах отдела) №1 г. Новосибирск;10280104;Сектор логистики и учета документов;34910411;Старший специалист;Первая линия;Бэк;4-А-А;1,00;;Новосибирск
bf0fb44b-a1ae-4961-8036-ecf3e55ceefb;10110907;Подразделения центрального подчинения;10214918;Дирекция сервисных центров;10230079;"Объединенный сервисный центр ""Новосибирск""";10279660;"Сервисный центр ""Архив"" (на правах управления)";10280102;Архив (на правах отдела) №1 г. Новосибирск;10280104;Сектор логистики и учета документов;35532802;Старший специалист;Первая линия;Бэк;4-А-А;1,00;;Новосибирск
debb5b79-680a-4ab4-a623-2d49b31fc5f7;10110907;Подразделения центрального подчинения;10214918;Дирекция сервисных центров;10230079;"Объединенный сервисный центр ""Новосибирск""";10279660;"Сервисный центр ""Архив"" (на правах управления)";10280102;Архив (на правах отдела) №1 г. Новосибирск;10280104;Сектор логистики и учета документов;35532803;Старший специалист;Первая линия;Бэк;4-А-А;1,00;;Новосибирск
b61eb110-6ff2-4aec-9103-4d291e8859af;10110907;Подразделения центрального подчинения;10214918;Дирекция сервисных центров;10230079;"Объединенный сервисный центр ""Новосибирск""";10279660;"Сервисный центр ""Архив"" (на правах управления)";10280102;Архив (на правах отдела) №1 г. Новосибирск;10280104;Сектор логистики и учета документов;35532804;Старший специалист;Первая линия;Бэк;4-А-А;1,00;;Новосибирск
a5f90384-960e-4d88-b996-eec34b13e6a4;10110907;Подразделения центрального подчинения;10214918;Дирекция сервисных центров;10230079;"Объединенный сервисный центр ""Новосибирск""";10279660;"Сервисный центр ""Архив"" (на правах управления)";10280102;Архив (на правах отдела) №1 г. Новосибирск;10280104;Сектор логистики и учета документов;35532805;Старший специалист;Первая линия;Бэк;4-А-А;1,00;;Новосибирск
cb6b4350-ba93-464d-9677-a79c82ea44d3;10110907;Подразделения центрального подчинения;10214918;Дирекция сервисных центров;10230079;"Объединенный сервисный центр ""Новосибирск""";10279660;"Сервисный центр ""Архив"" (на правах управления)";10280102;Архив (на правах отдела) №1 г. Новосибирск;10280104;Сектор логистики и учета документов;35532806;Старший специалист;Первая линия;Бэк;4-А-А;1,00;;Новосибирск
5f487ed7-f381-4e5a-aabb-15c4587a0d61;10110907;Подразделения центрального подчинения;10214918;Дирекция сервисных центров;10230079;"Объединенный сервисный центр ""Новосибирск""";10279660;"Сервисный центр ""Архив"" (на правах управления)";10280102;Архив (на правах отдела) №1 г. Новосибирск;10280104;Сектор логистики и учета документов;35532807;Старший специалист;Первая линия;Бэк;4-А-А;1,00;;Новосибирск
c98ee7a4-bf1d-457b-8b05-ccd500b758d5;10110907;Подразделения центрального подчинения;10214918;Дирекция сервисных центров;10230079;"Объединенный сервисный центр ""Новосибирск""";10279660;"Сервисный центр ""Архив"" (на правах управления)";10280102;Архив (на правах отдела) №1 г. Новосибирск;10318200;Сектор использования документов;35223187;Заместитель начальника отдела-начальник сектора;Первая линия;Мидл;9-А-А;1,00;;Новосибирск
9ed88d14-dd65-4cda-abcb-555b93d747ae;10110907;Подразделения центрального подчинения;10214918;Дирекция сервисных центров;10230079;"Объединенный сервисный центр ""Новосибирск""";10279660;"Сервисный центр ""Архив"" (на правах управления)";10280102;Архив (на правах отдела) №1 г. Новосибирск;10318200;Сектор использования документов;35223188;Главный специалист;Первая линия;Бэк;7-А-А;1,00;;Новосибирск
fc90487c-3f7e-4c00-b022-1a8727ebdea9;10110907;Подразделения центрального подчинения;10214918;Дирекция сервисных центров;10230079;"Объединенный сервисный центр ""Новосибирск""";10279660;"Сервисный центр ""Архив"" (на правах управления)";10280102;Архив (на правах отдела) №1 г. Новосибирск;10318200;Сектор использования документов;35223189;Главный специалист;Первая линия;Бэк;7-А-А;1,00;;Новосибирск
dd3f51d1-a0ad-465b-a976-ea3fc1b33a35;10110907;Подразделения центрального подчинения;10214918;Дирекция сервисных центров;10230079;"Объединенный сервисный центр ""Новосибирск""";10279660;"Сервисный центр ""Архив"" (на правах управления)";10280102;Архив (на правах отдела) №1 г. Новосибирск;10318200;Сектор использования документов;35223190;Главный специалист;Первая линия;Бэк;7-А-А;1,00;;Новосибирск
89ce1148-4e51-4d94-abe2-01a681e298bc;10110907;Подразделения центрального подчинения;10214918;Дирекция сервисных центров;10230079;"Объединенный сервисный центр ""Новосибирск""";10279660;"Сервисный центр ""Архив"" (на правах управления)";10280102;Архив (на правах отдела) №1 г. Новосибирск;10318200;Сектор использования документов;35223191;Ведущий специалист;Первая линия;Бэк;5-А-А;1,00;;Новосибирск
b3d3d234-7613-477d-a16c-e6eef5e75a25;10110907;Подразделения центрального подчинения;10214918;Дирекция сервисных центров;10230079;"Объединенный сервисный центр ""Новосибирск""";10279660;"Сервисный центр ""Архив"" (на правах управления)";10280102;Архив (на правах отдела) №1 г. Новосибирск;10318200;Сектор использования документов;35223192;Ведущий специалист;Первая линия;Бэк;5-А-А;1,00;;Новосибирск
b8175749-b6b3-480b-91e9-5305f0011052;10110907;Подразделения центрального подчинения;10214918;Дирекция сервисных центров;10230079;"Объединенный сервисный центр ""Новосибирск""";10279660;"Сервисный центр ""Архив"" (на правах управления)";10280102;Архив (на правах отдела) №1 г. Новосибирск;10318200;Сектор использования документов;35223193;Ведущий специалист;Первая линия;Бэк;5-А-А;1,00;;Новосибирск
ea3c4e8e-8cf0-4eba-89e6-3d7b62ed7df3;10110907;Подразделения центрального подчинения;10214918;Дирекция сервисных центров;10230079;"Объединенный сервисный центр ""Новосибирск""";10279660;"Сервисный центр ""Архив"" (на правах управления)";10280102;Архив (на правах отдела) №1 г. Новосибирск;10318200;Сектор использования документов;35223194;Ведущий специалист;Первая линия;Бэк;5-А-А;1,00;;Новосибирск
8e1db24b-652d-405b-a7b9-59d9b050a062;10110907;Подразделения центрального подчинения;10214918;Дирекция сервисных центров;10230079;"Объединенный сервисный центр ""Новосибирск""";10279660;"Сервисный центр ""Архив"" (на правах управления)";10280102;Архив (на правах отдела) №1 г. Новосибирск;10318200;Сектор использования документов;35223195;Ведущий специалист;Первая линия;Бэк;5-А-А;1,00;;Новосибирск
5a626d5f-ff8a-4364-af95-3dcb7069a42b;10110907;Подразделения центрального подчинения;10214918;Дирекция сервисных центров;10230079;"Объединенный сервисный центр ""Новосибирск""";10279660;"Сервисный центр ""Архив"" (на правах управления)";10280102;Архив (на правах отдела) №1 г. Новосибирск;10318200;Сектор использования документов;35532787;Ведущий специалист;Первая линия;Бэк;5-А-А;1,00;;Новосибирск
96443d24-47e5-41da-ac7b-acc307b34048;10110907;Подразделения центрального подчинения;10214918;Дирекция сервисных центров;10230079;"Объединенный сервисный центр ""Новосибирск""";10279660;"Сервисный центр ""Архив"" (на правах управления)";10280102;Архив (на правах отдела) №1 г. Новосибирск;10318200;Сектор использования документов;35532787;Ведущий специалист;Первая линия;Бэк;5-А-А;0,00;в отпуске по уходу за ребенком по 25.01.2027;Новосибирск
8e181eca-112d-44a4-851c-6e48d3446a05;10110907;Подразделения центрального подчинения;10214918;Дирекция сервисных центров;10230079;"Объединенный сервисный центр ""Новосибирск""";10279660;"Сервисный центр ""Архив"" (на правах управления)";10280102;Архив (на правах отдела) №1 г. Новосибирск;10318200;Сектор использования документов;35532788;Ведущий специалист;Первая линия;Бэк;5-А-А;1,00;;Новосибирск
cc48ae2f-992c-449e-bbd7-b32992401e8f;10110907;Подразделения центрального подчинения;10214918;Дирекция сервисных центров;10230079;"Объединенный сервисный центр ""Новосибирск""";10279660;"Сервисный центр ""Архив"" (на правах управления)";10280102;Архив (на правах отдела) №1 г. Новосибирск;10318200;Сектор использования документов;35223196;Старший специалист;Первая линия;Бэк;4-А-А;1,00;;Новосибирск
b42a30f4-0fd0-47e8-bb48-e07836218d16;10110907;Подразделения центрального подчинения;10214918;Дирекция сервисных центров;10230079;"Объединенный сервисный центр ""Новосибирск""";10279660;"Сервисный центр ""Архив"" (на правах управления)";10280102;Архив (на правах отдела) №1 г. Новосибирск;10318200;Сектор использования документов;35223197;Старший специалист;Первая линия;Бэк;4-А-А;1,00;;Новосибирск
f4804f75-6427-41ea-8647-6ca21b9c183f;10110907;Подразделения центрального подчинения;10214918;Дирекция сервисных центров;10230079;"Объединенный сервисный центр ""Новосибирск""";10279660;"Сервисный центр ""Архив"" (на правах управления)";10280102;Архив (на правах отдела) №1 г. Новосибирск;10318200;Сектор использования документов;35223198;Старший специалист;Первая линия;Бэк;4-А-А;1,00;;Новосибирск
aca1a5fb-7d15-406a-9778-a388d5047f13;10110907;Подразделения центрального подчинения;10214918;Дирекция сервисных центров;10230079;"Объединенный сервисный центр ""Новосибирск""";10279660;"Сервисный центр ""Архив"" (на правах управления)";10280102;Архив (на правах отдела) №1 г. Новосибирск;10318200;Сектор использования документов;35223199;Старший специалист;Первая линия;Бэк;4-А-А;0,00;в отпуске по уходу за ребенком по 14.02.2027;Новосибирск
0ef6ac42-7994-4c72-afde-cf61bc66a22d;10110907;Подразделения центрального подчинения;10214918;Дирекция сервисных центров;10230079;"Объединенный сервисный центр ""Новосибирск""";10279660;"Сервисный центр ""Архив"" (на правах управления)";10280102;Архив (на правах отдела) №1 г. Новосибирск;10318200;Сектор использования документов;35223199;Старший специалист;Первая линия;Бэк;4-А-А;1,00;;Новосибирск
2e243575-84ef-4461-9ba4-5b94270d3b6c;10110907;Подразделения центрального подчинения;10214918;Дирекция сервисных центров;10230079;"Объединенный сервисный центр ""Новосибирск""";10279660;"Сервисный центр ""Архив"" (на правах управления)";10280102;Архив (на правах отдела) №1 г. Новосибирск;10318200;Сектор использования документов;35223201;Старший специалист;Первая линия;Бэк;4-А-А;1,00;;Новосибирск
e2e541ff-6189-4585-bea2-a0d23d3498b3;10110907;Подразделения центрального подчинения;10214918;Дирекция сервисных центров;10230079;"Объединенный сервисный центр ""Новосибирск""";10279660;"Сервисный центр ""Архив"" (на правах управления)";10280102;Архив (на правах отдела) №1 г. Новосибирск;10318200;Сектор использования документов;35223202;Старший специалист;Первая линия;Бэк;4-А-А;1,00;;Новосибирск
90eaf64e-2623-47bf-829b-2812ea389456;10110907;Подразделения центрального подчинения;10214918;Дирекция сервисных центров;10230079;"Объединенный сервисный центр ""Новосибирск""";10279660;"Сервисный центр ""Архив"" (на правах управления)";10280102;Архив (на правах отдела) №1 г. Новосибирск;10318200;Сектор использования документов;35223204;Старший специалист;Первая линия;Бэк;4-А-А;1,00;;Новосибирск
93b5794b-bf06-4a1f-8356-e149ff992fa2;10110907;Подразделения центрального подчинения;10214918;Дирекция сервисных центров;10230079;"Объединенный сервисный центр ""Новосибирск""";10279660;"Сервисный центр ""Архив"" (на правах управления)";10280102;Архив (на правах отдела) №1 г. Новосибирск;10318200;Сектор использования документов;35223205;Старший специалист;Первая линия;Бэк;4-А-А;1,00;;Новосибирск
2accada8-0dd3-4c87-ac1a-7b6291a3ebcf;10110907;Подразделения центрального подчинения;10214918;Дирекция сервисных центров;10230079;"Объединенный сервисный центр ""Новосибирск""";10279660;"Сервисный центр ""Архив"" (на правах управления)";10280102;Архив (на правах отдела) №1 г. Новосибирск;10318200;Сектор использования документов;35223206;Старший специалист;Первая линия;Бэк;4-А-А;1,00;;Новосибирск
0823599f-3dc4-4760-a0ff-023b38a38b0b;10110907;Подразделения центрального подчинения;10214918;Дирекция сервисных центров;10230079;"Объединенный сервисный центр ""Новосибирск""";10279660;"Сервисный центр ""Архив"" (на правах управления)";10280102;Архив (на правах отдела) №1 г. Новосибирск;10318200;Сектор использования документов;35223207;Старший специалист;Первая линия;Бэк;4-А-А;1,00;;Новосибирск
9ee50735-c057-4473-a910-fe56ed050327;10110907;Подразделения центрального подчинения;10214918;Дирекция сервисных центров;10230079;"Объединенный сервисный центр ""Новосибирск""";10279660;"Сервисный центр ""Архив"" (на правах управления)";10280102;Архив (на правах отдела) №1 г. Новосибирск;10318200;Сектор использования документов;35223208;Старший специалист;Первая линия;Бэк;4-А-А;1,00;;Новосибирск
14fe648f-2992-4b59-bbb8-64983cd5a3cf;10110907;Подразделения центрального подчинения;10214918;Дирекция сервисных центров;10230079;"Объединенный сервисный центр ""Новосибирск""";10279660;"Сервисный центр ""Архив"" (на правах управления)";10280102;Архив (на правах отдела) №1 г. Новосибирск;10318200;Сектор использования документов;35532789;Старший специалист;Первая линия;Бэк;4-А-А;1,00;;Новосибирск
83fcfbfb-1daf-4b6c-a6b7-a4f796502837;10110907;Подразделения центрального подчинения;10214918;Дирекция сервисных центров;10230079;"Объединенный сервисный центр ""Новосибирск""";10279660;"Сервисный центр ""Архив"" (на правах управления)";10280102;Архив (на правах отдела) №1 г. Новосибирск;10318200;Сектор использования документов;35532790;Старший специалист;Первая линия;Бэк;4-А-А;1,00;;Новосибирск
8cdbbff2-a8a4-45d3-8d84-b5ed3ebdcdce;10110907;Подразделения центрального подчинения;10214918;Дирекция сервисных центров;10230079;"Объединенный сервисный центр ""Новосибирск""";10279660;"Сервисный центр ""Архив"" (на правах управления)";10280102;Архив (на правах отдела) №1 г. Новосибирск;10318200;Сектор использования документов;35532790;Старший специалист;Первая линия;Бэк;4-А-А;0,00;в отпуске по уходу за ребенком по 20.03.2026;Новосибирск
eb940369-946a-4119-a6ab-7136ddb6bb39;10110907;Подразделения центрального подчинения;10214918;Дирекция сервисных центров;10230079;"Объединенный сервисный центр ""Новосибирск""";10279660;"Сервисный центр ""Архив"" (на правах управления)";10280102;Архив (на правах отдела) №1 г. Новосибирск;10318200;Сектор использования документов;35532791;Старший специалист;Первая линия;Бэк;4-А-А;1,00;;Новосибирск
b2f615e9-78c9-4e1b-852b-4377ff8ec448;10110907;Подразделения центрального подчинения;10214918;Дирекция сервисных центров;10230079;"Объединенный сервисный центр ""Новосибирск""";10279660;"Сервисный центр ""Архив"" (на правах управления)";10280102;Архив (на правах отдела) №1 г. Новосибирск;10318200;Сектор использования документов;35532792;Старший специалист;Первая линия;Бэк;4-А-А;1,00;;Новосибирск
63c101ce-bbf9-4af4-80e4-459086c96c0c;10110907;Подразделения центрального подчинения;10214918;Дирекция сервисных центров;10230079;"Объединенный сервисный центр ""Новосибирск""";10279660;"Сервисный центр ""Архив"" (на правах управления)";10280102;Архив (на правах отдела) №1 г. Новосибирск;10360929;Сектор комплектования документов;35689983;Начальник сектора;Первая линия;Мидл;8-А-А;1,00;;Новосибирск
2c79bbe7-b515-4f50-b62e-415b90fd3793;10110907;Подразделения центрального подчинения;10214918;Дирекция сервисных центров;10230079;"Объединенный сервисный центр ""Новосибирск""";10279660;"Сервисный центр ""Архив"" (на правах управления)";10280102;Архив (на правах отдела) №1 г. Новосибирск;10360929;Сектор комплектования документов;35689984;Главный специалист;Первая линия;Бэк;7-А-А;1,00;;Новосибирск
5fddb2fd-6125-4904-abd5-30c6723662f0;10110907;Подразделения центрального подчинения;10214918;Дирекция сервисных центров;10230079;"Объединенный сервисный центр ""Новосибирск""";10279660;"Сервисный центр ""Архив"" (на правах управления)";10280102;Архив (на правах отдела) №1 г. Новосибирск;10360929;Сектор комплектования документов;35689985;Главный специалист;Первая линия;Бэк;7-А-А;0,00;в отпуске по уходу за ребенком по 27.02.2027;Новосибирск
db1e7f74-a282-4c22-a51d-6901788c12cb;10110907;Подразделения центрального подчинения;10214918;Дирекция сервисных центров;10230079;"Объединенный сервисный центр ""Новосибирск""";10279660;"Сервисный центр ""Архив"" (на правах управления)";10280102;Архив (на правах отдела) №1 г. Новосибирск;10360929;Сектор комплектования документов;35689985;Главный специалист;Первая линия;Бэк;7-А-А;1,00;;Новосибирск
d6088e58-e415-41bf-a379-ac2659c9c99b;10110907;Подразделения центрального подчинения;10214918;Дирекция сервисных центров;10230079;"Объединенный сервисный центр ""Новосибирск""";10279660;"Сервисный центр ""Архив"" (на правах управления)";10280102;Архив (на правах отдела) №1 г. Новосибирск;10360929;Сектор комплектования документов;35689986;Главный специалист;Первая линия;Бэк;7-А-А;1,00;;Новосибирск
96bdca46-c32b-410f-91f1-af44f9a188ba;10110907;Подразделения центрального подчинения;10214918;Дирекция сервисных центров;10230079;"Объединенный сервисный центр ""Новосибирск""";10279660;"Сервисный центр ""Архив"" (на правах управления)";10280102;Архив (на правах отдела) №1 г. Новосибирск;10360929;Сектор комплектования документов;35689987;Ведущий специалист;Первая линия;Бэк;5-А-А;1,00;;Новосибирск
41a7a1f7-e3d7-4bfa-a63a-356bd25cc96f;10110907;Подразделения центрального подчинения;10214918;Дирекция сервисных центров;10230079;"Объединенный сервисный центр ""Новосибирск""";10279660;"Сервисный центр ""Архив"" (на правах управления)";10280102;Архив (на правах отдела) №1 г. Новосибирск;10360929;Сектор комплектования документов;35689988;Ведущий специалист;Первая линия;Бэк;5-А-А;1,00;;Новосибирск
049c85ba-ccac-475a-9e67-61f0ccafac39;10110907;Подразделения центрального подчинения;10214918;Дирекция сервисных центров;10230079;"Объединенный сервисный центр ""Новосибирск""";10279660;"Сервисный центр ""Архив"" (на правах управления)";10280102;Архив (на правах отдела) №1 г. Новосибирск;10360929;Сектор комплектования документов;35689989;Ведущий специалист;Первая линия;Бэк;5-А-А;1,00;;Новосибирск
2714b8b8-5069-4d92-86c4-f1c933d93ae9;10110907;Подразделения центрального подчинения;10214918;Дирекция сервисных центров;10230079;"Объединенный сервисный центр ""Новосибирск""";10279660;"Сервисный центр ""Архив"" (на правах управления)";10280102;Архив (на правах отдела) №1 г. Новосибирск;10360929;Сектор комплектования документов;35689990;Ведущий специалист;Первая линия;Бэк;5-А-А;1,00;;Новосибирск
7cd282b2-d26c-4bd3-89ff-d9668626ef68;10110907;Подразделения центрального подчинения;10214918;Дирекция сервисных центров;10230079;"Объединенный сервисный центр ""Новосибирск""";10279660;"Сервисный центр ""Архив"" (на правах управления)";10280102;Архив (на правах отдела) №1 г. Новосибирск;10360929;Сектор комплектования документов;35689991;Ведущий специалист;Первая линия;Бэк;5-А-А;1,00;;Новосибирск
3d20f4d8-a345-47fe-b02e-9b4a08825d14;10110907;Подразделения центрального подчинения;10214918;Дирекция сервисных центров;10230079;"Объединенный сервисный центр ""Новосибирск""";10279660;"Сервисный центр ""Архив"" (на правах управления)";10280102;Архив (на правах отдела) №1 г. Новосибирск;10360929;Сектор комплектования документов;35689992;Ведущий специалист;Первая линия;Бэк;5-А-А;1,00;;Новосибирск
ad2f9ab5-2ceb-4866-835c-3b2ff3e7c502;10110907;Подразделения центрального подчинения;10214918;Дирекция сервисных центров;10230079;"Объединенный сервисный центр ""Новосибирск""";10279660;"Сервисный центр ""Архив"" (на правах управления)";10280102;Архив (на правах отдела) №1 г. Новосибирск;10360929;Сектор комплектования документов;35689993;Ведущий специалист;Первая линия;Бэк;5-А-А;1,00;;Новосибирск
0d9c8294-24b7-4926-ae1b-baf3d4bb6e95;10110907;Подразделения центрального подчинения;10214918;Дирекция сервисных центров;10230079;"Объединенный сервисный центр ""Новосибирск""";10279660;"Сервисный центр ""Архив"" (на правах управления)";10280102;Архив (на правах отдела) №1 г. Новосибирск;10360929;Сектор комплектования документов;35689994;Ведущий специалист;Первая линия;Бэк;5-А-А;1,00;;Новосибирск
a2323991-1459-4203-a94b-420bbedec865;10110907;Подразделения центрального подчинения;10214918;Дирекция сервисных центров;10230079;"Объединенный сервисный центр ""Новосибирск""";10279660;"Сервисный центр ""Архив"" (на правах управления)";10280102;Архив (на правах отдела) №1 г. Новосибирск;10360929;Сектор комплектования документов;35689995;Ведущий специалист;Первая линия;Бэк;5-А-А;0,00;в отпуске по БИР до 15.03.2026;Новосибирск
403cbe09-a6aa-4b41-8cb3-0b73aed5927a;10110907;Подразделения центрального подчинения;10214918;Дирекция сервисных центров;10230079;"Объединенный сервисный центр ""Новосибирск""";10279660;"Сервисный центр ""Архив"" (на правах управления)";10280102;Архив (на правах отдела) №1 г. Новосибирск;10360929;Сектор комплектования документов;35689995;Ведущий специалист;Первая линия;Бэк;5-А-А;1,00;;Новосибирск
33ff29f6-4421-497f-9e51-86211e0575a9;10110907;Подразделения центрального подчинения;10214918;Дирекция сервисных центров;10230079;"Объединенный сервисный центр ""Новосибирск""";10279660;"Сервисный центр ""Архив"" (на правах управления)";10280102;Архив (на правах отдела) №1 г. Новосибирск;10360929;Сектор комплектования документов;35689996;Ведущий специалист;Первая линия;Бэк;5-А-А;1,00;;Новосибирск
d669bfe7-fd3b-430a-91a4-a81c14c0ea84;10110907;Подразделения центрального подчинения;10214918;Дирекция сервисных центров;10230079;"Объединенный сервисный центр ""Новосибирск""";10279660;"Сервисный центр ""Архив"" (на правах управления)";10280102;Архив (на правах отдела) №1 г. Новосибирск;10360929;Сектор комплектования документов;35689997;Ведущий специалист;Первая линия;Бэк;5-А-А;1,00;;Новосибирск
eedc005a-b0b2-4bad-8c4c-71282f791c39;10110907;Подразделения центрального подчинения;10214918;Дирекция сервисных центров;10230079;"Объединенный сервисный центр ""Новосибирск""";10279660;"Сервисный центр ""Архив"" (на правах управления)";10280102;Архив (на правах отдела) №1 г. Новосибирск;10360929;Сектор комплектования документов;35689998;Старший специалист;Первая линия;Бэк;4-А-А;1,00;;Новосибирск
2362ab3c-21c2-44a4-996a-07b8f6943e0d;10110907;Подразделения центрального подчинения;10214918;Дирекция сервисных центров;10230079;"Объединенный сервисный центр ""Новосибирск""";10279660;"Сервисный центр ""Архив"" (на правах управления)";10280102;Архив (на правах отдела) №1 г. Новосибирск;10360929;Сектор комплектования документов;35689999;Старший специалист;Первая линия;Бэк;4-А-А;1,00;;Новосибирск
6d84c168-4a72-4a72-9982-9a465a7fef16;10110907;Подразделения центрального подчинения;10214918;Дирекция сервисных центров;10230079;"Объединенный сервисный центр ""Новосибирск""";10279660;"Сервисный центр ""Архив"" (на правах управления)";10280102;Архив (на правах отдела) №1 г. Новосибирск;10360929;Сектор комплектования документов;35690075;Старший специалист;Первая линия;Бэк;4-А-А;1,00;;Новосибирск
dd6eb429-8f8f-494d-a32a-d42c57415f01;10110907;Подразделения центрального подчинения;10214918;Дирекция сервисных центров;10230079;"Объединенный сервисный центр ""Новосибирск""";10279660;"Сервисный центр ""Архив"" (на правах управления)";10280102;Архив (на правах отдела) №1 г. Новосибирск;10360929;Сектор комплектования документов;35690076;Старший специалист;Первая линия;Бэк;4-А-А;1,00;;Новосибирск
dc56561a-efed-4aa8-b608-fa8bf416f63a;10110907;Подразделения центрального подчинения;10214918;Дирекция сервисных центров;10230079;"Объединенный сервисный центр ""Новосибирск""";10279660;"Сервисный центр ""Архив"" (на правах управления)";10280102;Архив (на правах отдела) №1 г. Новосибирск;10360929;Сектор комплектования документов;35690077;Старший специалист;Первая линия;Бэк;4-А-А;1,00;;Новосибирск
be0d2adb-619f-41d0-877f-2c19f9296679;10110907;Подразделения центрального подчинения;10214918;Дирекция сервисных центров;10230079;"Объединенный сервисный центр ""Новосибирск""";10279660;"Сервисный центр ""Архив"" (на правах управления)";10280102;Архив (на правах отдела) №1 г. Новосибирск;10360929;Сектор комплектования документов;35690078;Старший специалист;Первая линия;Бэк;4-А-А;1,00;;Новосибирск
3e271bbb-fc78-4299-b9fc-f23f1592b225;10110907;Подразделения центрального подчинения;10214918;Дирекция сервисных центров;10230079;"Объединенный сервисный центр ""Новосибирск""";10279660;"Сервисный центр ""Архив"" (на правах управления)";10280102;Архив (на правах отдела) №1 г. Новосибирск;10360929;Сектор комплектования документов;35690079;Старший специалист;Первая линия;Бэк;4-А-А;1,00;;Новосибирск
0e96a766-7be7-4941-b636-05653318ce65;10110907;Подразделения центрального подчинения;10214918;Дирекция сервисных центров;10230079;"Объединенный сервисный центр ""Новосибирск""";10279660;"Сервисный центр ""Архив"" (на правах управления)";10280102;Архив (на правах отдела) №1 г. Новосибирск;10360929;Сектор комплектования документов;35690080;Старший специалист;Первая линия;Бэк;4-А-А;1,00;;Новосибирск
aa174262-e2d4-4a65-bece-027029c9fedd;10110907;Подразделения центрального подчинения;10214918;Дирекция сервисных центров;10230079;"Объединенный сервисный центр ""Новосибирск""";10279660;"Сервисный центр ""Архив"" (на правах управления)";10280102;Архив (на правах отдела) №1 г. Новосибирск;10360929;Сектор комплектования документов;35690081;Старший специалист;Первая линия;Бэк;4-А-А;1,00;;Новосибирск
4908fcd8-8210-4735-8999-54d03688d8e3;10110907;Подразделения центрального подчинения;10214918;Дирекция сервисных центров;10230079;"Объединенный сервисный центр ""Новосибирск""";10279660;"Сервисный центр ""Архив"" (на правах управления)";10280102;Архив (на правах отдела) №1 г. Новосибирск;10360929;Сектор комплектования документов;35690082;Старший специалист;Первая линия;Бэк;4-А-А;1,00;;Новосибирск
0adcd999-ba03-4946-8982-b34c1fc1509e;10110907;Подразделения центрального подчинения;10214918;Дирекция сервисных центров;10230079;"Объединенный сервисный центр ""Новосибирск""";10279660;"Сервисный центр ""Архив"" (на правах управления)";10280102;Архив (на правах отдела) №1 г. Новосибирск;10360929;Сектор комплектования документов;35690083;Старший специалист;Первая линия;Бэк;4-А-А;1,00;;Новосибирск
da3404b2-0e9b-4a49-8f41-5fefc6c4646d;10110907;Подразделения центрального подчинения;10214918;Дирекция сервисных центров;10230079;"Объединенный сервисный центр ""Новосибирск""";10279660;"Сервисный центр ""Архив"" (на правах управления)";10280102;Архив (на правах отдела) №1 г. Новосибирск;10360929;Сектор комплектования документов;35690083;Старший специалист;Первая линия;Бэк;4-А-А;0,00;в отпуске по уходу за ребенком по 11.08.2026;Новосибирск
8c35b129-0e11-4c13-9bf3-763889fa36bb;10110907;Подразделения центрального подчинения;10214918;Дирекция сервисных центров;10230079;"Объединенный сервисный центр ""Новосибирск""";10279660;"Сервисный центр ""Архив"" (на правах управления)";10280102;Архив (на правах отдела) №1 г. Новосибирск;10360929;Сектор комплектования документов;35690084;Старший специалист;Первая линия;Бэк;4-А-А;1,00;;Новосибирск
776ae505-47aa-4489-8027-a84e8e1e3c46;10110907;Подразделения центрального подчинения;10214918;Дирекция сервисных центров;10230079;"Объединенный сервисный центр ""Новосибирск""";10279660;"Сервисный центр ""Архив"" (на правах управления)";10280102;Архив (на правах отдела) №1 г. Новосибирск;10360929;Сектор комплектования документов;35690085;Старший специалист;Первая линия;Бэк;4-А-А;1,00;;Новосибирск
38214a49-c296-42b6-9a1e-350548898ea2;10110907;Подразделения центрального подчинения;10214918;Дирекция сервисных центров;10230079;"Объединенный сервисный центр ""Новосибирск""";10279660;"Сервисный центр ""Архив"" (на правах управления)";10280102;Архив (на правах отдела) №1 г. Новосибирск;10360929;Сектор комплектования документов;35690086;Старший специалист;Первая линия;Бэк;4-А-А;0,00;в отпуске по уходу за ребенком по 16.11.2026;Новосибирск
d7da247d-f3b1-49bc-8f7a-815f04a123ae;10110907;Подразделения центрального подчинения;10214918;Дирекция сервисных центров;10230079;"Объединенный сервисный центр ""Новосибирск""";10279660;"Сервисный центр ""Архив"" (на правах управления)";10280102;Архив (на правах отдела) №1 г. Новосибирск;10360929;Сектор комплектования документов;35690086;Старший специалист;Первая линия;Бэк;4-А-А;1,00;;Новосибирск
0a027572-1c21-4a49-aa23-042d6cd91372;10110907;Подразделения центрального подчинения;10214918;Дирекция сервисных центров;10230079;"Объединенный сервисный центр ""Новосибирск""";10279660;"Сервисный центр ""Архив"" (на правах управления)";10280102;Архив (на правах отдела) №1 г. Новосибирск;10360929;Сектор комплектования документов;35690087;Старший специалист;Первая линия;Бэк;4-А-А;1,00;;Новосибирск
ae60217f-31eb-4217-b0ee-b13a926c4398;10110907;Подразделения центрального подчинения;10214918;Дирекция сервисных центров;10230079;"Объединенный сервисный центр ""Новосибирск""";10279660;"Сервисный центр ""Архив"" (на правах управления)";10280102;Архив (на правах отдела) №1 г. Новосибирск;10360929;Сектор комплектования документов;35690088;Старший специалист;Первая линия;Бэк;4-А-А;1,00;;Новосибирск
abb36dc7-f99a-436f-8086-ccd0c8502666;10110907;Подразделения центрального подчинения;10214918;Дирекция сервисных центров;10230079;"Объединенный сервисный центр ""Новосибирск""";10279660;"Сервисный центр ""Архив"" (на правах управления)";10280102;Архив (на правах отдела) №1 г. Новосибирск;10360929;Сектор комплектования документов;35690089;Старший специалист;Первая линия;Бэк;4-А-А;1,00;;Новосибирск
1711589a-e951-4187-8d06-520449380cf8;10110907;Подразделения центрального подчинения;10214918;Дирекция сервисных центров;10230079;"Объединенный сервисный центр ""Новосибирск""";10279660;"Сервисный центр ""Архив"" (на правах управления)";10280102;Архив (на правах отдела) №1 г. Новосибирск;10360929;Сектор комплектования документов;35690090;Старший специалист;Первая линия;Бэк;4-А-А;1,00;;Новосибирск
2b16c42e-9cba-46d5-bfa5-7d9ea961b408;10110907;Подразделения центрального подчинения;10214918;Дирекция сервисных центров;10230079;"Объединенный сервисный центр ""Новосибирск""";10279660;"Сервисный центр ""Архив"" (на правах управления)";10280102;Архив (на правах отдела) №1 г. Новосибирск;10360929;Сектор комплектования документов;35690091;Старший специалист;Первая линия;Бэк;4-А-А;1,00;;Новосибирск
b95d84b8-c69b-4a2f-bae5-87ce2de54528;10110907;Подразделения центрального подчинения;10214918;Дирекция сервисных центров;10230079;"Объединенный сервисный центр ""Новосибирск""";10279660;"Сервисный центр ""Архив"" (на правах управления)";10280102;Архив (на правах отдела) №1 г. Новосибирск;10360929;Сектор комплектования документов;35690092;Старший специалист;Первая линия;Бэк;4-А-А;1,00;;Новосибирск
32891957-a75f-4dbb-aa03-4df149c6e353;10110907;Подразделения центрального подчинения;10214918;Дирекция сервисных центров;10230079;"Объединенный сервисный центр ""Новосибирск""";10279660;"Сервисный центр ""Архив"" (на правах управления)";10280102;Архив (на правах отдела) №1 г. Новосибирск;10360929;Сектор комплектования документов;35690093;Старший специалист;Первая линия;Бэк;4-А-А;1,00;;Новосибирск
4c985e72-f97c-4728-873f-477066220a07;10110907;Подразделения центрального подчинения;10214918;Дирекция сервисных центров;10230079;"Объединенный сервисный центр ""Новосибирск""";10279660;"Сервисный центр ""Архив"" (на правах управления)";10280102;Архив (на правах отдела) №1 г. Новосибирск;10360929;Сектор комплектования документов;35690094;Старший специалист;Первая линия;Бэк;4-А-А;1,00;;Новосибирск
